 ========================================================
       E/V           P              n           eps      
    (MeV/fm3)     (MeV/fm3)      (#/fm3)    (erg/cm^3/s) 
 ========================================================
   0.43755E-11   0.63039E-25   0.47000E-14   0.00000E+00
   0.44091E-11   0.63039E-24   0.47300E-14   0.00000E+00
   0.44316E-11   0.63039E-23   0.47600E-14   0.00000E+00
   0.45718E-11   0.63039E-22   0.49100E-14   0.00000E+00
   0.65071E-11   0.75522E-21   0.69900E-14   0.00000E+00
   0.91997E-11   0.87381E-20   0.99000E-14   0.00000E+00
   0.25299E-10   0.10611E-18   0.27200E-13   0.00000E+00
   0.11892E-09   0.36326E-17   0.12700E-12   0.00000E+00
   0.64510E-09   0.11859E-15   0.69300E-12   0.00000E+00
   0.58564E-08   0.60817E-14   0.62950E-11   0.00000E+00
   0.14708E-07   0.31008E-13   0.15810E-10   0.00000E+00
   0.36950E-07   0.15173E-12   0.39720E-10   0.00000E+00
   0.92783E-07   0.71840E-12   0.99760E-10   0.00000E+00
   0.23313E-06   0.32868E-11   0.25060E-09   0.00000E+00
   0.58564E-06   0.14468E-10   0.62940E-09   0.00000E+00
   0.14708E-05   0.60886E-10   0.15810E-08   0.00000E+00
   0.36956E-05   0.24411E-09   0.39720E-08   0.00000E+00
   0.46520E-05   0.32824E-09   0.50000E-08   0.00000E+00
   0.92839E-05   0.89566E-09   0.99760E-08   0.00000E+00
   0.18523E-04   0.23924E-08   0.19900E-07   0.00000E+00
   0.36962E-04   0.62790E-08   0.39720E-07   0.00000E+00
   0.73766E-04   0.16253E-07   0.79240E-07   0.00000E+00
   0.14720E-03   0.41668E-07   0.15810E-06   0.00000E+00
   0.18534E-03   0.54538E-07   0.19900E-06   0.00000E+00
   0.29377E-03   0.10167E-06   0.31550E-06   0.00000E+00
   0.46565E-03   0.18906E-06   0.50000E-06   0.00000E+00
   0.58620E-03   0.25771E-06   0.62940E-06   0.00000E+00
   0.72252E-03   0.31432E-06   0.77530E-06   0.00000E+00
   0.90931E-03   0.42817E-06   0.97610E-06   0.00000E+00
   0.14417E-02   0.79392E-06   0.15470E-05   0.00000E+00
   0.22853E-02   0.14705E-05   0.24520E-05   0.00000E+00
   0.37035E-02   0.27225E-05   0.39710E-05   0.00000E+00
   0.45017E-02   0.35339E-05   0.48270E-05   0.00000E+00
   0.56713E-02   0.48072E-05   0.60770E-05   0.00000E+00
   0.71410E-02   0.65411E-05   0.76530E-05   0.00000E+00
   0.93119E-02   0.88942E-05   0.99810E-05   0.00000E+00
   0.11878E-01   0.12096E-04   0.12725E-04   0.00000E+00
   0.14759E-01   0.15622E-04   0.15810E-04   0.00000E+00
   0.18590E-01   0.21246E-04   0.19900E-04   0.00000E+00
   0.23403E-01   0.28886E-04   0.25060E-04   0.00000E+00
   0.29478E-01   0.37131E-04   0.31545E-04   0.00000E+00
   0.37119E-01   0.50488E-04   0.39710E-04   0.00000E+00
   0.46756E-01   0.68657E-04   0.50014E-04   0.00000E+00
   0.60359E-01   0.93311E-04   0.64550E-04   0.00000E+00
   0.77973E-01   0.12689E-03   0.83310E-04   0.00000E+00
   0.95980E-01   0.16209E-03   0.10250E-03   0.00000E+00
   0.10406E+00   0.18050E-03   0.11115E-03   0.00000E+00
   0.11466E+00   0.20535E-03   0.12240E-03   0.00000E+00
   0.14781E+00   0.27918E-03   0.15780E-03   0.00000E+00
   0.18427E+00   0.36301E-03   0.19660E-03   0.00000E+00
   0.22074E+00   0.43684E-03   0.23550E-03   0.00000E+00
   0.37539E+00   0.54551E-03   0.40000E-03   0.00000E+00
   0.56320E+00   0.78705E-03   0.60000E-03   0.00000E+00
   0.82573E+00   0.10579E-02   0.87900E-03   0.00000E+00
   0.14950E+01   0.16459E-02   0.15900E-02   0.00000E+00
   0.35099E+01   0.38654E-02   0.37300E-02   0.00000E+00
   0.54329E+01   0.69094E-02   0.57700E-02   0.00000E+00
   0.83919E+01   0.13082E-01   0.89100E-02   0.00000E+00
   0.19252E+02   0.46349E-01   0.20400E-01   0.00000E+00
   0.44938E+02   0.17133E+00   0.47500E-01   0.00000E+00
   0.49112E+02   0.25403E+00   0.52028E-01   0.00000E+00
   0.49302E+02   0.25694E+00   0.52228E-01   0.00000E+00
   0.49492E+02   0.25986E+00   0.52428E-01   0.00000E+00
   0.49682E+02   0.26280E+00   0.52628E-01   0.00000E+00
   0.49871E+02   0.26577E+00   0.52828E-01   0.00000E+00
   0.50061E+02   0.26875E+00   0.53028E-01   0.00000E+00
   0.50251E+02   0.27176E+00   0.53228E-01   0.00000E+00
   0.50441E+02   0.27479E+00   0.53428E-01   0.00000E+00
   0.50631E+02   0.27784E+00   0.53628E-01   0.00000E+00
   0.50821E+02   0.28092E+00   0.53828E-01   0.00000E+00
   0.51010E+02   0.28401E+00   0.54028E-01   0.00000E+00
   0.51200E+02   0.28713E+00   0.54228E-01   0.00000E+00
   0.51390E+02   0.29027E+00   0.54428E-01   0.00000E+00
   0.51580E+02   0.29343E+00   0.54628E-01   0.00000E+00
   0.51770E+02   0.29661E+00   0.54828E-01   0.00000E+00
   0.51960E+02   0.29982E+00   0.55028E-01   0.00000E+00
   0.52150E+02   0.30304E+00   0.55228E-01   0.00000E+00
   0.52340E+02   0.30629E+00   0.55428E-01   0.00000E+00
   0.52530E+02   0.30956E+00   0.55628E-01   0.00000E+00
   0.52720E+02   0.31286E+00   0.55828E-01   0.00000E+00
   0.52910E+02   0.31617E+00   0.56028E-01   0.00000E+00
   0.53100E+02   0.31951E+00   0.56228E-01   0.00000E+00
   0.53290E+02   0.32287E+00   0.56428E-01   0.00000E+00
   0.53480E+02   0.32625E+00   0.56628E-01   0.00000E+00
   0.53670E+02   0.32966E+00   0.56828E-01   0.00000E+00
   0.53860E+02   0.33308E+00   0.57028E-01   0.00000E+00
   0.54050E+02   0.33653E+00   0.57228E-01   0.00000E+00
   0.54240E+02   0.34001E+00   0.57428E-01   0.00000E+00
   0.54430E+02   0.34350E+00   0.57628E-01   0.00000E+00
   0.54620E+02   0.34702E+00   0.57828E-01   0.00000E+00
   0.54810E+02   0.35056E+00   0.58028E-01   0.00000E+00
   0.55001E+02   0.35412E+00   0.58228E-01   0.00000E+00
   0.55191E+02   0.35771E+00   0.58428E-01   0.00000E+00
   0.55381E+02   0.36131E+00   0.58628E-01   0.00000E+00
   0.55571E+02   0.36495E+00   0.58828E-01   0.00000E+00
   0.55761E+02   0.36860E+00   0.59028E-01   0.00000E+00
   0.55951E+02   0.37228E+00   0.59228E-01   0.00000E+00
   0.56142E+02   0.37598E+00   0.59428E-01   0.00000E+00
   0.56332E+02   0.37970E+00   0.59628E-01   0.00000E+00
   0.56522E+02   0.38344E+00   0.59828E-01   0.00000E+00
   0.56712E+02   0.38721E+00   0.60028E-01   0.00000E+00
   0.56903E+02   0.39100E+00   0.60228E-01   0.00000E+00
   0.57093E+02   0.39482E+00   0.60428E-01   0.00000E+00
   0.57283E+02   0.39866E+00   0.60628E-01   0.00000E+00
   0.57473E+02   0.40252E+00   0.60828E-01   0.00000E+00
   0.57664E+02   0.40640E+00   0.61028E-01   0.00000E+00
   0.57854E+02   0.41031E+00   0.61228E-01   0.00000E+00
   0.58044E+02   0.41424E+00   0.61428E-01   0.00000E+00
   0.58235E+02   0.41820E+00   0.61628E-01   0.00000E+00
   0.58425E+02   0.42218E+00   0.61828E-01   0.00000E+00
   0.58615E+02   0.42618E+00   0.62028E-01   0.00000E+00
   0.58806E+02   0.43020E+00   0.62228E-01   0.00000E+00
   0.58996E+02   0.43425E+00   0.62428E-01   0.00000E+00
   0.59187E+02   0.43832E+00   0.62628E-01   0.00000E+00
   0.59377E+02   0.44242E+00   0.62828E-01   0.00000E+00
   0.59567E+02   0.44654E+00   0.63028E-01   0.00000E+00
   0.59758E+02   0.45068E+00   0.63228E-01   0.00000E+00
   0.59948E+02   0.45485E+00   0.63428E-01   0.00000E+00
   0.60139E+02   0.45904E+00   0.63628E-01   0.00000E+00
   0.60329E+02   0.46325E+00   0.63828E-01   0.00000E+00
   0.60520E+02   0.46749E+00   0.64028E-01   0.00000E+00
   0.60710E+02   0.47175E+00   0.64228E-01   0.00000E+00
   0.60901E+02   0.47603E+00   0.64428E-01   0.00000E+00
   0.61091E+02   0.48034E+00   0.64628E-01   0.00000E+00
   0.61282E+02   0.48468E+00   0.64828E-01   0.00000E+00
   0.61472E+02   0.48903E+00   0.65028E-01   0.00000E+00
   0.61663E+02   0.49342E+00   0.65228E-01   0.00000E+00
   0.61854E+02   0.49782E+00   0.65428E-01   0.00000E+00
   0.62044E+02   0.50225E+00   0.65628E-01   0.00000E+00
   0.62235E+02   0.50670E+00   0.65828E-01   0.00000E+00
   0.62425E+02   0.51118E+00   0.66028E-01   0.00000E+00
   0.62616E+02   0.51568E+00   0.66228E-01   0.00000E+00
   0.62807E+02   0.52021E+00   0.66428E-01   0.00000E+00
   0.62997E+02   0.52476E+00   0.66628E-01   0.00000E+00
   0.63188E+02   0.52933E+00   0.66828E-01   0.00000E+00
   0.63379E+02   0.53393E+00   0.67028E-01   0.00000E+00
   0.63569E+02   0.53856E+00   0.67228E-01   0.00000E+00
   0.63760E+02   0.54320E+00   0.67428E-01   0.00000E+00
   0.63951E+02   0.54788E+00   0.67628E-01   0.00000E+00
   0.64142E+02   0.55257E+00   0.67828E-01   0.00000E+00
   0.64332E+02   0.55729E+00   0.68028E-01   0.00000E+00
   0.64523E+02   0.56204E+00   0.68228E-01   0.00000E+00
   0.64714E+02   0.56681E+00   0.68428E-01   0.00000E+00
   0.64905E+02   0.57160E+00   0.68628E-01   0.00000E+00
   0.65096E+02   0.57642E+00   0.68828E-01   0.00000E+00
   0.65287E+02   0.58127E+00   0.69028E-01   0.00000E+00
   0.65477E+02   0.58613E+00   0.69228E-01   0.00000E+00
   0.65668E+02   0.59103E+00   0.69428E-01   0.00000E+00
   0.65859E+02   0.59595E+00   0.69628E-01   0.00000E+00
   0.66050E+02   0.60089E+00   0.69828E-01   0.00000E+00
   0.66241E+02   0.60585E+00   0.70028E-01   0.00000E+00
   0.66432E+02   0.61085E+00   0.70228E-01   0.00000E+00
   0.66623E+02   0.61586E+00   0.70428E-01   0.00000E+00
   0.66814E+02   0.62090E+00   0.70628E-01   0.00000E+00
   0.67005E+02   0.62597E+00   0.70828E-01   0.00000E+00
   0.67196E+02   0.63106E+00   0.71028E-01   0.00000E+00
   0.67387E+02   0.63618E+00   0.71228E-01   0.00000E+00
   0.67578E+02   0.64132E+00   0.71428E-01   0.00000E+00
   0.67769E+02   0.64649E+00   0.71628E-01   0.00000E+00
   0.67960E+02   0.65168E+00   0.71828E-01   0.00000E+00
   0.68151E+02   0.65689E+00   0.72028E-01   0.00000E+00
   0.68342E+02   0.66213E+00   0.72228E-01   0.00000E+00
   0.68533E+02   0.66740E+00   0.72428E-01   0.00000E+00
   0.68724E+02   0.67269E+00   0.72628E-01   0.00000E+00
   0.68915E+02   0.67801E+00   0.72828E-01   0.00000E+00
   0.69106E+02   0.68335E+00   0.73028E-01   0.00000E+00
   0.69297E+02   0.68872E+00   0.73228E-01   0.00000E+00
   0.69489E+02   0.69411E+00   0.73428E-01   0.00000E+00
   0.69680E+02   0.69953E+00   0.73628E-01   0.00000E+00
   0.69871E+02   0.70497E+00   0.73828E-01   0.00000E+00
   0.70062E+02   0.71044E+00   0.74028E-01   0.00000E+00
   0.70253E+02   0.71593E+00   0.74228E-01   0.00000E+00
   0.70445E+02   0.72145E+00   0.74428E-01   0.00000E+00
   0.70636E+02   0.72699E+00   0.74628E-01   0.00000E+00
   0.70827E+02   0.73256E+00   0.74828E-01   0.00000E+00
   0.71018E+02   0.73816E+00   0.75028E-01   0.00000E+00
   0.71210E+02   0.74378E+00   0.75228E-01   0.00000E+00
   0.71401E+02   0.74942E+00   0.75428E-01   0.00000E+00
   0.71592E+02   0.75510E+00   0.75628E-01   0.00000E+00
   0.71784E+02   0.76079E+00   0.75828E-01   0.00000E+00
   0.71975E+02   0.76652E+00   0.76028E-01   0.00000E+00
   0.72166E+02   0.77226E+00   0.76228E-01   0.00000E+00
   0.72358E+02   0.77804E+00   0.76428E-01   0.00000E+00
   0.72549E+02   0.78384E+00   0.76628E-01   0.00000E+00
   0.72740E+02   0.78966E+00   0.76828E-01   0.00000E+00
   0.72932E+02   0.79551E+00   0.77028E-01   0.00000E+00
   0.73123E+02   0.80139E+00   0.77228E-01   0.00000E+00
   0.73315E+02   0.80729E+00   0.77428E-01   0.00000E+00
   0.73506E+02   0.81322E+00   0.77628E-01   0.00000E+00
   0.73698E+02   0.81918E+00   0.77828E-01   0.00000E+00
   0.73889E+02   0.82516E+00   0.78028E-01   0.00000E+00
   0.74081E+02   0.83116E+00   0.78228E-01   0.00000E+00
   0.74272E+02   0.83720E+00   0.78428E-01   0.00000E+00
   0.74464E+02   0.84325E+00   0.78628E-01   0.00000E+00
   0.74655E+02   0.84934E+00   0.78828E-01   0.00000E+00
   0.74847E+02   0.85545E+00   0.79028E-01   0.00000E+00
   0.75039E+02   0.86158E+00   0.79228E-01   0.00000E+00
   0.75230E+02   0.86775E+00   0.79428E-01   0.00000E+00
   0.75422E+02   0.87394E+00   0.79628E-01   0.00000E+00
   0.75613E+02   0.88015E+00   0.79828E-01   0.00000E+00
   0.75805E+02   0.88639E+00   0.80028E-01   0.00000E+00
   0.75997E+02   0.89266E+00   0.80228E-01   0.00000E+00
   0.76188E+02   0.89895E+00   0.80428E-01   0.00000E+00
   0.76380E+02   0.90527E+00   0.80628E-01   0.00000E+00
   0.76572E+02   0.91162E+00   0.80828E-01   0.00000E+00
   0.76764E+02   0.91799E+00   0.81028E-01   0.00000E+00
   0.76955E+02   0.92439E+00   0.81228E-01   0.00000E+00
   0.77147E+02   0.93081E+00   0.81428E-01   0.00000E+00
   0.77339E+02   0.93726E+00   0.81628E-01   0.00000E+00
   0.77531E+02   0.94374E+00   0.81828E-01   0.00000E+00
   0.77722E+02   0.95024E+00   0.82028E-01   0.00000E+00
   0.77914E+02   0.95677E+00   0.82228E-01   0.00000E+00
   0.78106E+02   0.96333E+00   0.82428E-01   0.00000E+00
   0.78298E+02   0.96991E+00   0.82628E-01   0.00000E+00
   0.78490E+02   0.97652E+00   0.82828E-01   0.00000E+00
   0.78682E+02   0.98316E+00   0.83028E-01   0.00000E+00
   0.78874E+02   0.98982E+00   0.83228E-01   0.00000E+00
   0.79066E+02   0.99651E+00   0.83428E-01   0.00000E+00
   0.79258E+02   0.10032E+01   0.83628E-01   0.00000E+00
   0.79450E+02   0.10100E+01   0.83828E-01   0.00000E+00
   0.79641E+02   0.10167E+01   0.84028E-01   0.00000E+00
   0.79833E+02   0.10235E+01   0.84228E-01   0.00000E+00
   0.80025E+02   0.10303E+01   0.84428E-01   0.00000E+00
   0.80217E+02   0.10372E+01   0.84628E-01   0.00000E+00
   0.80410E+02   0.10441E+01   0.84828E-01   0.00000E+00
   0.80602E+02   0.10510E+01   0.85028E-01   0.00000E+00
   0.80794E+02   0.10579E+01   0.85228E-01   0.00000E+00
   0.80986E+02   0.10648E+01   0.85428E-01   0.00000E+00
   0.81178E+02   0.10718E+01   0.85628E-01   0.00000E+00
   0.81370E+02   0.10788E+01   0.85828E-01   0.00000E+00
   0.81562E+02   0.10859E+01   0.86028E-01   0.00000E+00
   0.81754E+02   0.10929E+01   0.86228E-01   0.00000E+00
   0.81946E+02   0.11000E+01   0.86428E-01   0.00000E+00
   0.82139E+02   0.11071E+01   0.86628E-01   0.00000E+00
   0.82331E+02   0.11143E+01   0.86828E-01   0.00000E+00
   0.82523E+02   0.11214E+01   0.87028E-01   0.00000E+00
   0.82715E+02   0.11286E+01   0.87228E-01   0.00000E+00
   0.82907E+02   0.11358E+01   0.87428E-01   0.00000E+00
   0.83100E+02   0.11431E+01   0.87628E-01   0.00000E+00
   0.83292E+02   0.11504E+01   0.87828E-01   0.00000E+00
   0.83484E+02   0.11577E+01   0.88028E-01   0.00000E+00
   0.83677E+02   0.11650E+01   0.88228E-01   0.00000E+00
   0.83869E+02   0.11723E+01   0.88428E-01   0.00000E+00
   0.84061E+02   0.11797E+01   0.88628E-01   0.00000E+00
   0.84254E+02   0.11871E+01   0.88828E-01   0.00000E+00
   0.84446E+02   0.11946E+01   0.89028E-01   0.00000E+00
   0.84638E+02   0.12020E+01   0.89228E-01   0.00000E+00
   0.84831E+02   0.12095E+01   0.89428E-01   0.00000E+00
   0.85023E+02   0.12170E+01   0.89628E-01   0.00000E+00
   0.85216E+02   0.12246E+01   0.89828E-01   0.00000E+00
   0.85408E+02   0.12321E+01   0.90028E-01   0.00000E+00
   0.85601E+02   0.12397E+01   0.90228E-01   0.00000E+00
   0.85793E+02   0.12474E+01   0.90428E-01   0.00000E+00
   0.85986E+02   0.12550E+01   0.90628E-01   0.00000E+00
   0.86178E+02   0.12627E+01   0.90828E-01   0.00000E+00
   0.86371E+02   0.12704E+01   0.91028E-01   0.00000E+00
   0.86563E+02   0.12781E+01   0.91228E-01   0.00000E+00
   0.86756E+02   0.12859E+01   0.91428E-01   0.00000E+00
   0.86949E+02   0.12937E+01   0.91628E-01   0.00000E+00
   0.87141E+02   0.13015E+01   0.91828E-01   0.00000E+00
   0.87334E+02   0.13094E+01   0.92028E-01   0.00000E+00
   0.87526E+02   0.13172E+01   0.92228E-01   0.00000E+00
   0.87719E+02   0.13251E+01   0.92428E-01   0.00000E+00
   0.87912E+02   0.13331E+01   0.92628E-01   0.00000E+00
   0.88105E+02   0.13410E+01   0.92828E-01   0.00000E+00
   0.88297E+02   0.13490E+01   0.93028E-01   0.00000E+00
   0.88490E+02   0.13570E+01   0.93228E-01   0.00000E+00
   0.88683E+02   0.13651E+01   0.93428E-01   0.00000E+00
   0.88876E+02   0.13731E+01   0.93628E-01   0.00000E+00
   0.89068E+02   0.13812E+01   0.93828E-01   0.00000E+00
   0.89261E+02   0.13894E+01   0.94028E-01   0.00000E+00
   0.89454E+02   0.13975E+01   0.94228E-01   0.00000E+00
   0.89647E+02   0.14057E+01   0.94428E-01   0.00000E+00
   0.89840E+02   0.14139E+01   0.94628E-01   0.00000E+00
   0.90033E+02   0.14222E+01   0.94828E-01   0.00000E+00
   0.90225E+02   0.14304E+01   0.95028E-01   0.00000E+00
   0.90418E+02   0.14387E+01   0.95228E-01   0.00000E+00
   0.90611E+02   0.14471E+01   0.95428E-01   0.00000E+00
   0.90804E+02   0.14554E+01   0.95628E-01   0.00000E+00
   0.90997E+02   0.14638E+01   0.95828E-01   0.00000E+00
   0.91190E+02   0.14722E+01   0.96028E-01   0.00000E+00
   0.91383E+02   0.14807E+01   0.96228E-01   0.00000E+00
   0.91576E+02   0.14891E+01   0.96428E-01   0.00000E+00
   0.91769E+02   0.14976E+01   0.96628E-01   0.00000E+00
   0.91962E+02   0.15062E+01   0.96828E-01   0.00000E+00
   0.92155E+02   0.15147E+01   0.97028E-01   0.00000E+00
   0.92348E+02   0.15233E+01   0.97228E-01   0.00000E+00
   0.92542E+02   0.15319E+01   0.97428E-01   0.00000E+00
   0.92735E+02   0.15406E+01   0.97628E-01   0.00000E+00
   0.92928E+02   0.15492E+01   0.97828E-01   0.00000E+00
   0.93121E+02   0.15579E+01   0.98028E-01   0.00000E+00
   0.93314E+02   0.15667E+01   0.98228E-01   0.00000E+00
   0.93507E+02   0.15754E+01   0.98428E-01   0.00000E+00
   0.93701E+02   0.15842E+01   0.98628E-01   0.00000E+00
   0.93894E+02   0.15930E+01   0.98828E-01   0.00000E+00
   0.94087E+02   0.16019E+01   0.99028E-01   0.00000E+00
   0.94280E+02   0.16107E+01   0.99228E-01   0.00000E+00
   0.94474E+02   0.16196E+01   0.99428E-01   0.00000E+00
   0.94667E+02   0.16285E+01   0.99628E-01   0.00000E+00
   0.94860E+02   0.16375E+01   0.99828E-01   0.00000E+00
   0.95054E+02   0.16465E+01   0.10003E+00   0.00000E+00
   0.95247E+02   0.16555E+01   0.10023E+00   0.00000E+00
   0.95440E+02   0.16645E+01   0.10043E+00   0.00000E+00
   0.95634E+02   0.16735E+01   0.10063E+00   0.00000E+00
   0.95827E+02   0.16826E+01   0.10083E+00   0.00000E+00
   0.96020E+02   0.16917E+01   0.10103E+00   0.00000E+00
   0.96214E+02   0.17009E+01   0.10123E+00   0.00000E+00
   0.96407E+02   0.17100E+01   0.10143E+00   0.00000E+00
   0.96601E+02   0.17192E+01   0.10163E+00   0.00000E+00
   0.96794E+02   0.17285E+01   0.10183E+00   0.00000E+00
   0.96988E+02   0.17377E+01   0.10203E+00   0.00000E+00
   0.97181E+02   0.17470E+01   0.10223E+00   0.00000E+00
   0.97375E+02   0.17563E+01   0.10243E+00   0.00000E+00
   0.97569E+02   0.17656E+01   0.10263E+00   0.00000E+00
   0.97762E+02   0.17749E+01   0.10283E+00   0.00000E+00
   0.97956E+02   0.17843E+01   0.10303E+00   0.00000E+00
   0.98149E+02   0.17937E+01   0.10323E+00   0.00000E+00
   0.98343E+02   0.18031E+01   0.10343E+00   0.00000E+00
   0.98537E+02   0.18125E+01   0.10363E+00   0.00000E+00
   0.98730E+02   0.18220E+01   0.10383E+00   0.00000E+00
   0.98924E+02   0.18314E+01   0.10403E+00   0.00000E+00
   0.99118E+02   0.18409E+01   0.10423E+00   0.00000E+00
   0.99312E+02   0.18505E+01   0.10443E+00   0.00000E+00
   0.99505E+02   0.18600E+01   0.10463E+00   0.00000E+00
   0.99699E+02   0.18695E+01   0.10483E+00   0.00000E+00
   0.99893E+02   0.18790E+01   0.10503E+00   0.00000E+00
   0.10009E+03   0.18885E+01   0.10523E+00   0.00000E+00
   0.10028E+03   0.18980E+01   0.10543E+00   0.00000E+00
   0.10047E+03   0.19075E+01   0.10563E+00   0.00000E+00
   0.10067E+03   0.19171E+01   0.10583E+00   0.00000E+00
   0.10086E+03   0.19266E+01   0.10603E+00   0.00000E+00
   0.10106E+03   0.19362E+01   0.10623E+00   0.00000E+00
   0.10125E+03   0.19457E+01   0.10643E+00   0.00000E+00
   0.10144E+03   0.19553E+01   0.10663E+00   0.00000E+00
   0.10164E+03   0.19649E+01   0.10683E+00   0.00000E+00
   0.10183E+03   0.19745E+01   0.10703E+00   0.00000E+00
   0.10203E+03   0.19841E+01   0.10723E+00   0.00000E+00
   0.10222E+03   0.19938E+01   0.10743E+00   0.00000E+00
   0.10241E+03   0.20034E+01   0.10763E+00   0.00000E+00
   0.10261E+03   0.20131E+01   0.10783E+00   0.00000E+00
   0.10280E+03   0.20228E+01   0.10803E+00   0.00000E+00
   0.10300E+03   0.20325E+01   0.10823E+00   0.00000E+00
   0.10319E+03   0.20422E+01   0.10843E+00   0.00000E+00
   0.10338E+03   0.20520E+01   0.10863E+00   0.00000E+00
   0.10358E+03   0.20617E+01   0.10883E+00   0.00000E+00
   0.10377E+03   0.20715E+01   0.10903E+00   0.00000E+00
   0.10397E+03   0.20813E+01   0.10923E+00   0.00000E+00
   0.10416E+03   0.20911E+01   0.10943E+00   0.00000E+00
   0.10435E+03   0.21009E+01   0.10963E+00   0.00000E+00
   0.10455E+03   0.21108E+01   0.10983E+00   0.00000E+00
   0.10474E+03   0.21207E+01   0.11003E+00   0.00000E+00
   0.10494E+03   0.21305E+01   0.11023E+00   0.00000E+00
   0.10513E+03   0.21404E+01   0.11043E+00   0.00000E+00
   0.10533E+03   0.21504E+01   0.11063E+00   0.00000E+00
   0.10552E+03   0.21603E+01   0.11083E+00   0.00000E+00
   0.10571E+03   0.21702E+01   0.11103E+00   0.00000E+00
   0.10591E+03   0.21802E+01   0.11123E+00   0.00000E+00
   0.10610E+03   0.21902E+01   0.11143E+00   0.00000E+00
   0.10630E+03   0.22002E+01   0.11163E+00   0.00000E+00
   0.10649E+03   0.22103E+01   0.11183E+00   0.00000E+00
   0.10669E+03   0.22203E+01   0.11203E+00   0.00000E+00
   0.10688E+03   0.22304E+01   0.11223E+00   0.00000E+00
   0.10708E+03   0.22405E+01   0.11243E+00   0.00000E+00
   0.10727E+03   0.22506E+01   0.11263E+00   0.00000E+00
   0.10746E+03   0.22607E+01   0.11283E+00   0.00000E+00
   0.10766E+03   0.22709E+01   0.11303E+00   0.00000E+00
   0.10785E+03   0.22811E+01   0.11323E+00   0.00000E+00
   0.10805E+03   0.22913E+01   0.11343E+00   0.00000E+00
   0.10824E+03   0.23015E+01   0.11363E+00   0.00000E+00
   0.10844E+03   0.23117E+01   0.11383E+00   0.00000E+00
   0.10863E+03   0.23220E+01   0.11403E+00   0.00000E+00
   0.10883E+03   0.23323E+01   0.11423E+00   0.00000E+00
   0.10902E+03   0.23426E+01   0.11443E+00   0.00000E+00
   0.10922E+03   0.23529E+01   0.11463E+00   0.00000E+00
   0.10941E+03   0.23633E+01   0.11483E+00   0.00000E+00
   0.10961E+03   0.23736E+01   0.11503E+00   0.00000E+00
   0.10980E+03   0.23840E+01   0.11523E+00   0.00000E+00
   0.10999E+03   0.23945E+01   0.11543E+00   0.00000E+00
   0.11019E+03   0.24049E+01   0.11563E+00   0.00000E+00
   0.11038E+03   0.24154E+01   0.11583E+00   0.00000E+00
   0.11058E+03   0.24258E+01   0.11603E+00   0.00000E+00
   0.11077E+03   0.24364E+01   0.11623E+00   0.00000E+00
   0.11097E+03   0.24469E+01   0.11643E+00   0.00000E+00
   0.11116E+03   0.24575E+01   0.11663E+00   0.00000E+00
   0.11136E+03   0.24680E+01   0.11683E+00   0.00000E+00
   0.11155E+03   0.24786E+01   0.11703E+00   0.00000E+00
   0.11175E+03   0.24893E+01   0.11723E+00   0.00000E+00
   0.11194E+03   0.24999E+01   0.11743E+00   0.00000E+00
   0.11214E+03   0.25106E+01   0.11763E+00   0.00000E+00
   0.11233E+03   0.25213E+01   0.11783E+00   0.00000E+00
   0.11253E+03   0.25320E+01   0.11803E+00   0.00000E+00
   0.11272E+03   0.25428E+01   0.11823E+00   0.00000E+00
   0.11292E+03   0.25536E+01   0.11843E+00   0.00000E+00
   0.11311E+03   0.25644E+01   0.11863E+00   0.00000E+00
   0.11331E+03   0.25752E+01   0.11883E+00   0.00000E+00
   0.11350E+03   0.25860E+01   0.11903E+00   0.00000E+00
   0.11370E+03   0.25969E+01   0.11923E+00   0.00000E+00
   0.11389E+03   0.26078E+01   0.11943E+00   0.00000E+00
   0.11409E+03   0.26187E+01   0.11963E+00   0.00000E+00
   0.11428E+03   0.26297E+01   0.11983E+00   0.00000E+00
   0.11448E+03   0.26406E+01   0.12003E+00   0.00000E+00
   0.11467E+03   0.26516E+01   0.12023E+00   0.00000E+00
   0.11487E+03   0.26627E+01   0.12043E+00   0.00000E+00
   0.11506E+03   0.26737E+01   0.12063E+00   0.00000E+00
   0.11526E+03   0.26848E+01   0.12083E+00   0.00000E+00
   0.11545E+03   0.26959E+01   0.12103E+00   0.00000E+00
   0.11565E+03   0.27070E+01   0.12123E+00   0.00000E+00
   0.11584E+03   0.27181E+01   0.12143E+00   0.00000E+00
   0.11604E+03   0.27293E+01   0.12163E+00   0.00000E+00
   0.11624E+03   0.27405E+01   0.12183E+00   0.00000E+00
   0.11643E+03   0.27517E+01   0.12203E+00   0.00000E+00
   0.11663E+03   0.27630E+01   0.12223E+00   0.00000E+00
   0.11682E+03   0.27742E+01   0.12243E+00   0.00000E+00
   0.11702E+03   0.27855E+01   0.12263E+00   0.00000E+00
   0.11721E+03   0.27968E+01   0.12283E+00   0.00000E+00
   0.11741E+03   0.28082E+01   0.12303E+00   0.00000E+00
   0.11760E+03   0.28195E+01   0.12323E+00   0.00000E+00
   0.11780E+03   0.28309E+01   0.12343E+00   0.00000E+00
   0.11799E+03   0.28424E+01   0.12363E+00   0.00000E+00
   0.11819E+03   0.28538E+01   0.12383E+00   0.00000E+00
   0.11839E+03   0.28653E+01   0.12403E+00   0.00000E+00
   0.11858E+03   0.28768E+01   0.12423E+00   0.00000E+00
   0.11878E+03   0.28883E+01   0.12443E+00   0.00000E+00
   0.11897E+03   0.28998E+01   0.12463E+00   0.00000E+00
   0.11917E+03   0.29114E+01   0.12483E+00   0.00000E+00
   0.11936E+03   0.29230E+01   0.12503E+00   0.00000E+00
   0.11956E+03   0.29346E+01   0.12523E+00   0.00000E+00
   0.11975E+03   0.29463E+01   0.12543E+00   0.00000E+00
   0.11995E+03   0.29579E+01   0.12563E+00   0.00000E+00
   0.12015E+03   0.29696E+01   0.12583E+00   0.00000E+00
   0.12034E+03   0.29814E+01   0.12603E+00   0.00000E+00
   0.12054E+03   0.29931E+01   0.12623E+00   0.00000E+00
   0.12073E+03   0.30049E+01   0.12643E+00   0.00000E+00
   0.12093E+03   0.30167E+01   0.12663E+00   0.00000E+00
   0.12112E+03   0.30285E+01   0.12683E+00   0.00000E+00
   0.12132E+03   0.30404E+01   0.12703E+00   0.00000E+00
   0.12152E+03   0.30523E+01   0.12723E+00   0.00000E+00
   0.12171E+03   0.30642E+01   0.12743E+00   0.00000E+00
   0.12191E+03   0.30761E+01   0.12763E+00   0.00000E+00
   0.12210E+03   0.30881E+01   0.12783E+00   0.00000E+00
   0.12230E+03   0.31000E+01   0.12803E+00   0.00000E+00
   0.12250E+03   0.31120E+01   0.12823E+00   0.00000E+00
   0.12269E+03   0.31241E+01   0.12843E+00   0.00000E+00
   0.12289E+03   0.31361E+01   0.12863E+00   0.00000E+00
   0.12308E+03   0.31482E+01   0.12883E+00   0.00000E+00
   0.12328E+03   0.31604E+01   0.12903E+00   0.00000E+00
   0.12348E+03   0.31725E+01   0.12923E+00   0.00000E+00
   0.12367E+03   0.31847E+01   0.12943E+00   0.00000E+00
   0.12387E+03   0.31969E+01   0.12963E+00   0.00000E+00
   0.12406E+03   0.32091E+01   0.12983E+00   0.00000E+00
   0.12426E+03   0.32213E+01   0.13003E+00   0.00000E+00
   0.12446E+03   0.32336E+01   0.13023E+00   0.00000E+00
   0.12465E+03   0.32459E+01   0.13043E+00   0.00000E+00
   0.12485E+03   0.32582E+01   0.13063E+00   0.00000E+00
   0.12504E+03   0.32706E+01   0.13083E+00   0.00000E+00
   0.12524E+03   0.32830E+01   0.13103E+00   0.00000E+00
   0.12544E+03   0.32954E+01   0.13123E+00   0.00000E+00
   0.12563E+03   0.33078E+01   0.13143E+00   0.00000E+00
   0.12583E+03   0.33203E+01   0.13163E+00   0.00000E+00
   0.12602E+03   0.33328E+01   0.13183E+00   0.00000E+00
   0.12622E+03   0.33453E+01   0.13203E+00   0.00000E+00
   0.12642E+03   0.33579E+01   0.13223E+00   0.00000E+00
   0.12661E+03   0.33704E+01   0.13243E+00   0.00000E+00
   0.12681E+03   0.33830E+01   0.13263E+00   0.00000E+00
   0.12701E+03   0.33957E+01   0.13283E+00   0.00000E+00
   0.12720E+03   0.34083E+01   0.13303E+00   0.00000E+00
   0.12740E+03   0.34210E+01   0.13323E+00   0.00000E+00
   0.12760E+03   0.34337E+01   0.13343E+00   0.00000E+00
   0.12779E+03   0.34465E+01   0.13363E+00   0.00000E+00
   0.12799E+03   0.34592E+01   0.13383E+00   0.00000E+00
   0.12818E+03   0.34720E+01   0.13403E+00   0.00000E+00
   0.12838E+03   0.34849E+01   0.13423E+00   0.00000E+00
   0.12858E+03   0.34977E+01   0.13443E+00   0.00000E+00
   0.12877E+03   0.35106E+01   0.13463E+00   0.00000E+00
   0.12897E+03   0.35235E+01   0.13483E+00   0.00000E+00
   0.12917E+03   0.35364E+01   0.13503E+00   0.00000E+00
   0.12936E+03   0.35494E+01   0.13523E+00   0.00000E+00
   0.12956E+03   0.35624E+01   0.13543E+00   0.00000E+00
   0.12976E+03   0.35754E+01   0.13563E+00   0.00000E+00
   0.12995E+03   0.35885E+01   0.13583E+00   0.00000E+00
   0.13015E+03   0.36016E+01   0.13603E+00   0.00000E+00
   0.13035E+03   0.36147E+01   0.13623E+00   0.00000E+00
   0.13054E+03   0.36278E+01   0.13643E+00   0.00000E+00
   0.13074E+03   0.36410E+01   0.13663E+00   0.00000E+00
   0.13094E+03   0.36542E+01   0.13683E+00   0.00000E+00
   0.13113E+03   0.36674E+01   0.13703E+00   0.00000E+00
   0.13133E+03   0.36806E+01   0.13723E+00   0.00000E+00
   0.13153E+03   0.36939E+01   0.13743E+00   0.00000E+00
   0.13172E+03   0.37072E+01   0.13763E+00   0.00000E+00
   0.13192E+03   0.37205E+01   0.13783E+00   0.00000E+00
   0.13212E+03   0.37339E+01   0.13803E+00   0.00000E+00
   0.13231E+03   0.37473E+01   0.13823E+00   0.00000E+00
   0.13251E+03   0.37607E+01   0.13843E+00   0.00000E+00
   0.13271E+03   0.37742E+01   0.13863E+00   0.00000E+00
   0.13291E+03   0.37876E+01   0.13883E+00   0.00000E+00
   0.13310E+03   0.38012E+01   0.13903E+00   0.00000E+00
   0.13330E+03   0.38147E+01   0.13923E+00   0.00000E+00
   0.13350E+03   0.38283E+01   0.13943E+00   0.00000E+00
   0.13369E+03   0.38419E+01   0.13963E+00   0.00000E+00
   0.13389E+03   0.38555E+01   0.13983E+00   0.00000E+00
   0.13409E+03   0.38691E+01   0.14003E+00   0.00000E+00
   0.13428E+03   0.38828E+01   0.14023E+00   0.00000E+00
   0.13448E+03   0.38965E+01   0.14043E+00   0.00000E+00
   0.13468E+03   0.39103E+01   0.14063E+00   0.00000E+00
   0.13488E+03   0.39240E+01   0.14083E+00   0.00000E+00
   0.13507E+03   0.39378E+01   0.14103E+00   0.00000E+00
   0.13527E+03   0.39517E+01   0.14123E+00   0.00000E+00
   0.13547E+03   0.39655E+01   0.14143E+00   0.00000E+00
   0.13566E+03   0.39794E+01   0.14163E+00   0.00000E+00
   0.13586E+03   0.39933E+01   0.14183E+00   0.00000E+00
   0.13606E+03   0.40073E+01   0.14203E+00   0.00000E+00
   0.13626E+03   0.40213E+01   0.14223E+00   0.00000E+00
   0.13645E+03   0.40353E+01   0.14243E+00   0.00000E+00
   0.13665E+03   0.40493E+01   0.14263E+00   0.00000E+00
   0.13685E+03   0.40634E+01   0.14283E+00   0.00000E+00
   0.13704E+03   0.40775E+01   0.14303E+00   0.00000E+00
   0.13724E+03   0.40916E+01   0.14323E+00   0.00000E+00
   0.13744E+03   0.41058E+01   0.14343E+00   0.00000E+00
   0.13764E+03   0.41200E+01   0.14363E+00   0.00000E+00
   0.13783E+03   0.41342E+01   0.14383E+00   0.00000E+00
   0.13803E+03   0.41484E+01   0.14403E+00   0.00000E+00
   0.13823E+03   0.41627E+01   0.14423E+00   0.00000E+00
   0.13843E+03   0.41770E+01   0.14443E+00   0.00000E+00
   0.13862E+03   0.41914E+01   0.14463E+00   0.00000E+00
   0.13882E+03   0.42057E+01   0.14483E+00   0.00000E+00
   0.13902E+03   0.42201E+01   0.14503E+00   0.00000E+00
   0.13922E+03   0.42346E+01   0.14523E+00   0.00000E+00
   0.13941E+03   0.42490E+01   0.14543E+00   0.00000E+00
   0.13961E+03   0.42635E+01   0.14563E+00   0.00000E+00
   0.13981E+03   0.42781E+01   0.14583E+00   0.00000E+00
   0.14001E+03   0.42926E+01   0.14603E+00   0.00000E+00
   0.14020E+03   0.43072E+01   0.14623E+00   0.00000E+00
   0.14040E+03   0.43218E+01   0.14643E+00   0.00000E+00
   0.14060E+03   0.43365E+01   0.14663E+00   0.00000E+00
   0.14080E+03   0.43511E+01   0.14683E+00   0.00000E+00
   0.14100E+03   0.43659E+01   0.14703E+00   0.00000E+00
   0.14119E+03   0.43806E+01   0.14723E+00   0.00000E+00
   0.14139E+03   0.43954E+01   0.14743E+00   0.00000E+00
   0.14159E+03   0.44102E+01   0.14763E+00   0.00000E+00
   0.14179E+03   0.44250E+01   0.14783E+00   0.00000E+00
   0.14198E+03   0.44399E+01   0.14803E+00   0.00000E+00
   0.14218E+03   0.44548E+01   0.14823E+00   0.00000E+00
   0.14238E+03   0.44697E+01   0.14843E+00   0.00000E+00
   0.14258E+03   0.44847E+01   0.14863E+00   0.00000E+00
   0.14278E+03   0.44997E+01   0.14883E+00   0.00000E+00
   0.14297E+03   0.45147E+01   0.14903E+00   0.00000E+00
   0.14317E+03   0.45297E+01   0.14923E+00   0.00000E+00
   0.14337E+03   0.45448E+01   0.14943E+00   0.00000E+00
   0.14357E+03   0.45599E+01   0.14963E+00   0.00000E+00
   0.14377E+03   0.45751E+01   0.14983E+00   0.00000E+00
   0.14396E+03   0.45903E+01   0.15003E+00   0.00000E+00
   0.14416E+03   0.46055E+01   0.15023E+00   0.00000E+00
   0.14436E+03   0.46207E+01   0.15043E+00   0.00000E+00
   0.14456E+03   0.46360E+01   0.15063E+00   0.00000E+00
   0.14476E+03   0.46513E+01   0.15083E+00   0.00000E+00
   0.14495E+03   0.46667E+01   0.15103E+00   0.00000E+00
   0.14515E+03   0.46820E+01   0.15123E+00   0.00000E+00
   0.14535E+03   0.46975E+01   0.15143E+00   0.00000E+00
   0.14555E+03   0.47129E+01   0.15163E+00   0.00000E+00
   0.14575E+03   0.47284E+01   0.15183E+00   0.00000E+00
   0.14595E+03   0.47439E+01   0.15203E+00   0.00000E+00
   0.14614E+03   0.47594E+01   0.15223E+00   0.00000E+00
   0.14634E+03   0.47750E+01   0.15243E+00   0.00000E+00
   0.14654E+03   0.47906E+01   0.15263E+00   0.00000E+00
   0.14674E+03   0.48062E+01   0.15283E+00   0.00000E+00
   0.14694E+03   0.48219E+01   0.15303E+00   0.00000E+00
   0.14714E+03   0.48376E+01   0.15323E+00   0.00000E+00
   0.14733E+03   0.48533E+01   0.15343E+00   0.00000E+00
   0.14753E+03   0.48691E+01   0.15363E+00   0.00000E+00
   0.14773E+03   0.48849E+01   0.15383E+00   0.00000E+00
   0.14793E+03   0.49007E+01   0.15403E+00   0.00000E+00
   0.14813E+03   0.49166E+01   0.15423E+00   0.00000E+00
   0.14833E+03   0.49325E+01   0.15443E+00   0.00000E+00
   0.14852E+03   0.49484E+01   0.15463E+00   0.00000E+00
   0.14872E+03   0.49644E+01   0.15483E+00   0.00000E+00
   0.14892E+03   0.49804E+01   0.15503E+00   0.00000E+00
   0.14912E+03   0.49964E+01   0.15523E+00   0.00000E+00
   0.14932E+03   0.50124E+01   0.15543E+00   0.00000E+00
   0.14952E+03   0.50285E+01   0.15563E+00   0.00000E+00
   0.14972E+03   0.50447E+01   0.15583E+00   0.00000E+00
   0.14991E+03   0.50608E+01   0.15603E+00   0.00000E+00
   0.15011E+03   0.50770E+01   0.15623E+00   0.00000E+00
   0.15031E+03   0.50933E+01   0.15643E+00   0.00000E+00
   0.15051E+03   0.51095E+01   0.15663E+00   0.00000E+00
   0.15071E+03   0.51258E+01   0.15683E+00   0.00000E+00
   0.15091E+03   0.51422E+01   0.15703E+00   0.00000E+00
   0.15111E+03   0.51585E+01   0.15723E+00   0.00000E+00
   0.15131E+03   0.51749E+01   0.15743E+00   0.00000E+00
   0.15150E+03   0.51914E+01   0.15763E+00   0.00000E+00
   0.15170E+03   0.52078E+01   0.15783E+00   0.00000E+00
   0.15190E+03   0.52243E+01   0.15803E+00   0.00000E+00
   0.15210E+03   0.52409E+01   0.15823E+00   0.00000E+00
   0.15230E+03   0.52574E+01   0.15843E+00   0.00000E+00
   0.15250E+03   0.52740E+01   0.15863E+00   0.00000E+00
   0.15270E+03   0.52907E+01   0.15883E+00   0.00000E+00
   0.15290E+03   0.53073E+01   0.15903E+00   0.00000E+00
   0.15310E+03   0.53240E+01   0.15923E+00   0.00000E+00
   0.15329E+03   0.53408E+01   0.15943E+00   0.00000E+00
   0.15349E+03   0.53576E+01   0.15963E+00   0.00000E+00
   0.15369E+03   0.53744E+01   0.15983E+00   0.00000E+00
   0.15389E+03   0.53912E+01   0.16003E+00   0.00000E+00
   0.15409E+03   0.54081E+01   0.16023E+00   0.00000E+00
   0.15429E+03   0.54250E+01   0.16043E+00   0.00000E+00
   0.15449E+03   0.54420E+01   0.16063E+00   0.00000E+00
   0.15469E+03   0.54589E+01   0.16083E+00   0.00000E+00
   0.15489E+03   0.54760E+01   0.16103E+00   0.00000E+00
   0.15509E+03   0.54930E+01   0.16123E+00   0.00000E+00
   0.15529E+03   0.55101E+01   0.16143E+00   0.00000E+00
   0.15548E+03   0.55272E+01   0.16163E+00   0.00000E+00
   0.15568E+03   0.55444E+01   0.16183E+00   0.00000E+00
   0.15588E+03   0.55616E+01   0.16203E+00   0.00000E+00
   0.15608E+03   0.55788E+01   0.16223E+00   0.00000E+00
   0.15628E+03   0.55961E+01   0.16243E+00   0.00000E+00
   0.15648E+03   0.56134E+01   0.16263E+00   0.00000E+00
   0.15668E+03   0.56307E+01   0.16283E+00   0.00000E+00
   0.15688E+03   0.56481E+01   0.16303E+00   0.00000E+00
   0.15708E+03   0.56655E+01   0.16323E+00   0.00000E+00
   0.15728E+03   0.56829E+01   0.16343E+00   0.00000E+00
   0.15748E+03   0.57004E+01   0.16363E+00   0.00000E+00
   0.15768E+03   0.57179E+01   0.16383E+00   0.00000E+00
   0.15788E+03   0.57355E+01   0.16403E+00   0.00000E+00
   0.15808E+03   0.57530E+01   0.16423E+00   0.00000E+00
   0.15828E+03   0.57707E+01   0.16443E+00   0.00000E+00
   0.15848E+03   0.57883E+01   0.16463E+00   0.00000E+00
   0.15868E+03   0.58060E+01   0.16483E+00   0.00000E+00
   0.15887E+03   0.58237E+01   0.16503E+00   0.00000E+00
   0.15907E+03   0.58415E+01   0.16523E+00   0.00000E+00
   0.15927E+03   0.58593E+01   0.16543E+00   0.00000E+00
   0.15947E+03   0.58771E+01   0.16563E+00   0.00000E+00
   0.15967E+03   0.58950E+01   0.16583E+00   0.00000E+00
   0.15987E+03   0.59129E+01   0.16603E+00   0.00000E+00
   0.16007E+03   0.59309E+01   0.16623E+00   0.00000E+00
   0.16027E+03   0.59489E+01   0.16643E+00   0.00000E+00
   0.16047E+03   0.59669E+01   0.16663E+00   0.00000E+00
   0.16067E+03   0.59849E+01   0.16683E+00   0.00000E+00
   0.16087E+03   0.60030E+01   0.16703E+00   0.00000E+00
   0.16107E+03   0.60212E+01   0.16723E+00   0.00000E+00
   0.16127E+03   0.60393E+01   0.16743E+00   0.00000E+00
   0.16147E+03   0.60575E+01   0.16763E+00   0.00000E+00
   0.16167E+03   0.60758E+01   0.16783E+00   0.00000E+00
   0.16187E+03   0.60940E+01   0.16803E+00   0.00000E+00
   0.16207E+03   0.61123E+01   0.16823E+00   0.00000E+00
   0.16227E+03   0.61307E+01   0.16843E+00   0.00000E+00
   0.16247E+03   0.61491E+01   0.16863E+00   0.00000E+00
   0.16267E+03   0.61675E+01   0.16883E+00   0.00000E+00
   0.16287E+03   0.61860E+01   0.16903E+00   0.00000E+00
   0.16307E+03   0.62045E+01   0.16923E+00   0.00000E+00
   0.16327E+03   0.62230E+01   0.16943E+00   0.00000E+00
   0.16347E+03   0.62416E+01   0.16963E+00   0.00000E+00
   0.16367E+03   0.62602E+01   0.16983E+00   0.00000E+00
   0.16387E+03   0.62788E+01   0.17003E+00   0.00000E+00
   0.16407E+03   0.62975E+01   0.17023E+00   0.00000E+00
   0.16427E+03   0.63162E+01   0.17043E+00   0.00000E+00
   0.16447E+03   0.63350E+01   0.17063E+00   0.00000E+00
   0.16467E+03   0.63538E+01   0.17083E+00   0.00000E+00
   0.16487E+03   0.63726E+01   0.17103E+00   0.00000E+00
   0.16507E+03   0.63915E+01   0.17123E+00   0.00000E+00
   0.16527E+03   0.64104E+01   0.17143E+00   0.00000E+00
   0.16547E+03   0.64294E+01   0.17163E+00   0.00000E+00
   0.16567E+03   0.64484E+01   0.17183E+00   0.00000E+00
   0.16587E+03   0.64674E+01   0.17203E+00   0.00000E+00
   0.16607E+03   0.64865E+01   0.17223E+00   0.00000E+00
   0.16627E+03   0.65056E+01   0.17243E+00   0.00000E+00
   0.16648E+03   0.65247E+01   0.17263E+00   0.00000E+00
   0.16668E+03   0.65439E+01   0.17283E+00   0.00000E+00
   0.16688E+03   0.65631E+01   0.17303E+00   0.00000E+00
   0.16708E+03   0.65824E+01   0.17323E+00   0.00000E+00
   0.16728E+03   0.66017E+01   0.17343E+00   0.00000E+00
   0.16748E+03   0.66210E+01   0.17363E+00   0.00000E+00
   0.16768E+03   0.66404E+01   0.17383E+00   0.00000E+00
   0.16788E+03   0.66598E+01   0.17403E+00   0.00000E+00
   0.16808E+03   0.66792E+01   0.17423E+00   0.00000E+00
   0.16828E+03   0.66987E+01   0.17443E+00   0.00000E+00
   0.16848E+03   0.67182E+01   0.17463E+00   0.00000E+00
   0.16868E+03   0.67378E+01   0.17483E+00   0.00000E+00
   0.16888E+03   0.67574E+01   0.17503E+00   0.00000E+00
   0.16908E+03   0.67771E+01   0.17523E+00   0.00000E+00
   0.16928E+03   0.67967E+01   0.17543E+00   0.00000E+00
   0.16948E+03   0.68165E+01   0.17563E+00   0.00000E+00
   0.16968E+03   0.68362E+01   0.17583E+00   0.00000E+00
   0.16989E+03   0.68560E+01   0.17603E+00   0.00000E+00
   0.17009E+03   0.68759E+01   0.17623E+00   0.00000E+00
   0.17029E+03   0.68957E+01   0.17643E+00   0.00000E+00
   0.17049E+03   0.69157E+01   0.17663E+00   0.00000E+00
   0.17069E+03   0.69356E+01   0.17683E+00   0.00000E+00
   0.17089E+03   0.69556E+01   0.17703E+00   0.00000E+00
   0.17109E+03   0.69757E+01   0.17723E+00   0.00000E+00
   0.17129E+03   0.69957E+01   0.17743E+00   0.00000E+00
   0.17149E+03   0.70159E+01   0.17763E+00   0.00000E+00
   0.17169E+03   0.70360E+01   0.17783E+00   0.00000E+00
   0.17190E+03   0.70562E+01   0.17803E+00   0.00000E+00
   0.17210E+03   0.70765E+01   0.17823E+00   0.00000E+00
   0.17230E+03   0.70967E+01   0.17843E+00   0.00000E+00
   0.17250E+03   0.71171E+01   0.17863E+00   0.00000E+00
   0.17270E+03   0.71374E+01   0.17883E+00   0.00000E+00
   0.17290E+03   0.71578E+01   0.17903E+00   0.00000E+00
   0.17310E+03   0.71783E+01   0.17923E+00   0.00000E+00
   0.17330E+03   0.71987E+01   0.17943E+00   0.00000E+00
   0.17350E+03   0.72193E+01   0.17963E+00   0.00000E+00
   0.17371E+03   0.72398E+01   0.17983E+00   0.00000E+00
   0.17391E+03   0.72604E+01   0.18003E+00   0.00000E+00
   0.17411E+03   0.72811E+01   0.18023E+00   0.00000E+00
   0.17431E+03   0.73017E+01   0.18043E+00   0.00000E+00
   0.17451E+03   0.73225E+01   0.18063E+00   0.00000E+00
   0.17471E+03   0.73432E+01   0.18083E+00   0.00000E+00
   0.17491E+03   0.73640E+01   0.18103E+00   0.00000E+00
   0.17511E+03   0.73849E+01   0.18123E+00   0.00000E+00
   0.17532E+03   0.74058E+01   0.18143E+00   0.00000E+00
   0.17552E+03   0.74267E+01   0.18163E+00   0.00000E+00
   0.17572E+03   0.74477E+01   0.18183E+00   0.00000E+00
   0.17592E+03   0.74687E+01   0.18203E+00   0.00000E+00
   0.17612E+03   0.74897E+01   0.18223E+00   0.00000E+00
   0.17632E+03   0.75108E+01   0.18243E+00   0.00000E+00
   0.17652E+03   0.75320E+01   0.18263E+00   0.00000E+00
   0.17673E+03   0.75531E+01   0.18283E+00   0.00000E+00
   0.17693E+03   0.75743E+01   0.18303E+00   0.00000E+00
   0.17713E+03   0.75956E+01   0.18323E+00   0.00000E+00
   0.17733E+03   0.76169E+01   0.18343E+00   0.00000E+00
   0.17753E+03   0.76383E+01   0.18363E+00   0.00000E+00
   0.17773E+03   0.76596E+01   0.18383E+00   0.00000E+00
   0.17794E+03   0.76811E+01   0.18403E+00   0.00000E+00
   0.17814E+03   0.77025E+01   0.18423E+00   0.00000E+00
   0.17834E+03   0.77240E+01   0.18443E+00   0.00000E+00
   0.17854E+03   0.77456E+01   0.18463E+00   0.00000E+00
   0.17874E+03   0.77672E+01   0.18483E+00   0.00000E+00
   0.17895E+03   0.77888E+01   0.18503E+00   0.00000E+00
   0.17915E+03   0.78105E+01   0.18523E+00   0.00000E+00
   0.17935E+03   0.78322E+01   0.18543E+00   0.00000E+00
   0.17955E+03   0.78540E+01   0.18563E+00   0.00000E+00
   0.17975E+03   0.78758E+01   0.18583E+00   0.00000E+00
   0.17995E+03   0.78976E+01   0.18603E+00   0.00000E+00
   0.18016E+03   0.79195E+01   0.18623E+00   0.00000E+00
   0.18036E+03   0.79415E+01   0.18643E+00   0.00000E+00
   0.18056E+03   0.79634E+01   0.18663E+00   0.00000E+00
   0.18076E+03   0.79854E+01   0.18683E+00   0.00000E+00
   0.18097E+03   0.80075E+01   0.18703E+00   0.00000E+00
   0.18117E+03   0.80296E+01   0.18723E+00   0.00000E+00
   0.18137E+03   0.80518E+01   0.18743E+00   0.00000E+00
   0.18157E+03   0.80739E+01   0.18763E+00   0.00000E+00
   0.18177E+03   0.80962E+01   0.18783E+00   0.00000E+00
   0.18198E+03   0.81184E+01   0.18803E+00   0.00000E+00
   0.18218E+03   0.81408E+01   0.18823E+00   0.00000E+00
   0.18238E+03   0.81631E+01   0.18843E+00   0.00000E+00
   0.18258E+03   0.81855E+01   0.18863E+00   0.00000E+00
   0.18278E+03   0.82080E+01   0.18883E+00   0.00000E+00
   0.18299E+03   0.82305E+01   0.18903E+00   0.00000E+00
   0.18319E+03   0.82530E+01   0.18923E+00   0.00000E+00
   0.18339E+03   0.82756E+01   0.18943E+00   0.00000E+00
   0.18359E+03   0.82982E+01   0.18963E+00   0.00000E+00
   0.18380E+03   0.83209E+01   0.18983E+00   0.00000E+00
   0.18400E+03   0.83436E+01   0.19003E+00   0.00000E+00
   0.18420E+03   0.83663E+01   0.19023E+00   0.00000E+00
   0.18440E+03   0.83891E+01   0.19043E+00   0.00000E+00
   0.18461E+03   0.84120E+01   0.19063E+00   0.00000E+00
   0.18481E+03   0.84348E+01   0.19083E+00   0.00000E+00
   0.18501E+03   0.84578E+01   0.19103E+00   0.00000E+00
   0.18521E+03   0.84807E+01   0.19123E+00   0.00000E+00
   0.18542E+03   0.85038E+01   0.19143E+00   0.00000E+00
   0.18562E+03   0.85268E+01   0.19163E+00   0.00000E+00
   0.18582E+03   0.85499E+01   0.19183E+00   0.00000E+00
   0.18602E+03   0.85731E+01   0.19203E+00   0.00000E+00
   0.18623E+03   0.85963E+01   0.19223E+00   0.00000E+00
   0.18643E+03   0.86195E+01   0.19243E+00   0.00000E+00
   0.18663E+03   0.86428E+01   0.19263E+00   0.00000E+00
   0.18684E+03   0.86661E+01   0.19283E+00   0.00000E+00
   0.18704E+03   0.86895E+01   0.19303E+00   0.53695E+21
   0.18724E+03   0.87129E+01   0.19323E+00   0.53675E+21
   0.18744E+03   0.87364E+01   0.19343E+00   0.53655E+21
   0.18765E+03   0.87599E+01   0.19363E+00   0.53635E+21
   0.18785E+03   0.87834E+01   0.19383E+00   0.53615E+21
   0.18805E+03   0.88070E+01   0.19403E+00   0.53595E+21
   0.18826E+03   0.88307E+01   0.19423E+00   0.53575E+21
   0.18846E+03   0.88543E+01   0.19443E+00   0.53556E+21
   0.18866E+03   0.88781E+01   0.19463E+00   0.53536E+21
   0.18886E+03   0.89018E+01   0.19483E+00   0.53516E+21
   0.18907E+03   0.89257E+01   0.19503E+00   0.53496E+21
   0.18927E+03   0.89495E+01   0.19523E+00   0.53476E+21
   0.18947E+03   0.89734E+01   0.19543E+00   0.53456E+21
   0.18968E+03   0.89974E+01   0.19563E+00   0.53437E+21
   0.18988E+03   0.90214E+01   0.19583E+00   0.53417E+21
   0.19008E+03   0.90454E+01   0.19603E+00   0.53397E+21
   0.19029E+03   0.90695E+01   0.19623E+00   0.53377E+21
   0.19049E+03   0.90937E+01   0.19643E+00   0.53357E+21
   0.19069E+03   0.91179E+01   0.19663E+00   0.53338E+21
   0.19090E+03   0.91421E+01   0.19683E+00   0.53318E+21
   0.19110E+03   0.91664E+01   0.19703E+00   0.53298E+21
   0.19130E+03   0.91907E+01   0.19723E+00   0.53278E+21
   0.19151E+03   0.92151E+01   0.19743E+00   0.53258E+21
   0.19171E+03   0.92395E+01   0.19763E+00   0.53239E+21
   0.19191E+03   0.92639E+01   0.19783E+00   0.53219E+21
   0.19212E+03   0.92884E+01   0.19803E+00   0.53199E+21
   0.19232E+03   0.93130E+01   0.19823E+00   0.53179E+21
   0.19252E+03   0.93376E+01   0.19843E+00   0.53160E+21
   0.19273E+03   0.93622E+01   0.19863E+00   0.53140E+21
   0.19293E+03   0.93869E+01   0.19883E+00   0.53120E+21
   0.19313E+03   0.94117E+01   0.19903E+00   0.53101E+21
   0.19334E+03   0.94364E+01   0.19923E+00   0.53081E+21
   0.19354E+03   0.94613E+01   0.19943E+00   0.53061E+21
   0.19374E+03   0.94862E+01   0.19963E+00   0.53042E+21
   0.19395E+03   0.95111E+01   0.19983E+00   0.53022E+21
   0.19415E+03   0.95361E+01   0.20003E+00   0.53002E+21
   0.19435E+03   0.95611E+01   0.20023E+00   0.52983E+21
   0.19456E+03   0.95861E+01   0.20043E+00   0.52963E+21
   0.19476E+03   0.96112E+01   0.20063E+00   0.52943E+21
   0.19497E+03   0.96364E+01   0.20083E+00   0.52924E+21
   0.19517E+03   0.96616E+01   0.20103E+00   0.52904E+21
   0.19537E+03   0.96869E+01   0.20123E+00   0.52885E+21
   0.19558E+03   0.97122E+01   0.20143E+00   0.52865E+21
   0.19578E+03   0.97375E+01   0.20163E+00   0.52845E+21
   0.19598E+03   0.97629E+01   0.20183E+00   0.52826E+21
   0.19619E+03   0.97883E+01   0.20203E+00   0.52806E+21
   0.19639E+03   0.98138E+01   0.20223E+00   0.52787E+21
   0.19660E+03   0.98394E+01   0.20243E+00   0.52767E+21
   0.19680E+03   0.98650E+01   0.20263E+00   0.52748E+21
   0.19700E+03   0.98906E+01   0.20283E+00   0.52728E+21
   0.19721E+03   0.99163E+01   0.20303E+00   0.52709E+21
   0.19741E+03   0.99420E+01   0.20323E+00   0.52689E+21
   0.19762E+03   0.99678E+01   0.20343E+00   0.52670E+21
   0.19782E+03   0.99936E+01   0.20363E+00   0.52650E+21
   0.19803E+03   0.10019E+02   0.20383E+00   0.52631E+21
   0.19823E+03   0.10045E+02   0.20403E+00   0.52611E+21
   0.19843E+03   0.10071E+02   0.20423E+00   0.52592E+21
   0.19864E+03   0.10097E+02   0.20443E+00   0.52573E+21
   0.19884E+03   0.10123E+02   0.20463E+00   0.52553E+21
   0.19905E+03   0.10150E+02   0.20483E+00   0.52534E+21
   0.19925E+03   0.10176E+02   0.20503E+00   0.52514E+21
   0.19945E+03   0.10202E+02   0.20523E+00   0.52495E+21
   0.19966E+03   0.10228E+02   0.20543E+00   0.52476E+21
   0.19986E+03   0.10254E+02   0.20563E+00   0.52456E+21
   0.20007E+03   0.10281E+02   0.20583E+00   0.52437E+21
   0.20027E+03   0.10307E+02   0.20603E+00   0.52418E+21
   0.20048E+03   0.10334E+02   0.20623E+00   0.52398E+21
   0.20068E+03   0.10360E+02   0.20643E+00   0.52379E+21
   0.20089E+03   0.10387E+02   0.20663E+00   0.52360E+21
   0.20109E+03   0.10413E+02   0.20683E+00   0.52340E+21
   0.20129E+03   0.10440E+02   0.20703E+00   0.52321E+21
   0.20150E+03   0.10467E+02   0.20723E+00   0.52302E+21
   0.20170E+03   0.10493E+02   0.20743E+00   0.52283E+21
   0.20191E+03   0.10520E+02   0.20763E+00   0.52263E+21
   0.20211E+03   0.10547E+02   0.20783E+00   0.52244E+21
   0.20232E+03   0.10574E+02   0.20803E+00   0.52225E+21
   0.20252E+03   0.10601E+02   0.20823E+00   0.52206E+21
   0.20273E+03   0.10628E+02   0.20843E+00   0.52187E+21
   0.20293E+03   0.10655E+02   0.20863E+00   0.52168E+21
   0.20314E+03   0.10682E+02   0.20883E+00   0.52148E+21
   0.20334E+03   0.10709E+02   0.20903E+00   0.52129E+21
   0.20355E+03   0.10736E+02   0.20923E+00   0.52110E+21
   0.20375E+03   0.10764E+02   0.20943E+00   0.52091E+21
   0.20396E+03   0.10791E+02   0.20963E+00   0.52072E+21
   0.20416E+03   0.10818E+02   0.20983E+00   0.52053E+21
   0.20437E+03   0.10846E+02   0.21003E+00   0.52034E+21
   0.20457E+03   0.10873E+02   0.21023E+00   0.52015E+21
   0.20478E+03   0.10900E+02   0.21043E+00   0.51996E+21
   0.20498E+03   0.10928E+02   0.21063E+00   0.51977E+21
   0.20519E+03   0.10956E+02   0.21083E+00   0.51958E+21
   0.20539E+03   0.10983E+02   0.21103E+00   0.51939E+21
   0.20560E+03   0.11011E+02   0.21123E+00   0.51920E+21
   0.20580E+03   0.11039E+02   0.21143E+00   0.51901E+21
   0.20601E+03   0.11066E+02   0.21163E+00   0.51882E+21
   0.20621E+03   0.11094E+02   0.21183E+00   0.51863E+21
   0.20642E+03   0.11122E+02   0.21203E+00   0.51844E+21
   0.20662E+03   0.11150E+02   0.21223E+00   0.51825E+21
   0.20683E+03   0.11178E+02   0.21243E+00   0.51806E+21
   0.20703E+03   0.11206E+02   0.21263E+00   0.51788E+21
   0.20724E+03   0.11234E+02   0.21283E+00   0.51769E+21
   0.20744E+03   0.11262E+02   0.21303E+00   0.51750E+21
   0.20765E+03   0.11291E+02   0.21323E+00   0.51731E+21
   0.20785E+03   0.11319E+02   0.21343E+00   0.51712E+21
   0.20806E+03   0.11347E+02   0.21363E+00   0.51694E+21
   0.20826E+03   0.11375E+02   0.21383E+00   0.51675E+21
   0.20847E+03   0.11404E+02   0.21403E+00   0.51656E+21
   0.20868E+03   0.11432E+02   0.21423E+00   0.51637E+21
   0.20888E+03   0.11461E+02   0.21443E+00   0.51619E+21
   0.20909E+03   0.11489E+02   0.21463E+00   0.51600E+21
   0.20929E+03   0.11518E+02   0.21483E+00   0.51581E+21
   0.20950E+03   0.11546E+02   0.21503E+00   0.51563E+21
   0.20970E+03   0.11575E+02   0.21523E+00   0.51544E+21
   0.20991E+03   0.11604E+02   0.21543E+00   0.51525E+21
   0.21011E+03   0.11633E+02   0.21563E+00   0.51507E+21
   0.21032E+03   0.11662E+02   0.21583E+00   0.51488E+21
   0.21053E+03   0.11690E+02   0.21603E+00   0.51470E+21
   0.21073E+03   0.11719E+02   0.21623E+00   0.51451E+21
   0.21094E+03   0.11748E+02   0.21643E+00   0.51432E+21
   0.21114E+03   0.11778E+02   0.21663E+00   0.51414E+21
   0.21135E+03   0.11807E+02   0.21683E+00   0.51395E+21
   0.21155E+03   0.11836E+02   0.21703E+00   0.51377E+21
   0.21176E+03   0.11865E+02   0.21723E+00   0.51359E+21
   0.21197E+03   0.11894E+02   0.21743E+00   0.51340E+21
   0.21217E+03   0.11924E+02   0.21763E+00   0.51322E+21
   0.21238E+03   0.11953E+02   0.21783E+00   0.51303E+21
   0.21258E+03   0.11982E+02   0.21803E+00   0.51285E+21
   0.21279E+03   0.12012E+02   0.21823E+00   0.51266E+21
   0.21300E+03   0.12041E+02   0.21843E+00   0.51248E+21
   0.21320E+03   0.12071E+02   0.21863E+00   0.51230E+21
   0.21341E+03   0.12101E+02   0.21883E+00   0.51211E+21
   0.21361E+03   0.12130E+02   0.21903E+00   0.51193E+21
   0.21382E+03   0.12160E+02   0.21923E+00   0.51175E+21
   0.21403E+03   0.12190E+02   0.21943E+00   0.51157E+21
   0.21423E+03   0.12220E+02   0.21963E+00   0.51138E+21
   0.21444E+03   0.12250E+02   0.21983E+00   0.51120E+21
   0.21465E+03   0.12279E+02   0.22003E+00   0.51102E+21
   0.21485E+03   0.12309E+02   0.22023E+00   0.51084E+21
   0.21506E+03   0.12339E+02   0.22043E+00   0.51066E+21
   0.21526E+03   0.12370E+02   0.22063E+00   0.51047E+21
   0.21547E+03   0.12400E+02   0.22083E+00   0.51029E+21
   0.21568E+03   0.12430E+02   0.22103E+00   0.51011E+21
   0.21588E+03   0.12460E+02   0.22123E+00   0.50993E+21
   0.21609E+03   0.12491E+02   0.22143E+00   0.50975E+21
   0.21630E+03   0.12521E+02   0.22163E+00   0.50957E+21
   0.21650E+03   0.12551E+02   0.22183E+00   0.50939E+21
   0.21671E+03   0.12582E+02   0.22203E+00   0.50921E+21
   0.21692E+03   0.12612E+02   0.22223E+00   0.50903E+21
   0.21712E+03   0.12643E+02   0.22243E+00   0.50885E+21
   0.21733E+03   0.12674E+02   0.22263E+00   0.50867E+21
   0.21754E+03   0.12704E+02   0.22283E+00   0.50849E+21
   0.21774E+03   0.12735E+02   0.22303E+00   0.50831E+21
   0.21795E+03   0.12766E+02   0.22323E+00   0.50813E+21
   0.21816E+03   0.12797E+02   0.22343E+00   0.50795E+21
   0.21836E+03   0.12827E+02   0.22363E+00   0.50777E+21
   0.21857E+03   0.12858E+02   0.22383E+00   0.50760E+21
   0.21878E+03   0.12889E+02   0.22403E+00   0.50742E+21
   0.21898E+03   0.12920E+02   0.22423E+00   0.50724E+21
   0.21919E+03   0.12952E+02   0.22443E+00   0.50706E+21
   0.21940E+03   0.12983E+02   0.22463E+00   0.50688E+21
   0.21960E+03   0.13014E+02   0.22483E+00   0.50671E+21
   0.21981E+03   0.13045E+02   0.22503E+00   0.50653E+21
   0.22002E+03   0.13077E+02   0.22523E+00   0.50635E+21
   0.22022E+03   0.13108E+02   0.22543E+00   0.50618E+21
   0.22043E+03   0.13139E+02   0.22563E+00   0.50600E+21
   0.22064E+03   0.13171E+02   0.22583E+00   0.50582E+21
   0.22085E+03   0.13202E+02   0.22603E+00   0.50565E+21
   0.22105E+03   0.13234E+02   0.22623E+00   0.50547E+21
   0.22126E+03   0.13266E+02   0.22643E+00   0.50530E+21
   0.22147E+03   0.13297E+02   0.22663E+00   0.50512E+21
   0.22167E+03   0.13329E+02   0.22683E+00   0.50495E+21
   0.22188E+03   0.13361E+02   0.22703E+00   0.50477E+21
   0.22209E+03   0.13393E+02   0.22723E+00   0.50460E+21
   0.22230E+03   0.13425E+02   0.22743E+00   0.50442E+21
   0.22250E+03   0.13457E+02   0.22763E+00   0.50425E+21
   0.22271E+03   0.13489E+02   0.22783E+00   0.50407E+21
   0.22292E+03   0.13521E+02   0.22803E+00   0.50390E+21
   0.22313E+03   0.13553E+02   0.22823E+00   0.50372E+21
   0.22333E+03   0.13585E+02   0.22843E+00   0.50355E+21
   0.22354E+03   0.13617E+02   0.22863E+00   0.50338E+21
   0.22375E+03   0.13650E+02   0.22883E+00   0.50320E+21
   0.22396E+03   0.13682E+02   0.22903E+00   0.50303E+21
   0.22416E+03   0.13715E+02   0.22923E+00   0.50286E+21
   0.22437E+03   0.13747E+02   0.22943E+00   0.50269E+21
   0.22458E+03   0.13780E+02   0.22963E+00   0.50251E+21
   0.22479E+03   0.13812E+02   0.22983E+00   0.50234E+21
   0.22499E+03   0.13845E+02   0.23003E+00   0.50217E+21
   0.22520E+03   0.13877E+02   0.23023E+00   0.50200E+21
   0.22541E+03   0.13910E+02   0.23043E+00   0.50183E+21
   0.22562E+03   0.13943E+02   0.23063E+00   0.50166E+21
   0.22582E+03   0.13976E+02   0.23083E+00   0.50149E+21
   0.22603E+03   0.14009E+02   0.23103E+00   0.50131E+21
   0.22624E+03   0.14042E+02   0.23123E+00   0.50114E+21
   0.22645E+03   0.14075E+02   0.23143E+00   0.50097E+21
   0.22666E+03   0.14108E+02   0.23163E+00   0.50080E+21
   0.22686E+03   0.14141E+02   0.23183E+00   0.50063E+21
   0.22707E+03   0.14174E+02   0.23203E+00   0.50046E+21
   0.22728E+03   0.14207E+02   0.23223E+00   0.50030E+21
   0.22749E+03   0.14241E+02   0.23243E+00   0.50013E+21
   0.22770E+03   0.14274E+02   0.23263E+00   0.49996E+21
   0.22790E+03   0.14307E+02   0.23283E+00   0.49979E+21
   0.22811E+03   0.14341E+02   0.23303E+00   0.49962E+21
   0.22832E+03   0.14374E+02   0.23323E+00   0.49945E+21
   0.22853E+03   0.14408E+02   0.23343E+00   0.49928E+21
   0.22874E+03   0.14442E+02   0.23363E+00   0.49912E+21
   0.22894E+03   0.14475E+02   0.23383E+00   0.49895E+21
   0.22915E+03   0.14509E+02   0.23403E+00   0.49878E+21
   0.22936E+03   0.14543E+02   0.23423E+00   0.49861E+21
   0.22957E+03   0.14577E+02   0.23443E+00   0.49845E+21
   0.22978E+03   0.14611E+02   0.23463E+00   0.49828E+21
   0.22999E+03   0.14645E+02   0.23483E+00   0.49812E+21
   0.23019E+03   0.14679E+02   0.23503E+00   0.49795E+21
   0.23040E+03   0.14713E+02   0.23523E+00   0.49778E+21
   0.23061E+03   0.14747E+02   0.23543E+00   0.49762E+21
   0.23082E+03   0.14781E+02   0.23563E+00   0.49745E+21
   0.23103E+03   0.14815E+02   0.23583E+00   0.49729E+21
   0.23124E+03   0.14850E+02   0.23603E+00   0.49712E+21
   0.23144E+03   0.14884E+02   0.23623E+00   0.49696E+21
   0.23165E+03   0.14918E+02   0.23643E+00   0.49679E+21
   0.23186E+03   0.14953E+02   0.23663E+00   0.49663E+21
   0.23207E+03   0.14987E+02   0.23683E+00   0.49646E+21
   0.23228E+03   0.15022E+02   0.23703E+00   0.49630E+21
   0.23249E+03   0.15057E+02   0.23723E+00   0.49614E+21
   0.23270E+03   0.15091E+02   0.23743E+00   0.49597E+21
   0.23291E+03   0.15126E+02   0.23763E+00   0.49581E+21
   0.23311E+03   0.15161E+02   0.23783E+00   0.49565E+21
   0.23332E+03   0.15196E+02   0.23803E+00   0.49549E+21
   0.23353E+03   0.15231E+02   0.23823E+00   0.49532E+21
   0.23374E+03   0.15266E+02   0.23843E+00   0.49516E+21
   0.23395E+03   0.15301E+02   0.23863E+00   0.49500E+21
   0.23416E+03   0.15336E+02   0.23883E+00   0.49484E+21
   0.23437E+03   0.15371E+02   0.23903E+00   0.49468E+21
   0.23458E+03   0.15406E+02   0.23923E+00   0.49452E+21
   0.23479E+03   0.15442E+02   0.23943E+00   0.49436E+21
   0.23499E+03   0.15477E+02   0.23963E+00   0.49419E+21
   0.23520E+03   0.15512E+02   0.23983E+00   0.49403E+21
   0.23541E+03   0.15548E+02   0.24003E+00   0.49387E+21
   0.23562E+03   0.15583E+02   0.24023E+00   0.49371E+21
   0.23583E+03   0.15619E+02   0.24043E+00   0.49355E+21
   0.23604E+03   0.15654E+02   0.24063E+00   0.49340E+21
   0.23625E+03   0.15690E+02   0.24083E+00   0.49324E+21
   0.23646E+03   0.15726E+02   0.24103E+00   0.49308E+21
   0.23667E+03   0.15762E+02   0.24123E+00   0.49292E+21
   0.23688E+03   0.15797E+02   0.24143E+00   0.49276E+21
   0.23709E+03   0.15833E+02   0.24163E+00   0.49260E+21
   0.23730E+03   0.15869E+02   0.24183E+00   0.49244E+21
   0.23751E+03   0.15905E+02   0.24203E+00   0.49229E+21
   0.23771E+03   0.15941E+02   0.24223E+00   0.49213E+21
   0.23792E+03   0.15978E+02   0.24243E+00   0.49197E+21
   0.23813E+03   0.16014E+02   0.24263E+00   0.49182E+21
   0.23834E+03   0.16050E+02   0.24283E+00   0.49166E+21
   0.23855E+03   0.16086E+02   0.24303E+00   0.49150E+21
   0.23876E+03   0.16123E+02   0.24323E+00   0.49135E+21
   0.23897E+03   0.16159E+02   0.24343E+00   0.49119E+21
   0.23918E+03   0.16196E+02   0.24363E+00   0.49103E+21
   0.23939E+03   0.16232E+02   0.24383E+00   0.49088E+21
   0.23960E+03   0.16269E+02   0.24403E+00   0.49072E+21
   0.23981E+03   0.16305E+02   0.24423E+00   0.49057E+21
   0.24002E+03   0.16342E+02   0.24443E+00   0.49041E+21
   0.24023E+03   0.16379E+02   0.24463E+00   0.49026E+21
   0.24044E+03   0.16416E+02   0.24483E+00   0.49011E+21
   0.24065E+03   0.16453E+02   0.24503E+00   0.48995E+21
   0.24086E+03   0.16490E+02   0.24523E+00   0.48980E+21
   0.24107E+03   0.16527E+02   0.24543E+00   0.48965E+21
   0.24128E+03   0.16564E+02   0.24563E+00   0.48949E+21
   0.24149E+03   0.16601E+02   0.24583E+00   0.48934E+21
   0.24170E+03   0.16638E+02   0.24603E+00   0.48919E+21
   0.24191E+03   0.16675E+02   0.24623E+00   0.48903E+21
   0.24212E+03   0.16713E+02   0.24643E+00   0.48888E+21
   0.24233E+03   0.16750E+02   0.24663E+00   0.48873E+21
   0.24254E+03   0.16787E+02   0.24683E+00   0.48858E+21
   0.24275E+03   0.16825E+02   0.24703E+00   0.48843E+21
   0.24296E+03   0.16862E+02   0.24723E+00   0.48828E+21
   0.24317E+03   0.16900E+02   0.24743E+00   0.97625E+21
   0.24338E+03   0.16938E+02   0.24763E+00   0.97595E+21
   0.24359E+03   0.16975E+02   0.24783E+00   0.97565E+21
   0.24380E+03   0.17013E+02   0.24803E+00   0.97535E+21
   0.24401E+03   0.17051E+02   0.24823E+00   0.97505E+21
   0.24422E+03   0.17089E+02   0.24843E+00   0.97475E+21
   0.24443E+03   0.17127E+02   0.24863E+00   0.97445E+21
   0.24464E+03   0.17165E+02   0.24883E+00   0.97416E+21
   0.24485E+03   0.17203E+02   0.24903E+00   0.97386E+21
   0.24506E+03   0.17241E+02   0.24923E+00   0.97356E+21
   0.24527E+03   0.17279E+02   0.24943E+00   0.97326E+21
   0.24548E+03   0.17317E+02   0.24963E+00   0.97297E+21
   0.24569E+03   0.17356E+02   0.24983E+00   0.97267E+21
   0.24591E+03   0.17394E+02   0.25003E+00   0.97238E+21
   0.24612E+03   0.17432E+02   0.25023E+00   0.97208E+21
   0.24633E+03   0.17471E+02   0.25043E+00   0.97179E+21
   0.24654E+03   0.17509E+02   0.25063E+00   0.97150E+21
   0.24675E+03   0.17548E+02   0.25083E+00   0.97120E+21
   0.24696E+03   0.17587E+02   0.25103E+00   0.97091E+21
   0.24717E+03   0.17625E+02   0.25123E+00   0.97062E+21
   0.24738E+03   0.17664E+02   0.25143E+00   0.97033E+21
   0.24759E+03   0.17703E+02   0.25163E+00   0.97004E+21
   0.24780E+03   0.17742E+02   0.25183E+00   0.96975E+21
   0.24801E+03   0.17781E+02   0.25203E+00   0.96946E+21
   0.24822E+03   0.17820E+02   0.25223E+00   0.96917E+21
   0.24844E+03   0.17859E+02   0.25243E+00   0.96888E+21
   0.24865E+03   0.17898E+02   0.25263E+00   0.96859E+21
   0.24886E+03   0.17937E+02   0.25283E+00   0.96831E+21
   0.24907E+03   0.17976E+02   0.25303E+00   0.96802E+21
   0.24928E+03   0.18016E+02   0.25323E+00   0.96773E+21
   0.24949E+03   0.18055E+02   0.25343E+00   0.96745E+21
   0.24970E+03   0.18095E+02   0.25363E+00   0.96716E+21
   0.24991E+03   0.18134E+02   0.25383E+00   0.96688E+21
   0.25012E+03   0.18174E+02   0.25403E+00   0.96659E+21
   0.25034E+03   0.18213E+02   0.25423E+00   0.96631E+21
   0.25055E+03   0.18253E+02   0.25443E+00   0.96603E+21
   0.25076E+03   0.18293E+02   0.25463E+00   0.96574E+21
   0.25097E+03   0.18332E+02   0.25483E+00   0.96546E+21
   0.25118E+03   0.18372E+02   0.25503E+00   0.96518E+21
   0.25139E+03   0.18412E+02   0.25523E+00   0.96490E+21
   0.25160E+03   0.18452E+02   0.25543E+00   0.96462E+21
   0.25181E+03   0.18492E+02   0.25563E+00   0.96434E+21
   0.25203E+03   0.18532E+02   0.25583E+00   0.96406E+21
   0.25224E+03   0.18572E+02   0.25603E+00   0.96378E+21
   0.25245E+03   0.18612E+02   0.25623E+00   0.96350E+21
   0.25266E+03   0.18653E+02   0.25643E+00   0.96322E+21
   0.25287E+03   0.18693E+02   0.25663E+00   0.96295E+21
   0.25308E+03   0.18733E+02   0.25683E+00   0.96267E+21
   0.25330E+03   0.18774E+02   0.25703E+00   0.96239E+21
   0.25351E+03   0.18814E+02   0.25723E+00   0.96212E+21
   0.25372E+03   0.18855E+02   0.25743E+00   0.96184E+21
   0.25393E+03   0.18896E+02   0.25763E+00   0.96157E+21
   0.25414E+03   0.18936E+02   0.25783E+00   0.96129E+21
   0.25435E+03   0.18977E+02   0.25803E+00   0.96102E+21
   0.25457E+03   0.19018E+02   0.25823E+00   0.96075E+21
   0.25478E+03   0.19059E+02   0.25843E+00   0.96047E+21
   0.25499E+03   0.19100E+02   0.25863E+00   0.96020E+21
   0.25520E+03   0.19141E+02   0.25883E+00   0.95993E+21
   0.25541E+03   0.19182E+02   0.25903E+00   0.95966E+21
   0.25563E+03   0.19223E+02   0.25923E+00   0.95939E+21
   0.25584E+03   0.19264E+02   0.25943E+00   0.95912E+21
   0.25605E+03   0.19305E+02   0.25963E+00   0.95885E+21
   0.25626E+03   0.19346E+02   0.25983E+00   0.95858E+21
   0.25648E+03   0.19388E+02   0.26003E+00   0.95831E+21
   0.25669E+03   0.19429E+02   0.26023E+00   0.95805E+21
   0.25690E+03   0.19471E+02   0.26043E+00   0.95778E+21
   0.25711E+03   0.19512E+02   0.26063E+00   0.95751E+21
   0.25732E+03   0.19554E+02   0.26083E+00   0.95725E+21
   0.25754E+03   0.19595E+02   0.26103E+00   0.95698E+21
   0.25775E+03   0.19637E+02   0.26123E+00   0.95672E+21
   0.25796E+03   0.19679E+02   0.26143E+00   0.95645E+21
   0.25817E+03   0.19721E+02   0.26163E+00   0.95619E+21
   0.25839E+03   0.19763E+02   0.26183E+00   0.95592E+21
   0.25860E+03   0.19805E+02   0.26203E+00   0.95566E+21
   0.25881E+03   0.19847E+02   0.26223E+00   0.95540E+21
   0.25902E+03   0.19889E+02   0.26243E+00   0.95514E+21
   0.25924E+03   0.19931E+02   0.26263E+00   0.95488E+21
   0.25945E+03   0.19973E+02   0.26283E+00   0.95462E+21
   0.25966E+03   0.20015E+02   0.26303E+00   0.95436E+21
   0.25987E+03   0.20058E+02   0.26323E+00   0.95410E+21
   0.26009E+03   0.20100E+02   0.26343E+00   0.95384E+21
   0.26030E+03   0.20142E+02   0.26363E+00   0.95358E+21
   0.26051E+03   0.20185E+02   0.26383E+00   0.95332E+21
   0.26073E+03   0.20228E+02   0.26403E+00   0.95306E+21
   0.26094E+03   0.20270E+02   0.26423E+00   0.95281E+21
   0.26115E+03   0.20313E+02   0.26443E+00   0.95255E+21
   0.26136E+03   0.20356E+02   0.26463E+00   0.95230E+21
   0.26158E+03   0.20398E+02   0.26483E+00   0.95204E+21
   0.26179E+03   0.20441E+02   0.26503E+00   0.95179E+21
   0.26200E+03   0.20484E+02   0.26523E+00   0.95153E+21
   0.26222E+03   0.20527E+02   0.26543E+00   0.95128E+21
   0.26243E+03   0.20570E+02   0.26563E+00   0.95103E+21
   0.26264E+03   0.20613E+02   0.26583E+00   0.95077E+21
   0.26285E+03   0.20656E+02   0.26603E+00   0.95052E+21
   0.26307E+03   0.20700E+02   0.26623E+00   0.95027E+21
   0.26328E+03   0.20743E+02   0.26643E+00   0.95002E+21
   0.26349E+03   0.20786E+02   0.26663E+00   0.94977E+21
   0.26371E+03   0.20830E+02   0.26683E+00   0.94952E+21
   0.26392E+03   0.20873E+02   0.26703E+00   0.94927E+21
   0.26413E+03   0.20917E+02   0.26723E+00   0.94902E+21
   0.26435E+03   0.20960E+02   0.26743E+00   0.94877E+21
   0.26456E+03   0.21004E+02   0.26763E+00   0.94853E+21
   0.26477E+03   0.21048E+02   0.26783E+00   0.94828E+21
   0.26499E+03   0.21092E+02   0.26803E+00   0.94803E+21
   0.26520E+03   0.21135E+02   0.26823E+00   0.94779E+21
   0.26542E+03   0.21179E+02   0.26843E+00   0.94754E+21
   0.26563E+03   0.21223E+02   0.26863E+00   0.94730E+21
   0.26584E+03   0.21267E+02   0.26883E+00   0.94705E+21
   0.26606E+03   0.21311E+02   0.26903E+00   0.94681E+21
   0.26627E+03   0.21356E+02   0.26923E+00   0.94657E+21
   0.26648E+03   0.21400E+02   0.26943E+00   0.94632E+21
   0.26670E+03   0.21444E+02   0.26963E+00   0.94608E+21
   0.26691E+03   0.21488E+02   0.26983E+00   0.94584E+21
   0.26712E+03   0.21533E+02   0.27003E+00   0.94560E+21
   0.26734E+03   0.21577E+02   0.27023E+00   0.94536E+21
   0.26755E+03   0.21622E+02   0.27043E+00   0.94512E+21
   0.26777E+03   0.21666E+02   0.27063E+00   0.94488E+21
   0.26798E+03   0.21711E+02   0.27083E+00   0.94464E+21
   0.26819E+03   0.21756E+02   0.27103E+00   0.94440E+21
   0.26841E+03   0.21801E+02   0.27123E+00   0.94417E+21
   0.26862E+03   0.21845E+02   0.27143E+00   0.94393E+21
   0.26884E+03   0.21890E+02   0.27163E+00   0.94369E+21
   0.26905E+03   0.21935E+02   0.27183E+00   0.94346E+21
   0.26926E+03   0.21980E+02   0.27203E+00   0.94322E+21
   0.26948E+03   0.22025E+02   0.27223E+00   0.94299E+21
   0.26969E+03   0.22070E+02   0.27243E+00   0.94275E+21
   0.26991E+03   0.22116E+02   0.27263E+00   0.94252E+21
   0.27012E+03   0.22161E+02   0.27283E+00   0.94229E+21
   0.27034E+03   0.22206E+02   0.27303E+00   0.94205E+21
   0.27055E+03   0.22252E+02   0.27323E+00   0.94182E+21
   0.27076E+03   0.22297E+02   0.27343E+00   0.94159E+21
   0.27098E+03   0.22343E+02   0.27363E+00   0.94136E+21
   0.27119E+03   0.22388E+02   0.27383E+00   0.94113E+21
   0.27141E+03   0.22434E+02   0.27403E+00   0.94090E+21
   0.27162E+03   0.22479E+02   0.27423E+00   0.94067E+21
   0.27184E+03   0.22525E+02   0.27443E+00   0.94044E+21
   0.27205E+03   0.22571E+02   0.27463E+00   0.94021E+21
   0.27227E+03   0.22617E+02   0.27483E+00   0.93998E+21
   0.27248E+03   0.22663E+02   0.27503E+00   0.93976E+21
   0.27269E+03   0.22709E+02   0.27523E+00   0.93953E+21
   0.27291E+03   0.22755E+02   0.27543E+00   0.93930E+21
   0.27312E+03   0.22801E+02   0.27563E+00   0.93908E+21
   0.27334E+03   0.22847E+02   0.27583E+00   0.93885E+21
   0.27355E+03   0.22893E+02   0.27603E+00   0.93863E+21
   0.27377E+03   0.22940E+02   0.27623E+00   0.93841E+21
   0.27398E+03   0.22986E+02   0.27643E+00   0.93818E+21
   0.27420E+03   0.23033E+02   0.27663E+00   0.93796E+21
   0.27441E+03   0.23079E+02   0.27683E+00   0.93774E+21
   0.27463E+03   0.23126E+02   0.27703E+00   0.93752E+21
   0.27484E+03   0.23172E+02   0.27723E+00   0.93730E+21
   0.27506E+03   0.23219E+02   0.27743E+00   0.93708E+21
   0.27527E+03   0.23266E+02   0.27763E+00   0.93686E+21
   0.27549E+03   0.23312E+02   0.27783E+00   0.93664E+21
   0.27570E+03   0.23359E+02   0.27803E+00   0.93642E+21
   0.27592E+03   0.23406E+02   0.27823E+00   0.93620E+21
   0.27613E+03   0.23453E+02   0.27843E+00   0.93598E+21
   0.27635E+03   0.23500E+02   0.27863E+00   0.93576E+21
   0.27656E+03   0.23547E+02   0.27883E+00   0.93555E+21
   0.27678E+03   0.23595E+02   0.27903E+00   0.93533E+21
   0.27699E+03   0.23642E+02   0.27923E+00   0.93512E+21
   0.27721E+03   0.23689E+02   0.27943E+00   0.93490E+21
   0.27742E+03   0.23737E+02   0.27963E+00   0.93469E+21
   0.27764E+03   0.23784E+02   0.27983E+00   0.93447E+21
   0.27786E+03   0.23831E+02   0.28003E+00   0.93426E+21
   0.27807E+03   0.23879E+02   0.28023E+00   0.93405E+21
   0.27829E+03   0.23927E+02   0.28043E+00   0.93383E+21
   0.27850E+03   0.23974E+02   0.28063E+00   0.93362E+21
   0.27872E+03   0.24022E+02   0.28083E+00   0.93341E+21
   0.27893E+03   0.24070E+02   0.28103E+00   0.93320E+21
   0.27915E+03   0.24118E+02   0.28123E+00   0.93299E+21
   0.27936E+03   0.24166E+02   0.28143E+00   0.93278E+21
   0.27958E+03   0.24214E+02   0.28163E+00   0.93257E+21
   0.27980E+03   0.24262E+02   0.28183E+00   0.93236E+21
   0.28001E+03   0.24310E+02   0.28203E+00   0.93216E+21
   0.28023E+03   0.24358E+02   0.28223E+00   0.93195E+21
   0.28044E+03   0.24406E+02   0.28243E+00   0.93174E+21
   0.28066E+03   0.24454E+02   0.28263E+00   0.93154E+21
   0.28088E+03   0.24503E+02   0.28283E+00   0.93133E+21
   0.28109E+03   0.24551E+02   0.28303E+00   0.93113E+21
   0.28131E+03   0.24600E+02   0.28323E+00   0.93092E+21
   0.28152E+03   0.24648E+02   0.28343E+00   0.93072E+21
   0.28174E+03   0.24697E+02   0.28363E+00   0.93051E+21
   0.28196E+03   0.24746E+02   0.28383E+00   0.93031E+21
   0.28217E+03   0.24794E+02   0.28403E+00   0.93011E+21
   0.28239E+03   0.24843E+02   0.28423E+00   0.92991E+21
   0.28260E+03   0.24892E+02   0.28443E+00   0.92970E+21
   0.28282E+03   0.24941E+02   0.28463E+00   0.92950E+21
   0.28304E+03   0.24990E+02   0.28483E+00   0.92930E+21
   0.28325E+03   0.25039E+02   0.28503E+00   0.92910E+21
   0.28347E+03   0.25088E+02   0.28523E+00   0.92891E+21
   0.28369E+03   0.25137E+02   0.28543E+00   0.92871E+21
   0.28390E+03   0.25186E+02   0.28563E+00   0.92851E+21
   0.28412E+03   0.25236E+02   0.28583E+00   0.92831E+21
   0.28434E+03   0.25285E+02   0.28603E+00   0.92811E+21
   0.28455E+03   0.25334E+02   0.28623E+00   0.92792E+21
   0.28477E+03   0.25384E+02   0.28643E+00   0.92772E+21
   0.28498E+03   0.25433E+02   0.28663E+00   0.92753E+21
   0.28520E+03   0.25483E+02   0.28683E+00   0.92733E+21
   0.28542E+03   0.25533E+02   0.28703E+00   0.92714E+21
   0.28563E+03   0.25582E+02   0.28723E+00   0.92694E+21
   0.28585E+03   0.25632E+02   0.28743E+00   0.92675E+21
   0.28607E+03   0.25682E+02   0.28763E+00   0.92656E+21
   0.28629E+03   0.25732E+02   0.28783E+00   0.92637E+21
   0.28650E+03   0.25782E+02   0.28803E+00   0.92618E+21
   0.28672E+03   0.25832E+02   0.28823E+00   0.92598E+21
   0.28694E+03   0.25882E+02   0.28843E+00   0.92579E+21
   0.28715E+03   0.25932E+02   0.28863E+00   0.92560E+21
   0.28737E+03   0.25982E+02   0.28883E+00   0.92542E+21
   0.28759E+03   0.26033E+02   0.28903E+00   0.92523E+21
   0.28780E+03   0.26083E+02   0.28923E+00   0.92504E+21
   0.28802E+03   0.26133E+02   0.28943E+00   0.92485E+21
   0.28824E+03   0.26184E+02   0.28963E+00   0.92466E+21
   0.28845E+03   0.26234E+02   0.28983E+00   0.92448E+21
   0.28867E+03   0.26285E+02   0.29003E+00   0.92429E+21
   0.28889E+03   0.26336E+02   0.29023E+00   0.92411E+21
   0.28911E+03   0.26386E+02   0.29043E+00   0.92392E+21
   0.28932E+03   0.26437E+02   0.29063E+00   0.92374E+21
   0.28954E+03   0.26488E+02   0.29083E+00   0.92355E+21
   0.28976E+03   0.26539E+02   0.29103E+00   0.92337E+21
   0.28998E+03   0.26590E+02   0.29123E+00   0.92319E+21
   0.29019E+03   0.26641E+02   0.29143E+00   0.92300E+21
   0.29041E+03   0.26692E+02   0.29163E+00   0.92282E+21
   0.29063E+03   0.26743E+02   0.29183E+00   0.92264E+21
   0.29085E+03   0.26794E+02   0.29203E+00   0.92246E+21
   0.29106E+03   0.26846E+02   0.29223E+00   0.92228E+21
   0.29128E+03   0.26897E+02   0.29243E+00   0.92210E+21
   0.29150E+03   0.26948E+02   0.29263E+00   0.92192E+21
   0.29172E+03   0.27000E+02   0.29283E+00   0.92174E+21
   0.29193E+03   0.27051E+02   0.29303E+00   0.92157E+21
   0.29215E+03   0.27103E+02   0.29323E+00   0.92139E+21
   0.29237E+03   0.27155E+02   0.29343E+00   0.92121E+21
   0.29259E+03   0.27206E+02   0.29363E+00   0.92103E+21
   0.29281E+03   0.27258E+02   0.29383E+00   0.92086E+21
   0.29302E+03   0.27310E+02   0.29403E+00   0.92068E+21
   0.29324E+03   0.27362E+02   0.29423E+00   0.92051E+21
   0.29346E+03   0.27414E+02   0.29443E+00   0.92033E+21
   0.29368E+03   0.27466E+02   0.29463E+00   0.92016E+21
   0.29389E+03   0.27518E+02   0.29483E+00   0.91999E+21
   0.29411E+03   0.27570E+02   0.29503E+00   0.91982E+21
   0.29433E+03   0.27622E+02   0.29523E+00   0.91964E+21
   0.29455E+03   0.27674E+02   0.29543E+00   0.91947E+21
   0.29477E+03   0.27727E+02   0.29563E+00   0.91930E+21
   0.29499E+03   0.27779E+02   0.29583E+00   0.91913E+21
   0.29520E+03   0.27832E+02   0.29603E+00   0.91896E+21
   0.29542E+03   0.27884E+02   0.29623E+00   0.91879E+21
   0.29564E+03   0.27937E+02   0.29643E+00   0.91862E+21
   0.29586E+03   0.27989E+02   0.29663E+00   0.91845E+21
   0.29608E+03   0.28042E+02   0.29683E+00   0.91829E+21
   0.29630E+03   0.28095E+02   0.29703E+00   0.91812E+21
   0.29651E+03   0.28148E+02   0.29723E+00   0.91795E+21
   0.29673E+03   0.28201E+02   0.29743E+00   0.91779E+21
   0.29695E+03   0.28254E+02   0.29763E+00   0.91762E+21
   0.29717E+03   0.28307E+02   0.29783E+00   0.91746E+21
   0.29739E+03   0.28360E+02   0.29803E+00   0.91729E+21
   0.29761E+03   0.28413E+02   0.29823E+00   0.91713E+21
   0.29783E+03   0.28466E+02   0.29843E+00   0.91696E+21
   0.29804E+03   0.28519E+02   0.29863E+00   0.91680E+21
   0.29826E+03   0.28573E+02   0.29883E+00   0.91664E+21
   0.29848E+03   0.28626E+02   0.29903E+00   0.91648E+21
   0.29870E+03   0.28679E+02   0.29923E+00   0.91632E+21
   0.29892E+03   0.28733E+02   0.29943E+00   0.91615E+21
   0.29914E+03   0.28786E+02   0.29963E+00   0.91599E+21
   0.29936E+03   0.28840E+02   0.29983E+00   0.91583E+21
   0.29958E+03   0.28894E+02   0.30003E+00   0.91567E+21
   0.29979E+03   0.28948E+02   0.30023E+00   0.91552E+21
   0.30001E+03   0.29001E+02   0.30043E+00   0.91536E+21
   0.30023E+03   0.29055E+02   0.30063E+00   0.91520E+21
   0.30045E+03   0.29109E+02   0.30083E+00   0.91504E+21
   0.30067E+03   0.29163E+02   0.30103E+00   0.91489E+21
   0.30089E+03   0.29217E+02   0.30123E+00   0.91473E+21
   0.30111E+03   0.29271E+02   0.30143E+00   0.91457E+21
   0.30133E+03   0.29326E+02   0.30163E+00   0.91442E+21
   0.30155E+03   0.29380E+02   0.30183E+00   0.91427E+21
   0.30177E+03   0.29434E+02   0.30203E+00   0.91411E+21
   0.30199E+03   0.29488E+02   0.30223E+00   0.91396E+21
   0.30221E+03   0.29543E+02   0.30243E+00   0.91380E+21
   0.30243E+03   0.29597E+02   0.30263E+00   0.91365E+21
   0.30264E+03   0.29652E+02   0.30283E+00   0.91350E+21
   0.30286E+03   0.29707E+02   0.30303E+00   0.91335E+21
   0.30308E+03   0.29761E+02   0.30323E+00   0.91320E+21
   0.30330E+03   0.29816E+02   0.30343E+00   0.91305E+21
   0.30352E+03   0.29871E+02   0.30363E+00   0.91290E+21
   0.30374E+03   0.29926E+02   0.30383E+00   0.91275E+21
   0.30396E+03   0.29981E+02   0.30403E+00   0.91260E+21
   0.30418E+03   0.30036E+02   0.30423E+00   0.91245E+21
   0.30440E+03   0.30091E+02   0.30443E+00   0.91230E+21
   0.30462E+03   0.30146E+02   0.30463E+00   0.91216E+21
   0.30484E+03   0.30201E+02   0.30483E+00   0.91201E+21
   0.30506E+03   0.30256E+02   0.30503E+00   0.91186E+21
   0.30528E+03   0.30311E+02   0.30523E+00   0.91172E+21
   0.30550E+03   0.30367E+02   0.30543E+00   0.91157E+21
   0.30572E+03   0.30422E+02   0.30563E+00   0.91143E+21
   0.30594E+03   0.30478E+02   0.30583E+00   0.91128E+21
   0.30616E+03   0.30533E+02   0.30603E+00   0.91114E+21
   0.30638E+03   0.30589E+02   0.30623E+00   0.91100E+21
   0.30660E+03   0.30645E+02   0.30643E+00   0.91086E+21
   0.30682E+03   0.30700E+02   0.30663E+00   0.91071E+21
   0.30704E+03   0.30756E+02   0.30683E+00   0.91057E+21
   0.30726E+03   0.30812E+02   0.30703E+00   0.91043E+21
   0.30748E+03   0.30868E+02   0.30723E+00   0.91029E+21
   0.30770E+03   0.30924E+02   0.30743E+00   0.91015E+21
   0.30792E+03   0.30980E+02   0.30763E+00   0.91001E+21
   0.30814E+03   0.31036E+02   0.30783E+00   0.90987E+21
   0.30836E+03   0.31092E+02   0.30803E+00   0.90973E+21
   0.30858E+03   0.31148E+02   0.30823E+00   0.90960E+21
   0.30880E+03   0.31205E+02   0.30843E+00   0.90946E+21
   0.30902E+03   0.31261E+02   0.30863E+00   0.90932E+21
   0.30924E+03   0.31317E+02   0.30883E+00   0.90919E+21
   0.30947E+03   0.31374E+02   0.30903E+00   0.90905E+21
   0.30969E+03   0.31430E+02   0.30923E+00   0.90891E+21
   0.30991E+03   0.31487E+02   0.30943E+00   0.90878E+21
   0.31013E+03   0.31544E+02   0.30963E+00   0.90864E+21
   0.31035E+03   0.31600E+02   0.30983E+00   0.90851E+21
   0.31057E+03   0.31657E+02   0.31003E+00   0.90838E+21
   0.31079E+03   0.31714E+02   0.31023E+00   0.90825E+21
   0.31101E+03   0.31771E+02   0.31043E+00   0.90811E+21
   0.31123E+03   0.31828E+02   0.31063E+00   0.90798E+21
   0.31145E+03   0.31885E+02   0.31083E+00   0.90785E+21
   0.31167E+03   0.31942E+02   0.31103E+00   0.90772E+21
   0.31189E+03   0.31999E+02   0.31123E+00   0.90759E+21
   0.31212E+03   0.32056E+02   0.31143E+00   0.90746E+21
   0.31234E+03   0.32113E+02   0.31163E+00   0.90733E+21
   0.31256E+03   0.32171E+02   0.31183E+00   0.90720E+21
   0.31278E+03   0.32228E+02   0.31203E+00   0.90707E+21
   0.31300E+03   0.32286E+02   0.31223E+00   0.90695E+21
   0.31322E+03   0.32343E+02   0.31243E+00   0.90682E+21
   0.31344E+03   0.32401E+02   0.31263E+00   0.90669E+21
   0.31366E+03   0.32458E+02   0.31283E+00   0.90657E+21
   0.31388E+03   0.32516E+02   0.31303E+00   0.90644E+21
   0.31411E+03   0.32574E+02   0.31323E+00   0.90631E+21
   0.31433E+03   0.32632E+02   0.31343E+00   0.90619E+21
   0.31455E+03   0.32689E+02   0.31363E+00   0.90607E+21
   0.31477E+03   0.32747E+02   0.31383E+00   0.90594E+21
   0.31499E+03   0.32805E+02   0.31403E+00   0.90582E+21
   0.31521E+03   0.32863E+02   0.31423E+00   0.90570E+21
   0.31543E+03   0.32922E+02   0.31443E+00   0.90557E+21
   0.31566E+03   0.32980E+02   0.31463E+00   0.90545E+21
   0.31588E+03   0.33038E+02   0.31483E+00   0.90533E+21
   0.31610E+03   0.33096E+02   0.31503E+00   0.90521E+21
   0.31632E+03   0.33155E+02   0.31523E+00   0.90509E+21
   0.31654E+03   0.33213E+02   0.31543E+00   0.90497E+21
   0.31676E+03   0.33272E+02   0.31563E+00   0.90485E+21
   0.31699E+03   0.33330E+02   0.31583E+00   0.90473E+21
   0.31721E+03   0.33389E+02   0.31603E+00   0.90461E+21
   0.31743E+03   0.33447E+02   0.31623E+00   0.90450E+21
   0.31765E+03   0.33506E+02   0.31643E+00   0.90438E+21
   0.31787E+03   0.33565E+02   0.31663E+00   0.90426E+21
   0.31810E+03   0.33624E+02   0.31683E+00   0.90415E+21
   0.31832E+03   0.33683E+02   0.31703E+00   0.90403E+21
   0.31854E+03   0.33742E+02   0.31723E+00   0.90392E+21
   0.31876E+03   0.33801E+02   0.31743E+00   0.90380E+21
   0.31898E+03   0.33860E+02   0.31763E+00   0.90369E+21
   0.31921E+03   0.33919E+02   0.31783E+00   0.90357E+21
   0.31943E+03   0.33978E+02   0.31803E+00   0.90346E+21
   0.31965E+03   0.34037E+02   0.31823E+00   0.90335E+21
   0.31987E+03   0.34097E+02   0.31843E+00   0.90324E+21
   0.32010E+03   0.34156E+02   0.31863E+00   0.90312E+21
   0.32032E+03   0.34215E+02   0.31883E+00   0.90301E+21
   0.32054E+03   0.34275E+02   0.31903E+00   0.90290E+21
   0.32076E+03   0.34335E+02   0.31923E+00   0.90279E+21
   0.32099E+03   0.34394E+02   0.31943E+00   0.90268E+21
   0.32121E+03   0.34454E+02   0.31963E+00   0.90257E+21
   0.32143E+03   0.34514E+02   0.31983E+00   0.90246E+21
   0.32165E+03   0.34573E+02   0.32003E+00   0.90236E+21
   0.32188E+03   0.34633E+02   0.32023E+00   0.90225E+21
   0.32210E+03   0.34693E+02   0.32043E+00   0.90214E+21
   0.32232E+03   0.34753E+02   0.32063E+00   0.90203E+21
   0.32254E+03   0.34813E+02   0.32083E+00   0.90193E+21
   0.32277E+03   0.34873E+02   0.32103E+00   0.90182E+21
   0.32299E+03   0.34934E+02   0.32123E+00   0.90172E+21
   0.32321E+03   0.34994E+02   0.32143E+00   0.90161E+21
   0.32344E+03   0.35054E+02   0.32163E+00   0.90151E+21
   0.32366E+03   0.35114E+02   0.32183E+00   0.90140E+21
   0.32388E+03   0.35175E+02   0.32203E+00   0.90130E+21
   0.32410E+03   0.35235E+02   0.32223E+00   0.90120E+21
   0.32433E+03   0.35296E+02   0.32243E+00   0.90109E+21
   0.32455E+03   0.35357E+02   0.32263E+00   0.90099E+21
   0.32477E+03   0.35417E+02   0.32283E+00   0.90089E+21
   0.32500E+03   0.35478E+02   0.32303E+00   0.90079E+21
   0.32522E+03   0.35539E+02   0.32323E+00   0.90069E+21
   0.32544E+03   0.35599E+02   0.32343E+00   0.90059E+21
   0.32567E+03   0.35660E+02   0.32363E+00   0.90049E+21
   0.32589E+03   0.35721E+02   0.32383E+00   0.90039E+21
   0.32611E+03   0.35782E+02   0.32403E+00   0.90029E+21
   0.32634E+03   0.35843E+02   0.32423E+00   0.90019E+21
   0.32656E+03   0.35905E+02   0.32443E+00   0.90010E+21
   0.32678E+03   0.35966E+02   0.32463E+00   0.90000E+21
   0.32701E+03   0.36027E+02   0.32483E+00   0.89990E+21
   0.32723E+03   0.36088E+02   0.32503E+00   0.89981E+21
   0.32745E+03   0.36150E+02   0.32523E+00   0.89971E+21
   0.32768E+03   0.36211E+02   0.32543E+00   0.89961E+21
   0.32790E+03   0.36273E+02   0.32563E+00   0.89952E+21
   0.32813E+03   0.36334E+02   0.32583E+00   0.89943E+21
   0.32835E+03   0.36396E+02   0.32603E+00   0.89933E+21
   0.32857E+03   0.36457E+02   0.32623E+00   0.89924E+21
   0.32880E+03   0.36519E+02   0.32643E+00   0.89915E+21
   0.32902E+03   0.36581E+02   0.32663E+00   0.89905E+21
   0.32924E+03   0.36643E+02   0.32683E+00   0.89896E+21
   0.32947E+03   0.36705E+02   0.32703E+00   0.89887E+21
   0.32969E+03   0.36767E+02   0.32723E+00   0.89878E+21
   0.32992E+03   0.36829E+02   0.32743E+00   0.89869E+21
   0.33014E+03   0.36891E+02   0.32763E+00   0.89860E+21
   0.33036E+03   0.36953E+02   0.32783E+00   0.89851E+21
   0.33059E+03   0.37015E+02   0.32803E+00   0.89842E+21
   0.33081E+03   0.37077E+02   0.32823E+00   0.89833E+21
   0.33104E+03   0.37140E+02   0.32843E+00   0.89824E+21
   0.33126E+03   0.37202E+02   0.32863E+00   0.89816E+21
   0.33149E+03   0.37265E+02   0.32883E+00   0.89807E+21
   0.33171E+03   0.37327E+02   0.32903E+00   0.89798E+21
   0.33193E+03   0.37390E+02   0.32923E+00   0.89790E+21
   0.33216E+03   0.37452E+02   0.32943E+00   0.89781E+21
   0.33238E+03   0.37515E+02   0.32963E+00   0.89772E+21
   0.33261E+03   0.37578E+02   0.32983E+00   0.89764E+21
   0.33283E+03   0.37641E+02   0.33003E+00   0.89755E+21
   0.33306E+03   0.37703E+02   0.33023E+00   0.89747E+21
   0.33328E+03   0.37766E+02   0.33043E+00   0.89739E+21
   0.33351E+03   0.37829E+02   0.33063E+00   0.89730E+21
   0.33373E+03   0.37892E+02   0.33083E+00   0.89722E+21
   0.33395E+03   0.37955E+02   0.33103E+00   0.89714E+21
   0.33418E+03   0.38019E+02   0.33123E+00   0.89706E+21
   0.33440E+03   0.38082E+02   0.33143E+00   0.89698E+21
   0.33463E+03   0.38145E+02   0.33163E+00   0.89690E+21
   0.33485E+03   0.38208E+02   0.33183E+00   0.89682E+21
   0.33508E+03   0.38272E+02   0.33203E+00   0.89674E+21
   0.33530E+03   0.38335E+02   0.33223E+00   0.89666E+21
   0.33553E+03   0.38399E+02   0.33243E+00   0.89658E+21
   0.33575E+03   0.38462E+02   0.33263E+00   0.89650E+21
   0.33598E+03   0.38526E+02   0.33283E+00   0.89642E+21
   0.33620E+03   0.38590E+02   0.33303E+00   0.89634E+21
   0.33643E+03   0.38653E+02   0.33323E+00   0.89627E+21
   0.33665E+03   0.38717E+02   0.33343E+00   0.89619E+21
   0.33688E+03   0.38781E+02   0.33363E+00   0.89611E+21
   0.33710E+03   0.38845E+02   0.33383E+00   0.89604E+21
   0.33733E+03   0.38909E+02   0.33403E+00   0.89596E+21
   0.33755E+03   0.38973E+02   0.33423E+00   0.89589E+21
   0.33778E+03   0.39037E+02   0.33443E+00   0.89582E+21
   0.33801E+03   0.39101E+02   0.33463E+00   0.89574E+21
   0.33823E+03   0.39165E+02   0.33483E+00   0.89567E+21
   0.33846E+03   0.39230E+02   0.33503E+00   0.89560E+21
   0.33868E+03   0.39294E+02   0.33523E+00   0.89552E+21
   0.33891E+03   0.39358E+02   0.33543E+00   0.89545E+21
   0.33913E+03   0.39423E+02   0.33563E+00   0.89538E+21
   0.33936E+03   0.39487E+02   0.33583E+00   0.89531E+21
   0.33958E+03   0.39552E+02   0.33603E+00   0.89524E+21
   0.33981E+03   0.39617E+02   0.33623E+00   0.89517E+21
   0.34004E+03   0.39681E+02   0.33643E+00   0.89510E+21
   0.34026E+03   0.39746E+02   0.33663E+00   0.89503E+21
   0.34049E+03   0.39811E+02   0.33683E+00   0.89496E+21
   0.34071E+03   0.39876E+02   0.33703E+00   0.89489E+21
   0.34094E+03   0.39941E+02   0.33723E+00   0.89482E+21
   0.34116E+03   0.40006E+02   0.33743E+00   0.89476E+21
   0.34139E+03   0.40071E+02   0.33763E+00   0.89469E+21
   0.34162E+03   0.40136E+02   0.33783E+00   0.89462E+21
   0.34184E+03   0.40201E+02   0.33803E+00   0.89456E+21
   0.34207E+03   0.40266E+02   0.33823E+00   0.89449E+21
   0.34229E+03   0.40331E+02   0.33843E+00   0.89442E+21
   0.34252E+03   0.40397E+02   0.33863E+00   0.89436E+21
   0.34275E+03   0.40462E+02   0.33883E+00   0.89430E+21
   0.34297E+03   0.40527E+02   0.33903E+00   0.89423E+21
   0.34320E+03   0.40593E+02   0.33923E+00   0.89417E+21
   0.34343E+03   0.40658E+02   0.33943E+00   0.89411E+21
   0.34365E+03   0.40724E+02   0.33963E+00   0.89404E+21
   0.34388E+03   0.40790E+02   0.33983E+00   0.89398E+21
   0.34411E+03   0.40855E+02   0.34003E+00   0.89392E+21
   0.34433E+03   0.40921E+02   0.34023E+00   0.89386E+21
   0.34456E+03   0.40987E+02   0.34043E+00   0.89380E+21
   0.34478E+03   0.41053E+02   0.34063E+00   0.89374E+21
   0.34501E+03   0.41119E+02   0.34083E+00   0.89368E+21
   0.34524E+03   0.41185E+02   0.34103E+00   0.89362E+21
   0.34546E+03   0.41251E+02   0.34123E+00   0.89356E+21
   0.34569E+03   0.41317E+02   0.34143E+00   0.89350E+21
   0.34592E+03   0.41383E+02   0.34163E+00   0.89344E+21
   0.34614E+03   0.41450E+02   0.34183E+00   0.89338E+21
   0.34637E+03   0.41516E+02   0.34203E+00   0.89333E+21
   0.34660E+03   0.41582E+02   0.34223E+00   0.89327E+21
   0.34682E+03   0.41649E+02   0.34243E+00   0.89321E+21
   0.34705E+03   0.41715E+02   0.34263E+00   0.89316E+21
   0.34728E+03   0.41782E+02   0.34283E+00   0.89310E+21
   0.34751E+03   0.41848E+02   0.34303E+00   0.89305E+21
   0.34773E+03   0.41915E+02   0.34323E+00   0.89299E+21
   0.34796E+03   0.41982E+02   0.34343E+00   0.89294E+21
   0.34819E+03   0.42048E+02   0.34363E+00   0.89288E+21
   0.34841E+03   0.42115E+02   0.34383E+00   0.89283E+21
   0.34864E+03   0.42182E+02   0.34403E+00   0.89278E+21
   0.34887E+03   0.42249E+02   0.34423E+00   0.89272E+21
   0.34910E+03   0.42316E+02   0.34443E+00   0.89267E+21
   0.34932E+03   0.42383E+02   0.34463E+00   0.89262E+21
   0.34955E+03   0.42450E+02   0.34483E+00   0.89257E+21
   0.34978E+03   0.42517E+02   0.34503E+00   0.89252E+21
   0.35001E+03   0.42585E+02   0.34523E+00   0.89247E+21
   0.35023E+03   0.42652E+02   0.34543E+00   0.89242E+21
   0.35046E+03   0.42719E+02   0.34563E+00   0.89237E+21
   0.35069E+03   0.42786E+02   0.34583E+00   0.89232E+21
   0.35092E+03   0.42854E+02   0.34603E+00   0.89227E+21
   0.35114E+03   0.42921E+02   0.34623E+00   0.89222E+21
   0.35137E+03   0.42989E+02   0.34643E+00   0.89218E+21
   0.35160E+03   0.43057E+02   0.34663E+00   0.89213E+21
   0.35183E+03   0.43124E+02   0.34683E+00   0.89208E+21
   0.35205E+03   0.43192E+02   0.34703E+00   0.89203E+21
   0.35228E+03   0.43260E+02   0.34723E+00   0.89199E+21
   0.35251E+03   0.43328E+02   0.34743E+00   0.89194E+21
   0.35274E+03   0.43396E+02   0.34763E+00   0.89190E+21
   0.35297E+03   0.43463E+02   0.34783E+00   0.89185E+21
   0.35319E+03   0.43532E+02   0.34803E+00   0.89181E+21
   0.35342E+03   0.43600E+02   0.34823E+00   0.89176E+21
   0.35365E+03   0.43668E+02   0.34843E+00   0.89172E+21
   0.35388E+03   0.43736E+02   0.34863E+00   0.89168E+21
   0.35411E+03   0.43804E+02   0.34883E+00   0.89163E+21
   0.35433E+03   0.43872E+02   0.34903E+00   0.89159E+21
   0.35456E+03   0.43941E+02   0.34923E+00   0.89155E+21
   0.35479E+03   0.44009E+02   0.34943E+00   0.89151E+21
   0.35502E+03   0.44078E+02   0.34963E+00   0.89147E+21
   0.35525E+03   0.44146E+02   0.34983E+00   0.89143E+21
   0.35548E+03   0.44215E+02   0.35003E+00   0.89139E+21
   0.35570E+03   0.44283E+02   0.35023E+00   0.89135E+21
   0.35593E+03   0.44352E+02   0.35043E+00   0.89131E+21
   0.35616E+03   0.44421E+02   0.35063E+00   0.89127E+21
   0.35639E+03   0.44490E+02   0.35083E+00   0.89123E+21
   0.35662E+03   0.44558E+02   0.35103E+00   0.89119E+21
   0.35685E+03   0.44627E+02   0.35123E+00   0.89115E+21
   0.35707E+03   0.44696E+02   0.35143E+00   0.89112E+21
   0.35730E+03   0.44765E+02   0.35163E+00   0.89108E+21
   0.35753E+03   0.44834E+02   0.35183E+00   0.89104E+21
   0.35776E+03   0.44904E+02   0.35203E+00   0.89101E+21
   0.35799E+03   0.44973E+02   0.35223E+00   0.89097E+21
   0.35822E+03   0.45042E+02   0.35243E+00   0.89094E+21
   0.35845E+03   0.45111E+02   0.35263E+00   0.89090E+21
   0.35868E+03   0.45181E+02   0.35283E+00   0.89087E+21
   0.35891E+03   0.45250E+02   0.35303E+00   0.89083E+21
   0.35913E+03   0.45320E+02   0.35323E+00   0.89080E+21
   0.35936E+03   0.45389E+02   0.35343E+00   0.89077E+21
   0.35959E+03   0.45459E+02   0.35363E+00   0.89073E+21
   0.35982E+03   0.45528E+02   0.35383E+00   0.89070E+21
   0.36005E+03   0.45598E+02   0.35403E+00   0.89067E+21
   0.36028E+03   0.45668E+02   0.35423E+00   0.89064E+21
   0.36051E+03   0.45738E+02   0.35443E+00   0.89061E+21
   0.36074E+03   0.45807E+02   0.35463E+00   0.89058E+21
   0.36097E+03   0.45877E+02   0.35483E+00   0.89055E+21
   0.36120E+03   0.45947E+02   0.35503E+00   0.89052E+21
   0.36143E+03   0.46017E+02   0.35523E+00   0.89049E+21
   0.36166E+03   0.46087E+02   0.35543E+00   0.89046E+21
   0.36188E+03   0.46158E+02   0.35563E+00   0.89043E+21
   0.36211E+03   0.46228E+02   0.35583E+00   0.89040E+21
   0.36234E+03   0.46298E+02   0.35603E+00   0.89037E+21
   0.36257E+03   0.46368E+02   0.35623E+00   0.89034E+21
   0.36280E+03   0.46439E+02   0.35643E+00   0.89032E+21
   0.36303E+03   0.46509E+02   0.35663E+00   0.89029E+21
   0.36326E+03   0.46580E+02   0.35683E+00   0.89026E+21
   0.36349E+03   0.46650E+02   0.35703E+00   0.89024E+21
   0.36372E+03   0.46721E+02   0.35723E+00   0.89021E+21
   0.36395E+03   0.46791E+02   0.35743E+00   0.89019E+21
   0.36418E+03   0.46862E+02   0.35763E+00   0.89016E+21
   0.36441E+03   0.46933E+02   0.35783E+00   0.89014E+21
   0.36464E+03   0.47003E+02   0.35803E+00   0.89011E+21
   0.36487E+03   0.47074E+02   0.35823E+00   0.89009E+21
   0.36510E+03   0.47145E+02   0.35843E+00   0.89007E+21
   0.36533E+03   0.47216E+02   0.35863E+00   0.89004E+21
   0.36556E+03   0.47287E+02   0.35883E+00   0.89002E+21
   0.36579E+03   0.47358E+02   0.35903E+00   0.89000E+21
   0.36602E+03   0.47429E+02   0.35923E+00   0.88998E+21
   0.36625E+03   0.47501E+02   0.35943E+00   0.88996E+21
   0.36648E+03   0.47572E+02   0.35963E+00   0.88994E+21
   0.36671E+03   0.47643E+02   0.35983E+00   0.88992E+21
   0.36694E+03   0.47714E+02   0.36003E+00   0.88990E+21
   0.36717E+03   0.47786E+02   0.36023E+00   0.88988E+21
   0.36740E+03   0.47857E+02   0.36043E+00   0.88986E+21
   0.36763E+03   0.47929E+02   0.36063E+00   0.88984E+21
   0.36786E+03   0.48000E+02   0.36083E+00   0.88982E+21
   0.36810E+03   0.48072E+02   0.36103E+00   0.88980E+21
   0.36833E+03   0.48144E+02   0.36123E+00   0.88978E+21
   0.36856E+03   0.48215E+02   0.36143E+00   0.88977E+21
   0.36879E+03   0.48287E+02   0.36163E+00   0.88975E+21
   0.36902E+03   0.48359E+02   0.36183E+00   0.88973E+21
   0.36925E+03   0.48431E+02   0.36203E+00   0.88972E+21
   0.36948E+03   0.48503E+02   0.36223E+00   0.88970E+21
   0.36971E+03   0.48575E+02   0.36243E+00   0.88969E+21
   0.36994E+03   0.48647E+02   0.36263E+00   0.88967E+21
   0.37017E+03   0.48719E+02   0.36283E+00   0.88966E+21
   0.37040E+03   0.48791E+02   0.36303E+00   0.88964E+21
   0.37063E+03   0.48863E+02   0.36323E+00   0.88963E+21
   0.37086E+03   0.48936E+02   0.36343E+00   0.88962E+21
   0.37110E+03   0.49008E+02   0.36363E+00   0.88960E+21
   0.37133E+03   0.49080E+02   0.36383E+00   0.88959E+21
   0.37156E+03   0.49153E+02   0.36403E+00   0.88958E+21
   0.37179E+03   0.49225E+02   0.36423E+00   0.88957E+21
   0.37202E+03   0.49298E+02   0.36443E+00   0.88955E+21
   0.37225E+03   0.49370E+02   0.36463E+00   0.88954E+21
   0.37248E+03   0.49443E+02   0.36483E+00   0.88953E+21
   0.37271E+03   0.49516E+02   0.36503E+00   0.88952E+21
   0.37295E+03   0.49588E+02   0.36523E+00   0.88951E+21
   0.37318E+03   0.49661E+02   0.36543E+00   0.88950E+21
   0.37341E+03   0.49734E+02   0.36563E+00   0.88949E+21
   0.37364E+03   0.49807E+02   0.36583E+00   0.88948E+21
   0.37387E+03   0.49880E+02   0.36603E+00   0.88948E+21
   0.37410E+03   0.49953E+02   0.36623E+00   0.88947E+21
   0.37433E+03   0.50026E+02   0.36643E+00   0.88946E+21
   0.37457E+03   0.50099E+02   0.36663E+00   0.88945E+21
   0.37480E+03   0.50172E+02   0.36683E+00   0.88945E+21
   0.37503E+03   0.50246E+02   0.36703E+00   0.88944E+21
   0.37526E+03   0.50319E+02   0.36723E+00   0.88943E+21
   0.37549E+03   0.50392E+02   0.36743E+00   0.88943E+21
   0.37572E+03   0.50466E+02   0.36763E+00   0.88942E+21
   0.37596E+03   0.50539E+02   0.36783E+00   0.88942E+21
   0.37619E+03   0.50613E+02   0.36803E+00   0.88941E+21
   0.37642E+03   0.50686E+02   0.36823E+00   0.88941E+21
   0.37665E+03   0.50760E+02   0.36843E+00   0.88940E+21
   0.37688E+03   0.50833E+02   0.36863E+00   0.88940E+21
   0.37712E+03   0.50907E+02   0.36883E+00   0.88940E+21
   0.37735E+03   0.50981E+02   0.36903E+00   0.88939E+21
   0.37758E+03   0.51055E+02   0.36923E+00   0.88939E+21
   0.37781E+03   0.51129E+02   0.36943E+00   0.88939E+21
   0.37805E+03   0.51203E+02   0.36963E+00   0.88939E+21
   0.37828E+03   0.51277E+02   0.36983E+00   0.88939E+21
   0.37851E+03   0.51351E+02   0.37003E+00   0.88938E+21
   0.37874E+03   0.51425E+02   0.37023E+00   0.88938E+21
   0.37897E+03   0.51499E+02   0.37043E+00   0.88938E+21
   0.37921E+03   0.51573E+02   0.37063E+00   0.88938E+21
   0.37944E+03   0.51647E+02   0.37083E+00   0.88938E+21
   0.37967E+03   0.51721E+02   0.37103E+00   0.88939E+21
   0.37990E+03   0.51796E+02   0.37123E+00   0.88939E+21
   0.38014E+03   0.51870E+02   0.37143E+00   0.88939E+21
   0.38037E+03   0.51945E+02   0.37163E+00   0.88939E+21
   0.38060E+03   0.52019E+02   0.37183E+00   0.88939E+21
   0.38084E+03   0.52094E+02   0.37203E+00   0.88939E+21
   0.38107E+03   0.52168E+02   0.37223E+00   0.88940E+21
   0.38130E+03   0.52243E+02   0.37243E+00   0.88940E+21
   0.38153E+03   0.52318E+02   0.37263E+00   0.88940E+21
   0.38177E+03   0.52392E+02   0.37283E+00   0.88941E+21
   0.38200E+03   0.52467E+02   0.37303E+00   0.88941E+21
   0.38223E+03   0.52542E+02   0.37323E+00   0.88942E+21
   0.38247E+03   0.52617E+02   0.37343E+00   0.88942E+21
   0.38270E+03   0.52692E+02   0.37363E+00   0.88943E+21
   0.38293E+03   0.52767E+02   0.37383E+00   0.88943E+21
   0.38316E+03   0.52842E+02   0.37403E+00   0.88944E+21
   0.38340E+03   0.52917E+02   0.37423E+00   0.88945E+21
   0.38363E+03   0.52992E+02   0.37443E+00   0.88945E+21
   0.38386E+03   0.53068E+02   0.37463E+00   0.88946E+21
   0.38410E+03   0.53143E+02   0.37483E+00   0.88947E+21
   0.38433E+03   0.53218E+02   0.37503E+00   0.88948E+21
   0.38456E+03   0.53294E+02   0.37523E+00   0.88949E+21
   0.38480E+03   0.53369E+02   0.37543E+00   0.88949E+21
   0.38503E+03   0.53445E+02   0.37563E+00   0.88950E+21
   0.38526E+03   0.53520E+02   0.37583E+00   0.88951E+21
   0.38550E+03   0.53596E+02   0.37603E+00   0.88952E+21
   0.38573E+03   0.53671E+02   0.37623E+00   0.88953E+21
   0.38597E+03   0.53747E+02   0.37643E+00   0.88954E+21
   0.38620E+03   0.53823E+02   0.37663E+00   0.88955E+21
   0.38643E+03   0.53899E+02   0.37683E+00   0.88957E+21
   0.38667E+03   0.53975E+02   0.37703E+00   0.88958E+21
   0.38690E+03   0.54050E+02   0.37723E+00   0.88959E+21
   0.38713E+03   0.54126E+02   0.37743E+00   0.88960E+21
   0.38737E+03   0.54202E+02   0.37763E+00   0.88961E+21
   0.38760E+03   0.54279E+02   0.37783E+00   0.88963E+21
   0.38784E+03   0.54355E+02   0.37803E+00   0.88964E+21
   0.38807E+03   0.54431E+02   0.37823E+00   0.88965E+21
   0.38830E+03   0.54507E+02   0.37843E+00   0.88967E+21
   0.38854E+03   0.54583E+02   0.37863E+00   0.88968E+21
   0.38877E+03   0.54660E+02   0.37883E+00   0.88970E+21
   0.38901E+03   0.54736E+02   0.37903E+00   0.88971E+21
   0.38924E+03   0.54812E+02   0.37923E+00   0.88973E+21
   0.38947E+03   0.54889E+02   0.37943E+00   0.88974E+21
   0.38971E+03   0.54965E+02   0.37963E+00   0.88976E+21
   0.38994E+03   0.55042E+02   0.37983E+00   0.88977E+21
   0.39018E+03   0.55119E+02   0.38003E+00   0.88979E+21
   0.39041E+03   0.55195E+02   0.38023E+00   0.88981E+21
   0.39065E+03   0.55272E+02   0.38043E+00   0.88983E+21
   0.39088E+03   0.55349E+02   0.38063E+00   0.88984E+21
   0.39111E+03   0.55426E+02   0.38083E+00   0.88986E+21
   0.39135E+03   0.55502E+02   0.38103E+00   0.88988E+21
   0.39158E+03   0.55579E+02   0.38123E+00   0.88990E+21
   0.39182E+03   0.55656E+02   0.38143E+00   0.88992E+21
   0.39205E+03   0.55733E+02   0.38163E+00   0.88994E+21
   0.39229E+03   0.55811E+02   0.38183E+00   0.88996E+21
   0.39252E+03   0.55888E+02   0.38203E+00   0.88998E+21
   0.39276E+03   0.55965E+02   0.38223E+00   0.89000E+21
   0.39299E+03   0.56042E+02   0.38243E+00   0.89002E+21
   0.39323E+03   0.56119E+02   0.38263E+00   0.89004E+21
   0.39346E+03   0.56197E+02   0.38283E+00   0.89006E+21
   0.39370E+03   0.56274E+02   0.38303E+00   0.89008E+21
   0.39393E+03   0.56351E+02   0.38323E+00   0.89011E+21
   0.39417E+03   0.56429E+02   0.38343E+00   0.89013E+21
   0.39440E+03   0.56507E+02   0.38363E+00   0.89015E+21
   0.39464E+03   0.56584E+02   0.38383E+00   0.89017E+21
   0.39487E+03   0.56662E+02   0.38403E+00   0.89020E+21
   0.39511E+03   0.56739E+02   0.38423E+00   0.89022E+21
   0.39534E+03   0.56817E+02   0.38443E+00   0.89025E+21
   0.39558E+03   0.56895E+02   0.38463E+00   0.89027E+21
   0.39581E+03   0.56973E+02   0.38483E+00   0.89030E+21
   0.39605E+03   0.57051E+02   0.38503E+00   0.89032E+21
   0.39628E+03   0.57129E+02   0.38523E+00   0.89035E+21
   0.39652E+03   0.57207E+02   0.38543E+00   0.89037E+21
   0.39675E+03   0.57285E+02   0.38563E+00   0.89040E+21
   0.39699E+03   0.57363E+02   0.38583E+00   0.89042E+21
   0.39723E+03   0.57441E+02   0.38603E+00   0.89045E+21
   0.39746E+03   0.57519E+02   0.38623E+00   0.89048E+21
   0.39770E+03   0.57597E+02   0.38643E+00   0.89051E+21
   0.39793E+03   0.57676E+02   0.38663E+00   0.89053E+21
   0.39817E+03   0.57754E+02   0.38683E+00   0.89056E+21
   0.39840E+03   0.57832E+02   0.38703E+00   0.89059E+21
   0.39864E+03   0.57911E+02   0.38723E+00   0.89062E+21
   0.39888E+03   0.57989E+02   0.38743E+00   0.89065E+21
   0.39911E+03   0.58068E+02   0.38763E+00   0.89068E+21
   0.39935E+03   0.58146E+02   0.38783E+00   0.89071E+21
   0.39958E+03   0.58225E+02   0.38803E+00   0.89074E+21
   0.39982E+03   0.58304E+02   0.38823E+00   0.89077E+21
   0.40006E+03   0.58382E+02   0.38843E+00   0.89080E+21
   0.40029E+03   0.58461E+02   0.38863E+00   0.89083E+21
   0.40053E+03   0.58540E+02   0.38883E+00   0.89086E+21
   0.40076E+03   0.58619E+02   0.38903E+00   0.89089E+21
   0.40100E+03   0.58698E+02   0.38923E+00   0.89093E+21
   0.40124E+03   0.58777E+02   0.38943E+00   0.89096E+21
   0.40147E+03   0.58856E+02   0.38963E+00   0.89099E+21
   0.40171E+03   0.58935E+02   0.38983E+00   0.89102E+21
   0.40195E+03   0.59014E+02   0.39003E+00   0.89106E+21
   0.40218E+03   0.59093E+02   0.39023E+00   0.89109E+21
   0.40242E+03   0.59173E+02   0.39043E+00   0.89112E+21
   0.40265E+03   0.59252E+02   0.39063E+00   0.89116E+21
   0.40289E+03   0.59331E+02   0.39083E+00   0.89119E+21
   0.40313E+03   0.59410E+02   0.39103E+00   0.89123E+21
   0.40336E+03   0.59490E+02   0.39123E+00   0.89126E+21
   0.40360E+03   0.59569E+02   0.39143E+00   0.89130E+21
   0.40384E+03   0.59649E+02   0.39163E+00   0.89134E+21
   0.40407E+03   0.59728E+02   0.39183E+00   0.89137E+21
   0.40431E+03   0.59808E+02   0.39203E+00   0.89141E+21
   0.40455E+03   0.59888E+02   0.39223E+00   0.89145E+21
   0.40478E+03   0.59967E+02   0.39243E+00   0.89148E+21
   0.40502E+03   0.60047E+02   0.39263E+00   0.89152E+21
   0.40526E+03   0.60127E+02   0.39283E+00   0.89156E+21
   0.40550E+03   0.60207E+02   0.39303E+00   0.89160E+21
   0.40573E+03   0.60287E+02   0.39323E+00   0.89163E+21
   0.40597E+03   0.60367E+02   0.39343E+00   0.89167E+21
   0.40621E+03   0.60447E+02   0.39363E+00   0.89171E+21
   0.40644E+03   0.60527E+02   0.39383E+00   0.89175E+21
   0.40668E+03   0.60607E+02   0.39403E+00   0.89179E+21
   0.40692E+03   0.60687E+02   0.39423E+00   0.89183E+21
   0.40716E+03   0.60767E+02   0.39443E+00   0.89187E+21
   0.40739E+03   0.60848E+02   0.39463E+00   0.89191E+21
   0.40763E+03   0.60928E+02   0.39483E+00   0.89195E+21
   0.40787E+03   0.61008E+02   0.39503E+00   0.89199E+21
   0.40810E+03   0.61089E+02   0.39523E+00   0.89204E+21
   0.40834E+03   0.61169E+02   0.39543E+00   0.89208E+21
   0.40858E+03   0.61250E+02   0.39563E+00   0.89212E+21
   0.40882E+03   0.61330E+02   0.39583E+00   0.89216E+21
   0.40905E+03   0.61411E+02   0.39603E+00   0.89220E+21
   0.40929E+03   0.61491E+02   0.39623E+00   0.89225E+21
   0.40953E+03   0.61572E+02   0.39643E+00   0.89229E+21
   0.40977E+03   0.61653E+02   0.39663E+00   0.89233E+21
   0.41001E+03   0.61734E+02   0.39683E+00   0.89238E+21
   0.41024E+03   0.61814E+02   0.39703E+00   0.89242E+21
   0.41048E+03   0.61895E+02   0.39723E+00   0.89247E+21
   0.41072E+03   0.61976E+02   0.39743E+00   0.89251E+21
   0.41096E+03   0.62057E+02   0.39763E+00   0.89256E+21
   0.41119E+03   0.62138E+02   0.39783E+00   0.89260E+21
   0.41143E+03   0.62219E+02   0.39803E+00   0.89265E+21
   0.41167E+03   0.62300E+02   0.39823E+00   0.89270E+21
   0.41191E+03   0.62382E+02   0.39843E+00   0.89274E+21
   0.41215E+03   0.62463E+02   0.39863E+00   0.89279E+21
   0.41239E+03   0.62544E+02   0.39883E+00   0.89284E+21
   0.41262E+03   0.62625E+02   0.39903E+00   0.89288E+21
   0.41286E+03   0.62707E+02   0.39923E+00   0.89293E+21
   0.41310E+03   0.62788E+02   0.39943E+00   0.89298E+21
   0.41334E+03   0.62870E+02   0.39963E+00   0.89303E+21
   0.41358E+03   0.62951E+02   0.39983E+00   0.89308E+21
   0.41381E+03   0.63033E+02   0.40003E+00   0.89312E+21
   0.41405E+03   0.63114E+02   0.40023E+00   0.89317E+21
   0.41429E+03   0.63196E+02   0.40043E+00   0.89322E+21
   0.41453E+03   0.63277E+02   0.40063E+00   0.89327E+21
   0.41477E+03   0.63359E+02   0.40083E+00   0.89332E+21
   0.41501E+03   0.63441E+02   0.40103E+00   0.89337E+21
   0.41525E+03   0.63523E+02   0.40123E+00   0.89342E+21
   0.41548E+03   0.63605E+02   0.40143E+00   0.89347E+21
   0.41572E+03   0.63687E+02   0.40163E+00   0.89353E+21
   0.41596E+03   0.63769E+02   0.40183E+00   0.89358E+21
   0.41620E+03   0.63851E+02   0.40203E+00   0.89363E+21
   0.41644E+03   0.63933E+02   0.40223E+00   0.89368E+21
   0.41668E+03   0.64015E+02   0.40243E+00   0.89373E+21
   0.41692E+03   0.64097E+02   0.40263E+00   0.89379E+21
   0.41716E+03   0.64179E+02   0.40283E+00   0.89384E+21
   0.41740E+03   0.64261E+02   0.40303E+00   0.89389E+21
   0.41763E+03   0.64344E+02   0.40323E+00   0.89395E+21
   0.41787E+03   0.64426E+02   0.40343E+00   0.89400E+21
   0.41811E+03   0.64508E+02   0.40363E+00   0.89405E+21
   0.41835E+03   0.64591E+02   0.40383E+00   0.89411E+21
   0.41859E+03   0.64673E+02   0.40403E+00   0.89416E+21
   0.41883E+03   0.64756E+02   0.40423E+00   0.89422E+21
   0.41907E+03   0.64838E+02   0.40443E+00   0.89427E+21
   0.41931E+03   0.64921E+02   0.40463E+00   0.89433E+21
   0.41955E+03   0.65004E+02   0.40483E+00   0.89439E+21
   0.41979E+03   0.65086E+02   0.40503E+00   0.89444E+21
   0.42003E+03   0.65169E+02   0.40523E+00   0.89450E+21
   0.42027E+03   0.65252E+02   0.40543E+00   0.89455E+21
   0.42051E+03   0.65335E+02   0.40563E+00   0.89461E+21
   0.42075E+03   0.65418E+02   0.40583E+00   0.89467E+21
   0.42099E+03   0.65501E+02   0.40603E+00   0.89473E+21
   0.42122E+03   0.65584E+02   0.40623E+00   0.89478E+21
   0.42146E+03   0.65667E+02   0.40643E+00   0.89484E+21
   0.42170E+03   0.65750E+02   0.40663E+00   0.89490E+21
   0.42194E+03   0.65833E+02   0.40683E+00   0.89496E+21
   0.42218E+03   0.65916E+02   0.40703E+00   0.89502E+21
   0.42242E+03   0.65999E+02   0.40723E+00   0.89508E+21
   0.42266E+03   0.66083E+02   0.40743E+00   0.89514E+21
   0.42290E+03   0.66166E+02   0.40763E+00   0.89520E+21
   0.42314E+03   0.66249E+02   0.40783E+00   0.89526E+21
   0.42338E+03   0.66333E+02   0.40803E+00   0.89532E+21
   0.42362E+03   0.66416E+02   0.40823E+00   0.89538E+21
   0.42386E+03   0.66500E+02   0.40843E+00   0.89544E+21
   0.42410E+03   0.66583E+02   0.40863E+00   0.89550E+21
   0.42434E+03   0.66667E+02   0.40883E+00   0.89556E+21
   0.42458E+03   0.66751E+02   0.40903E+00   0.89562E+21
   0.42482E+03   0.66834E+02   0.40923E+00   0.89569E+21
   0.42506E+03   0.66918E+02   0.40943E+00   0.89575E+21
   0.42531E+03   0.67002E+02   0.40963E+00   0.89581E+21
   0.42555E+03   0.67086E+02   0.40983E+00   0.89588E+21
   0.42579E+03   0.67169E+02   0.41003E+00   0.89594E+21
   0.42603E+03   0.67253E+02   0.41023E+00   0.89600E+21
   0.42627E+03   0.67337E+02   0.41043E+00   0.89607E+21
   0.42651E+03   0.67421E+02   0.41063E+00   0.89613E+21
   0.42675E+03   0.67505E+02   0.41083E+00   0.89619E+21
   0.42699E+03   0.67589E+02   0.41103E+00   0.89626E+21
   0.42723E+03   0.67674E+02   0.41123E+00   0.89632E+21
   0.42747E+03   0.67758E+02   0.41143E+00   0.89639E+21
   0.42771E+03   0.67842E+02   0.41163E+00   0.89645E+21
   0.42795E+03   0.67926E+02   0.41183E+00   0.89652E+21
   0.42819E+03   0.68011E+02   0.41203E+00   0.89659E+21
   0.42843E+03   0.68095E+02   0.41223E+00   0.89665E+21
   0.42867E+03   0.68179E+02   0.41243E+00   0.89672E+21
   0.42892E+03   0.68264E+02   0.41263E+00   0.89679E+21
   0.42916E+03   0.68348E+02   0.41283E+00   0.89685E+21
   0.42940E+03   0.68433E+02   0.41303E+00   0.89692E+21
   0.42964E+03   0.68517E+02   0.41323E+00   0.89699E+21
   0.42988E+03   0.68602E+02   0.41343E+00   0.89706E+21
   0.43012E+03   0.68687E+02   0.41363E+00   0.89712E+21
   0.43036E+03   0.68772E+02   0.41383E+00   0.89719E+21
   0.43060E+03   0.68856E+02   0.41403E+00   0.89726E+21
   0.43084E+03   0.68941E+02   0.41423E+00   0.89733E+21
   0.43109E+03   0.69026E+02   0.41443E+00   0.89740E+21
   0.43133E+03   0.69111E+02   0.41463E+00   0.89747E+21
   0.43157E+03   0.69196E+02   0.41483E+00   0.89754E+21
   0.43181E+03   0.69281E+02   0.41503E+00   0.89761E+21
   0.43205E+03   0.69366E+02   0.41523E+00   0.89768E+21
   0.43229E+03   0.69451E+02   0.41543E+00   0.89775E+21
   0.43253E+03   0.69536E+02   0.41563E+00   0.89782E+21
   0.43278E+03   0.69621E+02   0.41583E+00   0.89789E+21
   0.43302E+03   0.69706E+02   0.41603E+00   0.89796E+21
   0.43326E+03   0.69792E+02   0.41623E+00   0.89804E+21
   0.43350E+03   0.69877E+02   0.41643E+00   0.89811E+21
   0.43374E+03   0.69962E+02   0.41663E+00   0.89818E+21
   0.43399E+03   0.70048E+02   0.41683E+00   0.89825E+21
   0.43423E+03   0.70133E+02   0.41703E+00   0.89833E+21
   0.43447E+03   0.70219E+02   0.41723E+00   0.89840E+21
   0.43471E+03   0.70304E+02   0.41743E+00   0.89847E+21
   0.43495E+03   0.70390E+02   0.41763E+00   0.89855E+21
   0.43519E+03   0.70475E+02   0.41783E+00   0.89862E+21
   0.43544E+03   0.70561E+02   0.41803E+00   0.89869E+21
   0.43568E+03   0.70647E+02   0.41823E+00   0.89877E+21
   0.43592E+03   0.70733E+02   0.41843E+00   0.89884E+21
   0.43616E+03   0.70818E+02   0.41863E+00   0.89892E+21
   0.43641E+03   0.70904E+02   0.41883E+00   0.89899E+21
   0.43665E+03   0.70990E+02   0.41903E+00   0.89907E+21
   0.43689E+03   0.71076E+02   0.41923E+00   0.89914E+21
   0.43713E+03   0.71162E+02   0.41943E+00   0.89922E+21
   0.43737E+03   0.71248E+02   0.41963E+00   0.89930E+21
   0.43762E+03   0.71334E+02   0.41983E+00   0.89937E+21
   0.43786E+03   0.71420E+02   0.42003E+00   0.89945E+21
   0.43810E+03   0.71506E+02   0.42023E+00   0.89953E+21
   0.43834E+03   0.71593E+02   0.42043E+00   0.89960E+21
   0.43859E+03   0.71679E+02   0.42063E+00   0.89968E+21
   0.43883E+03   0.71765E+02   0.42083E+00   0.89976E+21
   0.43907E+03   0.71851E+02   0.42103E+00   0.89984E+21
   0.43932E+03   0.71938E+02   0.42123E+00   0.89991E+21
   0.43956E+03   0.72024E+02   0.42143E+00   0.89999E+21
   0.43980E+03   0.72111E+02   0.42163E+00   0.90007E+21
   0.44004E+03   0.72197E+02   0.42183E+00   0.90015E+21
   0.44029E+03   0.72284E+02   0.42203E+00   0.90023E+21
   0.44053E+03   0.72370E+02   0.42223E+00   0.90031E+21
   0.44077E+03   0.72457E+02   0.42243E+00   0.90039E+21
   0.44102E+03   0.72544E+02   0.42263E+00   0.90047E+21
   0.44126E+03   0.72630E+02   0.42283E+00   0.90055E+21
   0.44150E+03   0.72717E+02   0.42303E+00   0.90063E+21
   0.44175E+03   0.72804E+02   0.42323E+00   0.90071E+21
   0.44199E+03   0.72891E+02   0.42343E+00   0.90079E+21
   0.44223E+03   0.72978E+02   0.42363E+00   0.90087E+21
   0.44247E+03   0.73064E+02   0.42383E+00   0.90096E+21
   0.44272E+03   0.73151E+02   0.42403E+00   0.90104E+21
   0.44296E+03   0.73238E+02   0.42423E+00   0.90112E+21
   0.44320E+03   0.73325E+02   0.42443E+00   0.90120E+21
   0.44345E+03   0.73413E+02   0.42463E+00   0.90128E+21
   0.44369E+03   0.73500E+02   0.42483E+00   0.90137E+21
   0.44394E+03   0.73587E+02   0.42503E+00   0.90145E+21
   0.44418E+03   0.73674E+02   0.42523E+00   0.90153E+21
   0.44442E+03   0.73761E+02   0.42543E+00   0.90162E+21
   0.44467E+03   0.73849E+02   0.42563E+00   0.90170E+21
   0.44491E+03   0.73936E+02   0.42583E+00   0.90178E+21
   0.44515E+03   0.74024E+02   0.42603E+00   0.90187E+21
   0.44540E+03   0.74111E+02   0.42623E+00   0.90195E+21
   0.44564E+03   0.74198E+02   0.42643E+00   0.90204E+21
   0.44588E+03   0.74286E+02   0.42663E+00   0.90212E+21
   0.44613E+03   0.74374E+02   0.42683E+00   0.90221E+21
   0.44637E+03   0.74461E+02   0.42703E+00   0.90229E+21
   0.44662E+03   0.74549E+02   0.42723E+00   0.90238E+21
   0.44686E+03   0.74637E+02   0.42743E+00   0.90247E+21
   0.44710E+03   0.74724E+02   0.42763E+00   0.90255E+21
   0.44735E+03   0.74812E+02   0.42783E+00   0.90264E+21
   0.44759E+03   0.74900E+02   0.42803E+00   0.90273E+21
   0.44784E+03   0.74988E+02   0.42823E+00   0.90281E+21
   0.44808E+03   0.75076E+02   0.42843E+00   0.90290E+21
   0.44833E+03   0.75164E+02   0.42863E+00   0.90299E+21
   0.44857E+03   0.75252E+02   0.42883E+00   0.90308E+21
   0.44881E+03   0.75340E+02   0.42903E+00   0.90316E+21
   0.44906E+03   0.75428E+02   0.42923E+00   0.90325E+21
   0.44930E+03   0.75516E+02   0.42943E+00   0.90334E+21
   0.44955E+03   0.75604E+02   0.42963E+00   0.90343E+21
   0.44979E+03   0.75692E+02   0.42983E+00   0.90352E+21
   0.45004E+03   0.75781E+02   0.43003E+00   0.90361E+21
   0.45028E+03   0.75869E+02   0.43023E+00   0.90370E+21
   0.45053E+03   0.75957E+02   0.43043E+00   0.90379E+21
   0.45077E+03   0.76046E+02   0.43063E+00   0.90388E+21
   0.45101E+03   0.76134E+02   0.43083E+00   0.90397E+21
   0.45126E+03   0.76222E+02   0.43103E+00   0.90406E+21
   0.45150E+03   0.76311E+02   0.43123E+00   0.90415E+21
   0.45175E+03   0.76399E+02   0.43143E+00   0.90424E+21
   0.45199E+03   0.76488E+02   0.43163E+00   0.90433E+21
   0.45224E+03   0.76577E+02   0.43183E+00   0.90442E+21
   0.45248E+03   0.76665E+02   0.43203E+00   0.90451E+21
   0.45273E+03   0.76754E+02   0.43223E+00   0.90460E+21
   0.45297E+03   0.76843E+02   0.43243E+00   0.90470E+21
   0.45322E+03   0.76932E+02   0.43263E+00   0.90479E+21
   0.45346E+03   0.77020E+02   0.43283E+00   0.90488E+21
   0.45371E+03   0.77109E+02   0.43303E+00   0.90497E+21
   0.45395E+03   0.77198E+02   0.43323E+00   0.90507E+21
   0.45420E+03   0.77287E+02   0.43343E+00   0.90516E+21
   0.45444E+03   0.77376E+02   0.43363E+00   0.90525E+21
   0.45469E+03   0.77465E+02   0.43383E+00   0.90535E+21
   0.45494E+03   0.77554E+02   0.43403E+00   0.90544E+21
   0.45518E+03   0.77644E+02   0.43423E+00   0.90554E+21
   0.45543E+03   0.77733E+02   0.43443E+00   0.90563E+21
   0.45567E+03   0.77822E+02   0.43463E+00   0.90573E+21
   0.45592E+03   0.77911E+02   0.43483E+00   0.90582E+21
   0.45616E+03   0.78000E+02   0.43503E+00   0.90592E+21
   0.45641E+03   0.78090E+02   0.43523E+00   0.90601E+21
   0.45665E+03   0.78179E+02   0.43543E+00   0.90611E+21
   0.45690E+03   0.78269E+02   0.43563E+00   0.90620E+21
   0.45715E+03   0.78358E+02   0.43583E+00   0.90630E+21
   0.45739E+03   0.78448E+02   0.43603E+00   0.90639E+21
   0.45764E+03   0.78537E+02   0.43623E+00   0.90649E+21
   0.45788E+03   0.78627E+02   0.43643E+00   0.90659E+21
   0.45813E+03   0.78716E+02   0.43663E+00   0.90668E+21
   0.45837E+03   0.78806E+02   0.43683E+00   0.90678E+21
   0.45862E+03   0.78896E+02   0.43703E+00   0.90688E+21
   0.45887E+03   0.78985E+02   0.43723E+00   0.90698E+21
   0.45911E+03   0.79075E+02   0.43743E+00   0.90707E+21
   0.45936E+03   0.79165E+02   0.43763E+00   0.90717E+21
   0.45960E+03   0.79255E+02   0.43783E+00   0.90727E+21
   0.45985E+03   0.79345E+02   0.43803E+00   0.90737E+21
   0.46010E+03   0.79435E+02   0.43823E+00   0.90747E+21
   0.46034E+03   0.79525E+02   0.43843E+00   0.90757E+21
   0.46059E+03   0.79615E+02   0.43863E+00   0.90767E+21
   0.46084E+03   0.79705E+02   0.43883E+00   0.90777E+21
   0.46108E+03   0.79795E+02   0.43903E+00   0.90787E+21
   0.46133E+03   0.79885E+02   0.43923E+00   0.90797E+21
   0.46158E+03   0.79975E+02   0.43943E+00   0.90807E+21
   0.46182E+03   0.80066E+02   0.43963E+00   0.90817E+21
   0.46207E+03   0.80156E+02   0.43983E+00   0.90827E+21
   0.46231E+03   0.80246E+02   0.44003E+00   0.90837E+21
   0.46256E+03   0.80337E+02   0.44023E+00   0.90847E+21
   0.46281E+03   0.80427E+02   0.44043E+00   0.90857E+21
   0.46305E+03   0.80517E+02   0.44063E+00   0.90867E+21
   0.46330E+03   0.80608E+02   0.44083E+00   0.90877E+21
   0.46355E+03   0.80698E+02   0.44103E+00   0.90888E+21
   0.46380E+03   0.80789E+02   0.44123E+00   0.90898E+21
   0.46404E+03   0.80880E+02   0.44143E+00   0.90908E+21
   0.46429E+03   0.80970E+02   0.44163E+00   0.90918E+21
   0.46454E+03   0.81061E+02   0.44183E+00   0.90929E+21
   0.46478E+03   0.81152E+02   0.44203E+00   0.90939E+21
   0.46503E+03   0.81242E+02   0.44223E+00   0.90949E+21
   0.46528E+03   0.81333E+02   0.44243E+00   0.90960E+21
   0.46552E+03   0.81424E+02   0.44263E+00   0.90970E+21
   0.46577E+03   0.81515E+02   0.44283E+00   0.90980E+21
   0.46602E+03   0.81606E+02   0.44303E+00   0.90991E+21
   0.46627E+03   0.81697E+02   0.44323E+00   0.91001E+21
   0.46651E+03   0.81788E+02   0.44343E+00   0.91012E+21
   0.46676E+03   0.81879E+02   0.44363E+00   0.91022E+21
   0.46701E+03   0.81970E+02   0.44383E+00   0.91033E+21
   0.46726E+03   0.82061E+02   0.44403E+00   0.91043E+21
   0.46750E+03   0.82152E+02   0.44423E+00   0.91054E+21
   0.46775E+03   0.82243E+02   0.44443E+00   0.91064E+21
   0.46800E+03   0.82335E+02   0.44463E+00   0.91075E+21
   0.46825E+03   0.82426E+02   0.44483E+00   0.91086E+21
   0.46849E+03   0.82517E+02   0.44503E+00   0.91096E+21
   0.46874E+03   0.82609E+02   0.44523E+00   0.91107E+21
   0.46899E+03   0.82700E+02   0.44543E+00   0.91117E+21
   0.46924E+03   0.82791E+02   0.44563E+00   0.91128E+21
   0.46948E+03   0.82883E+02   0.44583E+00   0.91139E+21
   0.46973E+03   0.82974E+02   0.44603E+00   0.91150E+21
   0.46998E+03   0.83066E+02   0.44623E+00   0.91160E+21
   0.47023E+03   0.83158E+02   0.44643E+00   0.91171E+21
   0.47048E+03   0.83249E+02   0.44663E+00   0.91182E+21
   0.47072E+03   0.83341E+02   0.44683E+00   0.91193E+21
   0.47097E+03   0.83433E+02   0.44703E+00   0.91204E+21
   0.47122E+03   0.83524E+02   0.44723E+00   0.91215E+21
   0.47147E+03   0.83616E+02   0.44743E+00   0.91225E+21
   0.47172E+03   0.83708E+02   0.44763E+00   0.91236E+21
   0.47196E+03   0.83800E+02   0.44783E+00   0.91247E+21
   0.47221E+03   0.83892E+02   0.44803E+00   0.91258E+21
   0.47246E+03   0.83984E+02   0.44823E+00   0.91269E+21
   0.47271E+03   0.84076E+02   0.44843E+00   0.91280E+21
   0.47296E+03   0.84168E+02   0.44863E+00   0.91291E+21
   0.47321E+03   0.84260E+02   0.44883E+00   0.91302E+21
   0.47345E+03   0.84352E+02   0.44903E+00   0.91313E+21
   0.47370E+03   0.84444E+02   0.44923E+00   0.91324E+21
   0.47395E+03   0.84536E+02   0.44943E+00   0.91336E+21
   0.47420E+03   0.84628E+02   0.44963E+00   0.91347E+21
   0.47445E+03   0.84721E+02   0.44983E+00   0.91358E+21
   0.47470E+03   0.84813E+02   0.45003E+00   0.91369E+21
   0.47494E+03   0.84905E+02   0.45023E+00   0.91380E+21
   0.47519E+03   0.84998E+02   0.45043E+00   0.91391E+21
   0.47544E+03   0.85090E+02   0.45063E+00   0.91403E+21
   0.47569E+03   0.85183E+02   0.45083E+00   0.91414E+21
   0.47594E+03   0.85275E+02   0.45103E+00   0.91425E+21
   0.47619E+03   0.85368E+02   0.45123E+00   0.91436E+21
   0.47644E+03   0.85460E+02   0.45143E+00   0.91448E+21
   0.47669E+03   0.85553E+02   0.45163E+00   0.91459E+21
   0.47694E+03   0.85645E+02   0.45183E+00   0.91470E+21
   0.47718E+03   0.85738E+02   0.45203E+00   0.91482E+21
   0.47743E+03   0.85831E+02   0.45223E+00   0.91493E+21
   0.47768E+03   0.85924E+02   0.45243E+00   0.91505E+21
   0.47793E+03   0.86016E+02   0.45263E+00   0.91516E+21
   0.47818E+03   0.86109E+02   0.45283E+00   0.91527E+21
   0.47843E+03   0.86202E+02   0.45303E+00   0.91539E+21
   0.47868E+03   0.86295E+02   0.45323E+00   0.91550E+21
   0.47893E+03   0.86388E+02   0.45343E+00   0.91562E+21
   0.47918E+03   0.86481E+02   0.45363E+00   0.91574E+21
   0.47943E+03   0.86574E+02   0.45383E+00   0.91585E+21
   0.47968E+03   0.86667E+02   0.45403E+00   0.91597E+21
   0.47993E+03   0.86760E+02   0.45423E+00   0.91608E+21
   0.48018E+03   0.86853E+02   0.45443E+00   0.91620E+21
   0.48043E+03   0.86947E+02   0.45463E+00   0.91632E+21
   0.48068E+03   0.87040E+02   0.45483E+00   0.91643E+21
   0.48093E+03   0.87133E+02   0.45503E+00   0.91655E+21
   0.48118E+03   0.87226E+02   0.45523E+00   0.91667E+21
   0.48142E+03   0.87320E+02   0.45543E+00   0.91678E+21
   0.48167E+03   0.87413E+02   0.45563E+00   0.91690E+21
   0.48192E+03   0.87506E+02   0.45583E+00   0.91702E+21
   0.48217E+03   0.87600E+02   0.45603E+00   0.91714E+21
   0.48242E+03   0.87693E+02   0.45623E+00   0.91725E+21
   0.48267E+03   0.87787E+02   0.45643E+00   0.91737E+21
   0.48292E+03   0.87881E+02   0.45663E+00   0.91749E+21
   0.48317E+03   0.87974E+02   0.45683E+00   0.91761E+21
   0.48342E+03   0.88068E+02   0.45703E+00   0.91773E+21
   0.48367E+03   0.88161E+02   0.45723E+00   0.91785E+21
   0.48392E+03   0.88255E+02   0.45743E+00   0.91797E+21
   0.48417E+03   0.88349E+02   0.45763E+00   0.91809E+21
   0.48443E+03   0.88443E+02   0.45783E+00   0.91820E+21
   0.48468E+03   0.88537E+02   0.45803E+00   0.91832E+21
   0.48493E+03   0.88630E+02   0.45823E+00   0.91844E+21
   0.48518E+03   0.88724E+02   0.45843E+00   0.91856E+21
   0.48543E+03   0.88818E+02   0.45863E+00   0.91869E+21
   0.48568E+03   0.88912E+02   0.45883E+00   0.91881E+21
   0.48593E+03   0.89006E+02   0.45903E+00   0.91893E+21
   0.48618E+03   0.89100E+02   0.45923E+00   0.91905E+21
   0.48643E+03   0.89194E+02   0.45943E+00   0.91917E+21
   0.48668E+03   0.89289E+02   0.45963E+00   0.91929E+21
   0.48693E+03   0.89383E+02   0.45983E+00   0.91941E+21
   0.48718E+03   0.89477E+02   0.46003E+00   0.91953E+21
   0.48743E+03   0.89571E+02   0.46023E+00   0.91966E+21
   0.48768E+03   0.89666E+02   0.46043E+00   0.91978E+21
   0.48793E+03   0.89760E+02   0.46063E+00   0.91990E+21
   0.48818E+03   0.89854E+02   0.46083E+00   0.92002E+21
   0.48843E+03   0.89949E+02   0.46103E+00   0.92014E+21
   0.48869E+03   0.90043E+02   0.46123E+00   0.92027E+21
   0.48894E+03   0.90137E+02   0.46143E+00   0.92039E+21
   0.48919E+03   0.90232E+02   0.46163E+00   0.92051E+21
   0.48944E+03   0.90327E+02   0.46183E+00   0.92064E+21
   0.48969E+03   0.90421E+02   0.46203E+00   0.92076E+21
   0.48994E+03   0.90516E+02   0.46223E+00   0.92088E+21
   0.49019E+03   0.90610E+02   0.46243E+00   0.92101E+21
   0.49044E+03   0.90705E+02   0.46263E+00   0.92113E+21
   0.49069E+03   0.90800E+02   0.46283E+00   0.92126E+21
   0.49095E+03   0.90895E+02   0.46303E+00   0.92138E+21
   0.49120E+03   0.90989E+02   0.46323E+00   0.92151E+21
   0.49145E+03   0.91084E+02   0.46343E+00   0.92163E+21
   0.49170E+03   0.91179E+02   0.46363E+00   0.92176E+21
   0.49195E+03   0.91274E+02   0.46383E+00   0.92188E+21
   0.49220E+03   0.91369E+02   0.46403E+00   0.92201E+21
   0.49245E+03   0.91464E+02   0.46423E+00   0.92213E+21
   0.49271E+03   0.91559E+02   0.46443E+00   0.92226E+21
   0.49296E+03   0.91654E+02   0.46463E+00   0.92239E+21
   0.49321E+03   0.91749E+02   0.46483E+00   0.92251E+21
   0.49346E+03   0.91844E+02   0.46503E+00   0.92264E+21
   0.49371E+03   0.91939E+02   0.46523E+00   0.92277E+21
   0.49396E+03   0.92035E+02   0.46543E+00   0.92289E+21
   0.49422E+03   0.92130E+02   0.46563E+00   0.92302E+21
   0.49447E+03   0.92225E+02   0.46583E+00   0.92315E+21
   0.49472E+03   0.92320E+02   0.46603E+00   0.92327E+21
   0.49497E+03   0.92416E+02   0.46623E+00   0.92340E+21
   0.49522E+03   0.92511E+02   0.46643E+00   0.92353E+21
   0.49548E+03   0.92607E+02   0.46663E+00   0.92366E+21
   0.49573E+03   0.92702E+02   0.46683E+00   0.92379E+21
   0.49598E+03   0.92798E+02   0.46703E+00   0.92391E+21
   0.49623E+03   0.92893E+02   0.46723E+00   0.92404E+21
   0.49648E+03   0.92989E+02   0.46743E+00   0.92417E+21
   0.49674E+03   0.93084E+02   0.46763E+00   0.92430E+21
   0.49699E+03   0.93180E+02   0.46783E+00   0.92443E+21
   0.49724E+03   0.93276E+02   0.46803E+00   0.92456E+21
   0.49749E+03   0.93371E+02   0.46823E+00   0.92469E+21
   0.49775E+03   0.93467E+02   0.46843E+00   0.92482E+21
   0.49800E+03   0.93563E+02   0.46863E+00   0.92495E+21
   0.49825E+03   0.93659E+02   0.46883E+00   0.92508E+21
   0.49850E+03   0.93755E+02   0.46903E+00   0.92521E+21
   0.49876E+03   0.93850E+02   0.46923E+00   0.92534E+21
   0.49901E+03   0.93946E+02   0.46943E+00   0.92547E+21
   0.49926E+03   0.94042E+02   0.46963E+00   0.92560E+21
   0.49951E+03   0.94138E+02   0.46983E+00   0.92573E+21
   0.49977E+03   0.94234E+02   0.47003E+00   0.92586E+21
   0.50002E+03   0.94331E+02   0.47023E+00   0.92599E+21
   0.50027E+03   0.94427E+02   0.47043E+00   0.92612E+21
   0.50053E+03   0.94523E+02   0.47063E+00   0.92626E+21
   0.50078E+03   0.94619E+02   0.47083E+00   0.92639E+21
   0.50103E+03   0.94715E+02   0.47103E+00   0.92652E+21
   0.50128E+03   0.94811E+02   0.47123E+00   0.92665E+21
   0.50154E+03   0.94908E+02   0.47143E+00   0.92678E+21
   0.50179E+03   0.95004E+02   0.47163E+00   0.92692E+21
   0.50204E+03   0.95100E+02   0.47183E+00   0.92705E+21
   0.50230E+03   0.95197E+02   0.47203E+00   0.92718E+21
   0.50255E+03   0.95293E+02   0.47223E+00   0.92732E+21
   0.50280E+03   0.95390E+02   0.47243E+00   0.92745E+21
   0.50306E+03   0.95486E+02   0.47263E+00   0.92758E+21
   0.50331E+03   0.95583E+02   0.47283E+00   0.92772E+21
   0.50356E+03   0.95679E+02   0.47303E+00   0.92785E+21
   0.50382E+03   0.95776E+02   0.47323E+00   0.92798E+21
   0.50407E+03   0.95873E+02   0.47343E+00   0.92812E+21
   0.50432E+03   0.95969E+02   0.47363E+00   0.92825E+21
   0.50458E+03   0.96066E+02   0.47383E+00   0.92839E+21
   0.50483E+03   0.96163E+02   0.47403E+00   0.92852E+21
   0.50508E+03   0.96260E+02   0.47423E+00   0.92866E+21
   0.50534E+03   0.96356E+02   0.47443E+00   0.92879E+21
   0.50559E+03   0.96453E+02   0.47463E+00   0.92893E+21
   0.50584E+03   0.96550E+02   0.47483E+00   0.92906E+21
   0.50610E+03   0.96647E+02   0.47503E+00   0.92920E+21
   0.50635E+03   0.96744E+02   0.47523E+00   0.92933E+21
   0.50661E+03   0.96841E+02   0.47543E+00   0.92947E+21
   0.50686E+03   0.96938E+02   0.47563E+00   0.92961E+21
   0.50711E+03   0.97035E+02   0.47583E+00   0.92974E+21
   0.50737E+03   0.97132E+02   0.47603E+00   0.92988E+21
   0.50762E+03   0.97229E+02   0.47623E+00   0.93001E+21
   0.50788E+03   0.97327E+02   0.47643E+00   0.93015E+21
   0.50813E+03   0.97424E+02   0.47663E+00   0.93029E+21
   0.50838E+03   0.97521E+02   0.47683E+00   0.93043E+21
   0.50864E+03   0.97618E+02   0.47703E+00   0.93056E+21
   0.50889E+03   0.97716E+02   0.47723E+00   0.93070E+21
   0.50915E+03   0.97813E+02   0.47743E+00   0.93084E+21
   0.50940E+03   0.97910E+02   0.47763E+00   0.93098E+21
   0.50966E+03   0.98008E+02   0.47783E+00   0.93111E+21
   0.50991E+03   0.98105E+02   0.47803E+00   0.93125E+21
   0.51016E+03   0.98203E+02   0.47823E+00   0.93139E+21
   0.51042E+03   0.98300E+02   0.47843E+00   0.93153E+21
   0.51067E+03   0.98398E+02   0.47863E+00   0.93167E+21
   0.51093E+03   0.98495E+02   0.47883E+00   0.93181E+21
   0.51118E+03   0.98593E+02   0.47903E+00   0.93194E+21
   0.51144E+03   0.98691E+02   0.47923E+00   0.93208E+21
   0.51169E+03   0.98788E+02   0.47943E+00   0.93222E+21
   0.51195E+03   0.98886E+02   0.47963E+00   0.93236E+21
   0.51220E+03   0.98984E+02   0.47983E+00   0.93250E+21
   0.51246E+03   0.99082E+02   0.48003E+00   0.93264E+21
   0.51271E+03   0.99180E+02   0.48023E+00   0.93278E+21
   0.51297E+03   0.99277E+02   0.48043E+00   0.93292E+21
   0.51322E+03   0.99375E+02   0.48063E+00   0.93306E+21
   0.51347E+03   0.99473E+02   0.48083E+00   0.93320E+21
   0.51373E+03   0.99571E+02   0.48103E+00   0.93334E+21
   0.51398E+03   0.99669E+02   0.48123E+00   0.93348E+21
   0.51424E+03   0.99767E+02   0.48143E+00   0.93363E+21
   0.51450E+03   0.99865E+02   0.48163E+00   0.93377E+21
   0.51475E+03   0.99963E+02   0.48183E+00   0.93391E+21
   0.51501E+03   0.10006E+03   0.48203E+00   0.93405E+21
   0.51526E+03   0.10016E+03   0.48223E+00   0.93419E+21
   0.51552E+03   0.10026E+03   0.48243E+00   0.93433E+21
   0.51577E+03   0.10036E+03   0.48263E+00   0.93448E+21
   0.51603E+03   0.10045E+03   0.48283E+00   0.93462E+21
   0.51628E+03   0.10055E+03   0.48303E+00   0.93476E+21
   0.51654E+03   0.10065E+03   0.48323E+00   0.93490E+21
   0.51679E+03   0.10075E+03   0.48343E+00   0.93505E+21
   0.51705E+03   0.10085E+03   0.48363E+00   0.93519E+21
   0.51730E+03   0.10095E+03   0.48383E+00   0.93533E+21
   0.51756E+03   0.10104E+03   0.48403E+00   0.93547E+21
   0.51782E+03   0.10114E+03   0.48423E+00   0.93562E+21
   0.51807E+03   0.10124E+03   0.48443E+00   0.93576E+21
   0.51833E+03   0.10134E+03   0.48463E+00   0.93590E+21
   0.51858E+03   0.10144E+03   0.48483E+00   0.93605E+21
   0.51884E+03   0.10154E+03   0.48503E+00   0.93619E+21
   0.51909E+03   0.10164E+03   0.48523E+00   0.93634E+21
   0.51935E+03   0.10174E+03   0.48543E+00   0.93648E+21
   0.51961E+03   0.10183E+03   0.48563E+00   0.93663E+21
   0.51986E+03   0.10193E+03   0.48583E+00   0.93677E+21
   0.52012E+03   0.10203E+03   0.48603E+00   0.93691E+21
   0.52037E+03   0.10213E+03   0.48623E+00   0.93706E+21
   0.52063E+03   0.10223E+03   0.48643E+00   0.93720E+21
   0.52089E+03   0.10233E+03   0.48663E+00   0.93735E+21
   0.52114E+03   0.10243E+03   0.48683E+00   0.93750E+21
   0.52140E+03   0.10253E+03   0.48703E+00   0.93764E+21
   0.52165E+03   0.10263E+03   0.48723E+00   0.93779E+21
   0.52191E+03   0.10272E+03   0.48743E+00   0.93793E+21
   0.52217E+03   0.10282E+03   0.48763E+00   0.93808E+21
   0.52242E+03   0.10292E+03   0.48783E+00   0.93823E+21
   0.52268E+03   0.10302E+03   0.48803E+00   0.93837E+21
   0.52294E+03   0.10312E+03   0.48823E+00   0.93852E+21
   0.52319E+03   0.10322E+03   0.48843E+00   0.93866E+21
   0.52345E+03   0.10332E+03   0.48863E+00   0.93881E+21
   0.52371E+03   0.10342E+03   0.48883E+00   0.93896E+21
   0.52396E+03   0.10352E+03   0.48903E+00   0.93911E+21
   0.52422E+03   0.10362E+03   0.48923E+00   0.93925E+21
   0.52448E+03   0.10372E+03   0.48943E+00   0.93940E+21
   0.52473E+03   0.10382E+03   0.48963E+00   0.93955E+21
   0.52499E+03   0.10392E+03   0.48983E+00   0.93970E+21
   0.52525E+03   0.10402E+03   0.49003E+00   0.93984E+21
   0.52550E+03   0.10411E+03   0.49023E+00   0.93999E+21
   0.52576E+03   0.10421E+03   0.49043E+00   0.94014E+21
   0.52602E+03   0.10431E+03   0.49063E+00   0.94029E+21
   0.52627E+03   0.10441E+03   0.49083E+00   0.94044E+21
   0.52653E+03   0.10451E+03   0.49103E+00   0.94059E+21
   0.52679E+03   0.10461E+03   0.49123E+00   0.94074E+21
   0.52704E+03   0.10471E+03   0.49143E+00   0.94088E+21
   0.52730E+03   0.10481E+03   0.49163E+00   0.94103E+21
   0.52756E+03   0.10491E+03   0.49183E+00   0.94118E+21
   0.52782E+03   0.10501E+03   0.49203E+00   0.94133E+21
   0.52807E+03   0.10511E+03   0.49223E+00   0.94148E+21
   0.52833E+03   0.10521E+03   0.49243E+00   0.94163E+21
   0.52859E+03   0.10531E+03   0.49263E+00   0.94178E+21
   0.52885E+03   0.10541E+03   0.49283E+00   0.94193E+21
   0.52910E+03   0.10551E+03   0.49303E+00   0.94208E+21
   0.52936E+03   0.10561E+03   0.49323E+00   0.94223E+21
   0.52962E+03   0.10571E+03   0.49343E+00   0.94238E+21
   0.52988E+03   0.10581E+03   0.49363E+00   0.94253E+21
   0.53013E+03   0.10591E+03   0.49383E+00   0.94268E+21
   0.53039E+03   0.10601E+03   0.49403E+00   0.94284E+21
   0.53065E+03   0.10611E+03   0.49423E+00   0.94299E+21
   0.53091E+03   0.10621E+03   0.49443E+00   0.94314E+21
   0.53116E+03   0.10631E+03   0.49463E+00   0.94329E+21
   0.53142E+03   0.10641E+03   0.49483E+00   0.94344E+21
   0.53168E+03   0.10651E+03   0.49503E+00   0.94359E+21
   0.53194E+03   0.10661E+03   0.49523E+00   0.94375E+21
   0.53220E+03   0.10671E+03   0.49543E+00   0.94390E+21
   0.53245E+03   0.10681E+03   0.49563E+00   0.94405E+21
   0.53271E+03   0.10692E+03   0.49583E+00   0.94420E+21
   0.53297E+03   0.10702E+03   0.49603E+00   0.94436E+21
   0.53323E+03   0.10712E+03   0.49623E+00   0.94451E+21
   0.53349E+03   0.10722E+03   0.49643E+00   0.94466E+21
   0.53374E+03   0.10732E+03   0.49663E+00   0.94481E+21
   0.53400E+03   0.10742E+03   0.49683E+00   0.94497E+21
   0.53426E+03   0.10752E+03   0.49703E+00   0.94512E+21
   0.53452E+03   0.10762E+03   0.49723E+00   0.94527E+21
   0.53478E+03   0.10772E+03   0.49743E+00   0.94543E+21
   0.53503E+03   0.10782E+03   0.49763E+00   0.94558E+21
   0.53529E+03   0.10792E+03   0.49783E+00   0.94573E+21
   0.53555E+03   0.10802E+03   0.49803E+00   0.94589E+21
   0.53581E+03   0.10812E+03   0.49823E+00   0.94604E+21
   0.53607E+03   0.10822E+03   0.49843E+00   0.94620E+21
   0.53633E+03   0.10832E+03   0.49863E+00   0.94635E+21
   0.53659E+03   0.10843E+03   0.49883E+00   0.94651E+21
   0.53684E+03   0.10853E+03   0.49903E+00   0.94666E+21
   0.53710E+03   0.10863E+03   0.49923E+00   0.94682E+21
   0.53736E+03   0.10873E+03   0.49943E+00   0.94697E+21
   0.53762E+03   0.10883E+03   0.49963E+00   0.94713E+21
   0.53788E+03   0.10893E+03   0.49983E+00   0.94728E+21
   0.53814E+03   0.10903E+03   0.50003E+00   0.94744E+21
   0.53840E+03   0.10913E+03   0.50023E+00   0.94759E+21
   0.53866E+03   0.10923E+03   0.50043E+00   0.94775E+21
   0.53891E+03   0.10934E+03   0.50063E+00   0.94791E+21
   0.53917E+03   0.10944E+03   0.50083E+00   0.94806E+21
   0.53943E+03   0.10954E+03   0.50103E+00   0.94822E+21
   0.53969E+03   0.10964E+03   0.50123E+00   0.94837E+21
   0.53995E+03   0.10974E+03   0.50143E+00   0.94853E+21
   0.54021E+03   0.10984E+03   0.50163E+00   0.94869E+21
   0.54047E+03   0.10994E+03   0.50183E+00   0.94884E+21
   0.54073E+03   0.11004E+03   0.50203E+00   0.94900E+21
   0.54099E+03   0.11015E+03   0.50223E+00   0.94916E+21
   0.54125E+03   0.11025E+03   0.50243E+00   0.94932E+21
   0.54151E+03   0.11035E+03   0.50263E+00   0.94947E+21
   0.54177E+03   0.11045E+03   0.50283E+00   0.94963E+21
   0.54203E+03   0.11055E+03   0.50303E+00   0.94979E+21
   0.54228E+03   0.11065E+03   0.50323E+00   0.94995E+21
   0.54254E+03   0.11076E+03   0.50343E+00   0.95010E+21
   0.54280E+03   0.11086E+03   0.50363E+00   0.95026E+21
   0.54306E+03   0.11096E+03   0.50383E+00   0.95042E+21
   0.54332E+03   0.11106E+03   0.50403E+00   0.95058E+21
   0.54358E+03   0.11116E+03   0.50423E+00   0.95074E+21
   0.54384E+03   0.11126E+03   0.50443E+00   0.95090E+21
   0.54410E+03   0.11137E+03   0.50463E+00   0.95106E+21
   0.54436E+03   0.11147E+03   0.50483E+00   0.95121E+21
   0.54462E+03   0.11157E+03   0.50503E+00   0.95137E+21
   0.54488E+03   0.11167E+03   0.50523E+00   0.95153E+21
   0.54514E+03   0.11177E+03   0.50543E+00   0.95169E+21
   0.54540E+03   0.11188E+03   0.50563E+00   0.95185E+21
   0.54566E+03   0.11198E+03   0.50583E+00   0.95201E+21
   0.54592E+03   0.11208E+03   0.50603E+00   0.95217E+21
   0.54618E+03   0.11218E+03   0.50623E+00   0.95233E+21
   0.54644E+03   0.11228E+03   0.50643E+00   0.95249E+21
   0.54670E+03   0.11239E+03   0.50663E+00   0.95265E+21
   0.54696E+03   0.11249E+03   0.50683E+00   0.95281E+21
   0.54722E+03   0.11259E+03   0.50703E+00   0.95297E+21
   0.54748E+03   0.11269E+03   0.50723E+00   0.95313E+21
   0.54774E+03   0.11280E+03   0.50743E+00   0.95329E+21
   0.54800E+03   0.11290E+03   0.50763E+00   0.95346E+21
   0.54826E+03   0.11300E+03   0.50783E+00   0.95362E+21
   0.54852E+03   0.11310E+03   0.50803E+00   0.95378E+21
   0.54878E+03   0.11321E+03   0.50823E+00   0.95394E+21
   0.54905E+03   0.11331E+03   0.50843E+00   0.95410E+21
   0.54931E+03   0.11341E+03   0.50863E+00   0.95426E+21
   0.54957E+03   0.11351E+03   0.50883E+00   0.95442E+21
   0.54983E+03   0.11362E+03   0.50903E+00   0.95459E+21
   0.55009E+03   0.11372E+03   0.50923E+00   0.95475E+21
   0.55035E+03   0.11382E+03   0.50943E+00   0.95491E+21
   0.55061E+03   0.11392E+03   0.50963E+00   0.95507E+21
   0.55087E+03   0.11403E+03   0.50983E+00   0.95524E+21
   0.55113E+03   0.11413E+03   0.51003E+00   0.95540E+21
   0.55139E+03   0.11423E+03   0.51023E+00   0.95556E+21
   0.55165E+03   0.11433E+03   0.51043E+00   0.95572E+21
   0.55191E+03   0.11444E+03   0.51063E+00   0.95589E+21
   0.55217E+03   0.11454E+03   0.51083E+00   0.95605E+21
   0.55244E+03   0.11464E+03   0.51103E+00   0.95621E+21
   0.55270E+03   0.11475E+03   0.51123E+00   0.95638E+21
   0.55296E+03   0.11485E+03   0.51143E+00   0.95654E+21
   0.55322E+03   0.11495E+03   0.51163E+00   0.95670E+21
   0.55348E+03   0.11505E+03   0.51183E+00   0.95687E+21
   0.55374E+03   0.11516E+03   0.51203E+00   0.95703E+21
   0.55400E+03   0.11526E+03   0.51223E+00   0.95720E+21
   0.55426E+03   0.11536E+03   0.51243E+00   0.95736E+21
   0.55453E+03   0.11547E+03   0.51263E+00   0.95752E+21
   0.55479E+03   0.11557E+03   0.51283E+00   0.95769E+21
   0.55505E+03   0.11567E+03   0.51303E+00   0.95785E+21
   0.55531E+03   0.11578E+03   0.51323E+00   0.95802E+21
   0.55557E+03   0.11588E+03   0.51343E+00   0.95818E+21
   0.55583E+03   0.11598E+03   0.51363E+00   0.95835E+21
   0.55609E+03   0.11609E+03   0.51383E+00   0.95851E+21
   0.55636E+03   0.11619E+03   0.51403E+00   0.95868E+21
   0.55662E+03   0.11629E+03   0.51423E+00   0.95884E+21
   0.55688E+03   0.11640E+03   0.51443E+00   0.95901E+21
   0.55714E+03   0.11650E+03   0.51463E+00   0.95918E+21
   0.55740E+03   0.11660E+03   0.51483E+00   0.95934E+21
   0.55767E+03   0.11671E+03   0.51503E+00   0.95951E+21
   0.55793E+03   0.11681E+03   0.51523E+00   0.95967E+21
   0.55819E+03   0.11691E+03   0.51543E+00   0.95984E+21
   0.55845E+03   0.11702E+03   0.51563E+00   0.96001E+21
   0.55871E+03   0.11712E+03   0.51583E+00   0.96017E+21
   0.55898E+03   0.11722E+03   0.51603E+00   0.96034E+21
   0.55924E+03   0.11733E+03   0.51623E+00   0.96051E+21
   0.55950E+03   0.11743E+03   0.51643E+00   0.96067E+21
   0.55976E+03   0.11753E+03   0.51663E+00   0.96084E+21
   0.56002E+03   0.11764E+03   0.51683E+00   0.96101E+21
   0.56029E+03   0.11774E+03   0.51703E+00   0.96117E+21
   0.56055E+03   0.11785E+03   0.51723E+00   0.96134E+21
   0.56081E+03   0.11795E+03   0.51743E+00   0.96151E+21
   0.56107E+03   0.11805E+03   0.51763E+00   0.96168E+21
   0.56134E+03   0.11816E+03   0.51783E+00   0.96185E+21
   0.56160E+03   0.11826E+03   0.51803E+00   0.96201E+21
   0.56186E+03   0.11837E+03   0.51823E+00   0.96218E+21
   0.56212E+03   0.11847E+03   0.51843E+00   0.96235E+21
   0.56239E+03   0.11857E+03   0.51863E+00   0.96252E+21
   0.56265E+03   0.11868E+03   0.51883E+00   0.96269E+21
   0.56291E+03   0.11878E+03   0.51903E+00   0.96285E+21
   0.56317E+03   0.11889E+03   0.51923E+00   0.96302E+21
   0.56344E+03   0.11899E+03   0.51943E+00   0.96319E+21
   0.56370E+03   0.11909E+03   0.51963E+00   0.96336E+21
   0.56396E+03   0.11920E+03   0.51983E+00   0.96353E+21
   0.56423E+03   0.11930E+03   0.52003E+00   0.96370E+21
   0.56449E+03   0.11941E+03   0.52023E+00   0.96387E+21
   0.56475E+03   0.11951E+03   0.52043E+00   0.96404E+21
   0.56501E+03   0.11962E+03   0.52063E+00   0.96421E+21
   0.56528E+03   0.11972E+03   0.52083E+00   0.96438E+21
   0.56554E+03   0.11982E+03   0.52103E+00   0.96455E+21
   0.56580E+03   0.11993E+03   0.52123E+00   0.96472E+21
   0.56607E+03   0.12003E+03   0.52143E+00   0.96489E+21
   0.56633E+03   0.12014E+03   0.52163E+00   0.96506E+21
   0.56659E+03   0.12024E+03   0.52183E+00   0.96523E+21
   0.56686E+03   0.12035E+03   0.52203E+00   0.96540E+21
   0.56712E+03   0.12045E+03   0.52223E+00   0.96557E+21
   0.56738E+03   0.12056E+03   0.52243E+00   0.96574E+21
   0.56765E+03   0.12066E+03   0.52263E+00   0.96591E+21
   0.56791E+03   0.12076E+03   0.52283E+00   0.96608E+21
   0.56817E+03   0.12087E+03   0.52303E+00   0.96625E+21
   0.56844E+03   0.12097E+03   0.52323E+00   0.96642E+21
   0.56870E+03   0.12108E+03   0.52343E+00   0.96660E+21
   0.56896E+03   0.12118E+03   0.52363E+00   0.96677E+21
   0.56923E+03   0.12129E+03   0.52383E+00   0.96694E+21
   0.56949E+03   0.12139E+03   0.52403E+00   0.96711E+21
   0.56975E+03   0.12150E+03   0.52423E+00   0.96728E+21
   0.57002E+03   0.12160E+03   0.52443E+00   0.96745E+21
   0.57028E+03   0.12171E+03   0.52463E+00   0.96763E+21
   0.57055E+03   0.12181E+03   0.52483E+00   0.96780E+21
   0.57081E+03   0.12192E+03   0.52503E+00   0.96797E+21
   0.57107E+03   0.12202E+03   0.52523E+00   0.96814E+21
   0.57134E+03   0.12213E+03   0.52543E+00   0.96832E+21
   0.57160E+03   0.12223E+03   0.52563E+00   0.96849E+21
   0.57187E+03   0.12234E+03   0.52583E+00   0.96866E+21
   0.57213E+03   0.12244E+03   0.52603E+00   0.96884E+21
   0.57239E+03   0.12255E+03   0.52623E+00   0.96901E+21
   0.57266E+03   0.12265E+03   0.52643E+00   0.96918E+21
   0.57292E+03   0.12276E+03   0.52663E+00   0.96935E+21
   0.57319E+03   0.12286E+03   0.52683E+00   0.96953E+21
   0.57345E+03   0.12297E+03   0.52703E+00   0.96970E+21
   0.57371E+03   0.12307E+03   0.52723E+00   0.96988E+21
   0.57398E+03   0.12318E+03   0.52743E+00   0.97005E+21
   0.57424E+03   0.12328E+03   0.52763E+00   0.97022E+21
   0.57451E+03   0.12339E+03   0.52783E+00   0.97040E+21
   0.57477E+03   0.12349E+03   0.52803E+00   0.97057E+21
   0.57504E+03   0.12360E+03   0.52823E+00   0.97075E+21
   0.57530E+03   0.12371E+03   0.52843E+00   0.97092E+21
   0.57557E+03   0.12381E+03   0.52863E+00   0.97110E+21
   0.57583E+03   0.12392E+03   0.52883E+00   0.97127E+21
   0.57610E+03   0.12402E+03   0.52903E+00   0.97144E+21
   0.57636E+03   0.12413E+03   0.52923E+00   0.97162E+21
   0.57662E+03   0.12423E+03   0.52943E+00   0.97179E+21
   0.57689E+03   0.12434E+03   0.52963E+00   0.97197E+21
   0.57715E+03   0.12444E+03   0.52983E+00   0.97215E+21
   0.57742E+03   0.12455E+03   0.53003E+00   0.97232E+21
   0.57768E+03   0.12466E+03   0.53023E+00   0.97250E+21
   0.57795E+03   0.12476E+03   0.53043E+00   0.97267E+21
   0.57821E+03   0.12487E+03   0.53063E+00   0.97285E+21
   0.57848E+03   0.12497E+03   0.53083E+00   0.97302E+21
   0.57874E+03   0.12508E+03   0.53103E+00   0.97320E+21
   0.57901E+03   0.12518E+03   0.53123E+00   0.97338E+21
   0.57927E+03   0.12529E+03   0.53143E+00   0.97355E+21
   0.57954E+03   0.12540E+03   0.53163E+00   0.97373E+21
   0.57980E+03   0.12550E+03   0.53183E+00   0.97390E+21
   0.58007E+03   0.12561E+03   0.53203E+00   0.97408E+21
   0.58034E+03   0.12571E+03   0.53223E+00   0.97426E+21
   0.58060E+03   0.12582E+03   0.53243E+00   0.97443E+21
   0.58087E+03   0.12593E+03   0.53263E+00   0.97461E+21
   0.58113E+03   0.12603E+03   0.53283E+00   0.97479E+21
   0.58140E+03   0.12614E+03   0.53303E+00   0.97497E+21
   0.58166E+03   0.12624E+03   0.53323E+00   0.97514E+21
   0.58193E+03   0.12635E+03   0.53343E+00   0.97532E+21
   0.58219E+03   0.12646E+03   0.53363E+00   0.97550E+21
   0.58246E+03   0.12656E+03   0.53383E+00   0.97568E+21
   0.58272E+03   0.12667E+03   0.53403E+00   0.97585E+21
   0.58299E+03   0.12678E+03   0.53423E+00   0.97603E+21
   0.58326E+03   0.12688E+03   0.53443E+00   0.97621E+21
   0.58352E+03   0.12699E+03   0.53463E+00   0.97639E+21
   0.58379E+03   0.12709E+03   0.53483E+00   0.97657E+21
   0.58405E+03   0.12720E+03   0.53503E+00   0.97674E+21
   0.58432E+03   0.12731E+03   0.53523E+00   0.97692E+21
   0.58459E+03   0.12741E+03   0.53543E+00   0.97710E+21
   0.58485E+03   0.12752E+03   0.53563E+00   0.97728E+21
   0.58512E+03   0.12763E+03   0.53583E+00   0.97746E+21
   0.58538E+03   0.12773E+03   0.53603E+00   0.97764E+21
   0.58565E+03   0.12784E+03   0.53623E+00   0.97782E+21
   0.58592E+03   0.12795E+03   0.53643E+00   0.97800E+21
   0.58618E+03   0.12805E+03   0.53663E+00   0.97818E+21
   0.58645E+03   0.12816E+03   0.53683E+00   0.97835E+21
   0.58671E+03   0.12827E+03   0.53703E+00   0.97853E+21
   0.58698E+03   0.12837E+03   0.53723E+00   0.97871E+21
   0.58725E+03   0.12848E+03   0.53743E+00   0.97889E+21
   0.58751E+03   0.12859E+03   0.53763E+00   0.97907E+21
   0.58778E+03   0.12869E+03   0.53783E+00   0.97925E+21
   0.58805E+03   0.12880E+03   0.53803E+00   0.97943E+21
   0.58831E+03   0.12891E+03   0.53823E+00   0.97961E+21
   0.58858E+03   0.12901E+03   0.53843E+00   0.97979E+21
   0.58885E+03   0.12912E+03   0.53863E+00   0.97997E+21
   0.58911E+03   0.12923E+03   0.53883E+00   0.98015E+21
   0.58938E+03   0.12933E+03   0.53903E+00   0.98034E+21
   0.58965E+03   0.12944E+03   0.53923E+00   0.98052E+21
   0.58991E+03   0.12955E+03   0.53943E+00   0.98070E+21
   0.59018E+03   0.12966E+03   0.53963E+00   0.98088E+21
   0.59045E+03   0.12976E+03   0.53983E+00   0.98106E+21
   0.59071E+03   0.12987E+03   0.54003E+00   0.98124E+21
   0.59098E+03   0.12998E+03   0.54023E+00   0.98142E+21
   0.59125E+03   0.13008E+03   0.54043E+00   0.98160E+21
   0.59151E+03   0.13019E+03   0.54063E+00   0.98178E+21
   0.59178E+03   0.13030E+03   0.54083E+00   0.98197E+21
   0.59205E+03   0.13041E+03   0.54103E+00   0.98215E+21
   0.59231E+03   0.13051E+03   0.54123E+00   0.98233E+21
   0.59258E+03   0.13062E+03   0.54143E+00   0.98251E+21
   0.59285E+03   0.13073E+03   0.54163E+00   0.98269E+21
   0.59312E+03   0.13083E+03   0.54183E+00   0.98288E+21
   0.59338E+03   0.13094E+03   0.54203E+00   0.98306E+21
   0.59365E+03   0.13105E+03   0.54223E+00   0.98324E+21
   0.59392E+03   0.13116E+03   0.54243E+00   0.98342E+21
   0.59419E+03   0.13126E+03   0.54263E+00   0.98361E+21
   0.59445E+03   0.13137E+03   0.54283E+00   0.98379E+21
   0.59472E+03   0.13148E+03   0.54303E+00   0.98397E+21
   0.59499E+03   0.13159E+03   0.54323E+00   0.98415E+21
   0.59526E+03   0.13169E+03   0.54343E+00   0.98434E+21
   0.59552E+03   0.13180E+03   0.54363E+00   0.98452E+21
   0.59579E+03   0.13191E+03   0.54383E+00   0.98470E+21
   0.59606E+03   0.13202E+03   0.54403E+00   0.98489E+21
   0.59633E+03   0.13212E+03   0.54423E+00   0.98507E+21
   0.59659E+03   0.13223E+03   0.54443E+00   0.98525E+21
   0.59686E+03   0.13234E+03   0.54463E+00   0.98544E+21
   0.59713E+03   0.13245E+03   0.54483E+00   0.98562E+21
   0.59740E+03   0.13256E+03   0.54503E+00   0.98581E+21
   0.59766E+03   0.13266E+03   0.54523E+00   0.98599E+21
   0.59793E+03   0.13277E+03   0.54543E+00   0.98617E+21
   0.59820E+03   0.13288E+03   0.54563E+00   0.98636E+21
   0.59847E+03   0.13299E+03   0.54583E+00   0.98654E+21
   0.59874E+03   0.13309E+03   0.54603E+00   0.98673E+21
   0.59900E+03   0.13320E+03   0.54623E+00   0.98691E+21
   0.59927E+03   0.13331E+03   0.54643E+00   0.98710E+21
   0.59954E+03   0.13342E+03   0.54663E+00   0.98728E+21
   0.59981E+03   0.13353E+03   0.54683E+00   0.98747E+21
   0.60008E+03   0.13363E+03   0.54703E+00   0.98765E+21
   0.60035E+03   0.13374E+03   0.54723E+00   0.98784E+21
   0.60061E+03   0.13385E+03   0.54743E+00   0.98802E+21
   0.60088E+03   0.13396E+03   0.54763E+00   0.98821E+21
   0.60115E+03   0.13407E+03   0.54783E+00   0.98839E+21
   0.60142E+03   0.13418E+03   0.54803E+00   0.98858E+21
   0.60169E+03   0.13428E+03   0.54823E+00   0.98876E+21
   0.60196E+03   0.13439E+03   0.54843E+00   0.98895E+21
   0.60222E+03   0.13450E+03   0.54863E+00   0.98914E+21
   0.60249E+03   0.13461E+03   0.54883E+00   0.98932E+21
   0.60276E+03   0.13472E+03   0.54903E+00   0.98951E+21
   0.60303E+03   0.13482E+03   0.54923E+00   0.98969E+21
   0.60330E+03   0.13493E+03   0.54943E+00   0.98988E+21
   0.60357E+03   0.13504E+03   0.54963E+00   0.99007E+21
   0.60384E+03   0.13515E+03   0.54983E+00   0.99025E+21
   0.60411E+03   0.13526E+03   0.55003E+00   0.99044E+21
   0.60437E+03   0.13537E+03   0.55023E+00   0.99063E+21
   0.60464E+03   0.13548E+03   0.55043E+00   0.99081E+21
   0.60491E+03   0.13558E+03   0.55063E+00   0.99100E+21
   0.60518E+03   0.13569E+03   0.55083E+00   0.99119E+21
   0.60545E+03   0.13580E+03   0.55103E+00   0.99137E+21
   0.60572E+03   0.13591E+03   0.55123E+00   0.99156E+21
   0.60599E+03   0.13602E+03   0.55143E+00   0.99175E+21
   0.60626E+03   0.13613E+03   0.55163E+00   0.99194E+21
   0.60653E+03   0.13624E+03   0.55183E+00   0.99212E+21
   0.60680E+03   0.13634E+03   0.55203E+00   0.99231E+21
   0.60707E+03   0.13645E+03   0.55223E+00   0.99250E+21
   0.60733E+03   0.13656E+03   0.55243E+00   0.99269E+21
   0.60760E+03   0.13667E+03   0.55263E+00   0.99287E+21
   0.60787E+03   0.13678E+03   0.55283E+00   0.99306E+21
   0.60814E+03   0.13689E+03   0.55303E+00   0.99325E+21
   0.60841E+03   0.13700E+03   0.55323E+00   0.99344E+21
   0.60868E+03   0.13711E+03   0.55343E+00   0.99363E+21
   0.60895E+03   0.13721E+03   0.55363E+00   0.99382E+21
   0.60922E+03   0.13732E+03   0.55383E+00   0.99400E+21
   0.60949E+03   0.13743E+03   0.55403E+00   0.99419E+21
   0.60976E+03   0.13754E+03   0.55423E+00   0.99438E+21
   0.61003E+03   0.13765E+03   0.55443E+00   0.99457E+21
   0.61030E+03   0.13776E+03   0.55463E+00   0.99476E+21
   0.61057E+03   0.13787E+03   0.55483E+00   0.99495E+21
   0.61084E+03   0.13798E+03   0.55503E+00   0.99514E+21
   0.61111E+03   0.13809E+03   0.55523E+00   0.99533E+21
   0.61138E+03   0.13820E+03   0.55543E+00   0.99552E+21
   0.61165E+03   0.13831E+03   0.55563E+00   0.99571E+21
   0.61192E+03   0.13841E+03   0.55583E+00   0.99590E+21
   0.61219E+03   0.13852E+03   0.55603E+00   0.99609E+21
   0.61246E+03   0.13863E+03   0.55623E+00   0.99628E+21
   0.61273E+03   0.13874E+03   0.55643E+00   0.99646E+21
   0.61300E+03   0.13885E+03   0.55663E+00   0.99665E+21
   0.61327E+03   0.13896E+03   0.55683E+00   0.99685E+21
   0.61354E+03   0.13907E+03   0.55703E+00   0.99704E+21
   0.61381E+03   0.13918E+03   0.55723E+00   0.99723E+21
   0.61408E+03   0.13929E+03   0.55743E+00   0.99742E+21
   0.61435E+03   0.13940E+03   0.55763E+00   0.99761E+21
   0.61462E+03   0.13951E+03   0.55783E+00   0.99780E+21
   0.61489E+03   0.13962E+03   0.55803E+00   0.99799E+21
   0.61516E+03   0.13973E+03   0.55823E+00   0.99818E+21
   0.61543E+03   0.13984E+03   0.55843E+00   0.99837E+21
   0.61570E+03   0.13995E+03   0.55863E+00   0.99856E+21
   0.61597E+03   0.14006E+03   0.55883E+00   0.99875E+21
   0.61624E+03   0.14017E+03   0.55903E+00   0.99894E+21
   0.61651E+03   0.14027E+03   0.55923E+00   0.99913E+21
   0.61679E+03   0.14038E+03   0.55943E+00   0.99933E+21
   0.61706E+03   0.14049E+03   0.55963E+00   0.99952E+21
   0.61733E+03   0.14060E+03   0.55983E+00   0.99971E+21
   0.61760E+03   0.14071E+03   0.56003E+00   0.99990E+21
   0.61787E+03   0.14082E+03   0.56023E+00   0.10001E+22
   0.61814E+03   0.14093E+03   0.56043E+00   0.10003E+22
   0.61841E+03   0.14104E+03   0.56063E+00   0.10005E+22
   0.61868E+03   0.14115E+03   0.56083E+00   0.10007E+22
   0.61895E+03   0.14126E+03   0.56103E+00   0.10009E+22
   0.61922E+03   0.14137E+03   0.56123E+00   0.10011E+22
   0.61949E+03   0.14148E+03   0.56143E+00   0.10012E+22
   0.61977E+03   0.14159E+03   0.56163E+00   0.10014E+22
   0.62004E+03   0.14170E+03   0.56183E+00   0.10016E+22
   0.62031E+03   0.14181E+03   0.56203E+00   0.10018E+22
   0.62058E+03   0.14192E+03   0.56223E+00   0.10020E+22
   0.62085E+03   0.14203E+03   0.56243E+00   0.10022E+22
   0.62112E+03   0.14214E+03   0.56263E+00   0.10024E+22
   0.62139E+03   0.14225E+03   0.56283E+00   0.10026E+22
   0.62166E+03   0.14236E+03   0.56303E+00   0.10028E+22
   0.62194E+03   0.14247E+03   0.56323E+00   0.10030E+22
   0.62221E+03   0.14258E+03   0.56343E+00   0.10032E+22
   0.62248E+03   0.14269E+03   0.56363E+00   0.10034E+22
   0.62275E+03   0.14280E+03   0.56383E+00   0.10036E+22
   0.62302E+03   0.14291E+03   0.56403E+00   0.10038E+22
   0.62329E+03   0.14302E+03   0.56423E+00   0.10039E+22
   0.62356E+03   0.14313E+03   0.56443E+00   0.10041E+22
   0.62384E+03   0.14324E+03   0.56463E+00   0.10043E+22
   0.62411E+03   0.14336E+03   0.56483E+00   0.10045E+22
   0.62438E+03   0.14347E+03   0.56503E+00   0.10047E+22
   0.62465E+03   0.14358E+03   0.56523E+00   0.10049E+22
   0.62492E+03   0.14369E+03   0.56543E+00   0.10051E+22
   0.62520E+03   0.14380E+03   0.56563E+00   0.10053E+22
   0.62547E+03   0.14391E+03   0.56583E+00   0.10055E+22
   0.62574E+03   0.14402E+03   0.56603E+00   0.10057E+22
   0.62601E+03   0.14413E+03   0.56623E+00   0.10059E+22
   0.62628E+03   0.14424E+03   0.56643E+00   0.10061E+22
   0.62656E+03   0.14435E+03   0.56663E+00   0.10063E+22
   0.62683E+03   0.14446E+03   0.56683E+00   0.10065E+22
   0.62710E+03   0.14457E+03   0.56703E+00   0.10067E+22
   0.62737E+03   0.14468E+03   0.56723E+00   0.10069E+22
   0.62764E+03   0.14479E+03   0.56743E+00   0.10071E+22
   0.62792E+03   0.14490E+03   0.56763E+00   0.10073E+22
   0.62819E+03   0.14501E+03   0.56783E+00   0.10075E+22
   0.62846E+03   0.14512E+03   0.56803E+00   0.10076E+22
   0.62873E+03   0.14524E+03   0.56823E+00   0.10078E+22
   0.62901E+03   0.14535E+03   0.56843E+00   0.10080E+22
   0.62928E+03   0.14546E+03   0.56863E+00   0.10082E+22
   0.62955E+03   0.14557E+03   0.56883E+00   0.10084E+22
   0.62982E+03   0.14568E+03   0.56903E+00   0.10086E+22
   0.63010E+03   0.14579E+03   0.56923E+00   0.10088E+22
   0.63037E+03   0.14590E+03   0.56943E+00   0.10090E+22
   0.63064E+03   0.14601E+03   0.56963E+00   0.10092E+22
   0.63091E+03   0.14612E+03   0.56983E+00   0.10094E+22
   0.63119E+03   0.14623E+03   0.57003E+00   0.10096E+22
   0.63146E+03   0.14634E+03   0.57023E+00   0.10098E+22
   0.63173E+03   0.14646E+03   0.57043E+00   0.10100E+22
   0.63201E+03   0.14657E+03   0.57063E+00   0.10102E+22
   0.63228E+03   0.14668E+03   0.57083E+00   0.10104E+22
   0.63255E+03   0.14679E+03   0.57103E+00   0.10106E+22
   0.63282E+03   0.14690E+03   0.57123E+00   0.10108E+22
   0.63310E+03   0.14701E+03   0.57143E+00   0.10110E+22
   0.63337E+03   0.14712E+03   0.57163E+00   0.10112E+22
   0.63364E+03   0.14723E+03   0.57183E+00   0.10114E+22
   0.63392E+03   0.14734E+03   0.57203E+00   0.10116E+22
   0.63419E+03   0.14746E+03   0.57223E+00   0.10118E+22
   0.63446E+03   0.14757E+03   0.57243E+00   0.10120E+22
   0.63474E+03   0.14768E+03   0.57263E+00   0.10122E+22
   0.63501E+03   0.14779E+03   0.57283E+00   0.10124E+22
   0.63528E+03   0.14790E+03   0.57303E+00   0.10126E+22
   0.63556E+03   0.14801E+03   0.57323E+00   0.10128E+22
   0.63583E+03   0.14812E+03   0.57343E+00   0.10130E+22
   0.63610E+03   0.14824E+03   0.57363E+00   0.10132E+22
   0.63638E+03   0.14835E+03   0.57383E+00   0.10134E+22
   0.63665E+03   0.14846E+03   0.57403E+00   0.10136E+22
   0.63692E+03   0.14857E+03   0.57423E+00   0.10138E+22
   0.63720E+03   0.14868E+03   0.57443E+00   0.10140E+22
   0.63747E+03   0.14879E+03   0.57463E+00   0.10141E+22
   0.63774E+03   0.14891E+03   0.57483E+00   0.10143E+22
   0.63802E+03   0.14902E+03   0.57503E+00   0.10145E+22
   0.63829E+03   0.14913E+03   0.57523E+00   0.10147E+22
   0.63857E+03   0.14924E+03   0.57543E+00   0.10149E+22
   0.63884E+03   0.14935E+03   0.57563E+00   0.10151E+22
   0.63911E+03   0.14946E+03   0.57583E+00   0.10153E+22
   0.63939E+03   0.14958E+03   0.57603E+00   0.10155E+22
   0.63966E+03   0.14969E+03   0.57623E+00   0.10157E+22
   0.63994E+03   0.14980E+03   0.57643E+00   0.10159E+22
   0.64021E+03   0.14991E+03   0.57663E+00   0.10161E+22
   0.64048E+03   0.15002E+03   0.57683E+00   0.10163E+22
   0.64076E+03   0.15013E+03   0.57703E+00   0.10165E+22
   0.64103E+03   0.15025E+03   0.57723E+00   0.10167E+22
   0.64131E+03   0.15036E+03   0.57743E+00   0.10169E+22
   0.64158E+03   0.15047E+03   0.57763E+00   0.10171E+22
   0.64185E+03   0.15058E+03   0.57783E+00   0.10173E+22
   0.64213E+03   0.15069E+03   0.57803E+00   0.10175E+22
   0.64240E+03   0.15081E+03   0.57823E+00   0.10177E+22
   0.64268E+03   0.15092E+03   0.57843E+00   0.10179E+22
   0.64295E+03   0.15103E+03   0.57863E+00   0.10181E+22
   0.64323E+03   0.15114E+03   0.57883E+00   0.10183E+22
   0.64350E+03   0.15125E+03   0.57903E+00   0.10185E+22
   0.64378E+03   0.15137E+03   0.57923E+00   0.10187E+22
   0.64405E+03   0.15148E+03   0.57943E+00   0.10189E+22
   0.64432E+03   0.15159E+03   0.57963E+00   0.10191E+22
   0.64460E+03   0.15170E+03   0.57983E+00   0.10193E+22
   0.64487E+03   0.15182E+03   0.58003E+00   0.10195E+22
   0.64515E+03   0.15193E+03   0.58023E+00   0.10197E+22
   0.64542E+03   0.15204E+03   0.58043E+00   0.10199E+22
   0.64570E+03   0.15215E+03   0.58063E+00   0.10201E+22
   0.64597E+03   0.15226E+03   0.58083E+00   0.10203E+22
   0.64625E+03   0.15238E+03   0.58103E+00   0.10205E+22
   0.64652E+03   0.15249E+03   0.58123E+00   0.10208E+22
   0.64680E+03   0.15260E+03   0.58143E+00   0.10210E+22
   0.64707E+03   0.15271E+03   0.58163E+00   0.10212E+22
   0.64735E+03   0.15283E+03   0.58183E+00   0.10214E+22
   0.64762E+03   0.15294E+03   0.58203E+00   0.10216E+22
   0.64790E+03   0.15305E+03   0.58223E+00   0.10218E+22
   0.64817E+03   0.15316E+03   0.58243E+00   0.10220E+22
   0.64845E+03   0.15328E+03   0.58263E+00   0.10222E+22
   0.64872E+03   0.15339E+03   0.58283E+00   0.10224E+22
   0.64900E+03   0.15350E+03   0.58303E+00   0.10226E+22
   0.64927E+03   0.15361E+03   0.58323E+00   0.10228E+22
   0.64955E+03   0.15373E+03   0.58343E+00   0.10230E+22
   0.64982E+03   0.15384E+03   0.58363E+00   0.10232E+22
   0.65010E+03   0.15395E+03   0.58383E+00   0.10234E+22
   0.65038E+03   0.15407E+03   0.58403E+00   0.10236E+22
   0.65065E+03   0.15418E+03   0.58423E+00   0.10238E+22
   0.65093E+03   0.15429E+03   0.58443E+00   0.10240E+22
   0.65120E+03   0.15440E+03   0.58463E+00   0.10242E+22
   0.65148E+03   0.15452E+03   0.58483E+00   0.10244E+22
   0.65175E+03   0.15463E+03   0.58503E+00   0.10246E+22
   0.65203E+03   0.15474E+03   0.58523E+00   0.10248E+22
   0.65230E+03   0.15486E+03   0.58543E+00   0.10250E+22
   0.65258E+03   0.15497E+03   0.58563E+00   0.10252E+22
   0.65286E+03   0.15508E+03   0.58583E+00   0.10254E+22
   0.65313E+03   0.15519E+03   0.58603E+00   0.10256E+22
   0.65341E+03   0.15531E+03   0.58623E+00   0.10258E+22
   0.65368E+03   0.15542E+03   0.58643E+00   0.10260E+22
   0.65396E+03   0.15553E+03   0.58663E+00   0.10262E+22
   0.65424E+03   0.15565E+03   0.58683E+00   0.10264E+22
   0.65451E+03   0.15576E+03   0.58703E+00   0.10266E+22
   0.65479E+03   0.15587E+03   0.58723E+00   0.10268E+22
   0.65506E+03   0.15599E+03   0.58743E+00   0.10270E+22
   0.65534E+03   0.15610E+03   0.58763E+00   0.10272E+22
   0.65562E+03   0.15621E+03   0.58783E+00   0.10274E+22
   0.65589E+03   0.15633E+03   0.58803E+00   0.10277E+22
   0.65617E+03   0.15644E+03   0.58823E+00   0.10279E+22
   0.65645E+03   0.15655E+03   0.58843E+00   0.10281E+22
   0.65672E+03   0.15666E+03   0.58863E+00   0.10283E+22
   0.65700E+03   0.15678E+03   0.58883E+00   0.10285E+22
   0.65727E+03   0.15689E+03   0.58903E+00   0.10287E+22
   0.65755E+03   0.15700E+03   0.58923E+00   0.10289E+22
   0.65783E+03   0.15712E+03   0.58943E+00   0.10291E+22
   0.65810E+03   0.15723E+03   0.58963E+00   0.10293E+22
   0.65838E+03   0.15734E+03   0.58983E+00   0.10295E+22
   0.65866E+03   0.15746E+03   0.59003E+00   0.10297E+22
   0.65893E+03   0.15757E+03   0.59023E+00   0.10299E+22
   0.65921E+03   0.15769E+03   0.59043E+00   0.10301E+22
   0.65949E+03   0.15780E+03   0.59063E+00   0.10303E+22
   0.65976E+03   0.15791E+03   0.59083E+00   0.10305E+22
   0.66004E+03   0.15803E+03   0.59103E+00   0.10307E+22
   0.66032E+03   0.15814E+03   0.59123E+00   0.10309E+22
   0.66059E+03   0.15825E+03   0.59143E+00   0.10311E+22
   0.66087E+03   0.15837E+03   0.59163E+00   0.10313E+22
   0.66115E+03   0.15848E+03   0.59183E+00   0.10315E+22
   0.66143E+03   0.15859E+03   0.59203E+00   0.10318E+22
   0.66170E+03   0.15871E+03   0.59223E+00   0.10320E+22
   0.66198E+03   0.15882E+03   0.59243E+00   0.10322E+22
   0.66226E+03   0.15894E+03   0.59263E+00   0.10324E+22
   0.66253E+03   0.15905E+03   0.59283E+00   0.10326E+22
   0.66281E+03   0.15916E+03   0.59303E+00   0.10328E+22
   0.66309E+03   0.15928E+03   0.59323E+00   0.10330E+22
   0.66337E+03   0.15939E+03   0.59343E+00   0.10332E+22
   0.66364E+03   0.15950E+03   0.59363E+00   0.10334E+22
   0.66392E+03   0.15962E+03   0.59383E+00   0.10336E+22
   0.66420E+03   0.15973E+03   0.59403E+00   0.10338E+22
   0.66448E+03   0.15985E+03   0.59423E+00   0.10340E+22
   0.66475E+03   0.15996E+03   0.59443E+00   0.10342E+22
   0.66503E+03   0.16007E+03   0.59463E+00   0.10344E+22
   0.66531E+03   0.16019E+03   0.59483E+00   0.10346E+22
   0.66559E+03   0.16030E+03   0.59503E+00   0.10349E+22
   0.66586E+03   0.16042E+03   0.59523E+00   0.10351E+22
   0.66614E+03   0.16053E+03   0.59543E+00   0.10353E+22
   0.66642E+03   0.16064E+03   0.59563E+00   0.10355E+22
   0.66670E+03   0.16076E+03   0.59583E+00   0.10357E+22
   0.66697E+03   0.16087E+03   0.59603E+00   0.10359E+22
   0.66725E+03   0.16099E+03   0.59623E+00   0.10361E+22
   0.66753E+03   0.16110E+03   0.59643E+00   0.10363E+22
   0.66781E+03   0.16121E+03   0.59663E+00   0.10365E+22
   0.66809E+03   0.16133E+03   0.59683E+00   0.10367E+22
   0.66836E+03   0.16144E+03   0.59703E+00   0.10369E+22
   0.66864E+03   0.16156E+03   0.59723E+00   0.10371E+22
   0.66892E+03   0.16167E+03   0.59743E+00   0.10373E+22
   0.66920E+03   0.16179E+03   0.59763E+00   0.10376E+22
   0.66948E+03   0.16190E+03   0.59783E+00   0.10378E+22
   0.66975E+03   0.16201E+03   0.59803E+00   0.10380E+22
   0.67003E+03   0.16213E+03   0.59823E+00   0.10382E+22
   0.67031E+03   0.16224E+03   0.59843E+00   0.10384E+22
   0.67059E+03   0.16236E+03   0.59863E+00   0.10386E+22
   0.67087E+03   0.16247E+03   0.59883E+00   0.10388E+22
   0.67114E+03   0.16259E+03   0.59903E+00   0.10390E+22
   0.67142E+03   0.16270E+03   0.59923E+00   0.10392E+22
   0.67170E+03   0.16282E+03   0.59943E+00   0.10394E+22
   0.67198E+03   0.16293E+03   0.59963E+00   0.10396E+22
   0.67226E+03   0.16304E+03   0.59983E+00   0.10398E+22
   0.67254E+03   0.16316E+03   0.60003E+00   0.10401E+22
   0.67282E+03   0.16327E+03   0.60023E+00   0.10403E+22
   0.67309E+03   0.16339E+03   0.60043E+00   0.10405E+22
   0.67337E+03   0.16350E+03   0.60063E+00   0.10407E+22
   0.67365E+03   0.16362E+03   0.60083E+00   0.10409E+22
   0.67393E+03   0.16373E+03   0.60103E+00   0.10411E+22
   0.67421E+03   0.16385E+03   0.60123E+00   0.10413E+22
   0.67449E+03   0.16396E+03   0.60143E+00   0.10415E+22
   0.67477E+03   0.16408E+03   0.60163E+00   0.10417E+22
   0.67505E+03   0.16419E+03   0.60183E+00   0.10419E+22
   0.67532E+03   0.16431E+03   0.60203E+00   0.10422E+22
   0.67560E+03   0.16442E+03   0.60223E+00   0.10424E+22
   0.67588E+03   0.16454E+03   0.60243E+00   0.10426E+22
   0.67616E+03   0.16465E+03   0.60263E+00   0.10428E+22
   0.67644E+03   0.16477E+03   0.60283E+00   0.10430E+22
   0.67672E+03   0.16488E+03   0.60303E+00   0.10432E+22
   0.67700E+03   0.16500E+03   0.60323E+00   0.10434E+22
   0.67728E+03   0.16511E+03   0.60343E+00   0.10436E+22
   0.67756E+03   0.16523E+03   0.60363E+00   0.10438E+22
   0.67784E+03   0.16534E+03   0.60383E+00   0.10440E+22
   0.67812E+03   0.16546E+03   0.60403E+00   0.10443E+22
   0.67840E+03   0.16557E+03   0.60423E+00   0.10445E+22
   0.67867E+03   0.16569E+03   0.60443E+00   0.10447E+22
   0.67895E+03   0.16580E+03   0.60463E+00   0.10449E+22
   0.67923E+03   0.16592E+03   0.60483E+00   0.10451E+22
   0.67951E+03   0.16603E+03   0.60503E+00   0.10453E+22
   0.67979E+03   0.16615E+03   0.60523E+00   0.10455E+22
   0.68007E+03   0.16626E+03   0.60543E+00   0.10457E+22
   0.68035E+03   0.16638E+03   0.60563E+00   0.10459E+22
   0.68063E+03   0.16649E+03   0.60583E+00   0.10462E+22
   0.68091E+03   0.16661E+03   0.60603E+00   0.10464E+22
   0.68119E+03   0.16672E+03   0.60623E+00   0.10466E+22
   0.68147E+03   0.16684E+03   0.60643E+00   0.10468E+22
   0.68175E+03   0.16695E+03   0.60663E+00   0.10470E+22
   0.68203E+03   0.16707E+03   0.60683E+00   0.10472E+22
   0.68231E+03   0.16718E+03   0.60703E+00   0.10474E+22
   0.68259E+03   0.16730E+03   0.60723E+00   0.10476E+22
   0.68287E+03   0.16742E+03   0.60743E+00   0.10478E+22
   0.68315E+03   0.16753E+03   0.60763E+00   0.10481E+22
   0.68343E+03   0.16765E+03   0.60783E+00   0.10483E+22
   0.68371E+03   0.16776E+03   0.60803E+00   0.10485E+22
   0.68399E+03   0.16788E+03   0.60823E+00   0.10487E+22
   0.68427E+03   0.16799E+03   0.60843E+00   0.10489E+22
   0.68455E+03   0.16811E+03   0.60863E+00   0.10491E+22
   0.68483E+03   0.16822E+03   0.60883E+00   0.10493E+22
   0.68511E+03   0.16834E+03   0.60903E+00   0.10495E+22
   0.68539E+03   0.16845E+03   0.60923E+00   0.10498E+22
   0.68567E+03   0.16857E+03   0.60943E+00   0.10500E+22
   0.68595E+03   0.16869E+03   0.60963E+00   0.10502E+22
   0.68623E+03   0.16880E+03   0.60983E+00   0.10504E+22
   0.68651E+03   0.16892E+03   0.61003E+00   0.10506E+22
   0.68679E+03   0.16903E+03   0.61023E+00   0.10508E+22
   0.68707E+03   0.16915E+03   0.61043E+00   0.10510E+22
   0.68735E+03   0.16926E+03   0.61063E+00   0.10512E+22
   0.68763E+03   0.16938E+03   0.61083E+00   0.10515E+22
   0.68792E+03   0.16950E+03   0.61103E+00   0.10517E+22
   0.68820E+03   0.16961E+03   0.61123E+00   0.10519E+22
   0.68848E+03   0.16973E+03   0.61143E+00   0.10521E+22
   0.68876E+03   0.16984E+03   0.61163E+00   0.10523E+22
   0.68904E+03   0.16996E+03   0.61183E+00   0.10525E+22
   0.68932E+03   0.17008E+03   0.61203E+00   0.10527E+22
   0.68960E+03   0.17019E+03   0.61223E+00   0.10530E+22
   0.68988E+03   0.17031E+03   0.61243E+00   0.10532E+22
   0.69016E+03   0.17042E+03   0.61263E+00   0.10534E+22
   0.69044E+03   0.17054E+03   0.61283E+00   0.10536E+22
   0.69072E+03   0.17066E+03   0.61303E+00   0.10538E+22
   0.69100E+03   0.17077E+03   0.61323E+00   0.10540E+22
   0.69129E+03   0.17089E+03   0.61343E+00   0.10542E+22
   0.69157E+03   0.17100E+03   0.61363E+00   0.10544E+22
   0.69185E+03   0.17112E+03   0.61383E+00   0.10547E+22
   0.69213E+03   0.17124E+03   0.61403E+00   0.10549E+22
   0.69241E+03   0.17135E+03   0.61423E+00   0.10551E+22
   0.69269E+03   0.17147E+03   0.61443E+00   0.10553E+22
   0.69297E+03   0.17158E+03   0.61463E+00   0.10555E+22
   0.69325E+03   0.17170E+03   0.61483E+00   0.10557E+22
   0.69354E+03   0.17182E+03   0.61503E+00   0.10559E+22
   0.69382E+03   0.17193E+03   0.61523E+00   0.10562E+22
   0.69410E+03   0.17205E+03   0.61543E+00   0.10564E+22
   0.69438E+03   0.17217E+03   0.61563E+00   0.10566E+22
   0.69466E+03   0.17228E+03   0.61583E+00   0.10568E+22
   0.69494E+03   0.17240E+03   0.61603E+00   0.10570E+22
   0.69522E+03   0.17252E+03   0.61623E+00   0.10572E+22
   0.69551E+03   0.17263E+03   0.61643E+00   0.10575E+22
   0.69579E+03   0.17275E+03   0.61663E+00   0.10577E+22
   0.69607E+03   0.17286E+03   0.61683E+00   0.10579E+22
   0.69635E+03   0.17298E+03   0.61703E+00   0.10581E+22
   0.69663E+03   0.17310E+03   0.61723E+00   0.10583E+22
   0.69692E+03   0.17321E+03   0.61743E+00   0.10585E+22
   0.69720E+03   0.17333E+03   0.61763E+00   0.10587E+22
   0.69748E+03   0.17345E+03   0.61783E+00   0.10590E+22
   0.69776E+03   0.17356E+03   0.61803E+00   0.10592E+22
   0.69804E+03   0.17368E+03   0.61823E+00   0.10594E+22
   0.69832E+03   0.17380E+03   0.61843E+00   0.10596E+22
   0.69861E+03   0.17391E+03   0.61863E+00   0.10598E+22
   0.69889E+03   0.17403E+03   0.61883E+00   0.10600E+22
   0.69917E+03   0.17415E+03   0.61903E+00   0.10603E+22
   0.69945E+03   0.17426E+03   0.61923E+00   0.10605E+22
   0.69974E+03   0.17438E+03   0.61943E+00   0.10607E+22
   0.70002E+03   0.17450E+03   0.61963E+00   0.10609E+22
   0.70030E+03   0.17461E+03   0.61983E+00   0.10611E+22
   0.70058E+03   0.17473E+03   0.62003E+00   0.10613E+22
   0.70086E+03   0.17485E+03   0.62023E+00   0.10616E+22
   0.70115E+03   0.17496E+03   0.62043E+00   0.10618E+22
   0.70143E+03   0.17508E+03   0.62063E+00   0.10620E+22
   0.70171E+03   0.17520E+03   0.62083E+00   0.10622E+22
   0.70199E+03   0.17531E+03   0.62103E+00   0.10624E+22
   0.70228E+03   0.17543E+03   0.62123E+00   0.10626E+22
   0.70256E+03   0.17555E+03   0.62143E+00   0.10629E+22
   0.70284E+03   0.17567E+03   0.62163E+00   0.10631E+22
   0.70313E+03   0.17578E+03   0.62183E+00   0.10633E+22
   0.70341E+03   0.17590E+03   0.62203E+00   0.10635E+22
   0.70369E+03   0.17602E+03   0.62223E+00   0.10637E+22
   0.70397E+03   0.17613E+03   0.62243E+00   0.10639E+22
   0.70426E+03   0.17625E+03   0.62263E+00   0.10642E+22
   0.70454E+03   0.17637E+03   0.62283E+00   0.10644E+22
   0.70482E+03   0.17648E+03   0.62303E+00   0.10646E+22
   0.70510E+03   0.17660E+03   0.62323E+00   0.10648E+22
   0.70539E+03   0.17672E+03   0.62343E+00   0.10650E+22
   0.70567E+03   0.17684E+03   0.62363E+00   0.10652E+22
   0.70595E+03   0.17695E+03   0.62383E+00   0.10655E+22
   0.70624E+03   0.17707E+03   0.62403E+00   0.10657E+22
   0.70652E+03   0.17719E+03   0.62423E+00   0.10659E+22
   0.70680E+03   0.17731E+03   0.62443E+00   0.10661E+22
   0.70709E+03   0.17742E+03   0.62463E+00   0.10663E+22
   0.70737E+03   0.17754E+03   0.62483E+00   0.10665E+22
   0.70765E+03   0.17766E+03   0.62503E+00   0.10668E+22
   0.70794E+03   0.17777E+03   0.62523E+00   0.10670E+22
   0.70822E+03   0.17789E+03   0.62543E+00   0.10672E+22
   0.70850E+03   0.17801E+03   0.62563E+00   0.10674E+22
   0.70879E+03   0.17813E+03   0.62583E+00   0.10676E+22
   0.70907E+03   0.17824E+03   0.62603E+00   0.10679E+22
   0.70935E+03   0.17836E+03   0.62623E+00   0.10681E+22
   0.70964E+03   0.17848E+03   0.62643E+00   0.10683E+22
   0.70992E+03   0.17860E+03   0.62663E+00   0.10685E+22
   0.71020E+03   0.17871E+03   0.62683E+00   0.10687E+22
   0.71049E+03   0.17883E+03   0.62703E+00   0.10690E+22
   0.71077E+03   0.17895E+03   0.62723E+00   0.10692E+22
   0.71106E+03   0.17907E+03   0.62743E+00   0.10694E+22
   0.71134E+03   0.17918E+03   0.62763E+00   0.10696E+22
   0.71162E+03   0.17930E+03   0.62783E+00   0.10698E+22
   0.71191E+03   0.17942E+03   0.62803E+00   0.10700E+22
   0.71219E+03   0.17954E+03   0.62823E+00   0.10703E+22
   0.71247E+03   0.17965E+03   0.62843E+00   0.10705E+22
   0.71276E+03   0.17977E+03   0.62863E+00   0.10707E+22
   0.71304E+03   0.17989E+03   0.62883E+00   0.10709E+22
   0.71333E+03   0.18001E+03   0.62903E+00   0.10711E+22
   0.71361E+03   0.18013E+03   0.62923E+00   0.10714E+22
   0.71389E+03   0.18024E+03   0.62943E+00   0.10716E+22
   0.71418E+03   0.18036E+03   0.62963E+00   0.10718E+22
   0.71446E+03   0.18048E+03   0.62983E+00   0.10720E+22
   0.71475E+03   0.18060E+03   0.63003E+00   0.10722E+22
   0.71503E+03   0.18071E+03   0.63023E+00   0.10725E+22
   0.71532E+03   0.18083E+03   0.63043E+00   0.10727E+22
   0.71560E+03   0.18095E+03   0.63063E+00   0.10729E+22
   0.71588E+03   0.18107E+03   0.63083E+00   0.10731E+22
   0.71617E+03   0.18119E+03   0.63103E+00   0.10733E+22
   0.71645E+03   0.18130E+03   0.63123E+00   0.10736E+22
   0.71674E+03   0.18142E+03   0.63143E+00   0.10738E+22
   0.71702E+03   0.18154E+03   0.63163E+00   0.10740E+22
   0.71731E+03   0.18166E+03   0.63183E+00   0.10742E+22
   0.71759E+03   0.18178E+03   0.63203E+00   0.10744E+22
   0.71788E+03   0.18189E+03   0.63223E+00   0.10747E+22
   0.71816E+03   0.18201E+03   0.63243E+00   0.10749E+22
   0.71844E+03   0.18213E+03   0.63263E+00   0.10751E+22
   0.71873E+03   0.18225E+03   0.63283E+00   0.10753E+22
   0.71901E+03   0.18237E+03   0.63303E+00   0.10755E+22
   0.71930E+03   0.18249E+03   0.63323E+00   0.10758E+22
   0.71958E+03   0.18260E+03   0.63343E+00   0.10760E+22
   0.71987E+03   0.18272E+03   0.63363E+00   0.10762E+22
   0.72015E+03   0.18284E+03   0.63383E+00   0.10764E+22
   0.72044E+03   0.18296E+03   0.63403E+00   0.10766E+22
   0.72072E+03   0.18308E+03   0.63423E+00   0.10769E+22
   0.72101E+03   0.18319E+03   0.63443E+00   0.10771E+22
   0.72129E+03   0.18331E+03   0.63463E+00   0.10773E+22
   0.72158E+03   0.18343E+03   0.63483E+00   0.10775E+22
   0.72186E+03   0.18355E+03   0.63503E+00   0.10778E+22
   0.72215E+03   0.18367E+03   0.63523E+00   0.10780E+22
   0.72243E+03   0.18379E+03   0.63543E+00   0.10782E+22
   0.72272E+03   0.18391E+03   0.63563E+00   0.10784E+22
   0.72300E+03   0.18402E+03   0.63583E+00   0.10786E+22
   0.72329E+03   0.18414E+03   0.63603E+00   0.10789E+22
   0.72358E+03   0.18426E+03   0.63623E+00   0.10791E+22
   0.72386E+03   0.18438E+03   0.63643E+00   0.10793E+22
   0.72415E+03   0.18450E+03   0.63663E+00   0.10795E+22
   0.72443E+03   0.18462E+03   0.63683E+00   0.10797E+22
   0.72472E+03   0.18473E+03   0.63703E+00   0.10800E+22
   0.72500E+03   0.18485E+03   0.63723E+00   0.10802E+22
   0.72529E+03   0.18497E+03   0.63743E+00   0.10804E+22
   0.72557E+03   0.18509E+03   0.63763E+00   0.10806E+22
   0.72586E+03   0.18521E+03   0.63783E+00   0.10809E+22
   0.72615E+03   0.18533E+03   0.63803E+00   0.10811E+22
   0.72643E+03   0.18545E+03   0.63823E+00   0.10813E+22
   0.72672E+03   0.18557E+03   0.63843E+00   0.10815E+22
   0.72700E+03   0.18568E+03   0.63863E+00   0.10817E+22
   0.72729E+03   0.18580E+03   0.63883E+00   0.10820E+22
   0.72757E+03   0.18592E+03   0.63903E+00   0.10822E+22
   0.72786E+03   0.18604E+03   0.63923E+00   0.10824E+22
   0.72815E+03   0.18616E+03   0.63943E+00   0.10826E+22
   0.72843E+03   0.18628E+03   0.63963E+00   0.10829E+22
   0.72872E+03   0.18640E+03   0.63983E+00   0.10831E+22
   0.72900E+03   0.18652E+03   0.64003E+00   0.10833E+22
   0.72929E+03   0.18663E+03   0.64023E+00   0.10835E+22
   0.72958E+03   0.18675E+03   0.64043E+00   0.10837E+22
   0.72986E+03   0.18687E+03   0.64063E+00   0.10840E+22
   0.73015E+03   0.18699E+03   0.64083E+00   0.10842E+22
   0.73044E+03   0.18711E+03   0.64103E+00   0.10844E+22
   0.73072E+03   0.18723E+03   0.64123E+00   0.10846E+22
   0.73101E+03   0.18735E+03   0.64143E+00   0.10849E+22
   0.73129E+03   0.18747E+03   0.64163E+00   0.10851E+22
   0.73158E+03   0.18759E+03   0.64183E+00   0.10853E+22
   0.73187E+03   0.18771E+03   0.64203E+00   0.10855E+22
   0.73215E+03   0.18782E+03   0.64223E+00   0.10858E+22
   0.73244E+03   0.18794E+03   0.64243E+00   0.10860E+22
   0.73273E+03   0.18806E+03   0.64263E+00   0.10862E+22
   0.73301E+03   0.18818E+03   0.64283E+00   0.10864E+22
   0.73330E+03   0.18830E+03   0.64303E+00   0.10867E+22
   0.73359E+03   0.18842E+03   0.64323E+00   0.10869E+22
   0.73387E+03   0.18854E+03   0.64343E+00   0.10871E+22
   0.73416E+03   0.18866E+03   0.64363E+00   0.10873E+22
   0.73445E+03   0.18878E+03   0.64383E+00   0.10875E+22
   0.73473E+03   0.18890E+03   0.64403E+00   0.10878E+22
   0.73502E+03   0.18902E+03   0.64423E+00   0.10880E+22
   0.73531E+03   0.18914E+03   0.64443E+00   0.10882E+22
   0.73559E+03   0.18926E+03   0.64463E+00   0.10884E+22
   0.73588E+03   0.18937E+03   0.64483E+00   0.10887E+22
   0.73617E+03   0.18949E+03   0.64503E+00   0.10889E+22
   0.73646E+03   0.18961E+03   0.64523E+00   0.10891E+22
   0.73674E+03   0.18973E+03   0.64543E+00   0.10893E+22
   0.73703E+03   0.18985E+03   0.64563E+00   0.10896E+22
   0.73732E+03   0.18997E+03   0.64583E+00   0.10898E+22
   0.73760E+03   0.19009E+03   0.64603E+00   0.10900E+22
   0.73789E+03   0.19021E+03   0.64623E+00   0.10902E+22
   0.73818E+03   0.19033E+03   0.64643E+00   0.10905E+22
   0.73847E+03   0.19045E+03   0.64663E+00   0.10907E+22
   0.73875E+03   0.19057E+03   0.64683E+00   0.10909E+22
   0.73904E+03   0.19069E+03   0.64703E+00   0.10911E+22
   0.73933E+03   0.19081E+03   0.64723E+00   0.10914E+22
   0.73962E+03   0.19093E+03   0.64743E+00   0.10916E+22
   0.73990E+03   0.19105E+03   0.64763E+00   0.10918E+22
   0.74019E+03   0.19117E+03   0.64783E+00   0.10920E+22
   0.74048E+03   0.19129E+03   0.64803E+00   0.10923E+22
   0.74077E+03   0.19141E+03   0.64823E+00   0.10925E+22
   0.74105E+03   0.19153E+03   0.64843E+00   0.10927E+22
   0.74134E+03   0.19165E+03   0.64863E+00   0.10929E+22
   0.74163E+03   0.19177E+03   0.64883E+00   0.10932E+22
   0.74192E+03   0.19189E+03   0.64903E+00   0.10934E+22
   0.74220E+03   0.19201E+03   0.64923E+00   0.10936E+22
   0.74249E+03   0.19213E+03   0.64943E+00   0.10938E+22
   0.74278E+03   0.19224E+03   0.64963E+00   0.10941E+22
   0.74307E+03   0.19236E+03   0.64983E+00   0.10943E+22
   0.74336E+03   0.19248E+03   0.65003E+00   0.10945E+22
   0.74364E+03   0.19260E+03   0.65023E+00   0.10947E+22
   0.74393E+03   0.19272E+03   0.65043E+00   0.10950E+22
   0.74422E+03   0.19284E+03   0.65063E+00   0.10952E+22
   0.74451E+03   0.19296E+03   0.65083E+00   0.10954E+22
   0.74480E+03   0.19308E+03   0.65103E+00   0.10956E+22
   0.74508E+03   0.19320E+03   0.65123E+00   0.10959E+22
   0.74537E+03   0.19332E+03   0.65143E+00   0.10961E+22
   0.74566E+03   0.19344E+03   0.65163E+00   0.10963E+22
   0.74595E+03   0.19356E+03   0.65183E+00   0.10966E+22
   0.74624E+03   0.19368E+03   0.65203E+00   0.10968E+22
   0.74652E+03   0.19380E+03   0.65223E+00   0.10970E+22
   0.74681E+03   0.19392E+03   0.65243E+00   0.10972E+22
   0.74710E+03   0.19404E+03   0.65263E+00   0.10975E+22
   0.74739E+03   0.19416E+03   0.65283E+00   0.10977E+22
   0.74768E+03   0.19428E+03   0.65303E+00   0.10979E+22
   0.74797E+03   0.19441E+03   0.65323E+00   0.10981E+22
   0.74826E+03   0.19453E+03   0.65343E+00   0.10984E+22
   0.74854E+03   0.19465E+03   0.65363E+00   0.10986E+22
   0.74883E+03   0.19477E+03   0.65383E+00   0.10988E+22
   0.74912E+03   0.19489E+03   0.65403E+00   0.10990E+22
   0.74941E+03   0.19501E+03   0.65423E+00   0.10993E+22
   0.74970E+03   0.19513E+03   0.65443E+00   0.10995E+22
   0.74999E+03   0.19525E+03   0.65463E+00   0.10997E+22
   0.75028E+03   0.19537E+03   0.65483E+00   0.11000E+22
   0.75057E+03   0.19549E+03   0.65503E+00   0.11002E+22
   0.75085E+03   0.19561E+03   0.65523E+00   0.11004E+22
   0.75114E+03   0.19573E+03   0.65543E+00   0.11006E+22
   0.75143E+03   0.19585E+03   0.65563E+00   0.11009E+22
   0.75172E+03   0.19597E+03   0.65583E+00   0.11011E+22
   0.75201E+03   0.19609E+03   0.65603E+00   0.11013E+22
   0.75230E+03   0.19621E+03   0.65623E+00   0.11015E+22
   0.75259E+03   0.19633E+03   0.65643E+00   0.11018E+22
   0.75288E+03   0.19645E+03   0.65663E+00   0.11020E+22
   0.75317E+03   0.19657E+03   0.65683E+00   0.11022E+22
   0.75346E+03   0.19669E+03   0.65703E+00   0.11025E+22
   0.75374E+03   0.19681E+03   0.65723E+00   0.11027E+22
   0.75403E+03   0.19693E+03   0.65743E+00   0.11029E+22
   0.75432E+03   0.19705E+03   0.65763E+00   0.11031E+22
   0.75461E+03   0.19717E+03   0.65783E+00   0.11034E+22
   0.75490E+03   0.19730E+03   0.65803E+00   0.11036E+22
   0.75519E+03   0.19742E+03   0.65823E+00   0.11038E+22
   0.75548E+03   0.19754E+03   0.65843E+00   0.11041E+22
   0.75577E+03   0.19766E+03   0.65863E+00   0.11043E+22
   0.75606E+03   0.19778E+03   0.65883E+00   0.11045E+22
   0.75635E+03   0.19790E+03   0.65903E+00   0.11047E+22
   0.75664E+03   0.19802E+03   0.65923E+00   0.11050E+22
   0.75693E+03   0.19814E+03   0.65943E+00   0.11052E+22
   0.75722E+03   0.19826E+03   0.65963E+00   0.11054E+22
   0.75751E+03   0.19838E+03   0.65983E+00   0.11057E+22
   0.75780E+03   0.19850E+03   0.66003E+00   0.11059E+22
   0.75809E+03   0.19862E+03   0.66023E+00   0.11061E+22
   0.75838E+03   0.19874E+03   0.66043E+00   0.11063E+22
   0.75867E+03   0.19887E+03   0.66063E+00   0.11066E+22
   0.75896E+03   0.19899E+03   0.66083E+00   0.11068E+22
   0.75925E+03   0.19911E+03   0.66103E+00   0.11070E+22
   0.75954E+03   0.19923E+03   0.66123E+00   0.11073E+22
   0.75983E+03   0.19935E+03   0.66143E+00   0.11075E+22
   0.76012E+03   0.19947E+03   0.66163E+00   0.11077E+22
   0.76041E+03   0.19959E+03   0.66183E+00   0.11079E+22
   0.76070E+03   0.19971E+03   0.66203E+00   0.11082E+22
   0.76099E+03   0.19983E+03   0.66223E+00   0.11084E+22
   0.76128E+03   0.19995E+03   0.66243E+00   0.11086E+22
   0.76157E+03   0.20008E+03   0.66263E+00   0.11089E+22
   0.76186E+03   0.20020E+03   0.66283E+00   0.11091E+22
   0.76215E+03   0.20032E+03   0.66303E+00   0.11093E+22
   0.76244E+03   0.20044E+03   0.66323E+00   0.11095E+22
   0.76273E+03   0.20056E+03   0.66343E+00   0.11098E+22
   0.76302E+03   0.20068E+03   0.66363E+00   0.11100E+22
   0.76331E+03   0.20080E+03   0.66383E+00   0.11102E+22
   0.76360E+03   0.20092E+03   0.66403E+00   0.11105E+22
   0.76389E+03   0.20104E+03   0.66423E+00   0.11107E+22
   0.76418E+03   0.20117E+03   0.66443E+00   0.11109E+22
   0.76447E+03   0.20129E+03   0.66463E+00   0.11112E+22
   0.76476E+03   0.20141E+03   0.66483E+00   0.11114E+22
   0.76505E+03   0.20153E+03   0.66503E+00   0.11116E+22
   0.76534E+03   0.20165E+03   0.66523E+00   0.11118E+22
   0.76564E+03   0.20177E+03   0.66543E+00   0.11121E+22
   0.76593E+03   0.20189E+03   0.66563E+00   0.11123E+22
   0.76622E+03   0.20202E+03   0.66583E+00   0.11125E+22
   0.76651E+03   0.20214E+03   0.66603E+00   0.11128E+22
   0.76680E+03   0.20226E+03   0.66623E+00   0.11130E+22
   0.76709E+03   0.20238E+03   0.66643E+00   0.11132E+22
   0.76738E+03   0.20250E+03   0.66663E+00   0.11135E+22
   0.76767E+03   0.20262E+03   0.66683E+00   0.11137E+22
   0.76796E+03   0.20274E+03   0.66703E+00   0.11139E+22
   0.76825E+03   0.20287E+03   0.66723E+00   0.11141E+22
   0.76854E+03   0.20299E+03   0.66743E+00   0.11144E+22
   0.76884E+03   0.20311E+03   0.66763E+00   0.11146E+22
   0.76913E+03   0.20323E+03   0.66783E+00   0.11148E+22
   0.76942E+03   0.20335E+03   0.66803E+00   0.11151E+22
   0.76971E+03   0.20347E+03   0.66823E+00   0.11153E+22
   0.77000E+03   0.20360E+03   0.66843E+00   0.11155E+22
   0.77029E+03   0.20372E+03   0.66863E+00   0.11158E+22
   0.77058E+03   0.20384E+03   0.66883E+00   0.11160E+22
   0.77088E+03   0.20396E+03   0.66903E+00   0.11162E+22
   0.77117E+03   0.20408E+03   0.66923E+00   0.11165E+22
   0.77146E+03   0.20420E+03   0.66943E+00   0.11167E+22
   0.77175E+03   0.20433E+03   0.66963E+00   0.11169E+22
   0.77204E+03   0.20445E+03   0.66983E+00   0.11171E+22
   0.77233E+03   0.20457E+03   0.67003E+00   0.11174E+22
   0.77262E+03   0.20469E+03   0.67023E+00   0.11176E+22
   0.77292E+03   0.20481E+03   0.67043E+00   0.11178E+22
   0.77321E+03   0.20493E+03   0.67063E+00   0.11181E+22
   0.77350E+03   0.20506E+03   0.67083E+00   0.11183E+22
   0.77379E+03   0.20518E+03   0.67103E+00   0.11185E+22
   0.77408E+03   0.20530E+03   0.67123E+00   0.11188E+22
   0.77437E+03   0.20542E+03   0.67143E+00   0.11190E+22
   0.77467E+03   0.20554E+03   0.67163E+00   0.11192E+22
   0.77496E+03   0.20567E+03   0.67183E+00   0.11195E+22
   0.77525E+03   0.20579E+03   0.67203E+00   0.11197E+22
   0.77554E+03   0.20591E+03   0.67223E+00   0.11199E+22
   0.77583E+03   0.20603E+03   0.67243E+00   0.11202E+22
   0.77613E+03   0.20615E+03   0.67263E+00   0.11204E+22
   0.77642E+03   0.20628E+03   0.67283E+00   0.11206E+22
   0.77671E+03   0.20640E+03   0.67303E+00   0.11209E+22
   0.77700E+03   0.20652E+03   0.67323E+00   0.11211E+22
   0.77730E+03   0.20664E+03   0.67343E+00   0.11213E+22
   0.77759E+03   0.20676E+03   0.67363E+00   0.11215E+22
   0.77788E+03   0.20689E+03   0.67383E+00   0.11218E+22
   0.77817E+03   0.20701E+03   0.67403E+00   0.11220E+22
   0.77846E+03   0.20713E+03   0.67423E+00   0.11222E+22
   0.77876E+03   0.20725E+03   0.67443E+00   0.11225E+22
   0.77905E+03   0.20738E+03   0.67463E+00   0.11227E+22
   0.77934E+03   0.20750E+03   0.67483E+00   0.11229E+22
   0.77963E+03   0.20762E+03   0.67503E+00   0.11232E+22
   0.77993E+03   0.20774E+03   0.67523E+00   0.11234E+22
   0.78022E+03   0.20786E+03   0.67543E+00   0.11236E+22
   0.78051E+03   0.20799E+03   0.67563E+00   0.11239E+22
   0.78080E+03   0.20811E+03   0.67583E+00   0.11241E+22
   0.78110E+03   0.20823E+03   0.67603E+00   0.11243E+22
   0.78139E+03   0.20835E+03   0.67623E+00   0.11246E+22
   0.78168E+03   0.20848E+03   0.67643E+00   0.11248E+22
   0.78198E+03   0.20860E+03   0.67663E+00   0.11250E+22
   0.78227E+03   0.20872E+03   0.67683E+00   0.11253E+22
   0.78256E+03   0.20884E+03   0.67703E+00   0.11255E+22
   0.78285E+03   0.20897E+03   0.67723E+00   0.11257E+22
   0.78315E+03   0.20909E+03   0.67743E+00   0.11260E+22
   0.78344E+03   0.20921E+03   0.67763E+00   0.11262E+22
   0.78373E+03   0.20933E+03   0.67783E+00   0.11264E+22
   0.78403E+03   0.20946E+03   0.67803E+00   0.11267E+22
   0.78432E+03   0.20958E+03   0.67823E+00   0.11269E+22
   0.78461E+03   0.20970E+03   0.67843E+00   0.11271E+22
   0.78491E+03   0.20982E+03   0.67863E+00   0.11274E+22
   0.78520E+03   0.20995E+03   0.67883E+00   0.11276E+22
   0.78549E+03   0.21007E+03   0.67903E+00   0.11278E+22
   0.78578E+03   0.21019E+03   0.67923E+00   0.11281E+22
   0.78608E+03   0.21031E+03   0.67943E+00   0.11283E+22
   0.78637E+03   0.21044E+03   0.67963E+00   0.11285E+22
   0.78666E+03   0.21056E+03   0.67983E+00   0.11288E+22
   0.78696E+03   0.21068E+03   0.68003E+00   0.11290E+22
   0.78725E+03   0.21080E+03   0.68023E+00   0.11292E+22
   0.78754E+03   0.21093E+03   0.68043E+00   0.11295E+22
   0.78784E+03   0.21105E+03   0.68063E+00   0.11297E+22
   0.78813E+03   0.21117E+03   0.68083E+00   0.11299E+22
   0.78843E+03   0.21130E+03   0.68103E+00   0.11302E+22
   0.78872E+03   0.21142E+03   0.68123E+00   0.11304E+22
   0.78901E+03   0.21154E+03   0.68143E+00   0.11306E+22
   0.78931E+03   0.21166E+03   0.68163E+00   0.11309E+22
   0.78960E+03   0.21179E+03   0.68183E+00   0.11311E+22
   0.78989E+03   0.21191E+03   0.68203E+00   0.11313E+22
   0.79019E+03   0.21203E+03   0.68223E+00   0.11316E+22
   0.79048E+03   0.21216E+03   0.68243E+00   0.11318E+22
   0.79078E+03   0.21228E+03   0.68263E+00   0.11320E+22
   0.79107E+03   0.21240E+03   0.68283E+00   0.11323E+22
   0.79136E+03   0.21252E+03   0.68303E+00   0.11325E+22
   0.79166E+03   0.21265E+03   0.68323E+00   0.11328E+22
   0.79195E+03   0.21277E+03   0.68343E+00   0.11330E+22
   0.79225E+03   0.21289E+03   0.68363E+00   0.11332E+22
   0.79254E+03   0.21302E+03   0.68383E+00   0.11335E+22
   0.79283E+03   0.21314E+03   0.68403E+00   0.11337E+22
   0.79313E+03   0.21326E+03   0.68423E+00   0.11339E+22
   0.79342E+03   0.21339E+03   0.68443E+00   0.11342E+22
   0.79372E+03   0.21351E+03   0.68463E+00   0.11344E+22
   0.79401E+03   0.21363E+03   0.68483E+00   0.11346E+22
   0.79430E+03   0.21376E+03   0.68503E+00   0.11349E+22
   0.79460E+03   0.21388E+03   0.68523E+00   0.11351E+22
   0.79489E+03   0.21400E+03   0.68543E+00   0.11353E+22
   0.79519E+03   0.21412E+03   0.68563E+00   0.11356E+22
   0.79548E+03   0.21425E+03   0.68583E+00   0.11358E+22
   0.79578E+03   0.21437E+03   0.68603E+00   0.11360E+22
   0.79607E+03   0.21449E+03   0.68623E+00   0.11363E+22
   0.79637E+03   0.21462E+03   0.68643E+00   0.11365E+22
   0.79666E+03   0.21474E+03   0.68663E+00   0.11367E+22
   0.79695E+03   0.21486E+03   0.68683E+00   0.11370E+22
   0.79725E+03   0.21499E+03   0.68703E+00   0.11372E+22
   0.79754E+03   0.21511E+03   0.68723E+00   0.11375E+22
   0.79784E+03   0.21523E+03   0.68743E+00   0.11377E+22
   0.79813E+03   0.21536E+03   0.68763E+00   0.11379E+22
   0.79843E+03   0.21548E+03   0.68783E+00   0.11382E+22
   0.79872E+03   0.21560E+03   0.68803E+00   0.11384E+22
   0.79902E+03   0.21573E+03   0.68823E+00   0.11386E+22
   0.79931E+03   0.21585E+03   0.68843E+00   0.11389E+22
   0.79961E+03   0.21598E+03   0.68863E+00   0.11391E+22
   0.79990E+03   0.21610E+03   0.68883E+00   0.11393E+22
   0.80020E+03   0.21622E+03   0.68903E+00   0.11396E+22
   0.80049E+03   0.21635E+03   0.68923E+00   0.11398E+22
   0.80079E+03   0.21647E+03   0.68943E+00   0.11400E+22
   0.80108E+03   0.21659E+03   0.68963E+00   0.11403E+22
   0.80138E+03   0.21672E+03   0.68983E+00   0.11405E+22
   0.80167E+03   0.21684E+03   0.69003E+00   0.11408E+22
   0.80197E+03   0.21696E+03   0.69023E+00   0.11410E+22
   0.80226E+03   0.21709E+03   0.69043E+00   0.11412E+22
   0.80256E+03   0.21721E+03   0.69063E+00   0.11415E+22
   0.80285E+03   0.21733E+03   0.69083E+00   0.11417E+22
   0.80315E+03   0.21746E+03   0.69103E+00   0.11419E+22
   0.80345E+03   0.21758E+03   0.69123E+00   0.11422E+22
   0.80374E+03   0.21771E+03   0.69143E+00   0.11424E+22
   0.80404E+03   0.21783E+03   0.69163E+00   0.11426E+22
   0.80433E+03   0.21795E+03   0.69183E+00   0.11429E+22
   0.80463E+03   0.21808E+03   0.69203E+00   0.11431E+22
   0.80492E+03   0.21820E+03   0.69223E+00   0.11434E+22
   0.80522E+03   0.21832E+03   0.69243E+00   0.11436E+22
   0.80551E+03   0.21845E+03   0.69263E+00   0.11438E+22
   0.80581E+03   0.21857E+03   0.69283E+00   0.11441E+22
   0.80611E+03   0.21870E+03   0.69303E+00   0.11443E+22
   0.80640E+03   0.21882E+03   0.69323E+00   0.11445E+22
   0.80670E+03   0.21894E+03   0.69343E+00   0.11448E+22
   0.80699E+03   0.21907E+03   0.69363E+00   0.11450E+22
   0.80729E+03   0.21919E+03   0.69383E+00   0.11453E+22
   0.80758E+03   0.21932E+03   0.69403E+00   0.11455E+22
   0.80788E+03   0.21944E+03   0.69423E+00   0.11457E+22
   0.80818E+03   0.21956E+03   0.69443E+00   0.11460E+22
   0.80847E+03   0.21969E+03   0.69463E+00   0.11462E+22
   0.80877E+03   0.21981E+03   0.69483E+00   0.11464E+22
   0.80907E+03   0.21994E+03   0.69503E+00   0.11467E+22
   0.80936E+03   0.22006E+03   0.69523E+00   0.11469E+22
   0.80966E+03   0.22018E+03   0.69543E+00   0.11471E+22
   0.80995E+03   0.22031E+03   0.69563E+00   0.11474E+22
   0.81025E+03   0.22043E+03   0.69583E+00   0.11476E+22
   0.81055E+03   0.22056E+03   0.69603E+00   0.11479E+22
   0.81084E+03   0.22068E+03   0.69623E+00   0.11481E+22
   0.81114E+03   0.22080E+03   0.69643E+00   0.11483E+22
   0.81143E+03   0.22093E+03   0.69663E+00   0.11486E+22
   0.81173E+03   0.22105E+03   0.69683E+00   0.11488E+22
   0.81203E+03   0.22118E+03   0.69703E+00   0.11491E+22
   0.81232E+03   0.22130E+03   0.69723E+00   0.11493E+22
   0.81262E+03   0.22143E+03   0.69743E+00   0.11495E+22
   0.81292E+03   0.22155E+03   0.69763E+00   0.11498E+22
   0.81321E+03   0.22167E+03   0.69783E+00   0.11500E+22
   0.81351E+03   0.22180E+03   0.69803E+00   0.11502E+22
   0.81381E+03   0.22192E+03   0.69823E+00   0.11505E+22
   0.81410E+03   0.22205E+03   0.69843E+00   0.11507E+22
   0.81440E+03   0.22217E+03   0.69863E+00   0.11510E+22
   0.81470E+03   0.22230E+03   0.69883E+00   0.11512E+22
   0.81499E+03   0.22242E+03   0.69903E+00   0.11514E+22
   0.81529E+03   0.22255E+03   0.69923E+00   0.11517E+22
   0.81559E+03   0.22267E+03   0.69943E+00   0.11519E+22
   0.81588E+03   0.22279E+03   0.69963E+00   0.11521E+22
   0.81618E+03   0.22292E+03   0.69983E+00   0.11524E+22
   0.81648E+03   0.22304E+03   0.70003E+00   0.11526E+22
   0.81678E+03   0.22317E+03   0.70023E+00   0.11529E+22
   0.81707E+03   0.22329E+03   0.70043E+00   0.11531E+22
   0.81737E+03   0.22342E+03   0.70063E+00   0.11533E+22
   0.81767E+03   0.22354E+03   0.70083E+00   0.11536E+22
   0.81796E+03   0.22367E+03   0.70103E+00   0.11538E+22
   0.81826E+03   0.22379E+03   0.70123E+00   0.11541E+22
   0.81856E+03   0.22391E+03   0.70143E+00   0.11543E+22
   0.81886E+03   0.22404E+03   0.70163E+00   0.11545E+22
   0.81915E+03   0.22416E+03   0.70183E+00   0.11548E+22
   0.81945E+03   0.22429E+03   0.70203E+00   0.11550E+22
   0.81975E+03   0.22441E+03   0.70223E+00   0.11552E+22
   0.82005E+03   0.22454E+03   0.70243E+00   0.11555E+22
   0.82034E+03   0.22466E+03   0.70263E+00   0.11557E+22
   0.82064E+03   0.22479E+03   0.70283E+00   0.11560E+22
   0.82094E+03   0.22491E+03   0.70303E+00   0.11562E+22
   0.82124E+03   0.22504E+03   0.70323E+00   0.11564E+22
   0.82153E+03   0.22516E+03   0.70343E+00   0.11567E+22
   0.82183E+03   0.22529E+03   0.70363E+00   0.11569E+22
   0.82213E+03   0.22541E+03   0.70383E+00   0.11572E+22
   0.82243E+03   0.22554E+03   0.70403E+00   0.11574E+22
   0.82272E+03   0.22566E+03   0.70423E+00   0.11576E+22
   0.82302E+03   0.22579E+03   0.70443E+00   0.11579E+22
   0.82332E+03   0.22591E+03   0.70463E+00   0.11581E+22
   0.82362E+03   0.22604E+03   0.70483E+00   0.11584E+22
   0.82391E+03   0.22616E+03   0.70503E+00   0.11586E+22
   0.82421E+03   0.22629E+03   0.70523E+00   0.11588E+22
   0.82451E+03   0.22641E+03   0.70543E+00   0.11591E+22
   0.82481E+03   0.22654E+03   0.70563E+00   0.11593E+22
   0.82511E+03   0.22666E+03   0.70583E+00   0.11596E+22
   0.82540E+03   0.22679E+03   0.70603E+00   0.11598E+22
   0.82570E+03   0.22691E+03   0.70623E+00   0.11600E+22
   0.82600E+03   0.22704E+03   0.70643E+00   0.11603E+22
   0.82630E+03   0.22716E+03   0.70663E+00   0.11605E+22
   0.82660E+03   0.22729E+03   0.70683E+00   0.11608E+22
   0.82690E+03   0.22741E+03   0.70703E+00   0.11610E+22
   0.82719E+03   0.22754E+03   0.70723E+00   0.11612E+22
   0.82749E+03   0.22766E+03   0.70743E+00   0.11615E+22
   0.82779E+03   0.22779E+03   0.70763E+00   0.11617E+22
   0.82809E+03   0.22791E+03   0.70783E+00   0.11620E+22
   0.82839E+03   0.22804E+03   0.70803E+00   0.11622E+22
   0.82869E+03   0.22816E+03   0.70823E+00   0.11624E+22
   0.82898E+03   0.22829E+03   0.70843E+00   0.11627E+22
   0.82928E+03   0.22841E+03   0.70863E+00   0.11629E+22
   0.82958E+03   0.22854E+03   0.70883E+00   0.11632E+22
   0.82988E+03   0.22866E+03   0.70903E+00   0.11634E+22
   0.83018E+03   0.22879E+03   0.70923E+00   0.11636E+22
   0.83048E+03   0.22891E+03   0.70943E+00   0.11639E+22
   0.83078E+03   0.22904E+03   0.70963E+00   0.11641E+22
   0.83107E+03   0.22916E+03   0.70983E+00   0.11644E+22
   0.83137E+03   0.22929E+03   0.71003E+00   0.11646E+22
   0.83167E+03   0.22941E+03   0.71023E+00   0.11648E+22
   0.83197E+03   0.22954E+03   0.71043E+00   0.11651E+22
   0.83227E+03   0.22967E+03   0.71063E+00   0.11653E+22
   0.83257E+03   0.22979E+03   0.71083E+00   0.11656E+22
   0.83287E+03   0.22992E+03   0.71103E+00   0.11658E+22
   0.83317E+03   0.23004E+03   0.71123E+00   0.11660E+22
   0.83347E+03   0.23017E+03   0.71143E+00   0.11663E+22
   0.83376E+03   0.23029E+03   0.71163E+00   0.11665E+22
   0.83406E+03   0.23042E+03   0.71183E+00   0.11668E+22
   0.83436E+03   0.23054E+03   0.71203E+00   0.11670E+22
   0.83466E+03   0.23067E+03   0.71223E+00   0.11673E+22
   0.83496E+03   0.23079E+03   0.71243E+00   0.11675E+22
   0.83526E+03   0.23092E+03   0.71263E+00   0.11677E+22
   0.83556E+03   0.23105E+03   0.71283E+00   0.11680E+22
   0.83586E+03   0.23117E+03   0.71303E+00   0.11682E+22
   0.83616E+03   0.23130E+03   0.71323E+00   0.11685E+22
   0.83646E+03   0.23142E+03   0.71343E+00   0.11687E+22
   0.83676E+03   0.23155E+03   0.71363E+00   0.11689E+22
   0.83706E+03   0.23167E+03   0.71383E+00   0.11692E+22
   0.83736E+03   0.23180E+03   0.71403E+00   0.11694E+22
   0.83765E+03   0.23193E+03   0.71423E+00   0.11697E+22
   0.83795E+03   0.23205E+03   0.71443E+00   0.11699E+22
   0.83825E+03   0.23218E+03   0.71463E+00   0.11701E+22
   0.83855E+03   0.23230E+03   0.71483E+00   0.11704E+22
   0.83885E+03   0.23243E+03   0.71503E+00   0.11706E+22
   0.83915E+03   0.23255E+03   0.71523E+00   0.11709E+22
   0.83945E+03   0.23268E+03   0.71543E+00   0.11711E+22
   0.83975E+03   0.23281E+03   0.71563E+00   0.11714E+22
   0.84005E+03   0.23293E+03   0.71583E+00   0.11716E+22
   0.84035E+03   0.23306E+03   0.71603E+00   0.11718E+22
   0.84065E+03   0.23318E+03   0.71623E+00   0.11721E+22
   0.84095E+03   0.23331E+03   0.71643E+00   0.11723E+22
   0.84125E+03   0.23343E+03   0.71663E+00   0.11726E+22
   0.84155E+03   0.23356E+03   0.71683E+00   0.11728E+22
   0.84185E+03   0.23369E+03   0.71703E+00   0.11731E+22
   0.84215E+03   0.23381E+03   0.71723E+00   0.11733E+22
   0.84245E+03   0.23394E+03   0.71743E+00   0.11735E+22
   0.84275E+03   0.23406E+03   0.71763E+00   0.11738E+22
   0.84305E+03   0.23419E+03   0.71783E+00   0.11740E+22
   0.84335E+03   0.23432E+03   0.71803E+00   0.11743E+22
   0.84365E+03   0.23444E+03   0.71823E+00   0.11745E+22
   0.84395E+03   0.23457E+03   0.71843E+00   0.11747E+22
   0.84425E+03   0.23469E+03   0.71863E+00   0.11750E+22
   0.84455E+03   0.23482E+03   0.71883E+00   0.11752E+22
   0.84485E+03   0.23495E+03   0.71903E+00   0.11755E+22
   0.84515E+03   0.23507E+03   0.71923E+00   0.11757E+22
   0.84545E+03   0.23520E+03   0.71943E+00   0.11760E+22
   0.84575E+03   0.23533E+03   0.71963E+00   0.11762E+22
   0.84605E+03   0.23545E+03   0.71983E+00   0.11764E+22
   0.84636E+03   0.23558E+03   0.72003E+00   0.11767E+22
   0.84666E+03   0.23570E+03   0.72023E+00   0.11769E+22
   0.84696E+03   0.23583E+03   0.72043E+00   0.11772E+22
   0.84726E+03   0.23596E+03   0.72063E+00   0.11774E+22
   0.84756E+03   0.23608E+03   0.72083E+00   0.11777E+22
   0.84786E+03   0.23621E+03   0.72103E+00   0.11779E+22
   0.84816E+03   0.23634E+03   0.72123E+00   0.11781E+22
   0.84846E+03   0.23646E+03   0.72143E+00   0.11784E+22
   0.84876E+03   0.23659E+03   0.72163E+00   0.11786E+22
   0.84906E+03   0.23671E+03   0.72183E+00   0.11789E+22
   0.84936E+03   0.23684E+03   0.72203E+00   0.11791E+22
   0.84966E+03   0.23697E+03   0.72223E+00   0.11794E+22
   0.84996E+03   0.23709E+03   0.72243E+00   0.11796E+22
   0.85026E+03   0.23722E+03   0.72263E+00   0.11798E+22
   0.85057E+03   0.23735E+03   0.72283E+00   0.11801E+22
   0.85087E+03   0.23747E+03   0.72303E+00   0.11803E+22
   0.85117E+03   0.23760E+03   0.72323E+00   0.11806E+22
   0.85147E+03   0.23773E+03   0.72343E+00   0.11808E+22
   0.85177E+03   0.23785E+03   0.72363E+00   0.11811E+22
   0.85207E+03   0.23798E+03   0.72383E+00   0.11813E+22
   0.85237E+03   0.23810E+03   0.72403E+00   0.11815E+22
   0.85267E+03   0.23823E+03   0.72423E+00   0.11818E+22
   0.85298E+03   0.23836E+03   0.72443E+00   0.11820E+22
   0.85328E+03   0.23848E+03   0.72463E+00   0.11823E+22
   0.85358E+03   0.23861E+03   0.72483E+00   0.11825E+22
   0.85388E+03   0.23874E+03   0.72503E+00   0.11828E+22
   0.85418E+03   0.23886E+03   0.72523E+00   0.11830E+22
   0.85448E+03   0.23899E+03   0.72543E+00   0.11833E+22
   0.85478E+03   0.23912E+03   0.72563E+00   0.11835E+22
   0.85509E+03   0.23924E+03   0.72583E+00   0.11837E+22
   0.85539E+03   0.23937E+03   0.72603E+00   0.11840E+22
   0.85569E+03   0.23950E+03   0.72623E+00   0.11842E+22
   0.85599E+03   0.23962E+03   0.72643E+00   0.11845E+22
   0.85629E+03   0.23975E+03   0.72663E+00   0.11847E+22
   0.85659E+03   0.23988E+03   0.72683E+00   0.11850E+22
   0.85689E+03   0.24000E+03   0.72703E+00   0.11852E+22
   0.85720E+03   0.24013E+03   0.72723E+00   0.11855E+22
   0.85750E+03   0.24026E+03   0.72743E+00   0.11857E+22
   0.85780E+03   0.24038E+03   0.72763E+00   0.11859E+22
   0.85810E+03   0.24051E+03   0.72783E+00   0.11862E+22
   0.85840E+03   0.24064E+03   0.72803E+00   0.11864E+22
   0.85871E+03   0.24077E+03   0.72823E+00   0.11867E+22
   0.85901E+03   0.24089E+03   0.72843E+00   0.11869E+22
   0.85931E+03   0.24102E+03   0.72863E+00   0.11872E+22
   0.85961E+03   0.24115E+03   0.72883E+00   0.11874E+22
   0.85991E+03   0.24127E+03   0.72903E+00   0.11877E+22
   0.86022E+03   0.24140E+03   0.72923E+00   0.11879E+22
   0.86052E+03   0.24153E+03   0.72943E+00   0.11881E+22
   0.86082E+03   0.24165E+03   0.72963E+00   0.11884E+22
   0.86112E+03   0.24178E+03   0.72983E+00   0.11886E+22
   0.86143E+03   0.24191E+03   0.73003E+00   0.11889E+22
   0.86173E+03   0.24203E+03   0.73023E+00   0.11891E+22
   0.86203E+03   0.24216E+03   0.73043E+00   0.11894E+22
   0.86233E+03   0.24229E+03   0.73063E+00   0.11896E+22
   0.86263E+03   0.24242E+03   0.73083E+00   0.11899E+22
   0.86294E+03   0.24254E+03   0.73103E+00   0.11901E+22
   0.86324E+03   0.24267E+03   0.73123E+00   0.11903E+22
   0.86354E+03   0.24280E+03   0.73143E+00   0.11906E+22
   0.86384E+03   0.24292E+03   0.73163E+00   0.11908E+22
   0.86415E+03   0.24305E+03   0.73183E+00   0.11911E+22
   0.86445E+03   0.24318E+03   0.73203E+00   0.11913E+22
   0.86475E+03   0.24331E+03   0.73223E+00   0.11916E+22
   0.86505E+03   0.24343E+03   0.73243E+00   0.11918E+22
   0.86536E+03   0.24356E+03   0.73263E+00   0.11921E+22
   0.86566E+03   0.24369E+03   0.73283E+00   0.11923E+22
   0.86596E+03   0.24381E+03   0.73303E+00   0.11925E+22
   0.86627E+03   0.24394E+03   0.73323E+00   0.11928E+22
   0.86657E+03   0.24407E+03   0.73343E+00   0.11930E+22
   0.86687E+03   0.24420E+03   0.73363E+00   0.11933E+22
   0.86717E+03   0.24432E+03   0.73383E+00   0.11935E+22
   0.86748E+03   0.24445E+03   0.73403E+00   0.11938E+22
   0.86778E+03   0.24458E+03   0.73423E+00   0.11940E+22
   0.86808E+03   0.24471E+03   0.73443E+00   0.11943E+22
   0.86839E+03   0.24483E+03   0.73463E+00   0.11945E+22
   0.86869E+03   0.24496E+03   0.73483E+00   0.11948E+22
   0.86899E+03   0.24509E+03   0.73503E+00   0.11950E+22
   0.86930E+03   0.24522E+03   0.73523E+00   0.11952E+22
   0.86960E+03   0.24534E+03   0.73543E+00   0.11955E+22
   0.86990E+03   0.24547E+03   0.73563E+00   0.11957E+22
   0.87021E+03   0.24560E+03   0.73583E+00   0.11960E+22
   0.87051E+03   0.24573E+03   0.73603E+00   0.11962E+22
   0.87081E+03   0.24585E+03   0.73623E+00   0.11965E+22
   0.87112E+03   0.24598E+03   0.73643E+00   0.11967E+22
   0.87142E+03   0.24611E+03   0.73663E+00   0.11970E+22
   0.87172E+03   0.24624E+03   0.73683E+00   0.11972E+22
   0.87203E+03   0.24636E+03   0.73703E+00   0.11975E+22
   0.87233E+03   0.24649E+03   0.73723E+00   0.11977E+22
   0.87263E+03   0.24662E+03   0.73743E+00   0.11980E+22
   0.87294E+03   0.24675E+03   0.73763E+00   0.11982E+22
   0.87324E+03   0.24687E+03   0.73783E+00   0.11984E+22
   0.87354E+03   0.24700E+03   0.73803E+00   0.11987E+22
   0.87385E+03   0.24713E+03   0.73823E+00   0.11989E+22
   0.87415E+03   0.24726E+03   0.73843E+00   0.11992E+22
   0.87445E+03   0.24738E+03   0.73863E+00   0.11994E+22
   0.87476E+03   0.24751E+03   0.73883E+00   0.11997E+22
   0.87506E+03   0.24764E+03   0.73903E+00   0.11999E+22
   0.87537E+03   0.24777E+03   0.73923E+00   0.12002E+22
   0.87567E+03   0.24790E+03   0.73943E+00   0.12004E+22
   0.87597E+03   0.24802E+03   0.73963E+00   0.12007E+22
   0.87628E+03   0.24815E+03   0.73983E+00   0.12009E+22
   0.87658E+03   0.24828E+03   0.74003E+00   0.12012E+22
   0.87689E+03   0.24841E+03   0.74023E+00   0.12014E+22
   0.87719E+03   0.24853E+03   0.74043E+00   0.12016E+22
   0.87749E+03   0.24866E+03   0.74063E+00   0.12019E+22
   0.87780E+03   0.24879E+03   0.74083E+00   0.12021E+22
   0.87810E+03   0.24892E+03   0.74103E+00   0.12024E+22
   0.87841E+03   0.24905E+03   0.74123E+00   0.12026E+22
   0.87871E+03   0.24917E+03   0.74143E+00   0.12029E+22
   0.87902E+03   0.24930E+03   0.74163E+00   0.12031E+22
   0.87932E+03   0.24943E+03   0.74183E+00   0.12034E+22
   0.87962E+03   0.24956E+03   0.74203E+00   0.12036E+22
   0.87993E+03   0.24969E+03   0.74223E+00   0.12039E+22
   0.88023E+03   0.24981E+03   0.74243E+00   0.12041E+22
   0.88054E+03   0.24994E+03   0.74263E+00   0.12044E+22
   0.88084E+03   0.25007E+03   0.74283E+00   0.12046E+22
   0.88115E+03   0.25020E+03   0.74303E+00   0.12049E+22
   0.88145E+03   0.25033E+03   0.74323E+00   0.12051E+22
   0.88176E+03   0.25045E+03   0.74343E+00   0.12054E+22
   0.88206E+03   0.25058E+03   0.74363E+00   0.12056E+22
   0.88236E+03   0.25071E+03   0.74383E+00   0.12058E+22
   0.88267E+03   0.25084E+03   0.74403E+00   0.12061E+22
   0.88297E+03   0.25097E+03   0.74423E+00   0.12063E+22
   0.88328E+03   0.25109E+03   0.74443E+00   0.12066E+22
   0.88358E+03   0.25122E+03   0.74463E+00   0.12068E+22
   0.88389E+03   0.25135E+03   0.74483E+00   0.12071E+22
   0.88419E+03   0.25148E+03   0.74503E+00   0.12073E+22
   0.88450E+03   0.25161E+03   0.74523E+00   0.12076E+22
   0.88480E+03   0.25174E+03   0.74543E+00   0.12078E+22
   0.88511E+03   0.25186E+03   0.74563E+00   0.12081E+22
   0.88541E+03   0.25199E+03   0.74583E+00   0.12083E+22
   0.88572E+03   0.25212E+03   0.74603E+00   0.12086E+22
   0.88602E+03   0.25225E+03   0.74623E+00   0.12088E+22
   0.88633E+03   0.25238E+03   0.74643E+00   0.12091E+22
   0.88663E+03   0.25250E+03   0.74663E+00   0.12093E+22
   0.88694E+03   0.25263E+03   0.74683E+00   0.12096E+22
   0.88724E+03   0.25276E+03   0.74703E+00   0.12098E+22
   0.88755E+03   0.25289E+03   0.74723E+00   0.12101E+22
   0.88785E+03   0.25302E+03   0.74743E+00   0.12103E+22
   0.88816E+03   0.25315E+03   0.74763E+00   0.12106E+22
   0.88846E+03   0.25327E+03   0.74783E+00   0.12108E+22
   0.88877E+03   0.25340E+03   0.74803E+00   0.12110E+22
   0.88908E+03   0.25353E+03   0.74823E+00   0.12113E+22
   0.88938E+03   0.25366E+03   0.74843E+00   0.12115E+22
   0.88969E+03   0.25379E+03   0.74863E+00   0.12118E+22
   0.88999E+03   0.25392E+03   0.74883E+00   0.12120E+22
   0.89030E+03   0.25405E+03   0.74903E+00   0.12123E+22
   0.89060E+03   0.25417E+03   0.74923E+00   0.12125E+22
   0.89091E+03   0.25430E+03   0.74943E+00   0.12128E+22
   0.89121E+03   0.25443E+03   0.74963E+00   0.12130E+22
   0.89152E+03   0.25456E+03   0.74983E+00   0.12133E+22
   0.89183E+03   0.25469E+03   0.75003E+00   0.12135E+22
   0.89213E+03   0.25482E+03   0.75023E+00   0.12138E+22
   0.89244E+03   0.25495E+03   0.75043E+00   0.12140E+22
   0.89274E+03   0.25507E+03   0.75063E+00   0.12143E+22
   0.89305E+03   0.25520E+03   0.75083E+00   0.12145E+22
   0.89335E+03   0.25533E+03   0.75103E+00   0.12148E+22
   0.89366E+03   0.25546E+03   0.75123E+00   0.12150E+22
   0.89397E+03   0.25559E+03   0.75143E+00   0.12153E+22
   0.89427E+03   0.25572E+03   0.75163E+00   0.12155E+22
   0.89458E+03   0.25585E+03   0.75183E+00   0.12158E+22
   0.89488E+03   0.25598E+03   0.75203E+00   0.12160E+22
   0.89519E+03   0.25610E+03   0.75223E+00   0.12163E+22
   0.89550E+03   0.25623E+03   0.75243E+00   0.12165E+22
   0.89580E+03   0.25636E+03   0.75263E+00   0.12168E+22
   0.89611E+03   0.25649E+03   0.75283E+00   0.12170E+22
   0.89642E+03   0.25662E+03   0.75303E+00   0.12173E+22
   0.89672E+03   0.25675E+03   0.75323E+00   0.12175E+22
   0.89703E+03   0.25688E+03   0.75343E+00   0.12178E+22
   0.89733E+03   0.25701E+03   0.75363E+00   0.12180E+22
   0.89764E+03   0.25713E+03   0.75383E+00   0.12183E+22
   0.89795E+03   0.25726E+03   0.75403E+00   0.12185E+22
   0.89825E+03   0.25739E+03   0.75423E+00   0.12188E+22
   0.89856E+03   0.25752E+03   0.75443E+00   0.12190E+22
   0.89887E+03   0.25765E+03   0.75463E+00   0.12193E+22
   0.89917E+03   0.25778E+03   0.75483E+00   0.12195E+22
   0.89948E+03   0.25791E+03   0.75503E+00   0.12197E+22
   0.89979E+03   0.25804E+03   0.75523E+00   0.12200E+22
   0.90009E+03   0.25817E+03   0.75543E+00   0.12202E+22
   0.90040E+03   0.25830E+03   0.75563E+00   0.12205E+22
   0.90071E+03   0.25842E+03   0.75583E+00   0.12207E+22
   0.90101E+03   0.25855E+03   0.75603E+00   0.12210E+22
   0.90132E+03   0.25868E+03   0.75623E+00   0.12212E+22
   0.90163E+03   0.25881E+03   0.75643E+00   0.12215E+22
   0.90193E+03   0.25894E+03   0.75663E+00   0.12217E+22
   0.90224E+03   0.25907E+03   0.75683E+00   0.12220E+22
   0.90255E+03   0.25920E+03   0.75703E+00   0.12222E+22
   0.90285E+03   0.25933E+03   0.75723E+00   0.12225E+22
   0.90316E+03   0.25946E+03   0.75743E+00   0.12227E+22
   0.90347E+03   0.25959E+03   0.75763E+00   0.12230E+22
   0.90377E+03   0.25972E+03   0.75783E+00   0.12232E+22
   0.90408E+03   0.25984E+03   0.75803E+00   0.12235E+22
   0.90439E+03   0.25997E+03   0.75823E+00   0.12237E+22
   0.90470E+03   0.26010E+03   0.75843E+00   0.12240E+22
   0.90500E+03   0.26023E+03   0.75863E+00   0.12242E+22
   0.90531E+03   0.26036E+03   0.75883E+00   0.12245E+22
   0.90562E+03   0.26049E+03   0.75903E+00   0.12247E+22
   0.90593E+03   0.26062E+03   0.75923E+00   0.12250E+22
   0.90623E+03   0.26075E+03   0.75943E+00   0.12252E+22
   0.90654E+03   0.26088E+03   0.75963E+00   0.12255E+22
   0.90685E+03   0.26101E+03   0.75983E+00   0.12257E+22
   0.90715E+03   0.26114E+03   0.76003E+00   0.12260E+22
   0.90746E+03   0.26127E+03   0.76023E+00   0.12262E+22
   0.90777E+03   0.26140E+03   0.76043E+00   0.12265E+22
   0.90808E+03   0.26153E+03   0.76063E+00   0.12267E+22
   0.90838E+03   0.26166E+03   0.76083E+00   0.12270E+22
   0.90869E+03   0.26178E+03   0.76103E+00   0.12272E+22
   0.90900E+03   0.26191E+03   0.76123E+00   0.12275E+22
   0.90931E+03   0.26204E+03   0.76143E+00   0.12277E+22
   0.90962E+03   0.26217E+03   0.76163E+00   0.12280E+22
   0.90992E+03   0.26230E+03   0.76183E+00   0.12282E+22
   0.91023E+03   0.26243E+03   0.76203E+00   0.12285E+22
   0.91054E+03   0.26256E+03   0.76223E+00   0.12287E+22
   0.91085E+03   0.26269E+03   0.76243E+00   0.12290E+22
   0.91115E+03   0.26282E+03   0.76263E+00   0.12292E+22
   0.91146E+03   0.26295E+03   0.76283E+00   0.12295E+22
   0.91177E+03   0.26308E+03   0.76303E+00   0.12297E+22
   0.91208E+03   0.26321E+03   0.76323E+00   0.12300E+22
   0.91239E+03   0.26334E+03   0.76343E+00   0.12302E+22
   0.91269E+03   0.26347E+03   0.76363E+00   0.12305E+22
   0.91300E+03   0.26360E+03   0.76383E+00   0.12307E+22
   0.91331E+03   0.26373E+03   0.76403E+00   0.12310E+22
   0.91362E+03   0.26386E+03   0.76423E+00   0.12313E+22
   0.91393E+03   0.26399E+03   0.76443E+00   0.12315E+22
   0.91423E+03   0.26412E+03   0.76463E+00   0.12318E+22
   0.91454E+03   0.26425E+03   0.76483E+00   0.12320E+22
   0.91485E+03   0.26438E+03   0.76503E+00   0.12323E+22
   0.91516E+03   0.26451E+03   0.76523E+00   0.12325E+22
   0.91547E+03   0.26464E+03   0.76543E+00   0.12328E+22
   0.91578E+03   0.26477E+03   0.76563E+00   0.12330E+22
   0.91608E+03   0.26490E+03   0.76583E+00   0.12333E+22
   0.91639E+03   0.26503E+03   0.76603E+00   0.12335E+22
   0.91670E+03   0.26516E+03   0.76623E+00   0.12338E+22
   0.91701E+03   0.26529E+03   0.76643E+00   0.12340E+22
   0.91732E+03   0.26541E+03   0.76663E+00   0.12343E+22
   0.91763E+03   0.26554E+03   0.76683E+00   0.12345E+22
   0.91794E+03   0.26567E+03   0.76703E+00   0.12348E+22
   0.91824E+03   0.26580E+03   0.76723E+00   0.12350E+22
   0.91855E+03   0.26593E+03   0.76743E+00   0.12353E+22
   0.91886E+03   0.26606E+03   0.76763E+00   0.12355E+22
   0.91917E+03   0.26619E+03   0.76783E+00   0.12358E+22
   0.91948E+03   0.26632E+03   0.76803E+00   0.12360E+22
   0.91979E+03   0.26645E+03   0.76823E+00   0.12363E+22
   0.92010E+03   0.26658E+03   0.76843E+00   0.12365E+22
   0.92041E+03   0.26671E+03   0.76863E+00   0.12368E+22
   0.92071E+03   0.26684E+03   0.76883E+00   0.12370E+22
   0.92102E+03   0.26697E+03   0.76903E+00   0.12373E+22
   0.92133E+03   0.26710E+03   0.76923E+00   0.12375E+22
   0.92164E+03   0.26723E+03   0.76943E+00   0.12378E+22
   0.92195E+03   0.26736E+03   0.76963E+00   0.12380E+22
   0.92226E+03   0.26749E+03   0.76983E+00   0.12383E+22
   0.92257E+03   0.26762E+03   0.77003E+00   0.12385E+22
   0.92288E+03   0.26775E+03   0.77023E+00   0.12388E+22
   0.92319E+03   0.26789E+03   0.77043E+00   0.12390E+22
   0.92350E+03   0.26802E+03   0.77063E+00   0.12393E+22
   0.92381E+03   0.26815E+03   0.77083E+00   0.12395E+22
   0.92411E+03   0.26828E+03   0.77103E+00   0.12398E+22
   0.92442E+03   0.26841E+03   0.77123E+00   0.12400E+22
   0.92473E+03   0.26854E+03   0.77143E+00   0.12403E+22
   0.92504E+03   0.26867E+03   0.77163E+00   0.12406E+22
   0.92535E+03   0.26880E+03   0.77183E+00   0.12408E+22
   0.92566E+03   0.26893E+03   0.77203E+00   0.12411E+22
   0.92597E+03   0.26906E+03   0.77223E+00   0.12413E+22
   0.92628E+03   0.26919E+03   0.77243E+00   0.12416E+22
   0.92659E+03   0.26932E+03   0.77263E+00   0.12418E+22
   0.92690E+03   0.26945E+03   0.77283E+00   0.12421E+22
   0.92721E+03   0.26958E+03   0.77303E+00   0.12423E+22
   0.92752E+03   0.26971E+03   0.77323E+00   0.12426E+22
   0.92783E+03   0.26984E+03   0.77343E+00   0.12428E+22
   0.92814E+03   0.26997E+03   0.77363E+00   0.12431E+22
   0.92845E+03   0.27010E+03   0.77383E+00   0.12433E+22
   0.92876E+03   0.27023E+03   0.77403E+00   0.12436E+22
   0.92907E+03   0.27036E+03   0.77423E+00   0.12438E+22
   0.92938E+03   0.27049E+03   0.77443E+00   0.12441E+22
   0.92969E+03   0.27062E+03   0.77463E+00   0.12443E+22
   0.93000E+03   0.27075E+03   0.77483E+00   0.12446E+22
   0.93031E+03   0.27088E+03   0.77503E+00   0.12448E+22
   0.93062E+03   0.27101E+03   0.77523E+00   0.12451E+22
   0.93093E+03   0.27114E+03   0.77543E+00   0.12453E+22
   0.93124E+03   0.27127E+03   0.77563E+00   0.12456E+22
   0.93155E+03   0.27140E+03   0.77583E+00   0.12458E+22
   0.93186E+03   0.27154E+03   0.77603E+00   0.12461E+22
   0.93217E+03   0.27167E+03   0.77623E+00   0.12464E+22
   0.93248E+03   0.27180E+03   0.77643E+00   0.12466E+22
   0.93279E+03   0.27193E+03   0.77663E+00   0.12469E+22
   0.93310E+03   0.27206E+03   0.77683E+00   0.12471E+22
   0.93341E+03   0.27219E+03   0.77703E+00   0.12474E+22
   0.93372E+03   0.27232E+03   0.77723E+00   0.12476E+22
   0.93403E+03   0.27245E+03   0.77743E+00   0.12479E+22
   0.93434E+03   0.27258E+03   0.77763E+00   0.12481E+22
   0.93465E+03   0.27271E+03   0.77783E+00   0.12484E+22
   0.93496E+03   0.27284E+03   0.77803E+00   0.12486E+22
   0.93527E+03   0.27297E+03   0.77823E+00   0.12489E+22
   0.93558E+03   0.27310E+03   0.77843E+00   0.12491E+22
   0.93589E+03   0.27323E+03   0.77863E+00   0.12494E+22
   0.93620E+03   0.27336E+03   0.77883E+00   0.12496E+22
   0.93651E+03   0.27350E+03   0.77903E+00   0.12499E+22
   0.93682E+03   0.27363E+03   0.77923E+00   0.12501E+22
   0.93714E+03   0.27376E+03   0.77943E+00   0.12504E+22
   0.93745E+03   0.27389E+03   0.77963E+00   0.12507E+22
   0.93776E+03   0.27402E+03   0.77983E+00   0.12509E+22
   0.93807E+03   0.27415E+03   0.78003E+00   0.12512E+22
   0.93838E+03   0.27428E+03   0.78023E+00   0.12514E+22
   0.93869E+03   0.27441E+03   0.78043E+00   0.12517E+22
   0.93900E+03   0.27454E+03   0.78063E+00   0.12519E+22
   0.93931E+03   0.27467E+03   0.78083E+00   0.12522E+22
   0.93962E+03   0.27480E+03   0.78103E+00   0.12524E+22
   0.93993E+03   0.27493E+03   0.78123E+00   0.12527E+22
   0.94024E+03   0.27507E+03   0.78143E+00   0.12529E+22
   0.94055E+03   0.27520E+03   0.78163E+00   0.12532E+22
   0.94087E+03   0.27533E+03   0.78183E+00   0.12534E+22
   0.94118E+03   0.27546E+03   0.78203E+00   0.12537E+22
   0.94149E+03   0.27559E+03   0.78223E+00   0.12539E+22
   0.94180E+03   0.27572E+03   0.78243E+00   0.12542E+22
   0.94211E+03   0.27585E+03   0.78263E+00   0.12545E+22
   0.94242E+03   0.27598E+03   0.78283E+00   0.12547E+22
   0.94273E+03   0.27611E+03   0.78303E+00   0.12550E+22
   0.94304E+03   0.27624E+03   0.78323E+00   0.12552E+22
   0.94336E+03   0.27638E+03   0.78343E+00   0.12555E+22
   0.94367E+03   0.27651E+03   0.78363E+00   0.12557E+22
   0.94398E+03   0.27664E+03   0.78383E+00   0.12560E+22
   0.94429E+03   0.27677E+03   0.78403E+00   0.12562E+22
   0.94460E+03   0.27690E+03   0.78423E+00   0.12565E+22
   0.94491E+03   0.27703E+03   0.78443E+00   0.12567E+22
   0.94522E+03   0.27716E+03   0.78463E+00   0.12570E+22
   0.94554E+03   0.27729E+03   0.78483E+00   0.12572E+22
   0.94585E+03   0.27743E+03   0.78503E+00   0.12575E+22
   0.94616E+03   0.27756E+03   0.78523E+00   0.12578E+22
   0.94647E+03   0.27769E+03   0.78543E+00   0.12580E+22
   0.94678E+03   0.27782E+03   0.78563E+00   0.12583E+22
   0.94709E+03   0.27795E+03   0.78583E+00   0.12585E+22
   0.94741E+03   0.27808E+03   0.78603E+00   0.12588E+22
   0.94772E+03   0.27821E+03   0.78623E+00   0.12590E+22
   0.94803E+03   0.27834E+03   0.78643E+00   0.12593E+22
   0.94834E+03   0.27848E+03   0.78663E+00   0.12595E+22
   0.94865E+03   0.27861E+03   0.78683E+00   0.12598E+22
   0.94897E+03   0.27874E+03   0.78703E+00   0.12600E+22
   0.94928E+03   0.27887E+03   0.78723E+00   0.12603E+22
   0.94959E+03   0.27900E+03   0.78743E+00   0.12606E+22
   0.94990E+03   0.27913E+03   0.78763E+00   0.12608E+22
   0.95021E+03   0.27926E+03   0.78783E+00   0.12611E+22
   0.95053E+03   0.27940E+03   0.78803E+00   0.12613E+22
   0.95084E+03   0.27953E+03   0.78823E+00   0.12616E+22
   0.95115E+03   0.27966E+03   0.78843E+00   0.12618E+22
   0.95146E+03   0.27979E+03   0.78863E+00   0.12621E+22
   0.95178E+03   0.27992E+03   0.78883E+00   0.12623E+22
   0.95209E+03   0.28005E+03   0.78903E+00   0.12626E+22
   0.95240E+03   0.28018E+03   0.78923E+00   0.12628E+22
   0.95271E+03   0.28032E+03   0.78943E+00   0.12631E+22
   0.95302E+03   0.28045E+03   0.78963E+00   0.12634E+22
   0.95334E+03   0.28058E+03   0.78983E+00   0.12636E+22
   0.95365E+03   0.28071E+03   0.79003E+00   0.12639E+22
   0.95396E+03   0.28084E+03   0.79023E+00   0.12641E+22
   0.95427E+03   0.28097E+03   0.79043E+00   0.12644E+22
   0.95459E+03   0.28111E+03   0.79063E+00   0.12646E+22
   0.95490E+03   0.28124E+03   0.79083E+00   0.12649E+22
   0.95521E+03   0.28137E+03   0.79103E+00   0.12651E+22
   0.95553E+03   0.28150E+03   0.79123E+00   0.12654E+22
   0.95584E+03   0.28163E+03   0.79143E+00   0.12656E+22
   0.95615E+03   0.28176E+03   0.79163E+00   0.12659E+22
   0.95646E+03   0.28190E+03   0.79183E+00   0.12662E+22
   0.95678E+03   0.28203E+03   0.79203E+00   0.12664E+22
   0.95709E+03   0.28216E+03   0.79223E+00   0.12667E+22
   0.95740E+03   0.28229E+03   0.79243E+00   0.12669E+22
   0.95771E+03   0.28242E+03   0.79263E+00   0.12672E+22
   0.95803E+03   0.28255E+03   0.79283E+00   0.12674E+22
   0.95834E+03   0.28269E+03   0.79303E+00   0.12677E+22
   0.95865E+03   0.28282E+03   0.79323E+00   0.12679E+22
   0.95897E+03   0.28295E+03   0.79343E+00   0.12682E+22
   0.95928E+03   0.28308E+03   0.79363E+00   0.12685E+22
   0.95959E+03   0.28321E+03   0.79383E+00   0.12687E+22
   0.95991E+03   0.28334E+03   0.79403E+00   0.12690E+22
   0.96022E+03   0.28348E+03   0.79423E+00   0.12692E+22
   0.96053E+03   0.28361E+03   0.79443E+00   0.12695E+22
   0.96085E+03   0.28374E+03   0.79463E+00   0.12697E+22
   0.96116E+03   0.28387E+03   0.79483E+00   0.12700E+22
   0.96147E+03   0.28400E+03   0.79503E+00   0.12702E+22
   0.96179E+03   0.28414E+03   0.79523E+00   0.12705E+22
   0.96210E+03   0.28427E+03   0.79543E+00   0.12708E+22
   0.96241E+03   0.28440E+03   0.79563E+00   0.12710E+22
   0.96273E+03   0.28453E+03   0.79583E+00   0.12713E+22
   0.96304E+03   0.28466E+03   0.79603E+00   0.12715E+22
   0.96335E+03   0.28480E+03   0.79623E+00   0.12718E+22
   0.96367E+03   0.28493E+03   0.79643E+00   0.12720E+22
   0.96398E+03   0.28506E+03   0.79663E+00   0.12723E+22
   0.96429E+03   0.28519E+03   0.79683E+00   0.12725E+22
   0.96461E+03   0.28532E+03   0.79703E+00   0.12728E+22
   0.96492E+03   0.28546E+03   0.79723E+00   0.12731E+22
   0.96523E+03   0.28559E+03   0.79743E+00   0.12733E+22
   0.96555E+03   0.28572E+03   0.79763E+00   0.12736E+22
   0.96586E+03   0.28585E+03   0.79783E+00   0.12738E+22
   0.96618E+03   0.28599E+03   0.79803E+00   0.12741E+22
   0.96649E+03   0.28612E+03   0.79823E+00   0.12743E+22
   0.96680E+03   0.28625E+03   0.79843E+00   0.12746E+22
   0.96712E+03   0.28638E+03   0.79863E+00   0.12748E+22
   0.96743E+03   0.28651E+03   0.79883E+00   0.12751E+22
   0.96775E+03   0.28665E+03   0.79903E+00   0.12754E+22
   0.96806E+03   0.28678E+03   0.79923E+00   0.12756E+22
   0.96837E+03   0.28691E+03   0.79943E+00   0.12759E+22
   0.96869E+03   0.28704E+03   0.79963E+00   0.12761E+22
   0.96900E+03   0.28717E+03   0.79983E+00   0.12764E+22
   0.96932E+03   0.28731E+03   0.80003E+00   0.12766E+22
   0.96963E+03   0.28744E+03   0.80023E+00   0.12769E+22
   0.96994E+03   0.28757E+03   0.80043E+00   0.12772E+22
   0.97026E+03   0.28770E+03   0.80063E+00   0.12774E+22
   0.97057E+03   0.28784E+03   0.80083E+00   0.12777E+22
   0.97089E+03   0.28797E+03   0.80103E+00   0.12779E+22
   0.97120E+03   0.28810E+03   0.80123E+00   0.12782E+22
   0.97152E+03   0.28823E+03   0.80143E+00   0.12784E+22
   0.97183E+03   0.28837E+03   0.80163E+00   0.12787E+22
   0.97214E+03   0.28850E+03   0.80183E+00   0.12789E+22
   0.97246E+03   0.28863E+03   0.80203E+00   0.12792E+22
   0.97277E+03   0.28876E+03   0.80223E+00   0.12795E+22
   0.97309E+03   0.28890E+03   0.80243E+00   0.12797E+22
   0.97340E+03   0.28903E+03   0.80263E+00   0.12800E+22
   0.97372E+03   0.28916E+03   0.80283E+00   0.12802E+22
   0.97403E+03   0.28929E+03   0.80303E+00   0.12805E+22
   0.97435E+03   0.28943E+03   0.80323E+00   0.12807E+22
   0.97466E+03   0.28956E+03   0.80343E+00   0.12810E+22
   0.97498E+03   0.28969E+03   0.80363E+00   0.12813E+22
   0.97529E+03   0.28982E+03   0.80383E+00   0.12815E+22
   0.97561E+03   0.28996E+03   0.80403E+00   0.12818E+22
   0.97592E+03   0.29009E+03   0.80423E+00   0.12820E+22
   0.97623E+03   0.29022E+03   0.80443E+00   0.12823E+22
   0.97655E+03   0.29035E+03   0.80463E+00   0.12825E+22
   0.97686E+03   0.29049E+03   0.80483E+00   0.12828E+22
   0.97718E+03   0.29062E+03   0.80503E+00   0.12831E+22
   0.97749E+03   0.29075E+03   0.80523E+00   0.12833E+22
   0.97781E+03   0.29088E+03   0.80543E+00   0.12836E+22
   0.97812E+03   0.29102E+03   0.80563E+00   0.12838E+22
   0.97844E+03   0.29115E+03   0.80583E+00   0.12841E+22
   0.97875E+03   0.29128E+03   0.80603E+00   0.12843E+22
   0.97907E+03   0.29142E+03   0.80623E+00   0.12846E+22
   0.97939E+03   0.29155E+03   0.80643E+00   0.12849E+22
   0.97970E+03   0.29168E+03   0.80663E+00   0.12851E+22
   0.98002E+03   0.29181E+03   0.80683E+00   0.12854E+22
   0.98033E+03   0.29195E+03   0.80703E+00   0.12856E+22
   0.98065E+03   0.29208E+03   0.80723E+00   0.12859E+22
   0.98096E+03   0.29221E+03   0.80743E+00   0.12861E+22
   0.98128E+03   0.29234E+03   0.80763E+00   0.12864E+22
   0.98159E+03   0.29248E+03   0.80783E+00   0.12867E+22
   0.98191E+03   0.29261E+03   0.80803E+00   0.12869E+22
   0.98222E+03   0.29274E+03   0.80823E+00   0.12872E+22
   0.98254E+03   0.29288E+03   0.80843E+00   0.12874E+22
   0.98285E+03   0.29301E+03   0.80863E+00   0.12877E+22
   0.98317E+03   0.29314E+03   0.80883E+00   0.12879E+22
   0.98349E+03   0.29327E+03   0.80903E+00   0.12882E+22
   0.98380E+03   0.29341E+03   0.80923E+00   0.12885E+22
   0.98412E+03   0.29354E+03   0.80943E+00   0.12887E+22
   0.98443E+03   0.29367E+03   0.80963E+00   0.12890E+22
   0.98475E+03   0.29381E+03   0.80983E+00   0.12892E+22
   0.98506E+03   0.29394E+03   0.81003E+00   0.12895E+22
   0.98538E+03   0.29407E+03   0.81023E+00   0.12897E+22
   0.98570E+03   0.29421E+03   0.81043E+00   0.12900E+22
   0.98601E+03   0.29434E+03   0.81063E+00   0.12903E+22
   0.98633E+03   0.29447E+03   0.81083E+00   0.12905E+22
   0.98664E+03   0.29460E+03   0.81103E+00   0.12908E+22
   0.98696E+03   0.29474E+03   0.81123E+00   0.12910E+22
   0.98728E+03   0.29487E+03   0.81143E+00   0.12913E+22
   0.98759E+03   0.29500E+03   0.81163E+00   0.12915E+22
   0.98791E+03   0.29514E+03   0.81183E+00   0.12918E+22
   0.98822E+03   0.29527E+03   0.81203E+00   0.12921E+22
   0.98854E+03   0.29540E+03   0.81223E+00   0.12923E+22
   0.98886E+03   0.29554E+03   0.81243E+00   0.12926E+22
   0.98917E+03   0.29567E+03   0.81263E+00   0.12928E+22
   0.98949E+03   0.29580E+03   0.81283E+00   0.12931E+22
   0.98980E+03   0.29594E+03   0.81303E+00   0.12934E+22
   0.99012E+03   0.29607E+03   0.81323E+00   0.12936E+22
   0.99044E+03   0.29620E+03   0.81343E+00   0.12939E+22
   0.99075E+03   0.29634E+03   0.81363E+00   0.12941E+22
   0.99107E+03   0.29647E+03   0.81383E+00   0.12944E+22
   0.99139E+03   0.29660E+03   0.81403E+00   0.12946E+22
   0.99170E+03   0.29674E+03   0.81423E+00   0.12949E+22
   0.99202E+03   0.29687E+03   0.81443E+00   0.12952E+22
   0.99234E+03   0.29700E+03   0.81463E+00   0.12954E+22
   0.99265E+03   0.29714E+03   0.81483E+00   0.12957E+22
   0.99297E+03   0.29727E+03   0.81503E+00   0.12959E+22
   0.99329E+03   0.29740E+03   0.81523E+00   0.12962E+22
   0.99360E+03   0.29754E+03   0.81543E+00   0.12965E+22
   0.99392E+03   0.29767E+03   0.81563E+00   0.12967E+22
   0.99424E+03   0.29780E+03   0.81583E+00   0.12970E+22
   0.99455E+03   0.29794E+03   0.81603E+00   0.12972E+22
   0.99487E+03   0.29807E+03   0.81623E+00   0.12975E+22
   0.99519E+03   0.29820E+03   0.81643E+00   0.12977E+22
   0.99550E+03   0.29834E+03   0.81663E+00   0.12980E+22
   0.99582E+03   0.29847E+03   0.81683E+00   0.12983E+22
   0.99614E+03   0.29860E+03   0.81703E+00   0.12985E+22
   0.99645E+03   0.29874E+03   0.81723E+00   0.12988E+22
   0.99677E+03   0.29887E+03   0.81743E+00   0.12990E+22
   0.99709E+03   0.29900E+03   0.81763E+00   0.12993E+22
   0.99740E+03   0.29914E+03   0.81783E+00   0.12996E+22
   0.99772E+03   0.29927E+03   0.81803E+00   0.12998E+22
   0.99804E+03   0.29940E+03   0.81823E+00   0.13001E+22
   0.99836E+03   0.29954E+03   0.81843E+00   0.13003E+22
   0.99867E+03   0.29967E+03   0.81863E+00   0.13006E+22
   0.99899E+03   0.29980E+03   0.81883E+00   0.13008E+22
   0.99931E+03   0.29994E+03   0.81903E+00   0.13011E+22
   0.99963E+03   0.30007E+03   0.81923E+00   0.13014E+22
   0.99994E+03   0.30021E+03   0.81943E+00   0.13016E+22
   0.10003E+04   0.30034E+03   0.81963E+00   0.13019E+22
   0.10006E+04   0.30047E+03   0.81983E+00   0.13021E+22
   0.10009E+04   0.30061E+03   0.82003E+00   0.13024E+22
   0.10012E+04   0.30074E+03   0.82023E+00   0.13027E+22
   0.10015E+04   0.30087E+03   0.82043E+00   0.13029E+22
   0.10018E+04   0.30101E+03   0.82063E+00   0.13032E+22
   0.10022E+04   0.30114E+03   0.82083E+00   0.13034E+22
   0.10025E+04   0.30127E+03   0.82103E+00   0.13037E+22
   0.10028E+04   0.30141E+03   0.82123E+00   0.13040E+22
   0.10031E+04   0.30154E+03   0.82143E+00   0.13042E+22
   0.10034E+04   0.30168E+03   0.82163E+00   0.13045E+22
   0.10038E+04   0.30181E+03   0.82183E+00   0.13047E+22
   0.10041E+04   0.30194E+03   0.82203E+00   0.13050E+22
   0.10044E+04   0.30208E+03   0.82223E+00   0.13052E+22
   0.10047E+04   0.30221E+03   0.82243E+00   0.13055E+22
   0.10050E+04   0.30235E+03   0.82263E+00   0.13058E+22
   0.10053E+04   0.30248E+03   0.82283E+00   0.13060E+22
   0.10057E+04   0.30261E+03   0.82303E+00   0.13063E+22
   0.10060E+04   0.30275E+03   0.82323E+00   0.13065E+22
   0.10063E+04   0.30288E+03   0.82343E+00   0.13068E+22
   0.10066E+04   0.30301E+03   0.82363E+00   0.13071E+22
   0.10069E+04   0.30315E+03   0.82383E+00   0.13073E+22
   0.10072E+04   0.30328E+03   0.82403E+00   0.13076E+22
   0.10076E+04   0.30342E+03   0.82423E+00   0.13078E+22
   0.10079E+04   0.30355E+03   0.82443E+00   0.13081E+22
   0.10082E+04   0.30368E+03   0.82463E+00   0.13084E+22
   0.10085E+04   0.30382E+03   0.82483E+00   0.13086E+22
   0.10088E+04   0.30395E+03   0.82503E+00   0.13089E+22
   0.10092E+04   0.30409E+03   0.82523E+00   0.13091E+22
   0.10095E+04   0.30422E+03   0.82543E+00   0.13094E+22
   0.10098E+04   0.30435E+03   0.82563E+00   0.13097E+22
   0.10101E+04   0.30449E+03   0.82583E+00   0.13099E+22
   0.10104E+04   0.30462E+03   0.82603E+00   0.13102E+22
   0.10108E+04   0.30476E+03   0.82623E+00   0.13104E+22
   0.10111E+04   0.30489E+03   0.82643E+00   0.13107E+22
   0.10114E+04   0.30502E+03   0.82663E+00   0.13110E+22
   0.10117E+04   0.30516E+03   0.82683E+00   0.13112E+22
   0.10120E+04   0.30529E+03   0.82703E+00   0.13115E+22
   0.10123E+04   0.30543E+03   0.82723E+00   0.13117E+22
   0.10127E+04   0.30556E+03   0.82743E+00   0.13120E+22
   0.10130E+04   0.30570E+03   0.82763E+00   0.13123E+22
   0.10133E+04   0.30583E+03   0.82783E+00   0.13125E+22
   0.10136E+04   0.30596E+03   0.82803E+00   0.13128E+22
   0.10139E+04   0.30610E+03   0.82823E+00   0.13130E+22
   0.10143E+04   0.30623E+03   0.82843E+00   0.13133E+22
   0.10146E+04   0.30637E+03   0.82863E+00   0.13136E+22
   0.10149E+04   0.30650E+03   0.82883E+00   0.13138E+22
   0.10152E+04   0.30664E+03   0.82903E+00   0.13141E+22
   0.10155E+04   0.30677E+03   0.82923E+00   0.13143E+22
   0.10158E+04   0.30690E+03   0.82943E+00   0.13146E+22
   0.10162E+04   0.30704E+03   0.82963E+00   0.13149E+22
   0.10165E+04   0.30717E+03   0.82983E+00   0.13151E+22
   0.10168E+04   0.30731E+03   0.83003E+00   0.13154E+22
   0.10171E+04   0.30744E+03   0.83023E+00   0.13156E+22
   0.10174E+04   0.30758E+03   0.83043E+00   0.13159E+22
   0.10178E+04   0.30771E+03   0.83063E+00   0.13162E+22
   0.10181E+04   0.30784E+03   0.83083E+00   0.13164E+22
   0.10184E+04   0.30798E+03   0.83103E+00   0.13167E+22
   0.10187E+04   0.30811E+03   0.83123E+00   0.13169E+22
   0.10190E+04   0.30825E+03   0.83143E+00   0.13172E+22
   0.10194E+04   0.30838E+03   0.83163E+00   0.13175E+22
   0.10197E+04   0.30852E+03   0.83183E+00   0.13177E+22
   0.10200E+04   0.30865E+03   0.83203E+00   0.13180E+22
   0.10203E+04   0.30879E+03   0.83223E+00   0.13182E+22
   0.10206E+04   0.30892E+03   0.83243E+00   0.13185E+22
   0.10210E+04   0.30905E+03   0.83263E+00   0.13188E+22
   0.10213E+04   0.30919E+03   0.83283E+00   0.13190E+22
   0.10216E+04   0.30932E+03   0.83303E+00   0.13193E+22
   0.10219E+04   0.30946E+03   0.83323E+00   0.13195E+22
   0.10222E+04   0.30959E+03   0.83343E+00   0.13198E+22
   0.10226E+04   0.30973E+03   0.83363E+00   0.13201E+22
   0.10229E+04   0.30986E+03   0.83383E+00   0.13203E+22
   0.10232E+04   0.31000E+03   0.83403E+00   0.13206E+22
   0.10235E+04   0.31013E+03   0.83423E+00   0.13208E+22
   0.10238E+04   0.31027E+03   0.83443E+00   0.13211E+22
   0.10242E+04   0.31040E+03   0.83463E+00   0.13214E+22
   0.10245E+04   0.31054E+03   0.83483E+00   0.13216E+22
   0.10248E+04   0.31067E+03   0.83503E+00   0.13219E+22
   0.10251E+04   0.31080E+03   0.83523E+00   0.13222E+22
   0.10254E+04   0.31094E+03   0.83543E+00   0.13224E+22
   0.10258E+04   0.31107E+03   0.83563E+00   0.13227E+22
   0.10261E+04   0.31121E+03   0.83583E+00   0.13229E+22
   0.10264E+04   0.31134E+03   0.83603E+00   0.13232E+22
   0.10267E+04   0.31148E+03   0.83623E+00   0.13235E+22
   0.10270E+04   0.31161E+03   0.83643E+00   0.13237E+22
   0.10274E+04   0.31175E+03   0.83663E+00   0.13240E+22
   0.10277E+04   0.31188E+03   0.83683E+00   0.13242E+22
   0.10280E+04   0.31202E+03   0.83703E+00   0.13245E+22
   0.10283E+04   0.31215E+03   0.83723E+00   0.13248E+22
   0.10286E+04   0.31229E+03   0.83743E+00   0.13250E+22
   0.10290E+04   0.31242E+03   0.83763E+00   0.13253E+22
   0.10293E+04   0.31256E+03   0.83783E+00   0.13255E+22
   0.10296E+04   0.31269E+03   0.83803E+00   0.13258E+22
   0.10299E+04   0.31283E+03   0.83823E+00   0.13261E+22
   0.10302E+04   0.31296E+03   0.83843E+00   0.13263E+22
   0.10306E+04   0.31310E+03   0.83863E+00   0.13266E+22
   0.10309E+04   0.31323E+03   0.83883E+00   0.13269E+22
   0.10312E+04   0.31337E+03   0.83903E+00   0.13271E+22
   0.10315E+04   0.31350E+03   0.83923E+00   0.13274E+22
   0.10318E+04   0.31364E+03   0.83943E+00   0.13276E+22
   0.10322E+04   0.31377E+03   0.83963E+00   0.13279E+22
   0.10325E+04   0.31391E+03   0.83983E+00   0.13282E+22
   0.10328E+04   0.31404E+03   0.84003E+00   0.13284E+22
   0.10331E+04   0.31418E+03   0.84023E+00   0.13287E+22
   0.10334E+04   0.31431E+03   0.84043E+00   0.13289E+22
   0.10338E+04   0.31445E+03   0.84063E+00   0.13292E+22
   0.10341E+04   0.31458E+03   0.84083E+00   0.13295E+22
   0.10344E+04   0.31472E+03   0.84103E+00   0.13297E+22
   0.10347E+04   0.31485E+03   0.84123E+00   0.13300E+22
   0.10350E+04   0.31499E+03   0.84143E+00   0.13302E+22
   0.10354E+04   0.31512E+03   0.84163E+00   0.13305E+22
   0.10357E+04   0.31526E+03   0.84183E+00   0.13308E+22
   0.10360E+04   0.31539E+03   0.84203E+00   0.13310E+22
   0.10363E+04   0.31553E+03   0.84223E+00   0.13313E+22
   0.10367E+04   0.31566E+03   0.84243E+00   0.13316E+22
   0.10370E+04   0.31580E+03   0.84263E+00   0.13318E+22
   0.10373E+04   0.31593E+03   0.84283E+00   0.13321E+22
   0.10376E+04   0.31607E+03   0.84303E+00   0.13323E+22
   0.10379E+04   0.31620E+03   0.84323E+00   0.13326E+22
   0.10383E+04   0.31634E+03   0.84343E+00   0.13329E+22
   0.10386E+04   0.31647E+03   0.84363E+00   0.13331E+22
   0.10389E+04   0.31661E+03   0.84383E+00   0.13334E+22
   0.10392E+04   0.31674E+03   0.84403E+00   0.13337E+22
   0.10395E+04   0.31688E+03   0.84423E+00   0.13339E+22
   0.10399E+04   0.31701E+03   0.84443E+00   0.13342E+22
   0.10402E+04   0.31715E+03   0.84463E+00   0.13344E+22
   0.10405E+04   0.31729E+03   0.84483E+00   0.13347E+22
   0.10408E+04   0.31742E+03   0.84503E+00   0.13350E+22
   0.10411E+04   0.31756E+03   0.84523E+00   0.13352E+22
   0.10415E+04   0.31769E+03   0.84543E+00   0.13355E+22
   0.10418E+04   0.31783E+03   0.84563E+00   0.13357E+22
   0.10421E+04   0.31796E+03   0.84583E+00   0.13360E+22
   0.10424E+04   0.31810E+03   0.84603E+00   0.13363E+22
   0.10428E+04   0.31823E+03   0.84623E+00   0.13365E+22
   0.10431E+04   0.31837E+03   0.84643E+00   0.13368E+22
   0.10434E+04   0.31850E+03   0.84663E+00   0.13371E+22
   0.10437E+04   0.31864E+03   0.84683E+00   0.13373E+22
   0.10440E+04   0.31877E+03   0.84703E+00   0.13376E+22
   0.10444E+04   0.31891E+03   0.84723E+00   0.13378E+22
   0.10447E+04   0.31905E+03   0.84743E+00   0.13381E+22
   0.10450E+04   0.31918E+03   0.84763E+00   0.13384E+22
   0.10453E+04   0.31932E+03   0.84783E+00   0.13386E+22
   0.10457E+04   0.31945E+03   0.84803E+00   0.13389E+22
   0.10460E+04   0.31959E+03   0.84823E+00   0.13392E+22
   0.10463E+04   0.31972E+03   0.84843E+00   0.13394E+22
   0.10466E+04   0.31986E+03   0.84863E+00   0.13397E+22
   0.10469E+04   0.31999E+03   0.84883E+00   0.13399E+22
   0.10473E+04   0.32013E+03   0.84903E+00   0.13402E+22
   0.10476E+04   0.32027E+03   0.84923E+00   0.13405E+22
   0.10479E+04   0.32040E+03   0.84943E+00   0.13407E+22
   0.10482E+04   0.32054E+03   0.84963E+00   0.13410E+22
   0.10486E+04   0.32067E+03   0.84983E+00   0.13413E+22
   0.10489E+04   0.32081E+03   0.85003E+00   0.13415E+22
   0.10492E+04   0.32094E+03   0.85023E+00   0.13418E+22
   0.10495E+04   0.32108E+03   0.85043E+00   0.13420E+22
   0.10498E+04   0.32122E+03   0.85063E+00   0.13423E+22
   0.10502E+04   0.32135E+03   0.85083E+00   0.13426E+22
   0.10505E+04   0.32149E+03   0.85103E+00   0.13428E+22
   0.10508E+04   0.32162E+03   0.85123E+00   0.13431E+22
   0.10511E+04   0.32176E+03   0.85143E+00   0.13434E+22
   0.10515E+04   0.32189E+03   0.85163E+00   0.13436E+22
   0.10518E+04   0.32203E+03   0.85183E+00   0.13439E+22
   0.10521E+04   0.32217E+03   0.85203E+00   0.13441E+22
   0.10524E+04   0.32230E+03   0.85223E+00   0.13444E+22
   0.10527E+04   0.32244E+03   0.85243E+00   0.13447E+22
   0.10531E+04   0.32257E+03   0.85263E+00   0.13449E+22
   0.10534E+04   0.32271E+03   0.85283E+00   0.13452E+22
   0.10537E+04   0.32284E+03   0.85303E+00   0.13455E+22
   0.10540E+04   0.32298E+03   0.85323E+00   0.13457E+22
   0.10544E+04   0.32312E+03   0.85343E+00   0.13460E+22
   0.10547E+04   0.32325E+03   0.85363E+00   0.13462E+22
   0.10550E+04   0.32339E+03   0.85383E+00   0.13465E+22
   0.10553E+04   0.32352E+03   0.85403E+00   0.13468E+22
   0.10556E+04   0.32366E+03   0.85423E+00   0.13470E+22
   0.10560E+04   0.32380E+03   0.85443E+00   0.13473E+22
   0.10563E+04   0.32393E+03   0.85463E+00   0.13476E+22
   0.10566E+04   0.32407E+03   0.85483E+00   0.13478E+22
   0.10569E+04   0.32420E+03   0.85503E+00   0.13481E+22
   0.10573E+04   0.32434E+03   0.85523E+00   0.13484E+22
   0.10576E+04   0.32448E+03   0.85543E+00   0.13486E+22
   0.10579E+04   0.32461E+03   0.85563E+00   0.13489E+22
   0.10582E+04   0.32475E+03   0.85583E+00   0.13491E+22
   0.10586E+04   0.32488E+03   0.85603E+00   0.13494E+22
   0.10589E+04   0.32502E+03   0.85623E+00   0.13497E+22
   0.10592E+04   0.32516E+03   0.85643E+00   0.13499E+22
   0.10595E+04   0.32529E+03   0.85663E+00   0.13502E+22
   0.10598E+04   0.32543E+03   0.85683E+00   0.13505E+22
   0.10602E+04   0.32556E+03   0.85703E+00   0.13507E+22
   0.10605E+04   0.32570E+03   0.85723E+00   0.13510E+22
   0.10608E+04   0.32584E+03   0.85743E+00   0.13513E+22
   0.10611E+04   0.32597E+03   0.85763E+00   0.13515E+22
   0.10615E+04   0.32611E+03   0.85783E+00   0.13518E+22
   0.10618E+04   0.32625E+03   0.85803E+00   0.13520E+22
   0.10621E+04   0.32638E+03   0.85823E+00   0.13523E+22
   0.10624E+04   0.32652E+03   0.85843E+00   0.13526E+22
   0.10628E+04   0.32665E+03   0.85863E+00   0.13528E+22
   0.10631E+04   0.32679E+03   0.85883E+00   0.13531E+22
   0.10634E+04   0.32693E+03   0.85903E+00   0.13534E+22
   0.10637E+04   0.32706E+03   0.85923E+00   0.13536E+22
   0.10641E+04   0.32720E+03   0.85943E+00   0.13539E+22
   0.10644E+04   0.32734E+03   0.85963E+00   0.13541E+22
   0.10647E+04   0.32747E+03   0.85983E+00   0.13544E+22
   0.10650E+04   0.32761E+03   0.86003E+00   0.13547E+22
   0.10654E+04   0.32774E+03   0.86023E+00   0.13549E+22
   0.10657E+04   0.32788E+03   0.86043E+00   0.13552E+22
   0.10660E+04   0.32802E+03   0.86063E+00   0.13555E+22
   0.10663E+04   0.32815E+03   0.86083E+00   0.13557E+22
   0.10666E+04   0.32829E+03   0.86103E+00   0.13560E+22
   0.10670E+04   0.32843E+03   0.86123E+00   0.13563E+22
   0.10673E+04   0.32856E+03   0.86143E+00   0.13565E+22
   0.10676E+04   0.32870E+03   0.86163E+00   0.13568E+22
   0.10679E+04   0.32883E+03   0.86183E+00   0.13571E+22
   0.10683E+04   0.32897E+03   0.86203E+00   0.13573E+22
   0.10686E+04   0.32911E+03   0.86223E+00   0.13576E+22
   0.10689E+04   0.32924E+03   0.86243E+00   0.13578E+22
   0.10692E+04   0.32938E+03   0.86263E+00   0.13581E+22
   0.10696E+04   0.32952E+03   0.86283E+00   0.13584E+22
   0.10699E+04   0.32965E+03   0.86303E+00   0.13586E+22
   0.10702E+04   0.32979E+03   0.86323E+00   0.13589E+22
   0.10705E+04   0.32993E+03   0.86343E+00   0.13592E+22
   0.10709E+04   0.33006E+03   0.86363E+00   0.13594E+22
   0.10712E+04   0.33020E+03   0.86383E+00   0.13597E+22
   0.10715E+04   0.33034E+03   0.86403E+00   0.13600E+22
   0.10718E+04   0.33047E+03   0.86423E+00   0.13602E+22
   0.10722E+04   0.33061E+03   0.86443E+00   0.13605E+22
   0.10725E+04   0.33075E+03   0.86463E+00   0.13607E+22
   0.10728E+04   0.33088E+03   0.86483E+00   0.13610E+22
   0.10731E+04   0.33102E+03   0.86503E+00   0.13613E+22
   0.10735E+04   0.33116E+03   0.86523E+00   0.13615E+22
   0.10738E+04   0.33129E+03   0.86543E+00   0.13618E+22
   0.10741E+04   0.33143E+03   0.86563E+00   0.13621E+22
   0.10744E+04   0.33157E+03   0.86583E+00   0.13623E+22
   0.10748E+04   0.33170E+03   0.86603E+00   0.13626E+22
   0.10751E+04   0.33184E+03   0.86623E+00   0.13629E+22
   0.10754E+04   0.33198E+03   0.86643E+00   0.13631E+22
   0.10757E+04   0.33211E+03   0.86663E+00   0.13634E+22
   0.10761E+04   0.33225E+03   0.86683E+00   0.13637E+22
   0.10764E+04   0.33239E+03   0.86703E+00   0.13639E+22
   0.10767E+04   0.33252E+03   0.86723E+00   0.13642E+22
   0.10770E+04   0.33266E+03   0.86743E+00   0.13644E+22
   0.10774E+04   0.33280E+03   0.86763E+00   0.13647E+22
   0.10777E+04   0.33293E+03   0.86783E+00   0.13650E+22
   0.10780E+04   0.33307E+03   0.86803E+00   0.13652E+22
   0.10783E+04   0.33321E+03   0.86823E+00   0.13655E+22
   0.10787E+04   0.33334E+03   0.86843E+00   0.13658E+22
   0.10790E+04   0.33348E+03   0.86863E+00   0.13660E+22
   0.10793E+04   0.33362E+03   0.86883E+00   0.13663E+22
   0.10796E+04   0.33375E+03   0.86903E+00   0.13666E+22
   0.10800E+04   0.33389E+03   0.86923E+00   0.13668E+22
   0.10803E+04   0.33403E+03   0.86943E+00   0.13671E+22
   0.10806E+04   0.33416E+03   0.86963E+00   0.13674E+22
   0.10809E+04   0.33430E+03   0.86983E+00   0.13676E+22
   0.10813E+04   0.33444E+03   0.87003E+00   0.13679E+22
   0.10816E+04   0.33458E+03   0.87023E+00   0.13682E+22
   0.10819E+04   0.33471E+03   0.87043E+00   0.13684E+22
   0.10822E+04   0.33485E+03   0.87063E+00   0.13687E+22
   0.10826E+04   0.33499E+03   0.87083E+00   0.13689E+22
   0.10829E+04   0.33512E+03   0.87103E+00   0.13692E+22
   0.10832E+04   0.33526E+03   0.87123E+00   0.13695E+22
   0.10835E+04   0.33540E+03   0.87143E+00   0.13697E+22
   0.10839E+04   0.33553E+03   0.87163E+00   0.13700E+22
   0.10842E+04   0.33567E+03   0.87183E+00   0.13703E+22
   0.10845E+04   0.33581E+03   0.87203E+00   0.13705E+22
   0.10848E+04   0.33595E+03   0.87223E+00   0.13708E+22
   0.10852E+04   0.33608E+03   0.87243E+00   0.13711E+22
   0.10855E+04   0.33622E+03   0.87263E+00   0.13713E+22
   0.10858E+04   0.33636E+03   0.87283E+00   0.13716E+22
   0.10861E+04   0.33649E+03   0.87303E+00   0.13719E+22
   0.10865E+04   0.33663E+03   0.87323E+00   0.13721E+22
   0.10868E+04   0.33677E+03   0.87343E+00   0.13724E+22
   0.10871E+04   0.33691E+03   0.87363E+00   0.13727E+22
   0.10874E+04   0.33704E+03   0.87383E+00   0.13729E+22
   0.10878E+04   0.33718E+03   0.87403E+00   0.13732E+22
   0.10881E+04   0.33732E+03   0.87423E+00   0.13735E+22
   0.10884E+04   0.33745E+03   0.87443E+00   0.13737E+22
   0.10888E+04   0.33759E+03   0.87463E+00   0.13740E+22
   0.10891E+04   0.33773E+03   0.87483E+00   0.13743E+22
   0.10894E+04   0.33787E+03   0.87503E+00   0.13745E+22
   0.10897E+04   0.33800E+03   0.87523E+00   0.13748E+22
   0.10901E+04   0.33814E+03   0.87543E+00   0.13750E+22
   0.10904E+04   0.33828E+03   0.87563E+00   0.13753E+22
   0.10907E+04   0.33842E+03   0.87583E+00   0.13756E+22
   0.10910E+04   0.33855E+03   0.87603E+00   0.13758E+22
   0.10914E+04   0.33869E+03   0.87623E+00   0.13761E+22
   0.10917E+04   0.33883E+03   0.87643E+00   0.13764E+22
   0.10920E+04   0.33896E+03   0.87663E+00   0.13766E+22
   0.10923E+04   0.33910E+03   0.87683E+00   0.13769E+22
   0.10927E+04   0.33924E+03   0.87703E+00   0.13772E+22
   0.10930E+04   0.33938E+03   0.87723E+00   0.13774E+22
   0.10933E+04   0.33951E+03   0.87743E+00   0.13777E+22
   0.10936E+04   0.33965E+03   0.87763E+00   0.13780E+22
   0.10940E+04   0.33979E+03   0.87783E+00   0.13782E+22
   0.10943E+04   0.33993E+03   0.87803E+00   0.13785E+22
   0.10946E+04   0.34006E+03   0.87823E+00   0.13788E+22
   0.10950E+04   0.34020E+03   0.87843E+00   0.13790E+22
   0.10953E+04   0.34034E+03   0.87863E+00   0.13793E+22
   0.10956E+04   0.34048E+03   0.87883E+00   0.13796E+22
   0.10959E+04   0.34061E+03   0.87903E+00   0.13798E+22
   0.10963E+04   0.34075E+03   0.87923E+00   0.13801E+22
   0.10966E+04   0.34089E+03   0.87943E+00   0.13804E+22
   0.10969E+04   0.34103E+03   0.87963E+00   0.13806E+22
   0.10972E+04   0.34116E+03   0.87983E+00   0.13809E+22
   0.10976E+04   0.34130E+03   0.88003E+00   0.13812E+22
   0.10979E+04   0.34144E+03   0.88023E+00   0.13814E+22
   0.10982E+04   0.34158E+03   0.88043E+00   0.13817E+22
   0.10986E+04   0.34171E+03   0.88063E+00   0.13820E+22
   0.10989E+04   0.34185E+03   0.88083E+00   0.13822E+22
   0.10992E+04   0.34199E+03   0.88103E+00   0.13825E+22
   0.10995E+04   0.34213E+03   0.88123E+00   0.13828E+22
   0.10999E+04   0.34226E+03   0.88143E+00   0.13830E+22
   0.11002E+04   0.34240E+03   0.88163E+00   0.13833E+22
   0.11005E+04   0.34254E+03   0.88183E+00   0.13836E+22
   0.11008E+04   0.34268E+03   0.88203E+00   0.13838E+22
   0.11012E+04   0.34282E+03   0.88223E+00   0.13841E+22
   0.11015E+04   0.34295E+03   0.88243E+00   0.13843E+22
   0.11018E+04   0.34309E+03   0.88263E+00   0.13846E+22
   0.11022E+04   0.34323E+03   0.88283E+00   0.13849E+22
   0.11025E+04   0.34337E+03   0.88303E+00   0.13851E+22
   0.11028E+04   0.34350E+03   0.88323E+00   0.13854E+22
   0.11031E+04   0.34364E+03   0.88343E+00   0.13857E+22
   0.11035E+04   0.34378E+03   0.88363E+00   0.13859E+22
   0.11038E+04   0.34392E+03   0.88383E+00   0.13862E+22
   0.11041E+04   0.34405E+03   0.88403E+00   0.13865E+22
   0.11044E+04   0.34419E+03   0.88423E+00   0.13867E+22
   0.11048E+04   0.34433E+03   0.88443E+00   0.13870E+22
   0.11051E+04   0.34447E+03   0.88463E+00   0.13873E+22
   0.11054E+04   0.34461E+03   0.88483E+00   0.13875E+22
   0.11058E+04   0.34474E+03   0.88503E+00   0.13878E+22
   0.11061E+04   0.34488E+03   0.88523E+00   0.13881E+22
   0.11064E+04   0.34502E+03   0.88543E+00   0.13883E+22
   0.11067E+04   0.34516E+03   0.88563E+00   0.13886E+22
   0.11071E+04   0.34530E+03   0.88583E+00   0.13889E+22
   0.11074E+04   0.34543E+03   0.88603E+00   0.13891E+22
   0.11077E+04   0.34557E+03   0.88623E+00   0.13894E+22
   0.11081E+04   0.34571E+03   0.88643E+00   0.13897E+22
   0.11084E+04   0.34585E+03   0.88663E+00   0.13899E+22
   0.11087E+04   0.34599E+03   0.88683E+00   0.13902E+22
   0.11090E+04   0.34612E+03   0.88703E+00   0.13905E+22
   0.11094E+04   0.34626E+03   0.88723E+00   0.13907E+22
   0.11097E+04   0.34640E+03   0.88743E+00   0.13910E+22
   0.11100E+04   0.34654E+03   0.88763E+00   0.13913E+22
   0.11103E+04   0.34668E+03   0.88783E+00   0.13915E+22
   0.11107E+04   0.34681E+03   0.88803E+00   0.13918E+22
   0.11110E+04   0.34695E+03   0.88823E+00   0.13921E+22
   0.11113E+04   0.34709E+03   0.88843E+00   0.13923E+22
   0.11117E+04   0.34723E+03   0.88863E+00   0.13926E+22
   0.11120E+04   0.34737E+03   0.88883E+00   0.13929E+22
   0.11123E+04   0.34750E+03   0.88903E+00   0.13931E+22
   0.11126E+04   0.34764E+03   0.88923E+00   0.13934E+22
   0.11130E+04   0.34778E+03   0.88943E+00   0.13937E+22
   0.11133E+04   0.34792E+03   0.88963E+00   0.13939E+22
   0.11136E+04   0.34806E+03   0.88983E+00   0.13942E+22
   0.11140E+04   0.34819E+03   0.89003E+00   0.13945E+22
   0.11143E+04   0.34833E+03   0.89023E+00   0.13947E+22
   0.11146E+04   0.34847E+03   0.89043E+00   0.13950E+22
   0.11149E+04   0.34861E+03   0.89063E+00   0.13953E+22
   0.11153E+04   0.34875E+03   0.89083E+00   0.13955E+22
   0.11156E+04   0.34889E+03   0.89103E+00   0.13958E+22
   0.11159E+04   0.34902E+03   0.89123E+00   0.13961E+22
   0.11163E+04   0.34916E+03   0.89143E+00   0.13963E+22
   0.11166E+04   0.34930E+03   0.89163E+00   0.13966E+22
   0.11169E+04   0.34944E+03   0.89183E+00   0.13969E+22
   0.11172E+04   0.34958E+03   0.89203E+00   0.13971E+22
   0.11176E+04   0.34972E+03   0.89223E+00   0.13974E+22
   0.11179E+04   0.34985E+03   0.89243E+00   0.13977E+22
   0.11182E+04   0.34999E+03   0.89263E+00   0.13979E+22
   0.11186E+04   0.35013E+03   0.89283E+00   0.13982E+22
   0.11189E+04   0.35027E+03   0.89303E+00   0.13985E+22
   0.11192E+04   0.35041E+03   0.89323E+00   0.13987E+22
   0.11195E+04   0.35055E+03   0.89343E+00   0.13990E+22
   0.11199E+04   0.35068E+03   0.89363E+00   0.13993E+22
   0.11202E+04   0.35082E+03   0.89383E+00   0.13995E+22
   0.11205E+04   0.35096E+03   0.89403E+00   0.13998E+22
   0.11209E+04   0.35110E+03   0.89423E+00   0.14001E+22
   0.11212E+04   0.35124E+03   0.89443E+00   0.14004E+22
   0.11215E+04   0.35138E+03   0.89463E+00   0.14006E+22
   0.11219E+04   0.35151E+03   0.89483E+00   0.14009E+22
   0.11222E+04   0.35165E+03   0.89503E+00   0.14012E+22
   0.11225E+04   0.35179E+03   0.89523E+00   0.14014E+22
   0.11228E+04   0.35193E+03   0.89543E+00   0.14017E+22
   0.11232E+04   0.35207E+03   0.89563E+00   0.14020E+22
   0.11235E+04   0.35221E+03   0.89583E+00   0.14022E+22
   0.11238E+04   0.35235E+03   0.89603E+00   0.14025E+22
   0.11242E+04   0.35248E+03   0.89623E+00   0.14028E+22
   0.11245E+04   0.35262E+03   0.89643E+00   0.14030E+22
   0.11248E+04   0.35276E+03   0.89663E+00   0.14033E+22
   0.11251E+04   0.35290E+03   0.89683E+00   0.14036E+22
   0.11255E+04   0.35304E+03   0.89703E+00   0.14038E+22
   0.11258E+04   0.35318E+03   0.89723E+00   0.14041E+22
   0.11261E+04   0.35332E+03   0.89743E+00   0.14044E+22
   0.11265E+04   0.35345E+03   0.89763E+00   0.14046E+22
   0.11268E+04   0.35359E+03   0.89783E+00   0.14049E+22
   0.11271E+04   0.35373E+03   0.89803E+00   0.14052E+22
   0.11275E+04   0.35387E+03   0.89823E+00   0.14054E+22
   0.11278E+04   0.35401E+03   0.89843E+00   0.14057E+22
   0.11281E+04   0.35415E+03   0.89863E+00   0.14060E+22
   0.11284E+04   0.35429E+03   0.89883E+00   0.14062E+22
   0.11288E+04   0.35442E+03   0.89903E+00   0.14065E+22
   0.11291E+04   0.35456E+03   0.89923E+00   0.14068E+22
   0.11294E+04   0.35470E+03   0.89943E+00   0.14070E+22
   0.11298E+04   0.35484E+03   0.89963E+00   0.14073E+22
   0.11301E+04   0.35498E+03   0.89983E+00   0.14076E+22
   0.11304E+04   0.35512E+03   0.90003E+00   0.14078E+22
   0.11308E+04   0.35526E+03   0.90023E+00   0.14081E+22
   0.11311E+04   0.35540E+03   0.90043E+00   0.14084E+22
   0.11314E+04   0.35553E+03   0.90063E+00   0.14086E+22
   0.11317E+04   0.35567E+03   0.90083E+00   0.14089E+22
   0.11321E+04   0.35581E+03   0.90103E+00   0.14092E+22
   0.11324E+04   0.35595E+03   0.90123E+00   0.14094E+22
   0.11327E+04   0.35609E+03   0.90143E+00   0.14097E+22
   0.11331E+04   0.35623E+03   0.90163E+00   0.14100E+22
   0.11334E+04   0.35637E+03   0.90183E+00   0.14103E+22
   0.11337E+04   0.35651E+03   0.90203E+00   0.14105E+22
   0.11341E+04   0.35665E+03   0.90223E+00   0.14108E+22
   0.11344E+04   0.35678E+03   0.90243E+00   0.14111E+22
   0.11347E+04   0.35692E+03   0.90263E+00   0.14113E+22
   0.11351E+04   0.35706E+03   0.90283E+00   0.14116E+22
   0.11354E+04   0.35720E+03   0.90303E+00   0.14119E+22
   0.11357E+04   0.35734E+03   0.90323E+00   0.14121E+22
   0.11360E+04   0.35748E+03   0.90343E+00   0.14124E+22
   0.11364E+04   0.35762E+03   0.90363E+00   0.14127E+22
   0.11367E+04   0.35776E+03   0.90383E+00   0.14129E+22
   0.11370E+04   0.35790E+03   0.90403E+00   0.14132E+22
   0.11374E+04   0.35804E+03   0.90423E+00   0.14135E+22
   0.11377E+04   0.35817E+03   0.90443E+00   0.14137E+22
   0.11380E+04   0.35831E+03   0.90463E+00   0.14140E+22
   0.11384E+04   0.35845E+03   0.90483E+00   0.14143E+22
   0.11387E+04   0.35859E+03   0.90503E+00   0.14145E+22
   0.11390E+04   0.35873E+03   0.90523E+00   0.14148E+22
   0.11394E+04   0.35887E+03   0.90543E+00   0.14151E+22
   0.11397E+04   0.35901E+03   0.90563E+00   0.14153E+22
   0.11400E+04   0.35915E+03   0.90583E+00   0.14156E+22
   0.11403E+04   0.35929E+03   0.90603E+00   0.14159E+22
   0.11407E+04   0.35943E+03   0.90623E+00   0.14162E+22
   0.11410E+04   0.35957E+03   0.90643E+00   0.14164E+22
   0.11413E+04   0.35970E+03   0.90663E+00   0.14167E+22
   0.11417E+04   0.35984E+03   0.90683E+00   0.14170E+22
   0.11420E+04   0.35998E+03   0.90703E+00   0.14172E+22
   0.11423E+04   0.36012E+03   0.90723E+00   0.14175E+22
   0.11427E+04   0.36026E+03   0.90743E+00   0.14178E+22
   0.11430E+04   0.36040E+03   0.90763E+00   0.14180E+22
   0.11433E+04   0.36054E+03   0.90783E+00   0.14183E+22
   0.11437E+04   0.36068E+03   0.90803E+00   0.14186E+22
   0.11440E+04   0.36082E+03   0.90823E+00   0.14188E+22
   0.11443E+04   0.36096E+03   0.90843E+00   0.14191E+22
   0.11446E+04   0.36110E+03   0.90863E+00   0.14194E+22
   0.11450E+04   0.36124E+03   0.90883E+00   0.14196E+22
   0.11453E+04   0.36138E+03   0.90903E+00   0.14199E+22
   0.11456E+04   0.36151E+03   0.90923E+00   0.14202E+22
   0.11460E+04   0.36165E+03   0.90943E+00   0.14205E+22
   0.11463E+04   0.36179E+03   0.90963E+00   0.14207E+22
   0.11466E+04   0.36193E+03   0.90983E+00   0.14210E+22
   0.11470E+04   0.36207E+03   0.91003E+00   0.14213E+22
   0.11473E+04   0.36221E+03   0.91023E+00   0.14215E+22
   0.11476E+04   0.36235E+03   0.91043E+00   0.14218E+22
   0.11480E+04   0.36249E+03   0.91063E+00   0.14221E+22
   0.11483E+04   0.36263E+03   0.91083E+00   0.14223E+22
   0.11486E+04   0.36277E+03   0.91103E+00   0.14226E+22
   0.11490E+04   0.36291E+03   0.91123E+00   0.14229E+22
   0.11493E+04   0.36305E+03   0.91143E+00   0.14231E+22
   0.11496E+04   0.36319E+03   0.91163E+00   0.14234E+22
   0.11500E+04   0.36333E+03   0.91183E+00   0.14237E+22
   0.11503E+04   0.36347E+03   0.91203E+00   0.14239E+22
   0.11506E+04   0.36361E+03   0.91223E+00   0.14242E+22
   0.11510E+04   0.36375E+03   0.91243E+00   0.14245E+22
   0.11513E+04   0.36388E+03   0.91263E+00   0.14248E+22
   0.11516E+04   0.36402E+03   0.91283E+00   0.14250E+22
   0.11519E+04   0.36416E+03   0.91303E+00   0.14253E+22
   0.11523E+04   0.36430E+03   0.91323E+00   0.14256E+22
   0.11526E+04   0.36444E+03   0.91343E+00   0.14258E+22
   0.11529E+04   0.36458E+03   0.91363E+00   0.14261E+22
   0.11533E+04   0.36472E+03   0.91383E+00   0.14264E+22
   0.11536E+04   0.36486E+03   0.91403E+00   0.14266E+22
   0.11539E+04   0.36500E+03   0.91423E+00   0.14269E+22
   0.11543E+04   0.36514E+03   0.91443E+00   0.14272E+22
   0.11546E+04   0.36528E+03   0.91463E+00   0.14274E+22
   0.11549E+04   0.36542E+03   0.91483E+00   0.14277E+22
   0.11553E+04   0.36556E+03   0.91503E+00   0.14280E+22
   0.11556E+04   0.36570E+03   0.91523E+00   0.14283E+22
   0.11559E+04   0.36584E+03   0.91543E+00   0.14285E+22
   0.11563E+04   0.36598E+03   0.91563E+00   0.14288E+22
   0.11566E+04   0.36612E+03   0.91583E+00   0.14291E+22
   0.11569E+04   0.36626E+03   0.91603E+00   0.14293E+22
   0.11573E+04   0.36640E+03   0.91623E+00   0.14296E+22
   0.11576E+04   0.36654E+03   0.91643E+00   0.14299E+22
   0.11579E+04   0.36668E+03   0.91663E+00   0.14301E+22
   0.11583E+04   0.36682E+03   0.91683E+00   0.14304E+22
   0.11586E+04   0.36696E+03   0.91703E+00   0.14307E+22
   0.11589E+04   0.36710E+03   0.91723E+00   0.14309E+22
   0.11593E+04   0.36724E+03   0.91743E+00   0.14312E+22
   0.11596E+04   0.36738E+03   0.91763E+00   0.14315E+22
   0.11599E+04   0.36752E+03   0.91783E+00   0.14318E+22
   0.11603E+04   0.36766E+03   0.91803E+00   0.14320E+22
   0.11606E+04   0.36780E+03   0.91823E+00   0.14323E+22
   0.11609E+04   0.36794E+03   0.91843E+00   0.14326E+22
   0.11613E+04   0.36808E+03   0.91863E+00   0.14328E+22
   0.11616E+04   0.36822E+03   0.91883E+00   0.14331E+22
   0.11619E+04   0.36836E+03   0.91903E+00   0.14334E+22
   0.11623E+04   0.36850E+03   0.91923E+00   0.14336E+22
   0.11626E+04   0.36864E+03   0.91943E+00   0.14339E+22
   0.11629E+04   0.36878E+03   0.91963E+00   0.14342E+22
   0.11633E+04   0.36892E+03   0.91983E+00   0.14344E+22
   0.11636E+04   0.36906E+03   0.92003E+00   0.14347E+22
   0.11639E+04   0.36920E+03   0.92023E+00   0.14350E+22
   0.11643E+04   0.36934E+03   0.92043E+00   0.14353E+22
   0.11646E+04   0.36948E+03   0.92063E+00   0.14355E+22
   0.11649E+04   0.36962E+03   0.92083E+00   0.14358E+22
   0.11653E+04   0.36976E+03   0.92103E+00   0.14361E+22
   0.11656E+04   0.36990E+03   0.92123E+00   0.14363E+22
   0.11659E+04   0.37004E+03   0.92143E+00   0.14366E+22
   0.11663E+04   0.37018E+03   0.92163E+00   0.14369E+22
   0.11666E+04   0.37032E+03   0.92183E+00   0.14371E+22
   0.11669E+04   0.37046E+03   0.92203E+00   0.14374E+22
   0.11673E+04   0.37060E+03   0.92223E+00   0.14377E+22
   0.11676E+04   0.37074E+03   0.92243E+00   0.14380E+22
   0.11679E+04   0.37088E+03   0.92263E+00   0.14382E+22
   0.11683E+04   0.37102E+03   0.92283E+00   0.14385E+22
   0.11686E+04   0.37116E+03   0.92303E+00   0.14388E+22
   0.11689E+04   0.37130E+03   0.92323E+00   0.14390E+22
   0.11693E+04   0.37144E+03   0.92343E+00   0.14393E+22
   0.11696E+04   0.37158E+03   0.92363E+00   0.14396E+22
   0.11699E+04   0.37172E+03   0.92383E+00   0.14398E+22
   0.11703E+04   0.37186E+03   0.92403E+00   0.14401E+22
   0.11706E+04   0.37200E+03   0.92423E+00   0.14404E+22
   0.11709E+04   0.37214E+03   0.92443E+00   0.14407E+22
   0.11713E+04   0.37228E+03   0.92463E+00   0.14409E+22
   0.11716E+04   0.37242E+03   0.92483E+00   0.14412E+22
   0.11719E+04   0.37256E+03   0.92503E+00   0.14415E+22
   0.11723E+04   0.37270E+03   0.92523E+00   0.14417E+22
   0.11726E+04   0.37284E+03   0.92543E+00   0.14420E+22
   0.11729E+04   0.37298E+03   0.92563E+00   0.14423E+22
   0.11733E+04   0.37312E+03   0.92583E+00   0.14425E+22
   0.11736E+04   0.37326E+03   0.92603E+00   0.14428E+22
   0.11739E+04   0.37340E+03   0.92623E+00   0.14431E+22
   0.11743E+04   0.37354E+03   0.92643E+00   0.14434E+22
   0.11746E+04   0.37368E+03   0.92663E+00   0.14436E+22
   0.11749E+04   0.37382E+03   0.92683E+00   0.14439E+22
   0.11753E+04   0.37396E+03   0.92703E+00   0.14442E+22
   0.11756E+04   0.37410E+03   0.92723E+00   0.14444E+22
   0.11759E+04   0.37424E+03   0.92743E+00   0.14447E+22
   0.11763E+04   0.37438E+03   0.92763E+00   0.14450E+22
   0.11766E+04   0.37452E+03   0.92783E+00   0.14453E+22
   0.11769E+04   0.37466E+03   0.92803E+00   0.14455E+22
   0.11773E+04   0.37480E+03   0.92823E+00   0.14458E+22
   0.11776E+04   0.37494E+03   0.92843E+00   0.14461E+22
   0.11779E+04   0.37508E+03   0.92863E+00   0.14463E+22
   0.11783E+04   0.37522E+03   0.92883E+00   0.14466E+22
   0.11786E+04   0.37536E+03   0.92903E+00   0.14469E+22
   0.11789E+04   0.37551E+03   0.92923E+00   0.14471E+22
   0.11793E+04   0.37565E+03   0.92943E+00   0.14474E+22
   0.11796E+04   0.37579E+03   0.92963E+00   0.14477E+22
   0.11800E+04   0.37593E+03   0.92983E+00   0.14480E+22
   0.11803E+04   0.37607E+03   0.93003E+00   0.14482E+22
   0.11806E+04   0.37621E+03   0.93023E+00   0.14485E+22
   0.11810E+04   0.37635E+03   0.93043E+00   0.14488E+22
   0.11813E+04   0.37649E+03   0.93063E+00   0.14490E+22
   0.11816E+04   0.37663E+03   0.93083E+00   0.14493E+22
   0.11820E+04   0.37677E+03   0.93103E+00   0.14496E+22
   0.11823E+04   0.37691E+03   0.93123E+00   0.14498E+22
   0.11826E+04   0.37705E+03   0.93143E+00   0.14501E+22
   0.11830E+04   0.37719E+03   0.93163E+00   0.14504E+22
   0.11833E+04   0.37733E+03   0.93183E+00   0.14507E+22
   0.11836E+04   0.37747E+03   0.93203E+00   0.14509E+22
   0.11840E+04   0.37761E+03   0.93223E+00   0.14512E+22
   0.11843E+04   0.37775E+03   0.93243E+00   0.14515E+22
   0.11846E+04   0.37790E+03   0.93263E+00   0.14517E+22
   0.11850E+04   0.37804E+03   0.93283E+00   0.14520E+22
   0.11853E+04   0.37818E+03   0.93303E+00   0.14523E+22
   0.11856E+04   0.37832E+03   0.93323E+00   0.14526E+22
   0.11860E+04   0.37846E+03   0.93343E+00   0.14528E+22
   0.11863E+04   0.37860E+03   0.93363E+00   0.14531E+22
   0.11867E+04   0.37874E+03   0.93383E+00   0.14534E+22
   0.11870E+04   0.37888E+03   0.93403E+00   0.14536E+22
   0.11873E+04   0.37902E+03   0.93423E+00   0.14539E+22
   0.11877E+04   0.37916E+03   0.93443E+00   0.14542E+22
   0.11880E+04   0.37930E+03   0.93463E+00   0.14545E+22
   0.11883E+04   0.37944E+03   0.93483E+00   0.14547E+22
   0.11887E+04   0.37958E+03   0.93503E+00   0.14550E+22
   0.11890E+04   0.37973E+03   0.93523E+00   0.14553E+22
   0.11893E+04   0.37987E+03   0.93543E+00   0.14555E+22
   0.11897E+04   0.38001E+03   0.93563E+00   0.14558E+22
   0.11900E+04   0.38015E+03   0.93583E+00   0.14561E+22
   0.11903E+04   0.38029E+03   0.93603E+00   0.14563E+22
   0.11907E+04   0.38043E+03   0.93623E+00   0.14566E+22
   0.11910E+04   0.38057E+03   0.93643E+00   0.14569E+22
   0.11913E+04   0.38071E+03   0.93663E+00   0.14572E+22
   0.11917E+04   0.38085E+03   0.93683E+00   0.14574E+22
   0.11920E+04   0.38099E+03   0.93703E+00   0.14577E+22
   0.11924E+04   0.38113E+03   0.93723E+00   0.14580E+22
   0.11927E+04   0.38127E+03   0.93743E+00   0.14582E+22
   0.11930E+04   0.38142E+03   0.93763E+00   0.14585E+22
   0.11934E+04   0.38156E+03   0.93783E+00   0.14588E+22
   0.11937E+04   0.38170E+03   0.93803E+00   0.14591E+22
   0.11940E+04   0.38184E+03   0.93823E+00   0.14593E+22
   0.11944E+04   0.38198E+03   0.93843E+00   0.14596E+22
   0.11947E+04   0.38212E+03   0.93863E+00   0.14599E+22
   0.11950E+04   0.38226E+03   0.93883E+00   0.14601E+22
   0.11954E+04   0.38240E+03   0.93903E+00   0.14604E+22
   0.11957E+04   0.38254E+03   0.93923E+00   0.14607E+22
   0.11961E+04   0.38268E+03   0.93943E+00   0.14610E+22
   0.11964E+04   0.38283E+03   0.93963E+00   0.14612E+22
   0.11967E+04   0.38297E+03   0.93983E+00   0.14615E+22
   0.11971E+04   0.38311E+03   0.94003E+00   0.14618E+22
   0.11974E+04   0.38325E+03   0.94023E+00   0.14620E+22
   0.11977E+04   0.38339E+03   0.94043E+00   0.14623E+22
   0.11981E+04   0.38353E+03   0.94063E+00   0.14626E+22
   0.11984E+04   0.38367E+03   0.94083E+00   0.14629E+22
   0.11987E+04   0.38381E+03   0.94103E+00   0.14631E+22
   0.11991E+04   0.38396E+03   0.94123E+00   0.14634E+22
   0.11994E+04   0.38410E+03   0.94143E+00   0.14637E+22
   0.11998E+04   0.38424E+03   0.94163E+00   0.14639E+22
   0.12001E+04   0.38438E+03   0.94183E+00   0.14642E+22
   0.12004E+04   0.38452E+03   0.94203E+00   0.14645E+22
   0.12008E+04   0.38466E+03   0.94223E+00   0.14648E+22
   0.12011E+04   0.38480E+03   0.94243E+00   0.14650E+22
   0.12014E+04   0.38494E+03   0.94263E+00   0.14653E+22
   0.12018E+04   0.38508E+03   0.94283E+00   0.14656E+22
   0.12021E+04   0.38523E+03   0.94303E+00   0.14658E+22
   0.12024E+04   0.38537E+03   0.94323E+00   0.14661E+22
   0.12028E+04   0.38551E+03   0.94343E+00   0.14664E+22
   0.12031E+04   0.38565E+03   0.94363E+00   0.14667E+22
   0.12035E+04   0.38579E+03   0.94383E+00   0.14669E+22
   0.12038E+04   0.38593E+03   0.94403E+00   0.14672E+22
   0.12041E+04   0.38607E+03   0.94423E+00   0.14675E+22
   0.12045E+04   0.38622E+03   0.94443E+00   0.14677E+22
   0.12048E+04   0.38636E+03   0.94463E+00   0.14680E+22
   0.12051E+04   0.38650E+03   0.94483E+00   0.14683E+22
   0.12055E+04   0.38664E+03   0.94503E+00   0.14686E+22
   0.12058E+04   0.38678E+03   0.94523E+00   0.14688E+22
   0.12061E+04   0.38692E+03   0.94543E+00   0.14691E+22
   0.12065E+04   0.38706E+03   0.94563E+00   0.14694E+22
   0.12068E+04   0.38720E+03   0.94583E+00   0.14697E+22
   0.12072E+04   0.38735E+03   0.94603E+00   0.14699E+22
   0.12075E+04   0.38749E+03   0.94623E+00   0.14702E+22
   0.12078E+04   0.38763E+03   0.94643E+00   0.14705E+22
   0.12082E+04   0.38777E+03   0.94663E+00   0.14707E+22
   0.12085E+04   0.38791E+03   0.94683E+00   0.14710E+22
   0.12088E+04   0.38805E+03   0.94703E+00   0.14713E+22
   0.12092E+04   0.38820E+03   0.94723E+00   0.14716E+22
   0.12095E+04   0.38834E+03   0.94743E+00   0.14718E+22
   0.12099E+04   0.38848E+03   0.94763E+00   0.14721E+22
   0.12102E+04   0.38862E+03   0.94783E+00   0.14724E+22
   0.12105E+04   0.38876E+03   0.94803E+00   0.14726E+22
   0.12109E+04   0.38890E+03   0.94823E+00   0.14729E+22
   0.12112E+04   0.38904E+03   0.94843E+00   0.14732E+22
   0.12115E+04   0.38919E+03   0.94863E+00   0.14735E+22
   0.12119E+04   0.38933E+03   0.94883E+00   0.14737E+22
   0.12122E+04   0.38947E+03   0.94903E+00   0.14740E+22
   0.12126E+04   0.38961E+03   0.94923E+00   0.14743E+22
   0.12129E+04   0.38975E+03   0.94943E+00   0.14745E+22
   0.12132E+04   0.38989E+03   0.94963E+00   0.14748E+22
   0.12136E+04   0.39004E+03   0.94983E+00   0.14751E+22
   0.12139E+04   0.39018E+03   0.95003E+00   0.14754E+22
   0.12142E+04   0.39032E+03   0.95023E+00   0.14756E+22
   0.12146E+04   0.39046E+03   0.95043E+00   0.14759E+22
   0.12149E+04   0.39060E+03   0.95063E+00   0.14762E+22
   0.12153E+04   0.39074E+03   0.95083E+00   0.14765E+22
   0.12156E+04   0.39089E+03   0.95103E+00   0.14767E+22
   0.12159E+04   0.39103E+03   0.95123E+00   0.14770E+22
   0.12163E+04   0.39117E+03   0.95143E+00   0.14773E+22
   0.12166E+04   0.39131E+03   0.95163E+00   0.14775E+22
   0.12169E+04   0.39145E+03   0.95183E+00   0.14778E+22
   0.12173E+04   0.39159E+03   0.95203E+00   0.14781E+22
   0.12176E+04   0.39174E+03   0.95223E+00   0.14784E+22
   0.12180E+04   0.39188E+03   0.95243E+00   0.14786E+22
   0.12183E+04   0.39202E+03   0.95263E+00   0.14789E+22
   0.12186E+04   0.39216E+03   0.95283E+00   0.14792E+22
   0.12190E+04   0.39230E+03   0.95303E+00   0.14794E+22
   0.12193E+04   0.39245E+03   0.95323E+00   0.14797E+22
   0.12197E+04   0.39259E+03   0.95343E+00   0.14800E+22
   0.12200E+04   0.39273E+03   0.95363E+00   0.14803E+22
   0.12203E+04   0.39287E+03   0.95383E+00   0.14805E+22
   0.12207E+04   0.39301E+03   0.95403E+00   0.14808E+22
   0.12210E+04   0.39315E+03   0.95423E+00   0.14811E+22
   0.12213E+04   0.39330E+03   0.95443E+00   0.14814E+22
   0.12217E+04   0.39344E+03   0.95463E+00   0.14816E+22
   0.12220E+04   0.39358E+03   0.95483E+00   0.14819E+22
   0.12224E+04   0.39372E+03   0.95503E+00   0.14822E+22
   0.12227E+04   0.39386E+03   0.95523E+00   0.14824E+22
   0.12230E+04   0.39401E+03   0.95543E+00   0.14827E+22
   0.12234E+04   0.39415E+03   0.95563E+00   0.14830E+22
   0.12237E+04   0.39429E+03   0.95583E+00   0.14833E+22
   0.12241E+04   0.39443E+03   0.95603E+00   0.14835E+22
   0.12244E+04   0.39457E+03   0.95623E+00   0.14838E+22
   0.12247E+04   0.39472E+03   0.95643E+00   0.14841E+22
   0.12251E+04   0.39486E+03   0.95663E+00   0.14844E+22
   0.12254E+04   0.39500E+03   0.95683E+00   0.14846E+22
   0.12257E+04   0.39514E+03   0.95703E+00   0.14849E+22
   0.12261E+04   0.39528E+03   0.95723E+00   0.14852E+22
   0.12264E+04   0.39543E+03   0.95743E+00   0.14854E+22
   0.12268E+04   0.39557E+03   0.95763E+00   0.14857E+22
   0.12271E+04   0.39571E+03   0.95783E+00   0.14860E+22
   0.12274E+04   0.39585E+03   0.95803E+00   0.14863E+22
   0.12278E+04   0.39600E+03   0.95823E+00   0.14865E+22
   0.12281E+04   0.39614E+03   0.95843E+00   0.14868E+22
   0.12285E+04   0.39628E+03   0.95863E+00   0.14871E+22
   0.12288E+04   0.39642E+03   0.95883E+00   0.14874E+22
   0.12291E+04   0.39656E+03   0.95903E+00   0.14876E+22
   0.12295E+04   0.39671E+03   0.95923E+00   0.14879E+22
   0.12298E+04   0.39685E+03   0.95943E+00   0.14882E+22
   0.12302E+04   0.39699E+03   0.95963E+00   0.14884E+22
   0.12305E+04   0.39713E+03   0.95983E+00   0.14887E+22
   0.12308E+04   0.39727E+03   0.96003E+00   0.14890E+22
   0.12312E+04   0.39742E+03   0.96023E+00   0.14893E+22
   0.12315E+04   0.39756E+03   0.96043E+00   0.14895E+22
   0.12318E+04   0.39770E+03   0.96063E+00   0.14898E+22
   0.12322E+04   0.39784E+03   0.96083E+00   0.14901E+22
   0.12325E+04   0.39799E+03   0.96103E+00   0.14904E+22
   0.12329E+04   0.39813E+03   0.96123E+00   0.14906E+22
   0.12332E+04   0.39827E+03   0.96143E+00   0.14909E+22
   0.12335E+04   0.39841E+03   0.96163E+00   0.14912E+22
   0.12339E+04   0.39855E+03   0.96183E+00   0.14915E+22
   0.12342E+04   0.39870E+03   0.96203E+00   0.14917E+22
   0.12346E+04   0.39884E+03   0.96223E+00   0.14920E+22
   0.12349E+04   0.39898E+03   0.96243E+00   0.14923E+22
   0.12352E+04   0.39912E+03   0.96263E+00   0.14925E+22
   0.12356E+04   0.39927E+03   0.96283E+00   0.14928E+22
   0.12359E+04   0.39941E+03   0.96303E+00   0.14931E+22
   0.12363E+04   0.39955E+03   0.96323E+00   0.14934E+22
   0.12366E+04   0.39969E+03   0.96343E+00   0.14936E+22
   0.12369E+04   0.39984E+03   0.96363E+00   0.14939E+22
   0.12373E+04   0.39998E+03   0.96383E+00   0.14942E+22
   0.12376E+04   0.40012E+03   0.96403E+00   0.14945E+22
   0.12380E+04   0.40026E+03   0.96423E+00   0.14947E+22
   0.12383E+04   0.40041E+03   0.96443E+00   0.14950E+22
   0.12386E+04   0.40055E+03   0.96463E+00   0.14953E+22
   0.12390E+04   0.40069E+03   0.96483E+00   0.14956E+22
   0.12393E+04   0.40083E+03   0.96503E+00   0.14958E+22
   0.12397E+04   0.40098E+03   0.96523E+00   0.14961E+22
   0.12400E+04   0.40112E+03   0.96543E+00   0.14964E+22
   0.12403E+04   0.40126E+03   0.96563E+00   0.14966E+22
   0.12407E+04   0.40140E+03   0.96583E+00   0.14969E+22
   0.12410E+04   0.40155E+03   0.96603E+00   0.14972E+22
   0.12414E+04   0.40169E+03   0.96623E+00   0.14975E+22
   0.12417E+04   0.40183E+03   0.96643E+00   0.14977E+22
   0.12420E+04   0.40197E+03   0.96663E+00   0.14980E+22
   0.12424E+04   0.40212E+03   0.96683E+00   0.14983E+22
   0.12427E+04   0.40226E+03   0.96703E+00   0.14986E+22
   0.12431E+04   0.40240E+03   0.96723E+00   0.14988E+22
   0.12434E+04   0.40254E+03   0.96743E+00   0.14991E+22
   0.12437E+04   0.40269E+03   0.96763E+00   0.14994E+22
   0.12441E+04   0.40283E+03   0.96783E+00   0.14997E+22
   0.12444E+04   0.40297E+03   0.96803E+00   0.14999E+22
   0.12448E+04   0.40311E+03   0.96823E+00   0.15002E+22
   0.12451E+04   0.40326E+03   0.96843E+00   0.15005E+22
   0.12454E+04   0.40340E+03   0.96863E+00   0.15007E+22
   0.12458E+04   0.40354E+03   0.96883E+00   0.15010E+22
   0.12461E+04   0.40369E+03   0.96903E+00   0.15013E+22
   0.12465E+04   0.40383E+03   0.96923E+00   0.15016E+22
   0.12468E+04   0.40397E+03   0.96943E+00   0.15018E+22
   0.12471E+04   0.40411E+03   0.96963E+00   0.15021E+22
   0.12475E+04   0.40426E+03   0.96983E+00   0.15024E+22
   0.12478E+04   0.40440E+03   0.97003E+00   0.15027E+22
   0.12482E+04   0.40454E+03   0.97023E+00   0.15029E+22
   0.12485E+04   0.40468E+03   0.97043E+00   0.15032E+22
   0.12488E+04   0.40483E+03   0.97063E+00   0.15035E+22
   0.12492E+04   0.40497E+03   0.97083E+00   0.15038E+22
   0.12495E+04   0.40511E+03   0.97103E+00   0.15040E+22
   0.12499E+04   0.40526E+03   0.97123E+00   0.15043E+22
   0.12502E+04   0.40540E+03   0.97143E+00   0.15046E+22
   0.12506E+04   0.40554E+03   0.97163E+00   0.15049E+22
   0.12509E+04   0.40568E+03   0.97183E+00   0.15051E+22
   0.12512E+04   0.40583E+03   0.97203E+00   0.15054E+22
   0.12516E+04   0.40597E+03   0.97223E+00   0.15057E+22
   0.12519E+04   0.40611E+03   0.97243E+00   0.15060E+22
   0.12523E+04   0.40626E+03   0.97263E+00   0.15062E+22
   0.12526E+04   0.40640E+03   0.97283E+00   0.15065E+22
   0.12529E+04   0.40654E+03   0.97303E+00   0.15068E+22
   0.12533E+04   0.40668E+03   0.97323E+00   0.15070E+22
   0.12536E+04   0.40683E+03   0.97343E+00   0.15073E+22
   0.12540E+04   0.40697E+03   0.97363E+00   0.15076E+22
   0.12543E+04   0.40711E+03   0.97383E+00   0.15079E+22
   0.12546E+04   0.40726E+03   0.97403E+00   0.15081E+22
   0.12550E+04   0.40740E+03   0.97423E+00   0.15084E+22
   0.12553E+04   0.40754E+03   0.97443E+00   0.15087E+22
   0.12557E+04   0.40769E+03   0.97463E+00   0.15090E+22
   0.12560E+04   0.40783E+03   0.97483E+00   0.15092E+22
   0.12563E+04   0.40797E+03   0.97503E+00   0.15095E+22
   0.12567E+04   0.40811E+03   0.97523E+00   0.15098E+22
   0.12570E+04   0.40826E+03   0.97543E+00   0.15101E+22
   0.12574E+04   0.40840E+03   0.97563E+00   0.15103E+22
   0.12577E+04   0.40854E+03   0.97583E+00   0.15106E+22
   0.12581E+04   0.40869E+03   0.97603E+00   0.15109E+22
   0.12584E+04   0.40883E+03   0.97623E+00   0.15112E+22
   0.12587E+04   0.40897E+03   0.97643E+00   0.15114E+22
   0.12591E+04   0.40912E+03   0.97663E+00   0.15117E+22
   0.12594E+04   0.40926E+03   0.97683E+00   0.15120E+22
   0.12598E+04   0.40940E+03   0.97703E+00   0.15123E+22
   0.12601E+04   0.40955E+03   0.97723E+00   0.15125E+22
   0.12604E+04   0.40969E+03   0.97743E+00   0.15128E+22
   0.12608E+04   0.40983E+03   0.97763E+00   0.15131E+22
   0.12611E+04   0.40998E+03   0.97783E+00   0.15134E+22
   0.12615E+04   0.41012E+03   0.97803E+00   0.15136E+22
   0.12618E+04   0.41026E+03   0.97823E+00   0.15139E+22
   0.12622E+04   0.41041E+03   0.97843E+00   0.15142E+22
   0.12625E+04   0.41055E+03   0.97863E+00   0.15145E+22
   0.12628E+04   0.41069E+03   0.97883E+00   0.15147E+22
   0.12632E+04   0.41083E+03   0.97903E+00   0.15150E+22
   0.12635E+04   0.41098E+03   0.97923E+00   0.15153E+22
   0.12639E+04   0.41112E+03   0.97943E+00   0.15155E+22
   0.12642E+04   0.41126E+03   0.97963E+00   0.15158E+22
   0.12646E+04   0.41141E+03   0.97983E+00   0.15161E+22
   0.12649E+04   0.41155E+03   0.98003E+00   0.15164E+22
   0.12652E+04   0.41169E+03   0.98023E+00   0.15166E+22
   0.12656E+04   0.41184E+03   0.98043E+00   0.15169E+22
   0.12659E+04   0.41198E+03   0.98063E+00   0.15172E+22
   0.12663E+04   0.41212E+03   0.98083E+00   0.15175E+22
   0.12666E+04   0.41227E+03   0.98103E+00   0.15177E+22
   0.12669E+04   0.41241E+03   0.98123E+00   0.15180E+22
   0.12673E+04   0.41255E+03   0.98143E+00   0.15183E+22
   0.12676E+04   0.41270E+03   0.98163E+00   0.15186E+22
   0.12680E+04   0.41284E+03   0.98183E+00   0.15188E+22
   0.12683E+04   0.41298E+03   0.98203E+00   0.15191E+22
   0.12687E+04   0.41313E+03   0.98223E+00   0.15194E+22
   0.12690E+04   0.41327E+03   0.98243E+00   0.15197E+22
   0.12693E+04   0.41342E+03   0.98263E+00   0.15199E+22
   0.12697E+04   0.41356E+03   0.98283E+00   0.15202E+22
   0.12700E+04   0.41370E+03   0.98303E+00   0.15205E+22
   0.12704E+04   0.41385E+03   0.98323E+00   0.15208E+22
   0.12707E+04   0.41399E+03   0.98343E+00   0.15210E+22
   0.12711E+04   0.41413E+03   0.98363E+00   0.15213E+22
   0.12714E+04   0.41428E+03   0.98383E+00   0.15216E+22
   0.12717E+04   0.41442E+03   0.98403E+00   0.15219E+22
   0.12721E+04   0.41456E+03   0.98423E+00   0.15221E+22
   0.12724E+04   0.41471E+03   0.98443E+00   0.15224E+22
   0.12728E+04   0.41485E+03   0.98463E+00   0.15227E+22
   0.12731E+04   0.41499E+03   0.98483E+00   0.15230E+22
   0.12735E+04   0.41514E+03   0.98503E+00   0.15232E+22
   0.12738E+04   0.41528E+03   0.98523E+00   0.15235E+22
   0.12741E+04   0.41542E+03   0.98543E+00   0.15238E+22
   0.12745E+04   0.41557E+03   0.98563E+00   0.15241E+22
   0.12748E+04   0.41571E+03   0.98583E+00   0.15243E+22
   0.12752E+04   0.41586E+03   0.98603E+00   0.15246E+22
   0.12755E+04   0.41600E+03   0.98623E+00   0.15249E+22
   0.12759E+04   0.41614E+03   0.98643E+00   0.15252E+22
   0.12762E+04   0.41629E+03   0.98663E+00   0.15254E+22
   0.12765E+04   0.41643E+03   0.98683E+00   0.15257E+22
   0.12769E+04   0.41657E+03   0.98703E+00   0.15260E+22
   0.12772E+04   0.41672E+03   0.98723E+00   0.15263E+22
   0.12776E+04   0.41686E+03   0.98743E+00   0.15265E+22
   0.12779E+04   0.41700E+03   0.98763E+00   0.15268E+22
   0.12783E+04   0.41715E+03   0.98783E+00   0.15271E+22
   0.12786E+04   0.41729E+03   0.98803E+00   0.15274E+22
   0.12789E+04   0.41744E+03   0.98823E+00   0.15276E+22
   0.12793E+04   0.41758E+03   0.98843E+00   0.15279E+22
   0.12796E+04   0.41772E+03   0.98863E+00   0.15282E+22
   0.12800E+04   0.41787E+03   0.98883E+00   0.15285E+22
   0.12803E+04   0.41801E+03   0.98903E+00   0.15287E+22
   0.12807E+04   0.41815E+03   0.98923E+00   0.15290E+22
   0.12810E+04   0.41830E+03   0.98943E+00   0.15293E+22
   0.12813E+04   0.41844E+03   0.98963E+00   0.15296E+22
   0.12817E+04   0.41859E+03   0.98983E+00   0.15298E+22
   0.12820E+04   0.41873E+03   0.99003E+00   0.15301E+22
   0.12824E+04   0.41887E+03   0.99023E+00   0.15304E+22
   0.12827E+04   0.41902E+03   0.99043E+00   0.15307E+22
   0.12831E+04   0.41916E+03   0.99063E+00   0.15309E+22
   0.12834E+04   0.41931E+03   0.99083E+00   0.15312E+22
   0.12838E+04   0.41945E+03   0.99103E+00   0.15315E+22
   0.12841E+04   0.41959E+03   0.99123E+00   0.15318E+22
   0.12844E+04   0.41974E+03   0.99143E+00   0.15320E+22
   0.12848E+04   0.41988E+03   0.99163E+00   0.15323E+22
   0.12851E+04   0.42002E+03   0.99183E+00   0.15326E+22
   0.12855E+04   0.42017E+03   0.99203E+00   0.15329E+22
   0.12858E+04   0.42031E+03   0.99223E+00   0.15331E+22
   0.12862E+04   0.42046E+03   0.99243E+00   0.15334E+22
   0.12865E+04   0.42060E+03   0.99263E+00   0.15337E+22
   0.12868E+04   0.42074E+03   0.99283E+00   0.15340E+22
   0.12872E+04   0.42089E+03   0.99303E+00   0.15342E+22
   0.12875E+04   0.42103E+03   0.99323E+00   0.15345E+22
   0.12879E+04   0.42118E+03   0.99343E+00   0.15348E+22
   0.12882E+04   0.42132E+03   0.99363E+00   0.15351E+22
   0.12886E+04   0.42146E+03   0.99383E+00   0.15353E+22
   0.12889E+04   0.42161E+03   0.99403E+00   0.15356E+22
   0.12893E+04   0.42175E+03   0.99423E+00   0.15359E+22
   0.12896E+04   0.42190E+03   0.99443E+00   0.15362E+22
   0.12899E+04   0.42204E+03   0.99463E+00   0.15365E+22
   0.12903E+04   0.42219E+03   0.99483E+00   0.15367E+22
   0.12906E+04   0.42233E+03   0.99503E+00   0.15370E+22
   0.12910E+04   0.42247E+03   0.99523E+00   0.15373E+22
   0.12913E+04   0.42262E+03   0.99543E+00   0.15376E+22
   0.12917E+04   0.42276E+03   0.99563E+00   0.15378E+22
   0.12920E+04   0.42291E+03   0.99583E+00   0.15381E+22
   0.12924E+04   0.42305E+03   0.99603E+00   0.15384E+22
   0.12927E+04   0.42319E+03   0.99623E+00   0.15387E+22
   0.12930E+04   0.42334E+03   0.99643E+00   0.15389E+22
   0.12934E+04   0.42348E+03   0.99663E+00   0.15392E+22
   0.12937E+04   0.42363E+03   0.99683E+00   0.15395E+22
   0.12941E+04   0.42377E+03   0.99703E+00   0.15398E+22
   0.12944E+04   0.42392E+03   0.99723E+00   0.15400E+22
   0.12948E+04   0.42406E+03   0.99743E+00   0.15403E+22
   0.12951E+04   0.42420E+03   0.99763E+00   0.15406E+22
   0.12955E+04   0.42435E+03   0.99783E+00   0.15409E+22
   0.12958E+04   0.42449E+03   0.99803E+00   0.15411E+22
   0.12961E+04   0.42464E+03   0.99823E+00   0.15414E+22
   0.12965E+04   0.42478E+03   0.99843E+00   0.15417E+22
   0.12968E+04   0.42492E+03   0.99863E+00   0.15420E+22
   0.12972E+04   0.42507E+03   0.99883E+00   0.15422E+22
   0.12975E+04   0.42521E+03   0.99903E+00   0.15425E+22
   0.12979E+04   0.42536E+03   0.99923E+00   0.15428E+22
   0.12982E+04   0.42550E+03   0.99943E+00   0.15431E+22
   0.12986E+04   0.42565E+03   0.99963E+00   0.15433E+22
   0.12989E+04   0.42579E+03   0.99983E+00   0.15436E+22
   0.12993E+04   0.42594E+03   0.10000E+01   0.15439E+22
   0.12996E+04   0.42608E+03   0.10002E+01   0.15442E+22
   0.12999E+04   0.42622E+03   0.10004E+01   0.15444E+22
   0.13003E+04   0.42637E+03   0.10006E+01   0.15447E+22
   0.13006E+04   0.42651E+03   0.10008E+01   0.15450E+22
   0.13010E+04   0.42666E+03   0.10010E+01   0.15453E+22
   0.13013E+04   0.42680E+03   0.10012E+01   0.15456E+22
   0.13017E+04   0.42695E+03   0.10014E+01   0.15458E+22
   0.13020E+04   0.42709E+03   0.10016E+01   0.15461E+22
   0.13024E+04   0.42724E+03   0.10018E+01   0.15464E+22
   0.13027E+04   0.42738E+03   0.10020E+01   0.15467E+22
   0.13030E+04   0.42752E+03   0.10022E+01   0.15469E+22
   0.13034E+04   0.42767E+03   0.10024E+01   0.15472E+22
   0.13037E+04   0.42781E+03   0.10026E+01   0.15475E+22
   0.13041E+04   0.42796E+03   0.10028E+01   0.15478E+22
   0.13044E+04   0.42810E+03   0.10030E+01   0.15480E+22
   0.13048E+04   0.42825E+03   0.10032E+01   0.15483E+22
   0.13051E+04   0.42839E+03   0.10034E+01   0.15486E+22
   0.13055E+04   0.42854E+03   0.10036E+01   0.15489E+22
   0.13058E+04   0.42868E+03   0.10038E+01   0.15491E+22
   0.13062E+04   0.42882E+03   0.10040E+01   0.15494E+22
   0.13065E+04   0.42897E+03   0.10042E+01   0.15497E+22
   0.13068E+04   0.42911E+03   0.10044E+01   0.15500E+22
   0.13072E+04   0.42926E+03   0.10046E+01   0.15502E+22
   0.13075E+04   0.42940E+03   0.10048E+01   0.15505E+22
   0.13079E+04   0.42955E+03   0.10050E+01   0.15508E+22
   0.13082E+04   0.42969E+03   0.10052E+01   0.15511E+22
   0.13086E+04   0.42984E+03   0.10054E+01   0.15514E+22
   0.13089E+04   0.42998E+03   0.10056E+01   0.15516E+22
   0.13093E+04   0.43013E+03   0.10058E+01   0.15519E+22
   0.13096E+04   0.43027E+03   0.10060E+01   0.15522E+22
   0.13100E+04   0.43042E+03   0.10062E+01   0.15525E+22
   0.13103E+04   0.43056E+03   0.10064E+01   0.15527E+22
   0.13107E+04   0.43071E+03   0.10066E+01   0.15530E+22
   0.13110E+04   0.43085E+03   0.10068E+01   0.15533E+22
   0.13113E+04   0.43099E+03   0.10070E+01   0.15536E+22
   0.13117E+04   0.43114E+03   0.10072E+01   0.15538E+22
   0.13120E+04   0.43128E+03   0.10074E+01   0.15541E+22
   0.13124E+04   0.43143E+03   0.10076E+01   0.15544E+22
   0.13127E+04   0.43157E+03   0.10078E+01   0.15547E+22
   0.13131E+04   0.43172E+03   0.10080E+01   0.15549E+22
   0.13134E+04   0.43186E+03   0.10082E+01   0.15552E+22
   0.13138E+04   0.43201E+03   0.10084E+01   0.15555E+22
   0.13141E+04   0.43215E+03   0.10086E+01   0.15558E+22
   0.13145E+04   0.43230E+03   0.10088E+01   0.15560E+22
   0.13148E+04   0.43244E+03   0.10090E+01   0.15563E+22
   0.13152E+04   0.43259E+03   0.10092E+01   0.15566E+22
   0.13155E+04   0.43273E+03   0.10094E+01   0.15569E+22
   0.13158E+04   0.43288E+03   0.10096E+01   0.15572E+22
   0.13162E+04   0.43302E+03   0.10098E+01   0.15574E+22
   0.13165E+04   0.43317E+03   0.10100E+01   0.15577E+22
   0.13169E+04   0.43331E+03   0.10102E+01   0.15580E+22
   0.13172E+04   0.43346E+03   0.10104E+01   0.15583E+22
   0.13176E+04   0.43360E+03   0.10106E+01   0.15585E+22
   0.13179E+04   0.43375E+03   0.10108E+01   0.15588E+22
   0.13183E+04   0.43389E+03   0.10110E+01   0.15591E+22
   0.13186E+04   0.43404E+03   0.10112E+01   0.15594E+22
   0.13190E+04   0.43418E+03   0.10114E+01   0.15596E+22
   0.13193E+04   0.43433E+03   0.10116E+01   0.15599E+22
   0.13197E+04   0.43447E+03   0.10118E+01   0.15602E+22
   0.13200E+04   0.43462E+03   0.10120E+01   0.15605E+22
   0.13204E+04   0.43476E+03   0.10122E+01   0.15608E+22
   0.13207E+04   0.43491E+03   0.10124E+01   0.15610E+22
   0.13210E+04   0.43505E+03   0.10126E+01   0.15613E+22
   0.13214E+04   0.43520E+03   0.10128E+01   0.15616E+22
   0.13217E+04   0.43534E+03   0.10130E+01   0.15619E+22
   0.13221E+04   0.43549E+03   0.10132E+01   0.15621E+22
   0.13224E+04   0.43563E+03   0.10134E+01   0.15624E+22
   0.13228E+04   0.43578E+03   0.10136E+01   0.15627E+22
   0.13231E+04   0.43592E+03   0.10138E+01   0.15630E+22
   0.13235E+04   0.43607E+03   0.10140E+01   0.15632E+22
   0.13238E+04   0.43621E+03   0.10142E+01   0.15635E+22
   0.13242E+04   0.43636E+03   0.10144E+01   0.15638E+22
   0.13245E+04   0.43650E+03   0.10146E+01   0.15641E+22
   0.13249E+04   0.43665E+03   0.10148E+01   0.15644E+22
   0.13252E+04   0.43679E+03   0.10150E+01   0.15646E+22
   0.13256E+04   0.43694E+03   0.10152E+01   0.15649E+22
   0.13259E+04   0.43708E+03   0.10154E+01   0.15652E+22
   0.13263E+04   0.43723E+03   0.10156E+01   0.15655E+22
   0.13266E+04   0.43737E+03   0.10158E+01   0.15657E+22
   0.13269E+04   0.43752E+03   0.10160E+01   0.15660E+22
   0.13273E+04   0.43766E+03   0.10162E+01   0.15663E+22
   0.13276E+04   0.43781E+03   0.10164E+01   0.15666E+22
   0.13280E+04   0.43795E+03   0.10166E+01   0.15668E+22
   0.13283E+04   0.43810E+03   0.10168E+01   0.15671E+22
   0.13287E+04   0.43824E+03   0.10170E+01   0.15674E+22
   0.13290E+04   0.43839E+03   0.10172E+01   0.15677E+22
   0.13294E+04   0.43853E+03   0.10174E+01   0.15680E+22
   0.13297E+04   0.43868E+03   0.10176E+01   0.15682E+22
   0.13301E+04   0.43883E+03   0.10178E+01   0.15685E+22
   0.13304E+04   0.43897E+03   0.10180E+01   0.15688E+22
   0.13308E+04   0.43912E+03   0.10182E+01   0.15691E+22
   0.13311E+04   0.43926E+03   0.10184E+01   0.15693E+22
   0.13315E+04   0.43941E+03   0.10186E+01   0.15696E+22
   0.13318E+04   0.43955E+03   0.10188E+01   0.15699E+22
   0.13322E+04   0.43970E+03   0.10190E+01   0.15702E+22
   0.13325E+04   0.43984E+03   0.10192E+01   0.15704E+22
   0.13329E+04   0.43999E+03   0.10194E+01   0.15707E+22
   0.13332E+04   0.44013E+03   0.10196E+01   0.15710E+22
   0.13336E+04   0.44028E+03   0.10198E+01   0.15713E+22
   0.13339E+04   0.44042E+03   0.10200E+01   0.15716E+22
   0.13342E+04   0.44057E+03   0.10202E+01   0.15718E+22
   0.13346E+04   0.44072E+03   0.10204E+01   0.15721E+22
   0.13349E+04   0.44086E+03   0.10206E+01   0.15724E+22
   0.13353E+04   0.44101E+03   0.10208E+01   0.15727E+22
   0.13356E+04   0.44115E+03   0.10210E+01   0.15729E+22
   0.13360E+04   0.44130E+03   0.10212E+01   0.15732E+22
   0.13363E+04   0.44144E+03   0.10214E+01   0.15735E+22
   0.13367E+04   0.44159E+03   0.10216E+01   0.15738E+22
   0.13370E+04   0.44173E+03   0.10218E+01   0.15741E+22
   0.13374E+04   0.44188E+03   0.10220E+01   0.15743E+22
   0.13377E+04   0.44202E+03   0.10222E+01   0.15746E+22
   0.13381E+04   0.44217E+03   0.10224E+01   0.15749E+22
   0.13384E+04   0.44232E+03   0.10226E+01   0.15752E+22
   0.13388E+04   0.44246E+03   0.10228E+01   0.15754E+22
   0.13391E+04   0.44261E+03   0.10230E+01   0.15757E+22
   0.13395E+04   0.44275E+03   0.10232E+01   0.15760E+22
   0.13398E+04   0.44290E+03   0.10234E+01   0.15763E+22
   0.13402E+04   0.44304E+03   0.10236E+01   0.15765E+22
   0.13405E+04   0.44319E+03   0.10238E+01   0.15768E+22
   0.13409E+04   0.44333E+03   0.10240E+01   0.15771E+22
   0.13412E+04   0.44348E+03   0.10242E+01   0.15774E+22
   0.13416E+04   0.44363E+03   0.10244E+01   0.15777E+22
   0.13419E+04   0.44377E+03   0.10246E+01   0.15779E+22
   0.13423E+04   0.44392E+03   0.10248E+01   0.15782E+22
   0.13426E+04   0.44406E+03   0.10250E+01   0.15785E+22
   0.13430E+04   0.44421E+03   0.10252E+01   0.15788E+22
   0.13433E+04   0.44435E+03   0.10254E+01   0.15790E+22
   0.13437E+04   0.44450E+03   0.10256E+01   0.15793E+22
   0.13440E+04   0.44465E+03   0.10258E+01   0.15796E+22
   0.13443E+04   0.44479E+03   0.10260E+01   0.15799E+22
   0.13447E+04   0.44494E+03   0.10262E+01   0.15802E+22
   0.13450E+04   0.44508E+03   0.10264E+01   0.15804E+22
   0.13454E+04   0.44523E+03   0.10266E+01   0.15807E+22
   0.13457E+04   0.44537E+03   0.10268E+01   0.15810E+22
   0.13461E+04   0.44552E+03   0.10270E+01   0.15813E+22
   0.13464E+04   0.44567E+03   0.10272E+01   0.15815E+22
   0.13468E+04   0.44581E+03   0.10274E+01   0.15818E+22
   0.13471E+04   0.44596E+03   0.10276E+01   0.15821E+22
   0.13475E+04   0.44610E+03   0.10278E+01   0.15824E+22
   0.13478E+04   0.44625E+03   0.10280E+01   0.15827E+22
   0.13482E+04   0.44639E+03   0.10282E+01   0.15829E+22
   0.13485E+04   0.44654E+03   0.10284E+01   0.15832E+22
   0.13489E+04   0.44669E+03   0.10286E+01   0.15835E+22
   0.13492E+04   0.44683E+03   0.10288E+01   0.15838E+22
   0.13496E+04   0.44698E+03   0.10290E+01   0.15840E+22
   0.13499E+04   0.44712E+03   0.10292E+01   0.15843E+22
   0.13503E+04   0.44727E+03   0.10294E+01   0.15846E+22
   0.13506E+04   0.44742E+03   0.10296E+01   0.15849E+22
   0.13510E+04   0.44756E+03   0.10298E+01   0.15852E+22
   0.13513E+04   0.44771E+03   0.10300E+01   0.15854E+22
   0.13517E+04   0.44785E+03   0.10302E+01   0.15857E+22
   0.13520E+04   0.44800E+03   0.10304E+01   0.15860E+22
   0.13524E+04   0.44815E+03   0.10306E+01   0.15863E+22
   0.13527E+04   0.44829E+03   0.10308E+01   0.15865E+22
   0.13531E+04   0.44844E+03   0.10310E+01   0.15868E+22
   0.13534E+04   0.44858E+03   0.10312E+01   0.15871E+22
   0.13538E+04   0.44873E+03   0.10314E+01   0.15874E+22
   0.13541E+04   0.44888E+03   0.10316E+01   0.15877E+22
   0.13545E+04   0.44902E+03   0.10318E+01   0.15879E+22
   0.13548E+04   0.44917E+03   0.10320E+01   0.15882E+22
   0.13552E+04   0.44931E+03   0.10322E+01   0.15885E+22
   0.13555E+04   0.44946E+03   0.10324E+01   0.15888E+22
   0.13559E+04   0.44961E+03   0.10326E+01   0.15890E+22
   0.13562E+04   0.44975E+03   0.10328E+01   0.15893E+22
   0.13566E+04   0.44990E+03   0.10330E+01   0.15896E+22
   0.13569E+04   0.45004E+03   0.10332E+01   0.15899E+22
   0.13573E+04   0.45019E+03   0.10334E+01   0.15902E+22
   0.13576E+04   0.45034E+03   0.10336E+01   0.15904E+22
   0.13580E+04   0.45048E+03   0.10338E+01   0.15907E+22
   0.13583E+04   0.45063E+03   0.10340E+01   0.15910E+22
   0.13587E+04   0.45077E+03   0.10342E+01   0.15913E+22
   0.13590E+04   0.45092E+03   0.10344E+01   0.15916E+22
   0.13594E+04   0.45107E+03   0.10346E+01   0.15918E+22
   0.13597E+04   0.45121E+03   0.10348E+01   0.15921E+22
   0.13601E+04   0.45136E+03   0.10350E+01   0.15924E+22
   0.13604E+04   0.45150E+03   0.10352E+01   0.15927E+22
   0.13608E+04   0.45165E+03   0.10354E+01   0.15929E+22
   0.13611E+04   0.45180E+03   0.10356E+01   0.15932E+22
   0.13615E+04   0.45194E+03   0.10358E+01   0.15935E+22
   0.13618E+04   0.45209E+03   0.10360E+01   0.15938E+22
   0.13622E+04   0.45224E+03   0.10362E+01   0.15941E+22
   0.13625E+04   0.45238E+03   0.10364E+01   0.15943E+22
   0.13629E+04   0.45253E+03   0.10366E+01   0.15946E+22
   0.13632E+04   0.45267E+03   0.10368E+01   0.15949E+22
   0.13636E+04   0.45282E+03   0.10370E+01   0.15952E+22
   0.13639E+04   0.45297E+03   0.10372E+01   0.15954E+22
   0.13643E+04   0.45311E+03   0.10374E+01   0.15957E+22
   0.13646E+04   0.45326E+03   0.10376E+01   0.15960E+22
   0.13650E+04   0.45341E+03   0.10378E+01   0.15963E+22
   0.13653E+04   0.45355E+03   0.10380E+01   0.15966E+22
   0.13657E+04   0.45370E+03   0.10382E+01   0.15968E+22
   0.13660E+04   0.45384E+03   0.10384E+01   0.15971E+22
   0.13664E+04   0.45399E+03   0.10386E+01   0.15974E+22
   0.13667E+04   0.45414E+03   0.10388E+01   0.15977E+22
   0.13671E+04   0.45428E+03   0.10390E+01   0.15980E+22
   0.13674E+04   0.45443E+03   0.10392E+01   0.15982E+22
   0.13678E+04   0.45458E+03   0.10394E+01   0.15985E+22
   0.13681E+04   0.45472E+03   0.10396E+01   0.15988E+22
   0.13685E+04   0.45487E+03   0.10398E+01   0.15991E+22
   0.13688E+04   0.45502E+03   0.10400E+01   0.15993E+22
   0.13692E+04   0.45516E+03   0.10402E+01   0.15996E+22
   0.13695E+04   0.45531E+03   0.10404E+01   0.15999E+22
   0.13699E+04   0.45546E+03   0.10406E+01   0.16002E+22
   0.13702E+04   0.45560E+03   0.10408E+01   0.16005E+22
   0.13706E+04   0.45575E+03   0.10410E+01   0.16007E+22
   0.13709E+04   0.45589E+03   0.10412E+01   0.16010E+22
   0.13713E+04   0.45604E+03   0.10414E+01   0.16013E+22
   0.13716E+04   0.45619E+03   0.10416E+01   0.16016E+22
   0.13720E+04   0.45633E+03   0.10418E+01   0.16019E+22
   0.13723E+04   0.45648E+03   0.10420E+01   0.16021E+22
   0.13727E+04   0.45663E+03   0.10422E+01   0.16024E+22
   0.13730E+04   0.45677E+03   0.10424E+01   0.16027E+22
   0.13734E+04   0.45692E+03   0.10426E+01   0.16030E+22
   0.13737E+04   0.45707E+03   0.10428E+01   0.16032E+22
   0.13741E+04   0.45721E+03   0.10430E+01   0.16035E+22
   0.13744E+04   0.45736E+03   0.10432E+01   0.16038E+22
   0.13748E+04   0.45751E+03   0.10434E+01   0.16041E+22
   0.13751E+04   0.45765E+03   0.10436E+01   0.16044E+22
   0.13755E+04   0.45780E+03   0.10438E+01   0.16046E+22
   0.13759E+04   0.45795E+03   0.10440E+01   0.16049E+22
   0.13762E+04   0.45809E+03   0.10442E+01   0.16052E+22
   0.13766E+04   0.45824E+03   0.10444E+01   0.16055E+22
   0.13769E+04   0.45839E+03   0.10446E+01   0.16058E+22
   0.13773E+04   0.45853E+03   0.10448E+01   0.16060E+22
   0.13776E+04   0.45868E+03   0.10450E+01   0.16063E+22
   0.13780E+04   0.45883E+03   0.10452E+01   0.16066E+22
   0.13783E+04   0.45897E+03   0.10454E+01   0.16069E+22
   0.13787E+04   0.45912E+03   0.10456E+01   0.16071E+22
   0.13790E+04   0.45927E+03   0.10458E+01   0.16074E+22
   0.13794E+04   0.45941E+03   0.10460E+01   0.16077E+22
   0.13797E+04   0.45956E+03   0.10462E+01   0.16080E+22
   0.13801E+04   0.45971E+03   0.10464E+01   0.16083E+22
   0.13804E+04   0.45985E+03   0.10466E+01   0.16085E+22
   0.13808E+04   0.46000E+03   0.10468E+01   0.16088E+22
   0.13811E+04   0.46015E+03   0.10470E+01   0.16091E+22
   0.13815E+04   0.46029E+03   0.10472E+01   0.16094E+22
   0.13818E+04   0.46044E+03   0.10474E+01   0.16097E+22
   0.13822E+04   0.46059E+03   0.10476E+01   0.16099E+22
   0.13825E+04   0.46073E+03   0.10478E+01   0.16102E+22
   0.13829E+04   0.46088E+03   0.10480E+01   0.16105E+22
   0.13832E+04   0.46103E+03   0.10482E+01   0.16108E+22
   0.13836E+04   0.46117E+03   0.10484E+01   0.16111E+22
   0.13839E+04   0.46132E+03   0.10486E+01   0.16113E+22
   0.13843E+04   0.46147E+03   0.10488E+01   0.16116E+22
   0.13846E+04   0.46161E+03   0.10490E+01   0.16119E+22
   0.13850E+04   0.46176E+03   0.10492E+01   0.16122E+22
   0.13853E+04   0.46191E+03   0.10494E+01   0.16124E+22
   0.13857E+04   0.46206E+03   0.10496E+01   0.16127E+22
   0.13860E+04   0.46220E+03   0.10498E+01   0.16130E+22
   0.13864E+04   0.46235E+03   0.10500E+01   0.16133E+22
   0.13868E+04   0.46250E+03   0.10502E+01   0.16136E+22
   0.13871E+04   0.46264E+03   0.10504E+01   0.16138E+22
   0.13875E+04   0.46279E+03   0.10506E+01   0.16141E+22
   0.13878E+04   0.46294E+03   0.10508E+01   0.16144E+22
   0.13882E+04   0.46308E+03   0.10510E+01   0.16147E+22
   0.13885E+04   0.46323E+03   0.10512E+01   0.16150E+22
   0.13889E+04   0.46338E+03   0.10514E+01   0.16152E+22
   0.13892E+04   0.46353E+03   0.10516E+01   0.16155E+22
   0.13896E+04   0.46367E+03   0.10518E+01   0.16158E+22
   0.13899E+04   0.46382E+03   0.10520E+01   0.16161E+22
   0.13903E+04   0.46397E+03   0.10522E+01   0.16164E+22
   0.13906E+04   0.46411E+03   0.10524E+01   0.16166E+22
   0.13910E+04   0.46426E+03   0.10526E+01   0.16169E+22
   0.13913E+04   0.46441E+03   0.10528E+01   0.16172E+22
   0.13917E+04   0.46455E+03   0.10530E+01   0.16175E+22
   0.13920E+04   0.46470E+03   0.10532E+01   0.16178E+22
   0.13924E+04   0.46485E+03   0.10534E+01   0.16180E+22
   0.13927E+04   0.46500E+03   0.10536E+01   0.16183E+22
   0.13931E+04   0.46514E+03   0.10538E+01   0.16186E+22
   0.13934E+04   0.46529E+03   0.10540E+01   0.16189E+22
   0.13938E+04   0.46544E+03   0.10542E+01   0.16191E+22
   0.13942E+04   0.46558E+03   0.10544E+01   0.16194E+22
   0.13945E+04   0.46573E+03   0.10546E+01   0.16197E+22
   0.13949E+04   0.46588E+03   0.10548E+01   0.16200E+22
   0.13952E+04   0.46603E+03   0.10550E+01   0.16203E+22
   0.13956E+04   0.46617E+03   0.10552E+01   0.16205E+22
   0.13959E+04   0.46632E+03   0.10554E+01   0.16208E+22
   0.13963E+04   0.46647E+03   0.10556E+01   0.16211E+22
   0.13966E+04   0.46661E+03   0.10558E+01   0.16214E+22
   0.13970E+04   0.46676E+03   0.10560E+01   0.16217E+22
   0.13973E+04   0.46691E+03   0.10562E+01   0.16219E+22
   0.13977E+04   0.46706E+03   0.10564E+01   0.16222E+22
   0.13980E+04   0.46720E+03   0.10566E+01   0.16225E+22
   0.13984E+04   0.46735E+03   0.10568E+01   0.16228E+22
   0.13987E+04   0.46750E+03   0.10570E+01   0.16231E+22
   0.13991E+04   0.46764E+03   0.10572E+01   0.16233E+22
   0.13994E+04   0.46779E+03   0.10574E+01   0.16236E+22
   0.13998E+04   0.46794E+03   0.10576E+01   0.16239E+22
   0.14002E+04   0.46809E+03   0.10578E+01   0.16242E+22
   0.14005E+04   0.46823E+03   0.10580E+01   0.16245E+22
   0.14009E+04   0.46838E+03   0.10582E+01   0.16247E+22
   0.14012E+04   0.46853E+03   0.10584E+01   0.16250E+22
   0.14016E+04   0.46868E+03   0.10586E+01   0.16253E+22
   0.14019E+04   0.46882E+03   0.10588E+01   0.16256E+22
   0.14023E+04   0.46897E+03   0.10590E+01   0.16259E+22
   0.14026E+04   0.46912E+03   0.10592E+01   0.16261E+22
   0.14030E+04   0.46927E+03   0.10594E+01   0.16264E+22
   0.14033E+04   0.46941E+03   0.10596E+01   0.16267E+22
   0.14037E+04   0.46956E+03   0.10598E+01   0.16270E+22
   0.14040E+04   0.46971E+03   0.10600E+01   0.16273E+22
   0.14044E+04   0.46986E+03   0.10602E+01   0.16275E+22
   0.14048E+04   0.47000E+03   0.10604E+01   0.16278E+22
   0.14051E+04   0.47015E+03   0.10606E+01   0.16281E+22
   0.14055E+04   0.47030E+03   0.10608E+01   0.16284E+22
   0.14058E+04   0.47044E+03   0.10610E+01   0.16287E+22
   0.14062E+04   0.47059E+03   0.10612E+01   0.16289E+22
   0.14065E+04   0.47074E+03   0.10614E+01   0.16292E+22
   0.14069E+04   0.47089E+03   0.10616E+01   0.16295E+22
   0.14072E+04   0.47103E+03   0.10618E+01   0.16298E+22
   0.14076E+04   0.47118E+03   0.10620E+01   0.16301E+22
   0.14079E+04   0.47133E+03   0.10622E+01   0.16303E+22
   0.14083E+04   0.47148E+03   0.10624E+01   0.16306E+22
   0.14086E+04   0.47162E+03   0.10626E+01   0.16309E+22
   0.14090E+04   0.47177E+03   0.10628E+01   0.16312E+22
   0.14093E+04   0.47192E+03   0.10630E+01   0.16315E+22
   0.14097E+04   0.47207E+03   0.10632E+01   0.16317E+22
   0.14101E+04   0.47222E+03   0.10634E+01   0.16320E+22
   0.14104E+04   0.47236E+03   0.10636E+01   0.16323E+22
   0.14108E+04   0.47251E+03   0.10638E+01   0.16326E+22
   0.14111E+04   0.47266E+03   0.10640E+01   0.16329E+22
   0.14115E+04   0.47281E+03   0.10642E+01   0.16331E+22
   0.14118E+04   0.47295E+03   0.10644E+01   0.16334E+22
   0.14122E+04   0.47310E+03   0.10646E+01   0.16337E+22
   0.14125E+04   0.47325E+03   0.10648E+01   0.16340E+22
   0.14129E+04   0.47340E+03   0.10650E+01   0.16343E+22
   0.14132E+04   0.47354E+03   0.10652E+01   0.16345E+22
   0.14136E+04   0.47369E+03   0.10654E+01   0.16348E+22
   0.14140E+04   0.47384E+03   0.10656E+01   0.16351E+22
   0.14143E+04   0.47399E+03   0.10658E+01   0.16354E+22
   0.14147E+04   0.47413E+03   0.10660E+01   0.16357E+22
   0.14150E+04   0.47428E+03   0.10662E+01   0.16359E+22
   0.14154E+04   0.47443E+03   0.10664E+01   0.16362E+22
   0.14157E+04   0.47458E+03   0.10666E+01   0.16365E+22
   0.14161E+04   0.47473E+03   0.10668E+01   0.16368E+22
   0.14164E+04   0.47487E+03   0.10670E+01   0.16371E+22
   0.14168E+04   0.47502E+03   0.10672E+01   0.16373E+22
   0.14171E+04   0.47517E+03   0.10674E+01   0.16376E+22
   0.14175E+04   0.47532E+03   0.10676E+01   0.16379E+22
   0.14179E+04   0.47546E+03   0.10678E+01   0.16382E+22
   0.14182E+04   0.47561E+03   0.10680E+01   0.16385E+22
   0.14186E+04   0.47576E+03   0.10682E+01   0.16387E+22
   0.14189E+04   0.47591E+03   0.10684E+01   0.16390E+22
   0.14193E+04   0.47606E+03   0.10686E+01   0.16393E+22
   0.14196E+04   0.47620E+03   0.10688E+01   0.16396E+22
   0.14200E+04   0.47635E+03   0.10690E+01   0.16399E+22
   0.14203E+04   0.47650E+03   0.10692E+01   0.16401E+22
   0.14207E+04   0.47665E+03   0.10694E+01   0.16404E+22
   0.14210E+04   0.47679E+03   0.10696E+01   0.16407E+22
   0.14214E+04   0.47694E+03   0.10698E+01   0.16410E+22
   0.14218E+04   0.47709E+03   0.10700E+01   0.16413E+22
   0.14221E+04   0.47724E+03   0.10702E+01   0.16415E+22
   0.14225E+04   0.47739E+03   0.10704E+01   0.16418E+22
   0.14228E+04   0.47753E+03   0.10706E+01   0.16421E+22
   0.14232E+04   0.47768E+03   0.10708E+01   0.16424E+22
   0.14235E+04   0.47783E+03   0.10710E+01   0.16427E+22
   0.14239E+04   0.47798E+03   0.10712E+01   0.16429E+22
   0.14242E+04   0.47813E+03   0.10714E+01   0.16432E+22
   0.14246E+04   0.47827E+03   0.10716E+01   0.16435E+22
   0.14249E+04   0.47842E+03   0.10718E+01   0.16438E+22
   0.14253E+04   0.47857E+03   0.10720E+01   0.16441E+22
   0.14257E+04   0.47872E+03   0.10722E+01   0.16443E+22
   0.14260E+04   0.47887E+03   0.10724E+01   0.16446E+22
   0.14264E+04   0.47901E+03   0.10726E+01   0.16449E+22
   0.14267E+04   0.47916E+03   0.10728E+01   0.16452E+22
   0.14271E+04   0.47931E+03   0.10730E+01   0.16455E+22
   0.14274E+04   0.47946E+03   0.10732E+01   0.16457E+22
   0.14278E+04   0.47961E+03   0.10734E+01   0.16460E+22
   0.14281E+04   0.47975E+03   0.10736E+01   0.16463E+22
   0.14285E+04   0.47990E+03   0.10738E+01   0.16466E+22
   0.14289E+04   0.48005E+03   0.10740E+01   0.16469E+22
   0.14292E+04   0.48020E+03   0.10742E+01   0.16471E+22
   0.14296E+04   0.48035E+03   0.10744E+01   0.16474E+22
   0.14299E+04   0.48049E+03   0.10746E+01   0.16477E+22
   0.14303E+04   0.48064E+03   0.10748E+01   0.16480E+22
   0.14306E+04   0.48079E+03   0.10750E+01   0.16483E+22
   0.14310E+04   0.48094E+03   0.10752E+01   0.16485E+22
   0.14313E+04   0.48109E+03   0.10754E+01   0.16488E+22
   0.14317E+04   0.48124E+03   0.10756E+01   0.16491E+22
   0.14321E+04   0.48138E+03   0.10758E+01   0.16494E+22
   0.14324E+04   0.48153E+03   0.10760E+01   0.16497E+22
   0.14328E+04   0.48168E+03   0.10762E+01   0.16499E+22
   0.14331E+04   0.48183E+03   0.10764E+01   0.16502E+22
   0.14335E+04   0.48198E+03   0.10766E+01   0.16505E+22
   0.14338E+04   0.48212E+03   0.10768E+01   0.16508E+22
   0.14342E+04   0.48227E+03   0.10770E+01   0.16511E+22
   0.14345E+04   0.48242E+03   0.10772E+01   0.16513E+22
   0.14349E+04   0.48257E+03   0.10774E+01   0.16516E+22
   0.14353E+04   0.48272E+03   0.10776E+01   0.16519E+22
   0.14356E+04   0.48287E+03   0.10778E+01   0.16522E+22
   0.14360E+04   0.48301E+03   0.10780E+01   0.16525E+22
   0.14363E+04   0.48316E+03   0.10782E+01   0.16528E+22
   0.14367E+04   0.48331E+03   0.10784E+01   0.16530E+22
   0.14370E+04   0.48346E+03   0.10786E+01   0.16533E+22
   0.14374E+04   0.48361E+03   0.10788E+01   0.16536E+22
   0.14378E+04   0.48376E+03   0.10790E+01   0.16539E+22
   0.14381E+04   0.48390E+03   0.10792E+01   0.16542E+22
   0.14385E+04   0.48405E+03   0.10794E+01   0.16544E+22
   0.14388E+04   0.48420E+03   0.10796E+01   0.16547E+22
   0.14392E+04   0.48435E+03   0.10798E+01   0.16550E+22
   0.14395E+04   0.48450E+03   0.10800E+01   0.16553E+22
   0.14399E+04   0.48465E+03   0.10802E+01   0.16556E+22
   0.14402E+04   0.48479E+03   0.10804E+01   0.16558E+22
   0.14406E+04   0.48494E+03   0.10806E+01   0.16561E+22
   0.14410E+04   0.48509E+03   0.10808E+01   0.16564E+22
   0.14413E+04   0.48524E+03   0.10810E+01   0.16567E+22
   0.14417E+04   0.48539E+03   0.10812E+01   0.16570E+22
   0.14420E+04   0.48554E+03   0.10814E+01   0.16572E+22
   0.14424E+04   0.48569E+03   0.10816E+01   0.16575E+22
   0.14427E+04   0.48583E+03   0.10818E+01   0.16578E+22
   0.14431E+04   0.48598E+03   0.10820E+01   0.16581E+22
   0.14435E+04   0.48613E+03   0.10822E+01   0.16584E+22
   0.14438E+04   0.48628E+03   0.10824E+01   0.16586E+22
   0.14442E+04   0.48643E+03   0.10826E+01   0.16589E+22
   0.14445E+04   0.48658E+03   0.10828E+01   0.16592E+22
   0.14449E+04   0.48672E+03   0.10830E+01   0.16595E+22
   0.14452E+04   0.48687E+03   0.10832E+01   0.16598E+22
   0.14456E+04   0.48702E+03   0.10834E+01   0.16601E+22
   0.14460E+04   0.48717E+03   0.10836E+01   0.16603E+22
   0.14463E+04   0.48732E+03   0.10838E+01   0.16606E+22
   0.14467E+04   0.48747E+03   0.10840E+01   0.16609E+22
   0.14470E+04   0.48762E+03   0.10842E+01   0.16612E+22
   0.14474E+04   0.48776E+03   0.10844E+01   0.16615E+22
   0.14477E+04   0.48791E+03   0.10846E+01   0.16617E+22
   0.14481E+04   0.48806E+03   0.10848E+01   0.16620E+22
   0.14485E+04   0.48821E+03   0.10850E+01   0.16623E+22
   0.14488E+04   0.48836E+03   0.10852E+01   0.16626E+22
   0.14492E+04   0.48851E+03   0.10854E+01   0.16629E+22
   0.14495E+04   0.48866E+03   0.10856E+01   0.16631E+22
   0.14499E+04   0.48880E+03   0.10858E+01   0.16634E+22
   0.14502E+04   0.48895E+03   0.10860E+01   0.16637E+22
   0.14506E+04   0.48910E+03   0.10862E+01   0.16640E+22
   0.14509E+04   0.48925E+03   0.10864E+01   0.16643E+22
   0.14513E+04   0.48940E+03   0.10866E+01   0.16646E+22
   0.14517E+04   0.48955E+03   0.10868E+01   0.16648E+22
   0.14520E+04   0.48970E+03   0.10870E+01   0.16651E+22
   0.14524E+04   0.48985E+03   0.10872E+01   0.16654E+22
   0.14527E+04   0.48999E+03   0.10874E+01   0.16657E+22
   0.14531E+04   0.49014E+03   0.10876E+01   0.16660E+22
   0.14535E+04   0.49029E+03   0.10878E+01   0.16662E+22
   0.14538E+04   0.49044E+03   0.10880E+01   0.16665E+22
   0.14542E+04   0.49059E+03   0.10882E+01   0.16668E+22
   0.14545E+04   0.49074E+03   0.10884E+01   0.16671E+22
   0.14549E+04   0.49089E+03   0.10886E+01   0.16674E+22
   0.14552E+04   0.49104E+03   0.10888E+01   0.16676E+22
   0.14556E+04   0.49118E+03   0.10890E+01   0.16679E+22
   0.14560E+04   0.49133E+03   0.10892E+01   0.16682E+22
   0.14563E+04   0.49148E+03   0.10894E+01   0.16685E+22
   0.14567E+04   0.49163E+03   0.10896E+01   0.16688E+22
   0.14570E+04   0.49178E+03   0.10898E+01   0.16691E+22
   0.14574E+04   0.49193E+03   0.10900E+01   0.16693E+22
   0.14577E+04   0.49208E+03   0.10902E+01   0.16696E+22
   0.14581E+04   0.49223E+03   0.10904E+01   0.16699E+22
   0.14585E+04   0.49238E+03   0.10906E+01   0.16702E+22
   0.14588E+04   0.49252E+03   0.10908E+01   0.16705E+22
   0.14592E+04   0.49267E+03   0.10910E+01   0.16707E+22
   0.14595E+04   0.49282E+03   0.10912E+01   0.16710E+22
   0.14599E+04   0.49297E+03   0.10914E+01   0.16713E+22
   0.14602E+04   0.49312E+03   0.10916E+01   0.16716E+22
   0.14606E+04   0.49327E+03   0.10918E+01   0.16719E+22
   0.14610E+04   0.49342E+03   0.10920E+01   0.16721E+22
   0.14613E+04   0.49357E+03   0.10922E+01   0.16724E+22
   0.14617E+04   0.49372E+03   0.10924E+01   0.16727E+22
   0.14620E+04   0.49386E+03   0.10926E+01   0.16730E+22
   0.14624E+04   0.49401E+03   0.10928E+01   0.16733E+22
   0.14628E+04   0.49416E+03   0.10930E+01   0.16736E+22
   0.14631E+04   0.49431E+03   0.10932E+01   0.16738E+22
   0.14635E+04   0.49446E+03   0.10934E+01   0.16741E+22
   0.14638E+04   0.49461E+03   0.10936E+01   0.16744E+22
   0.14642E+04   0.49476E+03   0.10938E+01   0.16747E+22
   0.14645E+04   0.49491E+03   0.10940E+01   0.16750E+22
   0.14649E+04   0.49506E+03   0.10942E+01   0.16752E+22
   0.14653E+04   0.49521E+03   0.10944E+01   0.16755E+22
   0.14656E+04   0.49536E+03   0.10946E+01   0.16758E+22
   0.14660E+04   0.49550E+03   0.10948E+01   0.16761E+22
   0.14663E+04   0.49565E+03   0.10950E+01   0.16764E+22
   0.14667E+04   0.49580E+03   0.10952E+01   0.16767E+22
   0.14671E+04   0.49595E+03   0.10954E+01   0.16769E+22
   0.14674E+04   0.49610E+03   0.10956E+01   0.16772E+22
   0.14678E+04   0.49625E+03   0.10958E+01   0.16775E+22
   0.14681E+04   0.49640E+03   0.10960E+01   0.16778E+22
   0.14685E+04   0.49655E+03   0.10962E+01   0.16781E+22
   0.14688E+04   0.49670E+03   0.10964E+01   0.16783E+22
   0.14692E+04   0.49685E+03   0.10966E+01   0.16786E+22
   0.14696E+04   0.49700E+03   0.10968E+01   0.16789E+22
   0.14699E+04   0.49714E+03   0.10970E+01   0.16792E+22
   0.14703E+04   0.49729E+03   0.10972E+01   0.16795E+22
   0.14706E+04   0.49744E+03   0.10974E+01   0.16797E+22
   0.14710E+04   0.49759E+03   0.10976E+01   0.16800E+22
   0.14714E+04   0.49774E+03   0.10978E+01   0.16803E+22
   0.14717E+04   0.49789E+03   0.10980E+01   0.16806E+22
   0.14721E+04   0.49804E+03   0.10982E+01   0.16809E+22
   0.14724E+04   0.49819E+03   0.10984E+01   0.16812E+22
   0.14728E+04   0.49834E+03   0.10986E+01   0.16814E+22
   0.14731E+04   0.49849E+03   0.10988E+01   0.16817E+22
   0.14735E+04   0.49864E+03   0.10990E+01   0.16820E+22
   0.14739E+04   0.49879E+03   0.10992E+01   0.16823E+22
   0.14742E+04   0.49894E+03   0.10994E+01   0.16826E+22
   0.14746E+04   0.49909E+03   0.10996E+01   0.16828E+22
   0.14749E+04   0.49923E+03   0.10998E+01   0.16831E+22
   0.14753E+04   0.49938E+03   0.11000E+01   0.16834E+22
   0.14757E+04   0.49953E+03   0.11002E+01   0.16837E+22
   0.14760E+04   0.49968E+03   0.11004E+01   0.16840E+22
   0.14764E+04   0.49983E+03   0.11006E+01   0.16843E+22
   0.14767E+04   0.49998E+03   0.11008E+01   0.16845E+22
   0.14771E+04   0.50013E+03   0.11010E+01   0.16848E+22
   0.14775E+04   0.50028E+03   0.11012E+01   0.16851E+22
   0.14778E+04   0.50043E+03   0.11014E+01   0.16854E+22
   0.14782E+04   0.50058E+03   0.11016E+01   0.16857E+22
   0.14785E+04   0.50073E+03   0.11018E+01   0.16859E+22
   0.14789E+04   0.50088E+03   0.11020E+01   0.16862E+22
   0.14793E+04   0.50103E+03   0.11022E+01   0.16865E+22
   0.14796E+04   0.50118E+03   0.11024E+01   0.16868E+22
   0.14800E+04   0.50133E+03   0.11026E+01   0.16871E+22
   0.14803E+04   0.50148E+03   0.11028E+01   0.16874E+22
   0.14807E+04   0.50162E+03   0.11030E+01   0.16876E+22
   0.14810E+04   0.50177E+03   0.11032E+01   0.16879E+22
   0.14814E+04   0.50192E+03   0.11034E+01   0.16882E+22
   0.14818E+04   0.50207E+03   0.11036E+01   0.16885E+22
   0.14821E+04   0.50222E+03   0.11038E+01   0.16888E+22
   0.14825E+04   0.50237E+03   0.11040E+01   0.16891E+22
   0.14828E+04   0.50252E+03   0.11042E+01   0.16893E+22
   0.14832E+04   0.50267E+03   0.11044E+01   0.16896E+22
   0.14836E+04   0.50282E+03   0.11046E+01   0.16899E+22
   0.14839E+04   0.50297E+03   0.11048E+01   0.16902E+22
   0.14843E+04   0.50312E+03   0.11050E+01   0.16905E+22
   0.14846E+04   0.50327E+03   0.11052E+01   0.16907E+22
   0.14850E+04   0.50342E+03   0.11054E+01   0.16910E+22
   0.14854E+04   0.50357E+03   0.11056E+01   0.16913E+22
   0.14857E+04   0.50372E+03   0.11058E+01   0.16916E+22
   0.14861E+04   0.50387E+03   0.11060E+01   0.16919E+22
   0.14864E+04   0.50402E+03   0.11062E+01   0.16922E+22
   0.14868E+04   0.50417E+03   0.11064E+01   0.16924E+22
   0.14872E+04   0.50432E+03   0.11066E+01   0.16927E+22
   0.14875E+04   0.50447E+03   0.11068E+01   0.16930E+22
   0.14879E+04   0.50462E+03   0.11070E+01   0.16933E+22
   0.14882E+04   0.50477E+03   0.11072E+01   0.16936E+22
   0.14886E+04   0.50492E+03   0.11074E+01   0.16938E+22
   0.14890E+04   0.50507E+03   0.11076E+01   0.16941E+22
   0.14893E+04   0.50521E+03   0.11078E+01   0.16944E+22
   0.14897E+04   0.50536E+03   0.11080E+01   0.16947E+22
   0.14900E+04   0.50551E+03   0.11082E+01   0.16950E+22
   0.14904E+04   0.50566E+03   0.11084E+01   0.16953E+22
   0.14908E+04   0.50581E+03   0.11086E+01   0.16955E+22
   0.14911E+04   0.50596E+03   0.11088E+01   0.16958E+22
   0.14915E+04   0.50611E+03   0.11090E+01   0.16961E+22
   0.14918E+04   0.50626E+03   0.11092E+01   0.16964E+22
   0.14922E+04   0.50641E+03   0.11094E+01   0.16967E+22
   0.14926E+04   0.50656E+03   0.11096E+01   0.16970E+22
   0.14929E+04   0.50671E+03   0.11098E+01   0.16972E+22
   0.14933E+04   0.50686E+03   0.11100E+01   0.16975E+22
   0.14936E+04   0.50701E+03   0.11102E+01   0.16978E+22
   0.14940E+04   0.50716E+03   0.11104E+01   0.16981E+22
   0.14944E+04   0.50731E+03   0.11106E+01   0.16984E+22
   0.14947E+04   0.50746E+03   0.11108E+01   0.16986E+22
   0.14951E+04   0.50761E+03   0.11110E+01   0.16989E+22
   0.14954E+04   0.50776E+03   0.11112E+01   0.16992E+22
   0.14958E+04   0.50791E+03   0.11114E+01   0.16995E+22
   0.14962E+04   0.50806E+03   0.11116E+01   0.16998E+22
   0.14965E+04   0.50821E+03   0.11118E+01   0.17001E+22
   0.14969E+04   0.50836E+03   0.11120E+01   0.17003E+22
   0.14973E+04   0.50851E+03   0.11122E+01   0.17006E+22
   0.14976E+04   0.50866E+03   0.11124E+01   0.17009E+22
   0.14980E+04   0.50881E+03   0.11126E+01   0.17012E+22
   0.14983E+04   0.50896E+03   0.11128E+01   0.17015E+22
   0.14987E+04   0.50911E+03   0.11130E+01   0.17018E+22
   0.14991E+04   0.50926E+03   0.11132E+01   0.17020E+22
   0.14994E+04   0.50941E+03   0.11134E+01   0.17023E+22
   0.14998E+04   0.50956E+03   0.11136E+01   0.17026E+22
   0.15001E+04   0.50971E+03   0.11138E+01   0.17029E+22
   0.15005E+04   0.50986E+03   0.11140E+01   0.17032E+22
   0.15009E+04   0.51001E+03   0.11142E+01   0.17034E+22
   0.15012E+04   0.51016E+03   0.11144E+01   0.17037E+22
   0.15016E+04   0.51031E+03   0.11146E+01   0.17040E+22
   0.15019E+04   0.51046E+03   0.11148E+01   0.17043E+22
   0.15023E+04   0.51061E+03   0.11150E+01   0.17046E+22
   0.15027E+04   0.51076E+03   0.11152E+01   0.17049E+22
   0.15030E+04   0.51091E+03   0.11154E+01   0.17051E+22
   0.15034E+04   0.51106E+03   0.11156E+01   0.17054E+22
   0.15037E+04   0.51121E+03   0.11158E+01   0.17057E+22
   0.15041E+04   0.51136E+03   0.11160E+01   0.17060E+22
   0.15045E+04   0.51151E+03   0.11162E+01   0.17063E+22
   0.15048E+04   0.51166E+03   0.11164E+01   0.17066E+22
   0.15052E+04   0.51181E+03   0.11166E+01   0.17068E+22
   0.15056E+04   0.51196E+03   0.11168E+01   0.17071E+22
   0.15059E+04   0.51211E+03   0.11170E+01   0.17074E+22
   0.15063E+04   0.51226E+03   0.11172E+01   0.17077E+22
   0.15066E+04   0.51241E+03   0.11174E+01   0.17080E+22
   0.15070E+04   0.51256E+03   0.11176E+01   0.17083E+22
   0.15074E+04   0.51271E+03   0.11178E+01   0.17085E+22
   0.15077E+04   0.51286E+03   0.11180E+01   0.17088E+22
   0.15081E+04   0.51301E+03   0.11182E+01   0.17091E+22
   0.15084E+04   0.51316E+03   0.11184E+01   0.17094E+22
   0.15088E+04   0.51331E+03   0.11186E+01   0.17097E+22
   0.15092E+04   0.51346E+03   0.11188E+01   0.17100E+22
   0.15095E+04   0.51361E+03   0.11190E+01   0.17102E+22
   0.15099E+04   0.51376E+03   0.11192E+01   0.17105E+22
   0.15103E+04   0.51391E+03   0.11194E+01   0.17108E+22
   0.15106E+04   0.51406E+03   0.11196E+01   0.17111E+22
   0.15110E+04   0.51421E+03   0.11198E+01   0.17114E+22
   0.15113E+04   0.51436E+03   0.11200E+01   0.17116E+22
   0.15117E+04   0.51451E+03   0.11202E+01   0.17119E+22
   0.15121E+04   0.51466E+03   0.11204E+01   0.17122E+22
   0.15124E+04   0.51481E+03   0.11206E+01   0.17125E+22
   0.15128E+04   0.51497E+03   0.11208E+01   0.17128E+22
   0.15131E+04   0.51512E+03   0.11210E+01   0.17131E+22
   0.15135E+04   0.51527E+03   0.11212E+01   0.17133E+22
   0.15139E+04   0.51542E+03   0.11214E+01   0.17136E+22
   0.15142E+04   0.51557E+03   0.11216E+01   0.17139E+22
   0.15146E+04   0.51572E+03   0.11218E+01   0.17142E+22
   0.15150E+04   0.51587E+03   0.11220E+01   0.17145E+22
   0.15153E+04   0.51602E+03   0.11222E+01   0.17148E+22
   0.15157E+04   0.51617E+03   0.11224E+01   0.17150E+22
   0.15160E+04   0.51632E+03   0.11226E+01   0.17153E+22
   0.15164E+04   0.51647E+03   0.11228E+01   0.17156E+22
   0.15168E+04   0.51662E+03   0.11230E+01   0.17159E+22
   0.15171E+04   0.51677E+03   0.11232E+01   0.17162E+22
   0.15175E+04   0.51692E+03   0.11234E+01   0.17165E+22
   0.15179E+04   0.51707E+03   0.11236E+01   0.17167E+22
   0.15182E+04   0.51722E+03   0.11238E+01   0.17170E+22
   0.15186E+04   0.51737E+03   0.11240E+01   0.17173E+22
   0.15189E+04   0.51752E+03   0.11242E+01   0.17176E+22
   0.15193E+04   0.51767E+03   0.11244E+01   0.17179E+22
   0.15197E+04   0.51782E+03   0.11246E+01   0.17182E+22
   0.15200E+04   0.51797E+03   0.11248E+01   0.17184E+22
   0.15204E+04   0.51812E+03   0.11250E+01   0.17187E+22
   0.15208E+04   0.51827E+03   0.11252E+01   0.17190E+22
   0.15211E+04   0.51842E+03   0.11254E+01   0.17193E+22
   0.15215E+04   0.51857E+03   0.11256E+01   0.17196E+22
   0.15218E+04   0.51873E+03   0.11258E+01   0.17199E+22
   0.15222E+04   0.51888E+03   0.11260E+01   0.17201E+22
   0.15226E+04   0.51903E+03   0.11262E+01   0.17204E+22
   0.15229E+04   0.51918E+03   0.11264E+01   0.17207E+22
   0.15233E+04   0.51933E+03   0.11266E+01   0.17210E+22
   0.15237E+04   0.51948E+03   0.11268E+01   0.17213E+22
   0.15240E+04   0.51963E+03   0.11270E+01   0.17216E+22
   0.15244E+04   0.51978E+03   0.11272E+01   0.17218E+22
   0.15247E+04   0.51993E+03   0.11274E+01   0.17221E+22
   0.15251E+04   0.52008E+03   0.11276E+01   0.17224E+22
   0.15255E+04   0.52023E+03   0.11278E+01   0.17227E+22
   0.15258E+04   0.52038E+03   0.11280E+01   0.17230E+22
   0.15262E+04   0.52053E+03   0.11282E+01   0.17233E+22
   0.15266E+04   0.52068E+03   0.11284E+01   0.17235E+22
   0.15269E+04   0.52083E+03   0.11286E+01   0.17238E+22
   0.15273E+04   0.52098E+03   0.11288E+01   0.17241E+22
   0.15276E+04   0.52114E+03   0.11290E+01   0.17244E+22
   0.15280E+04   0.52129E+03   0.11292E+01   0.17247E+22
   0.15284E+04   0.52144E+03   0.11294E+01   0.17250E+22
   0.15287E+04   0.52159E+03   0.11296E+01   0.17252E+22
   0.15291E+04   0.52174E+03   0.11298E+01   0.17255E+22
   0.15295E+04   0.52189E+03   0.11300E+01   0.17258E+22
   0.15298E+04   0.52204E+03   0.11302E+01   0.17261E+22
   0.15302E+04   0.52219E+03   0.11304E+01   0.17264E+22
   0.15305E+04   0.52234E+03   0.11306E+01   0.17267E+22
   0.15309E+04   0.52249E+03   0.11308E+01   0.17269E+22
   0.15313E+04   0.52264E+03   0.11310E+01   0.17272E+22
   0.15316E+04   0.52279E+03   0.11312E+01   0.17275E+22
   0.15320E+04   0.52294E+03   0.11314E+01   0.17278E+22
   0.15324E+04   0.52309E+03   0.11316E+01   0.17281E+22
   0.15327E+04   0.52325E+03   0.11318E+01   0.17284E+22
   0.15331E+04   0.52340E+03   0.11320E+01   0.17286E+22
   0.15335E+04   0.52355E+03   0.11322E+01   0.17289E+22
   0.15338E+04   0.52370E+03   0.11324E+01   0.17292E+22
   0.15342E+04   0.52385E+03   0.11326E+01   0.17295E+22
   0.15345E+04   0.52400E+03   0.11328E+01   0.17298E+22
   0.15349E+04   0.52415E+03   0.11330E+01   0.17301E+22
   0.15353E+04   0.52430E+03   0.11332E+01   0.17303E+22
   0.15356E+04   0.52445E+03   0.11334E+01   0.17306E+22
   0.15360E+04   0.52460E+03   0.11336E+01   0.17309E+22
   0.15364E+04   0.52475E+03   0.11338E+01   0.17312E+22
   0.15367E+04   0.52491E+03   0.11340E+01   0.17315E+22
   0.15371E+04   0.52506E+03   0.11342E+01   0.17318E+22
   0.15375E+04   0.52521E+03   0.11344E+01   0.17320E+22
   0.15378E+04   0.52536E+03   0.11346E+01   0.17323E+22
   0.15382E+04   0.52551E+03   0.11348E+01   0.17326E+22
   0.15385E+04   0.52566E+03   0.11350E+01   0.17329E+22
   0.15389E+04   0.52581E+03   0.11352E+01   0.17332E+22
   0.15393E+04   0.52596E+03   0.11354E+01   0.17335E+22
   0.15396E+04   0.52611E+03   0.11356E+01   0.17337E+22
   0.15400E+04   0.52626E+03   0.11358E+01   0.17340E+22
   0.15404E+04   0.52641E+03   0.11360E+01   0.17343E+22
   0.15407E+04   0.52657E+03   0.11362E+01   0.17346E+22
   0.15411E+04   0.52672E+03   0.11364E+01   0.17349E+22
   0.15415E+04   0.52687E+03   0.11366E+01   0.17352E+22
   0.15418E+04   0.52702E+03   0.11368E+01   0.17354E+22
   0.15422E+04   0.52717E+03   0.11370E+01   0.17357E+22
   0.15425E+04   0.52732E+03   0.11372E+01   0.17360E+22
   0.15429E+04   0.52747E+03   0.11374E+01   0.17363E+22
   0.15433E+04   0.52762E+03   0.11376E+01   0.17366E+22
   0.15436E+04   0.52777E+03   0.11378E+01   0.17369E+22
   0.15440E+04   0.52793E+03   0.11380E+01   0.17371E+22
   0.15444E+04   0.52808E+03   0.11382E+01   0.17374E+22
   0.15447E+04   0.52823E+03   0.11384E+01   0.17377E+22
   0.15451E+04   0.52838E+03   0.11386E+01   0.17380E+22
   0.15455E+04   0.52853E+03   0.11388E+01   0.17383E+22
   0.15458E+04   0.52868E+03   0.11390E+01   0.17386E+22
   0.15462E+04   0.52883E+03   0.11392E+01   0.17388E+22
   0.15466E+04   0.52898E+03   0.11394E+01   0.17391E+22
   0.15469E+04   0.52913E+03   0.11396E+01   0.17394E+22
   0.15473E+04   0.52929E+03   0.11398E+01   0.17397E+22
   0.15476E+04   0.52944E+03   0.11400E+01   0.17400E+22
   0.15480E+04   0.52959E+03   0.11402E+01   0.17403E+22
   0.15484E+04   0.52974E+03   0.11404E+01   0.17405E+22
   0.15487E+04   0.52989E+03   0.11406E+01   0.17408E+22
   0.15491E+04   0.53004E+03   0.11408E+01   0.17411E+22
   0.15495E+04   0.53019E+03   0.11410E+01   0.17414E+22
   0.15498E+04   0.53034E+03   0.11412E+01   0.17417E+22
   0.15502E+04   0.53049E+03   0.11414E+01   0.17420E+22
   0.15506E+04   0.53065E+03   0.11416E+01   0.17423E+22
   0.15509E+04   0.53080E+03   0.11418E+01   0.17425E+22
   0.15513E+04   0.53095E+03   0.11420E+01   0.17428E+22
   0.15517E+04   0.53110E+03   0.11422E+01   0.17431E+22
   0.15520E+04   0.53125E+03   0.11424E+01   0.17434E+22
   0.15524E+04   0.53140E+03   0.11426E+01   0.17437E+22
   0.15527E+04   0.53155E+03   0.11428E+01   0.17440E+22
   0.15531E+04   0.53171E+03   0.11430E+01   0.17442E+22
   0.15535E+04   0.53186E+03   0.11432E+01   0.17445E+22
   0.15538E+04   0.53201E+03   0.11434E+01   0.17448E+22
   0.15542E+04   0.53216E+03   0.11436E+01   0.17451E+22
   0.15546E+04   0.53231E+03   0.11438E+01   0.17454E+22
   0.15549E+04   0.53246E+03   0.11440E+01   0.17457E+22
   0.15553E+04   0.53261E+03   0.11442E+01   0.17459E+22
   0.15557E+04   0.53276E+03   0.11444E+01   0.17462E+22
   0.15560E+04   0.53292E+03   0.11446E+01   0.17465E+22
   0.15564E+04   0.53307E+03   0.11448E+01   0.17468E+22
   0.15568E+04   0.53322E+03   0.11450E+01   0.17471E+22
   0.15571E+04   0.53337E+03   0.11452E+01   0.17474E+22
   0.15575E+04   0.53352E+03   0.11454E+01   0.17476E+22
   0.15579E+04   0.53367E+03   0.11456E+01   0.17479E+22
   0.15582E+04   0.53382E+03   0.11458E+01   0.17482E+22
   0.15586E+04   0.53398E+03   0.11460E+01   0.17485E+22
   0.15590E+04   0.53413E+03   0.11462E+01   0.17488E+22
   0.15593E+04   0.53428E+03   0.11464E+01   0.17491E+22
   0.15597E+04   0.53443E+03   0.11466E+01   0.17494E+22
   0.15600E+04   0.53458E+03   0.11468E+01   0.17496E+22
   0.15604E+04   0.53473E+03   0.11470E+01   0.17499E+22
   0.15608E+04   0.53488E+03   0.11472E+01   0.17502E+22
   0.15611E+04   0.53504E+03   0.11474E+01   0.17505E+22
   0.15615E+04   0.53519E+03   0.11476E+01   0.17508E+22
   0.15619E+04   0.53534E+03   0.11478E+01   0.17511E+22
   0.15622E+04   0.53549E+03   0.11480E+01   0.17513E+22
   0.15626E+04   0.53564E+03   0.11482E+01   0.17516E+22
   0.15630E+04   0.53579E+03   0.11484E+01   0.17519E+22
   0.15633E+04   0.53595E+03   0.11486E+01   0.17522E+22
   0.15637E+04   0.53610E+03   0.11488E+01   0.17525E+22
   0.15641E+04   0.53625E+03   0.11490E+01   0.17528E+22
   0.15644E+04   0.53640E+03   0.11492E+01   0.17530E+22
   0.15648E+04   0.53655E+03   0.11494E+01   0.17533E+22
   0.15652E+04   0.53670E+03   0.11496E+01   0.17536E+22
   0.15655E+04   0.53686E+03   0.11498E+01   0.17539E+22
   0.15659E+04   0.53701E+03   0.11500E+01   0.17542E+22
   0.15663E+04   0.53716E+03   0.11502E+01   0.17545E+22
   0.15666E+04   0.53731E+03   0.11504E+01   0.17548E+22
   0.15670E+04   0.53746E+03   0.11506E+01   0.17550E+22
   0.15674E+04   0.53761E+03   0.11508E+01   0.17553E+22
   0.15677E+04   0.53776E+03   0.11510E+01   0.17556E+22
   0.15681E+04   0.53792E+03   0.11512E+01   0.17559E+22
   0.15685E+04   0.53807E+03   0.11514E+01   0.17562E+22
   0.15688E+04   0.53822E+03   0.11516E+01   0.17565E+22
   0.15692E+04   0.53837E+03   0.11518E+01   0.17567E+22
   0.15696E+04   0.53852E+03   0.11520E+01   0.17570E+22
   0.15699E+04   0.53868E+03   0.11522E+01   0.17573E+22
   0.15703E+04   0.53883E+03   0.11524E+01   0.17576E+22
   0.15707E+04   0.53898E+03   0.11526E+01   0.17579E+22
   0.15710E+04   0.53913E+03   0.11528E+01   0.17582E+22
   0.15714E+04   0.53928E+03   0.11530E+01   0.17584E+22
   0.15718E+04   0.53943E+03   0.11532E+01   0.17587E+22
   0.15721E+04   0.53959E+03   0.11534E+01   0.17590E+22
   0.15725E+04   0.53974E+03   0.11536E+01   0.17593E+22
   0.15729E+04   0.53989E+03   0.11538E+01   0.17596E+22
   0.15732E+04   0.54004E+03   0.11540E+01   0.17599E+22
   0.15736E+04   0.54019E+03   0.11542E+01   0.17602E+22
   0.15739E+04   0.54034E+03   0.11544E+01   0.17604E+22
   0.15743E+04   0.54050E+03   0.11546E+01   0.17607E+22
   0.15747E+04   0.54065E+03   0.11548E+01   0.17610E+22
   0.15750E+04   0.54080E+03   0.11550E+01   0.17613E+22
   0.15754E+04   0.54095E+03   0.11552E+01   0.17616E+22
   0.15758E+04   0.54110E+03   0.11554E+01   0.17619E+22
   0.15761E+04   0.54126E+03   0.11556E+01   0.17621E+22
   0.15765E+04   0.54141E+03   0.11558E+01   0.17624E+22
   0.15769E+04   0.54156E+03   0.11560E+01   0.17627E+22
   0.15772E+04   0.54171E+03   0.11562E+01   0.17630E+22
   0.15776E+04   0.54186E+03   0.11564E+01   0.17633E+22
   0.15780E+04   0.54202E+03   0.11566E+01   0.17636E+22
   0.15783E+04   0.54217E+03   0.11568E+01   0.17639E+22
   0.15787E+04   0.54232E+03   0.11570E+01   0.17641E+22
   0.15791E+04   0.54247E+03   0.11572E+01   0.17644E+22
   0.15794E+04   0.54262E+03   0.11574E+01   0.17647E+22
   0.15798E+04   0.54278E+03   0.11576E+01   0.17650E+22
   0.15802E+04   0.54293E+03   0.11578E+01   0.17653E+22
   0.15805E+04   0.54308E+03   0.11580E+01   0.17656E+22
   0.15809E+04   0.54323E+03   0.11582E+01   0.17658E+22
   0.15813E+04   0.54338E+03   0.11584E+01   0.17661E+22
   0.15816E+04   0.54354E+03   0.11586E+01   0.17664E+22
   0.15820E+04   0.54369E+03   0.11588E+01   0.17667E+22
   0.15824E+04   0.54384E+03   0.11590E+01   0.17670E+22
   0.15827E+04   0.54399E+03   0.11592E+01   0.17673E+22
   0.15831E+04   0.54414E+03   0.11594E+01   0.17676E+22
   0.15835E+04   0.54430E+03   0.11596E+01   0.17678E+22
   0.15838E+04   0.54445E+03   0.11598E+01   0.17681E+22
   0.15842E+04   0.54460E+03   0.11600E+01   0.17684E+22
   0.15846E+04   0.54475E+03   0.11602E+01   0.17687E+22
   0.15849E+04   0.54490E+03   0.11604E+01   0.17690E+22
   0.15853E+04   0.54506E+03   0.11606E+01   0.17693E+22
   0.15857E+04   0.54521E+03   0.11608E+01   0.17695E+22
   0.15861E+04   0.54536E+03   0.11610E+01   0.17698E+22
   0.15864E+04   0.54551E+03   0.11612E+01   0.17701E+22
   0.15868E+04   0.54566E+03   0.11614E+01   0.17704E+22
   0.15872E+04   0.54582E+03   0.11616E+01   0.17707E+22
   0.15875E+04   0.54597E+03   0.11618E+01   0.17710E+22
   0.15879E+04   0.54612E+03   0.11620E+01   0.17713E+22
   0.15883E+04   0.54627E+03   0.11622E+01   0.17715E+22
   0.15886E+04   0.54643E+03   0.11624E+01   0.17718E+22
   0.15890E+04   0.54658E+03   0.11626E+01   0.17721E+22
   0.15894E+04   0.54673E+03   0.11628E+01   0.17724E+22
   0.15897E+04   0.54688E+03   0.11630E+01   0.17727E+22
   0.15901E+04   0.54703E+03   0.11632E+01   0.17730E+22
   0.15905E+04   0.54719E+03   0.11634E+01   0.17732E+22
   0.15908E+04   0.54734E+03   0.11636E+01   0.17735E+22
   0.15912E+04   0.54749E+03   0.11638E+01   0.17738E+22
   0.15916E+04   0.54764E+03   0.11640E+01   0.17741E+22
   0.15919E+04   0.54780E+03   0.11642E+01   0.17744E+22
   0.15923E+04   0.54795E+03   0.11644E+01   0.17747E+22
   0.15927E+04   0.54810E+03   0.11646E+01   0.17750E+22
   0.15930E+04   0.54825E+03   0.11648E+01   0.17752E+22
   0.15934E+04   0.54840E+03   0.11650E+01   0.17755E+22
   0.15938E+04   0.54856E+03   0.11652E+01   0.17758E+22
   0.15941E+04   0.54871E+03   0.11654E+01   0.17761E+22
   0.15945E+04   0.54886E+03   0.11656E+01   0.17764E+22
   0.15949E+04   0.54901E+03   0.11658E+01   0.17767E+22
   0.15952E+04   0.54917E+03   0.11660E+01   0.17770E+22
   0.15956E+04   0.54932E+03   0.11662E+01   0.17772E+22
   0.15960E+04   0.54947E+03   0.11664E+01   0.17775E+22
   0.15963E+04   0.54962E+03   0.11666E+01   0.17778E+22
   0.15967E+04   0.54978E+03   0.11668E+01   0.17781E+22
   0.15971E+04   0.54993E+03   0.11670E+01   0.17784E+22
   0.15974E+04   0.55008E+03   0.11672E+01   0.17787E+22
   0.15978E+04   0.55023E+03   0.11674E+01   0.17789E+22
   0.15982E+04   0.55038E+03   0.11676E+01   0.17792E+22
   0.15985E+04   0.55054E+03   0.11678E+01   0.17795E+22
   0.15989E+04   0.55069E+03   0.11680E+01   0.17798E+22
   0.15993E+04   0.55084E+03   0.11682E+01   0.17801E+22
   0.15997E+04   0.55099E+03   0.11684E+01   0.17804E+22
   0.16000E+04   0.55115E+03   0.11686E+01   0.17807E+22
   0.16004E+04   0.55130E+03   0.11688E+01   0.17809E+22
   0.16008E+04   0.55145E+03   0.11690E+01   0.17812E+22
   0.16011E+04   0.55160E+03   0.11692E+01   0.17815E+22
   0.16015E+04   0.55176E+03   0.11694E+01   0.17818E+22
   0.16019E+04   0.55191E+03   0.11696E+01   0.17821E+22
   0.16022E+04   0.55206E+03   0.11698E+01   0.17824E+22
   0.16026E+04   0.55221E+03   0.11700E+01   0.17827E+22
   0.16030E+04   0.55237E+03   0.11702E+01   0.17829E+22
   0.16033E+04   0.55252E+03   0.11704E+01   0.17832E+22
   0.16037E+04   0.55267E+03   0.11706E+01   0.17835E+22
   0.16041E+04   0.55282E+03   0.11708E+01   0.17838E+22
   0.16044E+04   0.55298E+03   0.11710E+01   0.17841E+22
   0.16048E+04   0.55313E+03   0.11712E+01   0.17844E+22
   0.16052E+04   0.55328E+03   0.11714E+01   0.17847E+22
   0.16055E+04   0.55343E+03   0.11716E+01   0.17849E+22
   0.16059E+04   0.55359E+03   0.11718E+01   0.17852E+22
   0.16063E+04   0.55374E+03   0.11720E+01   0.17855E+22
   0.16067E+04   0.55389E+03   0.11722E+01   0.17858E+22
   0.16070E+04   0.55405E+03   0.11724E+01   0.17861E+22
   0.16074E+04   0.55420E+03   0.11726E+01   0.17864E+22
   0.16078E+04   0.55435E+03   0.11728E+01   0.17866E+22
   0.16081E+04   0.55450E+03   0.11730E+01   0.17869E+22
   0.16085E+04   0.55466E+03   0.11732E+01   0.17872E+22
   0.16089E+04   0.55481E+03   0.11734E+01   0.17875E+22
   0.16092E+04   0.55496E+03   0.11736E+01   0.17878E+22
   0.16096E+04   0.55511E+03   0.11738E+01   0.17881E+22
   0.16100E+04   0.55527E+03   0.11740E+01   0.17884E+22
   0.16103E+04   0.55542E+03   0.11742E+01   0.17886E+22
   0.16107E+04   0.55557E+03   0.11744E+01   0.17889E+22
   0.16111E+04   0.55572E+03   0.11746E+01   0.17892E+22
   0.16114E+04   0.55588E+03   0.11748E+01   0.17895E+22
   0.16118E+04   0.55603E+03   0.11750E+01   0.17898E+22
   0.16122E+04   0.55618E+03   0.11752E+01   0.17901E+22
   0.16126E+04   0.55634E+03   0.11754E+01   0.17904E+22
   0.16129E+04   0.55649E+03   0.11756E+01   0.17906E+22
   0.16133E+04   0.55664E+03   0.11758E+01   0.17909E+22
   0.16137E+04   0.55679E+03   0.11760E+01   0.17912E+22
   0.16140E+04   0.55695E+03   0.11762E+01   0.17915E+22
   0.16144E+04   0.55710E+03   0.11764E+01   0.17918E+22
   0.16148E+04   0.55725E+03   0.11766E+01   0.17921E+22
   0.16151E+04   0.55741E+03   0.11768E+01   0.17924E+22
   0.16155E+04   0.55756E+03   0.11770E+01   0.17926E+22
   0.16159E+04   0.55771E+03   0.11772E+01   0.17929E+22
   0.16162E+04   0.55786E+03   0.11774E+01   0.17932E+22
   0.16166E+04   0.55802E+03   0.11776E+01   0.17935E+22
   0.16170E+04   0.55817E+03   0.11778E+01   0.17938E+22
   0.16174E+04   0.55832E+03   0.11780E+01   0.17941E+22
   0.16177E+04   0.55848E+03   0.11782E+01   0.17944E+22
   0.16181E+04   0.55863E+03   0.11784E+01   0.17946E+22
   0.16185E+04   0.55878E+03   0.11786E+01   0.17949E+22
   0.16188E+04   0.55893E+03   0.11788E+01   0.17952E+22
   0.16192E+04   0.55909E+03   0.11790E+01   0.17955E+22
   0.16196E+04   0.55924E+03   0.11792E+01   0.17958E+22
   0.16199E+04   0.55939E+03   0.11794E+01   0.17961E+22
   0.16203E+04   0.55955E+03   0.11796E+01   0.17964E+22
   0.16207E+04   0.55970E+03   0.11798E+01   0.17966E+22
   0.16210E+04   0.55985E+03   0.11800E+01   0.17969E+22
   0.16214E+04   0.56000E+03   0.11802E+01   0.17972E+22
   0.16218E+04   0.56016E+03   0.11804E+01   0.17975E+22
   0.16222E+04   0.56031E+03   0.11806E+01   0.17978E+22
   0.16225E+04   0.56046E+03   0.11808E+01   0.17981E+22
   0.16229E+04   0.56062E+03   0.11810E+01   0.17983E+22
   0.16233E+04   0.56077E+03   0.11812E+01   0.17986E+22
   0.16236E+04   0.56092E+03   0.11814E+01   0.17989E+22
   0.16240E+04   0.56108E+03   0.11816E+01   0.17992E+22
   0.16244E+04   0.56123E+03   0.11818E+01   0.17995E+22
   0.16247E+04   0.56138E+03   0.11820E+01   0.17998E+22
   0.16251E+04   0.56153E+03   0.11822E+01   0.18001E+22
   0.16255E+04   0.56169E+03   0.11824E+01   0.18003E+22
   0.16259E+04   0.56184E+03   0.11826E+01   0.18006E+22
   0.16262E+04   0.56199E+03   0.11828E+01   0.18009E+22
   0.16266E+04   0.56215E+03   0.11830E+01   0.18012E+22
   0.16270E+04   0.56230E+03   0.11832E+01   0.18015E+22
   0.16273E+04   0.56245E+03   0.11834E+01   0.18018E+22
   0.16277E+04   0.56261E+03   0.11836E+01   0.18021E+22
   0.16281E+04   0.56276E+03   0.11838E+01   0.18023E+22
   0.16284E+04   0.56291E+03   0.11840E+01   0.18026E+22
   0.16288E+04   0.56307E+03   0.11842E+01   0.18029E+22
   0.16292E+04   0.56322E+03   0.11844E+01   0.18032E+22
   0.16296E+04   0.56337E+03   0.11846E+01   0.18035E+22
   0.16299E+04   0.56353E+03   0.11848E+01   0.18038E+22
   0.16303E+04   0.56368E+03   0.11850E+01   0.18041E+22
   0.16307E+04   0.56383E+03   0.11852E+01   0.18043E+22
   0.16310E+04   0.56398E+03   0.11854E+01   0.18046E+22
   0.16314E+04   0.56414E+03   0.11856E+01   0.18049E+22
   0.16318E+04   0.56429E+03   0.11858E+01   0.18052E+22
   0.16321E+04   0.56444E+03   0.11860E+01   0.18055E+22
   0.16325E+04   0.56460E+03   0.11862E+01   0.18058E+22
   0.16329E+04   0.56475E+03   0.11864E+01   0.18061E+22
   0.16333E+04   0.56490E+03   0.11866E+01   0.18063E+22
   0.16336E+04   0.56506E+03   0.11868E+01   0.18066E+22
   0.16340E+04   0.56521E+03   0.11870E+01   0.18069E+22
   0.16344E+04   0.56536E+03   0.11872E+01   0.18072E+22
   0.16347E+04   0.56552E+03   0.11874E+01   0.18075E+22
   0.16351E+04   0.56567E+03   0.11876E+01   0.18078E+22
   0.16355E+04   0.56582E+03   0.11878E+01   0.18081E+22
   0.16359E+04   0.56598E+03   0.11880E+01   0.18084E+22
   0.16362E+04   0.56613E+03   0.11882E+01   0.18086E+22
   0.16366E+04   0.56628E+03   0.11884E+01   0.18089E+22
   0.16370E+04   0.56644E+03   0.11886E+01   0.18092E+22
   0.16373E+04   0.56659E+03   0.11888E+01   0.18095E+22
   0.16377E+04   0.56674E+03   0.11890E+01   0.18098E+22
   0.16381E+04   0.56690E+03   0.11892E+01   0.18101E+22
   0.16385E+04   0.56705E+03   0.11894E+01   0.18104E+22
   0.16388E+04   0.56720E+03   0.11896E+01   0.18106E+22
   0.16392E+04   0.56736E+03   0.11898E+01   0.18109E+22
   0.16396E+04   0.56751E+03   0.11900E+01   0.18112E+22
   0.16399E+04   0.56766E+03   0.11902E+01   0.18115E+22
   0.16403E+04   0.56782E+03   0.11904E+01   0.18118E+22
   0.16407E+04   0.56797E+03   0.11906E+01   0.18121E+22
   0.16410E+04   0.56812E+03   0.11908E+01   0.18124E+22
   0.16414E+04   0.56828E+03   0.11910E+01   0.18126E+22
   0.16418E+04   0.56843E+03   0.11912E+01   0.18129E+22
   0.16422E+04   0.56858E+03   0.11914E+01   0.18132E+22
   0.16425E+04   0.56874E+03   0.11916E+01   0.18135E+22
   0.16429E+04   0.56889E+03   0.11918E+01   0.18138E+22
   0.16433E+04   0.56904E+03   0.11920E+01   0.18141E+22
   0.16436E+04   0.56920E+03   0.11922E+01   0.18144E+22
   0.16440E+04   0.56935E+03   0.11924E+01   0.18146E+22
   0.16444E+04   0.56951E+03   0.11926E+01   0.18149E+22
   0.16448E+04   0.56966E+03   0.11928E+01   0.18152E+22
   0.16451E+04   0.56981E+03   0.11930E+01   0.18155E+22
   0.16455E+04   0.56997E+03   0.11932E+01   0.18158E+22
   0.16459E+04   0.57012E+03   0.11934E+01   0.18161E+22
   0.16462E+04   0.57027E+03   0.11936E+01   0.18164E+22
   0.16466E+04   0.57043E+03   0.11938E+01   0.18166E+22
   0.16470E+04   0.57058E+03   0.11940E+01   0.18169E+22
   0.16474E+04   0.57073E+03   0.11942E+01   0.18172E+22
   0.16477E+04   0.57089E+03   0.11944E+01   0.18175E+22
   0.16481E+04   0.57104E+03   0.11946E+01   0.18178E+22
   0.16485E+04   0.57119E+03   0.11948E+01   0.18181E+22
   0.16488E+04   0.57135E+03   0.11950E+01   0.18184E+22
   0.16492E+04   0.57150E+03   0.11952E+01   0.18186E+22
   0.16496E+04   0.57166E+03   0.11954E+01   0.18189E+22
   0.16500E+04   0.57181E+03   0.11956E+01   0.18192E+22
   0.16503E+04   0.57196E+03   0.11958E+01   0.18195E+22
   0.16507E+04   0.57212E+03   0.11960E+01   0.18198E+22
   0.16511E+04   0.57227E+03   0.11962E+01   0.18201E+22
   0.16514E+04   0.57242E+03   0.11964E+01   0.18204E+22
   0.16518E+04   0.57258E+03   0.11966E+01   0.18207E+22
   0.16522E+04   0.57273E+03   0.11968E+01   0.18209E+22
   0.16526E+04   0.57288E+03   0.11970E+01   0.18212E+22
   0.16529E+04   0.57304E+03   0.11972E+01   0.18215E+22
   0.16533E+04   0.57319E+03   0.11974E+01   0.18218E+22
   0.16537E+04   0.57335E+03   0.11976E+01   0.18221E+22
   0.16540E+04   0.57350E+03   0.11978E+01   0.18224E+22
   0.16544E+04   0.57365E+03   0.11980E+01   0.18227E+22
   0.16548E+04   0.57381E+03   0.11982E+01   0.18229E+22
   0.16552E+04   0.57396E+03   0.11984E+01   0.18232E+22
   0.16555E+04   0.57411E+03   0.11986E+01   0.18235E+22
   0.16559E+04   0.57427E+03   0.11988E+01   0.18238E+22
   0.16563E+04   0.57442E+03   0.11990E+01   0.18241E+22
   0.16567E+04   0.57458E+03   0.11992E+01   0.18244E+22
   0.16570E+04   0.57473E+03   0.11994E+01   0.18247E+22
   0.16574E+04   0.57488E+03   0.11996E+01   0.18249E+22
   0.16578E+04   0.57504E+03   0.11998E+01   0.18252E+22
   0.16581E+04   0.57519E+03   0.12000E+01   0.18255E+22
   0.16585E+04   0.57534E+03   0.12002E+01   0.18258E+22
   0.16589E+04   0.57550E+03   0.12004E+01   0.18261E+22
   0.16593E+04   0.57565E+03   0.12006E+01   0.18264E+22
   0.16596E+04   0.57581E+03   0.12008E+01   0.18267E+22
   0.16600E+04   0.57596E+03   0.12010E+01   0.18270E+22
   0.16604E+04   0.57611E+03   0.12012E+01   0.18272E+22
   0.16607E+04   0.57627E+03   0.12014E+01   0.18275E+22
   0.16611E+04   0.57642E+03   0.12016E+01   0.18278E+22
   0.16615E+04   0.57658E+03   0.12018E+01   0.18281E+22
   0.16619E+04   0.57673E+03   0.12020E+01   0.18284E+22
   0.16622E+04   0.57688E+03   0.12022E+01   0.18287E+22
   0.16626E+04   0.57704E+03   0.12024E+01   0.18290E+22
   0.16630E+04   0.57719E+03   0.12026E+01   0.18292E+22
   0.16634E+04   0.57735E+03   0.12028E+01   0.18295E+22
   0.16637E+04   0.57750E+03   0.12030E+01   0.18298E+22
   0.16641E+04   0.57765E+03   0.12032E+01   0.18301E+22
   0.16645E+04   0.57781E+03   0.12034E+01   0.18304E+22
   0.16648E+04   0.57796E+03   0.12036E+01   0.18307E+22
   0.16652E+04   0.57812E+03   0.12038E+01   0.18310E+22
   0.16656E+04   0.57827E+03   0.12040E+01   0.18312E+22
   0.16660E+04   0.57842E+03   0.12042E+01   0.18315E+22
   0.16663E+04   0.57858E+03   0.12044E+01   0.18318E+22
   0.16667E+04   0.57873E+03   0.12046E+01   0.18321E+22
   0.16671E+04   0.57889E+03   0.12048E+01   0.18324E+22
   0.16675E+04   0.57904E+03   0.12050E+01   0.18327E+22
   0.16678E+04   0.57919E+03   0.12052E+01   0.18330E+22
   0.16682E+04   0.57935E+03   0.12054E+01   0.18333E+22
   0.16686E+04   0.57950E+03   0.12056E+01   0.18335E+22
   0.16689E+04   0.57966E+03   0.12058E+01   0.18338E+22
   0.16693E+04   0.57981E+03   0.12060E+01   0.18341E+22
   0.16697E+04   0.57996E+03   0.12062E+01   0.18344E+22
   0.16701E+04   0.58012E+03   0.12064E+01   0.18347E+22
   0.16704E+04   0.58027E+03   0.12066E+01   0.18350E+22
   0.16708E+04   0.58043E+03   0.12068E+01   0.18353E+22
   0.16712E+04   0.58058E+03   0.12070E+01   0.18355E+22
   0.16716E+04   0.58073E+03   0.12072E+01   0.18358E+22
   0.16719E+04   0.58089E+03   0.12074E+01   0.18361E+22
   0.16723E+04   0.58104E+03   0.12076E+01   0.18364E+22
   0.16727E+04   0.58120E+03   0.12078E+01   0.18367E+22
   0.16731E+04   0.58135E+03   0.12080E+01   0.18370E+22
   0.16734E+04   0.58150E+03   0.12082E+01   0.18373E+22
   0.16738E+04   0.58166E+03   0.12084E+01   0.18376E+22
   0.16742E+04   0.58181E+03   0.12086E+01   0.18378E+22
   0.16745E+04   0.58197E+03   0.12088E+01   0.18381E+22
   0.16749E+04   0.58212E+03   0.12090E+01   0.18384E+22
   0.16753E+04   0.58228E+03   0.12092E+01   0.18387E+22
   0.16757E+04   0.58243E+03   0.12094E+01   0.18390E+22
   0.16760E+04   0.58258E+03   0.12096E+01   0.18393E+22
   0.16764E+04   0.58274E+03   0.12098E+01   0.18396E+22
   0.16768E+04   0.58289E+03   0.12100E+01   0.18398E+22
   0.16772E+04   0.58305E+03   0.12102E+01   0.18401E+22
   0.16775E+04   0.58320E+03   0.12104E+01   0.18404E+22
   0.16779E+04   0.58336E+03   0.12106E+01   0.18407E+22
   0.16783E+04   0.58351E+03   0.12108E+01   0.18410E+22
   0.16787E+04   0.58366E+03   0.12110E+01   0.18413E+22
   0.16790E+04   0.58382E+03   0.12112E+01   0.18416E+22
   0.16794E+04   0.58397E+03   0.12114E+01   0.18419E+22
   0.16798E+04   0.58413E+03   0.12116E+01   0.18421E+22
   0.16801E+04   0.58428E+03   0.12118E+01   0.18424E+22
   0.16805E+04   0.58444E+03   0.12120E+01   0.18427E+22
   0.16809E+04   0.58459E+03   0.12122E+01   0.18430E+22
   0.16813E+04   0.58474E+03   0.12124E+01   0.18433E+22
   0.16816E+04   0.58490E+03   0.12126E+01   0.18436E+22
   0.16820E+04   0.58505E+03   0.12128E+01   0.18439E+22
   0.16824E+04   0.58521E+03   0.12130E+01   0.18441E+22
   0.16828E+04   0.58536E+03   0.12132E+01   0.18444E+22
   0.16831E+04   0.58552E+03   0.12134E+01   0.18447E+22
   0.16835E+04   0.58567E+03   0.12136E+01   0.18450E+22
   0.16839E+04   0.58583E+03   0.12138E+01   0.18453E+22
   0.16843E+04   0.58598E+03   0.12140E+01   0.18456E+22
   0.16846E+04   0.58613E+03   0.12142E+01   0.18459E+22
   0.16850E+04   0.58629E+03   0.12144E+01   0.18462E+22
   0.16854E+04   0.58644E+03   0.12146E+01   0.18464E+22
   0.16858E+04   0.58660E+03   0.12148E+01   0.18467E+22
   0.16861E+04   0.58675E+03   0.12150E+01   0.18470E+22
   0.16865E+04   0.58691E+03   0.12152E+01   0.18473E+22
   0.16869E+04   0.58706E+03   0.12154E+01   0.18476E+22
   0.16873E+04   0.58722E+03   0.12156E+01   0.18479E+22
   0.16876E+04   0.58737E+03   0.12158E+01   0.18482E+22
   0.16880E+04   0.58752E+03   0.12160E+01   0.18485E+22
   0.16884E+04   0.58768E+03   0.12162E+01   0.18487E+22
   0.16887E+04   0.58783E+03   0.12164E+01   0.18490E+22
   0.16891E+04   0.58799E+03   0.12166E+01   0.18493E+22
   0.16895E+04   0.58814E+03   0.12168E+01   0.18496E+22
   0.16899E+04   0.58830E+03   0.12170E+01   0.18499E+22
   0.16902E+04   0.58845E+03   0.12172E+01   0.18502E+22
   0.16906E+04   0.58861E+03   0.12174E+01   0.18505E+22
   0.16910E+04   0.58876E+03   0.12176E+01   0.18507E+22
   0.16914E+04   0.58892E+03   0.12178E+01   0.18510E+22
   0.16917E+04   0.58907E+03   0.12180E+01   0.18513E+22
   0.16921E+04   0.58922E+03   0.12182E+01   0.18516E+22
   0.16925E+04   0.58938E+03   0.12184E+01   0.18519E+22
   0.16929E+04   0.58953E+03   0.12186E+01   0.18522E+22
   0.16932E+04   0.58969E+03   0.12188E+01   0.18525E+22
   0.16936E+04   0.58984E+03   0.12190E+01   0.18528E+22
   0.16940E+04   0.59000E+03   0.12192E+01   0.18530E+22
   0.16944E+04   0.59015E+03   0.12194E+01   0.18533E+22
   0.16947E+04   0.59031E+03   0.12196E+01   0.18536E+22
   0.16951E+04   0.59046E+03   0.12198E+01   0.18539E+22
   0.16955E+04   0.59062E+03   0.12200E+01   0.18542E+22
   0.16959E+04   0.59077E+03   0.12202E+01   0.18545E+22
   0.16962E+04   0.59093E+03   0.12204E+01   0.18548E+22
   0.16966E+04   0.59108E+03   0.12206E+01   0.18551E+22
   0.16970E+04   0.59123E+03   0.12208E+01   0.18553E+22
   0.16974E+04   0.59139E+03   0.12210E+01   0.18556E+22
   0.16977E+04   0.59154E+03   0.12212E+01   0.18559E+22
   0.16981E+04   0.59170E+03   0.12214E+01   0.18562E+22
   0.16985E+04   0.59185E+03   0.12216E+01   0.18565E+22
   0.16989E+04   0.59201E+03   0.12218E+01   0.18568E+22
   0.16992E+04   0.59216E+03   0.12220E+01   0.18571E+22
   0.16996E+04   0.59232E+03   0.12222E+01   0.18574E+22
   0.17000E+04   0.59247E+03   0.12224E+01   0.18576E+22
   0.17004E+04   0.59263E+03   0.12226E+01   0.18579E+22
   0.17007E+04   0.59278E+03   0.12228E+01   0.18582E+22
   0.17011E+04   0.59294E+03   0.12230E+01   0.18585E+22
   0.17015E+04   0.59309E+03   0.12232E+01   0.18588E+22
   0.17019E+04   0.59325E+03   0.12234E+01   0.18591E+22
   0.17022E+04   0.59340E+03   0.12236E+01   0.18594E+22
   0.17026E+04   0.59356E+03   0.12238E+01   0.18597E+22
   0.17030E+04   0.59371E+03   0.12240E+01   0.18599E+22
   0.17034E+04   0.59387E+03   0.12242E+01   0.18602E+22
   0.17037E+04   0.59402E+03   0.12244E+01   0.18605E+22
   0.17041E+04   0.59418E+03   0.12246E+01   0.18608E+22
   0.17045E+04   0.59433E+03   0.12248E+01   0.18611E+22
   0.17049E+04   0.59449E+03   0.12250E+01   0.18614E+22
   0.17052E+04   0.59464E+03   0.12252E+01   0.18617E+22
   0.17056E+04   0.59480E+03   0.12254E+01   0.18620E+22
   0.17060E+04   0.59495E+03   0.12256E+01   0.18622E+22
   0.17064E+04   0.59511E+03   0.12258E+01   0.18625E+22
   0.17067E+04   0.59526E+03   0.12260E+01   0.18628E+22
   0.17071E+04   0.59542E+03   0.12262E+01   0.18631E+22
   0.17075E+04   0.59557E+03   0.12264E+01   0.18634E+22
   0.17079E+04   0.59573E+03   0.12266E+01   0.18637E+22
   0.17082E+04   0.59588E+03   0.12268E+01   0.18640E+22
   0.17086E+04   0.59604E+03   0.12270E+01   0.18643E+22
   0.17090E+04   0.59619E+03   0.12272E+01   0.18645E+22
   0.17094E+04   0.59635E+03   0.12274E+01   0.18648E+22
   0.17097E+04   0.59650E+03   0.12276E+01   0.18651E+22
   0.17101E+04   0.59666E+03   0.12278E+01   0.18654E+22
   0.17105E+04   0.59681E+03   0.12280E+01   0.18657E+22
   0.17109E+04   0.59697E+03   0.12282E+01   0.18660E+22
   0.17113E+04   0.59712E+03   0.12284E+01   0.18663E+22
   0.17116E+04   0.59728E+03   0.12286E+01   0.18665E+22
   0.17120E+04   0.59743E+03   0.12288E+01   0.18668E+22
   0.17124E+04   0.59759E+03   0.12290E+01   0.18671E+22
   0.17128E+04   0.59774E+03   0.12292E+01   0.18674E+22
   0.17131E+04   0.59790E+03   0.12294E+01   0.18677E+22
   0.17135E+04   0.59805E+03   0.12296E+01   0.18680E+22
   0.17139E+04   0.59821E+03   0.12298E+01   0.18683E+22
   0.17143E+04   0.59836E+03   0.12300E+01   0.18686E+22
   0.17146E+04   0.59852E+03   0.12302E+01   0.18688E+22
   0.17150E+04   0.59867E+03   0.12304E+01   0.18691E+22
   0.17154E+04   0.59883E+03   0.12306E+01   0.18694E+22
   0.17158E+04   0.59898E+03   0.12308E+01   0.18697E+22
   0.17161E+04   0.59914E+03   0.12310E+01   0.18700E+22
   0.17165E+04   0.59929E+03   0.12312E+01   0.18703E+22
   0.17169E+04   0.59945E+03   0.12314E+01   0.18706E+22
   0.17173E+04   0.59960E+03   0.12316E+01   0.18709E+22
   0.17176E+04   0.59976E+03   0.12318E+01   0.18712E+22
   0.17180E+04   0.59991E+03   0.12320E+01   0.18714E+22
   0.17184E+04   0.60007E+03   0.12322E+01   0.18717E+22
   0.17188E+04   0.60022E+03   0.12324E+01   0.18720E+22
   0.17192E+04   0.60038E+03   0.12326E+01   0.18723E+22
   0.17195E+04   0.60053E+03   0.12328E+01   0.18726E+22
   0.17199E+04   0.60069E+03   0.12330E+01   0.18729E+22
   0.17203E+04   0.60084E+03   0.12332E+01   0.18732E+22
   0.17207E+04   0.60100E+03   0.12334E+01   0.18735E+22
   0.17210E+04   0.60115E+03   0.12336E+01   0.18737E+22
   0.17214E+04   0.60131E+03   0.12338E+01   0.18740E+22
   0.17218E+04   0.60146E+03   0.12340E+01   0.18743E+22
   0.17222E+04   0.60162E+03   0.12342E+01   0.18746E+22
   0.17225E+04   0.60177E+03   0.12344E+01   0.18749E+22
   0.17229E+04   0.60193E+03   0.12346E+01   0.18752E+22
   0.17233E+04   0.60209E+03   0.12348E+01   0.18755E+22
   0.17237E+04   0.60224E+03   0.12350E+01   0.18758E+22
   0.17240E+04   0.60240E+03   0.12352E+01   0.18760E+22
   0.17244E+04   0.60255E+03   0.12354E+01   0.18763E+22
   0.17248E+04   0.60271E+03   0.12356E+01   0.18766E+22
   0.17252E+04   0.60286E+03   0.12358E+01   0.18769E+22
   0.17256E+04   0.60302E+03   0.12360E+01   0.18772E+22
   0.17259E+04   0.60317E+03   0.12362E+01   0.18775E+22
   0.17263E+04   0.60333E+03   0.12364E+01   0.18778E+22
   0.17267E+04   0.60348E+03   0.12366E+01   0.18781E+22
   0.17271E+04   0.60364E+03   0.12368E+01   0.18783E+22
   0.17274E+04   0.60379E+03   0.12370E+01   0.18786E+22
   0.17278E+04   0.60395E+03   0.12372E+01   0.18789E+22
   0.17282E+04   0.60410E+03   0.12374E+01   0.18792E+22
   0.17286E+04   0.60426E+03   0.12376E+01   0.18795E+22
   0.17289E+04   0.60442E+03   0.12378E+01   0.18798E+22
   0.17293E+04   0.60457E+03   0.12380E+01   0.18801E+22
   0.17297E+04   0.60473E+03   0.12382E+01   0.18804E+22
   0.17301E+04   0.60488E+03   0.12384E+01   0.18806E+22
   0.17305E+04   0.60504E+03   0.12386E+01   0.18809E+22
   0.17308E+04   0.60519E+03   0.12388E+01   0.18812E+22
   0.17312E+04   0.60535E+03   0.12390E+01   0.18815E+22
   0.17316E+04   0.60550E+03   0.12392E+01   0.18818E+22
   0.17320E+04   0.60566E+03   0.12394E+01   0.18821E+22
   0.17323E+04   0.60581E+03   0.12396E+01   0.18824E+22
   0.17327E+04   0.60597E+03   0.12398E+01   0.18827E+22
   0.17331E+04   0.60613E+03   0.12400E+01   0.18829E+22
   0.17335E+04   0.60628E+03   0.12402E+01   0.18832E+22
   0.17338E+04   0.60644E+03   0.12404E+01   0.18835E+22
   0.17342E+04   0.60659E+03   0.12406E+01   0.18838E+22
   0.17346E+04   0.60675E+03   0.12408E+01   0.18841E+22
   0.17350E+04   0.60690E+03   0.12410E+01   0.18844E+22
   0.17354E+04   0.60706E+03   0.12412E+01   0.18847E+22
   0.17357E+04   0.60721E+03   0.12414E+01   0.18850E+22
   0.17361E+04   0.60737E+03   0.12416E+01   0.18853E+22
   0.17365E+04   0.60753E+03   0.12418E+01   0.18855E+22
   0.17369E+04   0.60768E+03   0.12420E+01   0.18858E+22
   0.17372E+04   0.60784E+03   0.12422E+01   0.18861E+22
   0.17376E+04   0.60799E+03   0.12424E+01   0.18864E+22
   0.17380E+04   0.60815E+03   0.12426E+01   0.18867E+22
   0.17384E+04   0.60830E+03   0.12428E+01   0.18870E+22
   0.17388E+04   0.60846E+03   0.12430E+01   0.18873E+22
   0.17391E+04   0.60862E+03   0.12432E+01   0.18876E+22
   0.17395E+04   0.60877E+03   0.12434E+01   0.18878E+22
   0.17399E+04   0.60893E+03   0.12436E+01   0.18881E+22
   0.17403E+04   0.60908E+03   0.12438E+01   0.18884E+22
   0.17406E+04   0.60924E+03   0.12440E+01   0.18887E+22
   0.17410E+04   0.60939E+03   0.12442E+01   0.18890E+22
   0.17414E+04   0.60955E+03   0.12444E+01   0.18893E+22
   0.17418E+04   0.60971E+03   0.12446E+01   0.18896E+22
   0.17422E+04   0.60986E+03   0.12448E+01   0.18899E+22
   0.17425E+04   0.61002E+03   0.12450E+01   0.18901E+22
   0.17429E+04   0.61017E+03   0.12452E+01   0.18904E+22
   0.17433E+04   0.61033E+03   0.12454E+01   0.18907E+22
   0.17437E+04   0.61048E+03   0.12456E+01   0.18910E+22
   0.17440E+04   0.61064E+03   0.12458E+01   0.18913E+22
   0.17444E+04   0.61080E+03   0.12460E+01   0.18916E+22
   0.17448E+04   0.61095E+03   0.12462E+01   0.18919E+22
   0.17452E+04   0.61111E+03   0.12464E+01   0.18922E+22
   0.17456E+04   0.61126E+03   0.12466E+01   0.18925E+22
   0.17459E+04   0.61142E+03   0.12468E+01   0.18927E+22
   0.17463E+04   0.61157E+03   0.12470E+01   0.18930E+22
   0.17467E+04   0.61173E+03   0.12472E+01   0.18933E+22
   0.17471E+04   0.61189E+03   0.12474E+01   0.18936E+22
   0.17474E+04   0.61204E+03   0.12476E+01   0.18939E+22
   0.17478E+04   0.61220E+03   0.12478E+01   0.18942E+22
   0.17482E+04   0.61235E+03   0.12480E+01   0.18945E+22
   0.17486E+04   0.61251E+03   0.12482E+01   0.18948E+22
   0.17490E+04   0.61266E+03   0.12484E+01   0.18950E+22
   0.17493E+04   0.61282E+03   0.12486E+01   0.18953E+22
   0.17497E+04   0.61298E+03   0.12488E+01   0.18956E+22
   0.17501E+04   0.61313E+03   0.12490E+01   0.18959E+22
   0.17505E+04   0.61329E+03   0.12492E+01   0.18962E+22
   0.17509E+04   0.61344E+03   0.12494E+01   0.18965E+22
   0.17512E+04   0.61360E+03   0.12496E+01   0.18968E+22
   0.17516E+04   0.61376E+03   0.12498E+01   0.18971E+22
   0.17520E+04   0.61391E+03   0.12500E+01   0.18974E+22
   0.17524E+04   0.61407E+03   0.12502E+01   0.18976E+22
   0.17527E+04   0.61422E+03   0.12504E+01   0.18979E+22
   0.17531E+04   0.61438E+03   0.12506E+01   0.18982E+22
   0.17535E+04   0.61454E+03   0.12508E+01   0.18985E+22
   0.17539E+04   0.61469E+03   0.12510E+01   0.18988E+22
   0.17543E+04   0.61485E+03   0.12512E+01   0.18991E+22
   0.17546E+04   0.61500E+03   0.12514E+01   0.18994E+22
   0.17550E+04   0.61516E+03   0.12516E+01   0.18997E+22
   0.17554E+04   0.61532E+03   0.12518E+01   0.18999E+22
   0.17558E+04   0.61547E+03   0.12520E+01   0.19002E+22
   0.17562E+04   0.61563E+03   0.12522E+01   0.19005E+22
   0.17565E+04   0.61578E+03   0.12524E+01   0.19008E+22
   0.17569E+04   0.61594E+03   0.12526E+01   0.19011E+22
   0.17573E+04   0.61610E+03   0.12528E+01   0.19014E+22
   0.17577E+04   0.61625E+03   0.12530E+01   0.19017E+22
   0.17580E+04   0.61641E+03   0.12532E+01   0.19020E+22
   0.17584E+04   0.61656E+03   0.12534E+01   0.19023E+22
   0.17588E+04   0.61672E+03   0.12536E+01   0.19025E+22
   0.17592E+04   0.61688E+03   0.12538E+01   0.19028E+22
   0.17596E+04   0.61703E+03   0.12540E+01   0.19031E+22
   0.17599E+04   0.61719E+03   0.12542E+01   0.19034E+22
   0.17603E+04   0.61734E+03   0.12544E+01   0.19037E+22
   0.17607E+04   0.61750E+03   0.12546E+01   0.19040E+22
   0.17611E+04   0.61766E+03   0.12548E+01   0.19043E+22
   0.17615E+04   0.61781E+03   0.12550E+01   0.19046E+22
   0.17618E+04   0.61797E+03   0.12552E+01   0.19048E+22
   0.17622E+04   0.61813E+03   0.12554E+01   0.19051E+22
   0.17626E+04   0.61828E+03   0.12556E+01   0.19054E+22
   0.17630E+04   0.61844E+03   0.12558E+01   0.19057E+22
   0.17634E+04   0.61859E+03   0.12560E+01   0.19060E+22
   0.17637E+04   0.61875E+03   0.12562E+01   0.19063E+22
   0.17641E+04   0.61891E+03   0.12564E+01   0.19066E+22
   0.17645E+04   0.61906E+03   0.12566E+01   0.19069E+22
   0.17649E+04   0.61922E+03   0.12568E+01   0.19072E+22
   0.17653E+04   0.61937E+03   0.12570E+01   0.19074E+22
   0.17656E+04   0.61953E+03   0.12572E+01   0.19077E+22
   0.17660E+04   0.61969E+03   0.12574E+01   0.19080E+22
   0.17664E+04   0.61984E+03   0.12576E+01   0.19083E+22
   0.17668E+04   0.62000E+03   0.12578E+01   0.19086E+22
   0.17672E+04   0.62016E+03   0.12580E+01   0.19089E+22
   0.17675E+04   0.62031E+03   0.12582E+01   0.19092E+22
   0.17679E+04   0.62047E+03   0.12584E+01   0.19095E+22
   0.17683E+04   0.62062E+03   0.12586E+01   0.19098E+22
   0.17687E+04   0.62078E+03   0.12588E+01   0.19100E+22
   0.17690E+04   0.62094E+03   0.12590E+01   0.19103E+22
   0.17694E+04   0.62109E+03   0.12592E+01   0.19106E+22
   0.17698E+04   0.62125E+03   0.12594E+01   0.19109E+22
   0.17702E+04   0.62141E+03   0.12596E+01   0.19112E+22
   0.17706E+04   0.62156E+03   0.12598E+01   0.19115E+22
   0.17709E+04   0.62172E+03   0.12600E+01   0.19118E+22
   0.17713E+04   0.62188E+03   0.12602E+01   0.19121E+22
   0.17717E+04   0.62203E+03   0.12604E+01   0.19124E+22
   0.17721E+04   0.62219E+03   0.12606E+01   0.19126E+22
   0.17725E+04   0.62234E+03   0.12608E+01   0.19129E+22
   0.17728E+04   0.62250E+03   0.12610E+01   0.19132E+22
   0.17732E+04   0.62266E+03   0.12612E+01   0.19135E+22
   0.17736E+04   0.62281E+03   0.12614E+01   0.19138E+22
   0.17740E+04   0.62297E+03   0.12616E+01   0.19141E+22
   0.17744E+04   0.62313E+03   0.12618E+01   0.19144E+22
   0.17747E+04   0.62328E+03   0.12620E+01   0.19147E+22
   0.17751E+04   0.62344E+03   0.12622E+01   0.19149E+22
   0.17755E+04   0.62360E+03   0.12624E+01   0.19152E+22
   0.17759E+04   0.62375E+03   0.12626E+01   0.19155E+22
   0.17763E+04   0.62391E+03   0.12628E+01   0.19158E+22
   0.17766E+04   0.62406E+03   0.12630E+01   0.19161E+22
   0.17770E+04   0.62422E+03   0.12632E+01   0.19164E+22
   0.17774E+04   0.62438E+03   0.12634E+01   0.19167E+22
   0.17778E+04   0.62453E+03   0.12636E+01   0.19170E+22
   0.17782E+04   0.62469E+03   0.12638E+01   0.19173E+22
   0.17785E+04   0.62485E+03   0.12640E+01   0.19175E+22
   0.17789E+04   0.62500E+03   0.12642E+01   0.19178E+22
   0.17793E+04   0.62516E+03   0.12644E+01   0.19181E+22
   0.17797E+04   0.62532E+03   0.12646E+01   0.19184E+22
   0.17801E+04   0.62547E+03   0.12648E+01   0.19187E+22
   0.17804E+04   0.62563E+03   0.12650E+01   0.19190E+22
   0.17808E+04   0.62579E+03   0.12652E+01   0.19193E+22
   0.17812E+04   0.62594E+03   0.12654E+01   0.19196E+22
   0.17816E+04   0.62610E+03   0.12656E+01   0.19199E+22
   0.17820E+04   0.62626E+03   0.12658E+01   0.19201E+22
   0.17824E+04   0.62641E+03   0.12660E+01   0.19204E+22
   0.17827E+04   0.62657E+03   0.12662E+01   0.19207E+22
   0.17831E+04   0.62673E+03   0.12664E+01   0.19210E+22
   0.17835E+04   0.62688E+03   0.12666E+01   0.19213E+22
   0.17839E+04   0.62704E+03   0.12668E+01   0.19216E+22
   0.17843E+04   0.62720E+03   0.12670E+01   0.19219E+22
   0.17846E+04   0.62735E+03   0.12672E+01   0.19222E+22
   0.17850E+04   0.62751E+03   0.12674E+01   0.19225E+22
   0.17854E+04   0.62767E+03   0.12676E+01   0.19227E+22
   0.17858E+04   0.62782E+03   0.12678E+01   0.19230E+22
   0.17862E+04   0.62798E+03   0.12680E+01   0.19233E+22
   0.17865E+04   0.62814E+03   0.12682E+01   0.19236E+22
   0.17869E+04   0.62829E+03   0.12684E+01   0.19239E+22
   0.17873E+04   0.62845E+03   0.12686E+01   0.19242E+22
   0.17877E+04   0.62861E+03   0.12688E+01   0.19245E+22
   0.17881E+04   0.62876E+03   0.12690E+01   0.19248E+22
   0.17884E+04   0.62892E+03   0.12692E+01   0.19251E+22
   0.17888E+04   0.62908E+03   0.12694E+01   0.19253E+22
   0.17892E+04   0.62923E+03   0.12696E+01   0.19256E+22
   0.17896E+04   0.62939E+03   0.12698E+01   0.19259E+22
   0.17900E+04   0.62955E+03   0.12700E+01   0.19262E+22
   0.17903E+04   0.62970E+03   0.12702E+01   0.19265E+22
   0.17907E+04   0.62986E+03   0.12704E+01   0.19268E+22
   0.17911E+04   0.63002E+03   0.12706E+01   0.19271E+22
   0.17915E+04   0.63017E+03   0.12708E+01   0.19274E+22
   0.17919E+04   0.63033E+03   0.12710E+01   0.19277E+22
   0.17923E+04   0.63049E+03   0.12712E+01   0.19279E+22
   0.17926E+04   0.63064E+03   0.12714E+01   0.19282E+22
   0.17930E+04   0.63080E+03   0.12716E+01   0.19285E+22
   0.17934E+04   0.63096E+03   0.12718E+01   0.19288E+22
   0.17938E+04   0.63111E+03   0.12720E+01   0.19291E+22
   0.17942E+04   0.63127E+03   0.12722E+01   0.19294E+22
   0.17945E+04   0.63143E+03   0.12724E+01   0.19297E+22
   0.17949E+04   0.63158E+03   0.12726E+01   0.19300E+22
   0.17953E+04   0.63174E+03   0.12728E+01   0.19303E+22
   0.17957E+04   0.63190E+03   0.12730E+01   0.19305E+22
   0.17961E+04   0.63206E+03   0.12732E+01   0.19308E+22
   0.17964E+04   0.63221E+03   0.12734E+01   0.19311E+22
   0.17968E+04   0.63237E+03   0.12736E+01   0.19314E+22
   0.17972E+04   0.63253E+03   0.12738E+01   0.19317E+22
   0.17976E+04   0.63268E+03   0.12740E+01   0.19320E+22
   0.17980E+04   0.63284E+03   0.12742E+01   0.19323E+22
   0.17984E+04   0.63300E+03   0.12744E+01   0.19326E+22
   0.17987E+04   0.63315E+03   0.12746E+01   0.19329E+22
   0.17991E+04   0.63331E+03   0.12748E+01   0.19331E+22
   0.17995E+04   0.63347E+03   0.12750E+01   0.19334E+22
   0.17999E+04   0.63362E+03   0.12752E+01   0.19337E+22
   0.18003E+04   0.63378E+03   0.12754E+01   0.19340E+22
   0.18006E+04   0.63394E+03   0.12756E+01   0.19343E+22
   0.18010E+04   0.63410E+03   0.12758E+01   0.19346E+22
   0.18014E+04   0.63425E+03   0.12760E+01   0.19349E+22
   0.18018E+04   0.63441E+03   0.12762E+01   0.19352E+22
   0.18022E+04   0.63457E+03   0.12764E+01   0.19355E+22
   0.18026E+04   0.63472E+03   0.12766E+01   0.19358E+22
   0.18029E+04   0.63488E+03   0.12768E+01   0.19360E+22
   0.18033E+04   0.63504E+03   0.12770E+01   0.19363E+22
   0.18037E+04   0.63519E+03   0.12772E+01   0.19366E+22
   0.18041E+04   0.63535E+03   0.12774E+01   0.19369E+22
   0.18045E+04   0.63551E+03   0.12776E+01   0.19372E+22
   0.18048E+04   0.63567E+03   0.12778E+01   0.19375E+22
   0.18052E+04   0.63582E+03   0.12780E+01   0.19378E+22
   0.18056E+04   0.63598E+03   0.12782E+01   0.19381E+22
   0.18060E+04   0.63614E+03   0.12784E+01   0.19384E+22
   0.18064E+04   0.63629E+03   0.12786E+01   0.19386E+22
   0.18068E+04   0.63645E+03   0.12788E+01   0.19389E+22
   0.18071E+04   0.63661E+03   0.12790E+01   0.19392E+22
   0.18075E+04   0.63676E+03   0.12792E+01   0.19395E+22
   0.18079E+04   0.63692E+03   0.12794E+01   0.19398E+22
   0.18083E+04   0.63708E+03   0.12796E+01   0.19401E+22
   0.18087E+04   0.63724E+03   0.12798E+01   0.19404E+22
   0.18090E+04   0.63739E+03   0.12800E+01   0.19407E+22
   0.18094E+04   0.63755E+03   0.12802E+01   0.19410E+22
   0.18098E+04   0.63771E+03   0.12804E+01   0.19412E+22
   0.18102E+04   0.63787E+03   0.12806E+01   0.19415E+22
   0.18106E+04   0.63802E+03   0.12808E+01   0.19418E+22
   0.18110E+04   0.63818E+03   0.12810E+01   0.19421E+22
   0.18113E+04   0.63834E+03   0.12812E+01   0.19424E+22
   0.18117E+04   0.63849E+03   0.12814E+01   0.19427E+22
   0.18121E+04   0.63865E+03   0.12816E+01   0.19430E+22
   0.18125E+04   0.63881E+03   0.12818E+01   0.19433E+22
   0.18129E+04   0.63897E+03   0.12820E+01   0.19436E+22
   0.18133E+04   0.63912E+03   0.12822E+01   0.19439E+22
   0.18136E+04   0.63928E+03   0.12824E+01   0.19441E+22
   0.18140E+04   0.63944E+03   0.12826E+01   0.19444E+22
   0.18144E+04   0.63959E+03   0.12828E+01   0.19447E+22
   0.18148E+04   0.63975E+03   0.12830E+01   0.19450E+22
   0.18152E+04   0.63991E+03   0.12832E+01   0.19453E+22
   0.18156E+04   0.64007E+03   0.12834E+01   0.19456E+22
   0.18159E+04   0.64022E+03   0.12836E+01   0.19459E+22
   0.18163E+04   0.64038E+03   0.12838E+01   0.19462E+22
   0.18167E+04   0.64054E+03   0.12840E+01   0.19465E+22
   0.18171E+04   0.64070E+03   0.12842E+01   0.19467E+22
   0.18175E+04   0.64085E+03   0.12844E+01   0.19470E+22
   0.18178E+04   0.64101E+03   0.12846E+01   0.19473E+22
   0.18182E+04   0.64117E+03   0.12848E+01   0.19476E+22
   0.18186E+04   0.64132E+03   0.12850E+01   0.19479E+22
   0.18190E+04   0.64148E+03   0.12852E+01   0.19482E+22
   0.18194E+04   0.64164E+03   0.12854E+01   0.19485E+22
   0.18198E+04   0.64180E+03   0.12856E+01   0.19488E+22
   0.18201E+04   0.64195E+03   0.12858E+01   0.19491E+22
   0.18205E+04   0.64211E+03   0.12860E+01   0.19493E+22
   0.18209E+04   0.64227E+03   0.12862E+01   0.19496E+22
   0.18213E+04   0.64243E+03   0.12864E+01   0.19499E+22
   0.18217E+04   0.64258E+03   0.12866E+01   0.19502E+22
   0.18221E+04   0.64274E+03   0.12868E+01   0.19505E+22
   0.18224E+04   0.64290E+03   0.12870E+01   0.19508E+22
   0.18228E+04   0.64306E+03   0.12872E+01   0.19511E+22
   0.18232E+04   0.64321E+03   0.12874E+01   0.19514E+22
   0.18236E+04   0.64337E+03   0.12876E+01   0.19517E+22
   0.18240E+04   0.64353E+03   0.12878E+01   0.19520E+22
   0.18244E+04   0.64369E+03   0.12880E+01   0.19522E+22
   0.18247E+04   0.64384E+03   0.12882E+01   0.19525E+22
   0.18251E+04   0.64400E+03   0.12884E+01   0.19528E+22
   0.18255E+04   0.64416E+03   0.12886E+01   0.19531E+22
   0.18259E+04   0.64432E+03   0.12888E+01   0.19534E+22
   0.18263E+04   0.64447E+03   0.12890E+01   0.19537E+22
   0.18267E+04   0.64463E+03   0.12892E+01   0.19540E+22
   0.18270E+04   0.64479E+03   0.12894E+01   0.19543E+22
   0.18274E+04   0.64495E+03   0.12896E+01   0.19546E+22
   0.18278E+04   0.64510E+03   0.12898E+01   0.19549E+22
   0.18282E+04   0.64526E+03   0.12900E+01   0.19551E+22
   0.18286E+04   0.64542E+03   0.12902E+01   0.19554E+22
   0.18290E+04   0.64558E+03   0.12904E+01   0.19557E+22
   0.18293E+04   0.64573E+03   0.12906E+01   0.19560E+22
   0.18297E+04   0.64589E+03   0.12908E+01   0.19563E+22
   0.18301E+04   0.64605E+03   0.12910E+01   0.19566E+22
   0.18305E+04   0.64621E+03   0.12912E+01   0.19569E+22
   0.18309E+04   0.64636E+03   0.12914E+01   0.19572E+22
   0.18313E+04   0.64652E+03   0.12916E+01   0.19575E+22
   0.18316E+04   0.64668E+03   0.12918E+01   0.19577E+22
   0.18320E+04   0.64684E+03   0.12920E+01   0.19580E+22
   0.18324E+04   0.64699E+03   0.12922E+01   0.19583E+22
   0.18328E+04   0.64715E+03   0.12924E+01   0.19586E+22
   0.18332E+04   0.64731E+03   0.12926E+01   0.19589E+22
   0.18336E+04   0.64747E+03   0.12928E+01   0.19592E+22
   0.18339E+04   0.64763E+03   0.12930E+01   0.19595E+22
   0.18343E+04   0.64778E+03   0.12932E+01   0.19598E+22
   0.18347E+04   0.64794E+03   0.12934E+01   0.19601E+22
   0.18351E+04   0.64810E+03   0.12936E+01   0.19604E+22
   0.18355E+04   0.64826E+03   0.12938E+01   0.19606E+22
   0.18359E+04   0.64841E+03   0.12940E+01   0.19609E+22
   0.18362E+04   0.64857E+03   0.12942E+01   0.19612E+22
   0.18366E+04   0.64873E+03   0.12944E+01   0.19615E+22
   0.18370E+04   0.64889E+03   0.12946E+01   0.19618E+22
   0.18374E+04   0.64904E+03   0.12948E+01   0.19621E+22
   0.18378E+04   0.64920E+03   0.12950E+01   0.19624E+22
   0.18382E+04   0.64936E+03   0.12952E+01   0.19627E+22
   0.18386E+04   0.64952E+03   0.12954E+01   0.19630E+22
   0.18389E+04   0.64968E+03   0.12956E+01   0.19633E+22
   0.18393E+04   0.64983E+03   0.12958E+01   0.19635E+22
   0.18397E+04   0.64999E+03   0.12960E+01   0.19638E+22
   0.18401E+04   0.65015E+03   0.12962E+01   0.19641E+22
   0.18405E+04   0.65031E+03   0.12964E+01   0.19644E+22
   0.18409E+04   0.65046E+03   0.12966E+01   0.19647E+22
   0.18412E+04   0.65062E+03   0.12968E+01   0.19650E+22
   0.18416E+04   0.65078E+03   0.12970E+01   0.19653E+22
   0.18420E+04   0.65094E+03   0.12972E+01   0.19656E+22
   0.18424E+04   0.65110E+03   0.12974E+01   0.19659E+22
   0.18428E+04   0.65125E+03   0.12976E+01   0.19661E+22
   0.18432E+04   0.65141E+03   0.12978E+01   0.19664E+22
   0.18435E+04   0.65157E+03   0.12980E+01   0.19667E+22
   0.18439E+04   0.65173E+03   0.12982E+01   0.19670E+22
   0.18443E+04   0.65189E+03   0.12984E+01   0.19673E+22
   0.18447E+04   0.65204E+03   0.12986E+01   0.19676E+22
   0.18451E+04   0.65220E+03   0.12988E+01   0.19679E+22
   0.18455E+04   0.65236E+03   0.12990E+01   0.19682E+22
   0.18459E+04   0.65252E+03   0.12992E+01   0.19685E+22
   0.18462E+04   0.65267E+03   0.12994E+01   0.19688E+22
   0.18466E+04   0.65283E+03   0.12996E+01   0.19690E+22
   0.18470E+04   0.65299E+03   0.12998E+01   0.19693E+22
   0.18474E+04   0.65315E+03   0.13000E+01   0.19696E+22
   0.18478E+04   0.65331E+03   0.13002E+01   0.19699E+22
   0.18482E+04   0.65346E+03   0.13004E+01   0.19702E+22
   0.18485E+04   0.65362E+03   0.13006E+01   0.19705E+22
   0.18489E+04   0.65378E+03   0.13008E+01   0.19708E+22
   0.18493E+04   0.65394E+03   0.13010E+01   0.19711E+22
   0.18497E+04   0.65410E+03   0.13012E+01   0.19714E+22
   0.18501E+04   0.65425E+03   0.13014E+01   0.19717E+22
   0.18505E+04   0.65441E+03   0.13016E+01   0.19719E+22
   0.18509E+04   0.65457E+03   0.13018E+01   0.19722E+22
   0.18512E+04   0.65473E+03   0.13020E+01   0.19725E+22
   0.18516E+04   0.65489E+03   0.13022E+01   0.19728E+22
   0.18520E+04   0.65504E+03   0.13024E+01   0.19731E+22
   0.18524E+04   0.65520E+03   0.13026E+01   0.19734E+22
   0.18528E+04   0.65536E+03   0.13028E+01   0.19737E+22
   0.18532E+04   0.65552E+03   0.13030E+01   0.19740E+22
   0.18536E+04   0.65568E+03   0.13032E+01   0.19743E+22
   0.18539E+04   0.65584E+03   0.13034E+01   0.19746E+22
   0.18543E+04   0.65599E+03   0.13036E+01   0.19748E+22
   0.18547E+04   0.65615E+03   0.13038E+01   0.19751E+22
   0.18551E+04   0.65631E+03   0.13040E+01   0.19754E+22
   0.18555E+04   0.65647E+03   0.13042E+01   0.19757E+22
   0.18559E+04   0.65663E+03   0.13044E+01   0.19760E+22
   0.18562E+04   0.65678E+03   0.13046E+01   0.19763E+22
   0.18566E+04   0.65694E+03   0.13048E+01   0.19766E+22
   0.18570E+04   0.65710E+03   0.13050E+01   0.19769E+22
   0.18574E+04   0.65726E+03   0.13052E+01   0.19772E+22
   0.18578E+04   0.65742E+03   0.13054E+01   0.19775E+22
   0.18582E+04   0.65757E+03   0.13056E+01   0.19777E+22
   0.18586E+04   0.65773E+03   0.13058E+01   0.19780E+22
   0.18589E+04   0.65789E+03   0.13060E+01   0.19783E+22
   0.18593E+04   0.65805E+03   0.13062E+01   0.19786E+22
   0.18597E+04   0.65821E+03   0.13064E+01   0.19789E+22
   0.18601E+04   0.65837E+03   0.13066E+01   0.19792E+22
   0.18605E+04   0.65852E+03   0.13068E+01   0.19795E+22
   0.18609E+04   0.65868E+03   0.13070E+01   0.19798E+22
   0.18613E+04   0.65884E+03   0.13072E+01   0.19801E+22
   0.18616E+04   0.65900E+03   0.13074E+01   0.19804E+22
   0.18620E+04   0.65916E+03   0.13076E+01   0.19807E+22
   0.18624E+04   0.65931E+03   0.13078E+01   0.19809E+22
   0.18628E+04   0.65947E+03   0.13080E+01   0.19812E+22
   0.18632E+04   0.65963E+03   0.13082E+01   0.19815E+22
   0.18636E+04   0.65979E+03   0.13084E+01   0.19818E+22
   0.18640E+04   0.65995E+03   0.13086E+01   0.19821E+22
   0.18643E+04   0.66011E+03   0.13088E+01   0.19824E+22
   0.18647E+04   0.66026E+03   0.13090E+01   0.19827E+22
   0.18651E+04   0.66042E+03   0.13092E+01   0.19830E+22
   0.18655E+04   0.66058E+03   0.13094E+01   0.19833E+22
   0.18659E+04   0.66074E+03   0.13096E+01   0.19836E+22
   0.18663E+04   0.66090E+03   0.13098E+01   0.19838E+22
   0.18667E+04   0.66106E+03   0.13100E+01   0.19841E+22
   0.18670E+04   0.66121E+03   0.13102E+01   0.19844E+22
   0.18674E+04   0.66137E+03   0.13104E+01   0.19847E+22
   0.18678E+04   0.66153E+03   0.13106E+01   0.19850E+22
   0.18682E+04   0.66169E+03   0.13108E+01   0.19853E+22
   0.18686E+04   0.66185E+03   0.13110E+01   0.19856E+22
   0.18690E+04   0.66201E+03   0.13112E+01   0.19859E+22
   0.18694E+04   0.66216E+03   0.13114E+01   0.19862E+22
   0.18697E+04   0.66232E+03   0.13116E+01   0.19865E+22
   0.18701E+04   0.66248E+03   0.13118E+01   0.19867E+22
   0.18705E+04   0.66264E+03   0.13120E+01   0.19870E+22
   0.18709E+04   0.66280E+03   0.13122E+01   0.19873E+22
   0.18713E+04   0.66296E+03   0.13124E+01   0.19876E+22
   0.18717E+04   0.66312E+03   0.13126E+01   0.19879E+22
   0.18721E+04   0.66327E+03   0.13128E+01   0.19882E+22
   0.18725E+04   0.66343E+03   0.13130E+01   0.19885E+22
   0.18728E+04   0.66359E+03   0.13132E+01   0.19888E+22
   0.18732E+04   0.66375E+03   0.13134E+01   0.19891E+22
   0.18736E+04   0.66391E+03   0.13136E+01   0.19894E+22
   0.18740E+04   0.66407E+03   0.13138E+01   0.19896E+22
   0.18744E+04   0.66422E+03   0.13140E+01   0.19899E+22
   0.18748E+04   0.66438E+03   0.13142E+01   0.19902E+22
   0.18752E+04   0.66454E+03   0.13144E+01   0.19905E+22
   0.18755E+04   0.66470E+03   0.13146E+01   0.19908E+22
   0.18759E+04   0.66486E+03   0.13148E+01   0.19911E+22
   0.18763E+04   0.66502E+03   0.13150E+01   0.19914E+22
   0.18767E+04   0.66518E+03   0.13152E+01   0.19917E+22
   0.18771E+04   0.66533E+03   0.13154E+01   0.19920E+22
   0.18775E+04   0.66549E+03   0.13156E+01   0.19923E+22
   0.18779E+04   0.66565E+03   0.13158E+01   0.19926E+22
   0.18782E+04   0.66581E+03   0.13160E+01   0.19928E+22
   0.18786E+04   0.66597E+03   0.13162E+01   0.19931E+22
   0.18790E+04   0.66613E+03   0.13164E+01   0.19934E+22
   0.18794E+04   0.66629E+03   0.13166E+01   0.19937E+22
   0.18798E+04   0.66644E+03   0.13168E+01   0.19940E+22
   0.18802E+04   0.66660E+03   0.13170E+01   0.19943E+22
   0.18806E+04   0.66676E+03   0.13172E+01   0.19946E+22
   0.18810E+04   0.66692E+03   0.13174E+01   0.19949E+22
   0.18813E+04   0.66708E+03   0.13176E+01   0.19952E+22
   0.18817E+04   0.66724E+03   0.13178E+01   0.19955E+22
   0.18821E+04   0.66740E+03   0.13180E+01   0.19957E+22
   0.18825E+04   0.66756E+03   0.13182E+01   0.19960E+22
   0.18829E+04   0.66771E+03   0.13184E+01   0.19963E+22
   0.18833E+04   0.66787E+03   0.13186E+01   0.19966E+22
   0.18837E+04   0.66803E+03   0.13188E+01   0.19969E+22
   0.18841E+04   0.66819E+03   0.13190E+01   0.19972E+22
   0.18844E+04   0.66835E+03   0.13192E+01   0.19975E+22
   0.18848E+04   0.66851E+03   0.13194E+01   0.19978E+22
   0.18852E+04   0.66867E+03   0.13196E+01   0.19981E+22
   0.18856E+04   0.66882E+03   0.13198E+01   0.19984E+22
   0.18860E+04   0.66898E+03   0.13200E+01   0.19987E+22
   0.18864E+04   0.66914E+03   0.13202E+01   0.19989E+22
   0.18868E+04   0.66930E+03   0.13204E+01   0.19992E+22
   0.18871E+04   0.66946E+03   0.13206E+01   0.19995E+22
   0.18875E+04   0.66962E+03   0.13208E+01   0.19998E+22
   0.18879E+04   0.66978E+03   0.13210E+01   0.20001E+22
   0.18883E+04   0.66994E+03   0.13212E+01   0.20004E+22
   0.18887E+04   0.67009E+03   0.13214E+01   0.20007E+22
   0.18891E+04   0.67025E+03   0.13216E+01   0.20010E+22
   0.18895E+04   0.67041E+03   0.13218E+01   0.20013E+22
   0.18899E+04   0.67057E+03   0.13220E+01   0.20016E+22
   0.18902E+04   0.67073E+03   0.13222E+01   0.20018E+22
   0.18906E+04   0.67089E+03   0.13224E+01   0.20021E+22
   0.18910E+04   0.67105E+03   0.13226E+01   0.20024E+22
   0.18914E+04   0.67121E+03   0.13228E+01   0.20027E+22
   0.18918E+04   0.67137E+03   0.13230E+01   0.20030E+22
   0.18922E+04   0.67152E+03   0.13232E+01   0.20033E+22
   0.18926E+04   0.67168E+03   0.13234E+01   0.20036E+22
   0.18930E+04   0.67184E+03   0.13236E+01   0.20039E+22
   0.18933E+04   0.67200E+03   0.13238E+01   0.20042E+22
   0.18937E+04   0.67216E+03   0.13240E+01   0.20045E+22
   0.18941E+04   0.67232E+03   0.13242E+01   0.20048E+22
   0.18945E+04   0.67248E+03   0.13244E+01   0.20050E+22
   0.18949E+04   0.67264E+03   0.13246E+01   0.20053E+22
   0.18953E+04   0.67280E+03   0.13248E+01   0.20056E+22
   0.18957E+04   0.67295E+03   0.13250E+01   0.20059E+22
   0.18961E+04   0.67311E+03   0.13252E+01   0.20062E+22
   0.18964E+04   0.67327E+03   0.13254E+01   0.20065E+22
   0.18968E+04   0.67343E+03   0.13256E+01   0.20068E+22
   0.18972E+04   0.67359E+03   0.13258E+01   0.20071E+22
   0.18976E+04   0.67375E+03   0.13260E+01   0.20074E+22
   0.18980E+04   0.67391E+03   0.13262E+01   0.20077E+22
   0.18984E+04   0.67407E+03   0.13264E+01   0.20080E+22
   0.18988E+04   0.67423E+03   0.13266E+01   0.20082E+22
   0.18992E+04   0.67439E+03   0.13268E+01   0.20085E+22
   0.18995E+04   0.67454E+03   0.13270E+01   0.20088E+22
   0.18999E+04   0.67470E+03   0.13272E+01   0.20091E+22
   0.19003E+04   0.67486E+03   0.13274E+01   0.20094E+22
   0.19007E+04   0.67502E+03   0.13276E+01   0.20097E+22
   0.19011E+04   0.67518E+03   0.13278E+01   0.20100E+22
   0.19015E+04   0.67534E+03   0.13280E+01   0.20103E+22
   0.19019E+04   0.67550E+03   0.13282E+01   0.20106E+22
   0.19023E+04   0.67566E+03   0.13284E+01   0.20109E+22
   0.19027E+04   0.67582E+03   0.13286E+01   0.20112E+22
   0.19030E+04   0.67598E+03   0.13288E+01   0.20114E+22
   0.19034E+04   0.67613E+03   0.13290E+01   0.20117E+22
   0.19038E+04   0.67629E+03   0.13292E+01   0.20120E+22
   0.19042E+04   0.67645E+03   0.13294E+01   0.20123E+22
   0.19046E+04   0.67661E+03   0.13296E+01   0.20126E+22
   0.19050E+04   0.67677E+03   0.13298E+01   0.20129E+22
   0.19054E+04   0.67693E+03   0.13300E+01   0.20132E+22
   0.19058E+04   0.67709E+03   0.13302E+01   0.20135E+22
   0.19061E+04   0.67725E+03   0.13304E+01   0.20138E+22
   0.19065E+04   0.67741E+03   0.13306E+01   0.20141E+22
   0.19069E+04   0.67757E+03   0.13308E+01   0.20144E+22
   0.19073E+04   0.67773E+03   0.13310E+01   0.20146E+22
   0.19077E+04   0.67789E+03   0.13312E+01   0.20149E+22
   0.19081E+04   0.67804E+03   0.13314E+01   0.20152E+22
   0.19085E+04   0.67820E+03   0.13316E+01   0.20155E+22
   0.19089E+04   0.67836E+03   0.13318E+01   0.20158E+22
   0.19093E+04   0.67852E+03   0.13320E+01   0.20161E+22
   0.19096E+04   0.67868E+03   0.13322E+01   0.20164E+22
   0.19100E+04   0.67884E+03   0.13324E+01   0.20167E+22
   0.19104E+04   0.67900E+03   0.13326E+01   0.20170E+22
   0.19108E+04   0.67916E+03   0.13328E+01   0.20173E+22
   0.19112E+04   0.67932E+03   0.13330E+01   0.20176E+22
   0.19116E+04   0.67948E+03   0.13332E+01   0.20178E+22
   0.19120E+04   0.67964E+03   0.13334E+01   0.20181E+22
   0.19124E+04   0.67980E+03   0.13336E+01   0.20184E+22
   0.19128E+04   0.67996E+03   0.13338E+01   0.20187E+22
   0.19131E+04   0.68011E+03   0.13340E+01   0.20190E+22
   0.19135E+04   0.68027E+03   0.13342E+01   0.20193E+22
   0.19139E+04   0.68043E+03   0.13344E+01   0.20196E+22
   0.19143E+04   0.68059E+03   0.13346E+01   0.20199E+22
   0.19147E+04   0.68075E+03   0.13348E+01   0.20202E+22
   0.19151E+04   0.68091E+03   0.13350E+01   0.20205E+22
   0.19155E+04   0.68107E+03   0.13352E+01   0.20208E+22
   0.19159E+04   0.68123E+03   0.13354E+01   0.20210E+22
   0.19163E+04   0.68139E+03   0.13356E+01   0.20213E+22
   0.19166E+04   0.68155E+03   0.13358E+01   0.20216E+22
   0.19170E+04   0.68171E+03   0.13360E+01   0.20219E+22
   0.19174E+04   0.68187E+03   0.13362E+01   0.20222E+22
   0.19178E+04   0.68203E+03   0.13364E+01   0.20225E+22
   0.19182E+04   0.68219E+03   0.13366E+01   0.20228E+22
   0.19186E+04   0.68235E+03   0.13368E+01   0.20231E+22
   0.19190E+04   0.68250E+03   0.13370E+01   0.20234E+22
   0.19194E+04   0.68266E+03   0.13372E+01   0.20237E+22
   0.19198E+04   0.68282E+03   0.13374E+01   0.20240E+22
   0.19201E+04   0.68298E+03   0.13376E+01   0.20242E+22
   0.19205E+04   0.68314E+03   0.13378E+01   0.20245E+22
   0.19209E+04   0.68330E+03   0.13380E+01   0.20248E+22
   0.19213E+04   0.68346E+03   0.13382E+01   0.20251E+22
   0.19217E+04   0.68362E+03   0.13384E+01   0.20254E+22
   0.19221E+04   0.68378E+03   0.13386E+01   0.20257E+22
   0.19225E+04   0.68394E+03   0.13388E+01   0.20260E+22
   0.19229E+04   0.68410E+03   0.13390E+01   0.20263E+22
   0.19233E+04   0.68426E+03   0.13392E+01   0.20266E+22
   0.19236E+04   0.68442E+03   0.13394E+01   0.20269E+22
   0.19240E+04   0.68458E+03   0.13396E+01   0.20272E+22
   0.19244E+04   0.68474E+03   0.13398E+01   0.20274E+22
   0.19248E+04   0.68490E+03   0.13400E+01   0.20277E+22
   0.19252E+04   0.68506E+03   0.13402E+01   0.20280E+22
   0.19256E+04   0.68522E+03   0.13404E+01   0.20283E+22
   0.19260E+04   0.68537E+03   0.13406E+01   0.20286E+22
   0.19264E+04   0.68553E+03   0.13408E+01   0.20289E+22
   0.19268E+04   0.68569E+03   0.13410E+01   0.20292E+22
   0.19272E+04   0.68585E+03   0.13412E+01   0.20295E+22
   0.19275E+04   0.68601E+03   0.13414E+01   0.20298E+22
   0.19279E+04   0.68617E+03   0.13416E+01   0.20301E+22
   0.19283E+04   0.68633E+03   0.13418E+01   0.20304E+22
   0.19287E+04   0.68649E+03   0.13420E+01   0.20306E+22
   0.19291E+04   0.68665E+03   0.13422E+01   0.20309E+22
   0.19295E+04   0.68681E+03   0.13424E+01   0.20312E+22
   0.19299E+04   0.68697E+03   0.13426E+01   0.20315E+22
   0.19303E+04   0.68713E+03   0.13428E+01   0.20318E+22
   0.19307E+04   0.68729E+03   0.13430E+01   0.20321E+22
   0.19311E+04   0.68745E+03   0.13432E+01   0.20324E+22
   0.19314E+04   0.68761E+03   0.13434E+01   0.20327E+22
   0.19318E+04   0.68777E+03   0.13436E+01   0.20330E+22
   0.19322E+04   0.68793E+03   0.13438E+01   0.20333E+22
   0.19326E+04   0.68809E+03   0.13440E+01   0.20336E+22
   0.19330E+04   0.68825E+03   0.13442E+01   0.20339E+22
   0.19334E+04   0.68841E+03   0.13444E+01   0.20341E+22
   0.19338E+04   0.68857E+03   0.13446E+01   0.20344E+22
   0.19342E+04   0.68873E+03   0.13448E+01   0.20347E+22
   0.19346E+04   0.68889E+03   0.13450E+01   0.20350E+22
   0.19350E+04   0.68905E+03   0.13452E+01   0.20353E+22
   0.19353E+04   0.68921E+03   0.13454E+01   0.20356E+22
   0.19357E+04   0.68937E+03   0.13456E+01   0.20359E+22
   0.19361E+04   0.68953E+03   0.13458E+01   0.20362E+22
   0.19365E+04   0.68969E+03   0.13460E+01   0.20365E+22
   0.19369E+04   0.68984E+03   0.13462E+01   0.20368E+22
   0.19373E+04   0.69000E+03   0.13464E+01   0.20371E+22
   0.19377E+04   0.69016E+03   0.13466E+01   0.20373E+22
   0.19381E+04   0.69032E+03   0.13468E+01   0.20376E+22
   0.19385E+04   0.69048E+03   0.13470E+01   0.20379E+22
   0.19389E+04   0.69064E+03   0.13472E+01   0.20382E+22
   0.19392E+04   0.69080E+03   0.13474E+01   0.20385E+22
   0.19396E+04   0.69096E+03   0.13476E+01   0.20388E+22
   0.19400E+04   0.69112E+03   0.13478E+01   0.20391E+22
   0.19404E+04   0.69128E+03   0.13480E+01   0.20394E+22
   0.19408E+04   0.69144E+03   0.13482E+01   0.20397E+22
   0.19412E+04   0.69160E+03   0.13484E+01   0.20400E+22
   0.19416E+04   0.69176E+03   0.13486E+01   0.20403E+22
   0.19420E+04   0.69192E+03   0.13488E+01   0.20406E+22
   0.19424E+04   0.69208E+03   0.13490E+01   0.20408E+22
   0.19428E+04   0.69224E+03   0.13492E+01   0.20411E+22
   0.19431E+04   0.69240E+03   0.13494E+01   0.20414E+22
   0.19435E+04   0.69256E+03   0.13496E+01   0.20417E+22
   0.19439E+04   0.69272E+03   0.13498E+01   0.20420E+22
   0.19443E+04   0.69288E+03   0.13500E+01   0.20423E+22
   0.19447E+04   0.69304E+03   0.13502E+01   0.20426E+22
   0.19451E+04   0.69320E+03   0.13504E+01   0.20429E+22
   0.19455E+04   0.69336E+03   0.13506E+01   0.20432E+22
   0.19459E+04   0.69352E+03   0.13508E+01   0.20435E+22
   0.19463E+04   0.69368E+03   0.13510E+01   0.20438E+22
   0.19467E+04   0.69384E+03   0.13512E+01   0.20441E+22
   0.19471E+04   0.69400E+03   0.13514E+01   0.20443E+22
   0.19474E+04   0.69416E+03   0.13516E+01   0.20446E+22
   0.19478E+04   0.69432E+03   0.13518E+01   0.20449E+22
   0.19482E+04   0.69448E+03   0.13520E+01   0.20452E+22
   0.19486E+04   0.69464E+03   0.13522E+01   0.20455E+22
   0.19490E+04   0.69480E+03   0.13524E+01   0.20458E+22
   0.19494E+04   0.69496E+03   0.13526E+01   0.20461E+22
   0.19498E+04   0.69512E+03   0.13528E+01   0.20464E+22
   0.19502E+04   0.69528E+03   0.13530E+01   0.20467E+22
   0.19506E+04   0.69544E+03   0.13532E+01   0.20470E+22
   0.19510E+04   0.69560E+03   0.13534E+01   0.20473E+22
   0.19514E+04   0.69576E+03   0.13536E+01   0.20475E+22
   0.19517E+04   0.69592E+03   0.13538E+01   0.20478E+22
   0.19521E+04   0.69608E+03   0.13540E+01   0.20481E+22
   0.19525E+04   0.69624E+03   0.13542E+01   0.20484E+22
   0.19529E+04   0.69640E+03   0.13544E+01   0.20487E+22
   0.19533E+04   0.69656E+03   0.13546E+01   0.20490E+22
   0.19537E+04   0.69672E+03   0.13548E+01   0.20493E+22
   0.19541E+04   0.69688E+03   0.13550E+01   0.20496E+22
   0.19545E+04   0.69704E+03   0.13552E+01   0.20499E+22
   0.19549E+04   0.69720E+03   0.13554E+01   0.20502E+22
   0.19553E+04   0.69736E+03   0.13556E+01   0.20505E+22
   0.19557E+04   0.69752E+03   0.13558E+01   0.20508E+22
   0.19561E+04   0.69768E+03   0.13560E+01   0.20510E+22
   0.19564E+04   0.69784E+03   0.13562E+01   0.20513E+22
   0.19568E+04   0.69800E+03   0.13564E+01   0.20516E+22
   0.19572E+04   0.69816E+03   0.13566E+01   0.20519E+22
   0.19576E+04   0.69832E+03   0.13568E+01   0.20522E+22
   0.19580E+04   0.69848E+03   0.13570E+01   0.20525E+22
   0.19584E+04   0.69864E+03   0.13572E+01   0.20528E+22
   0.19588E+04   0.69880E+03   0.13574E+01   0.20531E+22
   0.19592E+04   0.69896E+03   0.13576E+01   0.20534E+22
   0.19596E+04   0.69912E+03   0.13578E+01   0.20537E+22
   0.19600E+04   0.69928E+03   0.13580E+01   0.20540E+22
   0.19604E+04   0.69944E+03   0.13582E+01   0.20543E+22
   0.19608E+04   0.69960E+03   0.13584E+01   0.20545E+22
   0.19611E+04   0.69976E+03   0.13586E+01   0.20548E+22
   0.19615E+04   0.69992E+03   0.13588E+01   0.20551E+22
   0.19619E+04   0.70008E+03   0.13590E+01   0.20554E+22
   0.19623E+04   0.70025E+03   0.13592E+01   0.20557E+22
   0.19627E+04   0.70041E+03   0.13594E+01   0.20560E+22
   0.19631E+04   0.70057E+03   0.13596E+01   0.20563E+22
   0.19635E+04   0.70073E+03   0.13598E+01   0.20566E+22
   0.19639E+04   0.70089E+03   0.13600E+01   0.20569E+22
   0.19643E+04   0.70105E+03   0.13602E+01   0.20572E+22
   0.19647E+04   0.70121E+03   0.13604E+01   0.20575E+22
   0.19651E+04   0.70137E+03   0.13606E+01   0.20578E+22
   0.19655E+04   0.70153E+03   0.13608E+01   0.20580E+22
   0.19658E+04   0.70169E+03   0.13610E+01   0.20583E+22
   0.19662E+04   0.70185E+03   0.13612E+01   0.20586E+22
   0.19666E+04   0.70201E+03   0.13614E+01   0.20589E+22
   0.19670E+04   0.70217E+03   0.13616E+01   0.20592E+22
   0.19674E+04   0.70233E+03   0.13618E+01   0.20595E+22
   0.19678E+04   0.70249E+03   0.13620E+01   0.20598E+22
   0.19682E+04   0.70265E+03   0.13622E+01   0.20601E+22
   0.19686E+04   0.70281E+03   0.13624E+01   0.20604E+22
   0.19690E+04   0.70297E+03   0.13626E+01   0.20607E+22
   0.19694E+04   0.70313E+03   0.13628E+01   0.20610E+22
   0.19698E+04   0.70329E+03   0.13630E+01   0.20613E+22
   0.19702E+04   0.70345E+03   0.13632E+01   0.20616E+22
   0.19706E+04   0.70361E+03   0.13634E+01   0.20618E+22
   0.19709E+04   0.70377E+03   0.13636E+01   0.20621E+22
   0.19713E+04   0.70393E+03   0.13638E+01   0.20624E+22
   0.19717E+04   0.70409E+03   0.13640E+01   0.20627E+22
   0.19721E+04   0.70425E+03   0.13642E+01   0.20630E+22
   0.19725E+04   0.70441E+03   0.13644E+01   0.20633E+22
   0.19729E+04   0.70457E+03   0.13646E+01   0.20636E+22
   0.19733E+04   0.70474E+03   0.13648E+01   0.20639E+22
   0.19737E+04   0.70490E+03   0.13650E+01   0.20642E+22
   0.19741E+04   0.70506E+03   0.13652E+01   0.20645E+22
   0.19745E+04   0.70522E+03   0.13654E+01   0.20648E+22
   0.19749E+04   0.70538E+03   0.13656E+01   0.20651E+22
   0.19753E+04   0.70554E+03   0.13658E+01   0.20653E+22
   0.19757E+04   0.70570E+03   0.13660E+01   0.20656E+22
   0.19760E+04   0.70586E+03   0.13662E+01   0.20659E+22
   0.19764E+04   0.70602E+03   0.13664E+01   0.20662E+22
   0.19768E+04   0.70618E+03   0.13666E+01   0.20665E+22
   0.19772E+04   0.70634E+03   0.13668E+01   0.20668E+22
   0.19776E+04   0.70650E+03   0.13670E+01   0.20671E+22
   0.19780E+04   0.70666E+03   0.13672E+01   0.20674E+22
   0.19784E+04   0.70682E+03   0.13674E+01   0.20677E+22
   0.19788E+04   0.70698E+03   0.13676E+01   0.20680E+22
   0.19792E+04   0.70714E+03   0.13678E+01   0.20683E+22
   0.19796E+04   0.70730E+03   0.13680E+01   0.20686E+22
   0.19800E+04   0.70746E+03   0.13682E+01   0.20688E+22
   0.19804E+04   0.70762E+03   0.13684E+01   0.20691E+22
   0.19808E+04   0.70779E+03   0.13686E+01   0.20694E+22
   0.19812E+04   0.70795E+03   0.13688E+01   0.20697E+22
   0.19815E+04   0.70811E+03   0.13690E+01   0.20700E+22
   0.19819E+04   0.70827E+03   0.13692E+01   0.20703E+22
   0.19823E+04   0.70843E+03   0.13694E+01   0.20706E+22
   0.19827E+04   0.70859E+03   0.13696E+01   0.20709E+22
   0.19831E+04   0.70875E+03   0.13698E+01   0.20712E+22
   0.19835E+04   0.70891E+03   0.13700E+01   0.20715E+22
   0.19839E+04   0.70907E+03   0.13702E+01   0.20718E+22
   0.19843E+04   0.70923E+03   0.13704E+01   0.20721E+22
   0.19847E+04   0.70939E+03   0.13706E+01   0.20724E+22
   0.19851E+04   0.70955E+03   0.13708E+01   0.20726E+22
   0.19855E+04   0.70971E+03   0.13710E+01   0.20729E+22
   0.19859E+04   0.70987E+03   0.13712E+01   0.20732E+22
   0.19863E+04   0.71003E+03   0.13714E+01   0.20735E+22
   0.19867E+04   0.71020E+03   0.13716E+01   0.20738E+22
   0.19870E+04   0.71036E+03   0.13718E+01   0.20741E+22
   0.19874E+04   0.71052E+03   0.13720E+01   0.20744E+22
   0.19878E+04   0.71068E+03   0.13722E+01   0.20747E+22
   0.19882E+04   0.71084E+03   0.13724E+01   0.20750E+22
   0.19886E+04   0.71100E+03   0.13726E+01   0.20753E+22
   0.19890E+04   0.71116E+03   0.13728E+01   0.20756E+22
   0.19894E+04   0.71132E+03   0.13730E+01   0.20759E+22
   0.19898E+04   0.71148E+03   0.13732E+01   0.20761E+22
   0.19902E+04   0.71164E+03   0.13734E+01   0.20764E+22
   0.19906E+04   0.71180E+03   0.13736E+01   0.20767E+22
   0.19910E+04   0.71196E+03   0.13738E+01   0.20770E+22
   0.19914E+04   0.71212E+03   0.13740E+01   0.20773E+22
   0.19918E+04   0.71229E+03   0.13742E+01   0.20776E+22
   0.19922E+04   0.71245E+03   0.13744E+01   0.20779E+22
   0.19926E+04   0.71261E+03   0.13746E+01   0.20782E+22
   0.19929E+04   0.71277E+03   0.13748E+01   0.20785E+22
   0.19933E+04   0.71293E+03   0.13750E+01   0.20788E+22
   0.19937E+04   0.71309E+03   0.13752E+01   0.20791E+22
   0.19941E+04   0.71325E+03   0.13754E+01   0.20794E+22
   0.19945E+04   0.71341E+03   0.13756E+01   0.20797E+22
   0.19949E+04   0.71357E+03   0.13758E+01   0.20799E+22
   0.19953E+04   0.71373E+03   0.13760E+01   0.20802E+22
   0.19957E+04   0.71389E+03   0.13762E+01   0.20805E+22
   0.19961E+04   0.71405E+03   0.13764E+01   0.20808E+22
   0.19965E+04   0.71422E+03   0.13766E+01   0.20811E+22
   0.19969E+04   0.71438E+03   0.13768E+01   0.20814E+22
   0.19973E+04   0.71454E+03   0.13770E+01   0.20817E+22
   0.19977E+04   0.71470E+03   0.13772E+01   0.20820E+22
   0.19981E+04   0.71486E+03   0.13774E+01   0.20823E+22
   0.19985E+04   0.71502E+03   0.13776E+01   0.20826E+22
   0.19989E+04   0.71518E+03   0.13778E+01   0.20829E+22
   0.19992E+04   0.71534E+03   0.13780E+01   0.20832E+22
   0.19996E+04   0.71550E+03   0.13782E+01   0.20835E+22
   0.20000E+04   0.71566E+03   0.13784E+01   0.20837E+22
   0.20004E+04   0.71583E+03   0.13786E+01   0.20840E+22
   0.20008E+04   0.71599E+03   0.13788E+01   0.20843E+22
   0.20012E+04   0.71615E+03   0.13790E+01   0.20846E+22
   0.20016E+04   0.71631E+03   0.13792E+01   0.20849E+22
   0.20020E+04   0.71647E+03   0.13794E+01   0.20852E+22
   0.20024E+04   0.71663E+03   0.13796E+01   0.20855E+22
   0.20028E+04   0.71679E+03   0.13798E+01   0.20858E+22
   0.20032E+04   0.71695E+03   0.13800E+01   0.20861E+22
   0.20036E+04   0.71711E+03   0.13802E+01   0.20864E+22
   0.20040E+04   0.71727E+03   0.13804E+01   0.20867E+22
   0.20044E+04   0.71744E+03   0.13806E+01   0.20870E+22
   0.20048E+04   0.71760E+03   0.13808E+01   0.20873E+22
   0.20052E+04   0.71776E+03   0.13810E+01   0.20875E+22
   0.20056E+04   0.71792E+03   0.13812E+01   0.20878E+22
   0.20059E+04   0.71808E+03   0.13814E+01   0.20881E+22
   0.20063E+04   0.71824E+03   0.13816E+01   0.20884E+22
   0.20067E+04   0.71840E+03   0.13818E+01   0.20887E+22
   0.20071E+04   0.71856E+03   0.13820E+01   0.20890E+22
   0.20075E+04   0.71872E+03   0.13822E+01   0.20893E+22
   0.20079E+04   0.71889E+03   0.13824E+01   0.20896E+22
   0.20083E+04   0.71905E+03   0.13826E+01   0.20899E+22
   0.20087E+04   0.71921E+03   0.13828E+01   0.20902E+22
   0.20091E+04   0.71937E+03   0.13830E+01   0.20905E+22
   0.20095E+04   0.71953E+03   0.13832E+01   0.20908E+22
   0.20099E+04   0.71969E+03   0.13834E+01   0.20911E+22
   0.20103E+04   0.71985E+03   0.13836E+01   0.20913E+22
   0.20107E+04   0.72001E+03   0.13838E+01   0.20916E+22
   0.20111E+04   0.72017E+03   0.13840E+01   0.20919E+22
   0.20115E+04   0.72034E+03   0.13842E+01   0.20922E+22
   0.20119E+04   0.72050E+03   0.13844E+01   0.20925E+22
   0.20123E+04   0.72066E+03   0.13846E+01   0.20928E+22
   0.20127E+04   0.72082E+03   0.13848E+01   0.20931E+22
   0.20131E+04   0.72098E+03   0.13850E+01   0.20934E+22
   0.20134E+04   0.72114E+03   0.13852E+01   0.20937E+22
   0.20138E+04   0.72130E+03   0.13854E+01   0.20940E+22
   0.20142E+04   0.72146E+03   0.13856E+01   0.20943E+22
   0.20146E+04   0.72163E+03   0.13858E+01   0.20946E+22
   0.20150E+04   0.72179E+03   0.13860E+01   0.20949E+22
   0.20154E+04   0.72195E+03   0.13862E+01   0.20951E+22
   0.20158E+04   0.72211E+03   0.13864E+01   0.20954E+22
   0.20162E+04   0.72227E+03   0.13866E+01   0.20957E+22
   0.20166E+04   0.72243E+03   0.13868E+01   0.20960E+22
   0.20170E+04   0.72259E+03   0.13870E+01   0.20963E+22
   0.20174E+04   0.72275E+03   0.13872E+01   0.20966E+22
   0.20178E+04   0.72292E+03   0.13874E+01   0.20969E+22
   0.20182E+04   0.72308E+03   0.13876E+01   0.20972E+22
   0.20186E+04   0.72324E+03   0.13878E+01   0.20975E+22
   0.20190E+04   0.72340E+03   0.13880E+01   0.20978E+22
   0.20194E+04   0.72356E+03   0.13882E+01   0.20981E+22
   0.20198E+04   0.72372E+03   0.13884E+01   0.20984E+22
   0.20202E+04   0.72388E+03   0.13886E+01   0.20987E+22
   0.20206E+04   0.72405E+03   0.13888E+01   0.20989E+22
   0.20210E+04   0.72421E+03   0.13890E+01   0.20992E+22
   0.20213E+04   0.72437E+03   0.13892E+01   0.20995E+22
   0.20217E+04   0.72453E+03   0.13894E+01   0.20998E+22
   0.20221E+04   0.72469E+03   0.13896E+01   0.21001E+22
   0.20225E+04   0.72485E+03   0.13898E+01   0.21004E+22
   0.20229E+04   0.72501E+03   0.13900E+01   0.21007E+22
   0.20233E+04   0.72517E+03   0.13902E+01   0.21010E+22
   0.20237E+04   0.72534E+03   0.13904E+01   0.21013E+22
   0.20241E+04   0.72550E+03   0.13906E+01   0.21016E+22
   0.20245E+04   0.72566E+03   0.13908E+01   0.21019E+22
   0.20249E+04   0.72582E+03   0.13910E+01   0.21022E+22
   0.20253E+04   0.72598E+03   0.13912E+01   0.21025E+22
   0.20257E+04   0.72614E+03   0.13914E+01   0.21027E+22
   0.20261E+04   0.72631E+03   0.13916E+01   0.21030E+22
   0.20265E+04   0.72647E+03   0.13918E+01   0.21033E+22
   0.20269E+04   0.72663E+03   0.13920E+01   0.21036E+22
   0.20273E+04   0.72679E+03   0.13922E+01   0.21039E+22
   0.20277E+04   0.72695E+03   0.13924E+01   0.21042E+22
   0.20281E+04   0.72711E+03   0.13926E+01   0.21045E+22
   0.20285E+04   0.72727E+03   0.13928E+01   0.21048E+22
   0.20289E+04   0.72744E+03   0.13930E+01   0.21051E+22
   0.20293E+04   0.72760E+03   0.13932E+01   0.21054E+22
   0.20297E+04   0.72776E+03   0.13934E+01   0.21057E+22
   0.20301E+04   0.72792E+03   0.13936E+01   0.21060E+22
   0.20304E+04   0.72808E+03   0.13938E+01   0.21063E+22
   0.20308E+04   0.72824E+03   0.13940E+01   0.21066E+22
   0.20312E+04   0.72840E+03   0.13942E+01   0.21068E+22
   0.20316E+04   0.72857E+03   0.13944E+01   0.21071E+22
   0.20320E+04   0.72873E+03   0.13946E+01   0.21074E+22
   0.20324E+04   0.72889E+03   0.13948E+01   0.21077E+22
   0.20328E+04   0.72905E+03   0.13950E+01   0.21080E+22
   0.20332E+04   0.72921E+03   0.13952E+01   0.21083E+22
   0.20336E+04   0.72937E+03   0.13954E+01   0.21086E+22
   0.20340E+04   0.72954E+03   0.13956E+01   0.21089E+22
   0.20344E+04   0.72970E+03   0.13958E+01   0.21092E+22
   0.20348E+04   0.72986E+03   0.13960E+01   0.21095E+22
   0.20352E+04   0.73002E+03   0.13962E+01   0.21098E+22
   0.20356E+04   0.73018E+03   0.13964E+01   0.21101E+22
   0.20360E+04   0.73034E+03   0.13966E+01   0.21104E+22
   0.20364E+04   0.73051E+03   0.13968E+01   0.21107E+22
   0.20368E+04   0.73067E+03   0.13970E+01   0.21109E+22
   0.20372E+04   0.73083E+03   0.13972E+01   0.21112E+22
   0.20376E+04   0.73099E+03   0.13974E+01   0.21115E+22
   0.20380E+04   0.73115E+03   0.13976E+01   0.21118E+22
   0.20384E+04   0.73131E+03   0.13978E+01   0.21121E+22
   0.20388E+04   0.73148E+03   0.13980E+01   0.21124E+22
   0.20392E+04   0.73164E+03   0.13982E+01   0.21127E+22
   0.20396E+04   0.73180E+03   0.13984E+01   0.21130E+22
   0.20400E+04   0.73196E+03   0.13986E+01   0.21133E+22
   0.20403E+04   0.73212E+03   0.13988E+01   0.21136E+22
   0.20407E+04   0.73228E+03   0.13990E+01   0.21139E+22
   0.20411E+04   0.73245E+03   0.13992E+01   0.21142E+22
   0.20415E+04   0.73261E+03   0.13994E+01   0.21145E+22
   0.20419E+04   0.73277E+03   0.13996E+01   0.21147E+22
   0.20423E+04   0.73293E+03   0.13998E+01   0.21150E+22
   0.20427E+04   0.73309E+03   0.14000E+01   0.21153E+22
   0.20431E+04   0.73326E+03   0.14002E+01   0.21156E+22
   0.20435E+04   0.73342E+03   0.14004E+01   0.21159E+22
   0.20439E+04   0.73358E+03   0.14006E+01   0.21162E+22
   0.20443E+04   0.73374E+03   0.14008E+01   0.21165E+22
   0.20447E+04   0.73390E+03   0.14010E+01   0.21168E+22
   0.20451E+04   0.73406E+03   0.14012E+01   0.21171E+22
   0.20455E+04   0.73423E+03   0.14014E+01   0.21174E+22
   0.20459E+04   0.73439E+03   0.14016E+01   0.21177E+22
   0.20463E+04   0.73455E+03   0.14018E+01   0.21180E+22
   0.20467E+04   0.73471E+03   0.14020E+01   0.21183E+22
   0.20471E+04   0.73487E+03   0.14022E+01   0.21186E+22
   0.20475E+04   0.73504E+03   0.14024E+01   0.21188E+22
   0.20479E+04   0.73520E+03   0.14026E+01   0.21191E+22
   0.20483E+04   0.73536E+03   0.14028E+01   0.21194E+22
   0.20487E+04   0.73552E+03   0.14030E+01   0.21197E+22
   0.20491E+04   0.73568E+03   0.14032E+01   0.21200E+22
   0.20495E+04   0.73584E+03   0.14034E+01   0.21203E+22
   0.20499E+04   0.73601E+03   0.14036E+01   0.21206E+22
   0.20503E+04   0.73617E+03   0.14038E+01   0.21209E+22
   0.20507E+04   0.73633E+03   0.14040E+01   0.21212E+22
   0.20511E+04   0.73649E+03   0.14042E+01   0.21215E+22
   0.20515E+04   0.73665E+03   0.14044E+01   0.21218E+22
   0.20519E+04   0.73682E+03   0.14046E+01   0.21221E+22
   0.20523E+04   0.73698E+03   0.14048E+01   0.21224E+22
   0.20526E+04   0.73714E+03   0.14050E+01   0.21227E+22
   0.20530E+04   0.73730E+03   0.14052E+01   0.21229E+22
   0.20534E+04   0.73746E+03   0.14054E+01   0.21232E+22
   0.20538E+04   0.73763E+03   0.14056E+01   0.21235E+22
   0.20542E+04   0.73779E+03   0.14058E+01   0.21238E+22
   0.20546E+04   0.73795E+03   0.14060E+01   0.21241E+22
   0.20550E+04   0.73811E+03   0.14062E+01   0.21244E+22
   0.20554E+04   0.73827E+03   0.14064E+01   0.21247E+22
   0.20558E+04   0.73844E+03   0.14066E+01   0.21250E+22
   0.20562E+04   0.73860E+03   0.14068E+01   0.21253E+22
   0.20566E+04   0.73876E+03   0.14070E+01   0.21256E+22
   0.20570E+04   0.73892E+03   0.14072E+01   0.21259E+22
   0.20574E+04   0.73908E+03   0.14074E+01   0.21262E+22
   0.20578E+04   0.73925E+03   0.14076E+01   0.21265E+22
   0.20582E+04   0.73941E+03   0.14078E+01   0.21268E+22
   0.20586E+04   0.73957E+03   0.14080E+01   0.21271E+22
   0.20590E+04   0.73973E+03   0.14082E+01   0.21273E+22
   0.20594E+04   0.73989E+03   0.14084E+01   0.21276E+22
   0.20598E+04   0.74006E+03   0.14086E+01   0.21279E+22
   0.20602E+04   0.74022E+03   0.14088E+01   0.21282E+22
   0.20606E+04   0.74038E+03   0.14090E+01   0.21285E+22
   0.20610E+04   0.74054E+03   0.14092E+01   0.21288E+22
   0.20614E+04   0.74071E+03   0.14094E+01   0.21291E+22
   0.20618E+04   0.74087E+03   0.14096E+01   0.21294E+22
   0.20622E+04   0.74103E+03   0.14098E+01   0.21297E+22
   0.20626E+04   0.74119E+03   0.14100E+01   0.21300E+22
   0.20630E+04   0.74135E+03   0.14102E+01   0.21303E+22
   0.20634E+04   0.74152E+03   0.14104E+01   0.21306E+22
   0.20638E+04   0.74168E+03   0.14106E+01   0.21309E+22
   0.20642E+04   0.74184E+03   0.14108E+01   0.21312E+22
   0.20646E+04   0.74200E+03   0.14110E+01   0.21314E+22
   0.20650E+04   0.74216E+03   0.14112E+01   0.21317E+22
   0.20654E+04   0.74233E+03   0.14114E+01   0.21320E+22
   0.20658E+04   0.74249E+03   0.14116E+01   0.21323E+22
   0.20662E+04   0.74265E+03   0.14118E+01   0.21326E+22
   0.20666E+04   0.74281E+03   0.14120E+01   0.21329E+22
   0.20670E+04   0.74298E+03   0.14122E+01   0.21332E+22
   0.20674E+04   0.74314E+03   0.14124E+01   0.21335E+22
   0.20678E+04   0.74330E+03   0.14126E+01   0.21338E+22
   0.20682E+04   0.74346E+03   0.14128E+01   0.21341E+22
   0.20686E+04   0.74362E+03   0.14130E+01   0.21344E+22
   0.20689E+04   0.74379E+03   0.14132E+01   0.21347E+22
   0.20693E+04   0.74395E+03   0.14134E+01   0.21350E+22
   0.20697E+04   0.74411E+03   0.14136E+01   0.21353E+22
   0.20701E+04   0.74427E+03   0.14138E+01   0.21356E+22
   0.20705E+04   0.74444E+03   0.14140E+01   0.21358E+22
   0.20709E+04   0.74460E+03   0.14142E+01   0.21361E+22
   0.20713E+04   0.74476E+03   0.14144E+01   0.21364E+22
   0.20717E+04   0.74492E+03   0.14146E+01   0.21367E+22
   0.20721E+04   0.74509E+03   0.14148E+01   0.21370E+22
   0.20725E+04   0.74525E+03   0.14150E+01   0.21373E+22
   0.20729E+04   0.74541E+03   0.14152E+01   0.21376E+22
   0.20733E+04   0.74557E+03   0.14154E+01   0.21379E+22
   0.20737E+04   0.74573E+03   0.14156E+01   0.21382E+22
   0.20741E+04   0.74590E+03   0.14158E+01   0.21385E+22
   0.20745E+04   0.74606E+03   0.14160E+01   0.21388E+22
   0.20749E+04   0.74622E+03   0.14162E+01   0.21391E+22
   0.20753E+04   0.74638E+03   0.14164E+01   0.21394E+22
   0.20757E+04   0.74655E+03   0.14166E+01   0.21397E+22
   0.20761E+04   0.74671E+03   0.14168E+01   0.21399E+22
   0.20765E+04   0.74687E+03   0.14170E+01   0.21402E+22
   0.20769E+04   0.74703E+03   0.14172E+01   0.21405E+22
   0.20773E+04   0.74720E+03   0.14174E+01   0.21408E+22
   0.20777E+04   0.74736E+03   0.14176E+01   0.21411E+22
   0.20781E+04   0.74752E+03   0.14178E+01   0.21414E+22
   0.20785E+04   0.74768E+03   0.14180E+01   0.21417E+22
   0.20789E+04   0.74785E+03   0.14182E+01   0.21420E+22
   0.20793E+04   0.74801E+03   0.14184E+01   0.21423E+22
   0.20797E+04   0.74817E+03   0.14186E+01   0.21426E+22
   0.20801E+04   0.74833E+03   0.14188E+01   0.21429E+22
   0.20805E+04   0.74850E+03   0.14190E+01   0.21432E+22
   0.20809E+04   0.74866E+03   0.14192E+01   0.21435E+22
   0.20813E+04   0.74882E+03   0.14194E+01   0.21438E+22
   0.20817E+04   0.74898E+03   0.14196E+01   0.21441E+22
   0.20821E+04   0.74915E+03   0.14198E+01   0.21443E+22
   0.20825E+04   0.74931E+03   0.14200E+01   0.21446E+22
   0.20829E+04   0.74947E+03   0.14202E+01   0.21449E+22
   0.20833E+04   0.74963E+03   0.14204E+01   0.21452E+22
   0.20837E+04   0.74980E+03   0.14206E+01   0.21455E+22
   0.20841E+04   0.74996E+03   0.14208E+01   0.21458E+22
   0.20845E+04   0.75012E+03   0.14210E+01   0.21461E+22
   0.20849E+04   0.75028E+03   0.14212E+01   0.21464E+22
   0.20853E+04   0.75045E+03   0.14214E+01   0.21467E+22
   0.20857E+04   0.75061E+03   0.14216E+01   0.21470E+22
   0.20861E+04   0.75077E+03   0.14218E+01   0.21473E+22
   0.20865E+04   0.75093E+03   0.14220E+01   0.21476E+22
   0.20869E+04   0.75110E+03   0.14222E+01   0.21479E+22
   0.20873E+04   0.75126E+03   0.14224E+01   0.21482E+22
   0.20877E+04   0.75142E+03   0.14226E+01   0.21485E+22
   0.20881E+04   0.75158E+03   0.14228E+01   0.21487E+22
   0.20885E+04   0.75175E+03   0.14230E+01   0.21490E+22
   0.20889E+04   0.75191E+03   0.14232E+01   0.21493E+22
   0.20893E+04   0.75207E+03   0.14234E+01   0.21496E+22
   0.20897E+04   0.75224E+03   0.14236E+01   0.21499E+22
   0.20901E+04   0.75240E+03   0.14238E+01   0.21502E+22
   0.20905E+04   0.75256E+03   0.14240E+01   0.21505E+22
   0.20909E+04   0.75272E+03   0.14242E+01   0.21508E+22
   0.20913E+04   0.75289E+03   0.14244E+01   0.21511E+22
   0.20917E+04   0.75305E+03   0.14246E+01   0.21514E+22
   0.20921E+04   0.75321E+03   0.14248E+01   0.21517E+22
   0.20925E+04   0.75337E+03   0.14250E+01   0.21520E+22
   0.20929E+04   0.75354E+03   0.14252E+01   0.21523E+22
   0.20933E+04   0.75370E+03   0.14254E+01   0.21526E+22
   0.20937E+04   0.75386E+03   0.14256E+01   0.21529E+22
   0.20941E+04   0.75402E+03   0.14258E+01   0.21531E+22
   0.20945E+04   0.75419E+03   0.14260E+01   0.21534E+22
   0.20949E+04   0.75435E+03   0.14262E+01   0.21537E+22
   0.20953E+04   0.75451E+03   0.14264E+01   0.21540E+22
   0.20957E+04   0.75468E+03   0.14266E+01   0.21543E+22
   0.20961E+04   0.75484E+03   0.14268E+01   0.21546E+22
   0.20965E+04   0.75500E+03   0.14270E+01   0.21549E+22
   0.20969E+04   0.75516E+03   0.14272E+01   0.21552E+22
   0.20973E+04   0.75533E+03   0.14274E+01   0.21555E+22
   0.20977E+04   0.75549E+03   0.14276E+01   0.21558E+22
   0.20981E+04   0.75565E+03   0.14278E+01   0.21561E+22
   0.20985E+04   0.75582E+03   0.14280E+01   0.21564E+22
   0.20989E+04   0.75598E+03   0.14282E+01   0.21567E+22
   0.20993E+04   0.75614E+03   0.14284E+01   0.21570E+22
   0.20997E+04   0.75630E+03   0.14286E+01   0.21573E+22
   0.21001E+04   0.75647E+03   0.14288E+01   0.21576E+22
   0.21005E+04   0.75663E+03   0.14290E+01   0.21578E+22
   0.21009E+04   0.75679E+03   0.14292E+01   0.21581E+22
   0.21013E+04   0.75696E+03   0.14294E+01   0.21584E+22
   0.21017E+04   0.75712E+03   0.14296E+01   0.21587E+22
   0.21021E+04   0.75728E+03   0.14298E+01   0.21590E+22
   0.21025E+04   0.75744E+03   0.14300E+01   0.21593E+22
   0.21029E+04   0.75761E+03   0.14302E+01   0.21596E+22
   0.21033E+04   0.75777E+03   0.14304E+01   0.21599E+22
   0.21037E+04   0.75793E+03   0.14306E+01   0.21602E+22
   0.21041E+04   0.75810E+03   0.14308E+01   0.21605E+22
   0.21045E+04   0.75826E+03   0.14310E+01   0.21608E+22
   0.21049E+04   0.75842E+03   0.14312E+01   0.21611E+22
   0.21053E+04   0.75858E+03   0.14314E+01   0.21614E+22
   0.21057E+04   0.75875E+03   0.14316E+01   0.21617E+22
   0.21061E+04   0.75891E+03   0.14318E+01   0.21620E+22
   0.21065E+04   0.75907E+03   0.14320E+01   0.21622E+22
   0.21069E+04   0.75924E+03   0.14322E+01   0.21625E+22
   0.21073E+04   0.75940E+03   0.14324E+01   0.21628E+22
   0.21077E+04   0.75956E+03   0.14326E+01   0.21631E+22
   0.21081E+04   0.75972E+03   0.14328E+01   0.21634E+22
   0.21085E+04   0.75989E+03   0.14330E+01   0.21637E+22
   0.21089E+04   0.76005E+03   0.14332E+01   0.21640E+22
   0.21093E+04   0.76021E+03   0.14334E+01   0.21643E+22
   0.21097E+04   0.76038E+03   0.14336E+01   0.21646E+22
   0.21101E+04   0.76054E+03   0.14338E+01   0.21649E+22
   0.21105E+04   0.76070E+03   0.14340E+01   0.21652E+22
   0.21109E+04   0.76087E+03   0.14342E+01   0.21655E+22
   0.21113E+04   0.76103E+03   0.14344E+01   0.21658E+22
   0.21117E+04   0.76119E+03   0.14346E+01   0.21661E+22
   0.21121E+04   0.76135E+03   0.14348E+01   0.21664E+22
   0.21125E+04   0.76152E+03   0.14350E+01   0.21667E+22
   0.21129E+04   0.76168E+03   0.14352E+01   0.21669E+22
   0.21133E+04   0.76184E+03   0.14354E+01   0.21672E+22
   0.21137E+04   0.76201E+03   0.14356E+01   0.21675E+22
   0.21141E+04   0.76217E+03   0.14358E+01   0.21678E+22
   0.21145E+04   0.76233E+03   0.14360E+01   0.21681E+22
   0.21149E+04   0.76250E+03   0.14362E+01   0.21684E+22
   0.21153E+04   0.76266E+03   0.14364E+01   0.21687E+22
   0.21157E+04   0.76282E+03   0.14366E+01   0.21690E+22
   0.21161E+04   0.76299E+03   0.14368E+01   0.21693E+22
   0.21165E+04   0.76315E+03   0.14370E+01   0.21696E+22
   0.21169E+04   0.76331E+03   0.14372E+01   0.21699E+22
   0.21173E+04   0.76348E+03   0.14374E+01   0.21702E+22
   0.21177E+04   0.76364E+03   0.14376E+01   0.21705E+22
   0.21181E+04   0.76380E+03   0.14378E+01   0.21708E+22
   0.21185E+04   0.76396E+03   0.14380E+01   0.21711E+22
   0.21189E+04   0.76413E+03   0.14382E+01   0.21714E+22
   0.21193E+04   0.76429E+03   0.14384E+01   0.21716E+22
   0.21197E+04   0.76445E+03   0.14386E+01   0.21719E+22
   0.21201E+04   0.76462E+03   0.14388E+01   0.21722E+22
   0.21205E+04   0.76478E+03   0.14390E+01   0.21725E+22
   0.21209E+04   0.76494E+03   0.14392E+01   0.21728E+22
   0.21213E+04   0.76511E+03   0.14394E+01   0.21731E+22
   0.21217E+04   0.76527E+03   0.14396E+01   0.21734E+22
   0.21221E+04   0.76543E+03   0.14398E+01   0.21737E+22
   0.21225E+04   0.76560E+03   0.14400E+01   0.21740E+22
   0.21229E+04   0.76576E+03   0.14402E+01   0.21743E+22
   0.21233E+04   0.76592E+03   0.14404E+01   0.21746E+22
   0.21237E+04   0.76609E+03   0.14406E+01   0.21749E+22
   0.21241E+04   0.76625E+03   0.14408E+01   0.21752E+22
   0.21245E+04   0.76641E+03   0.14410E+01   0.21755E+22
   0.21249E+04   0.76658E+03   0.14412E+01   0.21758E+22
   0.21253E+04   0.76674E+03   0.14414E+01   0.21761E+22
   0.21257E+04   0.76690E+03   0.14416E+01   0.21763E+22
   0.21261E+04   0.76707E+03   0.14418E+01   0.21766E+22
   0.21265E+04   0.76723E+03   0.14420E+01   0.21769E+22
   0.21269E+04   0.76739E+03   0.14422E+01   0.21772E+22
   0.21273E+04   0.76756E+03   0.14424E+01   0.21775E+22
   0.21277E+04   0.76772E+03   0.14426E+01   0.21778E+22
   0.21281E+04   0.76788E+03   0.14428E+01   0.21781E+22
   0.21285E+04   0.76805E+03   0.14430E+01   0.21784E+22
   0.21289E+04   0.76821E+03   0.14432E+01   0.21787E+22
   0.21293E+04   0.76837E+03   0.14434E+01   0.21790E+22
   0.21297E+04   0.76854E+03   0.14436E+01   0.21793E+22
   0.21301E+04   0.76870E+03   0.14438E+01   0.21796E+22
   0.21305E+04   0.76886E+03   0.14440E+01   0.21799E+22
   0.21309E+04   0.76903E+03   0.14442E+01   0.21802E+22
   0.21313E+04   0.76919E+03   0.14444E+01   0.21805E+22
   0.21317E+04   0.76935E+03   0.14446E+01   0.21808E+22
   0.21321E+04   0.76952E+03   0.14448E+01   0.21810E+22
   0.21325E+04   0.76968E+03   0.14450E+01   0.21813E+22
   0.21329E+04   0.76984E+03   0.14452E+01   0.21816E+22
   0.21333E+04   0.77001E+03   0.14454E+01   0.21819E+22
   0.21337E+04   0.77017E+03   0.14456E+01   0.21822E+22
   0.21341E+04   0.77033E+03   0.14458E+01   0.21825E+22
   0.21345E+04   0.77050E+03   0.14460E+01   0.21828E+22
   0.21349E+04   0.77066E+03   0.14462E+01   0.21831E+22
   0.21353E+04   0.77082E+03   0.14464E+01   0.21834E+22
   0.21357E+04   0.77099E+03   0.14466E+01   0.21837E+22
   0.21361E+04   0.77115E+03   0.14468E+01   0.21840E+22
   0.21365E+04   0.77131E+03   0.14470E+01   0.21843E+22
   0.21369E+04   0.77148E+03   0.14472E+01   0.21846E+22
   0.21374E+04   0.77164E+03   0.14474E+01   0.21849E+22
   0.21378E+04   0.77181E+03   0.14476E+01   0.21852E+22
   0.21382E+04   0.77197E+03   0.14478E+01   0.21855E+22
   0.21386E+04   0.77213E+03   0.14480E+01   0.21858E+22
   0.21390E+04   0.77230E+03   0.14482E+01   0.21860E+22
   0.21394E+04   0.77246E+03   0.14484E+01   0.21863E+22
   0.21398E+04   0.77262E+03   0.14486E+01   0.21866E+22
   0.21402E+04   0.77279E+03   0.14488E+01   0.21869E+22
   0.21406E+04   0.77295E+03   0.14490E+01   0.21872E+22
   0.21410E+04   0.77311E+03   0.14492E+01   0.21875E+22
   0.21414E+04   0.77328E+03   0.14494E+01   0.21878E+22
   0.21418E+04   0.77344E+03   0.14496E+01   0.21881E+22
   0.21422E+04   0.77360E+03   0.14498E+01   0.21884E+22
   0.21426E+04   0.77377E+03   0.14500E+01   0.21887E+22
   0.21430E+04   0.77393E+03   0.14502E+01   0.21890E+22
   0.21434E+04   0.77410E+03   0.14504E+01   0.21893E+22
   0.21438E+04   0.77426E+03   0.14506E+01   0.21896E+22
   0.21442E+04   0.77442E+03   0.14508E+01   0.21899E+22
   0.21446E+04   0.77459E+03   0.14510E+01   0.21902E+22
   0.21450E+04   0.77475E+03   0.14512E+01   0.21905E+22
   0.21454E+04   0.77491E+03   0.14514E+01   0.21908E+22
   0.21458E+04   0.77508E+03   0.14516E+01   0.21910E+22
   0.21462E+04   0.77524E+03   0.14518E+01   0.21913E+22
   0.21466E+04   0.77540E+03   0.14520E+01   0.21916E+22
   0.21470E+04   0.77557E+03   0.14522E+01   0.21919E+22
   0.21474E+04   0.77573E+03   0.14524E+01   0.21922E+22
   0.21478E+04   0.77590E+03   0.14526E+01   0.21925E+22
   0.21482E+04   0.77606E+03   0.14528E+01   0.21928E+22
   0.21486E+04   0.77622E+03   0.14530E+01   0.21931E+22
   0.21490E+04   0.77639E+03   0.14532E+01   0.21934E+22
   0.21494E+04   0.77655E+03   0.14534E+01   0.21937E+22
   0.21498E+04   0.77671E+03   0.14536E+01   0.21940E+22
   0.21502E+04   0.77688E+03   0.14538E+01   0.21943E+22
   0.21506E+04   0.77704E+03   0.14540E+01   0.21946E+22
   0.21510E+04   0.77721E+03   0.14542E+01   0.21949E+22
   0.21514E+04   0.77737E+03   0.14544E+01   0.21952E+22
   0.21518E+04   0.77753E+03   0.14546E+01   0.21955E+22
   0.21522E+04   0.77770E+03   0.14548E+01   0.21958E+22
   0.21526E+04   0.77786E+03   0.14550E+01   0.21960E+22
   0.21530E+04   0.77802E+03   0.14552E+01   0.21963E+22
   0.21534E+04   0.77819E+03   0.14554E+01   0.21966E+22
   0.21539E+04   0.77835E+03   0.14556E+01   0.21969E+22
   0.21543E+04   0.77852E+03   0.14558E+01   0.21972E+22
   0.21547E+04   0.77868E+03   0.14560E+01   0.21975E+22
   0.21551E+04   0.77884E+03   0.14562E+01   0.21978E+22
   0.21555E+04   0.77901E+03   0.14564E+01   0.21981E+22
   0.21559E+04   0.77917E+03   0.14566E+01   0.21984E+22
   0.21563E+04   0.77933E+03   0.14568E+01   0.21987E+22
   0.21567E+04   0.77950E+03   0.14570E+01   0.21990E+22
   0.21571E+04   0.77966E+03   0.14572E+01   0.21993E+22
   0.21575E+04   0.77983E+03   0.14574E+01   0.21996E+22
   0.21579E+04   0.77999E+03   0.14576E+01   0.21999E+22
   0.21583E+04   0.78015E+03   0.14578E+01   0.22002E+22
   0.21587E+04   0.78032E+03   0.14580E+01   0.22005E+22
   0.21591E+04   0.78048E+03   0.14582E+01   0.22008E+22
   0.21595E+04   0.78065E+03   0.14584E+01   0.22010E+22
   0.21599E+04   0.78081E+03   0.14586E+01   0.22013E+22
   0.21603E+04   0.78097E+03   0.14588E+01   0.22016E+22
   0.21607E+04   0.78114E+03   0.14590E+01   0.22019E+22
   0.21611E+04   0.78130E+03   0.14592E+01   0.22022E+22
   0.21615E+04   0.78147E+03   0.14594E+01   0.22025E+22
   0.21619E+04   0.78163E+03   0.14596E+01   0.22028E+22
   0.21623E+04   0.78179E+03   0.14598E+01   0.22031E+22
   0.21627E+04   0.78196E+03   0.14600E+01   0.22034E+22
   0.21631E+04   0.78212E+03   0.14602E+01   0.22037E+22
   0.21635E+04   0.78229E+03   0.14604E+01   0.22040E+22
   0.21639E+04   0.78245E+03   0.14606E+01   0.22043E+22
   0.21643E+04   0.78261E+03   0.14608E+01   0.22046E+22
   0.21647E+04   0.78278E+03   0.14610E+01   0.22049E+22
   0.21651E+04   0.78294E+03   0.14612E+01   0.22052E+22
   0.21655E+04   0.78311E+03   0.14614E+01   0.22055E+22
   0.21659E+04   0.78327E+03   0.14616E+01   0.22058E+22
   0.21664E+04   0.78343E+03   0.14618E+01   0.22060E+22
   0.21668E+04   0.78360E+03   0.14620E+01   0.22063E+22
   0.21672E+04   0.78376E+03   0.14622E+01   0.22066E+22
   0.21676E+04   0.78393E+03   0.14624E+01   0.22069E+22
   0.21680E+04   0.78409E+03   0.14626E+01   0.22072E+22
   0.21684E+04   0.78425E+03   0.14628E+01   0.22075E+22
   0.21688E+04   0.78442E+03   0.14630E+01   0.22078E+22
   0.21692E+04   0.78458E+03   0.14632E+01   0.22081E+22
   0.21696E+04   0.78475E+03   0.14634E+01   0.22084E+22
   0.21700E+04   0.78491E+03   0.14636E+01   0.22087E+22
   0.21704E+04   0.78507E+03   0.14638E+01   0.22090E+22
   0.21708E+04   0.78524E+03   0.14640E+01   0.22093E+22
   0.21712E+04   0.78540E+03   0.14642E+01   0.22096E+22
   0.21716E+04   0.78557E+03   0.14644E+01   0.22099E+22
   0.21720E+04   0.78573E+03   0.14646E+01   0.22102E+22
   0.21724E+04   0.78589E+03   0.14648E+01   0.22105E+22
   0.21728E+04   0.78606E+03   0.14650E+01   0.22108E+22
   0.21732E+04   0.78622E+03   0.14652E+01   0.22111E+22
   0.21736E+04   0.78639E+03   0.14654E+01   0.22113E+22
   0.21740E+04   0.78655E+03   0.14656E+01   0.22116E+22
   0.21744E+04   0.78672E+03   0.14658E+01   0.22119E+22
   0.21748E+04   0.78688E+03   0.14660E+01   0.22122E+22
   0.21752E+04   0.78704E+03   0.14662E+01   0.22125E+22
   0.21756E+04   0.78721E+03   0.14664E+01   0.22128E+22
   0.21760E+04   0.78737E+03   0.14666E+01   0.22131E+22
   0.21764E+04   0.78754E+03   0.14668E+01   0.22134E+22
   0.21769E+04   0.78770E+03   0.14670E+01   0.22137E+22
   0.21773E+04   0.78786E+03   0.14672E+01   0.22140E+22
   0.21777E+04   0.78803E+03   0.14674E+01   0.22143E+22
   0.21781E+04   0.78819E+03   0.14676E+01   0.22146E+22
   0.21785E+04   0.78836E+03   0.14678E+01   0.22149E+22
   0.21789E+04   0.78852E+03   0.14680E+01   0.22152E+22
   0.21793E+04   0.78869E+03   0.14682E+01   0.22155E+22
   0.21797E+04   0.78885E+03   0.14684E+01   0.22158E+22
   0.21801E+04   0.78901E+03   0.14686E+01   0.22161E+22
   0.21805E+04   0.78918E+03   0.14688E+01   0.22164E+22
   0.21809E+04   0.78934E+03   0.14690E+01   0.22166E+22
   0.21813E+04   0.78951E+03   0.14692E+01   0.22169E+22
   0.21817E+04   0.78967E+03   0.14694E+01   0.22172E+22
   0.21821E+04   0.78984E+03   0.14696E+01   0.22175E+22
   0.21825E+04   0.79000E+03   0.14698E+01   0.22178E+22
   0.21829E+04   0.79016E+03   0.14700E+01   0.22181E+22
   0.21833E+04   0.79033E+03   0.14702E+01   0.22184E+22
   0.21837E+04   0.79049E+03   0.14704E+01   0.22187E+22
   0.21841E+04   0.79066E+03   0.14706E+01   0.22190E+22
   0.21845E+04   0.79082E+03   0.14708E+01   0.22193E+22
   0.21849E+04   0.79099E+03   0.14710E+01   0.22196E+22
   0.21853E+04   0.79115E+03   0.14712E+01   0.22199E+22
   0.21857E+04   0.79131E+03   0.14714E+01   0.22202E+22
   0.21862E+04   0.79148E+03   0.14716E+01   0.22205E+22
   0.21866E+04   0.79164E+03   0.14718E+01   0.22208E+22
   0.21870E+04   0.79181E+03   0.14720E+01   0.22211E+22
   0.21874E+04   0.79197E+03   0.14722E+01   0.22214E+22
   0.21878E+04   0.79214E+03   0.14724E+01   0.22217E+22
   0.21882E+04   0.79230E+03   0.14726E+01   0.22219E+22
   0.21886E+04   0.79247E+03   0.14728E+01   0.22222E+22
   0.21890E+04   0.79263E+03   0.14730E+01   0.22225E+22
   0.21894E+04   0.79279E+03   0.14732E+01   0.22228E+22
   0.21898E+04   0.79296E+03   0.14734E+01   0.22231E+22
   0.21902E+04   0.79312E+03   0.14736E+01   0.22234E+22
   0.21906E+04   0.79329E+03   0.14738E+01   0.22237E+22
   0.21910E+04   0.79345E+03   0.14740E+01   0.22240E+22
   0.21914E+04   0.79362E+03   0.14742E+01   0.22243E+22
   0.21918E+04   0.79378E+03   0.14744E+01   0.22246E+22
   0.21922E+04   0.79395E+03   0.14746E+01   0.22249E+22
   0.21926E+04   0.79411E+03   0.14748E+01   0.22252E+22
   0.21930E+04   0.79427E+03   0.14750E+01   0.22255E+22
   0.21934E+04   0.79444E+03   0.14752E+01   0.22258E+22
   0.21938E+04   0.79460E+03   0.14754E+01   0.22261E+22
   0.21943E+04   0.79477E+03   0.14756E+01   0.22264E+22
   0.21947E+04   0.79493E+03   0.14758E+01   0.22267E+22
   0.21951E+04   0.79510E+03   0.14760E+01   0.22270E+22
   0.21955E+04   0.79526E+03   0.14762E+01   0.22273E+22
   0.21959E+04   0.79543E+03   0.14764E+01   0.22275E+22
   0.21963E+04   0.79559E+03   0.14766E+01   0.22278E+22
   0.21967E+04   0.79576E+03   0.14768E+01   0.22281E+22
   0.21971E+04   0.79592E+03   0.14770E+01   0.22284E+22
   0.21975E+04   0.79608E+03   0.14772E+01   0.22287E+22
   0.21979E+04   0.79625E+03   0.14774E+01   0.22290E+22
   0.21983E+04   0.79641E+03   0.14776E+01   0.22293E+22
   0.21987E+04   0.79658E+03   0.14778E+01   0.22296E+22
   0.21991E+04   0.79674E+03   0.14780E+01   0.22299E+22
   0.21995E+04   0.79691E+03   0.14782E+01   0.22302E+22
   0.21999E+04   0.79707E+03   0.14784E+01   0.22305E+22
   0.22003E+04   0.79724E+03   0.14786E+01   0.22308E+22
   0.22007E+04   0.79740E+03   0.14788E+01   0.22311E+22
   0.22011E+04   0.79757E+03   0.14790E+01   0.22314E+22
   0.22015E+04   0.79773E+03   0.14792E+01   0.22317E+22
   0.22020E+04   0.79790E+03   0.14794E+01   0.22320E+22
   0.22024E+04   0.79806E+03   0.14796E+01   0.22323E+22
   0.22028E+04   0.79822E+03   0.14798E+01   0.22326E+22
   0.22032E+04   0.79839E+03   0.14800E+01   0.22329E+22
   0.22036E+04   0.79855E+03   0.14802E+01   0.22331E+22
   0.22040E+04   0.79872E+03   0.14804E+01   0.22334E+22
   0.22044E+04   0.79888E+03   0.14806E+01   0.22337E+22
   0.22048E+04   0.79905E+03   0.14808E+01   0.22340E+22
   0.22052E+04   0.79921E+03   0.14810E+01   0.22343E+22
   0.22056E+04   0.79938E+03   0.14812E+01   0.22346E+22
   0.22060E+04   0.79954E+03   0.14814E+01   0.22349E+22
   0.22064E+04   0.79971E+03   0.14816E+01   0.22352E+22
   0.22068E+04   0.79987E+03   0.14818E+01   0.22355E+22
   0.22072E+04   0.80004E+03   0.14820E+01   0.22358E+22
   0.22076E+04   0.80020E+03   0.14822E+01   0.22361E+22
   0.22080E+04   0.80037E+03   0.14824E+01   0.22364E+22
   0.22084E+04   0.80053E+03   0.14826E+01   0.22367E+22
   0.22088E+04   0.80070E+03   0.14828E+01   0.22370E+22
   0.22093E+04   0.80086E+03   0.14830E+01   0.22373E+22
   0.22097E+04   0.80102E+03   0.14832E+01   0.22376E+22
   0.22101E+04   0.80119E+03   0.14834E+01   0.22379E+22
   0.22105E+04   0.80135E+03   0.14836E+01   0.22382E+22
   0.22109E+04   0.80152E+03   0.14838E+01   0.22385E+22
   0.22113E+04   0.80168E+03   0.14840E+01   0.22387E+22
   0.22117E+04   0.80185E+03   0.14842E+01   0.22390E+22
   0.22121E+04   0.80201E+03   0.14844E+01   0.22393E+22
   0.22125E+04   0.80218E+03   0.14846E+01   0.22396E+22
   0.22129E+04   0.80234E+03   0.14848E+01   0.22399E+22
   0.22133E+04   0.80251E+03   0.14850E+01   0.22402E+22
   0.22137E+04   0.80267E+03   0.14852E+01   0.22405E+22
   0.22141E+04   0.80284E+03   0.14854E+01   0.22408E+22
   0.22145E+04   0.80300E+03   0.14856E+01   0.22411E+22
   0.22149E+04   0.80317E+03   0.14858E+01   0.22414E+22
   0.22153E+04   0.80333E+03   0.14860E+01   0.22417E+22
   0.22158E+04   0.80350E+03   0.14862E+01   0.22420E+22
   0.22162E+04   0.80366E+03   0.14864E+01   0.22423E+22
   0.22166E+04   0.80383E+03   0.14866E+01   0.22426E+22
   0.22170E+04   0.80399E+03   0.14868E+01   0.22429E+22
   0.22174E+04   0.80416E+03   0.14870E+01   0.22432E+22
   0.22178E+04   0.80432E+03   0.14872E+01   0.22435E+22
   0.22182E+04   0.80449E+03   0.14874E+01   0.22438E+22
   0.22186E+04   0.80465E+03   0.14876E+01   0.22441E+22
   0.22190E+04   0.80482E+03   0.14878E+01   0.22443E+22
   0.22194E+04   0.80498E+03   0.14880E+01   0.22446E+22
   0.22198E+04   0.80515E+03   0.14882E+01   0.22449E+22
   0.22202E+04   0.80531E+03   0.14884E+01   0.22452E+22
   0.22206E+04   0.80548E+03   0.14886E+01   0.22455E+22
   0.22210E+04   0.80564E+03   0.14888E+01   0.22458E+22
   0.22214E+04   0.80581E+03   0.14890E+01   0.22461E+22
   0.22218E+04   0.80597E+03   0.14892E+01   0.22464E+22
   0.22223E+04   0.80614E+03   0.14894E+01   0.22467E+22
   0.22227E+04   0.80630E+03   0.14896E+01   0.22470E+22
   0.22231E+04   0.80647E+03   0.14898E+01   0.22473E+22
   0.22235E+04   0.80663E+03   0.14900E+01   0.22476E+22
   0.22239E+04   0.80680E+03   0.14902E+01   0.22479E+22
   0.22243E+04   0.80696E+03   0.14904E+01   0.22482E+22
   0.22247E+04   0.80713E+03   0.14906E+01   0.22485E+22
   0.22251E+04   0.80729E+03   0.14908E+01   0.22488E+22
   0.22255E+04   0.80746E+03   0.14910E+01   0.22491E+22
   0.22259E+04   0.80762E+03   0.14912E+01   0.22494E+22
   0.22263E+04   0.80779E+03   0.14914E+01   0.22497E+22
   0.22267E+04   0.80795E+03   0.14916E+01   0.22500E+22
   0.22271E+04   0.80812E+03   0.14918E+01   0.22502E+22
   0.22275E+04   0.80828E+03   0.14920E+01   0.22505E+22
   0.22280E+04   0.80845E+03   0.14922E+01   0.22508E+22
   0.22284E+04   0.80861E+03   0.14924E+01   0.22511E+22
   0.22288E+04   0.80878E+03   0.14926E+01   0.22514E+22
   0.22292E+04   0.80894E+03   0.14928E+01   0.22517E+22
   0.22296E+04   0.80911E+03   0.14930E+01   0.22520E+22
   0.22300E+04   0.80927E+03   0.14932E+01   0.22523E+22
   0.22304E+04   0.80944E+03   0.14934E+01   0.22526E+22
   0.22308E+04   0.80960E+03   0.14936E+01   0.22529E+22
   0.22312E+04   0.80977E+03   0.14938E+01   0.22532E+22
   0.22316E+04   0.80993E+03   0.14940E+01   0.22535E+22
   0.22320E+04   0.81010E+03   0.14942E+01   0.22538E+22
   0.22324E+04   0.81026E+03   0.14944E+01   0.22541E+22
   0.22328E+04   0.81043E+03   0.14946E+01   0.22544E+22
   0.22332E+04   0.81059E+03   0.14948E+01   0.22547E+22
   0.22337E+04   0.81076E+03   0.14950E+01   0.22550E+22
   0.22341E+04   0.81092E+03   0.14952E+01   0.22553E+22
   0.22345E+04   0.81109E+03   0.14954E+01   0.22556E+22
   0.22349E+04   0.81126E+03   0.14956E+01   0.22559E+22
   0.22353E+04   0.81142E+03   0.14958E+01   0.22561E+22
   0.22357E+04   0.81159E+03   0.14960E+01   0.22564E+22
   0.22361E+04   0.81175E+03   0.14962E+01   0.22567E+22
   0.22365E+04   0.81192E+03   0.14964E+01   0.22570E+22
   0.22369E+04   0.81208E+03   0.14966E+01   0.22573E+22
   0.22373E+04   0.81225E+03   0.14968E+01   0.22576E+22
   0.22377E+04   0.81241E+03   0.14970E+01   0.22579E+22
   0.22381E+04   0.81258E+03   0.14972E+01   0.22582E+22
   0.22385E+04   0.81274E+03   0.14974E+01   0.22585E+22
   0.22389E+04   0.81291E+03   0.14976E+01   0.22588E+22
   0.22394E+04   0.81307E+03   0.14978E+01   0.22591E+22
   0.22398E+04   0.81324E+03   0.14980E+01   0.22594E+22
   0.22402E+04   0.81340E+03   0.14982E+01   0.22597E+22
   0.22406E+04   0.81357E+03   0.14984E+01   0.22600E+22
   0.22410E+04   0.81373E+03   0.14986E+01   0.22603E+22
   0.22414E+04   0.81390E+03   0.14988E+01   0.22606E+22
   0.22418E+04   0.81406E+03   0.14990E+01   0.22609E+22
   0.22422E+04   0.81423E+03   0.14992E+01   0.22612E+22
   0.22426E+04   0.81440E+03   0.14994E+01   0.22615E+22
   0.22430E+04   0.81456E+03   0.14996E+01   0.22618E+22
   0.22434E+04   0.81473E+03   0.14998E+01   0.22620E+22
   0.22438E+04   0.81489E+03   0.15000E+01   0.22623E+22
   0.22442E+04   0.81506E+03   0.15002E+01   0.22626E+22
   0.22447E+04   0.81522E+03   0.15004E+01   0.22629E+22
   0.22451E+04   0.81539E+03   0.15006E+01   0.22632E+22
   0.22455E+04   0.81555E+03   0.15008E+01   0.22635E+22
   0.22459E+04   0.81572E+03   0.15010E+01   0.22638E+22
   0.22463E+04   0.81588E+03   0.15012E+01   0.22641E+22
   0.22467E+04   0.81605E+03   0.15014E+01   0.22644E+22
   0.22471E+04   0.81621E+03   0.15016E+01   0.22647E+22
   0.22475E+04   0.81638E+03   0.15018E+01   0.22650E+22
   0.22479E+04   0.81655E+03   0.15020E+01   0.22653E+22
   0.22483E+04   0.81671E+03   0.15022E+01   0.22656E+22
   0.22487E+04   0.81688E+03   0.15024E+01   0.22659E+22
   0.22491E+04   0.81704E+03   0.15026E+01   0.22662E+22
   0.22496E+04   0.81721E+03   0.15028E+01   0.22665E+22
   0.22500E+04   0.81737E+03   0.15030E+01   0.22668E+22
   0.22504E+04   0.81754E+03   0.15032E+01   0.22671E+22
   0.22508E+04   0.81770E+03   0.15034E+01   0.22674E+22
   0.22512E+04   0.81787E+03   0.15036E+01   0.22677E+22
   0.22516E+04   0.81803E+03   0.15038E+01   0.22680E+22
   0.22520E+04   0.81820E+03   0.15040E+01   0.22682E+22
   0.22524E+04   0.81837E+03   0.15042E+01   0.22685E+22
   0.22528E+04   0.81853E+03   0.15044E+01   0.22688E+22
   0.22532E+04   0.81870E+03   0.15046E+01   0.22691E+22
   0.22536E+04   0.81886E+03   0.15048E+01   0.22694E+22
   0.22540E+04   0.81903E+03   0.15050E+01   0.22697E+22
   0.22545E+04   0.81919E+03   0.15052E+01   0.22700E+22
   0.22549E+04   0.81936E+03   0.15054E+01   0.22703E+22
   0.22553E+04   0.81952E+03   0.15056E+01   0.22706E+22
   0.22557E+04   0.81969E+03   0.15058E+01   0.22709E+22
   0.22561E+04   0.81986E+03   0.15060E+01   0.22712E+22
   0.22565E+04   0.82002E+03   0.15062E+01   0.22715E+22
   0.22569E+04   0.82019E+03   0.15064E+01   0.22718E+22
   0.22573E+04   0.82035E+03   0.15066E+01   0.22721E+22
   0.22577E+04   0.82052E+03   0.15068E+01   0.22724E+22
   0.22581E+04   0.82068E+03   0.15070E+01   0.22727E+22
   0.22585E+04   0.82085E+03   0.15072E+01   0.22730E+22
   0.22589E+04   0.82102E+03   0.15074E+01   0.22733E+22
   0.22594E+04   0.82118E+03   0.15076E+01   0.22736E+22
   0.22598E+04   0.82135E+03   0.15078E+01   0.22739E+22
   0.22602E+04   0.82151E+03   0.15080E+01   0.22742E+22
   0.22606E+04   0.82168E+03   0.15082E+01   0.22745E+22
   0.22610E+04   0.82184E+03   0.15084E+01   0.22747E+22
   0.22614E+04   0.82201E+03   0.15086E+01   0.22750E+22
   0.22618E+04   0.82217E+03   0.15088E+01   0.22753E+22
   0.22622E+04   0.82234E+03   0.15090E+01   0.22756E+22
   0.22626E+04   0.82251E+03   0.15092E+01   0.22759E+22
   0.22630E+04   0.82267E+03   0.15094E+01   0.22762E+22
   0.22634E+04   0.82284E+03   0.15096E+01   0.22765E+22
   0.22638E+04   0.82300E+03   0.15098E+01   0.22768E+22
   0.22643E+04   0.82317E+03   0.15100E+01   0.22771E+22
   0.22647E+04   0.82333E+03   0.15102E+01   0.22774E+22
   0.22651E+04   0.82350E+03   0.15104E+01   0.22777E+22
   0.22655E+04   0.82367E+03   0.15106E+01   0.22780E+22
   0.22659E+04   0.82383E+03   0.15108E+01   0.22783E+22
   0.22663E+04   0.82400E+03   0.15110E+01   0.22786E+22
   0.22667E+04   0.82416E+03   0.15112E+01   0.22789E+22
   0.22671E+04   0.82433E+03   0.15114E+01   0.22792E+22
   0.22675E+04   0.82449E+03   0.15116E+01   0.22795E+22
   0.22679E+04   0.82466E+03   0.15118E+01   0.22798E+22
   0.22683E+04   0.82483E+03   0.15120E+01   0.22801E+22
   0.22688E+04   0.82499E+03   0.15122E+01   0.22804E+22
   0.22692E+04   0.82516E+03   0.15124E+01   0.22807E+22
   0.22696E+04   0.82532E+03   0.15126E+01   0.22809E+22
   0.22700E+04   0.82549E+03   0.15128E+01   0.22812E+22
   0.22704E+04   0.82566E+03   0.15130E+01   0.22815E+22
   0.22708E+04   0.82582E+03   0.15132E+01   0.22818E+22
   0.22712E+04   0.82599E+03   0.15134E+01   0.22821E+22
   0.22716E+04   0.82615E+03   0.15136E+01   0.22824E+22
   0.22720E+04   0.82632E+03   0.15138E+01   0.22827E+22
   0.22724E+04   0.82648E+03   0.15140E+01   0.22830E+22
   0.22729E+04   0.82665E+03   0.15142E+01   0.22833E+22
   0.22733E+04   0.82682E+03   0.15144E+01   0.22836E+22
   0.22737E+04   0.82698E+03   0.15146E+01   0.22839E+22
   0.22741E+04   0.82715E+03   0.15148E+01   0.22842E+22
   0.22745E+04   0.82731E+03   0.15150E+01   0.22845E+22
   0.22749E+04   0.82748E+03   0.15152E+01   0.22848E+22
   0.22753E+04   0.82765E+03   0.15154E+01   0.22851E+22
   0.22757E+04   0.82781E+03   0.15156E+01   0.22854E+22
   0.22761E+04   0.82798E+03   0.15158E+01   0.22857E+22
   0.22765E+04   0.82814E+03   0.15160E+01   0.22860E+22
   0.22769E+04   0.82831E+03   0.15162E+01   0.22863E+22
   0.22774E+04   0.82848E+03   0.15164E+01   0.22866E+22
   0.22778E+04   0.82864E+03   0.15166E+01   0.22869E+22
   0.22782E+04   0.82881E+03   0.15168E+01   0.22872E+22
   0.22786E+04   0.82897E+03   0.15170E+01   0.22874E+22
   0.22790E+04   0.82914E+03   0.15172E+01   0.22877E+22
   0.22794E+04   0.82931E+03   0.15174E+01   0.22880E+22
   0.22798E+04   0.82947E+03   0.15176E+01   0.22883E+22
   0.22802E+04   0.82964E+03   0.15178E+01   0.22886E+22
   0.22806E+04   0.82980E+03   0.15180E+01   0.22889E+22
   0.22810E+04   0.82997E+03   0.15182E+01   0.22892E+22
   0.22815E+04   0.83014E+03   0.15184E+01   0.22895E+22
   0.22819E+04   0.83030E+03   0.15186E+01   0.22898E+22
   0.22823E+04   0.83047E+03   0.15188E+01   0.22901E+22
   0.22827E+04   0.83063E+03   0.15190E+01   0.22904E+22
   0.22831E+04   0.83080E+03   0.15192E+01   0.22907E+22
   0.22835E+04   0.83097E+03   0.15194E+01   0.22910E+22
   0.22839E+04   0.83113E+03   0.15196E+01   0.22913E+22
   0.22843E+04   0.83130E+03   0.15198E+01   0.22916E+22
   0.22847E+04   0.83146E+03   0.15200E+01   0.22919E+22
   0.22851E+04   0.83163E+03   0.15202E+01   0.22922E+22
   0.22856E+04   0.83180E+03   0.15204E+01   0.22925E+22
   0.22860E+04   0.83196E+03   0.15206E+01   0.22928E+22
   0.22864E+04   0.83213E+03   0.15208E+01   0.22931E+22
   0.22868E+04   0.83229E+03   0.15210E+01   0.22934E+22
   0.22872E+04   0.83246E+03   0.15212E+01   0.22937E+22
   0.22876E+04   0.83263E+03   0.15214E+01   0.22940E+22
   0.22880E+04   0.83279E+03   0.15216E+01   0.22942E+22
   0.22884E+04   0.83296E+03   0.15218E+01   0.22945E+22
   0.22888E+04   0.83312E+03   0.15220E+01   0.22948E+22
   0.22892E+04   0.83329E+03   0.15222E+01   0.22951E+22
   0.22897E+04   0.83346E+03   0.15224E+01   0.22954E+22
   0.22901E+04   0.83362E+03   0.15226E+01   0.22957E+22
   0.22905E+04   0.83379E+03   0.15228E+01   0.22960E+22
   0.22909E+04   0.83396E+03   0.15230E+01   0.22963E+22
   0.22913E+04   0.83412E+03   0.15232E+01   0.22966E+22
   0.22917E+04   0.83429E+03   0.15234E+01   0.22969E+22
   0.22921E+04   0.83445E+03   0.15236E+01   0.22972E+22
   0.22925E+04   0.83462E+03   0.15238E+01   0.22975E+22
   0.22929E+04   0.83479E+03   0.15240E+01   0.22978E+22
   0.22933E+04   0.83495E+03   0.15242E+01   0.22981E+22
   0.22938E+04   0.83512E+03   0.15244E+01   0.22984E+22
   0.22942E+04   0.83528E+03   0.15246E+01   0.22987E+22
   0.22946E+04   0.83545E+03   0.15248E+01   0.22990E+22
   0.22950E+04   0.83562E+03   0.15250E+01   0.22993E+22
   0.22954E+04   0.83578E+03   0.15252E+01   0.22996E+22
   0.22958E+04   0.83595E+03   0.15254E+01   0.22999E+22
   0.22962E+04   0.83612E+03   0.15256E+01   0.23002E+22
   0.22966E+04   0.83628E+03   0.15258E+01   0.23005E+22
   0.22970E+04   0.83645E+03   0.15260E+01   0.23008E+22
   0.22975E+04   0.83661E+03   0.15262E+01   0.23010E+22
   0.22979E+04   0.83678E+03   0.15264E+01   0.23013E+22
   0.22983E+04   0.83695E+03   0.15266E+01   0.23016E+22
   0.22987E+04   0.83711E+03   0.15268E+01   0.23019E+22
   0.22991E+04   0.83728E+03   0.15270E+01   0.23022E+22
   0.22995E+04   0.83745E+03   0.15272E+01   0.23025E+22
   0.22999E+04   0.83761E+03   0.15274E+01   0.23028E+22
   0.23003E+04   0.83778E+03   0.15276E+01   0.23031E+22
   0.23007E+04   0.83795E+03   0.15278E+01   0.23034E+22
   0.23012E+04   0.83811E+03   0.15280E+01   0.23037E+22
   0.23016E+04   0.83828E+03   0.15282E+01   0.23040E+22
   0.23020E+04   0.83844E+03   0.15284E+01   0.23043E+22
   0.23024E+04   0.83861E+03   0.15286E+01   0.23046E+22
   0.23028E+04   0.83878E+03   0.15288E+01   0.23049E+22
   0.23032E+04   0.83894E+03   0.15290E+01   0.23052E+22
   0.23036E+04   0.83911E+03   0.15292E+01   0.23055E+22
   0.23040E+04   0.83928E+03   0.15294E+01   0.23058E+22
   0.23044E+04   0.83944E+03   0.15296E+01   0.23061E+22
   0.23048E+04   0.83961E+03   0.15298E+01   0.23064E+22
   0.23053E+04   0.83978E+03   0.15300E+01   0.23067E+22
   0.23057E+04   0.83994E+03   0.15302E+01   0.23070E+22
   0.23061E+04   0.84011E+03   0.15304E+01   0.23073E+22
   0.23065E+04   0.84027E+03   0.15306E+01   0.23076E+22
   0.23069E+04   0.84044E+03   0.15308E+01   0.23079E+22
   0.23073E+04   0.84061E+03   0.15310E+01   0.23081E+22
   0.23077E+04   0.84077E+03   0.15312E+01   0.23084E+22
   0.23081E+04   0.84094E+03   0.15314E+01   0.23087E+22
   0.23086E+04   0.84111E+03   0.15316E+01   0.23090E+22
   0.23090E+04   0.84127E+03   0.15318E+01   0.23093E+22
   0.23094E+04   0.84144E+03   0.15320E+01   0.23096E+22
   0.23098E+04   0.84161E+03   0.15322E+01   0.23099E+22
   0.23102E+04   0.84177E+03   0.15324E+01   0.23102E+22
   0.23106E+04   0.84194E+03   0.15326E+01   0.23105E+22
   0.23110E+04   0.84211E+03   0.15328E+01   0.23108E+22
   0.23114E+04   0.84227E+03   0.15330E+01   0.23111E+22
   0.23118E+04   0.84244E+03   0.15332E+01   0.23114E+22
   0.23123E+04   0.84261E+03   0.15334E+01   0.23117E+22
   0.23127E+04   0.84277E+03   0.15336E+01   0.23120E+22
   0.23131E+04   0.84294E+03   0.15338E+01   0.23123E+22
   0.23135E+04   0.84310E+03   0.15340E+01   0.23126E+22
   0.23139E+04   0.84327E+03   0.15342E+01   0.23129E+22
   0.23143E+04   0.84344E+03   0.15344E+01   0.23132E+22
   0.23147E+04   0.84360E+03   0.15346E+01   0.23135E+22
   0.23151E+04   0.84377E+03   0.15348E+01   0.23138E+22
   0.23155E+04   0.84394E+03   0.15350E+01   0.23141E+22
   0.23160E+04   0.84410E+03   0.15352E+01   0.23144E+22
   0.23164E+04   0.84427E+03   0.15354E+01   0.23147E+22
   0.23168E+04   0.84444E+03   0.15356E+01   0.23150E+22
   0.23172E+04   0.84460E+03   0.15358E+01   0.23152E+22
   0.23176E+04   0.84477E+03   0.15360E+01   0.23155E+22
   0.23180E+04   0.84494E+03   0.15362E+01   0.23158E+22
   0.23184E+04   0.84510E+03   0.15364E+01   0.23161E+22
   0.23188E+04   0.84527E+03   0.15366E+01   0.23164E+22
   0.23193E+04   0.84544E+03   0.15368E+01   0.23167E+22
   0.23197E+04   0.84560E+03   0.15370E+01   0.23170E+22
   0.23201E+04   0.84577E+03   0.15372E+01   0.23173E+22
   0.23205E+04   0.84594E+03   0.15374E+01   0.23176E+22
   0.23209E+04   0.84610E+03   0.15376E+01   0.23179E+22
   0.23213E+04   0.84627E+03   0.15378E+01   0.23182E+22
   0.23217E+04   0.84644E+03   0.15380E+01   0.23185E+22
   0.23221E+04   0.84660E+03   0.15382E+01   0.23188E+22
   0.23225E+04   0.84677E+03   0.15384E+01   0.23191E+22
   0.23230E+04   0.84694E+03   0.15386E+01   0.23194E+22
   0.23234E+04   0.84710E+03   0.15388E+01   0.23197E+22
   0.23238E+04   0.84727E+03   0.15390E+01   0.23200E+22
   0.23242E+04   0.84744E+03   0.15392E+01   0.23203E+22
   0.23246E+04   0.84760E+03   0.15394E+01   0.23206E+22
   0.23250E+04   0.84777E+03   0.15396E+01   0.23209E+22
   0.23254E+04   0.84794E+03   0.15398E+01   0.23212E+22
   0.23258E+04   0.84810E+03   0.15400E+01   0.23215E+22
   0.23263E+04   0.84827E+03   0.15402E+01   0.23218E+22
   0.23267E+04   0.84844E+03   0.15404E+01   0.23221E+22
   0.23271E+04   0.84860E+03   0.15406E+01   0.23224E+22
   0.23275E+04   0.84877E+03   0.15408E+01   0.23226E+22
   0.23279E+04   0.84894E+03   0.15410E+01   0.23229E+22
   0.23283E+04   0.84910E+03   0.15412E+01   0.23232E+22
   0.23287E+04   0.84927E+03   0.15414E+01   0.23235E+22
   0.23291E+04   0.84944E+03   0.15416E+01   0.23238E+22
   0.23296E+04   0.84961E+03   0.15418E+01   0.23241E+22
   0.23300E+04   0.84977E+03   0.15420E+01   0.23244E+22
   0.23304E+04   0.84994E+03   0.15422E+01   0.23247E+22
   0.23308E+04   0.85011E+03   0.15424E+01   0.23250E+22
   0.23312E+04   0.85027E+03   0.15426E+01   0.23253E+22
   0.23316E+04   0.85044E+03   0.15428E+01   0.23256E+22
   0.23320E+04   0.85061E+03   0.15430E+01   0.23259E+22
   0.23324E+04   0.85077E+03   0.15432E+01   0.23262E+22
   0.23329E+04   0.85094E+03   0.15434E+01   0.23265E+22
   0.23333E+04   0.85111E+03   0.15436E+01   0.23268E+22
   0.23337E+04   0.85127E+03   0.15438E+01   0.23271E+22
   0.23341E+04   0.85144E+03   0.15440E+01   0.23274E+22
   0.23345E+04   0.85161E+03   0.15442E+01   0.23277E+22
   0.23349E+04   0.85177E+03   0.15444E+01   0.23280E+22
   0.23353E+04   0.85194E+03   0.15446E+01   0.23283E+22
   0.23357E+04   0.85211E+03   0.15448E+01   0.23286E+22
   0.23362E+04   0.85228E+03   0.15450E+01   0.23289E+22
   0.23366E+04   0.85244E+03   0.15452E+01   0.23292E+22
   0.23370E+04   0.85261E+03   0.15454E+01   0.23295E+22
   0.23374E+04   0.85278E+03   0.15456E+01   0.23298E+22
   0.23378E+04   0.85294E+03   0.15458E+01   0.23300E+22
   0.23382E+04   0.85311E+03   0.15460E+01   0.23303E+22
   0.23386E+04   0.85328E+03   0.15462E+01   0.23306E+22
   0.23390E+04   0.85344E+03   0.15464E+01   0.23309E+22
   0.23395E+04   0.85361E+03   0.15466E+01   0.23312E+22
   0.23399E+04   0.85378E+03   0.15468E+01   0.23315E+22
   0.23403E+04   0.85394E+03   0.15470E+01   0.23318E+22
   0.23407E+04   0.85411E+03   0.15472E+01   0.23321E+22
   0.23411E+04   0.85428E+03   0.15474E+01   0.23324E+22
   0.23415E+04   0.85445E+03   0.15476E+01   0.23327E+22
   0.23419E+04   0.85461E+03   0.15478E+01   0.23330E+22
   0.23423E+04   0.85478E+03   0.15480E+01   0.23333E+22
   0.23428E+04   0.85495E+03   0.15482E+01   0.23336E+22
   0.23432E+04   0.85511E+03   0.15484E+01   0.23339E+22
   0.23436E+04   0.85528E+03   0.15486E+01   0.23342E+22
   0.23440E+04   0.85545E+03   0.15488E+01   0.23345E+22
   0.23444E+04   0.85561E+03   0.15490E+01   0.23348E+22
   0.23448E+04   0.85578E+03   0.15492E+01   0.23351E+22
   0.23452E+04   0.85595E+03   0.15494E+01   0.23354E+22
   0.23457E+04   0.85612E+03   0.15496E+01   0.23357E+22
   0.23461E+04   0.85628E+03   0.15498E+01   0.23360E+22
   0.23465E+04   0.85645E+03   0.15500E+01   0.23363E+22
   0.23469E+04   0.85662E+03   0.15502E+01   0.23366E+22
   0.23473E+04   0.85678E+03   0.15504E+01   0.23369E+22
   0.23477E+04   0.85695E+03   0.15506E+01   0.23372E+22
   0.23481E+04   0.85712E+03   0.15508E+01   0.23375E+22
   0.23485E+04   0.85729E+03   0.15510E+01   0.23377E+22
   0.23490E+04   0.85745E+03   0.15512E+01   0.23380E+22
   0.23494E+04   0.85762E+03   0.15514E+01   0.23383E+22
   0.23498E+04   0.85779E+03   0.15516E+01   0.23386E+22
   0.23502E+04   0.85795E+03   0.15518E+01   0.23389E+22
   0.23506E+04   0.85812E+03   0.15520E+01   0.23392E+22
   0.23510E+04   0.85829E+03   0.15522E+01   0.23395E+22
   0.23514E+04   0.85846E+03   0.15524E+01   0.23398E+22
   0.23519E+04   0.85862E+03   0.15526E+01   0.23401E+22
   0.23523E+04   0.85879E+03   0.15528E+01   0.23404E+22
   0.23527E+04   0.85896E+03   0.15530E+01   0.23407E+22
   0.23531E+04   0.85912E+03   0.15532E+01   0.23410E+22
   0.23535E+04   0.85929E+03   0.15534E+01   0.23413E+22
   0.23539E+04   0.85946E+03   0.15536E+01   0.23416E+22
   0.23543E+04   0.85963E+03   0.15538E+01   0.23419E+22
   0.23547E+04   0.85979E+03   0.15540E+01   0.23422E+22
   0.23552E+04   0.85996E+03   0.15542E+01   0.23425E+22
   0.23556E+04   0.86013E+03   0.15544E+01   0.23428E+22
   0.23560E+04   0.86030E+03   0.15546E+01   0.23431E+22
   0.23564E+04   0.86046E+03   0.15548E+01   0.23434E+22
   0.23568E+04   0.86063E+03   0.15550E+01   0.23437E+22
   0.23572E+04   0.86080E+03   0.15552E+01   0.23440E+22
   0.23576E+04   0.86096E+03   0.15554E+01   0.23443E+22
   0.23581E+04   0.86113E+03   0.15556E+01   0.23446E+22
   0.23585E+04   0.86130E+03   0.15558E+01   0.23449E+22
   0.23589E+04   0.86147E+03   0.15560E+01   0.23452E+22
   0.23593E+04   0.86163E+03   0.15562E+01   0.23455E+22
   0.23597E+04   0.86180E+03   0.15564E+01   0.23457E+22
   0.23601E+04   0.86197E+03   0.15566E+01   0.23460E+22
   0.23605E+04   0.86214E+03   0.15568E+01   0.23463E+22
   0.23610E+04   0.86230E+03   0.15570E+01   0.23466E+22
   0.23614E+04   0.86247E+03   0.15572E+01   0.23469E+22
   0.23618E+04   0.86264E+03   0.15574E+01   0.23472E+22
   0.23622E+04   0.86280E+03   0.15576E+01   0.23475E+22
   0.23626E+04   0.86297E+03   0.15578E+01   0.23478E+22
   0.23630E+04   0.86314E+03   0.15580E+01   0.23481E+22
   0.23634E+04   0.86331E+03   0.15582E+01   0.23484E+22
   0.23639E+04   0.86347E+03   0.15584E+01   0.23487E+22
   0.23643E+04   0.86364E+03   0.15586E+01   0.23490E+22
   0.23647E+04   0.86381E+03   0.15588E+01   0.23493E+22
   0.23651E+04   0.86398E+03   0.15590E+01   0.23496E+22
   0.23655E+04   0.86414E+03   0.15592E+01   0.23499E+22
   0.23659E+04   0.86431E+03   0.15594E+01   0.23502E+22
   0.23663E+04   0.86448E+03   0.15596E+01   0.23505E+22
   0.23668E+04   0.86465E+03   0.15598E+01   0.23508E+22
   0.23672E+04   0.86481E+03   0.15600E+01   0.23511E+22
   0.23676E+04   0.86498E+03   0.15602E+01   0.23514E+22
   0.23680E+04   0.86515E+03   0.15604E+01   0.23517E+22
   0.23684E+04   0.86532E+03   0.15606E+01   0.23520E+22
   0.23688E+04   0.86548E+03   0.15608E+01   0.23523E+22
   0.23692E+04   0.86565E+03   0.15610E+01   0.23526E+22
   0.23697E+04   0.86582E+03   0.15612E+01   0.23529E+22
   0.23701E+04   0.86599E+03   0.15614E+01   0.23532E+22
   0.23705E+04   0.86615E+03   0.15616E+01   0.23535E+22
   0.23709E+04   0.86632E+03   0.15618E+01   0.23537E+22
   0.23713E+04   0.86649E+03   0.15620E+01   0.23540E+22
   0.23717E+04   0.86666E+03   0.15622E+01   0.23543E+22
   0.23721E+04   0.86682E+03   0.15624E+01   0.23546E+22
   0.23726E+04   0.86699E+03   0.15626E+01   0.23549E+22
   0.23730E+04   0.86716E+03   0.15628E+01   0.23552E+22
   0.23734E+04   0.86733E+03   0.15630E+01   0.23555E+22
   0.23738E+04   0.86749E+03   0.15632E+01   0.23558E+22
   0.23742E+04   0.86766E+03   0.15634E+01   0.23561E+22
   0.23746E+04   0.86783E+03   0.15636E+01   0.23564E+22
   0.23750E+04   0.86800E+03   0.15638E+01   0.23567E+22
   0.23755E+04   0.86816E+03   0.15640E+01   0.23570E+22
   0.23759E+04   0.86833E+03   0.15642E+01   0.23573E+22
   0.23763E+04   0.86850E+03   0.15644E+01   0.23576E+22
   0.23767E+04   0.86867E+03   0.15646E+01   0.23579E+22
   0.23771E+04   0.86883E+03   0.15648E+01   0.23582E+22
   0.23775E+04   0.86900E+03   0.15650E+01   0.23585E+22
   0.23780E+04   0.86917E+03   0.15652E+01   0.23588E+22
   0.23784E+04   0.86934E+03   0.15654E+01   0.23591E+22
   0.23788E+04   0.86950E+03   0.15656E+01   0.23594E+22
   0.23792E+04   0.86967E+03   0.15658E+01   0.23597E+22
   0.23796E+04   0.86984E+03   0.15660E+01   0.23600E+22
   0.23800E+04   0.87001E+03   0.15662E+01   0.23603E+22
   0.23804E+04   0.87017E+03   0.15664E+01   0.23606E+22
   0.23809E+04   0.87034E+03   0.15666E+01   0.23609E+22
   0.23813E+04   0.87051E+03   0.15668E+01   0.23612E+22
   0.23817E+04   0.87068E+03   0.15670E+01   0.23615E+22
   0.23821E+04   0.87084E+03   0.15672E+01   0.23618E+22
   0.23825E+04   0.87101E+03   0.15674E+01   0.23621E+22
   0.23829E+04   0.87118E+03   0.15676E+01   0.23623E+22
   0.23833E+04   0.87135E+03   0.15678E+01   0.23626E+22
   0.23838E+04   0.87152E+03   0.15680E+01   0.23629E+22
   0.23842E+04   0.87168E+03   0.15682E+01   0.23632E+22
   0.23846E+04   0.87185E+03   0.15684E+01   0.23635E+22
   0.23850E+04   0.87202E+03   0.15686E+01   0.23638E+22
   0.23854E+04   0.87219E+03   0.15688E+01   0.23641E+22
   0.23858E+04   0.87235E+03   0.15690E+01   0.23644E+22
   0.23863E+04   0.87252E+03   0.15692E+01   0.23647E+22
   0.23867E+04   0.87269E+03   0.15694E+01   0.23650E+22
   0.23871E+04   0.87286E+03   0.15696E+01   0.23653E+22
   0.23875E+04   0.87303E+03   0.15698E+01   0.23656E+22
   0.23879E+04   0.87319E+03   0.15700E+01   0.23659E+22
   0.23883E+04   0.87336E+03   0.15702E+01   0.23662E+22
   0.23887E+04   0.87353E+03   0.15704E+01   0.23665E+22
   0.23892E+04   0.87370E+03   0.15706E+01   0.23668E+22
   0.23896E+04   0.87386E+03   0.15708E+01   0.23671E+22
   0.23900E+04   0.87403E+03   0.15710E+01   0.23674E+22
   0.23904E+04   0.87420E+03   0.15712E+01   0.23677E+22
   0.23908E+04   0.87437E+03   0.15714E+01   0.23680E+22
   0.23912E+04   0.87454E+03   0.15716E+01   0.23683E+22
   0.23917E+04   0.87470E+03   0.15718E+01   0.23686E+22
   0.23921E+04   0.87487E+03   0.15720E+01   0.23689E+22
   0.23925E+04   0.87504E+03   0.15722E+01   0.23692E+22
   0.23929E+04   0.87521E+03   0.15724E+01   0.23695E+22
   0.23933E+04   0.87537E+03   0.15726E+01   0.23698E+22
   0.23937E+04   0.87554E+03   0.15728E+01   0.23701E+22
   0.23941E+04   0.87571E+03   0.15730E+01   0.23704E+22
   0.23946E+04   0.87588E+03   0.15732E+01   0.23707E+22
   0.23950E+04   0.87605E+03   0.15734E+01   0.23709E+22
   0.23954E+04   0.87621E+03   0.15736E+01   0.23712E+22
   0.23958E+04   0.87638E+03   0.15738E+01   0.23715E+22
   0.23962E+04   0.87655E+03   0.15740E+01   0.23718E+22
   0.23966E+04   0.87672E+03   0.15742E+01   0.23721E+22
   0.23971E+04   0.87689E+03   0.15744E+01   0.23724E+22
   0.23975E+04   0.87705E+03   0.15746E+01   0.23727E+22
   0.23979E+04   0.87722E+03   0.15748E+01   0.23730E+22
   0.23983E+04   0.87739E+03   0.15750E+01   0.23733E+22
   0.23987E+04   0.87756E+03   0.15752E+01   0.23736E+22
   0.23991E+04   0.87773E+03   0.15754E+01   0.23739E+22
   0.23996E+04   0.87789E+03   0.15756E+01   0.23742E+22
   0.24000E+04   0.87806E+03   0.15758E+01   0.23745E+22
   0.24004E+04   0.87823E+03   0.15760E+01   0.23748E+22
   0.24008E+04   0.87840E+03   0.15762E+01   0.23751E+22
   0.24012E+04   0.87856E+03   0.15764E+01   0.23754E+22
   0.24016E+04   0.87873E+03   0.15766E+01   0.23757E+22
   0.24021E+04   0.87890E+03   0.15768E+01   0.23760E+22
   0.24025E+04   0.87907E+03   0.15770E+01   0.23763E+22
   0.24029E+04   0.87924E+03   0.15772E+01   0.23766E+22
   0.24033E+04   0.87940E+03   0.15774E+01   0.23769E+22
   0.24037E+04   0.87957E+03   0.15776E+01   0.23772E+22
   0.24041E+04   0.87974E+03   0.15778E+01   0.23775E+22
   0.24045E+04   0.87991E+03   0.15780E+01   0.23778E+22
   0.24050E+04   0.88008E+03   0.15782E+01   0.23781E+22
   0.24054E+04   0.88024E+03   0.15784E+01   0.23784E+22
   0.24058E+04   0.88041E+03   0.15786E+01   0.23787E+22
   0.24062E+04   0.88058E+03   0.15788E+01   0.23790E+22
   0.24066E+04   0.88075E+03   0.15790E+01   0.23793E+22
   0.24070E+04   0.88092E+03   0.15792E+01   0.23796E+22
   0.24075E+04   0.88109E+03   0.15794E+01   0.23799E+22
   0.24079E+04   0.88125E+03   0.15796E+01   0.23801E+22
   0.24083E+04   0.88142E+03   0.15798E+01   0.23804E+22
   0.24087E+04   0.88159E+03   0.15800E+01   0.23807E+22
   0.24091E+04   0.88176E+03   0.15802E+01   0.23810E+22
   0.24095E+04   0.88193E+03   0.15804E+01   0.23813E+22
   0.24100E+04   0.88209E+03   0.15806E+01   0.23816E+22
   0.24104E+04   0.88226E+03   0.15808E+01   0.23819E+22
   0.24108E+04   0.88243E+03   0.15810E+01   0.23822E+22
   0.24112E+04   0.88260E+03   0.15812E+01   0.23825E+22
   0.24116E+04   0.88277E+03   0.15814E+01   0.23828E+22
   0.24120E+04   0.88293E+03   0.15816E+01   0.23831E+22
   0.24125E+04   0.88310E+03   0.15818E+01   0.23834E+22
   0.24129E+04   0.88327E+03   0.15820E+01   0.23837E+22
   0.24133E+04   0.88344E+03   0.15822E+01   0.23840E+22
   0.24137E+04   0.88361E+03   0.15824E+01   0.23843E+22
   0.24141E+04   0.88378E+03   0.15826E+01   0.23846E+22
   0.24145E+04   0.88394E+03   0.15828E+01   0.23849E+22
   0.24150E+04   0.88411E+03   0.15830E+01   0.23852E+22
   0.24154E+04   0.88428E+03   0.15832E+01   0.23855E+22
   0.24158E+04   0.88445E+03   0.15834E+01   0.23858E+22
   0.24162E+04   0.88462E+03   0.15836E+01   0.23861E+22
   0.24166E+04   0.88478E+03   0.15838E+01   0.23864E+22
   0.24170E+04   0.88495E+03   0.15840E+01   0.23867E+22
   0.24175E+04   0.88512E+03   0.15842E+01   0.23870E+22
   0.24179E+04   0.88529E+03   0.15844E+01   0.23873E+22
   0.24183E+04   0.88546E+03   0.15846E+01   0.23876E+22
   0.24187E+04   0.88563E+03   0.15848E+01   0.23879E+22
   0.24191E+04   0.88579E+03   0.15850E+01   0.23882E+22
   0.24195E+04   0.88596E+03   0.15852E+01   0.23885E+22
   0.24200E+04   0.88613E+03   0.15854E+01   0.23888E+22
   0.24204E+04   0.88630E+03   0.15856E+01   0.23891E+22
   0.24208E+04   0.88647E+03   0.15858E+01   0.23893E+22
   0.24212E+04   0.88664E+03   0.15860E+01   0.23896E+22
   0.24216E+04   0.88680E+03   0.15862E+01   0.23899E+22
   0.24221E+04   0.88697E+03   0.15864E+01   0.23902E+22
   0.24225E+04   0.88714E+03   0.15866E+01   0.23905E+22
   0.24229E+04   0.88731E+03   0.15868E+01   0.23908E+22
   0.24233E+04   0.88748E+03   0.15870E+01   0.23911E+22
   0.24237E+04   0.88765E+03   0.15872E+01   0.23914E+22
   0.24241E+04   0.88781E+03   0.15874E+01   0.23917E+22
   0.24246E+04   0.88798E+03   0.15876E+01   0.23920E+22
   0.24250E+04   0.88815E+03   0.15878E+01   0.23923E+22
   0.24254E+04   0.88832E+03   0.15880E+01   0.23926E+22
   0.24258E+04   0.88849E+03   0.15882E+01   0.23929E+22
   0.24262E+04   0.88866E+03   0.15884E+01   0.23932E+22
   0.24266E+04   0.88882E+03   0.15886E+01   0.23935E+22
   0.24271E+04   0.88899E+03   0.15888E+01   0.23938E+22
   0.24275E+04   0.88916E+03   0.15890E+01   0.23941E+22
   0.24279E+04   0.88933E+03   0.15892E+01   0.23944E+22
   0.24283E+04   0.88950E+03   0.15894E+01   0.23947E+22
   0.24287E+04   0.88967E+03   0.15896E+01   0.23950E+22
   0.24291E+04   0.88983E+03   0.15898E+01   0.23953E+22
   0.24296E+04   0.89000E+03   0.15900E+01   0.23956E+22
   0.24300E+04   0.89017E+03   0.15902E+01   0.23959E+22
   0.24304E+04   0.89034E+03   0.15904E+01   0.23962E+22
   0.24308E+04   0.89051E+03   0.15906E+01   0.23965E+22
   0.24312E+04   0.89068E+03   0.15908E+01   0.23968E+22
   0.24317E+04   0.89084E+03   0.15910E+01   0.23971E+22
   0.24321E+04   0.89101E+03   0.15912E+01   0.23974E+22
   0.24325E+04   0.89118E+03   0.15914E+01   0.23977E+22
   0.24329E+04   0.89135E+03   0.15916E+01   0.23980E+22
   0.24333E+04   0.89152E+03   0.15918E+01   0.23983E+22
   0.24337E+04   0.89169E+03   0.15920E+01   0.23986E+22
   0.24342E+04   0.89186E+03   0.15922E+01   0.23989E+22
   0.24346E+04   0.89202E+03   0.15924E+01   0.23991E+22
   0.24350E+04   0.89219E+03   0.15926E+01   0.23994E+22
   0.24354E+04   0.89236E+03   0.15928E+01   0.23997E+22
   0.24358E+04   0.89253E+03   0.15930E+01   0.24000E+22
   0.24362E+04   0.89270E+03   0.15932E+01   0.24003E+22
   0.24367E+04   0.89287E+03   0.15934E+01   0.24006E+22
   0.24371E+04   0.89304E+03   0.15936E+01   0.24009E+22
   0.24375E+04   0.89320E+03   0.15938E+01   0.24012E+22
   0.24379E+04   0.89337E+03   0.15940E+01   0.24015E+22
   0.24383E+04   0.89354E+03   0.15942E+01   0.24018E+22
   0.24388E+04   0.89371E+03   0.15944E+01   0.24021E+22
   0.24392E+04   0.89388E+03   0.15946E+01   0.24024E+22
   0.24396E+04   0.89405E+03   0.15948E+01   0.24027E+22
   0.24400E+04   0.89422E+03   0.15950E+01   0.24030E+22
   0.24404E+04   0.89438E+03   0.15952E+01   0.24033E+22
   0.24408E+04   0.89455E+03   0.15954E+01   0.24036E+22
   0.24413E+04   0.89472E+03   0.15956E+01   0.24039E+22
   0.24417E+04   0.89489E+03   0.15958E+01   0.24042E+22
   0.24421E+04   0.89506E+03   0.15960E+01   0.24045E+22
   0.24425E+04   0.89523E+03   0.15962E+01   0.24048E+22
   0.24429E+04   0.89540E+03   0.15964E+01   0.24051E+22
   0.24434E+04   0.89556E+03   0.15966E+01   0.24054E+22
   0.24438E+04   0.89573E+03   0.15968E+01   0.24057E+22
   0.24442E+04   0.89590E+03   0.15970E+01   0.24060E+22
   0.24446E+04   0.89607E+03   0.15972E+01   0.24063E+22
   0.24450E+04   0.89624E+03   0.15974E+01   0.24066E+22
   0.24454E+04   0.89641E+03   0.15976E+01   0.24069E+22
   0.24459E+04   0.89658E+03   0.15978E+01   0.24072E+22
   0.24463E+04   0.89675E+03   0.15980E+01   0.24075E+22
   0.24467E+04   0.89691E+03   0.15982E+01   0.24078E+22
   0.24471E+04   0.89708E+03   0.15984E+01   0.24081E+22
   0.24475E+04   0.89725E+03   0.15986E+01   0.24084E+22
   0.24480E+04   0.89742E+03   0.15988E+01   0.24087E+22
   0.24484E+04   0.89759E+03   0.15990E+01   0.24090E+22
   0.24488E+04   0.89776E+03   0.15992E+01   0.24092E+22
   0.24492E+04   0.89793E+03   0.15994E+01   0.24095E+22
   0.24496E+04   0.89809E+03   0.15996E+01   0.24098E+22
   0.24500E+04   0.89826E+03   0.15998E+01   0.24101E+22
   0.24505E+04   0.89843E+03   0.16000E+01   0.24104E+22
   0.24509E+04   0.89860E+03   0.16002E+01   0.24107E+22
   0.24513E+04   0.89877E+03   0.16004E+01   0.24110E+22
   0.24517E+04   0.89894E+03   0.16006E+01   0.24113E+22
   0.24521E+04   0.89911E+03   0.16008E+01   0.24116E+22
   0.24526E+04   0.89928E+03   0.16010E+01   0.24119E+22
   0.24530E+04   0.89945E+03   0.16012E+01   0.24122E+22
   0.24534E+04   0.89961E+03   0.16014E+01   0.24125E+22
   0.24538E+04   0.89978E+03   0.16016E+01   0.24128E+22
   0.24542E+04   0.89995E+03   0.16018E+01   0.24131E+22
   0.24547E+04   0.90012E+03   0.16020E+01   0.24134E+22
   0.24551E+04   0.90029E+03   0.16022E+01   0.24137E+22
   0.24555E+04   0.90046E+03   0.16024E+01   0.24140E+22
   0.24559E+04   0.90063E+03   0.16026E+01   0.24143E+22
   0.24563E+04   0.90080E+03   0.16028E+01   0.24146E+22
   0.24567E+04   0.90096E+03   0.16030E+01   0.24149E+22
   0.24572E+04   0.90113E+03   0.16032E+01   0.24152E+22
   0.24576E+04   0.90130E+03   0.16034E+01   0.24155E+22
   0.24580E+04   0.90147E+03   0.16036E+01   0.24158E+22
   0.24584E+04   0.90164E+03   0.16038E+01   0.24161E+22
   0.24588E+04   0.90181E+03   0.16040E+01   0.24164E+22
   0.24593E+04   0.90198E+03   0.16042E+01   0.24167E+22
   0.24597E+04   0.90215E+03   0.16044E+01   0.24170E+22
   0.24601E+04   0.90232E+03   0.16046E+01   0.24173E+22
   0.24605E+04   0.90248E+03   0.16048E+01   0.24176E+22
   0.24609E+04   0.90265E+03   0.16050E+01   0.24179E+22
   0.24614E+04   0.90282E+03   0.16052E+01   0.24182E+22
   0.24618E+04   0.90299E+03   0.16054E+01   0.24185E+22
   0.24622E+04   0.90316E+03   0.16056E+01   0.24188E+22
   0.24626E+04   0.90333E+03   0.16058E+01   0.24191E+22
   0.24630E+04   0.90350E+03   0.16060E+01   0.24194E+22
   0.24635E+04   0.90367E+03   0.16062E+01   0.24197E+22
   0.24639E+04   0.90384E+03   0.16064E+01   0.24199E+22
   0.24643E+04   0.90401E+03   0.16066E+01   0.24202E+22
   0.24647E+04   0.90417E+03   0.16068E+01   0.24205E+22
   0.24651E+04   0.90434E+03   0.16070E+01   0.24208E+22
   0.24656E+04   0.90451E+03   0.16072E+01   0.24211E+22
   0.24660E+04   0.90468E+03   0.16074E+01   0.24214E+22
   0.24664E+04   0.90485E+03   0.16076E+01   0.24217E+22
   0.24668E+04   0.90502E+03   0.16078E+01   0.24220E+22
   0.24672E+04   0.90519E+03   0.16080E+01   0.24223E+22
   0.24676E+04   0.90536E+03   0.16082E+01   0.24226E+22
   0.24681E+04   0.90553E+03   0.16084E+01   0.24229E+22
   0.24685E+04   0.90570E+03   0.16086E+01   0.24232E+22
   0.24689E+04   0.90586E+03   0.16088E+01   0.24235E+22
   0.24693E+04   0.90603E+03   0.16090E+01   0.24238E+22
   0.24697E+04   0.90620E+03   0.16092E+01   0.24241E+22
   0.24702E+04   0.90637E+03   0.16094E+01   0.24244E+22
   0.24706E+04   0.90654E+03   0.16096E+01   0.24247E+22
   0.24710E+04   0.90671E+03   0.16098E+01   0.24250E+22
   0.24714E+04   0.90688E+03   0.16100E+01   0.24253E+22
   0.24718E+04   0.90705E+03   0.16102E+01   0.24256E+22
   0.24723E+04   0.90722E+03   0.16104E+01   0.24259E+22
   0.24727E+04   0.90739E+03   0.16106E+01   0.24262E+22
   0.24731E+04   0.90755E+03   0.16108E+01   0.24265E+22
   0.24735E+04   0.90772E+03   0.16110E+01   0.24268E+22
   0.24739E+04   0.90789E+03   0.16112E+01   0.24271E+22
   0.24744E+04   0.90806E+03   0.16114E+01   0.24274E+22
   0.24748E+04   0.90823E+03   0.16116E+01   0.24277E+22
   0.24752E+04   0.90840E+03   0.16118E+01   0.24280E+22
   0.24756E+04   0.90857E+03   0.16120E+01   0.24283E+22
   0.24760E+04   0.90874E+03   0.16122E+01   0.24286E+22
   0.24765E+04   0.90891E+03   0.16124E+01   0.24289E+22
   0.24769E+04   0.90908E+03   0.16126E+01   0.24292E+22
   0.24773E+04   0.90925E+03   0.16128E+01   0.24295E+22
   0.24777E+04   0.90942E+03   0.16130E+01   0.24298E+22
   0.24781E+04   0.90958E+03   0.16132E+01   0.24301E+22
   0.24786E+04   0.90975E+03   0.16134E+01   0.24304E+22
   0.24790E+04   0.90992E+03   0.16136E+01   0.24307E+22
   0.24794E+04   0.91009E+03   0.16138E+01   0.24309E+22
   0.24798E+04   0.91026E+03   0.16140E+01   0.24312E+22
   0.24802E+04   0.91043E+03   0.16142E+01   0.24315E+22
   0.24807E+04   0.91060E+03   0.16144E+01   0.24318E+22
   0.24811E+04   0.91077E+03   0.16146E+01   0.24321E+22
   0.24815E+04   0.91094E+03   0.16148E+01   0.24324E+22
   0.24819E+04   0.91111E+03   0.16150E+01   0.24327E+22
   0.24823E+04   0.91128E+03   0.16152E+01   0.24330E+22
   0.24828E+04   0.91145E+03   0.16154E+01   0.24333E+22
   0.24832E+04   0.91162E+03   0.16156E+01   0.24336E+22
   0.24836E+04   0.91178E+03   0.16158E+01   0.24339E+22
   0.24840E+04   0.91195E+03   0.16160E+01   0.24342E+22
   0.24844E+04   0.91212E+03   0.16162E+01   0.24345E+22
   0.24849E+04   0.91229E+03   0.16164E+01   0.24348E+22
   0.24853E+04   0.91246E+03   0.16166E+01   0.24351E+22
   0.24857E+04   0.91263E+03   0.16168E+01   0.24354E+22
   0.24861E+04   0.91280E+03   0.16170E+01   0.24357E+22
   0.24865E+04   0.91297E+03   0.16172E+01   0.24360E+22
   0.24870E+04   0.91314E+03   0.16174E+01   0.24363E+22
   0.24874E+04   0.91331E+03   0.16176E+01   0.24366E+22
   0.24878E+04   0.91348E+03   0.16178E+01   0.24369E+22
   0.24882E+04   0.91365E+03   0.16180E+01   0.24372E+22
   0.24886E+04   0.91382E+03   0.16182E+01   0.24375E+22
   0.24891E+04   0.91399E+03   0.16184E+01   0.24378E+22
   0.24895E+04   0.91416E+03   0.16186E+01   0.24381E+22
   0.24899E+04   0.91432E+03   0.16188E+01   0.24384E+22
   0.24903E+04   0.91449E+03   0.16190E+01   0.24387E+22
   0.24908E+04   0.91466E+03   0.16192E+01   0.24390E+22
   0.24912E+04   0.91483E+03   0.16194E+01   0.24393E+22
   0.24916E+04   0.91500E+03   0.16196E+01   0.24396E+22
   0.24920E+04   0.91517E+03   0.16198E+01   0.24399E+22
   0.24924E+04   0.91534E+03   0.16200E+01   0.24402E+22
   0.24929E+04   0.91551E+03   0.16202E+01   0.24405E+22
   0.24933E+04   0.91568E+03   0.16204E+01   0.24408E+22
   0.24937E+04   0.91585E+03   0.16206E+01   0.24411E+22
   0.24941E+04   0.91602E+03   0.16208E+01   0.24414E+22
   0.24945E+04   0.91619E+03   0.16210E+01   0.24417E+22
   0.24950E+04   0.91636E+03   0.16212E+01   0.24420E+22
   0.24954E+04   0.91653E+03   0.16214E+01   0.24423E+22
   0.24958E+04   0.91670E+03   0.16216E+01   0.24426E+22
   0.24962E+04   0.91687E+03   0.16218E+01   0.24428E+22
   0.24966E+04   0.91704E+03   0.16220E+01   0.24431E+22
   0.24971E+04   0.91721E+03   0.16222E+01   0.24434E+22
   0.24975E+04   0.91737E+03   0.16224E+01   0.24437E+22
   0.24979E+04   0.91754E+03   0.16226E+01   0.24440E+22
   0.24983E+04   0.91771E+03   0.16228E+01   0.24443E+22
   0.24987E+04   0.91788E+03   0.16230E+01   0.24446E+22
   0.24992E+04   0.91805E+03   0.16232E+01   0.24449E+22
   0.24996E+04   0.91822E+03   0.16234E+01   0.24452E+22
   0.25000E+04   0.91839E+03   0.16236E+01   0.24455E+22
   0.25004E+04   0.91856E+03   0.16238E+01   0.24458E+22
   0.25009E+04   0.91873E+03   0.16240E+01   0.24461E+22
   0.25013E+04   0.91890E+03   0.16242E+01   0.24464E+22
   0.25017E+04   0.91907E+03   0.16244E+01   0.24467E+22
   0.25021E+04   0.91924E+03   0.16246E+01   0.24470E+22
   0.25025E+04   0.91941E+03   0.16248E+01   0.24473E+22
   0.25030E+04   0.91958E+03   0.16250E+01   0.24476E+22
   0.25034E+04   0.91975E+03   0.16252E+01   0.24479E+22
   0.25038E+04   0.91992E+03   0.16254E+01   0.24482E+22
   0.25042E+04   0.92009E+03   0.16256E+01   0.24485E+22
   0.25046E+04   0.92026E+03   0.16258E+01   0.24488E+22
   0.25051E+04   0.92043E+03   0.16260E+01   0.24491E+22
   0.25055E+04   0.92060E+03   0.16262E+01   0.24494E+22
   0.25059E+04   0.92077E+03   0.16264E+01   0.24497E+22
   0.25063E+04   0.92094E+03   0.16266E+01   0.24500E+22
   0.25067E+04   0.92111E+03   0.16268E+01   0.24503E+22
   0.25072E+04   0.92127E+03   0.16270E+01   0.24506E+22
   0.25076E+04   0.92144E+03   0.16272E+01   0.24509E+22
   0.25080E+04   0.92161E+03   0.16274E+01   0.24512E+22
   0.25084E+04   0.92178E+03   0.16276E+01   0.24515E+22
   0.25089E+04   0.92195E+03   0.16278E+01   0.24518E+22
   0.25093E+04   0.92212E+03   0.16280E+01   0.24521E+22
   0.25097E+04   0.92229E+03   0.16282E+01   0.24524E+22
   0.25101E+04   0.92246E+03   0.16284E+01   0.24527E+22
   0.25105E+04   0.92263E+03   0.16286E+01   0.24530E+22
   0.25110E+04   0.92280E+03   0.16288E+01   0.24533E+22
   0.25114E+04   0.92297E+03   0.16290E+01   0.24536E+22
   0.25118E+04   0.92314E+03   0.16292E+01   0.24539E+22
   0.25122E+04   0.92331E+03   0.16294E+01   0.24542E+22
   0.25127E+04   0.92348E+03   0.16296E+01   0.24545E+22
   0.25131E+04   0.92365E+03   0.16298E+01   0.24548E+22
   0.25135E+04   0.92382E+03   0.16300E+01   0.24551E+22
   0.25139E+04   0.92399E+03   0.16302E+01   0.24553E+22
   0.25143E+04   0.92416E+03   0.16304E+01   0.24556E+22
   0.25148E+04   0.92433E+03   0.16306E+01   0.24559E+22
   0.25152E+04   0.92450E+03   0.16308E+01   0.24562E+22
   0.25156E+04   0.92467E+03   0.16310E+01   0.24565E+22
   0.25160E+04   0.92484E+03   0.16312E+01   0.24568E+22
   0.25164E+04   0.92501E+03   0.16314E+01   0.24571E+22
   0.25169E+04   0.92518E+03   0.16316E+01   0.24574E+22
   0.25173E+04   0.92535E+03   0.16318E+01   0.24577E+22
   0.25177E+04   0.92552E+03   0.16320E+01   0.24580E+22
   0.25181E+04   0.92569E+03   0.16322E+01   0.24583E+22
   0.25186E+04   0.92586E+03   0.16324E+01   0.24586E+22
   0.25190E+04   0.92603E+03   0.16326E+01   0.24589E+22
   0.25194E+04   0.92620E+03   0.16328E+01   0.24592E+22
   0.25198E+04   0.92637E+03   0.16330E+01   0.24595E+22
   0.25202E+04   0.92654E+03   0.16332E+01   0.24598E+22
   0.25207E+04   0.92671E+03   0.16334E+01   0.24601E+22
   0.25211E+04   0.92688E+03   0.16336E+01   0.24604E+22
   0.25215E+04   0.92705E+03   0.16338E+01   0.24607E+22
   0.25219E+04   0.92722E+03   0.16340E+01   0.24610E+22
   0.25224E+04   0.92739E+03   0.16342E+01   0.24613E+22
   0.25228E+04   0.92756E+03   0.16344E+01   0.24616E+22
   0.25232E+04   0.92773E+03   0.16346E+01   0.24619E+22
   0.25236E+04   0.92790E+03   0.16348E+01   0.24622E+22
   0.25240E+04   0.92807E+03   0.16350E+01   0.24625E+22
   0.25245E+04   0.92824E+03   0.16352E+01   0.24628E+22
   0.25249E+04   0.92841E+03   0.16354E+01   0.24631E+22
   0.25253E+04   0.92858E+03   0.16356E+01   0.24634E+22
   0.25257E+04   0.92875E+03   0.16358E+01   0.24637E+22
   0.25262E+04   0.92892E+03   0.16360E+01   0.24640E+22
   0.25266E+04   0.92909E+03   0.16362E+01   0.24643E+22
   0.25270E+04   0.92926E+03   0.16364E+01   0.24646E+22
   0.25274E+04   0.92942E+03   0.16366E+01   0.24649E+22
   0.25278E+04   0.92959E+03   0.16368E+01   0.24652E+22
   0.25283E+04   0.92976E+03   0.16370E+01   0.24655E+22
   0.25287E+04   0.92993E+03   0.16372E+01   0.24658E+22
   0.25291E+04   0.93010E+03   0.16374E+01   0.24661E+22
   0.25295E+04   0.93027E+03   0.16376E+01   0.24664E+22
   0.25300E+04   0.93044E+03   0.16378E+01   0.24667E+22
   0.25304E+04   0.93061E+03   0.16380E+01   0.24670E+22
   0.25308E+04   0.93078E+03   0.16382E+01   0.24673E+22
   0.25312E+04   0.93095E+03   0.16384E+01   0.24676E+22
   0.25316E+04   0.93112E+03   0.16386E+01   0.24679E+22
   0.25321E+04   0.93129E+03   0.16388E+01   0.24682E+22
   0.25325E+04   0.93146E+03   0.16390E+01   0.24684E+22
   0.25329E+04   0.93163E+03   0.16392E+01   0.24687E+22
   0.25333E+04   0.93180E+03   0.16394E+01   0.24690E+22
   0.25338E+04   0.93198E+03   0.16396E+01   0.24693E+22
   0.25342E+04   0.93215E+03   0.16398E+01   0.24696E+22
   0.25346E+04   0.93232E+03   0.16400E+01   0.24699E+22
   0.25350E+04   0.93249E+03   0.16402E+01   0.24702E+22
   0.25355E+04   0.93266E+03   0.16404E+01   0.24705E+22
   0.25359E+04   0.93283E+03   0.16406E+01   0.24708E+22
   0.25363E+04   0.93300E+03   0.16408E+01   0.24711E+22
   0.25367E+04   0.93317E+03   0.16410E+01   0.24714E+22
   0.25371E+04   0.93334E+03   0.16412E+01   0.24717E+22
   0.25376E+04   0.93351E+03   0.16414E+01   0.24720E+22
   0.25380E+04   0.93368E+03   0.16416E+01   0.24723E+22
   0.25384E+04   0.93385E+03   0.16418E+01   0.24726E+22
   0.25388E+04   0.93402E+03   0.16420E+01   0.24729E+22
   0.25393E+04   0.93419E+03   0.16422E+01   0.24732E+22
   0.25397E+04   0.93436E+03   0.16424E+01   0.24735E+22
   0.25401E+04   0.93453E+03   0.16426E+01   0.24738E+22
   0.25405E+04   0.93470E+03   0.16428E+01   0.24741E+22
   0.25410E+04   0.93487E+03   0.16430E+01   0.24744E+22
   0.25414E+04   0.93504E+03   0.16432E+01   0.24747E+22
   0.25418E+04   0.93521E+03   0.16434E+01   0.24750E+22
   0.25422E+04   0.93538E+03   0.16436E+01   0.24753E+22
   0.25426E+04   0.93555E+03   0.16438E+01   0.24756E+22
   0.25431E+04   0.93572E+03   0.16440E+01   0.24759E+22
   0.25435E+04   0.93589E+03   0.16442E+01   0.24762E+22
   0.25439E+04   0.93606E+03   0.16444E+01   0.24765E+22
   0.25443E+04   0.93623E+03   0.16446E+01   0.24768E+22
   0.25448E+04   0.93640E+03   0.16448E+01   0.24771E+22
   0.25452E+04   0.93657E+03   0.16450E+01   0.24774E+22
   0.25456E+04   0.93674E+03   0.16452E+01   0.24777E+22
   0.25460E+04   0.93691E+03   0.16454E+01   0.24780E+22
   0.25465E+04   0.93708E+03   0.16456E+01   0.24783E+22
   0.25469E+04   0.93725E+03   0.16458E+01   0.24786E+22
   0.25473E+04   0.93742E+03   0.16460E+01   0.24789E+22
   0.25477E+04   0.93759E+03   0.16462E+01   0.24792E+22
   0.25481E+04   0.93776E+03   0.16464E+01   0.24795E+22
   0.25486E+04   0.93793E+03   0.16466E+01   0.24798E+22
   0.25490E+04   0.93810E+03   0.16468E+01   0.24801E+22
   0.25494E+04   0.93827E+03   0.16470E+01   0.24804E+22
   0.25498E+04   0.93844E+03   0.16472E+01   0.24807E+22
   0.25503E+04   0.93861E+03   0.16474E+01   0.24810E+22
   0.25507E+04   0.93878E+03   0.16476E+01   0.24813E+22
   0.25511E+04   0.93895E+03   0.16478E+01   0.24816E+22
   0.25515E+04   0.93912E+03   0.16480E+01   0.24819E+22
   0.25520E+04   0.93929E+03   0.16482E+01   0.24822E+22
   0.25524E+04   0.93946E+03   0.16484E+01   0.24825E+22
   0.25528E+04   0.93963E+03   0.16486E+01   0.24827E+22
   0.25532E+04   0.93980E+03   0.16488E+01   0.24830E+22
   0.25537E+04   0.93997E+03   0.16490E+01   0.24833E+22
   0.25541E+04   0.94014E+03   0.16492E+01   0.24836E+22
   0.25545E+04   0.94032E+03   0.16494E+01   0.24839E+22
   0.25549E+04   0.94049E+03   0.16496E+01   0.24842E+22
   0.25553E+04   0.94066E+03   0.16498E+01   0.24845E+22
   0.25558E+04   0.94083E+03   0.16500E+01   0.24848E+22
   0.25562E+04   0.94100E+03   0.16502E+01   0.24851E+22
   0.25566E+04   0.94117E+03   0.16504E+01   0.24854E+22
   0.25570E+04   0.94134E+03   0.16506E+01   0.24857E+22
   0.25575E+04   0.94151E+03   0.16508E+01   0.24860E+22
   0.25579E+04   0.94168E+03   0.16510E+01   0.24863E+22
   0.25583E+04   0.94185E+03   0.16512E+01   0.24866E+22
   0.25587E+04   0.94202E+03   0.16514E+01   0.24869E+22
   0.25592E+04   0.94219E+03   0.16516E+01   0.24872E+22
   0.25596E+04   0.94236E+03   0.16518E+01   0.24875E+22
   0.25600E+04   0.94253E+03   0.16520E+01   0.24878E+22
   0.25604E+04   0.94270E+03   0.16522E+01   0.24881E+22
   0.25609E+04   0.94287E+03   0.16524E+01   0.24884E+22
   0.25613E+04   0.94304E+03   0.16526E+01   0.24887E+22
   0.25617E+04   0.94321E+03   0.16528E+01   0.24890E+22
   0.25621E+04   0.94338E+03   0.16530E+01   0.24893E+22
   0.25626E+04   0.94355E+03   0.16532E+01   0.24896E+22
   0.25630E+04   0.94372E+03   0.16534E+01   0.24899E+22
   0.25634E+04   0.94389E+03   0.16536E+01   0.24902E+22
   0.25638E+04   0.94406E+03   0.16538E+01   0.24905E+22
   0.25643E+04   0.94424E+03   0.16540E+01   0.24908E+22
   0.25647E+04   0.94441E+03   0.16542E+01   0.24911E+22
   0.25651E+04   0.94458E+03   0.16544E+01   0.24914E+22
   0.25655E+04   0.94475E+03   0.16546E+01   0.24917E+22
   0.25660E+04   0.94492E+03   0.16548E+01   0.24920E+22
   0.25664E+04   0.94509E+03   0.16550E+01   0.24923E+22
   0.25668E+04   0.94526E+03   0.16552E+01   0.24926E+22
   0.25672E+04   0.94543E+03   0.16554E+01   0.24929E+22
   0.25676E+04   0.94560E+03   0.16556E+01   0.24932E+22
   0.25681E+04   0.94577E+03   0.16558E+01   0.24935E+22
   0.25685E+04   0.94594E+03   0.16560E+01   0.24938E+22
   0.25689E+04   0.94611E+03   0.16562E+01   0.24941E+22
   0.25693E+04   0.94628E+03   0.16564E+01   0.24944E+22
   0.25698E+04   0.94645E+03   0.16566E+01   0.24947E+22
   0.25702E+04   0.94662E+03   0.16568E+01   0.24950E+22
   0.25706E+04   0.94679E+03   0.16570E+01   0.24953E+22
   0.25710E+04   0.94696E+03   0.16572E+01   0.24956E+22
   0.25715E+04   0.94714E+03   0.16574E+01   0.24959E+22
   0.25719E+04   0.94731E+03   0.16576E+01   0.24962E+22
   0.25723E+04   0.94748E+03   0.16578E+01   0.24965E+22
   0.25727E+04   0.94765E+03   0.16580E+01   0.24968E+22
   0.25732E+04   0.94782E+03   0.16582E+01   0.24971E+22
   0.25736E+04   0.94799E+03   0.16584E+01   0.24974E+22
   0.25740E+04   0.94816E+03   0.16586E+01   0.24977E+22
   0.25744E+04   0.94833E+03   0.16588E+01   0.24980E+22
   0.25749E+04   0.94850E+03   0.16590E+01   0.24983E+22
   0.25753E+04   0.94867E+03   0.16592E+01   0.24985E+22
   0.25757E+04   0.94884E+03   0.16594E+01   0.24988E+22
   0.25761E+04   0.94901E+03   0.16596E+01   0.24991E+22
   0.25766E+04   0.94918E+03   0.16598E+01   0.24994E+22
   0.25770E+04   0.94935E+03   0.16600E+01   0.24997E+22
   0.25774E+04   0.94952E+03   0.16602E+01   0.25000E+22
   0.25778E+04   0.94970E+03   0.16604E+01   0.25003E+22
   0.25783E+04   0.94987E+03   0.16606E+01   0.25006E+22
   0.25787E+04   0.95004E+03   0.16608E+01   0.25009E+22
   0.25791E+04   0.95021E+03   0.16610E+01   0.25012E+22
   0.25795E+04   0.95038E+03   0.16612E+01   0.25015E+22
   0.25800E+04   0.95055E+03   0.16614E+01   0.25018E+22
   0.25804E+04   0.95072E+03   0.16616E+01   0.25021E+22
   0.25808E+04   0.95089E+03   0.16618E+01   0.25024E+22
   0.25812E+04   0.95106E+03   0.16620E+01   0.25027E+22
   0.25817E+04   0.95123E+03   0.16622E+01   0.25030E+22
   0.25821E+04   0.95140E+03   0.16624E+01   0.25033E+22
   0.25825E+04   0.95157E+03   0.16626E+01   0.25036E+22
   0.25829E+04   0.95174E+03   0.16628E+01   0.25039E+22
   0.25834E+04   0.95192E+03   0.16630E+01   0.25042E+22
   0.25838E+04   0.95209E+03   0.16632E+01   0.25045E+22
   0.25842E+04   0.95226E+03   0.16634E+01   0.25048E+22
   0.25846E+04   0.95243E+03   0.16636E+01   0.25051E+22
   0.25851E+04   0.95260E+03   0.16638E+01   0.25054E+22
   0.25855E+04   0.95277E+03   0.16640E+01   0.25057E+22
   0.25859E+04   0.95294E+03   0.16642E+01   0.25060E+22
   0.25863E+04   0.95311E+03   0.16644E+01   0.25063E+22
   0.25868E+04   0.95328E+03   0.16646E+01   0.25066E+22
   0.25872E+04   0.95345E+03   0.16648E+01   0.25069E+22
   0.25876E+04   0.95362E+03   0.16650E+01   0.25072E+22
   0.25880E+04   0.95379E+03   0.16652E+01   0.25075E+22
   0.25885E+04   0.95397E+03   0.16654E+01   0.25078E+22
   0.25889E+04   0.95414E+03   0.16656E+01   0.25081E+22
   0.25893E+04   0.95431E+03   0.16658E+01   0.25084E+22
   0.25897E+04   0.95448E+03   0.16660E+01   0.25087E+22
   0.25902E+04   0.95465E+03   0.16662E+01   0.25090E+22
   0.25906E+04   0.95482E+03   0.16664E+01   0.25093E+22
   0.25910E+04   0.95499E+03   0.16666E+01   0.25096E+22
   0.25914E+04   0.95516E+03   0.16668E+01   0.25099E+22
   0.25919E+04   0.95533E+03   0.16670E+01   0.25102E+22
   0.25923E+04   0.95550E+03   0.16672E+01   0.25105E+22
   0.25927E+04   0.95567E+03   0.16674E+01   0.25108E+22
   0.25931E+04   0.95585E+03   0.16676E+01   0.25111E+22
   0.25936E+04   0.95602E+03   0.16678E+01   0.25114E+22
   0.25940E+04   0.95619E+03   0.16680E+01   0.25117E+22
   0.25944E+04   0.95636E+03   0.16682E+01   0.25120E+22
   0.25949E+04   0.95653E+03   0.16684E+01   0.25123E+22
   0.25953E+04   0.95670E+03   0.16686E+01   0.25126E+22
   0.25957E+04   0.95687E+03   0.16688E+01   0.25129E+22
   0.25961E+04   0.95704E+03   0.16690E+01   0.25132E+22
   0.25966E+04   0.95721E+03   0.16692E+01   0.25135E+22
   0.25970E+04   0.95738E+03   0.16694E+01   0.25138E+22
   0.25974E+04   0.95755E+03   0.16696E+01   0.25141E+22
   0.25978E+04   0.95773E+03   0.16698E+01   0.25144E+22
   0.25983E+04   0.95790E+03   0.16700E+01   0.25147E+22
   0.25987E+04   0.95807E+03   0.16702E+01   0.25150E+22
   0.25991E+04   0.95824E+03   0.16704E+01   0.25153E+22
   0.25995E+04   0.95841E+03   0.16706E+01   0.25156E+22
   0.26000E+04   0.95858E+03   0.16708E+01   0.25158E+22
   0.26004E+04   0.95875E+03   0.16710E+01   0.25161E+22
   0.26008E+04   0.95892E+03   0.16712E+01   0.25164E+22
   0.26012E+04   0.95909E+03   0.16714E+01   0.25167E+22
   0.26017E+04   0.95927E+03   0.16716E+01   0.25170E+22
   0.26021E+04   0.95944E+03   0.16718E+01   0.25173E+22
   0.26025E+04   0.95961E+03   0.16720E+01   0.25176E+22
   0.26029E+04   0.95978E+03   0.16722E+01   0.25179E+22
   0.26034E+04   0.95995E+03   0.16724E+01   0.25182E+22
   0.26038E+04   0.96012E+03   0.16726E+01   0.25185E+22
   0.26042E+04   0.96029E+03   0.16728E+01   0.25188E+22
   0.26046E+04   0.96046E+03   0.16730E+01   0.25191E+22
   0.26051E+04   0.96063E+03   0.16732E+01   0.25194E+22
   0.26055E+04   0.96081E+03   0.16734E+01   0.25197E+22
   0.26059E+04   0.96098E+03   0.16736E+01   0.25200E+22
   0.26064E+04   0.96115E+03   0.16738E+01   0.25203E+22
   0.26068E+04   0.96132E+03   0.16740E+01   0.25206E+22
   0.26072E+04   0.96149E+03   0.16742E+01   0.25209E+22
   0.26076E+04   0.96166E+03   0.16744E+01   0.25212E+22
   0.26081E+04   0.96183E+03   0.16746E+01   0.25215E+22
   0.26085E+04   0.96200E+03   0.16748E+01   0.25218E+22
   0.26089E+04   0.96217E+03   0.16750E+01   0.25221E+22
   0.26093E+04   0.96235E+03   0.16752E+01   0.25224E+22
   0.26098E+04   0.96252E+03   0.16754E+01   0.25227E+22
   0.26102E+04   0.96269E+03   0.16756E+01   0.25230E+22
   0.26106E+04   0.96286E+03   0.16758E+01   0.25233E+22
   0.26110E+04   0.96303E+03   0.16760E+01   0.25236E+22
   0.26115E+04   0.96320E+03   0.16762E+01   0.25239E+22
   0.26119E+04   0.96337E+03   0.16764E+01   0.25242E+22
   0.26123E+04   0.96354E+03   0.16766E+01   0.25245E+22
   0.26127E+04   0.96372E+03   0.16768E+01   0.25248E+22
   0.26132E+04   0.96389E+03   0.16770E+01   0.25251E+22
   0.26136E+04   0.96406E+03   0.16772E+01   0.25254E+22
   0.26140E+04   0.96423E+03   0.16774E+01   0.25257E+22
   0.26145E+04   0.96440E+03   0.16776E+01   0.25260E+22
   0.26149E+04   0.96457E+03   0.16778E+01   0.25263E+22
   0.26153E+04   0.96474E+03   0.16780E+01   0.25266E+22
   0.26157E+04   0.96491E+03   0.16782E+01   0.25269E+22
   0.26162E+04   0.96509E+03   0.16784E+01   0.25272E+22
   0.26166E+04   0.96526E+03   0.16786E+01   0.25275E+22
   0.26170E+04   0.96543E+03   0.16788E+01   0.25278E+22
   0.26174E+04   0.96560E+03   0.16790E+01   0.25281E+22
   0.26179E+04   0.96577E+03   0.16792E+01   0.25284E+22
   0.26183E+04   0.96594E+03   0.16794E+01   0.25287E+22
   0.26187E+04   0.96611E+03   0.16796E+01   0.25290E+22
   0.26192E+04   0.96628E+03   0.16798E+01   0.25293E+22
   0.26196E+04   0.96646E+03   0.16800E+01   0.25296E+22
   0.26200E+04   0.96663E+03   0.16802E+01   0.25299E+22
   0.26204E+04   0.96680E+03   0.16804E+01   0.25302E+22
   0.26209E+04   0.96697E+03   0.16806E+01   0.25305E+22
   0.26213E+04   0.96714E+03   0.16808E+01   0.25308E+22
   0.26217E+04   0.96731E+03   0.16810E+01   0.25311E+22
   0.26221E+04   0.96748E+03   0.16812E+01   0.25314E+22
   0.26226E+04   0.96766E+03   0.16814E+01   0.25317E+22
   0.26230E+04   0.96783E+03   0.16816E+01   0.25320E+22
   0.26234E+04   0.96800E+03   0.16818E+01   0.25323E+22
   0.26238E+04   0.96817E+03   0.16820E+01   0.25326E+22
   0.26243E+04   0.96834E+03   0.16822E+01   0.25329E+22
   0.26247E+04   0.96851E+03   0.16824E+01   0.25332E+22
   0.26251E+04   0.96868E+03   0.16826E+01   0.25335E+22
   0.26256E+04   0.96886E+03   0.16828E+01   0.25338E+22
   0.26260E+04   0.96903E+03   0.16830E+01   0.25341E+22
   0.26264E+04   0.96920E+03   0.16832E+01   0.25344E+22
   0.26268E+04   0.96937E+03   0.16834E+01   0.25347E+22
   0.26273E+04   0.96954E+03   0.16836E+01   0.25350E+22
   0.26277E+04   0.96971E+03   0.16838E+01   0.25352E+22
   0.26281E+04   0.96988E+03   0.16840E+01   0.25355E+22
   0.26285E+04   0.97006E+03   0.16842E+01   0.25358E+22
   0.26290E+04   0.97023E+03   0.16844E+01   0.25361E+22
   0.26294E+04   0.97040E+03   0.16846E+01   0.25364E+22
   0.26298E+04   0.97057E+03   0.16848E+01   0.25367E+22
   0.26303E+04   0.97074E+03   0.16850E+01   0.25370E+22
   0.26307E+04   0.97091E+03   0.16852E+01   0.25373E+22
   0.26311E+04   0.97108E+03   0.16854E+01   0.25376E+22
   0.26315E+04   0.97126E+03   0.16856E+01   0.25379E+22
   0.26320E+04   0.97143E+03   0.16858E+01   0.25382E+22
   0.26324E+04   0.97160E+03   0.16860E+01   0.25385E+22
   0.26328E+04   0.97177E+03   0.16862E+01   0.25388E+22
   0.26332E+04   0.97194E+03   0.16864E+01   0.25391E+22
   0.26337E+04   0.97211E+03   0.16866E+01   0.25394E+22
   0.26341E+04   0.97229E+03   0.16868E+01   0.25397E+22
   0.26345E+04   0.97246E+03   0.16870E+01   0.25400E+22
   0.26350E+04   0.97263E+03   0.16872E+01   0.25403E+22
   0.26354E+04   0.97280E+03   0.16874E+01   0.25406E+22
   0.26358E+04   0.97297E+03   0.16876E+01   0.25409E+22
   0.26362E+04   0.97314E+03   0.16878E+01   0.25412E+22
   0.26367E+04   0.97331E+03   0.16880E+01   0.25415E+22
   0.26371E+04   0.97349E+03   0.16882E+01   0.25418E+22
   0.26375E+04   0.97366E+03   0.16884E+01   0.25421E+22
   0.26380E+04   0.97383E+03   0.16886E+01   0.25424E+22
   0.26384E+04   0.97400E+03   0.16888E+01   0.25427E+22
   0.26388E+04   0.97417E+03   0.16890E+01   0.25430E+22
   0.26392E+04   0.97434E+03   0.16892E+01   0.25433E+22
   0.26397E+04   0.97452E+03   0.16894E+01   0.25436E+22
   0.26401E+04   0.97469E+03   0.16896E+01   0.25439E+22
   0.26405E+04   0.97486E+03   0.16898E+01   0.25442E+22
   0.26409E+04   0.97503E+03   0.16900E+01   0.25445E+22
   0.26414E+04   0.97520E+03   0.16902E+01   0.25448E+22
   0.26418E+04   0.97537E+03   0.16904E+01   0.25451E+22
   0.26422E+04   0.97555E+03   0.16906E+01   0.25454E+22
   0.26427E+04   0.97572E+03   0.16908E+01   0.25457E+22
   0.26431E+04   0.97589E+03   0.16910E+01   0.25460E+22
   0.26435E+04   0.97606E+03   0.16912E+01   0.25463E+22
   0.26439E+04   0.97623E+03   0.16914E+01   0.25466E+22
   0.26444E+04   0.97640E+03   0.16916E+01   0.25469E+22
   0.26448E+04   0.97658E+03   0.16918E+01   0.25472E+22
   0.26452E+04   0.97675E+03   0.16920E+01   0.25475E+22
   0.26457E+04   0.97692E+03   0.16922E+01   0.25478E+22
   0.26461E+04   0.97709E+03   0.16924E+01   0.25481E+22
   0.26465E+04   0.97726E+03   0.16926E+01   0.25484E+22
   0.26469E+04   0.97744E+03   0.16928E+01   0.25487E+22
   0.26474E+04   0.97761E+03   0.16930E+01   0.25490E+22
   0.26478E+04   0.97778E+03   0.16932E+01   0.25493E+22
   0.26482E+04   0.97795E+03   0.16934E+01   0.25496E+22
   0.26487E+04   0.97812E+03   0.16936E+01   0.25499E+22
   0.26491E+04   0.97829E+03   0.16938E+01   0.25502E+22
   0.26495E+04   0.97847E+03   0.16940E+01   0.25505E+22
   0.26499E+04   0.97864E+03   0.16942E+01   0.25508E+22
   0.26504E+04   0.97881E+03   0.16944E+01   0.25511E+22
   0.26508E+04   0.97898E+03   0.16946E+01   0.25514E+22
   0.26512E+04   0.97915E+03   0.16948E+01   0.25517E+22
   0.26517E+04   0.97932E+03   0.16950E+01   0.25520E+22
   0.26521E+04   0.97950E+03   0.16952E+01   0.25523E+22
   0.26525E+04   0.97967E+03   0.16954E+01   0.25526E+22
   0.26529E+04   0.97984E+03   0.16956E+01   0.25529E+22
   0.26534E+04   0.98001E+03   0.16958E+01   0.25532E+22
   0.26538E+04   0.98018E+03   0.16960E+01   0.25535E+22
   0.26542E+04   0.98036E+03   0.16962E+01   0.25538E+22
   0.26547E+04   0.98053E+03   0.16964E+01   0.25541E+22
   0.26551E+04   0.98070E+03   0.16966E+01   0.25544E+22
   0.26555E+04   0.98087E+03   0.16968E+01   0.25547E+22
   0.26559E+04   0.98104E+03   0.16970E+01   0.25550E+22
   0.26564E+04   0.98122E+03   0.16972E+01   0.25553E+22
   0.26568E+04   0.98139E+03   0.16974E+01   0.25556E+22
   0.26572E+04   0.98156E+03   0.16976E+01   0.25559E+22
   0.26577E+04   0.98173E+03   0.16978E+01   0.25562E+22
   0.26581E+04   0.98190E+03   0.16980E+01   0.25565E+22
   0.26585E+04   0.98207E+03   0.16982E+01   0.25568E+22
   0.26589E+04   0.98225E+03   0.16984E+01   0.25571E+22
   0.26594E+04   0.98242E+03   0.16986E+01   0.25574E+22
   0.26598E+04   0.98259E+03   0.16988E+01   0.25577E+22
   0.26602E+04   0.98276E+03   0.16990E+01   0.25580E+22
   0.26607E+04   0.98293E+03   0.16992E+01   0.25583E+22
   0.26611E+04   0.98311E+03   0.16994E+01   0.25585E+22
   0.26615E+04   0.98328E+03   0.16996E+01   0.25588E+22
   0.26619E+04   0.98345E+03   0.16998E+01   0.25591E+22
   0.26624E+04   0.98362E+03   0.17000E+01   0.25594E+22
   0.26628E+04   0.98379E+03   0.17002E+01   0.25597E+22
   0.26632E+04   0.98397E+03   0.17004E+01   0.25600E+22
   0.26637E+04   0.98414E+03   0.17006E+01   0.25603E+22
   0.26641E+04   0.98431E+03   0.17008E+01   0.25606E+22
   0.26645E+04   0.98448E+03   0.17010E+01   0.25609E+22
   0.26649E+04   0.98465E+03   0.17012E+01   0.25612E+22
   0.26654E+04   0.98483E+03   0.17014E+01   0.25615E+22
   0.26658E+04   0.98500E+03   0.17016E+01   0.25618E+22
   0.26662E+04   0.98517E+03   0.17018E+01   0.25621E+22
   0.26667E+04   0.98534E+03   0.17020E+01   0.25624E+22
   0.26671E+04   0.98551E+03   0.17022E+01   0.25627E+22
   0.26675E+04   0.98569E+03   0.17024E+01   0.25630E+22
   0.26679E+04   0.98586E+03   0.17026E+01   0.25633E+22
   0.26684E+04   0.98603E+03   0.17028E+01   0.25636E+22
   0.26688E+04   0.98620E+03   0.17030E+01   0.25639E+22
   0.26692E+04   0.98637E+03   0.17032E+01   0.25642E+22
   0.26697E+04   0.98655E+03   0.17034E+01   0.25645E+22
   0.26701E+04   0.98672E+03   0.17036E+01   0.25648E+22
   0.26705E+04   0.98689E+03   0.17038E+01   0.25651E+22
   0.26710E+04   0.98706E+03   0.17040E+01   0.25654E+22
   0.26714E+04   0.98723E+03   0.17042E+01   0.25657E+22
   0.26718E+04   0.98741E+03   0.17044E+01   0.25660E+22
   0.26722E+04   0.98758E+03   0.17046E+01   0.25663E+22
   0.26727E+04   0.98775E+03   0.17048E+01   0.25666E+22
   0.26731E+04   0.98792E+03   0.17050E+01   0.25669E+22
   0.26735E+04   0.98810E+03   0.17052E+01   0.25672E+22
   0.26740E+04   0.98827E+03   0.17054E+01   0.25675E+22
   0.26744E+04   0.98844E+03   0.17056E+01   0.25678E+22
   0.26748E+04   0.98861E+03   0.17058E+01   0.25681E+22
   0.26752E+04   0.98878E+03   0.17060E+01   0.25684E+22
   0.26757E+04   0.98896E+03   0.17062E+01   0.25687E+22
   0.26761E+04   0.98913E+03   0.17064E+01   0.25690E+22
   0.26765E+04   0.98930E+03   0.17066E+01   0.25693E+22
   0.26770E+04   0.98947E+03   0.17068E+01   0.25696E+22
   0.26774E+04   0.98964E+03   0.17070E+01   0.25699E+22
   0.26778E+04   0.98982E+03   0.17072E+01   0.25702E+22
   0.26783E+04   0.98999E+03   0.17074E+01   0.25705E+22
   0.26787E+04   0.99016E+03   0.17076E+01   0.25708E+22
   0.26791E+04   0.99033E+03   0.17078E+01   0.25711E+22
   0.26795E+04   0.99051E+03   0.17080E+01   0.25714E+22
   0.26800E+04   0.99068E+03   0.17082E+01   0.25717E+22
   0.26804E+04   0.99085E+03   0.17084E+01   0.25720E+22
   0.26808E+04   0.99102E+03   0.17086E+01   0.25723E+22
   0.26813E+04   0.99119E+03   0.17088E+01   0.25726E+22
   0.26817E+04   0.99137E+03   0.17090E+01   0.25729E+22
   0.26821E+04   0.99154E+03   0.17092E+01   0.25732E+22
   0.26826E+04   0.99171E+03   0.17094E+01   0.25735E+22
   0.26830E+04   0.99188E+03   0.17096E+01   0.25738E+22
   0.26834E+04   0.99206E+03   0.17098E+01   0.25741E+22
   0.26838E+04   0.99223E+03   0.17100E+01   0.25744E+22
   0.26843E+04   0.99240E+03   0.17102E+01   0.25747E+22
   0.26847E+04   0.99257E+03   0.17104E+01   0.25750E+22
   0.26851E+04   0.99275E+03   0.17106E+01   0.25753E+22
   0.26856E+04   0.99292E+03   0.17108E+01   0.25756E+22
   0.26860E+04   0.99309E+03   0.17110E+01   0.25759E+22
   0.26864E+04   0.99326E+03   0.17112E+01   0.25762E+22
   0.26869E+04   0.99343E+03   0.17114E+01   0.25765E+22
   0.26873E+04   0.99361E+03   0.17116E+01   0.25768E+22
   0.26877E+04   0.99378E+03   0.17118E+01   0.25771E+22
   0.26881E+04   0.99395E+03   0.17120E+01   0.25774E+22
   0.26886E+04   0.99412E+03   0.17122E+01   0.25777E+22
   0.26890E+04   0.99430E+03   0.17124E+01   0.25780E+22
   0.26894E+04   0.99447E+03   0.17126E+01   0.25783E+22
   0.26899E+04   0.99464E+03   0.17128E+01   0.25786E+22
   0.26903E+04   0.99481E+03   0.17130E+01   0.25789E+22
   0.26907E+04   0.99499E+03   0.17132E+01   0.25792E+22
   0.26912E+04   0.99516E+03   0.17134E+01   0.25795E+22
   0.26916E+04   0.99533E+03   0.17136E+01   0.25798E+22
   0.26920E+04   0.99550E+03   0.17138E+01   0.25801E+22
   0.26924E+04   0.99568E+03   0.17140E+01   0.25804E+22
   0.26929E+04   0.99585E+03   0.17142E+01   0.25807E+22
   0.26933E+04   0.99602E+03   0.17144E+01   0.25810E+22
   0.26937E+04   0.99619E+03   0.17146E+01   0.25813E+22
   0.26942E+04   0.99637E+03   0.17148E+01   0.25816E+22
   0.26946E+04   0.99654E+03   0.17150E+01   0.25819E+22
   0.26950E+04   0.99671E+03   0.17152E+01   0.25822E+22
   0.26955E+04   0.99688E+03   0.17154E+01   0.25825E+22
   0.26959E+04   0.99705E+03   0.17156E+01   0.25828E+22
   0.26963E+04   0.99723E+03   0.17158E+01   0.25831E+22
   0.26967E+04   0.99740E+03   0.17160E+01   0.25834E+22
   0.26972E+04   0.99757E+03   0.17162E+01   0.25837E+22
   0.26976E+04   0.99774E+03   0.17164E+01   0.25840E+22
   0.26980E+04   0.99792E+03   0.17166E+01   0.25843E+22
   0.26985E+04   0.99809E+03   0.17168E+01   0.25846E+22
   0.26989E+04   0.99826E+03   0.17170E+01   0.25849E+22
   0.26993E+04   0.99843E+03   0.17172E+01   0.25852E+22
   0.26998E+04   0.99861E+03   0.17174E+01   0.25855E+22
   0.27002E+04   0.99878E+03   0.17176E+01   0.25858E+22
   0.27006E+04   0.99895E+03   0.17178E+01   0.25861E+22
   0.27011E+04   0.99912E+03   0.17180E+01   0.25864E+22
   0.27015E+04   0.99930E+03   0.17182E+01   0.25867E+22
   0.27019E+04   0.99947E+03   0.17184E+01   0.25870E+22
   0.27023E+04   0.99964E+03   0.17186E+01   0.25873E+22
   0.27028E+04   0.99982E+03   0.17188E+01   0.25876E+22
   0.27032E+04   0.99999E+03   0.17190E+01   0.25878E+22
   0.27036E+04   0.10002E+04   0.17192E+01   0.25881E+22
   0.27041E+04   0.10003E+04   0.17194E+01   0.25884E+22
   0.27045E+04   0.10005E+04   0.17196E+01   0.25887E+22
   0.27049E+04   0.10007E+04   0.17198E+01   0.25890E+22
   0.27054E+04   0.10009E+04   0.17200E+01   0.25893E+22
   0.27058E+04   0.10010E+04   0.17202E+01   0.25896E+22
   0.27062E+04   0.10012E+04   0.17204E+01   0.25899E+22
   0.27067E+04   0.10014E+04   0.17206E+01   0.25902E+22
   0.27071E+04   0.10015E+04   0.17208E+01   0.25905E+22
   0.27075E+04   0.10017E+04   0.17210E+01   0.25908E+22
   0.27079E+04   0.10019E+04   0.17212E+01   0.25911E+22
   0.27084E+04   0.10021E+04   0.17214E+01   0.25914E+22
   0.27088E+04   0.10022E+04   0.17216E+01   0.25917E+22
   0.27092E+04   0.10024E+04   0.17218E+01   0.25920E+22
   0.27097E+04   0.10026E+04   0.17220E+01   0.25923E+22
   0.27101E+04   0.10027E+04   0.17222E+01   0.25926E+22
   0.27105E+04   0.10029E+04   0.17224E+01   0.25929E+22
   0.27110E+04   0.10031E+04   0.17226E+01   0.25932E+22
   0.27114E+04   0.10033E+04   0.17228E+01   0.25935E+22
   0.27118E+04   0.10034E+04   0.17230E+01   0.25938E+22
   0.27123E+04   0.10036E+04   0.17232E+01   0.25941E+22
   0.27127E+04   0.10038E+04   0.17234E+01   0.25944E+22
   0.27131E+04   0.10040E+04   0.17236E+01   0.25947E+22
   0.27136E+04   0.10041E+04   0.17238E+01   0.25950E+22
   0.27140E+04   0.10043E+04   0.17240E+01   0.25953E+22
   0.27144E+04   0.10045E+04   0.17242E+01   0.25956E+22
   0.27148E+04   0.10046E+04   0.17244E+01   0.25959E+22
   0.27153E+04   0.10048E+04   0.17246E+01   0.25962E+22
   0.27157E+04   0.10050E+04   0.17248E+01   0.25965E+22
   0.27161E+04   0.10052E+04   0.17250E+01   0.25968E+22
   0.27166E+04   0.10053E+04   0.17252E+01   0.25971E+22
   0.27170E+04   0.10055E+04   0.17254E+01   0.25974E+22
   0.27174E+04   0.10057E+04   0.17256E+01   0.25977E+22
   0.27179E+04   0.10059E+04   0.17258E+01   0.25980E+22
   0.27183E+04   0.10060E+04   0.17260E+01   0.25983E+22
   0.27187E+04   0.10062E+04   0.17262E+01   0.25986E+22
   0.27192E+04   0.10064E+04   0.17264E+01   0.25989E+22
   0.27196E+04   0.10065E+04   0.17266E+01   0.25992E+22
   0.27200E+04   0.10067E+04   0.17268E+01   0.25995E+22
   0.27205E+04   0.10069E+04   0.17270E+01   0.25998E+22
   0.27209E+04   0.10071E+04   0.17272E+01   0.26001E+22
   0.27213E+04   0.10072E+04   0.17274E+01   0.26004E+22
   0.27218E+04   0.10074E+04   0.17276E+01   0.26007E+22
   0.27222E+04   0.10076E+04   0.17278E+01   0.26010E+22
   0.27226E+04   0.10078E+04   0.17280E+01   0.26013E+22
   0.27230E+04   0.10079E+04   0.17282E+01   0.26016E+22
   0.27235E+04   0.10081E+04   0.17284E+01   0.26019E+22
   0.27239E+04   0.10083E+04   0.17286E+01   0.26022E+22
   0.27243E+04   0.10085E+04   0.17288E+01   0.26025E+22
   0.27248E+04   0.10086E+04   0.17290E+01   0.26028E+22
   0.27252E+04   0.10088E+04   0.17292E+01   0.26031E+22
   0.27256E+04   0.10090E+04   0.17294E+01   0.26034E+22
   0.27261E+04   0.10091E+04   0.17296E+01   0.26037E+22
   0.27265E+04   0.10093E+04   0.17298E+01   0.26040E+22
   0.27269E+04   0.10095E+04   0.17300E+01   0.26043E+22
   0.27274E+04   0.10097E+04   0.17302E+01   0.26046E+22
   0.27278E+04   0.10098E+04   0.17304E+01   0.26049E+22
   0.27282E+04   0.10100E+04   0.17306E+01   0.26052E+22
   0.27287E+04   0.10102E+04   0.17308E+01   0.26055E+22
   0.27291E+04   0.10104E+04   0.17310E+01   0.26058E+22
   0.27295E+04   0.10105E+04   0.17312E+01   0.26061E+22
   0.27300E+04   0.10107E+04   0.17314E+01   0.26064E+22
   0.27304E+04   0.10109E+04   0.17316E+01   0.26067E+22
   0.27308E+04   0.10110E+04   0.17318E+01   0.26070E+22
   0.27313E+04   0.10112E+04   0.17320E+01   0.26073E+22
   0.27317E+04   0.10114E+04   0.17322E+01   0.26076E+22
   0.27321E+04   0.10116E+04   0.17324E+01   0.26079E+22
   0.27326E+04   0.10117E+04   0.17326E+01   0.26082E+22
   0.27330E+04   0.10119E+04   0.17328E+01   0.26085E+22
   0.27334E+04   0.10121E+04   0.17330E+01   0.26088E+22
   0.27339E+04   0.10123E+04   0.17332E+01   0.26091E+22
   0.27343E+04   0.10124E+04   0.17334E+01   0.26094E+22
   0.27347E+04   0.10126E+04   0.17336E+01   0.26097E+22
   0.27351E+04   0.10128E+04   0.17338E+01   0.26100E+22
   0.27356E+04   0.10129E+04   0.17340E+01   0.26103E+22
   0.27360E+04   0.10131E+04   0.17342E+01   0.26106E+22
   0.27364E+04   0.10133E+04   0.17344E+01   0.26109E+22
   0.27369E+04   0.10135E+04   0.17346E+01   0.26112E+22
   0.27373E+04   0.10136E+04   0.17348E+01   0.26115E+22
   0.27377E+04   0.10138E+04   0.17350E+01   0.26118E+22
   0.27382E+04   0.10140E+04   0.17352E+01   0.26121E+22
   0.27386E+04   0.10142E+04   0.17354E+01   0.26124E+22
   0.27390E+04   0.10143E+04   0.17356E+01   0.26127E+22
   0.27395E+04   0.10145E+04   0.17358E+01   0.26130E+22
   0.27399E+04   0.10147E+04   0.17360E+01   0.26133E+22
   0.27403E+04   0.10149E+04   0.17362E+01   0.26136E+22
   0.27408E+04   0.10150E+04   0.17364E+01   0.26139E+22
   0.27412E+04   0.10152E+04   0.17366E+01   0.26142E+22
   0.27416E+04   0.10154E+04   0.17368E+01   0.26145E+22
   0.27421E+04   0.10155E+04   0.17370E+01   0.26148E+22
   0.27425E+04   0.10157E+04   0.17372E+01   0.26151E+22
   0.27429E+04   0.10159E+04   0.17374E+01   0.26154E+22
   0.27434E+04   0.10161E+04   0.17376E+01   0.26157E+22
   0.27438E+04   0.10162E+04   0.17378E+01   0.26160E+22
   0.27442E+04   0.10164E+04   0.17380E+01   0.26163E+22
   0.27447E+04   0.10166E+04   0.17382E+01   0.26166E+22
   0.27451E+04   0.10168E+04   0.17384E+01   0.26169E+22
   0.27455E+04   0.10169E+04   0.17386E+01   0.26172E+22
   0.27460E+04   0.10171E+04   0.17388E+01   0.26175E+22
   0.27464E+04   0.10173E+04   0.17390E+01   0.26178E+22
   0.27468E+04   0.10174E+04   0.17392E+01   0.26181E+22
   0.27473E+04   0.10176E+04   0.17394E+01   0.26184E+22
   0.27477E+04   0.10178E+04   0.17396E+01   0.26187E+22
   0.27481E+04   0.10180E+04   0.17398E+01   0.26190E+22
   0.27486E+04   0.10181E+04   0.17400E+01   0.26193E+22
   0.27490E+04   0.10183E+04   0.17402E+01   0.26196E+22
   0.27494E+04   0.10185E+04   0.17404E+01   0.26199E+22
   0.27499E+04   0.10187E+04   0.17406E+01   0.26202E+22
   0.27503E+04   0.10188E+04   0.17408E+01   0.26205E+22
   0.27507E+04   0.10190E+04   0.17410E+01   0.26208E+22
   0.27512E+04   0.10192E+04   0.17412E+01   0.26211E+22
   0.27516E+04   0.10194E+04   0.17414E+01   0.26214E+22
   0.27520E+04   0.10195E+04   0.17416E+01   0.26217E+22
   0.27525E+04   0.10197E+04   0.17418E+01   0.26220E+22
   0.27529E+04   0.10199E+04   0.17420E+01   0.26223E+22
   0.27533E+04   0.10200E+04   0.17422E+01   0.26226E+22
   0.27538E+04   0.10202E+04   0.17424E+01   0.26229E+22
   0.27542E+04   0.10204E+04   0.17426E+01   0.26232E+22
   0.27546E+04   0.10206E+04   0.17428E+01   0.26235E+22
   0.27551E+04   0.10207E+04   0.17430E+01   0.26238E+22
   0.27555E+04   0.10209E+04   0.17432E+01   0.26241E+22
   0.27559E+04   0.10211E+04   0.17434E+01   0.26244E+22
   0.27564E+04   0.10213E+04   0.17436E+01   0.26247E+22
   0.27568E+04   0.10214E+04   0.17438E+01   0.26250E+22
   0.27572E+04   0.10216E+04   0.17440E+01   0.26253E+22
   0.27577E+04   0.10218E+04   0.17442E+01   0.26256E+22
   0.27581E+04   0.10220E+04   0.17444E+01   0.26259E+22
   0.27585E+04   0.10221E+04   0.17446E+01   0.26262E+22
   0.27590E+04   0.10223E+04   0.17448E+01   0.26265E+22
   0.27594E+04   0.10225E+04   0.17450E+01   0.26268E+22
   0.27598E+04   0.10226E+04   0.17452E+01   0.26271E+22
   0.27603E+04   0.10228E+04   0.17454E+01   0.26274E+22
   0.27607E+04   0.10230E+04   0.17456E+01   0.26277E+22
   0.27611E+04   0.10232E+04   0.17458E+01   0.26280E+22
   0.27616E+04   0.10233E+04   0.17460E+01   0.26283E+22
   0.27620E+04   0.10235E+04   0.17462E+01   0.26286E+22
   0.27624E+04   0.10237E+04   0.17464E+01   0.26289E+22
   0.27629E+04   0.10239E+04   0.17466E+01   0.26292E+22
   0.27633E+04   0.10240E+04   0.17468E+01   0.26295E+22
   0.27637E+04   0.10242E+04   0.17470E+01   0.26298E+22
   0.27642E+04   0.10244E+04   0.17472E+01   0.26301E+22
   0.27646E+04   0.10246E+04   0.17474E+01   0.26304E+22
   0.27650E+04   0.10247E+04   0.17476E+01   0.26307E+22
   0.27655E+04   0.10249E+04   0.17478E+01   0.26310E+22
   0.27659E+04   0.10251E+04   0.17480E+01   0.26313E+22
   0.27663E+04   0.10252E+04   0.17482E+01   0.26316E+22
   0.27668E+04   0.10254E+04   0.17484E+01   0.26319E+22
   0.27672E+04   0.10256E+04   0.17486E+01   0.26322E+22
   0.27676E+04   0.10258E+04   0.17488E+01   0.26325E+22
   0.27681E+04   0.10259E+04   0.17490E+01   0.26328E+22
   0.27685E+04   0.10261E+04   0.17492E+01   0.26331E+22
   0.27689E+04   0.10263E+04   0.17494E+01   0.26334E+22
   0.27694E+04   0.10265E+04   0.17496E+01   0.26337E+22
   0.27698E+04   0.10266E+04   0.17498E+01   0.26340E+22
   0.27702E+04   0.10268E+04   0.17500E+01   0.26343E+22
   0.27707E+04   0.10270E+04   0.17502E+01   0.26346E+22
   0.27711E+04   0.10272E+04   0.17504E+01   0.26349E+22
   0.27715E+04   0.10273E+04   0.17506E+01   0.26351E+22
   0.27720E+04   0.10275E+04   0.17508E+01   0.26354E+22
   0.27724E+04   0.10277E+04   0.17510E+01   0.26357E+22
   0.27728E+04   0.10279E+04   0.17512E+01   0.26360E+22
   0.27733E+04   0.10280E+04   0.17514E+01   0.26363E+22
   0.27737E+04   0.10282E+04   0.17516E+01   0.26366E+22
   0.27741E+04   0.10284E+04   0.17518E+01   0.26369E+22
   0.27746E+04   0.10285E+04   0.17520E+01   0.26372E+22
   0.27750E+04   0.10287E+04   0.17522E+01   0.26375E+22
   0.27754E+04   0.10289E+04   0.17524E+01   0.26378E+22
   0.27759E+04   0.10291E+04   0.17526E+01   0.26381E+22
   0.27763E+04   0.10292E+04   0.17528E+01   0.26384E+22
   0.27767E+04   0.10294E+04   0.17530E+01   0.26387E+22
   0.27772E+04   0.10296E+04   0.17532E+01   0.26390E+22
   0.27776E+04   0.10298E+04   0.17534E+01   0.26393E+22
   0.27780E+04   0.10299E+04   0.17536E+01   0.26396E+22
   0.27785E+04   0.10301E+04   0.17538E+01   0.26399E+22
   0.27789E+04   0.10303E+04   0.17540E+01   0.26402E+22
   0.27793E+04   0.10305E+04   0.17542E+01   0.26405E+22
   0.27798E+04   0.10306E+04   0.17544E+01   0.26408E+22
   0.27802E+04   0.10308E+04   0.17546E+01   0.26411E+22
   0.27807E+04   0.10310E+04   0.17548E+01   0.26414E+22
   0.27811E+04   0.10311E+04   0.17550E+01   0.26417E+22
   0.27815E+04   0.10313E+04   0.17552E+01   0.26420E+22
   0.27820E+04   0.10315E+04   0.17554E+01   0.26423E+22
   0.27824E+04   0.10317E+04   0.17556E+01   0.26426E+22
   0.27828E+04   0.10318E+04   0.17558E+01   0.26429E+22
   0.27833E+04   0.10320E+04   0.17560E+01   0.26432E+22
   0.27837E+04   0.10322E+04   0.17562E+01   0.26435E+22
   0.27841E+04   0.10324E+04   0.17564E+01   0.26438E+22
   0.27846E+04   0.10325E+04   0.17566E+01   0.26441E+22
   0.27850E+04   0.10327E+04   0.17568E+01   0.26444E+22
   0.27854E+04   0.10329E+04   0.17570E+01   0.26447E+22
   0.27859E+04   0.10331E+04   0.17572E+01   0.26450E+22
   0.27863E+04   0.10332E+04   0.17574E+01   0.26453E+22
   0.27867E+04   0.10334E+04   0.17576E+01   0.26456E+22
   0.27872E+04   0.10336E+04   0.17578E+01   0.26459E+22
   0.27876E+04   0.10338E+04   0.17580E+01   0.26462E+22
   0.27880E+04   0.10339E+04   0.17582E+01   0.26465E+22
   0.27885E+04   0.10341E+04   0.17584E+01   0.26468E+22
   0.27889E+04   0.10343E+04   0.17586E+01   0.26471E+22
   0.27893E+04   0.10345E+04   0.17588E+01   0.26474E+22
   0.27898E+04   0.10346E+04   0.17590E+01   0.26477E+22
   0.27902E+04   0.10348E+04   0.17592E+01   0.26480E+22
   0.27906E+04   0.10350E+04   0.17594E+01   0.26483E+22
   0.27911E+04   0.10351E+04   0.17596E+01   0.26486E+22
   0.27915E+04   0.10353E+04   0.17598E+01   0.26489E+22
   0.27920E+04   0.10355E+04   0.17600E+01   0.26492E+22
   0.27924E+04   0.10357E+04   0.17602E+01   0.26495E+22
   0.27928E+04   0.10358E+04   0.17604E+01   0.26498E+22
   0.27933E+04   0.10360E+04   0.17606E+01   0.26501E+22
   0.27937E+04   0.10362E+04   0.17608E+01   0.26504E+22
   0.27941E+04   0.10364E+04   0.17610E+01   0.26507E+22
   0.27946E+04   0.10365E+04   0.17612E+01   0.26510E+22
   0.27950E+04   0.10367E+04   0.17614E+01   0.26513E+22
   0.27954E+04   0.10369E+04   0.17616E+01   0.26516E+22
   0.27959E+04   0.10371E+04   0.17618E+01   0.26519E+22
   0.27963E+04   0.10372E+04   0.17620E+01   0.26522E+22
   0.27967E+04   0.10374E+04   0.17622E+01   0.26525E+22
   0.27972E+04   0.10376E+04   0.17624E+01   0.26528E+22
   0.27976E+04   0.10378E+04   0.17626E+01   0.26531E+22
   0.27980E+04   0.10379E+04   0.17628E+01   0.26534E+22
   0.27985E+04   0.10381E+04   0.17630E+01   0.26537E+22
   0.27989E+04   0.10383E+04   0.17632E+01   0.26540E+22
   0.27993E+04   0.10384E+04   0.17634E+01   0.26543E+22
   0.27998E+04   0.10386E+04   0.17636E+01   0.26546E+22
   0.28002E+04   0.10388E+04   0.17638E+01   0.26549E+22
   0.28007E+04   0.10390E+04   0.17640E+01   0.26552E+22
   0.28011E+04   0.10391E+04   0.17642E+01   0.26555E+22
   0.28015E+04   0.10393E+04   0.17644E+01   0.26558E+22
   0.28020E+04   0.10395E+04   0.17646E+01   0.26561E+22
   0.28024E+04   0.10397E+04   0.17648E+01   0.26564E+22
   0.28028E+04   0.10398E+04   0.17650E+01   0.26567E+22
   0.28033E+04   0.10400E+04   0.17652E+01   0.26570E+22
   0.28037E+04   0.10402E+04   0.17654E+01   0.26573E+22
   0.28041E+04   0.10404E+04   0.17656E+01   0.26576E+22
   0.28046E+04   0.10405E+04   0.17658E+01   0.26579E+22
   0.28050E+04   0.10407E+04   0.17660E+01   0.26582E+22
   0.28054E+04   0.10409E+04   0.17662E+01   0.26585E+22
   0.28059E+04   0.10411E+04   0.17664E+01   0.26588E+22
   0.28063E+04   0.10412E+04   0.17666E+01   0.26591E+22
   0.28068E+04   0.10414E+04   0.17668E+01   0.26594E+22
   0.28072E+04   0.10416E+04   0.17670E+01   0.26597E+22
   0.28076E+04   0.10418E+04   0.17672E+01   0.26600E+22
   0.28081E+04   0.10419E+04   0.17674E+01   0.26603E+22
   0.28085E+04   0.10421E+04   0.17676E+01   0.26606E+22
   0.28089E+04   0.10423E+04   0.17678E+01   0.26609E+22
   0.28094E+04   0.10425E+04   0.17680E+01   0.26612E+22
   0.28098E+04   0.10426E+04   0.17682E+01   0.26615E+22
   0.28102E+04   0.10428E+04   0.17684E+01   0.26618E+22
   0.28107E+04   0.10430E+04   0.17686E+01   0.26621E+22
   0.28111E+04   0.10431E+04   0.17688E+01   0.26624E+22
   0.28115E+04   0.10433E+04   0.17690E+01   0.26627E+22
   0.28120E+04   0.10435E+04   0.17692E+01   0.26630E+22
   0.28124E+04   0.10437E+04   0.17694E+01   0.26633E+22
   0.28129E+04   0.10438E+04   0.17696E+01   0.26636E+22
   0.28133E+04   0.10440E+04   0.17698E+01   0.26639E+22
   0.28137E+04   0.10442E+04   0.17700E+01   0.26642E+22
   0.28142E+04   0.10444E+04   0.17702E+01   0.26645E+22
   0.28146E+04   0.10445E+04   0.17704E+01   0.26648E+22
   0.28150E+04   0.10447E+04   0.17706E+01   0.26651E+22
   0.28155E+04   0.10449E+04   0.17708E+01   0.26654E+22
   0.28159E+04   0.10451E+04   0.17710E+01   0.26657E+22
   0.28163E+04   0.10452E+04   0.17712E+01   0.26660E+22
   0.28168E+04   0.10454E+04   0.17714E+01   0.26663E+22
   0.28172E+04   0.10456E+04   0.17716E+01   0.26666E+22
   0.28176E+04   0.10458E+04   0.17718E+01   0.26669E+22
   0.28181E+04   0.10459E+04   0.17720E+01   0.26672E+22
   0.28185E+04   0.10461E+04   0.17722E+01   0.26675E+22
   0.28190E+04   0.10463E+04   0.17724E+01   0.26678E+22
   0.28194E+04   0.10465E+04   0.17726E+01   0.26681E+22
   0.28198E+04   0.10466E+04   0.17728E+01   0.26684E+22
   0.28203E+04   0.10468E+04   0.17730E+01   0.26687E+22
   0.28207E+04   0.10470E+04   0.17732E+01   0.26690E+22
   0.28211E+04   0.10472E+04   0.17734E+01   0.26693E+22
   0.28216E+04   0.10473E+04   0.17736E+01   0.26696E+22
   0.28220E+04   0.10475E+04   0.17738E+01   0.26699E+22
   0.28224E+04   0.10477E+04   0.17740E+01   0.26702E+22
   0.28229E+04   0.10479E+04   0.17742E+01   0.26705E+22
   0.28233E+04   0.10480E+04   0.17744E+01   0.26708E+22
   0.28238E+04   0.10482E+04   0.17746E+01   0.26711E+22
   0.28242E+04   0.10484E+04   0.17748E+01   0.26714E+22
   0.28246E+04   0.10485E+04   0.17750E+01   0.26717E+22
   0.28251E+04   0.10487E+04   0.17752E+01   0.26720E+22
   0.28255E+04   0.10489E+04   0.17754E+01   0.26723E+22
   0.28259E+04   0.10491E+04   0.17756E+01   0.26726E+22
   0.28264E+04   0.10492E+04   0.17758E+01   0.26729E+22
   0.28268E+04   0.10494E+04   0.17760E+01   0.26732E+22
   0.28272E+04   0.10496E+04   0.17762E+01   0.26735E+22
   0.28277E+04   0.10498E+04   0.17764E+01   0.26738E+22
   0.28281E+04   0.10499E+04   0.17766E+01   0.26741E+22
   0.28286E+04   0.10501E+04   0.17768E+01   0.26744E+22
   0.28290E+04   0.10503E+04   0.17770E+01   0.26747E+22
   0.28294E+04   0.10505E+04   0.17772E+01   0.26750E+22
   0.28299E+04   0.10506E+04   0.17774E+01   0.26753E+22
   0.28303E+04   0.10508E+04   0.17776E+01   0.26756E+22
   0.28307E+04   0.10510E+04   0.17778E+01   0.26759E+22
   0.28312E+04   0.10512E+04   0.17780E+01   0.26762E+22
   0.28316E+04   0.10513E+04   0.17782E+01   0.26765E+22
   0.28320E+04   0.10515E+04   0.17784E+01   0.26768E+22
   0.28325E+04   0.10517E+04   0.17786E+01   0.26771E+22
   0.28329E+04   0.10519E+04   0.17788E+01   0.26774E+22
   0.28334E+04   0.10520E+04   0.17790E+01   0.26777E+22
   0.28338E+04   0.10522E+04   0.17792E+01   0.26780E+22
   0.28342E+04   0.10524E+04   0.17794E+01   0.26783E+22
   0.28347E+04   0.10526E+04   0.17796E+01   0.26786E+22
   0.28351E+04   0.10527E+04   0.17798E+01   0.26789E+22
   0.28355E+04   0.10529E+04   0.17800E+01   0.26792E+22
   0.28360E+04   0.10531E+04   0.17802E+01   0.26795E+22
   0.28364E+04   0.10533E+04   0.17804E+01   0.26798E+22
   0.28369E+04   0.10534E+04   0.17806E+01   0.26801E+22
   0.28373E+04   0.10536E+04   0.17808E+01   0.26804E+22
   0.28377E+04   0.10538E+04   0.17810E+01   0.26807E+22
   0.28382E+04   0.10540E+04   0.17812E+01   0.26810E+22
   0.28386E+04   0.10541E+04   0.17814E+01   0.26813E+22
   0.28390E+04   0.10543E+04   0.17816E+01   0.26816E+22
   0.28395E+04   0.10545E+04   0.17818E+01   0.26819E+22
   0.28399E+04   0.10547E+04   0.17820E+01   0.26822E+22
   0.28404E+04   0.10548E+04   0.17822E+01   0.26825E+22
   0.28408E+04   0.10550E+04   0.17824E+01   0.26828E+22
   0.28412E+04   0.10552E+04   0.17826E+01   0.26831E+22
   0.28417E+04   0.10553E+04   0.17828E+01   0.26834E+22
   0.28421E+04   0.10555E+04   0.17830E+01   0.26837E+22
   0.28425E+04   0.10557E+04   0.17832E+01   0.26840E+22
   0.28430E+04   0.10559E+04   0.17834E+01   0.26843E+22
   0.28434E+04   0.10560E+04   0.17836E+01   0.26846E+22
   0.28438E+04   0.10562E+04   0.17838E+01   0.26849E+22
   0.28443E+04   0.10564E+04   0.17840E+01   0.26852E+22
   0.28447E+04   0.10566E+04   0.17842E+01   0.26855E+22
   0.28452E+04   0.10567E+04   0.17844E+01   0.26858E+22
   0.28456E+04   0.10569E+04   0.17846E+01   0.26861E+22
   0.28460E+04   0.10571E+04   0.17848E+01   0.26864E+22
   0.28465E+04   0.10573E+04   0.17850E+01   0.26867E+22
   0.28469E+04   0.10574E+04   0.17852E+01   0.26870E+22
   0.28473E+04   0.10576E+04   0.17854E+01   0.26873E+22
   0.28478E+04   0.10578E+04   0.17856E+01   0.26876E+22
   0.28482E+04   0.10580E+04   0.17858E+01   0.26879E+22
   0.28487E+04   0.10581E+04   0.17860E+01   0.26882E+22
   0.28491E+04   0.10583E+04   0.17862E+01   0.26885E+22
   0.28495E+04   0.10585E+04   0.17864E+01   0.26888E+22
   0.28500E+04   0.10587E+04   0.17866E+01   0.26891E+22
   0.28504E+04   0.10588E+04   0.17868E+01   0.26894E+22
   0.28508E+04   0.10590E+04   0.17870E+01   0.26897E+22
   0.28513E+04   0.10592E+04   0.17872E+01   0.26900E+22
   0.28517E+04   0.10594E+04   0.17874E+01   0.26903E+22
   0.28522E+04   0.10595E+04   0.17876E+01   0.26906E+22
   0.28526E+04   0.10597E+04   0.17878E+01   0.26909E+22
   0.28530E+04   0.10599E+04   0.17880E+01   0.26912E+22
   0.28535E+04   0.10601E+04   0.17882E+01   0.26915E+22
   0.28539E+04   0.10602E+04   0.17884E+01   0.26918E+22
   0.28543E+04   0.10604E+04   0.17886E+01   0.26921E+22
   0.28548E+04   0.10606E+04   0.17888E+01   0.26924E+22
   0.28552E+04   0.10608E+04   0.17890E+01   0.26927E+22
   0.28557E+04   0.10609E+04   0.17892E+01   0.26930E+22
   0.28561E+04   0.10611E+04   0.17894E+01   0.26933E+22
   0.28565E+04   0.10613E+04   0.17896E+01   0.26936E+22
   0.28570E+04   0.10615E+04   0.17898E+01   0.26939E+22
   0.28574E+04   0.10616E+04   0.17900E+01   0.26942E+22
   0.28579E+04   0.10618E+04   0.17902E+01   0.26945E+22
   0.28583E+04   0.10620E+04   0.17904E+01   0.26948E+22
   0.28587E+04   0.10622E+04   0.17906E+01   0.26951E+22
   0.28592E+04   0.10623E+04   0.17908E+01   0.26954E+22
   0.28596E+04   0.10625E+04   0.17910E+01   0.26957E+22
   0.28600E+04   0.10627E+04   0.17912E+01   0.26960E+22
   0.28605E+04   0.10629E+04   0.17914E+01   0.26963E+22
   0.28609E+04   0.10630E+04   0.17916E+01   0.26966E+22
   0.28614E+04   0.10632E+04   0.17918E+01   0.26969E+22
   0.28618E+04   0.10634E+04   0.17920E+01   0.26972E+22
   0.28622E+04   0.10636E+04   0.17922E+01   0.26975E+22
   0.28627E+04   0.10637E+04   0.17924E+01   0.26978E+22
   0.28631E+04   0.10639E+04   0.17926E+01   0.26981E+22
   0.28635E+04   0.10641E+04   0.17928E+01   0.26984E+22
   0.28640E+04   0.10643E+04   0.17930E+01   0.26987E+22
   0.28644E+04   0.10644E+04   0.17932E+01   0.26990E+22
   0.28649E+04   0.10646E+04   0.17934E+01   0.26993E+22
   0.28653E+04   0.10648E+04   0.17936E+01   0.26996E+22
   0.28657E+04   0.10650E+04   0.17938E+01   0.26999E+22
   0.28662E+04   0.10651E+04   0.17940E+01   0.27002E+22
   0.28666E+04   0.10653E+04   0.17942E+01   0.27005E+22
   0.28671E+04   0.10655E+04   0.17944E+01   0.27008E+22
   0.28675E+04   0.10657E+04   0.17946E+01   0.27011E+22
   0.28679E+04   0.10658E+04   0.17948E+01   0.27014E+22
   0.28684E+04   0.10660E+04   0.17950E+01   0.27017E+22
   0.28688E+04   0.10662E+04   0.17952E+01   0.27020E+22
   0.28692E+04   0.10664E+04   0.17954E+01   0.27023E+22
   0.28697E+04   0.10665E+04   0.17956E+01   0.27026E+22
   0.28701E+04   0.10667E+04   0.17958E+01   0.27029E+22
   0.28706E+04   0.10669E+04   0.17960E+01   0.27032E+22
   0.28710E+04   0.10671E+04   0.17962E+01   0.27035E+22
   0.28714E+04   0.10672E+04   0.17964E+01   0.27038E+22
   0.28719E+04   0.10674E+04   0.17966E+01   0.27041E+22
   0.28723E+04   0.10676E+04   0.17968E+01   0.27044E+22
   0.28728E+04   0.10678E+04   0.17970E+01   0.27047E+22
   0.28732E+04   0.10679E+04   0.17972E+01   0.27050E+22
   0.28736E+04   0.10681E+04   0.17974E+01   0.27053E+22
   0.28741E+04   0.10683E+04   0.17976E+01   0.27056E+22
   0.28745E+04   0.10685E+04   0.17978E+01   0.27059E+22
   0.28749E+04   0.10686E+04   0.17980E+01   0.27062E+22
   0.28754E+04   0.10688E+04   0.17982E+01   0.27065E+22
   0.28758E+04   0.10690E+04   0.17984E+01   0.27068E+22
   0.28763E+04   0.10692E+04   0.17986E+01   0.27071E+22
   0.28767E+04   0.10693E+04   0.17988E+01   0.27074E+22
   0.28771E+04   0.10695E+04   0.17990E+01   0.27077E+22
   0.28776E+04   0.10697E+04   0.17992E+01   0.27080E+22
   0.28780E+04   0.10699E+04   0.17994E+01   0.27083E+22
   0.28785E+04   0.10700E+04   0.17996E+01   0.27086E+22
   0.28789E+04   0.10702E+04   0.17998E+01   0.27089E+22
   0.28793E+04   0.10704E+04   0.18000E+01   0.27092E+22
   0.28798E+04   0.10706E+04   0.18002E+01   0.27095E+22
   0.28802E+04   0.10707E+04   0.18004E+01   0.27098E+22
   0.28806E+04   0.10709E+04   0.18006E+01   0.27101E+22
   0.28811E+04   0.10711E+04   0.18008E+01   0.27104E+22
   0.28815E+04   0.10713E+04   0.18010E+01   0.27107E+22
   0.28820E+04   0.10714E+04   0.18012E+01   0.27110E+22
   0.28824E+04   0.10716E+04   0.18014E+01   0.27113E+22
   0.28828E+04   0.10718E+04   0.18016E+01   0.27116E+22
   0.28833E+04   0.10720E+04   0.18018E+01   0.27119E+22
   0.28837E+04   0.10721E+04   0.18020E+01   0.27122E+22
   0.28842E+04   0.10723E+04   0.18022E+01   0.27125E+22
   0.28846E+04   0.10725E+04   0.18024E+01   0.27128E+22
   0.28850E+04   0.10727E+04   0.18026E+01   0.27131E+22
   0.28855E+04   0.10728E+04   0.18028E+01   0.27134E+22
   0.28859E+04   0.10730E+04   0.18030E+01   0.27137E+22
   0.28864E+04   0.10732E+04   0.18032E+01   0.27140E+22
   0.28868E+04   0.10734E+04   0.18034E+01   0.27143E+22
   0.28872E+04   0.10735E+04   0.18036E+01   0.27146E+22
   0.28877E+04   0.10737E+04   0.18038E+01   0.27149E+22
   0.28881E+04   0.10739E+04   0.18040E+01   0.27152E+22
   0.28886E+04   0.10741E+04   0.18042E+01   0.27155E+22
   0.28890E+04   0.10742E+04   0.18044E+01   0.27158E+22
   0.28894E+04   0.10744E+04   0.18046E+01   0.27161E+22
   0.28899E+04   0.10746E+04   0.18048E+01   0.27164E+22
   0.28903E+04   0.10748E+04   0.18050E+01   0.27167E+22
   0.28907E+04   0.10749E+04   0.18052E+01   0.27170E+22
   0.28912E+04   0.10751E+04   0.18054E+01   0.27173E+22
   0.28916E+04   0.10753E+04   0.18056E+01   0.27176E+22
   0.28921E+04   0.10755E+04   0.18058E+01   0.27179E+22
   0.28925E+04   0.10756E+04   0.18060E+01   0.27182E+22
   0.28929E+04   0.10758E+04   0.18062E+01   0.27185E+22
   0.28934E+04   0.10760E+04   0.18064E+01   0.27188E+22
   0.28938E+04   0.10762E+04   0.18066E+01   0.27191E+22
   0.28943E+04   0.10763E+04   0.18068E+01   0.27194E+22
   0.28947E+04   0.10765E+04   0.18070E+01   0.27198E+22
   0.28951E+04   0.10767E+04   0.18072E+01   0.27201E+22
   0.28956E+04   0.10769E+04   0.18074E+01   0.27204E+22
   0.28960E+04   0.10770E+04   0.18076E+01   0.27207E+22
   0.28965E+04   0.10772E+04   0.18078E+01   0.27210E+22
   0.28969E+04   0.10774E+04   0.18080E+01   0.27213E+22
   0.28973E+04   0.10776E+04   0.18082E+01   0.27216E+22
   0.28978E+04   0.10777E+04   0.18084E+01   0.27219E+22
   0.28982E+04   0.10779E+04   0.18086E+01   0.27222E+22
   0.28987E+04   0.10781E+04   0.18088E+01   0.27225E+22
   0.28991E+04   0.10783E+04   0.18090E+01   0.27228E+22
   0.28995E+04   0.10784E+04   0.18092E+01   0.27231E+22
   0.29000E+04   0.10786E+04   0.18094E+01   0.27234E+22
   0.29004E+04   0.10788E+04   0.18096E+01   0.27237E+22
   0.29009E+04   0.10790E+04   0.18098E+01   0.27240E+22
   0.29013E+04   0.10791E+04   0.18100E+01   0.27243E+22
   0.29017E+04   0.10793E+04   0.18102E+01   0.27246E+22
   0.29022E+04   0.10795E+04   0.18104E+01   0.27249E+22
   0.29026E+04   0.10797E+04   0.18106E+01   0.27252E+22
   0.29031E+04   0.10798E+04   0.18108E+01   0.27255E+22
   0.29035E+04   0.10800E+04   0.18110E+01   0.27258E+22
   0.29039E+04   0.10802E+04   0.18112E+01   0.27261E+22
   0.29044E+04   0.10804E+04   0.18114E+01   0.27264E+22
   0.29048E+04   0.10805E+04   0.18116E+01   0.27267E+22
   0.29053E+04   0.10807E+04   0.18118E+01   0.27270E+22
   0.29057E+04   0.10809E+04   0.18120E+01   0.27273E+22
   0.29061E+04   0.10811E+04   0.18122E+01   0.27276E+22
   0.29066E+04   0.10812E+04   0.18124E+01   0.27279E+22
   0.29070E+04   0.10814E+04   0.18126E+01   0.27282E+22
   0.29075E+04   0.10816E+04   0.18128E+01   0.27285E+22
   0.29079E+04   0.10818E+04   0.18130E+01   0.27288E+22
   0.29083E+04   0.10819E+04   0.18132E+01   0.27291E+22
   0.29088E+04   0.10821E+04   0.18134E+01   0.27294E+22
   0.29092E+04   0.10823E+04   0.18136E+01   0.27297E+22
   0.29097E+04   0.10825E+04   0.18138E+01   0.27300E+22
   0.29101E+04   0.10826E+04   0.18140E+01   0.27303E+22
   0.29105E+04   0.10828E+04   0.18142E+01   0.27306E+22
   0.29110E+04   0.10830E+04   0.18144E+01   0.27309E+22
   0.29114E+04   0.10832E+04   0.18146E+01   0.27312E+22
   0.29119E+04   0.10833E+04   0.18148E+01   0.27315E+22
   0.29123E+04   0.10835E+04   0.18150E+01   0.27318E+22
   0.29127E+04   0.10837E+04   0.18152E+01   0.27321E+22
   0.29132E+04   0.10839E+04   0.18154E+01   0.27324E+22
   0.29136E+04   0.10841E+04   0.18156E+01   0.27327E+22
   0.29141E+04   0.10842E+04   0.18158E+01   0.27330E+22
   0.29145E+04   0.10844E+04   0.18160E+01   0.27333E+22
   0.29149E+04   0.10846E+04   0.18162E+01   0.27336E+22
   0.29154E+04   0.10848E+04   0.18164E+01   0.27339E+22
   0.29158E+04   0.10849E+04   0.18166E+01   0.27342E+22
   0.29163E+04   0.10851E+04   0.18168E+01   0.27345E+22
   0.29167E+04   0.10853E+04   0.18170E+01   0.27348E+22
   0.29171E+04   0.10855E+04   0.18172E+01   0.27351E+22
   0.29176E+04   0.10856E+04   0.18174E+01   0.27354E+22
   0.29180E+04   0.10858E+04   0.18176E+01   0.27357E+22
   0.29185E+04   0.10860E+04   0.18178E+01   0.27360E+22
   0.29189E+04   0.10862E+04   0.18180E+01   0.27363E+22
   0.29193E+04   0.10863E+04   0.18182E+01   0.27366E+22
   0.29198E+04   0.10865E+04   0.18184E+01   0.27369E+22
   0.29202E+04   0.10867E+04   0.18186E+01   0.27372E+22
   0.29207E+04   0.10869E+04   0.18188E+01   0.27375E+22
   0.29211E+04   0.10870E+04   0.18190E+01   0.27378E+22
   0.29216E+04   0.10872E+04   0.18192E+01   0.27381E+22
   0.29220E+04   0.10874E+04   0.18194E+01   0.27384E+22
   0.29224E+04   0.10876E+04   0.18196E+01   0.27387E+22
   0.29229E+04   0.10877E+04   0.18198E+01   0.27390E+22
   0.29233E+04   0.10879E+04   0.18200E+01   0.27393E+22
   0.29238E+04   0.10881E+04   0.18202E+01   0.27396E+22
   0.29242E+04   0.10883E+04   0.18204E+01   0.27399E+22
   0.29246E+04   0.10884E+04   0.18206E+01   0.27402E+22
   0.29251E+04   0.10886E+04   0.18208E+01   0.27405E+22
   0.29255E+04   0.10888E+04   0.18210E+01   0.27408E+22
   0.29260E+04   0.10890E+04   0.18212E+01   0.27411E+22
   0.29264E+04   0.10891E+04   0.18214E+01   0.27414E+22
   0.29268E+04   0.10893E+04   0.18216E+01   0.27417E+22
   0.29273E+04   0.10895E+04   0.18218E+01   0.27420E+22
   0.29277E+04   0.10897E+04   0.18220E+01   0.27423E+22
   0.29282E+04   0.10898E+04   0.18222E+01   0.27426E+22
   0.29286E+04   0.10900E+04   0.18224E+01   0.27429E+22
   0.29290E+04   0.10902E+04   0.18226E+01   0.27432E+22
   0.29295E+04   0.10904E+04   0.18228E+01   0.27435E+22
   0.29299E+04   0.10905E+04   0.18230E+01   0.27438E+22
   0.29304E+04   0.10907E+04   0.18232E+01   0.27441E+22
   0.29308E+04   0.10909E+04   0.18234E+01   0.27444E+22
   0.29313E+04   0.10911E+04   0.18236E+01   0.27447E+22
   0.29317E+04   0.10913E+04   0.18238E+01   0.27450E+22
   0.29321E+04   0.10914E+04   0.18240E+01   0.27453E+22
   0.29326E+04   0.10916E+04   0.18242E+01   0.27456E+22
   0.29330E+04   0.10918E+04   0.18244E+01   0.27459E+22
   0.29335E+04   0.10920E+04   0.18246E+01   0.27462E+22
   0.29339E+04   0.10921E+04   0.18248E+01   0.27465E+22
   0.29343E+04   0.10923E+04   0.18250E+01   0.27468E+22
   0.29348E+04   0.10925E+04   0.18252E+01   0.27471E+22
   0.29352E+04   0.10927E+04   0.18254E+01   0.27474E+22
   0.29357E+04   0.10928E+04   0.18256E+01   0.27477E+22
   0.29361E+04   0.10930E+04   0.18258E+01   0.27480E+22
   0.29365E+04   0.10932E+04   0.18260E+01   0.27483E+22
   0.29370E+04   0.10934E+04   0.18262E+01   0.27486E+22
   0.29374E+04   0.10935E+04   0.18264E+01   0.27489E+22
   0.29379E+04   0.10937E+04   0.18266E+01   0.27492E+22
   0.29383E+04   0.10939E+04   0.18268E+01   0.27495E+22
   0.29388E+04   0.10941E+04   0.18270E+01   0.27498E+22
   0.29392E+04   0.10942E+04   0.18272E+01   0.27501E+22
   0.29396E+04   0.10944E+04   0.18274E+01   0.27504E+22
   0.29401E+04   0.10946E+04   0.18276E+01   0.27507E+22
   0.29405E+04   0.10948E+04   0.18278E+01   0.27510E+22
   0.29410E+04   0.10949E+04   0.18280E+01   0.27513E+22
   0.29414E+04   0.10951E+04   0.18282E+01   0.27516E+22
   0.29418E+04   0.10953E+04   0.18284E+01   0.27519E+22
   0.29423E+04   0.10955E+04   0.18286E+01   0.27522E+22
   0.29427E+04   0.10956E+04   0.18288E+01   0.27525E+22
   0.29432E+04   0.10958E+04   0.18290E+01   0.27528E+22
   0.29436E+04   0.10960E+04   0.18292E+01   0.27531E+22
   0.29441E+04   0.10962E+04   0.18294E+01   0.27534E+22
   0.29445E+04   0.10964E+04   0.18296E+01   0.27537E+22
   0.29449E+04   0.10965E+04   0.18298E+01   0.27540E+22
   0.29454E+04   0.10967E+04   0.18300E+01   0.27543E+22
   0.29458E+04   0.10969E+04   0.18302E+01   0.27546E+22
   0.29463E+04   0.10971E+04   0.18304E+01   0.27549E+22
   0.29467E+04   0.10972E+04   0.18306E+01   0.27552E+22
   0.29471E+04   0.10974E+04   0.18308E+01   0.27555E+22
   0.29476E+04   0.10976E+04   0.18310E+01   0.27558E+22
   0.29480E+04   0.10978E+04   0.18312E+01   0.27561E+22
   0.29485E+04   0.10979E+04   0.18314E+01   0.27564E+22
   0.29489E+04   0.10981E+04   0.18316E+01   0.27567E+22
   0.29494E+04   0.10983E+04   0.18318E+01   0.27570E+22
   0.29498E+04   0.10985E+04   0.18320E+01   0.27573E+22
   0.29502E+04   0.10986E+04   0.18322E+01   0.27576E+22
   0.29507E+04   0.10988E+04   0.18324E+01   0.27579E+22
   0.29511E+04   0.10990E+04   0.18326E+01   0.27582E+22
   0.29516E+04   0.10992E+04   0.18328E+01   0.27585E+22
   0.29520E+04   0.10993E+04   0.18330E+01   0.27588E+22
   0.29524E+04   0.10995E+04   0.18332E+01   0.27591E+22
   0.29529E+04   0.10997E+04   0.18334E+01   0.27594E+22
   0.29533E+04   0.10999E+04   0.18336E+01   0.27597E+22
   0.29538E+04   0.11000E+04   0.18338E+01   0.27600E+22
   0.29542E+04   0.11002E+04   0.18340E+01   0.27603E+22
   0.29547E+04   0.11004E+04   0.18342E+01   0.27606E+22
   0.29551E+04   0.11006E+04   0.18344E+01   0.27609E+22
   0.29555E+04   0.11007E+04   0.18346E+01   0.27612E+22
   0.29560E+04   0.11009E+04   0.18348E+01   0.27615E+22
   0.29564E+04   0.11011E+04   0.18350E+01   0.27618E+22
   0.29569E+04   0.11013E+04   0.18352E+01   0.27621E+22
   0.29573E+04   0.11015E+04   0.18354E+01   0.27624E+22
   0.29578E+04   0.11016E+04   0.18356E+01   0.27627E+22
   0.29582E+04   0.11018E+04   0.18358E+01   0.27630E+22
   0.29586E+04   0.11020E+04   0.18360E+01   0.27633E+22
   0.29591E+04   0.11022E+04   0.18362E+01   0.27636E+22
   0.29595E+04   0.11023E+04   0.18364E+01   0.27639E+22
   0.29600E+04   0.11025E+04   0.18366E+01   0.27642E+22
   0.29604E+04   0.11027E+04   0.18368E+01   0.27645E+22
   0.29609E+04   0.11029E+04   0.18370E+01   0.27648E+22
   0.29613E+04   0.11030E+04   0.18372E+01   0.27651E+22
   0.29617E+04   0.11032E+04   0.18374E+01   0.27654E+22
   0.29622E+04   0.11034E+04   0.18376E+01   0.27657E+22
   0.29626E+04   0.11036E+04   0.18378E+01   0.27660E+22
   0.29631E+04   0.11037E+04   0.18380E+01   0.27663E+22
   0.29635E+04   0.11039E+04   0.18382E+01   0.27666E+22
   0.29639E+04   0.11041E+04   0.18384E+01   0.27669E+22
   0.29644E+04   0.11043E+04   0.18386E+01   0.27672E+22
   0.29648E+04   0.11044E+04   0.18388E+01   0.27675E+22
   0.29653E+04   0.11046E+04   0.18390E+01   0.27678E+22
   0.29657E+04   0.11048E+04   0.18392E+01   0.27681E+22
   0.29662E+04   0.11050E+04   0.18394E+01   0.27684E+22
   0.29666E+04   0.11052E+04   0.18396E+01   0.27687E+22
   0.29670E+04   0.11053E+04   0.18398E+01   0.27691E+22
   0.29675E+04   0.11055E+04   0.18400E+01   0.27694E+22
   0.29679E+04   0.11057E+04   0.18402E+01   0.27697E+22
   0.29684E+04   0.11059E+04   0.18404E+01   0.27700E+22
   0.29688E+04   0.11060E+04   0.18406E+01   0.27703E+22
   0.29693E+04   0.11062E+04   0.18408E+01   0.27706E+22
   0.29697E+04   0.11064E+04   0.18410E+01   0.27709E+22
   0.29701E+04   0.11066E+04   0.18412E+01   0.27712E+22
   0.29706E+04   0.11067E+04   0.18414E+01   0.27715E+22
   0.29710E+04   0.11069E+04   0.18416E+01   0.27718E+22
   0.29715E+04   0.11071E+04   0.18418E+01   0.27721E+22
   0.29719E+04   0.11073E+04   0.18420E+01   0.27724E+22
   0.29724E+04   0.11074E+04   0.18422E+01   0.27727E+22
   0.29728E+04   0.11076E+04   0.18424E+01   0.27730E+22
   0.29732E+04   0.11078E+04   0.18426E+01   0.27733E+22
   0.29737E+04   0.11080E+04   0.18428E+01   0.27736E+22
   0.29741E+04   0.11081E+04   0.18430E+01   0.27739E+22
   0.29746E+04   0.11083E+04   0.18432E+01   0.27742E+22
   0.29750E+04   0.11085E+04   0.18434E+01   0.27745E+22
   0.29755E+04   0.11087E+04   0.18436E+01   0.27748E+22
   0.29759E+04   0.11089E+04   0.18438E+01   0.27751E+22
   0.29763E+04   0.11090E+04   0.18440E+01   0.27754E+22
   0.29768E+04   0.11092E+04   0.18442E+01   0.27757E+22
   0.29772E+04   0.11094E+04   0.18444E+01   0.27760E+22
   0.29777E+04   0.11096E+04   0.18446E+01   0.27763E+22
   0.29781E+04   0.11097E+04   0.18448E+01   0.27766E+22
   0.29786E+04   0.11099E+04   0.18450E+01   0.27769E+22
   0.29790E+04   0.11101E+04   0.18452E+01   0.27772E+22
   0.29794E+04   0.11103E+04   0.18454E+01   0.27775E+22
   0.29799E+04   0.11104E+04   0.18456E+01   0.27778E+22
   0.29803E+04   0.11106E+04   0.18458E+01   0.27781E+22
   0.29808E+04   0.11108E+04   0.18460E+01   0.27784E+22
   0.29812E+04   0.11110E+04   0.18462E+01   0.27787E+22
   0.29817E+04   0.11111E+04   0.18464E+01   0.27790E+22
   0.29821E+04   0.11113E+04   0.18466E+01   0.27793E+22
   0.29826E+04   0.11115E+04   0.18468E+01   0.27796E+22
   0.29830E+04   0.11117E+04   0.18470E+01   0.27799E+22
   0.29834E+04   0.11119E+04   0.18472E+01   0.27802E+22
   0.29839E+04   0.11120E+04   0.18474E+01   0.27805E+22
   0.29843E+04   0.11122E+04   0.18476E+01   0.27808E+22
   0.29848E+04   0.11124E+04   0.18478E+01   0.27811E+22
   0.29852E+04   0.11126E+04   0.18480E+01   0.27814E+22
   0.29857E+04   0.11127E+04   0.18482E+01   0.27817E+22
   0.29861E+04   0.11129E+04   0.18484E+01   0.27820E+22
   0.29865E+04   0.11131E+04   0.18486E+01   0.27823E+22
   0.29870E+04   0.11133E+04   0.18488E+01   0.27826E+22
   0.29874E+04   0.11134E+04   0.18490E+01   0.27829E+22
   0.29879E+04   0.11136E+04   0.18492E+01   0.27832E+22
   0.29883E+04   0.11138E+04   0.18494E+01   0.27835E+22
   0.29888E+04   0.11140E+04   0.18496E+01   0.27838E+22
   0.29892E+04   0.11141E+04   0.18498E+01   0.27841E+22
   0.29896E+04   0.11143E+04   0.18500E+01   0.27844E+22
   0.29901E+04   0.11145E+04   0.18502E+01   0.27847E+22
   0.29905E+04   0.11147E+04   0.18504E+01   0.27850E+22
   0.29910E+04   0.11149E+04   0.18506E+01   0.27853E+22
   0.29914E+04   0.11150E+04   0.18508E+01   0.27856E+22
   0.29919E+04   0.11152E+04   0.18510E+01   0.27859E+22
   0.29923E+04   0.11154E+04   0.18512E+01   0.27862E+22
   0.29928E+04   0.11156E+04   0.18514E+01   0.27865E+22
   0.29932E+04   0.11157E+04   0.18516E+01   0.27868E+22
   0.29936E+04   0.11159E+04   0.18518E+01   0.27871E+22
   0.29941E+04   0.11161E+04   0.18520E+01   0.27874E+22
   0.29945E+04   0.11163E+04   0.18522E+01   0.27877E+22
   0.29950E+04   0.11164E+04   0.18524E+01   0.27880E+22
   0.29954E+04   0.11166E+04   0.18526E+01   0.27883E+22
   0.29959E+04   0.11168E+04   0.18528E+01   0.27886E+22
   0.29963E+04   0.11170E+04   0.18530E+01   0.27889E+22
   0.29967E+04   0.11171E+04   0.18532E+01   0.27892E+22
   0.29972E+04   0.11173E+04   0.18534E+01   0.27895E+22
   0.29976E+04   0.11175E+04   0.18536E+01   0.27898E+22
   0.29981E+04   0.11177E+04   0.18538E+01   0.27901E+22
   0.29985E+04   0.11179E+04   0.18540E+01   0.27904E+22
   0.29990E+04   0.11180E+04   0.18542E+01   0.27907E+22
   0.29994E+04   0.11182E+04   0.18544E+01   0.27910E+22
   0.29999E+04   0.11184E+04   0.18546E+01   0.27913E+22
   0.30003E+04   0.11186E+04   0.18548E+01   0.27916E+22
   0.30007E+04   0.11187E+04   0.18550E+01   0.27919E+22
   0.30012E+04   0.11189E+04   0.18552E+01   0.27922E+22
   0.30016E+04   0.11191E+04   0.18554E+01   0.27925E+22
   0.30021E+04   0.11193E+04   0.18556E+01   0.27928E+22
   0.30025E+04   0.11194E+04   0.18558E+01   0.27931E+22
   0.30030E+04   0.11196E+04   0.18560E+01   0.27934E+22
   0.30034E+04   0.11198E+04   0.18562E+01   0.27937E+22
   0.30039E+04   0.11200E+04   0.18564E+01   0.27940E+22
   0.30043E+04   0.11202E+04   0.18566E+01   0.27943E+22
   0.30047E+04   0.11203E+04   0.18568E+01   0.27946E+22
   0.30052E+04   0.11205E+04   0.18570E+01   0.27949E+22
   0.30056E+04   0.11207E+04   0.18572E+01   0.27952E+22
   0.30061E+04   0.11209E+04   0.18574E+01   0.27955E+22
   0.30065E+04   0.11210E+04   0.18576E+01   0.27958E+22
   0.30070E+04   0.11212E+04   0.18578E+01   0.27961E+22
   0.30074E+04   0.11214E+04   0.18580E+01   0.27964E+22
   0.30079E+04   0.11216E+04   0.18582E+01   0.27967E+22
   0.30083E+04   0.11217E+04   0.18584E+01   0.27970E+22
   0.30087E+04   0.11219E+04   0.18586E+01   0.27973E+22
   0.30092E+04   0.11221E+04   0.18588E+01   0.27976E+22
   0.30096E+04   0.11223E+04   0.18590E+01   0.27979E+22
   0.30101E+04   0.11224E+04   0.18592E+01   0.27982E+22
   0.30105E+04   0.11226E+04   0.18594E+01   0.27985E+22
   0.30110E+04   0.11228E+04   0.18596E+01   0.27988E+22
   0.30114E+04   0.11230E+04   0.18598E+01   0.27991E+22
   0.30119E+04   0.11232E+04   0.18600E+01   0.27994E+22
   0.30123E+04   0.11233E+04   0.18602E+01   0.27997E+22
   0.30127E+04   0.11235E+04   0.18604E+01   0.28000E+22
   0.30132E+04   0.11237E+04   0.18606E+01   0.28003E+22
   0.30136E+04   0.11239E+04   0.18608E+01   0.28007E+22
   0.30141E+04   0.11240E+04   0.18610E+01   0.28010E+22
   0.30145E+04   0.11242E+04   0.18612E+01   0.28013E+22
   0.30150E+04   0.11244E+04   0.18614E+01   0.28016E+22
   0.30154E+04   0.11246E+04   0.18616E+01   0.28019E+22
   0.30159E+04   0.11247E+04   0.18618E+01   0.28022E+22
   0.30163E+04   0.11249E+04   0.18620E+01   0.28025E+22
   0.30167E+04   0.11251E+04   0.18622E+01   0.28028E+22
   0.30172E+04   0.11253E+04   0.18624E+01   0.28031E+22
   0.30176E+04   0.11255E+04   0.18626E+01   0.28034E+22
   0.30181E+04   0.11256E+04   0.18628E+01   0.28037E+22
   0.30185E+04   0.11258E+04   0.18630E+01   0.28040E+22
   0.30190E+04   0.11260E+04   0.18632E+01   0.28043E+22
   0.30194E+04   0.11262E+04   0.18634E+01   0.28046E+22
   0.30199E+04   0.11263E+04   0.18636E+01   0.28049E+22
   0.30203E+04   0.11265E+04   0.18638E+01   0.28052E+22
   0.30208E+04   0.11267E+04   0.18640E+01   0.28055E+22
   0.30212E+04   0.11269E+04   0.18642E+01   0.28058E+22
   0.30216E+04   0.11270E+04   0.18644E+01   0.28061E+22
   0.30221E+04   0.11272E+04   0.18646E+01   0.28064E+22
   0.30225E+04   0.11274E+04   0.18648E+01   0.28067E+22
   0.30230E+04   0.11276E+04   0.18650E+01   0.28070E+22
   0.30234E+04   0.11278E+04   0.18652E+01   0.28073E+22
   0.30239E+04   0.11279E+04   0.18654E+01   0.28076E+22
   0.30243E+04   0.11281E+04   0.18656E+01   0.28079E+22
   0.30248E+04   0.11283E+04   0.18658E+01   0.28082E+22
   0.30252E+04   0.11285E+04   0.18660E+01   0.28085E+22
   0.30256E+04   0.11286E+04   0.18662E+01   0.28088E+22
   0.30261E+04   0.11288E+04   0.18664E+01   0.28091E+22
   0.30265E+04   0.11290E+04   0.18666E+01   0.28094E+22
   0.30270E+04   0.11292E+04   0.18668E+01   0.28097E+22
   0.30274E+04   0.11293E+04   0.18670E+01   0.28100E+22
   0.30279E+04   0.11295E+04   0.18672E+01   0.28103E+22
   0.30283E+04   0.11297E+04   0.18674E+01   0.28106E+22
   0.30288E+04   0.11299E+04   0.18676E+01   0.28109E+22
   0.30292E+04   0.11301E+04   0.18678E+01   0.28112E+22
   0.30297E+04   0.11302E+04   0.18680E+01   0.28115E+22
   0.30301E+04   0.11304E+04   0.18682E+01   0.28118E+22
   0.30305E+04   0.11306E+04   0.18684E+01   0.28121E+22
   0.30310E+04   0.11308E+04   0.18686E+01   0.28124E+22
   0.30314E+04   0.11309E+04   0.18688E+01   0.28127E+22
   0.30319E+04   0.11311E+04   0.18690E+01   0.28130E+22
   0.30323E+04   0.11313E+04   0.18692E+01   0.28133E+22
   0.30328E+04   0.11315E+04   0.18694E+01   0.28136E+22
   0.30332E+04   0.11317E+04   0.18696E+01   0.28139E+22
   0.30337E+04   0.11318E+04   0.18698E+01   0.28142E+22
   0.30341E+04   0.11320E+04   0.18700E+01   0.28145E+22
   0.30346E+04   0.11322E+04   0.18702E+01   0.28148E+22
   0.30350E+04   0.11324E+04   0.18704E+01   0.28151E+22
   0.30354E+04   0.11325E+04   0.18706E+01   0.28154E+22
   0.30359E+04   0.11327E+04   0.18708E+01   0.28157E+22
   0.30363E+04   0.11329E+04   0.18710E+01   0.28160E+22
   0.30368E+04   0.11331E+04   0.18712E+01   0.28163E+22
   0.30372E+04   0.11332E+04   0.18714E+01   0.28166E+22
   0.30377E+04   0.11334E+04   0.18716E+01   0.28169E+22
   0.30381E+04   0.11336E+04   0.18718E+01   0.28172E+22
   0.30386E+04   0.11338E+04   0.18720E+01   0.28175E+22
   0.30390E+04   0.11340E+04   0.18722E+01   0.28178E+22
   0.30395E+04   0.11341E+04   0.18724E+01   0.28181E+22
   0.30399E+04   0.11343E+04   0.18726E+01   0.28184E+22
   0.30403E+04   0.11345E+04   0.18728E+01   0.28187E+22
   0.30408E+04   0.11347E+04   0.18730E+01   0.28190E+22
   0.30412E+04   0.11348E+04   0.18732E+01   0.28193E+22
   0.30417E+04   0.11350E+04   0.18734E+01   0.28196E+22
   0.30421E+04   0.11352E+04   0.18736E+01   0.28199E+22
   0.30426E+04   0.11354E+04   0.18738E+01   0.28202E+22
   0.30430E+04   0.11355E+04   0.18740E+01   0.28205E+22
   0.30435E+04   0.11357E+04   0.18742E+01   0.28208E+22
   0.30439E+04   0.11359E+04   0.18744E+01   0.28211E+22
   0.30444E+04   0.11361E+04   0.18746E+01   0.28214E+22
   0.30448E+04   0.11363E+04   0.18748E+01   0.28217E+22
   0.30453E+04   0.11364E+04   0.18750E+01   0.28220E+22
   0.30457E+04   0.11366E+04   0.18752E+01   0.28223E+22
   0.30461E+04   0.11368E+04   0.18754E+01   0.28226E+22
   0.30466E+04   0.11370E+04   0.18756E+01   0.28229E+22
   0.30470E+04   0.11371E+04   0.18758E+01   0.28232E+22
   0.30475E+04   0.11373E+04   0.18760E+01   0.28235E+22
   0.30479E+04   0.11375E+04   0.18762E+01   0.28238E+22
   0.30484E+04   0.11377E+04   0.18764E+01   0.28241E+22
   0.30488E+04   0.11379E+04   0.18766E+01   0.28244E+22
   0.30493E+04   0.11380E+04   0.18768E+01   0.28247E+22
   0.30497E+04   0.11382E+04   0.18770E+01   0.28250E+22
   0.30502E+04   0.11384E+04   0.18772E+01   0.28253E+22
   0.30506E+04   0.11386E+04   0.18774E+01   0.28256E+22
   0.30511E+04   0.11387E+04   0.18776E+01   0.28260E+22
   0.30515E+04   0.11389E+04   0.18778E+01   0.28263E+22
   0.30519E+04   0.11391E+04   0.18780E+01   0.28266E+22
   0.30524E+04   0.11393E+04   0.18782E+01   0.28269E+22
   0.30528E+04   0.11394E+04   0.18784E+01   0.28272E+22
   0.30533E+04   0.11396E+04   0.18786E+01   0.28275E+22
   0.30537E+04   0.11398E+04   0.18788E+01   0.28278E+22
   0.30542E+04   0.11400E+04   0.18790E+01   0.28281E+22
   0.30546E+04   0.11402E+04   0.18792E+01   0.28284E+22
   0.30551E+04   0.11403E+04   0.18794E+01   0.28287E+22
   0.30555E+04   0.11405E+04   0.18796E+01   0.28290E+22
   0.30560E+04   0.11407E+04   0.18798E+01   0.28293E+22
   0.30564E+04   0.11409E+04   0.18800E+01   0.28296E+22
   0.30569E+04   0.11410E+04   0.18802E+01   0.28299E+22
   0.30573E+04   0.11412E+04   0.18804E+01   0.28302E+22
   0.30578E+04   0.11414E+04   0.18806E+01   0.28305E+22
   0.30582E+04   0.11416E+04   0.18808E+01   0.28308E+22
   0.30586E+04   0.11418E+04   0.18810E+01   0.28311E+22
   0.30591E+04   0.11419E+04   0.18812E+01   0.28314E+22
   0.30595E+04   0.11421E+04   0.18814E+01   0.28317E+22
   0.30600E+04   0.11423E+04   0.18816E+01   0.28320E+22
   0.30604E+04   0.11425E+04   0.18818E+01   0.28323E+22
   0.30609E+04   0.11426E+04   0.18820E+01   0.28326E+22
   0.30613E+04   0.11428E+04   0.18822E+01   0.28329E+22
   0.30618E+04   0.11430E+04   0.18824E+01   0.28332E+22
   0.30622E+04   0.11432E+04   0.18826E+01   0.28335E+22
   0.30627E+04   0.11434E+04   0.18828E+01   0.28338E+22
   0.30631E+04   0.11435E+04   0.18830E+01   0.28341E+22
   0.30636E+04   0.11437E+04   0.18832E+01   0.28344E+22
   0.30640E+04   0.11439E+04   0.18834E+01   0.28347E+22
   0.30645E+04   0.11441E+04   0.18836E+01   0.28350E+22
   0.30649E+04   0.11442E+04   0.18838E+01   0.28353E+22
   0.30653E+04   0.11444E+04   0.18840E+01   0.28356E+22
   0.30658E+04   0.11446E+04   0.18842E+01   0.28359E+22
   0.30662E+04   0.11448E+04   0.18844E+01   0.28362E+22
   0.30667E+04   0.11449E+04   0.18846E+01   0.28365E+22
   0.30671E+04   0.11451E+04   0.18848E+01   0.28368E+22
   0.30676E+04   0.11453E+04   0.18850E+01   0.28371E+22
   0.30680E+04   0.11455E+04   0.18852E+01   0.28374E+22
   0.30685E+04   0.11457E+04   0.18854E+01   0.28377E+22
   0.30689E+04   0.11458E+04   0.18856E+01   0.28380E+22
   0.30694E+04   0.11460E+04   0.18858E+01   0.28383E+22
   0.30698E+04   0.11462E+04   0.18860E+01   0.28386E+22
   0.30703E+04   0.11464E+04   0.18862E+01   0.28389E+22
   0.30707E+04   0.11465E+04   0.18864E+01   0.28392E+22
   0.30712E+04   0.11467E+04   0.18866E+01   0.28395E+22
   0.30716E+04   0.11469E+04   0.18868E+01   0.28398E+22
   0.30721E+04   0.11471E+04   0.18870E+01   0.28401E+22
   0.30725E+04   0.11473E+04   0.18872E+01   0.28404E+22
   0.30729E+04   0.11474E+04   0.18874E+01   0.28407E+22
   0.30734E+04   0.11476E+04   0.18876E+01   0.28410E+22
   0.30738E+04   0.11478E+04   0.18878E+01   0.28413E+22
   0.30743E+04   0.11480E+04   0.18880E+01   0.28416E+22
   0.30747E+04   0.11481E+04   0.18882E+01   0.28419E+22
   0.30752E+04   0.11483E+04   0.18884E+01   0.28422E+22
   0.30756E+04   0.11485E+04   0.18886E+01   0.28425E+22
   0.30761E+04   0.11487E+04   0.18888E+01   0.28428E+22
   0.30765E+04   0.11489E+04   0.18890E+01   0.28431E+22
   0.30770E+04   0.11490E+04   0.18892E+01   0.28434E+22
   0.30774E+04   0.11492E+04   0.18894E+01   0.28437E+22
   0.30779E+04   0.11494E+04   0.18896E+01   0.28440E+22
   0.30783E+04   0.11496E+04   0.18898E+01   0.28443E+22
   0.30788E+04   0.11497E+04   0.18900E+01   0.28446E+22
   0.30792E+04   0.11499E+04   0.18902E+01   0.28449E+22
   0.30797E+04   0.11501E+04   0.18904E+01   0.28452E+22
   0.30801E+04   0.11503E+04   0.18906E+01   0.28455E+22
   0.30806E+04   0.11505E+04   0.18908E+01   0.28458E+22
   0.30810E+04   0.11506E+04   0.18910E+01   0.28461E+22
   0.30814E+04   0.11508E+04   0.18912E+01   0.28464E+22
   0.30819E+04   0.11510E+04   0.18914E+01   0.28467E+22
   0.30823E+04   0.11512E+04   0.18916E+01   0.28470E+22
   0.30828E+04   0.11513E+04   0.18918E+01   0.28473E+22
   0.30832E+04   0.11515E+04   0.18920E+01   0.28477E+22
   0.30837E+04   0.11517E+04   0.18922E+01   0.28480E+22
   0.30841E+04   0.11519E+04   0.18924E+01   0.28483E+22
   0.30846E+04   0.11521E+04   0.18926E+01   0.28486E+22
   0.30850E+04   0.11522E+04   0.18928E+01   0.28489E+22
   0.30855E+04   0.11524E+04   0.18930E+01   0.28492E+22
   0.30859E+04   0.11526E+04   0.18932E+01   0.28495E+22
   0.30864E+04   0.11528E+04   0.18934E+01   0.28498E+22
   0.30868E+04   0.11529E+04   0.18936E+01   0.28501E+22
   0.30873E+04   0.11531E+04   0.18938E+01   0.28504E+22
   0.30877E+04   0.11533E+04   0.18940E+01   0.28507E+22
   0.30882E+04   0.11535E+04   0.18942E+01   0.28510E+22
   0.30886E+04   0.11537E+04   0.18944E+01   0.28513E+22
   0.30891E+04   0.11538E+04   0.18946E+01   0.28516E+22
   0.30895E+04   0.11540E+04   0.18948E+01   0.28519E+22
   0.30900E+04   0.11542E+04   0.18950E+01   0.28522E+22
   0.30904E+04   0.11544E+04   0.18952E+01   0.28525E+22
   0.30908E+04   0.11545E+04   0.18954E+01   0.28528E+22
   0.30913E+04   0.11547E+04   0.18956E+01   0.28531E+22
   0.30917E+04   0.11549E+04   0.18958E+01   0.28534E+22
   0.30922E+04   0.11551E+04   0.18960E+01   0.28537E+22
   0.30926E+04   0.11553E+04   0.18962E+01   0.28540E+22
   0.30931E+04   0.11554E+04   0.18964E+01   0.28543E+22
   0.30935E+04   0.11556E+04   0.18966E+01   0.28546E+22
   0.30940E+04   0.11558E+04   0.18968E+01   0.28549E+22
   0.30944E+04   0.11560E+04   0.18970E+01   0.28552E+22
   0.30949E+04   0.11561E+04   0.18972E+01   0.28555E+22
   0.30953E+04   0.11563E+04   0.18974E+01   0.28558E+22
   0.30958E+04   0.11565E+04   0.18976E+01   0.28561E+22
   0.30962E+04   0.11567E+04   0.18978E+01   0.28564E+22
   0.30967E+04   0.11569E+04   0.18980E+01   0.28567E+22
   0.30971E+04   0.11570E+04   0.18982E+01   0.28570E+22
   0.30976E+04   0.11572E+04   0.18984E+01   0.28573E+22
   0.30980E+04   0.11574E+04   0.18986E+01   0.28576E+22
   0.30985E+04   0.11576E+04   0.18988E+01   0.28579E+22
   0.30989E+04   0.11577E+04   0.18990E+01   0.28582E+22
   0.30994E+04   0.11579E+04   0.18992E+01   0.28585E+22
   0.30998E+04   0.11581E+04   0.18994E+01   0.28588E+22
   0.31003E+04   0.11583E+04   0.18996E+01   0.28591E+22
   0.31007E+04   0.11585E+04   0.18998E+01   0.28594E+22
   0.31012E+04   0.11586E+04   0.19000E+01   0.28597E+22
   0.31016E+04   0.11588E+04   0.19002E+01   0.28600E+22
   0.31021E+04   0.11590E+04   0.19004E+01   0.28603E+22
   0.31025E+04   0.11592E+04   0.19006E+01   0.28606E+22
   0.31030E+04   0.11593E+04   0.19008E+01   0.28609E+22
   0.31034E+04   0.11595E+04   0.19010E+01   0.28612E+22
   0.31038E+04   0.11597E+04   0.19012E+01   0.28615E+22
   0.31043E+04   0.11599E+04   0.19014E+01   0.28618E+22
   0.31047E+04   0.11601E+04   0.19016E+01   0.28621E+22
   0.31052E+04   0.11602E+04   0.19018E+01   0.28624E+22
   0.31056E+04   0.11604E+04   0.19020E+01   0.28627E+22
   0.31061E+04   0.11606E+04   0.19022E+01   0.28630E+22
   0.31065E+04   0.11608E+04   0.19024E+01   0.28633E+22
   0.31070E+04   0.11609E+04   0.19026E+01   0.28636E+22
   0.31074E+04   0.11611E+04   0.19028E+01   0.28639E+22
   0.31079E+04   0.11613E+04   0.19030E+01   0.28642E+22
   0.31083E+04   0.11615E+04   0.19032E+01   0.28645E+22
   0.31088E+04   0.11617E+04   0.19034E+01   0.28648E+22
   0.31092E+04   0.11618E+04   0.19036E+01   0.28651E+22
   0.31097E+04   0.11620E+04   0.19038E+01   0.28654E+22
   0.31101E+04   0.11622E+04   0.19040E+01   0.28657E+22
   0.31106E+04   0.11624E+04   0.19042E+01   0.28660E+22
   0.31110E+04   0.11626E+04   0.19044E+01   0.28663E+22
   0.31115E+04   0.11627E+04   0.19046E+01   0.28666E+22
   0.31119E+04   0.11629E+04   0.19048E+01   0.28669E+22
   0.31124E+04   0.11631E+04   0.19050E+01   0.28673E+22
   0.31128E+04   0.11633E+04   0.19052E+01   0.28676E+22
   0.31133E+04   0.11634E+04   0.19054E+01   0.28679E+22
   0.31137E+04   0.11636E+04   0.19056E+01   0.28682E+22
   0.31142E+04   0.11638E+04   0.19058E+01   0.28685E+22
   0.31146E+04   0.11640E+04   0.19060E+01   0.28688E+22
   0.31151E+04   0.11642E+04   0.19062E+01   0.28691E+22
   0.31155E+04   0.11643E+04   0.19064E+01   0.28694E+22
   0.31160E+04   0.11645E+04   0.19066E+01   0.28697E+22
   0.31164E+04   0.11647E+04   0.19068E+01   0.28700E+22
   0.31169E+04   0.11649E+04   0.19070E+01   0.28703E+22
   0.31173E+04   0.11650E+04   0.19072E+01   0.28706E+22
   0.31178E+04   0.11652E+04   0.19074E+01   0.28709E+22
   0.31182E+04   0.11654E+04   0.19076E+01   0.28712E+22
   0.31187E+04   0.11656E+04   0.19078E+01   0.28715E+22
   0.31191E+04   0.11658E+04   0.19080E+01   0.28718E+22
   0.31196E+04   0.11659E+04   0.19082E+01   0.28721E+22
   0.31200E+04   0.11661E+04   0.19084E+01   0.28724E+22
   0.31205E+04   0.11663E+04   0.19086E+01   0.28727E+22
   0.31209E+04   0.11665E+04   0.19088E+01   0.28730E+22
   0.31214E+04   0.11666E+04   0.19090E+01   0.28733E+22
   0.31218E+04   0.11668E+04   0.19092E+01   0.28736E+22
   0.31223E+04   0.11670E+04   0.19094E+01   0.28739E+22
   0.31227E+04   0.11672E+04   0.19096E+01   0.28742E+22
   0.31232E+04   0.11674E+04   0.19098E+01   0.28745E+22
   0.31236E+04   0.11675E+04   0.19100E+01   0.28748E+22
   0.31240E+04   0.11677E+04   0.19102E+01   0.28751E+22
   0.31245E+04   0.11679E+04   0.19104E+01   0.28754E+22
   0.31249E+04   0.11681E+04   0.19106E+01   0.28757E+22
   0.31254E+04   0.11683E+04   0.19108E+01   0.28760E+22
   0.31258E+04   0.11684E+04   0.19110E+01   0.28763E+22
   0.31263E+04   0.11686E+04   0.19112E+01   0.28766E+22
   0.31267E+04   0.11688E+04   0.19114E+01   0.28769E+22
   0.31272E+04   0.11690E+04   0.19116E+01   0.28772E+22
   0.31276E+04   0.11691E+04   0.19118E+01   0.28775E+22
   0.31281E+04   0.11693E+04   0.19120E+01   0.28778E+22
   0.31285E+04   0.11695E+04   0.19122E+01   0.28781E+22
   0.31290E+04   0.11697E+04   0.19124E+01   0.28784E+22
   0.31294E+04   0.11699E+04   0.19126E+01   0.28787E+22
   0.31299E+04   0.11700E+04   0.19128E+01   0.28790E+22
   0.31303E+04   0.11702E+04   0.19130E+01   0.28793E+22
   0.31308E+04   0.11704E+04   0.19132E+01   0.28796E+22
   0.31312E+04   0.11706E+04   0.19134E+01   0.28799E+22
   0.31317E+04   0.11707E+04   0.19136E+01   0.28802E+22
   0.31321E+04   0.11709E+04   0.19138E+01   0.28805E+22
   0.31326E+04   0.11711E+04   0.19140E+01   0.28808E+22
   0.31330E+04   0.11713E+04   0.19142E+01   0.28811E+22
   0.31335E+04   0.11715E+04   0.19144E+01   0.28814E+22
   0.31339E+04   0.11716E+04   0.19146E+01   0.28817E+22
   0.31344E+04   0.11718E+04   0.19148E+01   0.28820E+22
   0.31348E+04   0.11720E+04   0.19150E+01   0.28823E+22
   0.31353E+04   0.11722E+04   0.19152E+01   0.28826E+22
   0.31357E+04   0.11724E+04   0.19154E+01   0.28829E+22
   0.31362E+04   0.11725E+04   0.19156E+01   0.28832E+22
   0.31366E+04   0.11727E+04   0.19158E+01   0.28835E+22
   0.31371E+04   0.11729E+04   0.19160E+01   0.28838E+22
   0.31375E+04   0.11731E+04   0.19162E+01   0.28841E+22
   0.31380E+04   0.11732E+04   0.19164E+01   0.28844E+22
   0.31384E+04   0.11734E+04   0.19166E+01   0.28847E+22
   0.31389E+04   0.11736E+04   0.19168E+01   0.28851E+22
   0.31393E+04   0.11738E+04   0.19170E+01   0.28854E+22
   0.31398E+04   0.11740E+04   0.19172E+01   0.28857E+22
   0.31402E+04   0.11741E+04   0.19174E+01   0.28860E+22
   0.31407E+04   0.11743E+04   0.19176E+01   0.28863E+22
   0.31411E+04   0.11745E+04   0.19178E+01   0.28866E+22
   0.31416E+04   0.11747E+04   0.19180E+01   0.28869E+22
   0.31420E+04   0.11749E+04   0.19182E+01   0.28872E+22
   0.31425E+04   0.11750E+04   0.19184E+01   0.28875E+22
   0.31429E+04   0.11752E+04   0.19186E+01   0.28878E+22
   0.31434E+04   0.11754E+04   0.19188E+01   0.28881E+22
   0.31438E+04   0.11756E+04   0.19190E+01   0.28884E+22
   0.31443E+04   0.11757E+04   0.19192E+01   0.28887E+22
   0.31447E+04   0.11759E+04   0.19194E+01   0.28890E+22
   0.31452E+04   0.11761E+04   0.19196E+01   0.28893E+22
   0.31456E+04   0.11763E+04   0.19198E+01   0.28896E+22
   0.31461E+04   0.11765E+04   0.19200E+01   0.28899E+22
   0.31465E+04   0.11766E+04   0.19202E+01   0.28902E+22
   0.31470E+04   0.11768E+04   0.19204E+01   0.28905E+22
   0.31474E+04   0.11770E+04   0.19206E+01   0.28908E+22
   0.31479E+04   0.11772E+04   0.19208E+01   0.28911E+22
   0.31483E+04   0.11774E+04   0.19210E+01   0.28914E+22
   0.31488E+04   0.11775E+04   0.19212E+01   0.28917E+22
   0.31492E+04   0.11777E+04   0.19214E+01   0.28920E+22
   0.31497E+04   0.11779E+04   0.19216E+01   0.28923E+22
   0.31501E+04   0.11781E+04   0.19218E+01   0.28926E+22
   0.31506E+04   0.11782E+04   0.19220E+01   0.28929E+22
   0.31510E+04   0.11784E+04   0.19222E+01   0.28932E+22
   0.31515E+04   0.11786E+04   0.19224E+01   0.28935E+22
   0.31519E+04   0.11788E+04   0.19226E+01   0.28938E+22
   0.31524E+04   0.11790E+04   0.19228E+01   0.28941E+22
   0.31528E+04   0.11791E+04   0.19230E+01   0.28944E+22
   0.31533E+04   0.11793E+04   0.19232E+01   0.28947E+22
   0.31537E+04   0.11795E+04   0.19234E+01   0.28950E+22
   0.31542E+04   0.11797E+04   0.19236E+01   0.28953E+22
   0.31546E+04   0.11799E+04   0.19238E+01   0.28956E+22
   0.31551E+04   0.11800E+04   0.19240E+01   0.28959E+22
   0.31555E+04   0.11802E+04   0.19242E+01   0.28962E+22
   0.31560E+04   0.11804E+04   0.19244E+01   0.28965E+22
   0.31565E+04   0.11806E+04   0.19246E+01   0.28968E+22
   0.31569E+04   0.11807E+04   0.19248E+01   0.28971E+22
   0.31574E+04   0.11809E+04   0.19250E+01   0.28974E+22
   0.31578E+04   0.11811E+04   0.19252E+01   0.28977E+22
   0.31583E+04   0.11813E+04   0.19254E+01   0.28980E+22
   0.31587E+04   0.11815E+04   0.19256E+01   0.28983E+22
   0.31592E+04   0.11816E+04   0.19258E+01   0.28986E+22
   0.31596E+04   0.11818E+04   0.19260E+01   0.28989E+22
   0.31601E+04   0.11820E+04   0.19262E+01   0.28992E+22
   0.31605E+04   0.11822E+04   0.19264E+01   0.28995E+22
   0.31610E+04   0.11824E+04   0.19266E+01   0.28998E+22
   0.31614E+04   0.11825E+04   0.19268E+01   0.29001E+22
   0.31619E+04   0.11827E+04   0.19270E+01   0.29004E+22
   0.31623E+04   0.11829E+04   0.19272E+01   0.29007E+22
   0.31628E+04   0.11831E+04   0.19274E+01   0.29010E+22
   0.31632E+04   0.11832E+04   0.19276E+01   0.29013E+22
   0.31637E+04   0.11834E+04   0.19278E+01   0.29017E+22
   0.31641E+04   0.11836E+04   0.19280E+01   0.29020E+22
   0.31646E+04   0.11838E+04   0.19282E+01   0.29023E+22
   0.31650E+04   0.11840E+04   0.19284E+01   0.29026E+22
   0.31655E+04   0.11841E+04   0.19286E+01   0.29029E+22
   0.31659E+04   0.11843E+04   0.19288E+01   0.29032E+22
   0.31664E+04   0.11845E+04   0.19290E+01   0.29035E+22
   0.31668E+04   0.11847E+04   0.19292E+01   0.29038E+22
   0.31673E+04   0.11849E+04   0.19294E+01   0.29041E+22
   0.31677E+04   0.11850E+04   0.19296E+01   0.29044E+22
   0.31682E+04   0.11852E+04   0.19298E+01   0.29047E+22
   0.31686E+04   0.11854E+04   0.19300E+01   0.29050E+22
   0.31691E+04   0.11856E+04   0.19302E+01   0.29053E+22
   0.31695E+04   0.11858E+04   0.19304E+01   0.29056E+22
   0.31700E+04   0.11859E+04   0.19306E+01   0.29059E+22
   0.31704E+04   0.11861E+04   0.19308E+01   0.29062E+22
   0.31709E+04   0.11863E+04   0.19310E+01   0.29065E+22
   0.31713E+04   0.11865E+04   0.19312E+01   0.29068E+22
   0.31718E+04   0.11866E+04   0.19314E+01   0.29071E+22
   0.31722E+04   0.11868E+04   0.19316E+01   0.29074E+22
   0.31727E+04   0.11870E+04   0.19318E+01   0.29077E+22
   0.31731E+04   0.11872E+04   0.19320E+01   0.29080E+22
   0.31736E+04   0.11874E+04   0.19322E+01   0.29083E+22
   0.31740E+04   0.11875E+04   0.19324E+01   0.29086E+22
   0.31745E+04   0.11877E+04   0.19326E+01   0.29089E+22
   0.31749E+04   0.11879E+04   0.19328E+01   0.29092E+22
   0.31754E+04   0.11881E+04   0.19330E+01   0.29095E+22
   0.31758E+04   0.11883E+04   0.19332E+01   0.29098E+22
   0.31763E+04   0.11884E+04   0.19334E+01   0.29101E+22
   0.31768E+04   0.11886E+04   0.19336E+01   0.29104E+22
   0.31772E+04   0.11888E+04   0.19338E+01   0.29107E+22
   0.31777E+04   0.11890E+04   0.19340E+01   0.29110E+22
   0.31781E+04   0.11892E+04   0.19342E+01   0.29113E+22
   0.31786E+04   0.11893E+04   0.19344E+01   0.29116E+22
   0.31790E+04   0.11895E+04   0.19346E+01   0.29119E+22
   0.31795E+04   0.11897E+04   0.19348E+01   0.29122E+22
   0.31799E+04   0.11899E+04   0.19350E+01   0.29125E+22
   0.31804E+04   0.11900E+04   0.19352E+01   0.29128E+22
   0.31808E+04   0.11902E+04   0.19354E+01   0.29131E+22
   0.31813E+04   0.11904E+04   0.19356E+01   0.29134E+22
   0.31817E+04   0.11906E+04   0.19358E+01   0.29137E+22
   0.31822E+04   0.11908E+04   0.19360E+01   0.29140E+22
   0.31826E+04   0.11909E+04   0.19362E+01   0.29143E+22
   0.31831E+04   0.11911E+04   0.19364E+01   0.29146E+22
   0.31835E+04   0.11913E+04   0.19366E+01   0.29149E+22
   0.31840E+04   0.11915E+04   0.19368E+01   0.29152E+22
   0.31844E+04   0.11917E+04   0.19370E+01   0.29155E+22
   0.31849E+04   0.11918E+04   0.19372E+01   0.29158E+22
   0.31853E+04   0.11920E+04   0.19374E+01   0.29161E+22
   0.31858E+04   0.11922E+04   0.19376E+01   0.29164E+22
   0.31862E+04   0.11924E+04   0.19378E+01   0.29167E+22
   0.31867E+04   0.11926E+04   0.19380E+01   0.29171E+22
   0.31871E+04   0.11927E+04   0.19382E+01   0.29174E+22
   0.31876E+04   0.11929E+04   0.19384E+01   0.29177E+22
   0.31880E+04   0.11931E+04   0.19386E+01   0.29180E+22
   0.31885E+04   0.11933E+04   0.19388E+01   0.29183E+22
   0.31889E+04   0.11934E+04   0.19390E+01   0.29186E+22
   0.31894E+04   0.11936E+04   0.19392E+01   0.29189E+22
   0.31899E+04   0.11938E+04   0.19394E+01   0.29192E+22
   0.31903E+04   0.11940E+04   0.19396E+01   0.29195E+22
   0.31908E+04   0.11942E+04   0.19398E+01   0.29198E+22
   0.31912E+04   0.11943E+04   0.19400E+01   0.29201E+22
   0.31917E+04   0.11945E+04   0.19402E+01   0.29204E+22
   0.31921E+04   0.11947E+04   0.19404E+01   0.29207E+22
   0.31926E+04   0.11949E+04   0.19406E+01   0.29210E+22
   0.31930E+04   0.11951E+04   0.19408E+01   0.29213E+22
   0.31935E+04   0.11952E+04   0.19410E+01   0.29216E+22
   0.31939E+04   0.11954E+04   0.19412E+01   0.29219E+22
   0.31944E+04   0.11956E+04   0.19414E+01   0.29222E+22
   0.31948E+04   0.11958E+04   0.19416E+01   0.29225E+22
   0.31953E+04   0.11960E+04   0.19418E+01   0.29228E+22
   0.31957E+04   0.11961E+04   0.19420E+01   0.29231E+22
   0.31962E+04   0.11963E+04   0.19422E+01   0.29234E+22
   0.31966E+04   0.11965E+04   0.19424E+01   0.29237E+22
   0.31971E+04   0.11967E+04   0.19426E+01   0.29240E+22
   0.31975E+04   0.11968E+04   0.19428E+01   0.29243E+22
   0.31980E+04   0.11970E+04   0.19430E+01   0.29246E+22
   0.31984E+04   0.11972E+04   0.19432E+01   0.29249E+22
   0.31989E+04   0.11974E+04   0.19434E+01   0.29252E+22
   0.31993E+04   0.11976E+04   0.19436E+01   0.29255E+22
   0.31998E+04   0.11977E+04   0.19438E+01   0.29258E+22
   0.32003E+04   0.11979E+04   0.19440E+01   0.29261E+22
   0.32007E+04   0.11981E+04   0.19442E+01   0.29264E+22
   0.32012E+04   0.11983E+04   0.19444E+01   0.29267E+22
   0.32016E+04   0.11985E+04   0.19446E+01   0.29270E+22
   0.32021E+04   0.11986E+04   0.19448E+01   0.29273E+22
   0.32025E+04   0.11988E+04   0.19450E+01   0.29276E+22
   0.32030E+04   0.11990E+04   0.19452E+01   0.29279E+22
   0.32034E+04   0.11992E+04   0.19454E+01   0.29282E+22
   0.32039E+04   0.11994E+04   0.19456E+01   0.29285E+22
   0.32043E+04   0.11995E+04   0.19458E+01   0.29288E+22
   0.32048E+04   0.11997E+04   0.19460E+01   0.29291E+22
   0.32052E+04   0.11999E+04   0.19462E+01   0.29294E+22
   0.32057E+04   0.12001E+04   0.19464E+01   0.29297E+22
   0.32061E+04   0.12003E+04   0.19466E+01   0.29300E+22
   0.32066E+04   0.12004E+04   0.19468E+01   0.29303E+22
   0.32070E+04   0.12006E+04   0.19470E+01   0.29306E+22
   0.32075E+04   0.12008E+04   0.19472E+01   0.29309E+22
   0.32079E+04   0.12010E+04   0.19474E+01   0.29312E+22
   0.32084E+04   0.12012E+04   0.19476E+01   0.29315E+22
   0.32089E+04   0.12013E+04   0.19478E+01   0.29319E+22
   0.32093E+04   0.12015E+04   0.19480E+01   0.29322E+22
   0.32098E+04   0.12017E+04   0.19482E+01   0.29325E+22
   0.32102E+04   0.12019E+04   0.19484E+01   0.29328E+22
   0.32107E+04   0.12020E+04   0.19486E+01   0.29331E+22
   0.32111E+04   0.12022E+04   0.19488E+01   0.29334E+22
   0.32116E+04   0.12024E+04   0.19490E+01   0.29337E+22
   0.32120E+04   0.12026E+04   0.19492E+01   0.29340E+22
   0.32125E+04   0.12028E+04   0.19494E+01   0.29343E+22
   0.32129E+04   0.12029E+04   0.19496E+01   0.29346E+22
   0.32134E+04   0.12031E+04   0.19498E+01   0.29349E+22
   0.32138E+04   0.12033E+04   0.19500E+01   0.29352E+22
   0.32143E+04   0.12035E+04   0.19502E+01   0.29355E+22
   0.32147E+04   0.12037E+04   0.19504E+01   0.29358E+22
   0.32152E+04   0.12038E+04   0.19506E+01   0.29361E+22
   0.32156E+04   0.12040E+04   0.19508E+01   0.29364E+22
   0.32161E+04   0.12042E+04   0.19510E+01   0.29367E+22
   0.32166E+04   0.12044E+04   0.19512E+01   0.29370E+22
   0.32170E+04   0.12046E+04   0.19514E+01   0.29373E+22
   0.32175E+04   0.12047E+04   0.19516E+01   0.29376E+22
   0.32179E+04   0.12049E+04   0.19518E+01   0.29379E+22
   0.32184E+04   0.12051E+04   0.19520E+01   0.29382E+22
   0.32188E+04   0.12053E+04   0.19522E+01   0.29385E+22
   0.32193E+04   0.12055E+04   0.19524E+01   0.29388E+22
   0.32197E+04   0.12056E+04   0.19526E+01   0.29391E+22
   0.32202E+04   0.12058E+04   0.19528E+01   0.29394E+22
   0.32206E+04   0.12060E+04   0.19530E+01   0.29397E+22
   0.32211E+04   0.12062E+04   0.19532E+01   0.29400E+22
   0.32215E+04   0.12064E+04   0.19534E+01   0.29403E+22
   0.32220E+04   0.12065E+04   0.19536E+01   0.29406E+22
   0.32224E+04   0.12067E+04   0.19538E+01   0.29409E+22
   0.32229E+04   0.12069E+04   0.19540E+01   0.29412E+22
   0.32234E+04   0.12071E+04   0.19542E+01   0.29415E+22
   0.32238E+04   0.12073E+04   0.19544E+01   0.29418E+22
   0.32243E+04   0.12074E+04   0.19546E+01   0.29421E+22
   0.32247E+04   0.12076E+04   0.19548E+01   0.29424E+22
   0.32252E+04   0.12078E+04   0.19550E+01   0.29427E+22
   0.32256E+04   0.12080E+04   0.19552E+01   0.29430E+22
   0.32261E+04   0.12081E+04   0.19554E+01   0.29433E+22
   0.32265E+04   0.12083E+04   0.19556E+01   0.29436E+22
   0.32270E+04   0.12085E+04   0.19558E+01   0.29439E+22
   0.32274E+04   0.12087E+04   0.19560E+01   0.29442E+22
   0.32279E+04   0.12089E+04   0.19562E+01   0.29445E+22
   0.32283E+04   0.12090E+04   0.19564E+01   0.29448E+22
   0.32288E+04   0.12092E+04   0.19566E+01   0.29451E+22
   0.32293E+04   0.12094E+04   0.19568E+01   0.29454E+22
   0.32297E+04   0.12096E+04   0.19570E+01   0.29458E+22
   0.32302E+04   0.12098E+04   0.19572E+01   0.29461E+22
   0.32306E+04   0.12099E+04   0.19574E+01   0.29464E+22
   0.32311E+04   0.12101E+04   0.19576E+01   0.29467E+22
   0.32315E+04   0.12103E+04   0.19578E+01   0.29470E+22
   0.32320E+04   0.12105E+04   0.19580E+01   0.29473E+22
   0.32324E+04   0.12107E+04   0.19582E+01   0.29476E+22
   0.32329E+04   0.12108E+04   0.19584E+01   0.29479E+22
   0.32333E+04   0.12110E+04   0.19586E+01   0.29482E+22
   0.32338E+04   0.12112E+04   0.19588E+01   0.29485E+22
   0.32342E+04   0.12114E+04   0.19590E+01   0.29488E+22
   0.32347E+04   0.12116E+04   0.19592E+01   0.29491E+22
   0.32352E+04   0.12117E+04   0.19594E+01   0.29494E+22
   0.32356E+04   0.12119E+04   0.19596E+01   0.29497E+22
   0.32361E+04   0.12121E+04   0.19598E+01   0.29500E+22
   0.32365E+04   0.12123E+04   0.19600E+01   0.29503E+22
   0.32370E+04   0.12125E+04   0.19602E+01   0.29506E+22
   0.32374E+04   0.12126E+04   0.19604E+01   0.29509E+22
   0.32379E+04   0.12128E+04   0.19606E+01   0.29512E+22
   0.32383E+04   0.12130E+04   0.19608E+01   0.29515E+22
   0.32388E+04   0.12132E+04   0.19610E+01   0.29518E+22
   0.32392E+04   0.12134E+04   0.19612E+01   0.29521E+22
   0.32397E+04   0.12135E+04   0.19614E+01   0.29524E+22
   0.32401E+04   0.12137E+04   0.19616E+01   0.29527E+22
   0.32406E+04   0.12139E+04   0.19618E+01   0.29530E+22
   0.32411E+04   0.12141E+04   0.19620E+01   0.29533E+22
   0.32415E+04   0.12143E+04   0.19622E+01   0.29536E+22
   0.32420E+04   0.12144E+04   0.19624E+01   0.29539E+22
   0.32424E+04   0.12146E+04   0.19626E+01   0.29542E+22
   0.32429E+04   0.12148E+04   0.19628E+01   0.29545E+22
   0.32433E+04   0.12150E+04   0.19630E+01   0.29548E+22
   0.32438E+04   0.12152E+04   0.19632E+01   0.29551E+22
   0.32442E+04   0.12153E+04   0.19634E+01   0.29554E+22
   0.32447E+04   0.12155E+04   0.19636E+01   0.29557E+22
   0.32451E+04   0.12157E+04   0.19638E+01   0.29560E+22
   0.32456E+04   0.12159E+04   0.19640E+01   0.29563E+22
   0.32460E+04   0.12161E+04   0.19642E+01   0.29566E+22
   0.32465E+04   0.12162E+04   0.19644E+01   0.29569E+22
   0.32470E+04   0.12164E+04   0.19646E+01   0.29572E+22
   0.32474E+04   0.12166E+04   0.19648E+01   0.29575E+22
   0.32479E+04   0.12168E+04   0.19650E+01   0.29578E+22
   0.32483E+04   0.12170E+04   0.19652E+01   0.29581E+22
   0.32488E+04   0.12171E+04   0.19654E+01   0.29584E+22
   0.32492E+04   0.12173E+04   0.19656E+01   0.29587E+22
   0.32497E+04   0.12175E+04   0.19658E+01   0.29591E+22
   0.32501E+04   0.12177E+04   0.19660E+01   0.29594E+22
   0.32506E+04   0.12179E+04   0.19662E+01   0.29597E+22
   0.32510E+04   0.12180E+04   0.19664E+01   0.29600E+22
   0.32515E+04   0.12182E+04   0.19666E+01   0.29603E+22
   0.32520E+04   0.12184E+04   0.19668E+01   0.29606E+22
   0.32524E+04   0.12186E+04   0.19670E+01   0.29609E+22
   0.32529E+04   0.12188E+04   0.19672E+01   0.29612E+22
   0.32533E+04   0.12189E+04   0.19674E+01   0.29615E+22
   0.32538E+04   0.12191E+04   0.19676E+01   0.29618E+22
   0.32542E+04   0.12193E+04   0.19678E+01   0.29621E+22
   0.32547E+04   0.12195E+04   0.19680E+01   0.29624E+22
   0.32551E+04   0.12197E+04   0.19682E+01   0.29627E+22
   0.32556E+04   0.12198E+04   0.19684E+01   0.29630E+22
   0.32560E+04   0.12200E+04   0.19686E+01   0.29633E+22
   0.32565E+04   0.12202E+04   0.19688E+01   0.29636E+22
   0.32570E+04   0.12204E+04   0.19690E+01   0.29639E+22
   0.32574E+04   0.12206E+04   0.19692E+01   0.29642E+22
   0.32579E+04   0.12207E+04   0.19694E+01   0.29645E+22
   0.32583E+04   0.12209E+04   0.19696E+01   0.29648E+22
   0.32588E+04   0.12211E+04   0.19698E+01   0.29651E+22
   0.32592E+04   0.12213E+04   0.19700E+01   0.29654E+22
   0.32597E+04   0.12215E+04   0.19702E+01   0.29657E+22
   0.32601E+04   0.12216E+04   0.19704E+01   0.29660E+22
   0.32606E+04   0.12218E+04   0.19706E+01   0.29663E+22
   0.32611E+04   0.12220E+04   0.19708E+01   0.29666E+22
   0.32615E+04   0.12222E+04   0.19710E+01   0.29669E+22
   0.32620E+04   0.12224E+04   0.19712E+01   0.29672E+22
   0.32624E+04   0.12225E+04   0.19714E+01   0.29675E+22
   0.32629E+04   0.12227E+04   0.19716E+01   0.29678E+22
   0.32633E+04   0.12229E+04   0.19718E+01   0.29681E+22
   0.32638E+04   0.12231E+04   0.19720E+01   0.29684E+22
   0.32642E+04   0.12233E+04   0.19722E+01   0.29687E+22
   0.32647E+04   0.12234E+04   0.19724E+01   0.29690E+22
   0.32651E+04   0.12236E+04   0.19726E+01   0.29693E+22
   0.32656E+04   0.12238E+04   0.19728E+01   0.29696E+22
   0.32661E+04   0.12240E+04   0.19730E+01   0.29699E+22
   0.32665E+04   0.12242E+04   0.19732E+01   0.29702E+22
   0.32670E+04   0.12243E+04   0.19734E+01   0.29705E+22
   0.32674E+04   0.12245E+04   0.19736E+01   0.29708E+22
   0.32679E+04   0.12247E+04   0.19738E+01   0.29711E+22
   0.32683E+04   0.12249E+04   0.19740E+01   0.29714E+22
   0.32688E+04   0.12251E+04   0.19742E+01   0.29718E+22
   0.32692E+04   0.12252E+04   0.19744E+01   0.29721E+22
   0.32697E+04   0.12254E+04   0.19746E+01   0.29724E+22
   0.32702E+04   0.12256E+04   0.19748E+01   0.29727E+22
   0.32706E+04   0.12258E+04   0.19750E+01   0.29730E+22
   0.32711E+04   0.12260E+04   0.19752E+01   0.29733E+22
   0.32715E+04   0.12261E+04   0.19754E+01   0.29736E+22
   0.32720E+04   0.12263E+04   0.19756E+01   0.29739E+22
   0.32724E+04   0.12265E+04   0.19758E+01   0.29742E+22
   0.32729E+04   0.12267E+04   0.19760E+01   0.29745E+22
   0.32733E+04   0.12269E+04   0.19762E+01   0.29748E+22
   0.32738E+04   0.12270E+04   0.19764E+01   0.29751E+22
   0.32743E+04   0.12272E+04   0.19766E+01   0.29754E+22
   0.32747E+04   0.12274E+04   0.19768E+01   0.29757E+22
   0.32752E+04   0.12276E+04   0.19770E+01   0.29760E+22
   0.32756E+04   0.12278E+04   0.19772E+01   0.29763E+22
   0.32761E+04   0.12279E+04   0.19774E+01   0.29766E+22
   0.32765E+04   0.12281E+04   0.19776E+01   0.29769E+22
   0.32770E+04   0.12283E+04   0.19778E+01   0.29772E+22
   0.32774E+04   0.12285E+04   0.19780E+01   0.29775E+22
   0.32779E+04   0.12287E+04   0.19782E+01   0.29778E+22
   0.32784E+04   0.12288E+04   0.19784E+01   0.29781E+22
   0.32788E+04   0.12290E+04   0.19786E+01   0.29784E+22
   0.32793E+04   0.12292E+04   0.19788E+01   0.29787E+22
   0.32797E+04   0.12294E+04   0.19790E+01   0.29790E+22
   0.32802E+04   0.12296E+04   0.19792E+01   0.29793E+22
   0.32806E+04   0.12297E+04   0.19794E+01   0.29796E+22
   0.32811E+04   0.12299E+04   0.19796E+01   0.29799E+22
   0.32815E+04   0.12301E+04   0.19798E+01   0.29802E+22
   0.32820E+04   0.12303E+04   0.19800E+01   0.29805E+22
   0.32825E+04   0.12305E+04   0.19802E+01   0.29808E+22
   0.32829E+04   0.12306E+04   0.19804E+01   0.29811E+22
   0.32834E+04   0.12308E+04   0.19806E+01   0.29814E+22
   0.32838E+04   0.12310E+04   0.19808E+01   0.29817E+22
   0.32843E+04   0.12312E+04   0.19810E+01   0.29820E+22
   0.32847E+04   0.12314E+04   0.19812E+01   0.29823E+22
   0.32852E+04   0.12315E+04   0.19814E+01   0.29826E+22
   0.32856E+04   0.12317E+04   0.19816E+01   0.29829E+22
   0.32861E+04   0.12319E+04   0.19818E+01   0.29832E+22
   0.32866E+04   0.12321E+04   0.19820E+01   0.29835E+22
   0.32870E+04   0.12323E+04   0.19822E+01   0.29838E+22
   0.32875E+04   0.12324E+04   0.19824E+01   0.29842E+22
   0.32879E+04   0.12326E+04   0.19826E+01   0.29845E+22
   0.32884E+04   0.12328E+04   0.19828E+01   0.29848E+22
   0.32888E+04   0.12330E+04   0.19830E+01   0.29851E+22
   0.32893E+04   0.12332E+04   0.19832E+01   0.29854E+22
   0.32897E+04   0.12333E+04   0.19834E+01   0.29857E+22
   0.32902E+04   0.12335E+04   0.19836E+01   0.29860E+22
   0.32907E+04   0.12337E+04   0.19838E+01   0.29863E+22
   0.32911E+04   0.12339E+04   0.19840E+01   0.29866E+22
   0.32916E+04   0.12341E+04   0.19842E+01   0.29869E+22
   0.32920E+04   0.12342E+04   0.19844E+01   0.29872E+22
   0.32925E+04   0.12344E+04   0.19846E+01   0.29875E+22
   0.32929E+04   0.12346E+04   0.19848E+01   0.29878E+22
   0.32934E+04   0.12348E+04   0.19850E+01   0.29881E+22
   0.32939E+04   0.12350E+04   0.19852E+01   0.29884E+22
   0.32943E+04   0.12351E+04   0.19854E+01   0.29887E+22
   0.32948E+04   0.12353E+04   0.19856E+01   0.29890E+22
   0.32952E+04   0.12355E+04   0.19858E+01   0.29893E+22
   0.32957E+04   0.12357E+04   0.19860E+01   0.29896E+22
   0.32961E+04   0.12359E+04   0.19862E+01   0.29899E+22
   0.32966E+04   0.12360E+04   0.19864E+01   0.29902E+22
   0.32970E+04   0.12362E+04   0.19866E+01   0.29905E+22
   0.32975E+04   0.12364E+04   0.19868E+01   0.29908E+22
   0.32980E+04   0.12366E+04   0.19870E+01   0.29911E+22
   0.32984E+04   0.12368E+04   0.19872E+01   0.29914E+22
   0.32989E+04   0.12369E+04   0.19874E+01   0.29917E+22
   0.32993E+04   0.12371E+04   0.19876E+01   0.29920E+22
   0.32998E+04   0.12373E+04   0.19878E+01   0.29923E+22
   0.33002E+04   0.12375E+04   0.19880E+01   0.29926E+22
   0.33007E+04   0.12377E+04   0.19882E+01   0.29929E+22
   0.33012E+04   0.12378E+04   0.19884E+01   0.29932E+22
   0.33016E+04   0.12380E+04   0.19886E+01   0.29935E+22
   0.33021E+04   0.12382E+04   0.19888E+01   0.29938E+22
   0.33025E+04   0.12384E+04   0.19890E+01   0.29941E+22
   0.33030E+04   0.12386E+04   0.19892E+01   0.29944E+22
   0.33034E+04   0.12388E+04   0.19894E+01   0.29947E+22
   0.33039E+04   0.12389E+04   0.19896E+01   0.29950E+22
   0.33044E+04   0.12391E+04   0.19898E+01   0.29953E+22
   0.33048E+04   0.12393E+04   0.19900E+01   0.29956E+22
   0.33053E+04   0.12395E+04   0.19902E+01   0.29960E+22
   0.33057E+04   0.12397E+04   0.19904E+01   0.29963E+22
   0.33062E+04   0.12398E+04   0.19906E+01   0.29966E+22
   0.33066E+04   0.12400E+04   0.19908E+01   0.29969E+22
   0.33071E+04   0.12402E+04   0.19910E+01   0.29972E+22
   0.33076E+04   0.12404E+04   0.19912E+01   0.29975E+22
   0.33080E+04   0.12406E+04   0.19914E+01   0.29978E+22
   0.33085E+04   0.12407E+04   0.19916E+01   0.29981E+22
   0.33089E+04   0.12409E+04   0.19918E+01   0.29984E+22
   0.33094E+04   0.12411E+04   0.19920E+01   0.29987E+22
   0.33098E+04   0.12413E+04   0.19922E+01   0.29990E+22
   0.33103E+04   0.12415E+04   0.19924E+01   0.29993E+22
   0.33107E+04   0.12416E+04   0.19926E+01   0.29996E+22
   0.33112E+04   0.12418E+04   0.19928E+01   0.29999E+22
   0.33117E+04   0.12420E+04   0.19930E+01   0.30002E+22
   0.33121E+04   0.12422E+04   0.19932E+01   0.30005E+22
   0.33126E+04   0.12424E+04   0.19934E+01   0.30008E+22
   0.33130E+04   0.12425E+04   0.19936E+01   0.30011E+22
   0.33135E+04   0.12427E+04   0.19938E+01   0.30014E+22
   0.33139E+04   0.12429E+04   0.19940E+01   0.30017E+22
   0.33144E+04   0.12431E+04   0.19942E+01   0.30020E+22
   0.33149E+04   0.12433E+04   0.19944E+01   0.30023E+22
   0.33153E+04   0.12434E+04   0.19946E+01   0.30026E+22
   0.33158E+04   0.12436E+04   0.19948E+01   0.30029E+22
   0.33162E+04   0.12438E+04   0.19950E+01   0.30032E+22
   0.33167E+04   0.12440E+04   0.19952E+01   0.30035E+22
   0.33171E+04   0.12442E+04   0.19954E+01   0.30038E+22
   0.33176E+04   0.12443E+04   0.19956E+01   0.30041E+22
   0.33181E+04   0.12445E+04   0.19958E+01   0.30044E+22
   0.33185E+04   0.12447E+04   0.19960E+01   0.30047E+22
   0.33190E+04   0.12449E+04   0.19962E+01   0.30050E+22
   0.33194E+04   0.12451E+04   0.19964E+01   0.30053E+22
   0.33199E+04   0.12453E+04   0.19966E+01   0.30056E+22
   0.33203E+04   0.12454E+04   0.19968E+01   0.30059E+22
   0.33208E+04   0.12456E+04   0.19970E+01   0.30062E+22
   0.33213E+04   0.12458E+04   0.19972E+01   0.30065E+22
   0.33217E+04   0.12460E+04   0.19974E+01   0.30068E+22
   0.33222E+04   0.12462E+04   0.19976E+01   0.30071E+22
   0.33226E+04   0.12463E+04   0.19978E+01   0.30074E+22
   0.33231E+04   0.12465E+04   0.19980E+01   0.30078E+22
   0.33235E+04   0.12467E+04   0.19982E+01   0.30081E+22
   0.33240E+04   0.12469E+04   0.19984E+01   0.30084E+22
   0.33245E+04   0.12471E+04   0.19986E+01   0.30087E+22
   0.33249E+04   0.12472E+04   0.19988E+01   0.30090E+22
   0.33254E+04   0.12474E+04   0.19990E+01   0.30093E+22
   0.33258E+04   0.12476E+04   0.19992E+01   0.30096E+22
   0.33263E+04   0.12478E+04   0.19994E+01   0.30099E+22
   0.33268E+04   0.12480E+04   0.19996E+01   0.30102E+22
   0.33272E+04   0.12481E+04   0.19998E+01   0.30105E+22
   0.33277E+04   0.12483E+04   0.20000E+01   0.30108E+22
   0.33281E+04   0.12485E+04   0.20002E+01   0.30111E+22
   0.33286E+04   0.12487E+04   0.20004E+01   0.30114E+22
   0.33290E+04   0.12489E+04   0.20006E+01   0.30117E+22
   0.33295E+04   0.12490E+04   0.20008E+01   0.30120E+22
   0.33300E+04   0.12492E+04   0.20010E+01   0.30123E+22
   0.33304E+04   0.12494E+04   0.20012E+01   0.30126E+22
   0.33309E+04   0.12496E+04   0.20014E+01   0.30129E+22
   0.33313E+04   0.12498E+04   0.20016E+01   0.30132E+22
   0.33318E+04   0.12500E+04   0.20018E+01   0.30135E+22
   0.33322E+04   0.12501E+04   0.20020E+01   0.30138E+22
   0.33327E+04   0.12503E+04   0.20022E+01   0.30141E+22
   0.33332E+04   0.12505E+04   0.20024E+01   0.30144E+22
   0.33336E+04   0.12507E+04   0.20026E+01   0.30147E+22
   0.33341E+04   0.12509E+04   0.20028E+01   0.30150E+22
   0.33345E+04   0.12510E+04   0.20030E+01   0.30153E+22
   0.33350E+04   0.12512E+04   0.20032E+01   0.30156E+22
   0.33354E+04   0.12514E+04   0.20034E+01   0.30159E+22
   0.33359E+04   0.12516E+04   0.20036E+01   0.30162E+22
   0.33364E+04   0.12518E+04   0.20038E+01   0.30165E+22
   0.33368E+04   0.12519E+04   0.20040E+01   0.30168E+22
   0.33373E+04   0.12521E+04   0.20042E+01   0.30171E+22
   0.33377E+04   0.12523E+04   0.20044E+01   0.30174E+22
   0.33382E+04   0.12525E+04   0.20046E+01   0.30177E+22
   0.33387E+04   0.12527E+04   0.20048E+01   0.30180E+22
   0.33391E+04   0.12528E+04   0.20050E+01   0.30183E+22
   0.33396E+04   0.12530E+04   0.20052E+01   0.30186E+22
   0.33400E+04   0.12532E+04   0.20054E+01   0.30190E+22
   0.33405E+04   0.12534E+04   0.20056E+01   0.30193E+22
   0.33409E+04   0.12536E+04   0.20058E+01   0.30196E+22
   0.33414E+04   0.12538E+04   0.20060E+01   0.30199E+22
   0.33419E+04   0.12539E+04   0.20062E+01   0.30202E+22
   0.33423E+04   0.12541E+04   0.20064E+01   0.30205E+22
   0.33428E+04   0.12543E+04   0.20066E+01   0.30208E+22
   0.33432E+04   0.12545E+04   0.20068E+01   0.30211E+22
   0.33437E+04   0.12547E+04   0.20070E+01   0.30214E+22
   0.33442E+04   0.12548E+04   0.20072E+01   0.30217E+22
   0.33446E+04   0.12550E+04   0.20074E+01   0.30220E+22
   0.33451E+04   0.12552E+04   0.20076E+01   0.30223E+22
   0.33455E+04   0.12554E+04   0.20078E+01   0.30226E+22
   0.33460E+04   0.12556E+04   0.20080E+01   0.30229E+22
   0.33464E+04   0.12557E+04   0.20082E+01   0.30232E+22
   0.33469E+04   0.12559E+04   0.20084E+01   0.30235E+22
   0.33474E+04   0.12561E+04   0.20086E+01   0.30238E+22
   0.33478E+04   0.12563E+04   0.20088E+01   0.30241E+22
   0.33483E+04   0.12565E+04   0.20090E+01   0.30244E+22
   0.33487E+04   0.12566E+04   0.20092E+01   0.30247E+22
   0.33492E+04   0.12568E+04   0.20094E+01   0.30250E+22
   0.33497E+04   0.12570E+04   0.20096E+01   0.30253E+22
   0.33501E+04   0.12572E+04   0.20098E+01   0.30256E+22
   0.33506E+04   0.12574E+04   0.20100E+01   0.30259E+22
   0.33510E+04   0.12576E+04   0.20102E+01   0.30262E+22
   0.33515E+04   0.12577E+04   0.20104E+01   0.30265E+22
   0.33519E+04   0.12579E+04   0.20106E+01   0.30268E+22
   0.33524E+04   0.12581E+04   0.20108E+01   0.30271E+22
   0.33529E+04   0.12583E+04   0.20110E+01   0.30274E+22
   0.33533E+04   0.12585E+04   0.20112E+01   0.30277E+22
   0.33538E+04   0.12586E+04   0.20114E+01   0.30280E+22
   0.33542E+04   0.12588E+04   0.20116E+01   0.30283E+22
   0.33547E+04   0.12590E+04   0.20118E+01   0.30286E+22
   0.33552E+04   0.12592E+04   0.20120E+01   0.30289E+22
   0.33556E+04   0.12594E+04   0.20122E+01   0.30292E+22
   0.33561E+04   0.12595E+04   0.20124E+01   0.30295E+22
   0.33565E+04   0.12597E+04   0.20126E+01   0.30299E+22
   0.33570E+04   0.12599E+04   0.20128E+01   0.30302E+22
   0.33574E+04   0.12601E+04   0.20130E+01   0.30305E+22
   0.33579E+04   0.12603E+04   0.20132E+01   0.30308E+22
   0.33584E+04   0.12604E+04   0.20134E+01   0.30311E+22
   0.33588E+04   0.12606E+04   0.20136E+01   0.30314E+22
   0.33593E+04   0.12608E+04   0.20138E+01   0.30317E+22
   0.33597E+04   0.12610E+04   0.20140E+01   0.30320E+22
   0.33602E+04   0.12612E+04   0.20142E+01   0.30323E+22
   0.33607E+04   0.12614E+04   0.20144E+01   0.30326E+22
   0.33611E+04   0.12615E+04   0.20146E+01   0.30329E+22
   0.33616E+04   0.12617E+04   0.20148E+01   0.30332E+22
   0.33620E+04   0.12619E+04   0.20150E+01   0.30335E+22
   0.33625E+04   0.12621E+04   0.20152E+01   0.30338E+22
   0.33630E+04   0.12623E+04   0.20154E+01   0.30341E+22
   0.33634E+04   0.12624E+04   0.20156E+01   0.30344E+22
   0.33639E+04   0.12626E+04   0.20158E+01   0.30347E+22
   0.33643E+04   0.12628E+04   0.20160E+01   0.30350E+22
   0.33648E+04   0.12630E+04   0.20162E+01   0.30353E+22
   0.33653E+04   0.12632E+04   0.20164E+01   0.30356E+22
   0.33657E+04   0.12633E+04   0.20166E+01   0.30359E+22
   0.33662E+04   0.12635E+04   0.20168E+01   0.30362E+22
   0.33666E+04   0.12637E+04   0.20170E+01   0.30365E+22
   0.33671E+04   0.12639E+04   0.20172E+01   0.30368E+22
   0.33675E+04   0.12641E+04   0.20174E+01   0.30371E+22
   0.33680E+04   0.12643E+04   0.20176E+01   0.30374E+22
   0.33685E+04   0.12644E+04   0.20178E+01   0.30377E+22
   0.33689E+04   0.12646E+04   0.20180E+01   0.30380E+22
   0.33694E+04   0.12648E+04   0.20182E+01   0.30383E+22
   0.33698E+04   0.12650E+04   0.20184E+01   0.30386E+22
   0.33703E+04   0.12652E+04   0.20186E+01   0.30389E+22
   0.33708E+04   0.12653E+04   0.20188E+01   0.30392E+22
   0.33712E+04   0.12655E+04   0.20190E+01   0.30395E+22
   0.33717E+04   0.12657E+04   0.20192E+01   0.30398E+22
   0.33721E+04   0.12659E+04   0.20194E+01   0.30401E+22
   0.33726E+04   0.12661E+04   0.20196E+01   0.30405E+22
   0.33731E+04   0.12662E+04   0.20198E+01   0.30408E+22
   0.33735E+04   0.12664E+04   0.20200E+01   0.30411E+22
   0.33740E+04   0.12666E+04   0.20202E+01   0.30414E+22
   0.33744E+04   0.12668E+04   0.20204E+01   0.30417E+22
   0.33749E+04   0.12670E+04   0.20206E+01   0.30420E+22
   0.33754E+04   0.12672E+04   0.20208E+01   0.30423E+22
   0.33758E+04   0.12673E+04   0.20210E+01   0.30426E+22
   0.33763E+04   0.12675E+04   0.20212E+01   0.30429E+22
   0.33767E+04   0.12677E+04   0.20214E+01   0.30432E+22
   0.33772E+04   0.12679E+04   0.20216E+01   0.30435E+22
   0.33777E+04   0.12681E+04   0.20218E+01   0.30438E+22
   0.33781E+04   0.12682E+04   0.20220E+01   0.30441E+22
   0.33786E+04   0.12684E+04   0.20222E+01   0.30444E+22
   0.33790E+04   0.12686E+04   0.20224E+01   0.30447E+22
   0.33795E+04   0.12688E+04   0.20226E+01   0.30450E+22
   0.33800E+04   0.12690E+04   0.20228E+01   0.30453E+22
   0.33804E+04   0.12692E+04   0.20230E+01   0.30456E+22
   0.33809E+04   0.12693E+04   0.20232E+01   0.30459E+22
   0.33813E+04   0.12695E+04   0.20234E+01   0.30462E+22
   0.33818E+04   0.12697E+04   0.20236E+01   0.30465E+22
   0.33822E+04   0.12699E+04   0.20238E+01   0.30468E+22
   0.33827E+04   0.12701E+04   0.20240E+01   0.30471E+22
   0.33832E+04   0.12702E+04   0.20242E+01   0.30474E+22
   0.33836E+04   0.12704E+04   0.20244E+01   0.30477E+22
   0.33841E+04   0.12706E+04   0.20246E+01   0.30480E+22
   0.33845E+04   0.12708E+04   0.20248E+01   0.30483E+22
   0.33850E+04   0.12710E+04   0.20250E+01   0.30486E+22
   0.33855E+04   0.12711E+04   0.20252E+01   0.30489E+22
   0.33859E+04   0.12713E+04   0.20254E+01   0.30492E+22
   0.33864E+04   0.12715E+04   0.20256E+01   0.30495E+22
   0.33868E+04   0.12717E+04   0.20258E+01   0.30498E+22
   0.33873E+04   0.12719E+04   0.20260E+01   0.30501E+22
   0.33878E+04   0.12721E+04   0.20262E+01   0.30504E+22
   0.33882E+04   0.12722E+04   0.20264E+01   0.30508E+22
   0.33887E+04   0.12724E+04   0.20266E+01   0.30511E+22
   0.33891E+04   0.12726E+04   0.20268E+01   0.30514E+22
   0.33896E+04   0.12728E+04   0.20270E+01   0.30517E+22
   0.33901E+04   0.12730E+04   0.20272E+01   0.30520E+22
   0.33905E+04   0.12731E+04   0.20274E+01   0.30523E+22
   0.33910E+04   0.12733E+04   0.20276E+01   0.30526E+22
   0.33914E+04   0.12735E+04   0.20278E+01   0.30529E+22
   0.33919E+04   0.12737E+04   0.20280E+01   0.30532E+22
   0.33924E+04   0.12739E+04   0.20282E+01   0.30535E+22
   0.33928E+04   0.12741E+04   0.20284E+01   0.30538E+22
   0.33933E+04   0.12742E+04   0.20286E+01   0.30541E+22
   0.33937E+04   0.12744E+04   0.20288E+01   0.30544E+22
   0.33942E+04   0.12746E+04   0.20290E+01   0.30547E+22
   0.33947E+04   0.12748E+04   0.20292E+01   0.30550E+22
   0.33951E+04   0.12750E+04   0.20294E+01   0.30553E+22
   0.33956E+04   0.12751E+04   0.20296E+01   0.30556E+22
   0.33960E+04   0.12753E+04   0.20298E+01   0.30559E+22
   0.33965E+04   0.12755E+04   0.20300E+01   0.30562E+22
   0.33970E+04   0.12757E+04   0.20302E+01   0.30565E+22
   0.33974E+04   0.12759E+04   0.20304E+01   0.30568E+22
   0.33979E+04   0.12760E+04   0.20306E+01   0.30571E+22
   0.33984E+04   0.12762E+04   0.20308E+01   0.30574E+22
   0.33988E+04   0.12764E+04   0.20310E+01   0.30577E+22
   0.33993E+04   0.12766E+04   0.20312E+01   0.30580E+22
   0.33997E+04   0.12768E+04   0.20314E+01   0.30583E+22
   0.34002E+04   0.12770E+04   0.20316E+01   0.30586E+22
   0.34007E+04   0.12771E+04   0.20318E+01   0.30589E+22
   0.34011E+04   0.12773E+04   0.20320E+01   0.30592E+22
   0.34016E+04   0.12775E+04   0.20322E+01   0.30595E+22
   0.34020E+04   0.12777E+04   0.20324E+01   0.30598E+22
   0.34025E+04   0.12779E+04   0.20326E+01   0.30601E+22
   0.34030E+04   0.12780E+04   0.20328E+01   0.30604E+22
   0.34034E+04   0.12782E+04   0.20330E+01   0.30608E+22
   0.34039E+04   0.12784E+04   0.20332E+01   0.30611E+22
   0.34043E+04   0.12786E+04   0.20334E+01   0.30614E+22
   0.34048E+04   0.12788E+04   0.20336E+01   0.30617E+22
   0.34053E+04   0.12790E+04   0.20338E+01   0.30620E+22
   0.34057E+04   0.12791E+04   0.20340E+01   0.30623E+22
   0.34062E+04   0.12793E+04   0.20342E+01   0.30626E+22
   0.34066E+04   0.12795E+04   0.20344E+01   0.30629E+22
   0.34071E+04   0.12797E+04   0.20346E+01   0.30632E+22
   0.34076E+04   0.12799E+04   0.20348E+01   0.30635E+22
   0.34080E+04   0.12800E+04   0.20350E+01   0.30638E+22
   0.34085E+04   0.12802E+04   0.20352E+01   0.30641E+22
   0.34089E+04   0.12804E+04   0.20354E+01   0.30644E+22
   0.34094E+04   0.12806E+04   0.20356E+01   0.30647E+22
   0.34099E+04   0.12808E+04   0.20358E+01   0.30650E+22
   0.34103E+04   0.12810E+04   0.20360E+01   0.30653E+22
   0.34108E+04   0.12811E+04   0.20362E+01   0.30656E+22
   0.34112E+04   0.12813E+04   0.20364E+01   0.30659E+22
   0.34117E+04   0.12815E+04   0.20366E+01   0.30662E+22
   0.34122E+04   0.12817E+04   0.20368E+01   0.30665E+22
   0.34126E+04   0.12819E+04   0.20370E+01   0.30668E+22
   0.34131E+04   0.12820E+04   0.20372E+01   0.30671E+22
   0.34136E+04   0.12822E+04   0.20374E+01   0.30674E+22
   0.34140E+04   0.12824E+04   0.20376E+01   0.30677E+22
   0.34145E+04   0.12826E+04   0.20378E+01   0.30680E+22
   0.34149E+04   0.12828E+04   0.20380E+01   0.30683E+22
   0.34154E+04   0.12830E+04   0.20382E+01   0.30686E+22
   0.34159E+04   0.12831E+04   0.20384E+01   0.30689E+22
   0.34163E+04   0.12833E+04   0.20386E+01   0.30692E+22
   0.34168E+04   0.12835E+04   0.20388E+01   0.30695E+22
   0.34172E+04   0.12837E+04   0.20390E+01   0.30698E+22
   0.34177E+04   0.12839E+04   0.20392E+01   0.30701E+22
   0.34182E+04   0.12840E+04   0.20394E+01   0.30704E+22
   0.34186E+04   0.12842E+04   0.20396E+01   0.30708E+22
   0.34191E+04   0.12844E+04   0.20398E+01   0.30711E+22
   0.34195E+04   0.12846E+04   0.20400E+01   0.30714E+22
   0.34200E+04   0.12848E+04   0.20402E+01   0.30717E+22
   0.34205E+04   0.12850E+04   0.20404E+01   0.30720E+22
   0.34209E+04   0.12851E+04   0.20406E+01   0.30723E+22
   0.34214E+04   0.12853E+04   0.20408E+01   0.30726E+22
   0.34219E+04   0.12855E+04   0.20410E+01   0.30729E+22
   0.34223E+04   0.12857E+04   0.20412E+01   0.30732E+22
   0.34228E+04   0.12859E+04   0.20414E+01   0.30735E+22
   0.34232E+04   0.12860E+04   0.20416E+01   0.30738E+22
   0.34237E+04   0.12862E+04   0.20418E+01   0.30741E+22
   0.34242E+04   0.12864E+04   0.20420E+01   0.30744E+22
   0.34246E+04   0.12866E+04   0.20422E+01   0.30747E+22
   0.34251E+04   0.12868E+04   0.20424E+01   0.30750E+22
   0.34255E+04   0.12870E+04   0.20426E+01   0.30753E+22
   0.34260E+04   0.12871E+04   0.20428E+01   0.30756E+22
   0.34265E+04   0.12873E+04   0.20430E+01   0.30759E+22
   0.34269E+04   0.12875E+04   0.20432E+01   0.30762E+22
   0.34274E+04   0.12877E+04   0.20434E+01   0.30765E+22
   0.34279E+04   0.12879E+04   0.20436E+01   0.30768E+22
   0.34283E+04   0.12880E+04   0.20438E+01   0.30771E+22
   0.34288E+04   0.12882E+04   0.20440E+01   0.30774E+22
   0.34292E+04   0.12884E+04   0.20442E+01   0.30777E+22
   0.34297E+04   0.12886E+04   0.20444E+01   0.30780E+22
   0.34302E+04   0.12888E+04   0.20446E+01   0.30783E+22
   0.34306E+04   0.12890E+04   0.20448E+01   0.30786E+22
   0.34311E+04   0.12891E+04   0.20450E+01   0.30789E+22
   0.34315E+04   0.12893E+04   0.20452E+01   0.30792E+22
   0.34320E+04   0.12895E+04   0.20454E+01   0.30795E+22
   0.34325E+04   0.12897E+04   0.20456E+01   0.30798E+22
   0.34329E+04   0.12899E+04   0.20458E+01   0.30801E+22
   0.34334E+04   0.12900E+04   0.20460E+01   0.30805E+22
   0.34339E+04   0.12902E+04   0.20462E+01   0.30808E+22
   0.34343E+04   0.12904E+04   0.20464E+01   0.30811E+22
   0.34348E+04   0.12906E+04   0.20466E+01   0.30814E+22
   0.34352E+04   0.12908E+04   0.20468E+01   0.30817E+22
   0.34357E+04   0.12910E+04   0.20470E+01   0.30820E+22
   0.34362E+04   0.12911E+04   0.20472E+01   0.30823E+22
   0.34366E+04   0.12913E+04   0.20474E+01   0.30826E+22
   0.34371E+04   0.12915E+04   0.20476E+01   0.30829E+22
   0.34375E+04   0.12917E+04   0.20478E+01   0.30832E+22
   0.34380E+04   0.12919E+04   0.20480E+01   0.30835E+22
   0.34385E+04   0.12921E+04   0.20482E+01   0.30838E+22
   0.34389E+04   0.12922E+04   0.20484E+01   0.30841E+22
   0.34394E+04   0.12924E+04   0.20486E+01   0.30844E+22
   0.34399E+04   0.12926E+04   0.20488E+01   0.30847E+22
   0.34403E+04   0.12928E+04   0.20490E+01   0.30850E+22
   0.34408E+04   0.12930E+04   0.20492E+01   0.30853E+22
   0.34412E+04   0.12931E+04   0.20494E+01   0.30856E+22
   0.34417E+04   0.12933E+04   0.20496E+01   0.30859E+22
   0.34422E+04   0.12935E+04   0.20498E+01   0.30862E+22
   0.34426E+04   0.12937E+04   0.20500E+01   0.30865E+22
   0.34431E+04   0.12939E+04   0.20502E+01   0.30868E+22
   0.34436E+04   0.12941E+04   0.20504E+01   0.30871E+22
   0.34440E+04   0.12942E+04   0.20506E+01   0.30874E+22
   0.34445E+04   0.12944E+04   0.20508E+01   0.30877E+22
   0.34449E+04   0.12946E+04   0.20510E+01   0.30880E+22
   0.34454E+04   0.12948E+04   0.20512E+01   0.30883E+22
   0.34459E+04   0.12950E+04   0.20514E+01   0.30886E+22
   0.34463E+04   0.12951E+04   0.20516E+01   0.30889E+22
   0.34468E+04   0.12953E+04   0.20518E+01   0.30892E+22
