 ========================================================
       E/V           P              n           eps      
    (MeV/fm3)     (MeV/fm3)      (#/fm3)    (erg/cm^3/s) 
 ========================================================
   0.43755E-11   0.63039E-25   0.47000E-14   0.00000E+00
   0.44091E-11   0.63039E-24   0.47300E-14   0.00000E+00
   0.44316E-11   0.63039E-23   0.47600E-14   0.00000E+00
   0.45718E-11   0.63039E-22   0.49100E-14   0.00000E+00
   0.65071E-11   0.75522E-21   0.69900E-14   0.00000E+00
   0.91997E-11   0.87381E-20   0.99000E-14   0.00000E+00
   0.25299E-10   0.10611E-18   0.27200E-13   0.00000E+00
   0.11892E-09   0.36326E-17   0.12700E-12   0.00000E+00
   0.64510E-09   0.11859E-15   0.69300E-12   0.00000E+00
   0.58564E-08   0.60817E-14   0.62950E-11   0.00000E+00
   0.14708E-07   0.31008E-13   0.15810E-10   0.00000E+00
   0.36950E-07   0.15173E-12   0.39720E-10   0.00000E+00
   0.92783E-07   0.71840E-12   0.99760E-10   0.00000E+00
   0.23313E-06   0.32868E-11   0.25060E-09   0.00000E+00
   0.58564E-06   0.14468E-10   0.62940E-09   0.00000E+00
   0.14708E-05   0.60886E-10   0.15810E-08   0.00000E+00
   0.36956E-05   0.24411E-09   0.39720E-08   0.00000E+00
   0.46520E-05   0.32824E-09   0.50000E-08   0.00000E+00
   0.92839E-05   0.89566E-09   0.99760E-08   0.00000E+00
   0.18523E-04   0.23924E-08   0.19900E-07   0.00000E+00
   0.36962E-04   0.62790E-08   0.39720E-07   0.00000E+00
   0.73766E-04   0.16253E-07   0.79240E-07   0.00000E+00
   0.14720E-03   0.41668E-07   0.15810E-06   0.00000E+00
   0.18534E-03   0.54538E-07   0.19900E-06   0.00000E+00
   0.29377E-03   0.10167E-06   0.31550E-06   0.00000E+00
   0.46565E-03   0.18906E-06   0.50000E-06   0.00000E+00
   0.58620E-03   0.25771E-06   0.62940E-06   0.00000E+00
   0.72252E-03   0.31432E-06   0.77530E-06   0.00000E+00
   0.90931E-03   0.42817E-06   0.97610E-06   0.00000E+00
   0.14417E-02   0.79392E-06   0.15470E-05   0.00000E+00
   0.22853E-02   0.14705E-05   0.24520E-05   0.00000E+00
   0.37035E-02   0.27225E-05   0.39710E-05   0.00000E+00
   0.45017E-02   0.35339E-05   0.48270E-05   0.00000E+00
   0.56713E-02   0.48072E-05   0.60770E-05   0.00000E+00
   0.71410E-02   0.65411E-05   0.76530E-05   0.00000E+00
   0.93119E-02   0.88942E-05   0.99810E-05   0.00000E+00
   0.11878E-01   0.12096E-04   0.12725E-04   0.00000E+00
   0.14759E-01   0.15622E-04   0.15810E-04   0.00000E+00
   0.18590E-01   0.21246E-04   0.19900E-04   0.00000E+00
   0.23403E-01   0.28886E-04   0.25060E-04   0.00000E+00
   0.29478E-01   0.37131E-04   0.31545E-04   0.00000E+00
   0.37119E-01   0.50488E-04   0.39710E-04   0.00000E+00
   0.46756E-01   0.68657E-04   0.50014E-04   0.00000E+00
   0.60359E-01   0.93311E-04   0.64550E-04   0.00000E+00
   0.77973E-01   0.12689E-03   0.83310E-04   0.00000E+00
   0.95980E-01   0.16209E-03   0.10250E-03   0.00000E+00
   0.10406E+00   0.18050E-03   0.11115E-03   0.00000E+00
   0.11466E+00   0.20535E-03   0.12240E-03   0.00000E+00
   0.14781E+00   0.27918E-03   0.15780E-03   0.00000E+00
   0.18427E+00   0.36301E-03   0.19660E-03   0.00000E+00
   0.22074E+00   0.43684E-03   0.23550E-03   0.00000E+00
   0.37539E+00   0.54551E-03   0.40000E-03   0.00000E+00
   0.56320E+00   0.78705E-03   0.60000E-03   0.00000E+00
   0.82573E+00   0.10579E-02   0.87900E-03   0.00000E+00
   0.14950E+01   0.16459E-02   0.15900E-02   0.00000E+00
   0.35099E+01   0.38654E-02   0.37300E-02   0.00000E+00
   0.54329E+01   0.69094E-02   0.57700E-02   0.00000E+00
   0.83919E+01   0.13082E-01   0.89100E-02   0.00000E+00
   0.19252E+02   0.46349E-01   0.20400E-01   0.00000E+00
   0.44938E+02   0.17133E+00   0.47500E-01   0.00000E+00
   0.74845E+02   0.47759E+00   0.78981E-01   0.00000E+00
   0.75322E+02   0.48423E+00   0.79481E-01   0.00000E+00
   0.75799E+02   0.49094E+00   0.79981E-01   0.00000E+00
   0.76276E+02   0.49773E+00   0.80481E-01   0.00000E+00
   0.76753E+02   0.50460E+00   0.80981E-01   0.00000E+00
   0.77230E+02   0.51155E+00   0.81481E-01   0.00000E+00
   0.77707E+02   0.51858E+00   0.81981E-01   0.00000E+00
   0.78184E+02   0.52570E+00   0.82481E-01   0.00000E+00
   0.78661E+02   0.53290E+00   0.82981E-01   0.00000E+00
   0.79139E+02   0.54019E+00   0.83481E-01   0.00000E+00
   0.79616E+02   0.54756E+00   0.83981E-01   0.00000E+00
   0.80093E+02   0.55502E+00   0.84481E-01   0.00000E+00
   0.80571E+02   0.56257E+00   0.84981E-01   0.00000E+00
   0.81048E+02   0.57021E+00   0.85481E-01   0.00000E+00
   0.81525E+02   0.57794E+00   0.85981E-01   0.00000E+00
   0.82003E+02   0.58576E+00   0.86481E-01   0.00000E+00
   0.82480E+02   0.59368E+00   0.86981E-01   0.00000E+00
   0.82958E+02   0.60169E+00   0.87481E-01   0.00000E+00
   0.83436E+02   0.60979E+00   0.87981E-01   0.00000E+00
   0.83913E+02   0.61799E+00   0.88481E-01   0.00000E+00
   0.84391E+02   0.62628E+00   0.88981E-01   0.00000E+00
   0.84869E+02   0.63468E+00   0.89481E-01   0.00000E+00
   0.85346E+02   0.64317E+00   0.89981E-01   0.00000E+00
   0.85824E+02   0.65177E+00   0.90481E-01   0.00000E+00
   0.86302E+02   0.66046E+00   0.90981E-01   0.00000E+00
   0.86780E+02   0.66926E+00   0.91481E-01   0.00000E+00
   0.87258E+02   0.67817E+00   0.91981E-01   0.00000E+00
   0.87736E+02   0.68718E+00   0.92481E-01   0.00000E+00
   0.88214E+02   0.69630E+00   0.92981E-01   0.00000E+00
   0.88692E+02   0.70553E+00   0.93481E-01   0.00000E+00
   0.89170E+02   0.71487E+00   0.93981E-01   0.00000E+00
   0.89649E+02   0.72432E+00   0.94481E-01   0.00000E+00
   0.90127E+02   0.73388E+00   0.94981E-01   0.00000E+00
   0.90605E+02   0.74355E+00   0.95481E-01   0.00000E+00
   0.91084E+02   0.75334E+00   0.95981E-01   0.00000E+00
   0.91562E+02   0.76325E+00   0.96481E-01   0.00000E+00
   0.92041E+02   0.77327E+00   0.96981E-01   0.00000E+00
   0.92519E+02   0.78341E+00   0.97481E-01   0.00000E+00
   0.92998E+02   0.79367E+00   0.97981E-01   0.00000E+00
   0.93476E+02   0.80404E+00   0.98481E-01   0.00000E+00
   0.93955E+02   0.81455E+00   0.98981E-01   0.00000E+00
   0.94434E+02   0.82517E+00   0.99481E-01   0.00000E+00
   0.94913E+02   0.83592E+00   0.99981E-01   0.00000E+00
   0.95392E+02   0.84679E+00   0.10048E+00   0.00000E+00
   0.95870E+02   0.85779E+00   0.10098E+00   0.00000E+00
   0.96349E+02   0.86891E+00   0.10148E+00   0.00000E+00
   0.96828E+02   0.88017E+00   0.10198E+00   0.00000E+00
   0.97308E+02   0.89155E+00   0.10248E+00   0.00000E+00
   0.97787E+02   0.90307E+00   0.10298E+00   0.00000E+00
   0.98266E+02   0.91471E+00   0.10348E+00   0.00000E+00
   0.98745E+02   0.92648E+00   0.10398E+00   0.00000E+00
   0.99224E+02   0.93837E+00   0.10448E+00   0.00000E+00
   0.99704E+02   0.95040E+00   0.10498E+00   0.00000E+00
   0.10018E+03   0.96255E+00   0.10548E+00   0.00000E+00
   0.10066E+03   0.97483E+00   0.10598E+00   0.00000E+00
   0.10114E+03   0.98724E+00   0.10648E+00   0.00000E+00
   0.10162E+03   0.99978E+00   0.10698E+00   0.00000E+00
   0.10210E+03   0.10125E+01   0.10748E+00   0.00000E+00
   0.10258E+03   0.10253E+01   0.10798E+00   0.00000E+00
   0.10306E+03   0.10382E+01   0.10848E+00   0.00000E+00
   0.10354E+03   0.10513E+01   0.10898E+00   0.00000E+00
   0.10402E+03   0.10645E+01   0.10948E+00   0.00000E+00
   0.10450E+03   0.10779E+01   0.10998E+00   0.00000E+00
   0.10498E+03   0.10914E+01   0.11048E+00   0.00000E+00
   0.10546E+03   0.11050E+01   0.11098E+00   0.00000E+00
   0.10594E+03   0.11188E+01   0.11148E+00   0.00000E+00
   0.10642E+03   0.11327E+01   0.11198E+00   0.00000E+00
   0.10690E+03   0.11467E+01   0.11248E+00   0.00000E+00
   0.10738E+03   0.11608E+01   0.11298E+00   0.00000E+00
   0.10786E+03   0.11751E+01   0.11348E+00   0.00000E+00
   0.10834E+03   0.11894E+01   0.11398E+00   0.00000E+00
   0.10882E+03   0.12039E+01   0.11448E+00   0.00000E+00
   0.10930E+03   0.12185E+01   0.11498E+00   0.00000E+00
   0.10978E+03   0.12332E+01   0.11548E+00   0.00000E+00
   0.11026E+03   0.12480E+01   0.11598E+00   0.00000E+00
   0.11075E+03   0.12631E+01   0.11648E+00   0.00000E+00
   0.11123E+03   0.12782E+01   0.11698E+00   0.00000E+00
   0.11171E+03   0.12935E+01   0.11748E+00   0.00000E+00
   0.11219E+03   0.13089E+01   0.11798E+00   0.00000E+00
   0.11267E+03   0.13245E+01   0.11848E+00   0.00000E+00
   0.11315E+03   0.13402E+01   0.11898E+00   0.00000E+00
   0.11363E+03   0.13560E+01   0.11948E+00   0.00000E+00
   0.11411E+03   0.13721E+01   0.11998E+00   0.00000E+00
   0.11459E+03   0.13882E+01   0.12048E+00   0.00000E+00
   0.11508E+03   0.14045E+01   0.12098E+00   0.00000E+00
   0.11556E+03   0.14210E+01   0.12148E+00   0.00000E+00
   0.11604E+03   0.14376E+01   0.12198E+00   0.00000E+00
   0.11652E+03   0.14544E+01   0.12248E+00   0.00000E+00
   0.11700E+03   0.14713E+01   0.12298E+00   0.00000E+00
   0.11748E+03   0.14884E+01   0.12348E+00   0.00000E+00
   0.11797E+03   0.15057E+01   0.12398E+00   0.00000E+00
   0.11845E+03   0.15231E+01   0.12448E+00   0.00000E+00
   0.11893E+03   0.15407E+01   0.12498E+00   0.00000E+00
   0.11941E+03   0.15584E+01   0.12548E+00   0.00000E+00
   0.11989E+03   0.15763E+01   0.12598E+00   0.00000E+00
   0.12038E+03   0.15944E+01   0.12648E+00   0.00000E+00
   0.12086E+03   0.16126E+01   0.12698E+00   0.00000E+00
   0.12134E+03   0.16310E+01   0.12748E+00   0.00000E+00
   0.12182E+03   0.16496E+01   0.12798E+00   0.00000E+00
   0.12230E+03   0.16684E+01   0.12848E+00   0.00000E+00
   0.12279E+03   0.16873E+01   0.12898E+00   0.00000E+00
   0.12327E+03   0.17064E+01   0.12948E+00   0.00000E+00
   0.12375E+03   0.17257E+01   0.12998E+00   0.00000E+00
   0.12423E+03   0.17451E+01   0.13048E+00   0.00000E+00
   0.12472E+03   0.17647E+01   0.13098E+00   0.00000E+00
   0.12520E+03   0.17846E+01   0.13148E+00   0.00000E+00
   0.12568E+03   0.18046E+01   0.13198E+00   0.00000E+00
   0.12617E+03   0.18247E+01   0.13248E+00   0.00000E+00
   0.12665E+03   0.18451E+01   0.13298E+00   0.00000E+00
   0.12713E+03   0.18656E+01   0.13348E+00   0.00000E+00
   0.12762E+03   0.18864E+01   0.13398E+00   0.00000E+00
   0.12810E+03   0.19073E+01   0.13448E+00   0.00000E+00
   0.12858E+03   0.19284E+01   0.13498E+00   0.00000E+00
   0.12907E+03   0.19497E+01   0.13548E+00   0.00000E+00
   0.12955E+03   0.19712E+01   0.13598E+00   0.00000E+00
   0.13003E+03   0.19929E+01   0.13648E+00   0.00000E+00
   0.13052E+03   0.20147E+01   0.13698E+00   0.00000E+00
   0.13100E+03   0.20368E+01   0.13748E+00   0.00000E+00
   0.13148E+03   0.20591E+01   0.13798E+00   0.00000E+00
   0.13197E+03   0.20815E+01   0.13848E+00   0.00000E+00
   0.13245E+03   0.21042E+01   0.13898E+00   0.00000E+00
   0.13294E+03   0.21270E+01   0.13948E+00   0.00000E+00
   0.13342E+03   0.21501E+01   0.13998E+00   0.00000E+00
   0.13391E+03   0.21733E+01   0.14048E+00   0.00000E+00
   0.13439E+03   0.21967E+01   0.14098E+00   0.00000E+00
   0.13487E+03   0.22204E+01   0.14148E+00   0.00000E+00
   0.13536E+03   0.22442E+01   0.14198E+00   0.00000E+00
   0.13584E+03   0.22683E+01   0.14248E+00   0.00000E+00
   0.13633E+03   0.22925E+01   0.14298E+00   0.00000E+00
   0.13681E+03   0.23170E+01   0.14348E+00   0.00000E+00
   0.13730E+03   0.23417E+01   0.14398E+00   0.00000E+00
   0.13778E+03   0.23666E+01   0.14448E+00   0.00000E+00
   0.13827E+03   0.23916E+01   0.14498E+00   0.00000E+00
   0.13875E+03   0.24169E+01   0.14548E+00   0.00000E+00
   0.13924E+03   0.24424E+01   0.14598E+00   0.00000E+00
   0.13972E+03   0.24681E+01   0.14648E+00   0.00000E+00
   0.14021E+03   0.24941E+01   0.14698E+00   0.00000E+00
   0.14069E+03   0.25202E+01   0.14748E+00   0.00000E+00
   0.14118E+03   0.25466E+01   0.14798E+00   0.00000E+00
   0.14167E+03   0.25731E+01   0.14848E+00   0.00000E+00
   0.14215E+03   0.25999E+01   0.14898E+00   0.00000E+00
   0.14264E+03   0.26269E+01   0.14948E+00   0.00000E+00
   0.14312E+03   0.26541E+01   0.14998E+00   0.00000E+00
   0.14361E+03   0.26816E+01   0.15048E+00   0.00000E+00
   0.14410E+03   0.27092E+01   0.15098E+00   0.00000E+00
   0.14458E+03   0.27371E+01   0.15148E+00   0.00000E+00
   0.14507E+03   0.27652E+01   0.15198E+00   0.00000E+00
   0.14555E+03   0.27935E+01   0.15248E+00   0.00000E+00
   0.14604E+03   0.28220E+01   0.15298E+00   0.00000E+00
   0.14653E+03   0.28508E+01   0.15348E+00   0.00000E+00
   0.14701E+03   0.28798E+01   0.15398E+00   0.00000E+00
   0.14750E+03   0.29090E+01   0.15448E+00   0.00000E+00
   0.14799E+03   0.29384E+01   0.15498E+00   0.00000E+00
   0.14847E+03   0.29681E+01   0.15548E+00   0.00000E+00
   0.14896E+03   0.29980E+01   0.15598E+00   0.00000E+00
   0.14945E+03   0.30281E+01   0.15648E+00   0.00000E+00
   0.14994E+03   0.30585E+01   0.15698E+00   0.00000E+00
   0.15042E+03   0.30891E+01   0.15748E+00   0.00000E+00
   0.15091E+03   0.31199E+01   0.15798E+00   0.00000E+00
   0.15140E+03   0.31509E+01   0.15848E+00   0.00000E+00
   0.15189E+03   0.31822E+01   0.15898E+00   0.00000E+00
   0.15237E+03   0.32137E+01   0.15948E+00   0.00000E+00
   0.15286E+03   0.32455E+01   0.15998E+00   0.00000E+00
   0.15335E+03   0.32775E+01   0.16048E+00   0.00000E+00
   0.15384E+03   0.33097E+01   0.16098E+00   0.00000E+00
   0.15433E+03   0.33421E+01   0.16148E+00   0.00000E+00
   0.15481E+03   0.33749E+01   0.16198E+00   0.00000E+00
   0.15530E+03   0.34078E+01   0.16248E+00   0.00000E+00
   0.15579E+03   0.34410E+01   0.16298E+00   0.00000E+00
   0.15628E+03   0.34744E+01   0.16348E+00   0.00000E+00
   0.15677E+03   0.35081E+01   0.16398E+00   0.00000E+00
   0.15726E+03   0.35420E+01   0.16448E+00   0.00000E+00
   0.15775E+03   0.35761E+01   0.16498E+00   0.00000E+00
   0.15823E+03   0.36105E+01   0.16548E+00   0.00000E+00
   0.15872E+03   0.36452E+01   0.16598E+00   0.00000E+00
   0.15921E+03   0.36800E+01   0.16648E+00   0.00000E+00
   0.15970E+03   0.37152E+01   0.16698E+00   0.00000E+00
   0.16019E+03   0.37506E+01   0.16748E+00   0.00000E+00
   0.16068E+03   0.37862E+01   0.16798E+00   0.00000E+00
   0.16117E+03   0.38221E+01   0.16848E+00   0.00000E+00
   0.16166E+03   0.38582E+01   0.16898E+00   0.00000E+00
   0.16215E+03   0.38946E+01   0.16948E+00   0.00000E+00
   0.16264E+03   0.39312E+01   0.16998E+00   0.00000E+00
   0.16313E+03   0.39681E+01   0.17048E+00   0.00000E+00
   0.16362E+03   0.40052E+01   0.17098E+00   0.00000E+00
   0.16411E+03   0.40426E+01   0.17148E+00   0.00000E+00
   0.16460E+03   0.40803E+01   0.17198E+00   0.00000E+00
   0.16509E+03   0.41182E+01   0.17248E+00   0.00000E+00
   0.16558E+03   0.41564E+01   0.17298E+00   0.00000E+00
   0.16607E+03   0.41948E+01   0.17348E+00   0.00000E+00
   0.16656E+03   0.42335E+01   0.17398E+00   0.00000E+00
   0.16705E+03   0.42724E+01   0.17448E+00   0.00000E+00
   0.16754E+03   0.43116E+01   0.17498E+00   0.00000E+00
   0.16804E+03   0.43510E+01   0.17548E+00   0.00000E+00
   0.16853E+03   0.43908E+01   0.17598E+00   0.00000E+00
   0.16902E+03   0.44307E+01   0.17648E+00   0.00000E+00
   0.16951E+03   0.44710E+01   0.17698E+00   0.00000E+00
   0.17000E+03   0.45115E+01   0.17748E+00   0.00000E+00
   0.17049E+03   0.45523E+01   0.17798E+00   0.00000E+00
   0.17099E+03   0.45933E+01   0.17848E+00   0.00000E+00
   0.17148E+03   0.46346E+01   0.17898E+00   0.00000E+00
   0.17197E+03   0.46762E+01   0.17948E+00   0.00000E+00
   0.17246E+03   0.47180E+01   0.17998E+00   0.00000E+00
   0.17295E+03   0.47601E+01   0.18048E+00   0.00000E+00
   0.17345E+03   0.48025E+01   0.18098E+00   0.00000E+00
   0.17394E+03   0.48451E+01   0.18148E+00   0.00000E+00
   0.17443E+03   0.48880E+01   0.18198E+00   0.00000E+00
   0.17492E+03   0.49312E+01   0.18248E+00   0.00000E+00
   0.17542E+03   0.49747E+01   0.18298E+00   0.00000E+00
   0.17591E+03   0.50184E+01   0.18348E+00   0.00000E+00
   0.17640E+03   0.50624E+01   0.18398E+00   0.00000E+00
   0.17690E+03   0.51067E+01   0.18448E+00   0.00000E+00
   0.17739E+03   0.51512E+01   0.18498E+00   0.00000E+00
   0.17788E+03   0.51960E+01   0.18548E+00   0.00000E+00
   0.17838E+03   0.52411E+01   0.18598E+00   0.00000E+00
   0.17887E+03   0.52865E+01   0.18648E+00   0.00000E+00
   0.17936E+03   0.53322E+01   0.18698E+00   0.00000E+00
   0.17986E+03   0.53781E+01   0.18748E+00   0.00000E+00
   0.18035E+03   0.54243E+01   0.18798E+00   0.00000E+00
   0.18085E+03   0.54708E+01   0.18848E+00   0.00000E+00
   0.18134E+03   0.55176E+01   0.18898E+00   0.00000E+00
   0.18183E+03   0.55646E+01   0.18948E+00   0.00000E+00
   0.18233E+03   0.56120E+01   0.18998E+00   0.00000E+00
   0.18282E+03   0.56596E+01   0.19048E+00   0.00000E+00
   0.18332E+03   0.57075E+01   0.19098E+00   0.00000E+00
   0.18381E+03   0.57556E+01   0.19148E+00   0.00000E+00
   0.18431E+03   0.58041E+01   0.19198E+00   0.00000E+00
   0.18480E+03   0.58529E+01   0.19248E+00   0.00000E+00
   0.18530E+03   0.59019E+01   0.19298E+00   0.00000E+00
   0.18579E+03   0.59512E+01   0.19348E+00   0.00000E+00
   0.18629E+03   0.60008E+01   0.19398E+00   0.00000E+00
   0.18679E+03   0.60507E+01   0.19448E+00   0.00000E+00
   0.18728E+03   0.61009E+01   0.19498E+00   0.00000E+00
   0.18778E+03   0.61514E+01   0.19548E+00   0.00000E+00
   0.18827E+03   0.62021E+01   0.19598E+00   0.00000E+00
   0.18877E+03   0.62532E+01   0.19648E+00   0.00000E+00
   0.18927E+03   0.63045E+01   0.19698E+00   0.00000E+00
   0.18976E+03   0.63561E+01   0.19748E+00   0.00000E+00
   0.19026E+03   0.64080E+01   0.19798E+00   0.00000E+00
   0.19076E+03   0.64603E+01   0.19848E+00   0.00000E+00
   0.19125E+03   0.65128E+01   0.19898E+00   0.00000E+00
   0.19175E+03   0.65656E+01   0.19948E+00   0.00000E+00
   0.19225E+03   0.66187E+01   0.19998E+00   0.00000E+00
   0.19274E+03   0.66720E+01   0.20048E+00   0.00000E+00
   0.19324E+03   0.67257E+01   0.20098E+00   0.00000E+00
   0.19374E+03   0.67797E+01   0.20148E+00   0.00000E+00
   0.19424E+03   0.68340E+01   0.20198E+00   0.00000E+00
   0.19474E+03   0.68886E+01   0.20248E+00   0.00000E+00
   0.19523E+03   0.69434E+01   0.20298E+00   0.00000E+00
   0.19573E+03   0.69986E+01   0.20348E+00   0.00000E+00
   0.19623E+03   0.70541E+01   0.20398E+00   0.00000E+00
   0.19673E+03   0.71098E+01   0.20448E+00   0.00000E+00
   0.19723E+03   0.71659E+01   0.20498E+00   0.00000E+00
   0.19773E+03   0.72223E+01   0.20548E+00   0.00000E+00
   0.19822E+03   0.72789E+01   0.20598E+00   0.00000E+00
   0.19872E+03   0.73359E+01   0.20648E+00   0.00000E+00
   0.19922E+03   0.73932E+01   0.20698E+00   0.00000E+00
   0.19972E+03   0.74508E+01   0.20748E+00   0.00000E+00
   0.20022E+03   0.75086E+01   0.20798E+00   0.00000E+00
   0.20072E+03   0.75668E+01   0.20848E+00   0.00000E+00
   0.20122E+03   0.76253E+01   0.20898E+00   0.00000E+00
   0.20172E+03   0.76841E+01   0.20948E+00   0.00000E+00
   0.20222E+03   0.77432E+01   0.20998E+00   0.00000E+00
   0.20272E+03   0.78026E+01   0.21048E+00   0.00000E+00
   0.20322E+03   0.78623E+01   0.21098E+00   0.00000E+00
   0.20372E+03   0.79223E+01   0.21148E+00   0.00000E+00
   0.20422E+03   0.79826E+01   0.21198E+00   0.00000E+00
   0.20472E+03   0.80433E+01   0.21248E+00   0.00000E+00
   0.20522E+03   0.81042E+01   0.21298E+00   0.00000E+00
   0.20572E+03   0.81654E+01   0.21348E+00   0.00000E+00
   0.20622E+03   0.82270E+01   0.21398E+00   0.00000E+00
   0.20672E+03   0.82889E+01   0.21448E+00   0.00000E+00
   0.20723E+03   0.83510E+01   0.21498E+00   0.00000E+00
   0.20773E+03   0.84135E+01   0.21548E+00   0.00000E+00
   0.20823E+03   0.84763E+01   0.21598E+00   0.00000E+00
   0.20873E+03   0.85394E+01   0.21648E+00   0.00000E+00
   0.20923E+03   0.86029E+01   0.21698E+00   0.00000E+00
   0.20973E+03   0.86666E+01   0.21748E+00   0.00000E+00
   0.21024E+03   0.87306E+01   0.21798E+00   0.00000E+00
   0.21074E+03   0.87950E+01   0.21848E+00   0.00000E+00
   0.21124E+03   0.88597E+01   0.21898E+00   0.00000E+00
   0.21174E+03   0.89247E+01   0.21948E+00   0.00000E+00
   0.21225E+03   0.89900E+01   0.21998E+00   0.00000E+00
   0.21275E+03   0.90556E+01   0.22048E+00   0.00000E+00
   0.21325E+03   0.91215E+01   0.22098E+00   0.00000E+00
   0.21376E+03   0.91878E+01   0.22148E+00   0.00000E+00
   0.21426E+03   0.92543E+01   0.22198E+00   0.00000E+00
   0.21476E+03   0.93212E+01   0.22248E+00   0.00000E+00
   0.21527E+03   0.93884E+01   0.22298E+00   0.00000E+00
   0.21577E+03   0.94559E+01   0.22348E+00   0.00000E+00
   0.21627E+03   0.95238E+01   0.22398E+00   0.00000E+00
   0.21678E+03   0.95919E+01   0.22448E+00   0.00000E+00
   0.21728E+03   0.96604E+01   0.22498E+00   0.00000E+00
   0.21779E+03   0.97292E+01   0.22548E+00   0.00000E+00
   0.21829E+03   0.97983E+01   0.22598E+00   0.00000E+00
   0.21880E+03   0.98677E+01   0.22648E+00   0.00000E+00
   0.21930E+03   0.99375E+01   0.22698E+00   0.00000E+00
   0.21981E+03   0.10008E+02   0.22748E+00   0.00000E+00
   0.22031E+03   0.10078E+02   0.22798E+00   0.00000E+00
   0.22082E+03   0.10149E+02   0.22848E+00   0.00000E+00
   0.22132E+03   0.10220E+02   0.22898E+00   0.00000E+00
   0.22183E+03   0.10291E+02   0.22948E+00   0.00000E+00
   0.22233E+03   0.10363E+02   0.22998E+00   0.00000E+00
   0.22284E+03   0.10435E+02   0.23048E+00   0.00000E+00
   0.22335E+03   0.10507E+02   0.23098E+00   0.00000E+00
   0.22385E+03   0.10580E+02   0.23148E+00   0.00000E+00
   0.22436E+03   0.10653E+02   0.23198E+00   0.00000E+00
   0.22487E+03   0.10726E+02   0.23248E+00   0.00000E+00
   0.22537E+03   0.10800E+02   0.23298E+00   0.00000E+00
   0.22588E+03   0.10874E+02   0.23348E+00   0.00000E+00
   0.22639E+03   0.10948E+02   0.23398E+00   0.00000E+00
   0.22689E+03   0.11023E+02   0.23448E+00   0.00000E+00
   0.22740E+03   0.11097E+02   0.23498E+00   0.00000E+00
   0.22791E+03   0.11173E+02   0.23548E+00   0.00000E+00
   0.22842E+03   0.11248E+02   0.23598E+00   0.00000E+00
   0.22892E+03   0.11324E+02   0.23648E+00   0.00000E+00
   0.22943E+03   0.11400E+02   0.23698E+00   0.00000E+00
   0.22994E+03   0.11477E+02   0.23748E+00   0.00000E+00
   0.23045E+03   0.11554E+02   0.23798E+00   0.00000E+00
   0.23096E+03   0.11631E+02   0.23848E+00   0.00000E+00
   0.23147E+03   0.11709E+02   0.23898E+00   0.00000E+00
   0.23197E+03   0.11787E+02   0.23948E+00   0.00000E+00
   0.23248E+03   0.11865E+02   0.23998E+00   0.00000E+00
   0.23299E+03   0.11943E+02   0.24048E+00   0.00000E+00
   0.23350E+03   0.12022E+02   0.24098E+00   0.00000E+00
   0.23401E+03   0.12101E+02   0.24148E+00   0.00000E+00
   0.23452E+03   0.12181E+02   0.24198E+00   0.00000E+00
   0.23503E+03   0.12261E+02   0.24248E+00   0.00000E+00
   0.23554E+03   0.12341E+02   0.24298E+00   0.00000E+00
   0.23605E+03   0.12421E+02   0.24348E+00   0.00000E+00
   0.23656E+03   0.12502E+02   0.24398E+00   0.00000E+00
   0.23707E+03   0.12583E+02   0.24448E+00   0.00000E+00
   0.23758E+03   0.12665E+02   0.24498E+00   0.00000E+00
   0.23809E+03   0.12747E+02   0.24548E+00   0.00000E+00
   0.23861E+03   0.12829E+02   0.24598E+00   0.00000E+00
   0.23912E+03   0.12911E+02   0.24648E+00   0.00000E+00
   0.23963E+03   0.12994E+02   0.24698E+00   0.00000E+00
   0.24014E+03   0.13077E+02   0.24748E+00   0.00000E+00
   0.24065E+03   0.13161E+02   0.24798E+00   0.00000E+00
   0.24116E+03   0.13245E+02   0.24848E+00   0.00000E+00
   0.24167E+03   0.13329E+02   0.24898E+00   0.00000E+00
   0.24219E+03   0.13413E+02   0.24948E+00   0.00000E+00
   0.24270E+03   0.13498E+02   0.24998E+00   0.00000E+00
   0.24321E+03   0.13583E+02   0.25048E+00   0.00000E+00
   0.24372E+03   0.13669E+02   0.25098E+00   0.00000E+00
   0.24424E+03   0.13755E+02   0.25148E+00   0.00000E+00
   0.24475E+03   0.13841E+02   0.25198E+00   0.00000E+00
   0.24526E+03   0.13927E+02   0.25248E+00   0.00000E+00
   0.24578E+03   0.14014E+02   0.25298E+00   0.00000E+00
   0.24629E+03   0.14101E+02   0.25348E+00   0.00000E+00
   0.24680E+03   0.14189E+02   0.25398E+00   0.00000E+00
   0.24732E+03   0.14277E+02   0.25448E+00   0.00000E+00
   0.24783E+03   0.14365E+02   0.25498E+00   0.00000E+00
   0.24835E+03   0.14453E+02   0.25548E+00   0.00000E+00
   0.24886E+03   0.14542E+02   0.25598E+00   0.00000E+00
   0.24938E+03   0.14631E+02   0.25648E+00   0.00000E+00
   0.24989E+03   0.14721E+02   0.25698E+00   0.00000E+00
   0.25040E+03   0.14811E+02   0.25748E+00   0.00000E+00
   0.25092E+03   0.14901E+02   0.25798E+00   0.00000E+00
   0.25144E+03   0.14991E+02   0.25848E+00   0.00000E+00
   0.25195E+03   0.15082E+02   0.25898E+00   0.00000E+00
   0.25247E+03   0.15173E+02   0.25948E+00   0.00000E+00
   0.25298E+03   0.15265E+02   0.25998E+00   0.00000E+00
   0.25350E+03   0.15357E+02   0.26048E+00   0.00000E+00
   0.25401E+03   0.15449E+02   0.26098E+00   0.00000E+00
   0.25453E+03   0.15541E+02   0.26148E+00   0.00000E+00
   0.25505E+03   0.15634E+02   0.26198E+00   0.00000E+00
   0.25556E+03   0.15727E+02   0.26248E+00   0.00000E+00
   0.25608E+03   0.15821E+02   0.26298E+00   0.00000E+00
   0.25660E+03   0.15915E+02   0.26348E+00   0.00000E+00
   0.25712E+03   0.16009E+02   0.26398E+00   0.00000E+00
   0.25763E+03   0.16103E+02   0.26448E+00   0.00000E+00
   0.25815E+03   0.16198E+02   0.26498E+00   0.00000E+00
   0.25867E+03   0.16294E+02   0.26548E+00   0.00000E+00
   0.25919E+03   0.16389E+02   0.26598E+00   0.00000E+00
   0.25970E+03   0.16485E+02   0.26648E+00   0.00000E+00
   0.26022E+03   0.16581E+02   0.26698E+00   0.00000E+00
   0.26074E+03   0.16678E+02   0.26748E+00   0.00000E+00
   0.26126E+03   0.16775E+02   0.26798E+00   0.00000E+00
   0.26178E+03   0.16872E+02   0.26848E+00   0.00000E+00
   0.26230E+03   0.16969E+02   0.26898E+00   0.00000E+00
   0.26282E+03   0.17067E+02   0.26948E+00   0.00000E+00
   0.26334E+03   0.17165E+02   0.26998E+00   0.00000E+00
   0.26386E+03   0.17264E+02   0.27048E+00   0.00000E+00
   0.26438E+03   0.17363E+02   0.27098E+00   0.00000E+00
   0.26490E+03   0.17462E+02   0.27148E+00   0.00000E+00
   0.26542E+03   0.17562E+02   0.27198E+00   0.00000E+00
   0.26594E+03   0.17662E+02   0.27248E+00   0.00000E+00
   0.26646E+03   0.17762E+02   0.27298E+00   0.00000E+00
   0.26698E+03   0.17862E+02   0.27348E+00   0.00000E+00
   0.26750E+03   0.17963E+02   0.27398E+00   0.00000E+00
   0.26802E+03   0.18065E+02   0.27448E+00   0.00000E+00
   0.26854E+03   0.18166E+02   0.27498E+00   0.00000E+00
   0.26906E+03   0.18268E+02   0.27548E+00   0.00000E+00
   0.26958E+03   0.18370E+02   0.27598E+00   0.00000E+00
   0.27010E+03   0.18473E+02   0.27648E+00   0.00000E+00
   0.27063E+03   0.18576E+02   0.27698E+00   0.00000E+00
   0.27115E+03   0.18679E+02   0.27748E+00   0.00000E+00
   0.27167E+03   0.18783E+02   0.27798E+00   0.00000E+00
   0.27219E+03   0.18887E+02   0.27848E+00   0.00000E+00
   0.27272E+03   0.18991E+02   0.27898E+00   0.00000E+00
   0.27324E+03   0.19096E+02   0.27948E+00   0.00000E+00
   0.27376E+03   0.19200E+02   0.27998E+00   0.00000E+00
   0.27429E+03   0.19306E+02   0.28048E+00   0.00000E+00
   0.27481E+03   0.19411E+02   0.28098E+00   0.00000E+00
   0.27533E+03   0.19517E+02   0.28148E+00   0.00000E+00
   0.27586E+03   0.19624E+02   0.28198E+00   0.00000E+00
   0.27638E+03   0.19730E+02   0.28248E+00   0.00000E+00
   0.27690E+03   0.19837E+02   0.28298E+00   0.00000E+00
   0.27743E+03   0.19944E+02   0.28348E+00   0.00000E+00
   0.27795E+03   0.20052E+02   0.28398E+00   0.00000E+00
   0.27848E+03   0.20160E+02   0.28448E+00   0.00000E+00
   0.27900E+03   0.20268E+02   0.28498E+00   0.00000E+00
   0.27953E+03   0.20377E+02   0.28548E+00   0.00000E+00
   0.28005E+03   0.20486E+02   0.28598E+00   0.00000E+00
   0.28058E+03   0.20595E+02   0.28648E+00   0.00000E+00
   0.28111E+03   0.20705E+02   0.28698E+00   0.00000E+00
   0.28163E+03   0.20815E+02   0.28748E+00   0.00000E+00
   0.28216E+03   0.20925E+02   0.28798E+00   0.00000E+00
   0.28268E+03   0.21036E+02   0.28848E+00   0.00000E+00
   0.28321E+03   0.21147E+02   0.28898E+00   0.00000E+00
   0.28374E+03   0.21258E+02   0.28948E+00   0.00000E+00
   0.28426E+03   0.21369E+02   0.28998E+00   0.00000E+00
   0.28479E+03   0.21481E+02   0.29048E+00   0.00000E+00
   0.28532E+03   0.21594E+02   0.29098E+00   0.00000E+00
   0.28585E+03   0.21706E+02   0.29148E+00   0.00000E+00
   0.28637E+03   0.21819E+02   0.29198E+00   0.00000E+00
   0.28690E+03   0.21932E+02   0.29248E+00   0.00000E+00
   0.28743E+03   0.22046E+02   0.29298E+00   0.00000E+00
   0.28796E+03   0.22160E+02   0.29348E+00   0.00000E+00
   0.28849E+03   0.22274E+02   0.29398E+00   0.00000E+00
   0.28901E+03   0.22389E+02   0.29448E+00   0.00000E+00
   0.28954E+03   0.22504E+02   0.29498E+00   0.00000E+00
   0.29007E+03   0.22619E+02   0.29548E+00   0.00000E+00
   0.29060E+03   0.22735E+02   0.29598E+00   0.00000E+00
   0.29113E+03   0.22851E+02   0.29648E+00   0.00000E+00
   0.29166E+03   0.22967E+02   0.29698E+00   0.00000E+00
   0.29219E+03   0.23083E+02   0.29748E+00   0.00000E+00
   0.29272E+03   0.23200E+02   0.29798E+00   0.00000E+00
   0.29325E+03   0.23318E+02   0.29848E+00   0.00000E+00
   0.29378E+03   0.23435E+02   0.29898E+00   0.00000E+00
   0.29431E+03   0.23553E+02   0.29948E+00   0.00000E+00
   0.29484E+03   0.23671E+02   0.29998E+00   0.00000E+00
   0.29537E+03   0.23790E+02   0.30048E+00   0.00000E+00
   0.29590E+03   0.23909E+02   0.30098E+00   0.00000E+00
   0.29644E+03   0.24028E+02   0.30148E+00   0.00000E+00
   0.29697E+03   0.24147E+02   0.30198E+00   0.00000E+00
   0.29750E+03   0.24267E+02   0.30248E+00   0.00000E+00
   0.29803E+03   0.24388E+02   0.30298E+00   0.00000E+00
   0.29856E+03   0.24508E+02   0.30348E+00   0.00000E+00
   0.29910E+03   0.24629E+02   0.30398E+00   0.00000E+00
   0.29963E+03   0.24750E+02   0.30448E+00   0.00000E+00
   0.30016E+03   0.24872E+02   0.30498E+00   0.00000E+00
   0.30069E+03   0.24993E+02   0.30548E+00   0.00000E+00
   0.30123E+03   0.25116E+02   0.30598E+00   0.00000E+00
   0.30176E+03   0.25238E+02   0.30648E+00   0.00000E+00
   0.30229E+03   0.25361E+02   0.30698E+00   0.00000E+00
   0.30283E+03   0.25484E+02   0.30748E+00   0.00000E+00
   0.30336E+03   0.25607E+02   0.30798E+00   0.00000E+00
   0.30390E+03   0.25731E+02   0.30848E+00   0.00000E+00
   0.30443E+03   0.25855E+02   0.30898E+00   0.00000E+00
   0.30497E+03   0.25980E+02   0.30948E+00   0.00000E+00
   0.30550E+03   0.26105E+02   0.30998E+00   0.00000E+00
   0.30603E+03   0.26230E+02   0.31048E+00   0.00000E+00
   0.30657E+03   0.26355E+02   0.31098E+00   0.00000E+00
   0.30711E+03   0.26481E+02   0.31148E+00   0.00000E+00
   0.30764E+03   0.26607E+02   0.31198E+00   0.00000E+00
   0.30818E+03   0.26733E+02   0.31248E+00   0.00000E+00
   0.30871E+03   0.26860E+02   0.31298E+00   0.00000E+00
   0.30925E+03   0.26987E+02   0.31348E+00   0.00000E+00
   0.30979E+03   0.27114E+02   0.31398E+00   0.00000E+00
   0.31032E+03   0.27242E+02   0.31448E+00   0.00000E+00
   0.31086E+03   0.27370E+02   0.31498E+00   0.00000E+00
   0.31140E+03   0.27498E+02   0.31548E+00   0.00000E+00
   0.31193E+03   0.27627E+02   0.31598E+00   0.00000E+00
   0.31247E+03   0.27756E+02   0.31648E+00   0.00000E+00
   0.31301E+03   0.27885E+02   0.31698E+00   0.00000E+00
   0.31355E+03   0.28015E+02   0.31748E+00   0.00000E+00
   0.31408E+03   0.28144E+02   0.31798E+00   0.00000E+00
   0.31462E+03   0.28275E+02   0.31848E+00   0.00000E+00
   0.31516E+03   0.28405E+02   0.31898E+00   0.00000E+00
   0.31570E+03   0.28536E+02   0.31948E+00   0.00000E+00
   0.31624E+03   0.28667E+02   0.31998E+00   0.00000E+00
   0.31678E+03   0.28799E+02   0.32048E+00   0.00000E+00
   0.31732E+03   0.28930E+02   0.32098E+00   0.00000E+00
   0.31786E+03   0.29063E+02   0.32148E+00   0.00000E+00
   0.31840E+03   0.29195E+02   0.32198E+00   0.00000E+00
   0.31894E+03   0.29328E+02   0.32248E+00   0.00000E+00
   0.31948E+03   0.29461E+02   0.32298E+00   0.00000E+00
   0.32002E+03   0.29594E+02   0.32348E+00   0.00000E+00
   0.32056E+03   0.29728E+02   0.32398E+00   0.00000E+00
   0.32110E+03   0.29862E+02   0.32448E+00   0.00000E+00
   0.32164E+03   0.29996E+02   0.32498E+00   0.00000E+00
   0.32218E+03   0.30131E+02   0.32548E+00   0.00000E+00
   0.32272E+03   0.30266E+02   0.32598E+00   0.00000E+00
   0.32326E+03   0.30401E+02   0.32648E+00   0.00000E+00
   0.32380E+03   0.30537E+02   0.32698E+00   0.00000E+00
   0.32435E+03   0.30673E+02   0.32748E+00   0.00000E+00
   0.32489E+03   0.30809E+02   0.32798E+00   0.00000E+00
   0.32543E+03   0.30945E+02   0.32848E+00   0.00000E+00
   0.32597E+03   0.31082E+02   0.32898E+00   0.00000E+00
   0.32652E+03   0.31219E+02   0.32948E+00   0.00000E+00
   0.32706E+03   0.31357E+02   0.32998E+00   0.00000E+00
   0.32760E+03   0.31495E+02   0.33048E+00   0.00000E+00
   0.32814E+03   0.31633E+02   0.33098E+00   0.00000E+00
   0.32869E+03   0.31771E+02   0.33148E+00   0.00000E+00
   0.32923E+03   0.31910E+02   0.33198E+00   0.00000E+00
   0.32978E+03   0.32049E+02   0.33248E+00   0.00000E+00
   0.33032E+03   0.32188E+02   0.33298E+00   0.00000E+00
   0.33086E+03   0.32328E+02   0.33348E+00   0.00000E+00
   0.33141E+03   0.32468E+02   0.33398E+00   0.00000E+00
   0.33195E+03   0.32608E+02   0.33448E+00   0.00000E+00
   0.33250E+03   0.32748E+02   0.33498E+00   0.00000E+00
   0.33304E+03   0.32889E+02   0.33548E+00   0.00000E+00
   0.33359E+03   0.33030E+02   0.33598E+00   0.00000E+00
   0.33414E+03   0.33172E+02   0.33648E+00   0.00000E+00
   0.33468E+03   0.33314E+02   0.33698E+00   0.00000E+00
   0.33523E+03   0.33456E+02   0.33748E+00   0.00000E+00
   0.33577E+03   0.33598E+02   0.33798E+00   0.00000E+00
   0.33632E+03   0.33741E+02   0.33848E+00   0.00000E+00
   0.33687E+03   0.33884E+02   0.33898E+00   0.00000E+00
   0.33741E+03   0.34027E+02   0.33948E+00   0.00000E+00
   0.33796E+03   0.34171E+02   0.33998E+00   0.00000E+00
   0.33851E+03   0.34315E+02   0.34048E+00   0.00000E+00
   0.33906E+03   0.34459E+02   0.34098E+00   0.00000E+00
   0.33960E+03   0.34603E+02   0.34148E+00   0.00000E+00
   0.34015E+03   0.34748E+02   0.34198E+00   0.00000E+00
   0.34070E+03   0.34893E+02   0.34248E+00   0.00000E+00
   0.34125E+03   0.35039E+02   0.34298E+00   0.00000E+00
   0.34180E+03   0.35184E+02   0.34348E+00   0.00000E+00
   0.34235E+03   0.35330E+02   0.34398E+00   0.00000E+00
   0.34290E+03   0.35477E+02   0.34448E+00   0.00000E+00
   0.34345E+03   0.35623E+02   0.34498E+00   0.00000E+00
   0.34399E+03   0.35770E+02   0.34548E+00   0.00000E+00
   0.34454E+03   0.35917E+02   0.34598E+00   0.00000E+00
   0.34509E+03   0.36065E+02   0.34648E+00   0.00000E+00
   0.34564E+03   0.36213E+02   0.34698E+00   0.00000E+00
   0.34619E+03   0.36361E+02   0.34748E+00   0.00000E+00
   0.34675E+03   0.36509E+02   0.34798E+00   0.00000E+00
   0.34730E+03   0.36658E+02   0.34848E+00   0.00000E+00
   0.34785E+03   0.36807E+02   0.34898E+00   0.00000E+00
   0.34840E+03   0.36956E+02   0.34948E+00   0.00000E+00
   0.34895E+03   0.37106E+02   0.34998E+00   0.00000E+00
   0.34950E+03   0.37256E+02   0.35048E+00   0.00000E+00
   0.35005E+03   0.37406E+02   0.35098E+00   0.00000E+00
   0.35061E+03   0.37556E+02   0.35148E+00   0.00000E+00
   0.35116E+03   0.37707E+02   0.35198E+00   0.00000E+00
   0.35171E+03   0.37858E+02   0.35248E+00   0.00000E+00
   0.35226E+03   0.38010E+02   0.35298E+00   0.00000E+00
   0.35282E+03   0.38161E+02   0.35348E+00   0.00000E+00
   0.35337E+03   0.38313E+02   0.35398E+00   0.00000E+00
   0.35392E+03   0.38465E+02   0.35448E+00   0.00000E+00
   0.35448E+03   0.38618E+02   0.35498E+00   0.00000E+00
   0.35503E+03   0.38771E+02   0.35548E+00   0.00000E+00
   0.35558E+03   0.38924E+02   0.35598E+00   0.00000E+00
   0.35614E+03   0.39077E+02   0.35648E+00   0.00000E+00
   0.35669E+03   0.39231E+02   0.35698E+00   0.00000E+00
   0.35725E+03   0.39385E+02   0.35748E+00   0.00000E+00
   0.35780E+03   0.39539E+02   0.35798E+00   0.00000E+00
   0.35836E+03   0.39694E+02   0.35848E+00   0.00000E+00
   0.35891E+03   0.39849E+02   0.35898E+00   0.00000E+00
   0.35947E+03   0.40004E+02   0.35948E+00   0.00000E+00
   0.36002E+03   0.40159E+02   0.35998E+00   0.00000E+00
   0.36058E+03   0.40315E+02   0.36048E+00   0.00000E+00
   0.36114E+03   0.40471E+02   0.36098E+00   0.00000E+00
   0.36169E+03   0.40627E+02   0.36148E+00   0.00000E+00
   0.36225E+03   0.40784E+02   0.36198E+00   0.00000E+00
   0.36281E+03   0.40940E+02   0.36248E+00   0.00000E+00
   0.36336E+03   0.41098E+02   0.36298E+00   0.00000E+00
   0.36392E+03   0.41255E+02   0.36348E+00   0.00000E+00
   0.36448E+03   0.41413E+02   0.36398E+00   0.00000E+00
   0.36503E+03   0.41571E+02   0.36448E+00   0.00000E+00
   0.36559E+03   0.41729E+02   0.36498E+00   0.00000E+00
   0.36615E+03   0.41888E+02   0.36548E+00   0.00000E+00
   0.36671E+03   0.42046E+02   0.36598E+00   0.00000E+00
   0.36727E+03   0.42205E+02   0.36648E+00   0.00000E+00
   0.36783E+03   0.42365E+02   0.36698E+00   0.00000E+00
   0.36839E+03   0.42525E+02   0.36748E+00   0.00000E+00
   0.36894E+03   0.42684E+02   0.36798E+00   0.00000E+00
   0.36950E+03   0.42845E+02   0.36848E+00   0.00000E+00
   0.37006E+03   0.43005E+02   0.36898E+00   0.00000E+00
   0.37062E+03   0.43166E+02   0.36948E+00   0.00000E+00
   0.37118E+03   0.43327E+02   0.36998E+00   0.00000E+00
   0.37174E+03   0.43488E+02   0.37048E+00   0.00000E+00
   0.37230E+03   0.43650E+02   0.37098E+00   0.00000E+00
   0.37287E+03   0.43812E+02   0.37148E+00   0.00000E+00
   0.37343E+03   0.43974E+02   0.37198E+00   0.00000E+00
   0.37399E+03   0.44137E+02   0.37248E+00   0.00000E+00
   0.37455E+03   0.44299E+02   0.37298E+00   0.00000E+00
   0.37511E+03   0.44462E+02   0.37348E+00   0.00000E+00
   0.37567E+03   0.44626E+02   0.37398E+00   0.00000E+00
   0.37623E+03   0.44789E+02   0.37448E+00   0.00000E+00
   0.37680E+03   0.44953E+02   0.37498E+00   0.00000E+00
   0.37736E+03   0.45117E+02   0.37548E+00   0.00000E+00
   0.37792E+03   0.45281E+02   0.37598E+00   0.00000E+00
   0.37848E+03   0.45446E+02   0.37648E+00   0.00000E+00
   0.37905E+03   0.45611E+02   0.37698E+00   0.00000E+00
   0.37961E+03   0.45776E+02   0.37748E+00   0.00000E+00
   0.38017E+03   0.45942E+02   0.37798E+00   0.00000E+00
   0.38074E+03   0.46107E+02   0.37848E+00   0.00000E+00
   0.38130E+03   0.46273E+02   0.37898E+00   0.00000E+00
   0.38187E+03   0.46440E+02   0.37948E+00   0.00000E+00
   0.38243E+03   0.46606E+02   0.37998E+00   0.00000E+00
   0.38300E+03   0.46773E+02   0.38048E+00   0.00000E+00
   0.38356E+03   0.46940E+02   0.38098E+00   0.00000E+00
   0.38413E+03   0.47108E+02   0.38148E+00   0.00000E+00
   0.38469E+03   0.47275E+02   0.38198E+00   0.00000E+00
   0.38526E+03   0.47443E+02   0.38248E+00   0.00000E+00
   0.38582E+03   0.47611E+02   0.38298E+00   0.00000E+00
   0.38639E+03   0.47780E+02   0.38348E+00   0.00000E+00
   0.38695E+03   0.47948E+02   0.38398E+00   0.00000E+00
   0.38752E+03   0.48117E+02   0.38448E+00   0.00000E+00
   0.38809E+03   0.48286E+02   0.38498E+00   0.00000E+00
   0.38865E+03   0.48456E+02   0.38548E+00   0.00000E+00
   0.38922E+03   0.48626E+02   0.38598E+00   0.00000E+00
   0.38979E+03   0.48796E+02   0.38648E+00   0.00000E+00
   0.39036E+03   0.48966E+02   0.38698E+00   0.00000E+00
   0.39092E+03   0.49137E+02   0.38748E+00   0.00000E+00
   0.39149E+03   0.49307E+02   0.38798E+00   0.00000E+00
   0.39206E+03   0.49478E+02   0.38848E+00   0.00000E+00
   0.39263E+03   0.49650E+02   0.38898E+00   0.00000E+00
   0.39320E+03   0.49821E+02   0.38948E+00   0.00000E+00
   0.39377E+03   0.49993E+02   0.38998E+00   0.00000E+00
   0.39433E+03   0.50165E+02   0.39048E+00   0.00000E+00
   0.39490E+03   0.50338E+02   0.39098E+00   0.00000E+00
   0.39547E+03   0.50510E+02   0.39148E+00   0.00000E+00
   0.39604E+03   0.50683E+02   0.39198E+00   0.00000E+00
   0.39661E+03   0.50856E+02   0.39248E+00   0.00000E+00
   0.39718E+03   0.51030E+02   0.39298E+00   0.00000E+00
   0.39775E+03   0.51203E+02   0.39348E+00   0.00000E+00
   0.39832E+03   0.51377E+02   0.39398E+00   0.00000E+00
   0.39890E+03   0.51552E+02   0.39448E+00   0.00000E+00
   0.39947E+03   0.51726E+02   0.39498E+00   0.00000E+00
   0.40004E+03   0.51901E+02   0.39548E+00   0.00000E+00
   0.40061E+03   0.52076E+02   0.39598E+00   0.00000E+00
   0.40118E+03   0.52251E+02   0.39648E+00   0.00000E+00
   0.40175E+03   0.52426E+02   0.39698E+00   0.00000E+00
   0.40232E+03   0.52602E+02   0.39748E+00   0.00000E+00
   0.40290E+03   0.52778E+02   0.39798E+00   0.00000E+00
   0.40347E+03   0.52954E+02   0.39848E+00   0.00000E+00
   0.40404E+03   0.53131E+02   0.39898E+00   0.00000E+00
   0.40462E+03   0.53307E+02   0.39948E+00   0.00000E+00
   0.40519E+03   0.53484E+02   0.39998E+00   0.00000E+00
   0.40576E+03   0.53662E+02   0.40048E+00   0.00000E+00
   0.40634E+03   0.53839E+02   0.40098E+00   0.00000E+00
   0.40691E+03   0.54017E+02   0.40148E+00   0.00000E+00
   0.40748E+03   0.54195E+02   0.40198E+00   0.00000E+00
   0.40806E+03   0.54373E+02   0.40248E+00   0.00000E+00
   0.40863E+03   0.54552E+02   0.40298E+00   0.00000E+00
   0.40921E+03   0.54730E+02   0.40348E+00   0.00000E+00
   0.40978E+03   0.54909E+02   0.40398E+00   0.00000E+00
   0.41036E+03   0.55089E+02   0.40448E+00   0.00000E+00
   0.41093E+03   0.55268E+02   0.40498E+00   0.00000E+00
   0.41151E+03   0.55448E+02   0.40548E+00   0.00000E+00
   0.41209E+03   0.55628E+02   0.40598E+00   0.00000E+00
   0.41266E+03   0.55808E+02   0.40648E+00   0.00000E+00
   0.41324E+03   0.55988E+02   0.40698E+00   0.00000E+00
   0.41381E+03   0.56169E+02   0.40748E+00   0.00000E+00
   0.41439E+03   0.56350E+02   0.40798E+00   0.00000E+00
   0.41497E+03   0.56531E+02   0.40848E+00   0.00000E+00
   0.41555E+03   0.56713E+02   0.40898E+00   0.00000E+00
   0.41612E+03   0.56894E+02   0.40948E+00   0.00000E+00
   0.41670E+03   0.57076E+02   0.40998E+00   0.00000E+00
   0.41728E+03   0.57259E+02   0.41048E+00   0.00000E+00
   0.41786E+03   0.57441E+02   0.41098E+00   0.00000E+00
   0.41844E+03   0.57624E+02   0.41148E+00   0.00000E+00
   0.41901E+03   0.57807E+02   0.41198E+00   0.00000E+00
   0.41959E+03   0.57990E+02   0.41248E+00   0.00000E+00
   0.42017E+03   0.58173E+02   0.41298E+00   0.00000E+00
   0.42075E+03   0.58357E+02   0.41348E+00   0.00000E+00
   0.42133E+03   0.58541E+02   0.41398E+00   0.00000E+00
   0.42191E+03   0.58725E+02   0.41448E+00   0.00000E+00
   0.42249E+03   0.58909E+02   0.41498E+00   0.00000E+00
   0.42307E+03   0.59094E+02   0.41548E+00   0.00000E+00
   0.42365E+03   0.59278E+02   0.41598E+00   0.00000E+00
   0.42423E+03   0.59463E+02   0.41648E+00   0.00000E+00
   0.42481E+03   0.59649E+02   0.41698E+00   0.00000E+00
   0.42539E+03   0.59834E+02   0.41748E+00   0.00000E+00
   0.42597E+03   0.60020E+02   0.41798E+00   0.00000E+00
   0.42656E+03   0.60206E+02   0.41848E+00   0.00000E+00
   0.42714E+03   0.60392E+02   0.41898E+00   0.00000E+00
   0.42772E+03   0.60579E+02   0.41948E+00   0.00000E+00
   0.42830E+03   0.60766E+02   0.41998E+00   0.00000E+00
   0.42888E+03   0.60953E+02   0.42048E+00   0.00000E+00
   0.42947E+03   0.61140E+02   0.42098E+00   0.00000E+00
   0.43005E+03   0.61327E+02   0.42148E+00   0.00000E+00
   0.43063E+03   0.61515E+02   0.42198E+00   0.00000E+00
   0.43122E+03   0.61703E+02   0.42248E+00   0.00000E+00
   0.43180E+03   0.61891E+02   0.42298E+00   0.00000E+00
   0.43238E+03   0.62079E+02   0.42348E+00   0.00000E+00
   0.43297E+03   0.62268E+02   0.42398E+00   0.00000E+00
   0.43355E+03   0.62457E+02   0.42448E+00   0.00000E+00
   0.43413E+03   0.62646E+02   0.42498E+00   0.00000E+00
   0.43472E+03   0.62835E+02   0.42548E+00   0.00000E+00
   0.43530E+03   0.63024E+02   0.42598E+00   0.00000E+00
   0.43589E+03   0.63214E+02   0.42648E+00   0.00000E+00
   0.43647E+03   0.63404E+02   0.42698E+00   0.00000E+00
   0.43706E+03   0.63594E+02   0.42748E+00   0.00000E+00
   0.43765E+03   0.63785E+02   0.42798E+00   0.00000E+00
   0.43823E+03   0.63975E+02   0.42848E+00   0.00000E+00
   0.43882E+03   0.64166E+02   0.42898E+00   0.00000E+00
   0.43940E+03   0.64357E+02   0.42948E+00   0.00000E+00
   0.43999E+03   0.64549E+02   0.42998E+00   0.00000E+00
   0.44058E+03   0.64740E+02   0.43048E+00   0.00000E+00
   0.44116E+03   0.64932E+02   0.43098E+00   0.00000E+00
   0.44175E+03   0.65124E+02   0.43148E+00   0.00000E+00
   0.44234E+03   0.65316E+02   0.43198E+00   0.00000E+00
   0.44293E+03   0.65509E+02   0.43248E+00   0.00000E+00
   0.44351E+03   0.65702E+02   0.43298E+00   0.00000E+00
   0.44410E+03   0.65894E+02   0.43348E+00   0.00000E+00
   0.44469E+03   0.66088E+02   0.43398E+00   0.00000E+00
   0.44528E+03   0.66281E+02   0.43448E+00   0.00000E+00
   0.44587E+03   0.66475E+02   0.43498E+00   0.00000E+00
   0.44646E+03   0.66668E+02   0.43548E+00   0.00000E+00
   0.44705E+03   0.66862E+02   0.43598E+00   0.00000E+00
   0.44764E+03   0.67057E+02   0.43648E+00   0.00000E+00
   0.44823E+03   0.67251E+02   0.43698E+00   0.00000E+00
   0.44882E+03   0.67446E+02   0.43748E+00   0.00000E+00
   0.44941E+03   0.67641E+02   0.43798E+00   0.00000E+00
   0.45000E+03   0.67836E+02   0.43848E+00   0.00000E+00
   0.45059E+03   0.68031E+02   0.43898E+00   0.00000E+00
   0.45118E+03   0.68227E+02   0.43948E+00   0.00000E+00
   0.45177E+03   0.68423E+02   0.43998E+00   0.00000E+00
   0.45236E+03   0.68619E+02   0.44048E+00   0.00000E+00
   0.45295E+03   0.68815E+02   0.44098E+00   0.00000E+00
   0.45354E+03   0.69011E+02   0.44148E+00   0.00000E+00
   0.45414E+03   0.69208E+02   0.44198E+00   0.00000E+00
   0.45473E+03   0.69405E+02   0.44248E+00   0.00000E+00
   0.45532E+03   0.69602E+02   0.44298E+00   0.00000E+00
   0.45591E+03   0.69799E+02   0.44348E+00   0.00000E+00
   0.45651E+03   0.69997E+02   0.44398E+00   0.00000E+00
   0.45710E+03   0.70194E+02   0.44448E+00   0.00000E+00
   0.45769E+03   0.70392E+02   0.44498E+00   0.00000E+00
   0.45829E+03   0.70591E+02   0.44548E+00   0.00000E+00
   0.45888E+03   0.70789E+02   0.44598E+00   0.00000E+00
   0.45947E+03   0.70988E+02   0.44648E+00   0.00000E+00
   0.46007E+03   0.71186E+02   0.44698E+00   0.10344E+22
   0.46066E+03   0.71385E+02   0.44748E+00   0.10346E+22
   0.46126E+03   0.71585E+02   0.44798E+00   0.10349E+22
   0.46185E+03   0.71784E+02   0.44848E+00   0.10351E+22
   0.46245E+03   0.71984E+02   0.44898E+00   0.10354E+22
   0.46304E+03   0.72184E+02   0.44948E+00   0.10356E+22
   0.46364E+03   0.72384E+02   0.44998E+00   0.10359E+22
   0.46423E+03   0.72584E+02   0.45048E+00   0.10362E+22
   0.46483E+03   0.72785E+02   0.45098E+00   0.10364E+22
   0.46542E+03   0.72985E+02   0.45148E+00   0.10367E+22
   0.46602E+03   0.73186E+02   0.45198E+00   0.10369E+22
   0.46662E+03   0.73387E+02   0.45248E+00   0.10372E+22
   0.46721E+03   0.73589E+02   0.45298E+00   0.10375E+22
   0.46781E+03   0.73790E+02   0.45348E+00   0.10377E+22
   0.46841E+03   0.73992E+02   0.45398E+00   0.10380E+22
   0.46901E+03   0.74194E+02   0.45448E+00   0.10383E+22
   0.46960E+03   0.74396E+02   0.45498E+00   0.10385E+22
   0.47020E+03   0.74599E+02   0.45548E+00   0.10388E+22
   0.47080E+03   0.74801E+02   0.45598E+00   0.10391E+22
   0.47140E+03   0.75004E+02   0.45648E+00   0.10393E+22
   0.47200E+03   0.75207E+02   0.45698E+00   0.10396E+22
   0.47260E+03   0.75410E+02   0.45748E+00   0.10399E+22
   0.47319E+03   0.75614E+02   0.45798E+00   0.10402E+22
   0.47379E+03   0.75817E+02   0.45848E+00   0.10404E+22
   0.47439E+03   0.76021E+02   0.45898E+00   0.10407E+22
   0.47499E+03   0.76225E+02   0.45948E+00   0.10410E+22
   0.47559E+03   0.76429E+02   0.45998E+00   0.10413E+22
   0.47619E+03   0.76634E+02   0.46048E+00   0.10415E+22
   0.47679E+03   0.76838E+02   0.46098E+00   0.10418E+22
   0.47739E+03   0.77043E+02   0.46148E+00   0.10421E+22
   0.47800E+03   0.77248E+02   0.46198E+00   0.10424E+22
   0.47860E+03   0.77454E+02   0.46248E+00   0.10427E+22
   0.47920E+03   0.77659E+02   0.46298E+00   0.10430E+22
   0.47980E+03   0.77865E+02   0.46348E+00   0.10433E+22
   0.48040E+03   0.78070E+02   0.46398E+00   0.10435E+22
   0.48100E+03   0.78277E+02   0.46448E+00   0.10438E+22
   0.48160E+03   0.78483E+02   0.46498E+00   0.10441E+22
   0.48221E+03   0.78689E+02   0.46548E+00   0.10444E+22
   0.48281E+03   0.78896E+02   0.46598E+00   0.10447E+22
   0.48341E+03   0.79103E+02   0.46648E+00   0.10450E+22
   0.48402E+03   0.79310E+02   0.46698E+00   0.10453E+22
   0.48462E+03   0.79517E+02   0.46748E+00   0.10456E+22
   0.48522E+03   0.79724E+02   0.46798E+00   0.10459E+22
   0.48583E+03   0.79932E+02   0.46848E+00   0.10462E+22
   0.48643E+03   0.80140E+02   0.46898E+00   0.10465E+22
   0.48703E+03   0.80348E+02   0.46948E+00   0.10468E+22
   0.48764E+03   0.80556E+02   0.46998E+00   0.10471E+22
   0.48824E+03   0.80765E+02   0.47048E+00   0.10474E+22
   0.48885E+03   0.80973E+02   0.47098E+00   0.10477E+22
   0.48945E+03   0.81182E+02   0.47148E+00   0.10480E+22
   0.49006E+03   0.81391E+02   0.47198E+00   0.10483E+22
   0.49066E+03   0.81600E+02   0.47248E+00   0.10486E+22
   0.49127E+03   0.81810E+02   0.47298E+00   0.10489E+22
   0.49188E+03   0.82019E+02   0.47348E+00   0.10492E+22
   0.49248E+03   0.82229E+02   0.47398E+00   0.10496E+22
   0.49309E+03   0.82439E+02   0.47448E+00   0.10499E+22
   0.49369E+03   0.82649E+02   0.47498E+00   0.10502E+22
   0.49430E+03   0.82860E+02   0.47548E+00   0.10505E+22
   0.49491E+03   0.83070E+02   0.47598E+00   0.10508E+22
   0.49552E+03   0.83281E+02   0.47648E+00   0.10511E+22
   0.49612E+03   0.83492E+02   0.47698E+00   0.10514E+22
   0.49673E+03   0.83703E+02   0.47748E+00   0.10518E+22
   0.49734E+03   0.83914E+02   0.47798E+00   0.10521E+22
   0.49795E+03   0.84126E+02   0.47848E+00   0.10524E+22
   0.49856E+03   0.84338E+02   0.47898E+00   0.10527E+22
   0.49916E+03   0.84550E+02   0.47948E+00   0.10530E+22
   0.49977E+03   0.84762E+02   0.47998E+00   0.10534E+22
   0.50038E+03   0.84974E+02   0.48048E+00   0.10537E+22
   0.50099E+03   0.85186E+02   0.48098E+00   0.10540E+22
   0.50160E+03   0.85399E+02   0.48148E+00   0.10543E+22
   0.50221E+03   0.85612E+02   0.48198E+00   0.10547E+22
   0.50282E+03   0.85825E+02   0.48248E+00   0.10550E+22
   0.50343E+03   0.86038E+02   0.48298E+00   0.10553E+22
   0.50404E+03   0.86252E+02   0.48348E+00   0.10556E+22
   0.50465E+03   0.86465E+02   0.48398E+00   0.10560E+22
   0.50526E+03   0.86679E+02   0.48448E+00   0.10563E+22
   0.50587E+03   0.86893E+02   0.48498E+00   0.10566E+22
   0.50648E+03   0.87107E+02   0.48548E+00   0.10570E+22
   0.50710E+03   0.87321E+02   0.48598E+00   0.10573E+22
   0.50771E+03   0.87536E+02   0.48648E+00   0.10576E+22
   0.50832E+03   0.87751E+02   0.48698E+00   0.10580E+22
   0.50893E+03   0.87966E+02   0.48748E+00   0.10583E+22
   0.50954E+03   0.88181E+02   0.48798E+00   0.10587E+22
   0.51016E+03   0.88396E+02   0.48848E+00   0.10590E+22
   0.51077E+03   0.88611E+02   0.48898E+00   0.10593E+22
   0.51138E+03   0.88827E+02   0.48948E+00   0.10597E+22
   0.51200E+03   0.89043E+02   0.48998E+00   0.10600E+22
   0.51261E+03   0.89259E+02   0.49048E+00   0.10604E+22
   0.51322E+03   0.89475E+02   0.49098E+00   0.10607E+22
   0.51384E+03   0.89691E+02   0.49148E+00   0.10611E+22
   0.51445E+03   0.89908E+02   0.49198E+00   0.10614E+22
   0.51506E+03   0.90125E+02   0.49248E+00   0.10618E+22
   0.51568E+03   0.90341E+02   0.49298E+00   0.10621E+22
   0.51629E+03   0.90559E+02   0.49348E+00   0.10624E+22
   0.51691E+03   0.90776E+02   0.49398E+00   0.10628E+22
   0.51752E+03   0.90993E+02   0.49448E+00   0.10631E+22
   0.51814E+03   0.91211E+02   0.49498E+00   0.10635E+22
   0.51876E+03   0.91429E+02   0.49548E+00   0.10639E+22
   0.51937E+03   0.91647E+02   0.49598E+00   0.10642E+22
   0.51999E+03   0.91865E+02   0.49648E+00   0.10646E+22
   0.52060E+03   0.92083E+02   0.49698E+00   0.10649E+22
   0.52122E+03   0.92302E+02   0.49748E+00   0.10653E+22
   0.52184E+03   0.92520E+02   0.49798E+00   0.10656E+22
   0.52245E+03   0.92739E+02   0.49848E+00   0.10660E+22
   0.52307E+03   0.92958E+02   0.49898E+00   0.10663E+22
   0.52369E+03   0.93178E+02   0.49948E+00   0.10667E+22
   0.52431E+03   0.93397E+02   0.49998E+00   0.10671E+22
   0.52492E+03   0.93617E+02   0.50048E+00   0.10674E+22
   0.52554E+03   0.93836E+02   0.50098E+00   0.10678E+22
   0.52616E+03   0.94056E+02   0.50148E+00   0.10682E+22
   0.52678E+03   0.94276E+02   0.50198E+00   0.10685E+22
   0.52740E+03   0.94497E+02   0.50248E+00   0.10689E+22
   0.52802E+03   0.94717E+02   0.50298E+00   0.10693E+22
   0.52864E+03   0.94938E+02   0.50348E+00   0.10696E+22
   0.52925E+03   0.95159E+02   0.50398E+00   0.10700E+22
   0.52987E+03   0.95380E+02   0.50448E+00   0.10704E+22
   0.53049E+03   0.95601E+02   0.50498E+00   0.10707E+22
   0.53111E+03   0.95822E+02   0.50548E+00   0.10711E+22
   0.53173E+03   0.96044E+02   0.50598E+00   0.10715E+22
   0.53235E+03   0.96265E+02   0.50648E+00   0.10718E+22
   0.53298E+03   0.96487E+02   0.50698E+00   0.10722E+22
   0.53360E+03   0.96709E+02   0.50748E+00   0.10726E+22
   0.53422E+03   0.96931E+02   0.50798E+00   0.10730E+22
   0.53484E+03   0.97154E+02   0.50848E+00   0.10733E+22
   0.53546E+03   0.97376E+02   0.50898E+00   0.10737E+22
   0.53608E+03   0.97599E+02   0.50948E+00   0.10741E+22
   0.53670E+03   0.97822E+02   0.50998E+00   0.10745E+22
   0.53733E+03   0.98045E+02   0.51048E+00   0.10748E+22
   0.53795E+03   0.98268E+02   0.51098E+00   0.10752E+22
   0.53857E+03   0.98492E+02   0.51148E+00   0.10756E+22
   0.53919E+03   0.98715E+02   0.51198E+00   0.10760E+22
   0.53982E+03   0.98939E+02   0.51248E+00   0.10764E+22
   0.54044E+03   0.99163E+02   0.51298E+00   0.10767E+22
   0.54106E+03   0.99387E+02   0.51348E+00   0.10771E+22
   0.54169E+03   0.99611E+02   0.51398E+00   0.10775E+22
   0.54231E+03   0.99835E+02   0.51448E+00   0.10779E+22
   0.54294E+03   0.10006E+03   0.51498E+00   0.10783E+22
   0.54356E+03   0.10028E+03   0.51548E+00   0.10787E+22
   0.54419E+03   0.10051E+03   0.51598E+00   0.10791E+22
   0.54481E+03   0.10073E+03   0.51648E+00   0.10795E+22
   0.54543E+03   0.10096E+03   0.51698E+00   0.10798E+22
   0.54606E+03   0.10119E+03   0.51748E+00   0.10802E+22
   0.54669E+03   0.10141E+03   0.51798E+00   0.10806E+22
   0.54731E+03   0.10164E+03   0.51848E+00   0.10810E+22
   0.54794E+03   0.10186E+03   0.51898E+00   0.10814E+22
   0.54856E+03   0.10209E+03   0.51948E+00   0.10818E+22
   0.54919E+03   0.10231E+03   0.51998E+00   0.10822E+22
   0.54982E+03   0.10254E+03   0.52048E+00   0.10826E+22
   0.55044E+03   0.10277E+03   0.52098E+00   0.10830E+22
   0.55107E+03   0.10299E+03   0.52148E+00   0.10834E+22
   0.55170E+03   0.10322E+03   0.52198E+00   0.10838E+22
   0.55232E+03   0.10345E+03   0.52248E+00   0.10842E+22
   0.55295E+03   0.10368E+03   0.52298E+00   0.10846E+22
   0.55358E+03   0.10390E+03   0.52348E+00   0.10850E+22
   0.55421E+03   0.10413E+03   0.52398E+00   0.10854E+22
   0.55484E+03   0.10436E+03   0.52448E+00   0.10858E+22
   0.55547E+03   0.10459E+03   0.52498E+00   0.10862E+22
   0.55609E+03   0.10481E+03   0.52548E+00   0.10866E+22
   0.55672E+03   0.10504E+03   0.52598E+00   0.10870E+22
   0.55735E+03   0.10527E+03   0.52648E+00   0.10874E+22
   0.55798E+03   0.10550E+03   0.52698E+00   0.10878E+22
   0.55861E+03   0.10573E+03   0.52748E+00   0.10882E+22
   0.55924E+03   0.10596E+03   0.52798E+00   0.10886E+22
   0.55987E+03   0.10619E+03   0.52848E+00   0.10890E+22
   0.56050E+03   0.10642E+03   0.52898E+00   0.10894E+22
   0.56113E+03   0.10664E+03   0.52948E+00   0.10898E+22
   0.56176E+03   0.10687E+03   0.52998E+00   0.10902E+22
   0.56239E+03   0.10710E+03   0.53048E+00   0.10906E+22
   0.56302E+03   0.10733E+03   0.53098E+00   0.10911E+22
   0.56366E+03   0.10756E+03   0.53148E+00   0.10915E+22
   0.56429E+03   0.10779E+03   0.53198E+00   0.10919E+22
   0.56492E+03   0.10802E+03   0.53248E+00   0.10923E+22
   0.56555E+03   0.10825E+03   0.53298E+00   0.10927E+22
   0.56618E+03   0.10848E+03   0.53348E+00   0.10931E+22
   0.56682E+03   0.10872E+03   0.53398E+00   0.10935E+22
   0.56745E+03   0.10895E+03   0.53448E+00   0.10939E+22
   0.56808E+03   0.10918E+03   0.53498E+00   0.10944E+22
   0.56871E+03   0.10941E+03   0.53548E+00   0.10948E+22
   0.56935E+03   0.10964E+03   0.53598E+00   0.10952E+22
   0.56998E+03   0.10987E+03   0.53648E+00   0.10956E+22
   0.57062E+03   0.11010E+03   0.53698E+00   0.10960E+22
   0.57125E+03   0.11034E+03   0.53748E+00   0.10965E+22
   0.57188E+03   0.11057E+03   0.53798E+00   0.10969E+22
   0.57252E+03   0.11080E+03   0.53848E+00   0.10973E+22
   0.57315E+03   0.11103E+03   0.53898E+00   0.10977E+22
   0.57379E+03   0.11126E+03   0.53948E+00   0.10981E+22
   0.57442E+03   0.11150E+03   0.53998E+00   0.10986E+22
   0.57506E+03   0.11173E+03   0.54048E+00   0.10990E+22
   0.57569E+03   0.11196E+03   0.54098E+00   0.10994E+22
   0.57633E+03   0.11220E+03   0.54148E+00   0.10998E+22
   0.57696E+03   0.11243E+03   0.54198E+00   0.11003E+22
   0.57760E+03   0.11266E+03   0.54248E+00   0.11007E+22
   0.57824E+03   0.11290E+03   0.54298E+00   0.11011E+22
   0.57887E+03   0.11313E+03   0.54348E+00   0.11016E+22
   0.57951E+03   0.11336E+03   0.54398E+00   0.11020E+22
   0.58015E+03   0.11360E+03   0.54448E+00   0.11024E+22
   0.58078E+03   0.11383E+03   0.54498E+00   0.11028E+22
   0.58142E+03   0.11407E+03   0.54548E+00   0.11033E+22
   0.58206E+03   0.11430E+03   0.54598E+00   0.11037E+22
   0.58270E+03   0.11453E+03   0.54648E+00   0.11041E+22
   0.58334E+03   0.11477E+03   0.54698E+00   0.11046E+22
   0.58397E+03   0.11500E+03   0.54748E+00   0.11050E+22
   0.58461E+03   0.11524E+03   0.54798E+00   0.11054E+22
   0.58525E+03   0.11547E+03   0.54848E+00   0.11059E+22
   0.58589E+03   0.11571E+03   0.54898E+00   0.11063E+22
   0.58653E+03   0.11595E+03   0.54948E+00   0.11067E+22
   0.58717E+03   0.11618E+03   0.54998E+00   0.11072E+22
   0.58781E+03   0.11642E+03   0.55048E+00   0.11076E+22
   0.58845E+03   0.11665E+03   0.55098E+00   0.11081E+22
   0.58909E+03   0.11689E+03   0.55148E+00   0.11085E+22
   0.58973E+03   0.11713E+03   0.55198E+00   0.11089E+22
   0.59037E+03   0.11736E+03   0.55248E+00   0.11094E+22
   0.59101E+03   0.11760E+03   0.55298E+00   0.11098E+22
   0.59165E+03   0.11784E+03   0.55348E+00   0.11103E+22
   0.59229E+03   0.11807E+03   0.55398E+00   0.11107E+22
   0.59293E+03   0.11831E+03   0.55448E+00   0.11111E+22
   0.59357E+03   0.11855E+03   0.55498E+00   0.11116E+22
   0.59421E+03   0.11878E+03   0.55548E+00   0.11120E+22
   0.59486E+03   0.11902E+03   0.55598E+00   0.11125E+22
   0.59550E+03   0.11926E+03   0.55648E+00   0.11129E+22
   0.59614E+03   0.11950E+03   0.55698E+00   0.11134E+22
   0.59678E+03   0.11973E+03   0.55748E+00   0.11138E+22
   0.59743E+03   0.11997E+03   0.55798E+00   0.11143E+22
   0.59807E+03   0.12021E+03   0.55848E+00   0.11147E+22
   0.59871E+03   0.12045E+03   0.55898E+00   0.11151E+22
   0.59936E+03   0.12069E+03   0.55948E+00   0.11156E+22
   0.60000E+03   0.12093E+03   0.55998E+00   0.11160E+22
   0.60064E+03   0.12116E+03   0.56048E+00   0.11165E+22
   0.60129E+03   0.12140E+03   0.56098E+00   0.11169E+22
   0.60193E+03   0.12164E+03   0.56148E+00   0.11174E+22
   0.60258E+03   0.12188E+03   0.56198E+00   0.11179E+22
   0.60322E+03   0.12212E+03   0.56248E+00   0.11183E+22
   0.60387E+03   0.12236E+03   0.56298E+00   0.11188E+22
   0.60451E+03   0.12260E+03   0.56348E+00   0.11192E+22
   0.60516E+03   0.12284E+03   0.56398E+00   0.11197E+22
   0.60580E+03   0.12308E+03   0.56448E+00   0.11201E+22
   0.60645E+03   0.12332E+03   0.56498E+00   0.11206E+22
   0.60709E+03   0.12356E+03   0.56548E+00   0.11210E+22
   0.60774E+03   0.12380E+03   0.56598E+00   0.11215E+22
   0.60839E+03   0.12404E+03   0.56648E+00   0.11219E+22
   0.60903E+03   0.12428E+03   0.56698E+00   0.11224E+22
   0.60968E+03   0.12452E+03   0.56748E+00   0.11229E+22
   0.61033E+03   0.12476E+03   0.56798E+00   0.11233E+22
   0.61097E+03   0.12500E+03   0.56848E+00   0.11238E+22
   0.61162E+03   0.12525E+03   0.56898E+00   0.11242E+22
   0.61227E+03   0.12549E+03   0.56948E+00   0.11247E+22
   0.61292E+03   0.12573E+03   0.56998E+00   0.11252E+22
   0.61356E+03   0.12597E+03   0.57048E+00   0.11256E+22
   0.61421E+03   0.12621E+03   0.57098E+00   0.11261E+22
   0.61486E+03   0.12645E+03   0.57148E+00   0.11265E+22
   0.61551E+03   0.12670E+03   0.57198E+00   0.11270E+22
   0.61616E+03   0.12694E+03   0.57248E+00   0.11275E+22
   0.61681E+03   0.12718E+03   0.57298E+00   0.11279E+22
   0.61746E+03   0.12742E+03   0.57348E+00   0.11284E+22
   0.61811E+03   0.12766E+03   0.57398E+00   0.11289E+22
   0.61876E+03   0.12791E+03   0.57448E+00   0.11293E+22
   0.61941E+03   0.12815E+03   0.57498E+00   0.11298E+22
   0.62006E+03   0.12839E+03   0.57548E+00   0.11303E+22
   0.62071E+03   0.12864E+03   0.57598E+00   0.11307E+22
   0.62136E+03   0.12888E+03   0.57648E+00   0.11312E+22
   0.62201E+03   0.12912E+03   0.57698E+00   0.11317E+22
   0.62266E+03   0.12937E+03   0.57748E+00   0.11321E+22
   0.62331E+03   0.12961E+03   0.57798E+00   0.11326E+22
   0.62396E+03   0.12985E+03   0.57848E+00   0.11331E+22
   0.62461E+03   0.13010E+03   0.57898E+00   0.11336E+22
   0.62527E+03   0.13034E+03   0.57948E+00   0.11340E+22
   0.62592E+03   0.13059E+03   0.57998E+00   0.11345E+22
   0.62657E+03   0.13083E+03   0.58048E+00   0.11350E+22
   0.62722E+03   0.13107E+03   0.58098E+00   0.11354E+22
   0.62787E+03   0.13132E+03   0.58148E+00   0.11359E+22
   0.62853E+03   0.13156E+03   0.58198E+00   0.11364E+22
   0.62918E+03   0.13181E+03   0.58248E+00   0.11369E+22
   0.62983E+03   0.13205E+03   0.58298E+00   0.11373E+22
   0.63049E+03   0.13230E+03   0.58348E+00   0.11378E+22
   0.63114E+03   0.13254E+03   0.58398E+00   0.11383E+22
   0.63180E+03   0.13279E+03   0.58448E+00   0.11388E+22
   0.63245E+03   0.13304E+03   0.58498E+00   0.11393E+22
   0.63310E+03   0.13328E+03   0.58548E+00   0.11397E+22
   0.63376E+03   0.13353E+03   0.58598E+00   0.11402E+22
   0.63441E+03   0.13377E+03   0.58648E+00   0.11407E+22
   0.63507E+03   0.13402E+03   0.58698E+00   0.11412E+22
   0.63572E+03   0.13427E+03   0.58748E+00   0.11417E+22
   0.63638E+03   0.13451E+03   0.58798E+00   0.11421E+22
   0.63703E+03   0.13476E+03   0.58848E+00   0.11426E+22
   0.63769E+03   0.13501E+03   0.58898E+00   0.11431E+22
   0.63835E+03   0.13525E+03   0.58948E+00   0.11436E+22
   0.63900E+03   0.13550E+03   0.58998E+00   0.11441E+22
   0.63966E+03   0.13575E+03   0.59048E+00   0.11445E+22
   0.64032E+03   0.13599E+03   0.59098E+00   0.11450E+22
   0.64097E+03   0.13624E+03   0.59148E+00   0.11455E+22
   0.64163E+03   0.13649E+03   0.59198E+00   0.11460E+22
   0.64229E+03   0.13674E+03   0.59248E+00   0.11465E+22
   0.64294E+03   0.13698E+03   0.59298E+00   0.11470E+22
   0.64360E+03   0.13723E+03   0.59348E+00   0.11475E+22
   0.64426E+03   0.13748E+03   0.59398E+00   0.11479E+22
   0.64492E+03   0.13773E+03   0.59448E+00   0.11484E+22
   0.64558E+03   0.13798E+03   0.59498E+00   0.11489E+22
   0.64624E+03   0.13822E+03   0.59548E+00   0.11494E+22
   0.64689E+03   0.13847E+03   0.59598E+00   0.11499E+22
   0.64755E+03   0.13872E+03   0.59648E+00   0.11504E+22
   0.64821E+03   0.13897E+03   0.59698E+00   0.11509E+22
   0.64887E+03   0.13922E+03   0.59748E+00   0.11514E+22
   0.64953E+03   0.13947E+03   0.59798E+00   0.11519E+22
   0.65019E+03   0.13972E+03   0.59848E+00   0.11523E+22
   0.65085E+03   0.13997E+03   0.59898E+00   0.11528E+22
   0.65151E+03   0.14021E+03   0.59948E+00   0.11533E+22
   0.65217E+03   0.14046E+03   0.59998E+00   0.11538E+22
   0.65283E+03   0.14071E+03   0.60048E+00   0.11543E+22
   0.65349E+03   0.14096E+03   0.60098E+00   0.11548E+22
   0.65415E+03   0.14121E+03   0.60148E+00   0.11553E+22
   0.65482E+03   0.14146E+03   0.60198E+00   0.11558E+22
   0.65548E+03   0.14171E+03   0.60248E+00   0.11563E+22
   0.65614E+03   0.14196E+03   0.60298E+00   0.11568E+22
   0.65680E+03   0.14221E+03   0.60348E+00   0.11573E+22
   0.65746E+03   0.14247E+03   0.60398E+00   0.11578E+22
   0.65813E+03   0.14272E+03   0.60448E+00   0.11583E+22
   0.65879E+03   0.14297E+03   0.60498E+00   0.11588E+22
   0.65945E+03   0.14322E+03   0.60548E+00   0.11593E+22
   0.66011E+03   0.14347E+03   0.60598E+00   0.11598E+22
   0.66078E+03   0.14372E+03   0.60648E+00   0.11603E+22
   0.66144E+03   0.14397E+03   0.60698E+00   0.11608E+22
   0.66210E+03   0.14422E+03   0.60748E+00   0.11613E+22
   0.66277E+03   0.14447E+03   0.60798E+00   0.11618E+22
   0.66343E+03   0.14473E+03   0.60848E+00   0.11623E+22
   0.66410E+03   0.14498E+03   0.60898E+00   0.11628E+22
   0.66476E+03   0.14523E+03   0.60948E+00   0.11633E+22
   0.66542E+03   0.14548E+03   0.60998E+00   0.11638E+22
   0.66609E+03   0.14573E+03   0.61048E+00   0.11643E+22
   0.66675E+03   0.14599E+03   0.61098E+00   0.11648E+22
   0.66742E+03   0.14624E+03   0.61148E+00   0.11653E+22
   0.66809E+03   0.14649E+03   0.61198E+00   0.11658E+22
   0.66875E+03   0.14674E+03   0.61248E+00   0.11663E+22
   0.66942E+03   0.14700E+03   0.61298E+00   0.11668E+22
   0.67008E+03   0.14725E+03   0.61348E+00   0.11673E+22
   0.67075E+03   0.14750E+03   0.61398E+00   0.11678E+22
   0.67142E+03   0.14776E+03   0.61448E+00   0.11683E+22
   0.67208E+03   0.14801E+03   0.61498E+00   0.11688E+22
   0.67275E+03   0.14826E+03   0.61548E+00   0.11693E+22
   0.67342E+03   0.14852E+03   0.61598E+00   0.11698E+22
   0.67408E+03   0.14877E+03   0.61648E+00   0.11703E+22
   0.67475E+03   0.14902E+03   0.61698E+00   0.11709E+22
   0.67542E+03   0.14928E+03   0.61748E+00   0.11714E+22
   0.67609E+03   0.14953E+03   0.61798E+00   0.11719E+22
   0.67675E+03   0.14978E+03   0.61848E+00   0.11724E+22
   0.67742E+03   0.15004E+03   0.61898E+00   0.11729E+22
   0.67809E+03   0.15029E+03   0.61948E+00   0.11734E+22
   0.67876E+03   0.15055E+03   0.61998E+00   0.11739E+22
   0.67943E+03   0.15080E+03   0.62048E+00   0.11744E+22
   0.68010E+03   0.15106E+03   0.62098E+00   0.11749E+22
   0.68077E+03   0.15131E+03   0.62148E+00   0.11755E+22
   0.68144E+03   0.15157E+03   0.62198E+00   0.11760E+22
   0.68211E+03   0.15182E+03   0.62248E+00   0.11765E+22
   0.68278E+03   0.15208E+03   0.62298E+00   0.11770E+22
   0.68345E+03   0.15233E+03   0.62348E+00   0.11775E+22
   0.68412E+03   0.15259E+03   0.62398E+00   0.11780E+22
   0.68479E+03   0.15284E+03   0.62448E+00   0.11785E+22
   0.68546E+03   0.15310E+03   0.62498E+00   0.11790E+22
   0.68613E+03   0.15336E+03   0.62548E+00   0.11796E+22
   0.68680E+03   0.15361E+03   0.62598E+00   0.11801E+22
   0.68747E+03   0.15387E+03   0.62648E+00   0.11806E+22
   0.68814E+03   0.15412E+03   0.62698E+00   0.11811E+22
   0.68882E+03   0.15438E+03   0.62748E+00   0.11816E+22
   0.68949E+03   0.15464E+03   0.62798E+00   0.11821E+22
   0.69016E+03   0.15489E+03   0.62848E+00   0.11827E+22
   0.69083E+03   0.15515E+03   0.62898E+00   0.11832E+22
   0.69150E+03   0.15541E+03   0.62948E+00   0.11837E+22
   0.69218E+03   0.15566E+03   0.62998E+00   0.11842E+22
   0.69285E+03   0.15592E+03   0.63048E+00   0.11847E+22
   0.69352E+03   0.15618E+03   0.63098E+00   0.11853E+22
   0.69420E+03   0.15643E+03   0.63148E+00   0.11858E+22
   0.69487E+03   0.15669E+03   0.63198E+00   0.11863E+22
   0.69554E+03   0.15695E+03   0.63248E+00   0.11868E+22
   0.69622E+03   0.15721E+03   0.63298E+00   0.11873E+22
   0.69689E+03   0.15746E+03   0.63348E+00   0.11879E+22
   0.69757E+03   0.15772E+03   0.63398E+00   0.11884E+22
   0.69824E+03   0.15798E+03   0.63448E+00   0.11889E+22
   0.69892E+03   0.15824E+03   0.63498E+00   0.11894E+22
   0.69959E+03   0.15850E+03   0.63548E+00   0.11900E+22
   0.70027E+03   0.15876E+03   0.63598E+00   0.11905E+22
   0.70094E+03   0.15901E+03   0.63648E+00   0.11910E+22
   0.70162E+03   0.15927E+03   0.63698E+00   0.11915E+22
   0.70229E+03   0.15953E+03   0.63748E+00   0.11921E+22
   0.70297E+03   0.15979E+03   0.63798E+00   0.11926E+22
   0.70365E+03   0.16005E+03   0.63848E+00   0.11931E+22
   0.70432E+03   0.16031E+03   0.63898E+00   0.11936E+22
   0.70500E+03   0.16057E+03   0.63948E+00   0.11942E+22
   0.70568E+03   0.16083E+03   0.63998E+00   0.11947E+22
   0.70635E+03   0.16109E+03   0.64048E+00   0.11952E+22
   0.70703E+03   0.16134E+03   0.64098E+00   0.11958E+22
   0.70771E+03   0.16160E+03   0.64148E+00   0.11963E+22
   0.70839E+03   0.16186E+03   0.64198E+00   0.11968E+22
   0.70906E+03   0.16212E+03   0.64248E+00   0.11973E+22
   0.70974E+03   0.16238E+03   0.64298E+00   0.11979E+22
   0.71042E+03   0.16264E+03   0.64348E+00   0.11984E+22
   0.71110E+03   0.16290E+03   0.64398E+00   0.11989E+22
   0.71178E+03   0.16316E+03   0.64448E+00   0.11995E+22
   0.71246E+03   0.16342E+03   0.64498E+00   0.12000E+22
   0.71314E+03   0.16368E+03   0.64548E+00   0.12005E+22
   0.71381E+03   0.16395E+03   0.64598E+00   0.12011E+22
   0.71449E+03   0.16421E+03   0.64648E+00   0.12016E+22
   0.71517E+03   0.16447E+03   0.64698E+00   0.12021E+22
   0.71585E+03   0.16473E+03   0.64748E+00   0.12027E+22
   0.71653E+03   0.16499E+03   0.64798E+00   0.12032E+22
   0.71721E+03   0.16525E+03   0.64848E+00   0.12037E+22
   0.71789E+03   0.16551E+03   0.64898E+00   0.12043E+22
   0.71858E+03   0.16577E+03   0.64948E+00   0.12048E+22
   0.71926E+03   0.16603E+03   0.64998E+00   0.12053E+22
   0.71994E+03   0.16630E+03   0.65048E+00   0.12059E+22
   0.72062E+03   0.16656E+03   0.65098E+00   0.12064E+22
   0.72130E+03   0.16682E+03   0.65148E+00   0.12069E+22
   0.72198E+03   0.16708E+03   0.65198E+00   0.12075E+22
   0.72266E+03   0.16734E+03   0.65248E+00   0.12080E+22
   0.72335E+03   0.16761E+03   0.65298E+00   0.12085E+22
   0.72403E+03   0.16787E+03   0.65348E+00   0.12091E+22
   0.72471E+03   0.16813E+03   0.65398E+00   0.12096E+22
   0.72539E+03   0.16839E+03   0.65448E+00   0.12102E+22
   0.72608E+03   0.16866E+03   0.65498E+00   0.12107E+22
   0.72676E+03   0.16892E+03   0.65548E+00   0.12112E+22
   0.72744E+03   0.16918E+03   0.65598E+00   0.12118E+22
   0.72813E+03   0.16944E+03   0.65648E+00   0.12123E+22
   0.72881E+03   0.16971E+03   0.65698E+00   0.12128E+22
   0.72949E+03   0.16997E+03   0.65748E+00   0.12134E+22
   0.73018E+03   0.17023E+03   0.65798E+00   0.12139E+22
   0.73086E+03   0.17050E+03   0.65848E+00   0.12145E+22
   0.73155E+03   0.17076E+03   0.65898E+00   0.12150E+22
   0.73223E+03   0.17102E+03   0.65948E+00   0.12155E+22
   0.73292E+03   0.17129E+03   0.65998E+00   0.12161E+22
   0.73360E+03   0.17155E+03   0.66048E+00   0.12166E+22
   0.73429E+03   0.17182E+03   0.66098E+00   0.12172E+22
   0.73497E+03   0.17208E+03   0.66148E+00   0.12177E+22
   0.73566E+03   0.17234E+03   0.66198E+00   0.12183E+22
   0.73634E+03   0.17261E+03   0.66248E+00   0.12188E+22
   0.73703E+03   0.17287E+03   0.66298E+00   0.12194E+22
   0.73772E+03   0.17314E+03   0.66348E+00   0.12199E+22
   0.73840E+03   0.17340E+03   0.66398E+00   0.12204E+22
   0.73909E+03   0.17367E+03   0.66448E+00   0.12210E+22
   0.73978E+03   0.17393E+03   0.66498E+00   0.12215E+22
   0.74046E+03   0.17420E+03   0.66548E+00   0.12221E+22
   0.74115E+03   0.17446E+03   0.66598E+00   0.12226E+22
   0.74184E+03   0.17473E+03   0.66648E+00   0.12232E+22
   0.74253E+03   0.17499E+03   0.66698E+00   0.12237E+22
   0.74321E+03   0.17526E+03   0.66748E+00   0.12243E+22
   0.74390E+03   0.17552E+03   0.66798E+00   0.12248E+22
   0.74459E+03   0.17579E+03   0.66848E+00   0.12254E+22
   0.74528E+03   0.17605E+03   0.66898E+00   0.12259E+22
   0.74597E+03   0.17632E+03   0.66948E+00   0.12265E+22
   0.74666E+03   0.17658E+03   0.66998E+00   0.12270E+22
   0.74735E+03   0.17685E+03   0.67048E+00   0.12275E+22
   0.74804E+03   0.17712E+03   0.67098E+00   0.12281E+22
   0.74872E+03   0.17738E+03   0.67148E+00   0.12286E+22
   0.74941E+03   0.17765E+03   0.67198E+00   0.12292E+22
   0.75010E+03   0.17792E+03   0.67248E+00   0.12297E+22
   0.75079E+03   0.17818E+03   0.67298E+00   0.12303E+22
   0.75148E+03   0.17845E+03   0.67348E+00   0.12309E+22
   0.75218E+03   0.17871E+03   0.67398E+00   0.12314E+22
   0.75287E+03   0.17898E+03   0.67448E+00   0.12320E+22
   0.75356E+03   0.17925E+03   0.67498E+00   0.12325E+22
   0.75425E+03   0.17952E+03   0.67548E+00   0.12331E+22
   0.75494E+03   0.17978E+03   0.67598E+00   0.12336E+22
   0.75563E+03   0.18005E+03   0.67648E+00   0.12342E+22
   0.75632E+03   0.18032E+03   0.67698E+00   0.12347E+22
   0.75701E+03   0.18058E+03   0.67748E+00   0.12353E+22
   0.75771E+03   0.18085E+03   0.67798E+00   0.12358E+22
   0.75840E+03   0.18112E+03   0.67848E+00   0.12364E+22
   0.75909E+03   0.18139E+03   0.67898E+00   0.12369E+22
   0.75978E+03   0.18166E+03   0.67948E+00   0.12375E+22
   0.76048E+03   0.18192E+03   0.67998E+00   0.12380E+22
   0.76117E+03   0.18219E+03   0.68048E+00   0.12386E+22
   0.76186E+03   0.18246E+03   0.68098E+00   0.12392E+22
   0.76256E+03   0.18273E+03   0.68148E+00   0.12397E+22
   0.76325E+03   0.18300E+03   0.68198E+00   0.12403E+22
   0.76394E+03   0.18327E+03   0.68248E+00   0.12408E+22
   0.76464E+03   0.18353E+03   0.68298E+00   0.12414E+22
   0.76533E+03   0.18380E+03   0.68348E+00   0.12419E+22
   0.76603E+03   0.18407E+03   0.68398E+00   0.12425E+22
   0.76672E+03   0.18434E+03   0.68448E+00   0.12430E+22
   0.76742E+03   0.18461E+03   0.68498E+00   0.12436E+22
   0.76811E+03   0.18488E+03   0.68548E+00   0.12442E+22
   0.76881E+03   0.18515E+03   0.68598E+00   0.12447E+22
   0.76950E+03   0.18542E+03   0.68648E+00   0.12453E+22
   0.77020E+03   0.18569E+03   0.68698E+00   0.12458E+22
   0.77089E+03   0.18596E+03   0.68748E+00   0.12464E+22
   0.77159E+03   0.18623E+03   0.68798E+00   0.12470E+22
   0.77229E+03   0.18649E+03   0.68848E+00   0.12475E+22
   0.77298E+03   0.18676E+03   0.68898E+00   0.12481E+22
   0.77368E+03   0.18703E+03   0.68948E+00   0.12486E+22
   0.77437E+03   0.18730E+03   0.68998E+00   0.12492E+22
   0.77507E+03   0.18757E+03   0.69048E+00   0.12498E+22
   0.77577E+03   0.18784E+03   0.69098E+00   0.12503E+22
   0.77647E+03   0.18812E+03   0.69148E+00   0.12509E+22
   0.77716E+03   0.18839E+03   0.69198E+00   0.12515E+22
   0.77786E+03   0.18866E+03   0.69248E+00   0.12520E+22
   0.77856E+03   0.18893E+03   0.69298E+00   0.12526E+22
   0.77926E+03   0.18920E+03   0.69348E+00   0.12531E+22
   0.77996E+03   0.18947E+03   0.69398E+00   0.12537E+22
   0.78065E+03   0.18974E+03   0.69448E+00   0.12543E+22
   0.78135E+03   0.19001E+03   0.69498E+00   0.12548E+22
   0.78205E+03   0.19028E+03   0.69548E+00   0.12554E+22
   0.78275E+03   0.19055E+03   0.69598E+00   0.12560E+22
   0.78345E+03   0.19082E+03   0.69648E+00   0.12565E+22
   0.78415E+03   0.19110E+03   0.69698E+00   0.12571E+22
   0.78485E+03   0.19137E+03   0.69748E+00   0.12577E+22
   0.78555E+03   0.19164E+03   0.69798E+00   0.12582E+22
   0.78625E+03   0.19191E+03   0.69848E+00   0.12588E+22
   0.78695E+03   0.19218E+03   0.69898E+00   0.12594E+22
   0.78765E+03   0.19245E+03   0.69948E+00   0.12599E+22
   0.78835E+03   0.19273E+03   0.69998E+00   0.12605E+22
   0.78905E+03   0.19300E+03   0.70048E+00   0.12611E+22
   0.78975E+03   0.19327E+03   0.70098E+00   0.12616E+22
   0.79045E+03   0.19354E+03   0.70148E+00   0.12622E+22
   0.79116E+03   0.19382E+03   0.70198E+00   0.12628E+22
   0.79186E+03   0.19409E+03   0.70248E+00   0.12633E+22
   0.79256E+03   0.19436E+03   0.70298E+00   0.12639E+22
   0.79326E+03   0.19463E+03   0.70348E+00   0.12645E+22
   0.79396E+03   0.19491E+03   0.70398E+00   0.12650E+22
   0.79467E+03   0.19518E+03   0.70448E+00   0.12656E+22
   0.79537E+03   0.19545E+03   0.70498E+00   0.12662E+22
   0.79607E+03   0.19572E+03   0.70548E+00   0.12667E+22
   0.79678E+03   0.19600E+03   0.70598E+00   0.12673E+22
   0.79748E+03   0.19627E+03   0.70648E+00   0.12679E+22
   0.79818E+03   0.19654E+03   0.70698E+00   0.12685E+22
   0.79889E+03   0.19682E+03   0.70748E+00   0.12690E+22
   0.79959E+03   0.19709E+03   0.70798E+00   0.12696E+22
   0.80029E+03   0.19737E+03   0.70848E+00   0.12702E+22
   0.80100E+03   0.19764E+03   0.70898E+00   0.12707E+22
   0.80170E+03   0.19791E+03   0.70948E+00   0.12713E+22
   0.80241E+03   0.19819E+03   0.70998E+00   0.12719E+22
   0.80311E+03   0.19846E+03   0.71048E+00   0.12725E+22
   0.80382E+03   0.19874E+03   0.71098E+00   0.12730E+22
   0.80452E+03   0.19901E+03   0.71148E+00   0.12736E+22
   0.80523E+03   0.19928E+03   0.71198E+00   0.12742E+22
   0.80593E+03   0.19956E+03   0.71248E+00   0.12747E+22
   0.80664E+03   0.19983E+03   0.71298E+00   0.12753E+22
   0.80734E+03   0.20011E+03   0.71348E+00   0.12759E+22
   0.80805E+03   0.20038E+03   0.71398E+00   0.12765E+22
   0.80876E+03   0.20066E+03   0.71448E+00   0.12770E+22
   0.80946E+03   0.20093E+03   0.71498E+00   0.12776E+22
   0.81017E+03   0.20121E+03   0.71548E+00   0.12782E+22
   0.81088E+03   0.20148E+03   0.71598E+00   0.12788E+22
   0.81158E+03   0.20176E+03   0.71648E+00   0.12793E+22
   0.81229E+03   0.20203E+03   0.71698E+00   0.12799E+22
   0.81300E+03   0.20231E+03   0.71748E+00   0.12805E+22
   0.81371E+03   0.20258E+03   0.71798E+00   0.12811E+22
   0.81441E+03   0.20286E+03   0.71848E+00   0.12817E+22
   0.81512E+03   0.20314E+03   0.71898E+00   0.12822E+22
   0.81583E+03   0.20341E+03   0.71948E+00   0.12828E+22
   0.81654E+03   0.20369E+03   0.71998E+00   0.12834E+22
   0.81725E+03   0.20396E+03   0.72048E+00   0.12840E+22
   0.81796E+03   0.20424E+03   0.72098E+00   0.12845E+22
   0.81866E+03   0.20452E+03   0.72148E+00   0.12851E+22
   0.81937E+03   0.20479E+03   0.72198E+00   0.12857E+22
   0.82008E+03   0.20507E+03   0.72248E+00   0.12863E+22
   0.82079E+03   0.20534E+03   0.72298E+00   0.12869E+22
   0.82150E+03   0.20562E+03   0.72348E+00   0.12874E+22
   0.82221E+03   0.20590E+03   0.72398E+00   0.12880E+22
   0.82292E+03   0.20617E+03   0.72448E+00   0.12886E+22
   0.82363E+03   0.20645E+03   0.72498E+00   0.12892E+22
   0.82434E+03   0.20673E+03   0.72548E+00   0.12898E+22
   0.82505E+03   0.20701E+03   0.72598E+00   0.12903E+22
   0.82576E+03   0.20728E+03   0.72648E+00   0.12909E+22
   0.82648E+03   0.20756E+03   0.72698E+00   0.12915E+22
   0.82719E+03   0.20784E+03   0.72748E+00   0.12921E+22
   0.82790E+03   0.20811E+03   0.72798E+00   0.12927E+22
   0.82861E+03   0.20839E+03   0.72848E+00   0.12932E+22
   0.82932E+03   0.20867E+03   0.72898E+00   0.12938E+22
   0.83003E+03   0.20895E+03   0.72948E+00   0.12944E+22
   0.83075E+03   0.20923E+03   0.72998E+00   0.12950E+22
   0.83146E+03   0.20950E+03   0.73048E+00   0.12956E+22
   0.83217E+03   0.20978E+03   0.73098E+00   0.12962E+22
   0.83288E+03   0.21006E+03   0.73148E+00   0.12967E+22
   0.83360E+03   0.21034E+03   0.73198E+00   0.12973E+22
   0.83431E+03   0.21062E+03   0.73248E+00   0.12979E+22
   0.83502E+03   0.21089E+03   0.73298E+00   0.12985E+22
   0.83574E+03   0.21117E+03   0.73348E+00   0.12991E+22
   0.83645E+03   0.21145E+03   0.73398E+00   0.12997E+22
   0.83717E+03   0.21173E+03   0.73448E+00   0.13002E+22
   0.83788E+03   0.21201E+03   0.73498E+00   0.13008E+22
   0.83859E+03   0.21229E+03   0.73548E+00   0.13014E+22
   0.83931E+03   0.21257E+03   0.73598E+00   0.13020E+22
   0.84002E+03   0.21284E+03   0.73648E+00   0.13026E+22
   0.84074E+03   0.21312E+03   0.73698E+00   0.13032E+22
   0.84145E+03   0.21340E+03   0.73748E+00   0.13038E+22
   0.84217E+03   0.21368E+03   0.73798E+00   0.13043E+22
   0.84288E+03   0.21396E+03   0.73848E+00   0.13049E+22
   0.84360E+03   0.21424E+03   0.73898E+00   0.13055E+22
   0.84431E+03   0.21452E+03   0.73948E+00   0.13061E+22
   0.84503E+03   0.21480E+03   0.73998E+00   0.13067E+22
   0.84575E+03   0.21508E+03   0.74048E+00   0.13073E+22
   0.84646E+03   0.21536E+03   0.74098E+00   0.13079E+22
   0.84718E+03   0.21564E+03   0.74148E+00   0.13084E+22
   0.84790E+03   0.21592E+03   0.74198E+00   0.13090E+22
   0.84861E+03   0.21620E+03   0.74248E+00   0.13096E+22
   0.84933E+03   0.21648E+03   0.74298E+00   0.13102E+22
   0.85005E+03   0.21676E+03   0.74348E+00   0.13108E+22
   0.85077E+03   0.21704E+03   0.74398E+00   0.13114E+22
   0.85148E+03   0.21732E+03   0.74448E+00   0.13120E+22
   0.85220E+03   0.21760E+03   0.74498E+00   0.13126E+22
   0.85292E+03   0.21788E+03   0.74548E+00   0.13132E+22
   0.85364E+03   0.21816E+03   0.74598E+00   0.13137E+22
   0.85436E+03   0.21844E+03   0.74648E+00   0.13143E+22
   0.85508E+03   0.21872E+03   0.74698E+00   0.13149E+22
   0.85579E+03   0.21901E+03   0.74748E+00   0.13155E+22
   0.85651E+03   0.21929E+03   0.74798E+00   0.13161E+22
   0.85723E+03   0.21957E+03   0.74848E+00   0.13167E+22
   0.85795E+03   0.21985E+03   0.74898E+00   0.13173E+22
   0.85867E+03   0.22013E+03   0.74948E+00   0.13179E+22
   0.85939E+03   0.22041E+03   0.74998E+00   0.13185E+22
   0.86011E+03   0.22069E+03   0.75048E+00   0.13191E+22
   0.86083E+03   0.22097E+03   0.75098E+00   0.13197E+22
   0.86155E+03   0.22126E+03   0.75148E+00   0.13203E+22
   0.86227E+03   0.22154E+03   0.75198E+00   0.13208E+22
   0.86299E+03   0.22182E+03   0.75248E+00   0.13214E+22
   0.86371E+03   0.22210E+03   0.75298E+00   0.13220E+22
   0.86443E+03   0.22238E+03   0.75348E+00   0.13226E+22
   0.86516E+03   0.22267E+03   0.75398E+00   0.13232E+22
   0.86588E+03   0.22295E+03   0.75448E+00   0.13238E+22
   0.86660E+03   0.22323E+03   0.75498E+00   0.13244E+22
   0.86732E+03   0.22351E+03   0.75548E+00   0.13250E+22
   0.86804E+03   0.22380E+03   0.75598E+00   0.13256E+22
   0.86877E+03   0.22408E+03   0.75648E+00   0.13262E+22
   0.86949E+03   0.22436E+03   0.75698E+00   0.13268E+22
   0.87021E+03   0.22464E+03   0.75748E+00   0.13274E+22
   0.87093E+03   0.22493E+03   0.75798E+00   0.13280E+22
   0.87166E+03   0.22521E+03   0.75848E+00   0.13286E+22
   0.87238E+03   0.22549E+03   0.75898E+00   0.13292E+22
   0.87310E+03   0.22578E+03   0.75948E+00   0.13298E+22
   0.87383E+03   0.22606E+03   0.75998E+00   0.13304E+22
   0.87455E+03   0.22634E+03   0.76048E+00   0.13310E+22
   0.87527E+03   0.22663E+03   0.76098E+00   0.13315E+22
   0.87600E+03   0.22691E+03   0.76148E+00   0.13321E+22
   0.87672E+03   0.22719E+03   0.76198E+00   0.13327E+22
   0.87745E+03   0.22748E+03   0.76248E+00   0.13333E+22
   0.87817E+03   0.22776E+03   0.76298E+00   0.13339E+22
   0.87890E+03   0.22804E+03   0.76348E+00   0.13345E+22
   0.87962E+03   0.22833E+03   0.76398E+00   0.13351E+22
   0.88035E+03   0.22861E+03   0.76448E+00   0.13357E+22
   0.88107E+03   0.22890E+03   0.76498E+00   0.13363E+22
   0.88180E+03   0.22918E+03   0.76548E+00   0.13369E+22
   0.88252E+03   0.22946E+03   0.76598E+00   0.13375E+22
   0.88325E+03   0.22975E+03   0.76648E+00   0.13381E+22
   0.88398E+03   0.23003E+03   0.76698E+00   0.13387E+22
   0.88470E+03   0.23032E+03   0.76748E+00   0.13393E+22
   0.88543E+03   0.23060E+03   0.76798E+00   0.13399E+22
   0.88615E+03   0.23089E+03   0.76848E+00   0.13405E+22
   0.88688E+03   0.23117E+03   0.76898E+00   0.13411E+22
   0.88761E+03   0.23146E+03   0.76948E+00   0.13417E+22
   0.88834E+03   0.23174E+03   0.76998E+00   0.13423E+22
   0.88906E+03   0.23203E+03   0.77048E+00   0.13429E+22
   0.88979E+03   0.23231E+03   0.77098E+00   0.13435E+22
   0.89052E+03   0.23260E+03   0.77148E+00   0.13441E+22
   0.89125E+03   0.23288E+03   0.77198E+00   0.13447E+22
   0.89197E+03   0.23317E+03   0.77248E+00   0.13453E+22
   0.89270E+03   0.23345E+03   0.77298E+00   0.13459E+22
   0.89343E+03   0.23374E+03   0.77348E+00   0.13465E+22
   0.89416E+03   0.23402E+03   0.77398E+00   0.13471E+22
   0.89489E+03   0.23431E+03   0.77448E+00   0.13477E+22
   0.89562E+03   0.23459E+03   0.77498E+00   0.13483E+22
   0.89635E+03   0.23488E+03   0.77548E+00   0.13489E+22
   0.89708E+03   0.23517E+03   0.77598E+00   0.13495E+22
   0.89781E+03   0.23545E+03   0.77648E+00   0.13501E+22
   0.89854E+03   0.23574E+03   0.77698E+00   0.13507E+22
   0.89927E+03   0.23602E+03   0.77748E+00   0.13513E+22
   0.90000E+03   0.23631E+03   0.77798E+00   0.13519E+22
   0.90073E+03   0.23660E+03   0.77848E+00   0.13525E+22
   0.90146E+03   0.23688E+03   0.77898E+00   0.13532E+22
   0.90219E+03   0.23717E+03   0.77948E+00   0.13538E+22
   0.90292E+03   0.23746E+03   0.77998E+00   0.13544E+22
   0.90365E+03   0.23774E+03   0.78048E+00   0.13550E+22
   0.90438E+03   0.23803E+03   0.78098E+00   0.13556E+22
   0.90511E+03   0.23832E+03   0.78148E+00   0.13562E+22
   0.90585E+03   0.23860E+03   0.78198E+00   0.13568E+22
   0.90658E+03   0.23889E+03   0.78248E+00   0.13574E+22
   0.90731E+03   0.23918E+03   0.78298E+00   0.13580E+22
   0.90804E+03   0.23946E+03   0.78348E+00   0.13586E+22
   0.90877E+03   0.23975E+03   0.78398E+00   0.13592E+22
   0.90951E+03   0.24004E+03   0.78448E+00   0.13598E+22
   0.91024E+03   0.24033E+03   0.78498E+00   0.13604E+22
   0.91097E+03   0.24061E+03   0.78548E+00   0.13610E+22
   0.91171E+03   0.24090E+03   0.78598E+00   0.13616E+22
   0.91244E+03   0.24119E+03   0.78648E+00   0.13622E+22
   0.91317E+03   0.24148E+03   0.78698E+00   0.13628E+22
   0.91391E+03   0.24177E+03   0.78748E+00   0.13634E+22
   0.91464E+03   0.24205E+03   0.78798E+00   0.13640E+22
   0.91537E+03   0.24234E+03   0.78848E+00   0.13647E+22
   0.91611E+03   0.24263E+03   0.78898E+00   0.13653E+22
   0.91684E+03   0.24292E+03   0.78948E+00   0.13659E+22
   0.91758E+03   0.24321E+03   0.78998E+00   0.13665E+22
   0.91831E+03   0.24349E+03   0.79048E+00   0.13671E+22
   0.91905E+03   0.24378E+03   0.79098E+00   0.13677E+22
   0.91978E+03   0.24407E+03   0.79148E+00   0.13683E+22
   0.92052E+03   0.24436E+03   0.79198E+00   0.13689E+22
   0.92125E+03   0.24465E+03   0.79248E+00   0.13695E+22
   0.92199E+03   0.24494E+03   0.79298E+00   0.13701E+22
   0.92272E+03   0.24523E+03   0.79348E+00   0.13707E+22
   0.92346E+03   0.24551E+03   0.79398E+00   0.13713E+22
   0.92420E+03   0.24580E+03   0.79448E+00   0.13720E+22
   0.92493E+03   0.24609E+03   0.79498E+00   0.13726E+22
   0.92567E+03   0.24638E+03   0.79548E+00   0.13732E+22
   0.92641E+03   0.24667E+03   0.79598E+00   0.13738E+22
   0.92714E+03   0.24696E+03   0.79648E+00   0.13744E+22
   0.92788E+03   0.24725E+03   0.79698E+00   0.13750E+22
   0.92862E+03   0.24754E+03   0.79748E+00   0.13756E+22
   0.92936E+03   0.24783E+03   0.79798E+00   0.13762E+22
   0.93009E+03   0.24812E+03   0.79848E+00   0.13768E+22
   0.93083E+03   0.24841E+03   0.79898E+00   0.13774E+22
   0.93157E+03   0.24870E+03   0.79948E+00   0.13781E+22
   0.93231E+03   0.24899E+03   0.79998E+00   0.13787E+22
   0.93305E+03   0.24928E+03   0.80048E+00   0.13793E+22
   0.93378E+03   0.24957E+03   0.80098E+00   0.13799E+22
   0.93452E+03   0.24986E+03   0.80148E+00   0.13805E+22
   0.93526E+03   0.25015E+03   0.80198E+00   0.13811E+22
   0.93600E+03   0.25044E+03   0.80248E+00   0.13817E+22
   0.93674E+03   0.25073E+03   0.80298E+00   0.13823E+22
   0.93748E+03   0.25102E+03   0.80348E+00   0.13830E+22
   0.93822E+03   0.25131E+03   0.80398E+00   0.13836E+22
   0.93896E+03   0.25160E+03   0.80448E+00   0.13842E+22
   0.93970E+03   0.25189E+03   0.80498E+00   0.13848E+22
   0.94044E+03   0.25218E+03   0.80548E+00   0.13854E+22
   0.94118E+03   0.25247E+03   0.80598E+00   0.13860E+22
   0.94192E+03   0.25276E+03   0.80648E+00   0.13866E+22
   0.94266E+03   0.25306E+03   0.80698E+00   0.13872E+22
   0.94340E+03   0.25335E+03   0.80748E+00   0.13879E+22
   0.94414E+03   0.25364E+03   0.80798E+00   0.13885E+22
   0.94488E+03   0.25393E+03   0.80848E+00   0.13891E+22
   0.94563E+03   0.25422E+03   0.80898E+00   0.13897E+22
   0.94637E+03   0.25451E+03   0.80948E+00   0.13903E+22
   0.94711E+03   0.25480E+03   0.80998E+00   0.13909E+22
   0.94785E+03   0.25509E+03   0.81048E+00   0.13915E+22
   0.94859E+03   0.25539E+03   0.81098E+00   0.13922E+22
   0.94934E+03   0.25568E+03   0.81148E+00   0.13928E+22
   0.95008E+03   0.25597E+03   0.81198E+00   0.13934E+22
   0.95082E+03   0.25626E+03   0.81248E+00   0.13940E+22
   0.95156E+03   0.25655E+03   0.81298E+00   0.13946E+22
   0.95231E+03   0.25685E+03   0.81348E+00   0.13952E+22
   0.95305E+03   0.25714E+03   0.81398E+00   0.13959E+22
   0.95379E+03   0.25743E+03   0.81448E+00   0.13965E+22
   0.95454E+03   0.25772E+03   0.81498E+00   0.13971E+22
   0.95528E+03   0.25801E+03   0.81548E+00   0.13977E+22
   0.95603E+03   0.25831E+03   0.81598E+00   0.13983E+22
   0.95677E+03   0.25860E+03   0.81648E+00   0.13989E+22
   0.95751E+03   0.25889E+03   0.81698E+00   0.13996E+22
   0.95826E+03   0.25919E+03   0.81748E+00   0.14002E+22
   0.95900E+03   0.25948E+03   0.81798E+00   0.14008E+22
   0.95975E+03   0.25977E+03   0.81848E+00   0.14014E+22
   0.96049E+03   0.26006E+03   0.81898E+00   0.14020E+22
   0.96124E+03   0.26036E+03   0.81948E+00   0.14026E+22
   0.96198E+03   0.26065E+03   0.81998E+00   0.14033E+22
   0.96273E+03   0.26094E+03   0.82048E+00   0.14039E+22
   0.96348E+03   0.26124E+03   0.82098E+00   0.14045E+22
   0.96422E+03   0.26153E+03   0.82148E+00   0.14051E+22
   0.96497E+03   0.26182E+03   0.82198E+00   0.14057E+22
   0.96571E+03   0.26212E+03   0.82248E+00   0.14064E+22
   0.96646E+03   0.26241E+03   0.82298E+00   0.14070E+22
   0.96721E+03   0.26270E+03   0.82348E+00   0.14076E+22
   0.96795E+03   0.26300E+03   0.82398E+00   0.14082E+22
   0.96870E+03   0.26329E+03   0.82448E+00   0.14088E+22
   0.96945E+03   0.26358E+03   0.82498E+00   0.14094E+22
   0.97020E+03   0.26388E+03   0.82548E+00   0.14101E+22
   0.97094E+03   0.26417E+03   0.82598E+00   0.14107E+22
   0.97169E+03   0.26447E+03   0.82648E+00   0.14113E+22
   0.97244E+03   0.26476E+03   0.82698E+00   0.14119E+22
   0.97319E+03   0.26506E+03   0.82748E+00   0.14125E+22
   0.97394E+03   0.26535E+03   0.82798E+00   0.14132E+22
   0.97468E+03   0.26564E+03   0.82848E+00   0.14138E+22
   0.97543E+03   0.26594E+03   0.82898E+00   0.14144E+22
   0.97618E+03   0.26623E+03   0.82948E+00   0.14150E+22
   0.97693E+03   0.26653E+03   0.82998E+00   0.14157E+22
   0.97768E+03   0.26682E+03   0.83048E+00   0.14163E+22
   0.97843E+03   0.26712E+03   0.83098E+00   0.14169E+22
   0.97918E+03   0.26741E+03   0.83148E+00   0.14175E+22
   0.97993E+03   0.26771E+03   0.83198E+00   0.14181E+22
   0.98068E+03   0.26800E+03   0.83248E+00   0.14188E+22
   0.98143E+03   0.26830E+03   0.83298E+00   0.14194E+22
   0.98218E+03   0.26859E+03   0.83348E+00   0.14200E+22
   0.98293E+03   0.26889E+03   0.83398E+00   0.14206E+22
   0.98368E+03   0.26918E+03   0.83448E+00   0.14212E+22
   0.98443E+03   0.26948E+03   0.83498E+00   0.14219E+22
   0.98518E+03   0.26977E+03   0.83548E+00   0.14225E+22
   0.98593E+03   0.27007E+03   0.83598E+00   0.14231E+22
   0.98668E+03   0.27036E+03   0.83648E+00   0.14237E+22
   0.98744E+03   0.27066E+03   0.83698E+00   0.14244E+22
   0.98819E+03   0.27096E+03   0.83748E+00   0.14250E+22
   0.98894E+03   0.27125E+03   0.83798E+00   0.14256E+22
   0.98969E+03   0.27155E+03   0.83848E+00   0.14262E+22
   0.99044E+03   0.27184E+03   0.83898E+00   0.14269E+22
   0.99120E+03   0.27214E+03   0.83948E+00   0.14275E+22
   0.99195E+03   0.27244E+03   0.83998E+00   0.14281E+22
   0.99270E+03   0.27273E+03   0.84048E+00   0.14287E+22
   0.99345E+03   0.27303E+03   0.84098E+00   0.14294E+22
   0.99421E+03   0.27332E+03   0.84148E+00   0.14300E+22
   0.99496E+03   0.27362E+03   0.84198E+00   0.14306E+22
   0.99571E+03   0.27392E+03   0.84248E+00   0.14312E+22
   0.99647E+03   0.27421E+03   0.84298E+00   0.14319E+22
   0.99722E+03   0.27451E+03   0.84348E+00   0.14325E+22
   0.99797E+03   0.27481E+03   0.84398E+00   0.14331E+22
   0.99873E+03   0.27510E+03   0.84448E+00   0.14337E+22
   0.99948E+03   0.27540E+03   0.84498E+00   0.14344E+22
   0.10002E+04   0.27570E+03   0.84548E+00   0.14350E+22
   0.10010E+04   0.27600E+03   0.84598E+00   0.14356E+22
   0.10017E+04   0.27629E+03   0.84648E+00   0.14362E+22
   0.10025E+04   0.27659E+03   0.84698E+00   0.14369E+22
   0.10033E+04   0.27689E+03   0.84748E+00   0.14375E+22
   0.10040E+04   0.27718E+03   0.84798E+00   0.14381E+22
   0.10048E+04   0.27748E+03   0.84848E+00   0.14387E+22
   0.10055E+04   0.27778E+03   0.84898E+00   0.14394E+22
   0.10063E+04   0.27808E+03   0.84948E+00   0.14400E+22
   0.10070E+04   0.27837E+03   0.84998E+00   0.14406E+22
   0.10078E+04   0.27867E+03   0.85048E+00   0.14412E+22
   0.10085E+04   0.27897E+03   0.85098E+00   0.14419E+22
   0.10093E+04   0.27927E+03   0.85148E+00   0.14425E+22
   0.10101E+04   0.27957E+03   0.85198E+00   0.14431E+22
   0.10108E+04   0.27986E+03   0.85248E+00   0.14438E+22
   0.10116E+04   0.28016E+03   0.85298E+00   0.14444E+22
   0.10123E+04   0.28046E+03   0.85348E+00   0.14450E+22
   0.10131E+04   0.28076E+03   0.85398E+00   0.14456E+22
   0.10138E+04   0.28106E+03   0.85448E+00   0.14463E+22
   0.10146E+04   0.28136E+03   0.85498E+00   0.14469E+22
   0.10154E+04   0.28165E+03   0.85548E+00   0.14475E+22
   0.10161E+04   0.28195E+03   0.85598E+00   0.14482E+22
   0.10169E+04   0.28225E+03   0.85648E+00   0.14488E+22
   0.10176E+04   0.28255E+03   0.85698E+00   0.14494E+22
   0.10184E+04   0.28285E+03   0.85748E+00   0.14500E+22
   0.10192E+04   0.28315E+03   0.85798E+00   0.14507E+22
   0.10199E+04   0.28345E+03   0.85848E+00   0.14513E+22
   0.10207E+04   0.28374E+03   0.85898E+00   0.14519E+22
   0.10214E+04   0.28404E+03   0.85948E+00   0.14526E+22
   0.10222E+04   0.28434E+03   0.85998E+00   0.14532E+22
   0.10230E+04   0.28464E+03   0.86048E+00   0.14538E+22
   0.10237E+04   0.28494E+03   0.86098E+00   0.14544E+22
   0.10245E+04   0.28524E+03   0.86148E+00   0.14551E+22
   0.10252E+04   0.28554E+03   0.86198E+00   0.14557E+22
   0.10260E+04   0.28584E+03   0.86248E+00   0.14563E+22
   0.10268E+04   0.28614E+03   0.86298E+00   0.14570E+22
   0.10275E+04   0.28644E+03   0.86348E+00   0.14576E+22
   0.10283E+04   0.28674E+03   0.86398E+00   0.14582E+22
   0.10290E+04   0.28704E+03   0.86448E+00   0.14589E+22
   0.10298E+04   0.28734E+03   0.86498E+00   0.14595E+22
   0.10306E+04   0.28764E+03   0.86548E+00   0.14601E+22
   0.10313E+04   0.28794E+03   0.86598E+00   0.14608E+22
   0.10321E+04   0.28824E+03   0.86648E+00   0.14614E+22
   0.10328E+04   0.28854E+03   0.86698E+00   0.14620E+22
   0.10336E+04   0.28884E+03   0.86748E+00   0.14626E+22
   0.10344E+04   0.28914E+03   0.86798E+00   0.14633E+22
   0.10351E+04   0.28944E+03   0.86848E+00   0.14639E+22
   0.10359E+04   0.28974E+03   0.86898E+00   0.14645E+22
   0.10367E+04   0.29004E+03   0.86948E+00   0.14652E+22
   0.10374E+04   0.29034E+03   0.86998E+00   0.14658E+22
   0.10382E+04   0.29064E+03   0.87048E+00   0.14664E+22
   0.10389E+04   0.29094E+03   0.87098E+00   0.14671E+22
   0.10397E+04   0.29124E+03   0.87148E+00   0.14677E+22
   0.10405E+04   0.29154E+03   0.87198E+00   0.14683E+22
   0.10412E+04   0.29184E+03   0.87248E+00   0.14690E+22
   0.10420E+04   0.29215E+03   0.87298E+00   0.14696E+22
   0.10428E+04   0.29245E+03   0.87348E+00   0.14702E+22
   0.10435E+04   0.29275E+03   0.87398E+00   0.14709E+22
   0.10443E+04   0.29305E+03   0.87448E+00   0.14715E+22
   0.10451E+04   0.29335E+03   0.87498E+00   0.14721E+22
   0.10458E+04   0.29365E+03   0.87548E+00   0.14728E+22
   0.10466E+04   0.29395E+03   0.87598E+00   0.14734E+22
   0.10474E+04   0.29425E+03   0.87648E+00   0.14740E+22
   0.10481E+04   0.29456E+03   0.87698E+00   0.14747E+22
   0.10489E+04   0.29486E+03   0.87748E+00   0.14753E+22
   0.10497E+04   0.29516E+03   0.87798E+00   0.14759E+22
   0.10504E+04   0.29546E+03   0.87848E+00   0.14766E+22
   0.10512E+04   0.29576E+03   0.87898E+00   0.14772E+22
   0.10520E+04   0.29606E+03   0.87948E+00   0.14778E+22
   0.10527E+04   0.29637E+03   0.87998E+00   0.14785E+22
   0.10535E+04   0.29667E+03   0.88048E+00   0.14791E+22
   0.10543E+04   0.29697E+03   0.88098E+00   0.14798E+22
   0.10550E+04   0.29727E+03   0.88148E+00   0.14804E+22
   0.10558E+04   0.29758E+03   0.88198E+00   0.14810E+22
   0.10566E+04   0.29788E+03   0.88248E+00   0.14817E+22
   0.10573E+04   0.29818E+03   0.88298E+00   0.14823E+22
   0.10581E+04   0.29848E+03   0.88348E+00   0.14829E+22
   0.10589E+04   0.29879E+03   0.88398E+00   0.14836E+22
   0.10596E+04   0.29909E+03   0.88448E+00   0.14842E+22
   0.10604E+04   0.29939E+03   0.88498E+00   0.14848E+22
   0.10612E+04   0.29969E+03   0.88548E+00   0.14855E+22
   0.10619E+04   0.30000E+03   0.88598E+00   0.14861E+22
   0.10627E+04   0.30030E+03   0.88648E+00   0.14867E+22
   0.10635E+04   0.30060E+03   0.88698E+00   0.14874E+22
   0.10642E+04   0.30091E+03   0.88748E+00   0.14880E+22
   0.10650E+04   0.30121E+03   0.88798E+00   0.14887E+22
   0.10658E+04   0.30151E+03   0.88848E+00   0.14893E+22
   0.10665E+04   0.30181E+03   0.88898E+00   0.14899E+22
   0.10673E+04   0.30212E+03   0.88948E+00   0.14906E+22
   0.10681E+04   0.30242E+03   0.88998E+00   0.14912E+22
   0.10689E+04   0.30273E+03   0.89048E+00   0.14918E+22
   0.10696E+04   0.30303E+03   0.89098E+00   0.14925E+22
   0.10704E+04   0.30333E+03   0.89148E+00   0.14931E+22
   0.10712E+04   0.30364E+03   0.89198E+00   0.14938E+22
   0.10719E+04   0.30394E+03   0.89248E+00   0.14944E+22
   0.10727E+04   0.30424E+03   0.89298E+00   0.14950E+22
   0.10735E+04   0.30455E+03   0.89348E+00   0.14957E+22
   0.10742E+04   0.30485E+03   0.89398E+00   0.14963E+22
   0.10750E+04   0.30516E+03   0.89448E+00   0.14969E+22
   0.10758E+04   0.30546E+03   0.89498E+00   0.14976E+22
   0.10766E+04   0.30576E+03   0.89548E+00   0.14982E+22
   0.10773E+04   0.30607E+03   0.89598E+00   0.14989E+22
   0.10781E+04   0.30637E+03   0.89648E+00   0.14995E+22
   0.10789E+04   0.30668E+03   0.89698E+00   0.15001E+22
   0.10797E+04   0.30698E+03   0.89748E+00   0.15008E+22
   0.10804E+04   0.30729E+03   0.89798E+00   0.15014E+22
   0.10812E+04   0.30759E+03   0.89848E+00   0.15021E+22
   0.10820E+04   0.30789E+03   0.89898E+00   0.15027E+22
   0.10827E+04   0.30820E+03   0.89948E+00   0.15033E+22
   0.10835E+04   0.30850E+03   0.89998E+00   0.15040E+22
   0.10843E+04   0.30881E+03   0.90048E+00   0.15046E+22
   0.10851E+04   0.30911E+03   0.90098E+00   0.15053E+22
   0.10858E+04   0.30942E+03   0.90148E+00   0.15059E+22
   0.10866E+04   0.30972E+03   0.90198E+00   0.15065E+22
   0.10874E+04   0.31003E+03   0.90248E+00   0.15072E+22
   0.10882E+04   0.31033E+03   0.90298E+00   0.15078E+22
   0.10889E+04   0.31064E+03   0.90348E+00   0.15085E+22
   0.10897E+04   0.31094E+03   0.90398E+00   0.15091E+22
   0.10905E+04   0.31125E+03   0.90448E+00   0.15097E+22
   0.10913E+04   0.31156E+03   0.90498E+00   0.15104E+22
   0.10920E+04   0.31186E+03   0.90548E+00   0.15110E+22
   0.10928E+04   0.31217E+03   0.90598E+00   0.15117E+22
   0.10936E+04   0.31247E+03   0.90648E+00   0.15123E+22
   0.10944E+04   0.31278E+03   0.90698E+00   0.15129E+22
   0.10951E+04   0.31308E+03   0.90748E+00   0.15136E+22
   0.10959E+04   0.31339E+03   0.90798E+00   0.15142E+22
   0.10967E+04   0.31370E+03   0.90848E+00   0.15149E+22
   0.10975E+04   0.31400E+03   0.90898E+00   0.15155E+22
   0.10982E+04   0.31431E+03   0.90948E+00   0.15162E+22
   0.10990E+04   0.31461E+03   0.90998E+00   0.15168E+22
   0.10998E+04   0.31492E+03   0.91048E+00   0.15174E+22
   0.11006E+04   0.31523E+03   0.91098E+00   0.15181E+22
   0.11013E+04   0.31553E+03   0.91148E+00   0.15187E+22
   0.11021E+04   0.31584E+03   0.91198E+00   0.15194E+22
   0.11029E+04   0.31615E+03   0.91248E+00   0.15200E+22
   0.11037E+04   0.31645E+03   0.91298E+00   0.15207E+22
   0.11045E+04   0.31676E+03   0.91348E+00   0.15213E+22
   0.11052E+04   0.31707E+03   0.91398E+00   0.15219E+22
   0.11060E+04   0.31737E+03   0.91448E+00   0.15226E+22
   0.11068E+04   0.31768E+03   0.91498E+00   0.15232E+22
   0.11076E+04   0.31799E+03   0.91548E+00   0.15239E+22
   0.11083E+04   0.31829E+03   0.91598E+00   0.15245E+22
   0.11091E+04   0.31860E+03   0.91648E+00   0.15252E+22
   0.11099E+04   0.31891E+03   0.91698E+00   0.15258E+22
   0.11107E+04   0.31921E+03   0.91748E+00   0.15264E+22
   0.11115E+04   0.31952E+03   0.91798E+00   0.15271E+22
   0.11122E+04   0.31983E+03   0.91848E+00   0.15277E+22
   0.11130E+04   0.32014E+03   0.91898E+00   0.15284E+22
   0.11138E+04   0.32044E+03   0.91948E+00   0.15290E+22
   0.11146E+04   0.32075E+03   0.91998E+00   0.15297E+22
   0.11154E+04   0.32106E+03   0.92048E+00   0.15303E+22
   0.11161E+04   0.32137E+03   0.92098E+00   0.15309E+22
   0.11169E+04   0.32167E+03   0.92148E+00   0.15316E+22
   0.11177E+04   0.32198E+03   0.92198E+00   0.15322E+22
   0.11185E+04   0.32229E+03   0.92248E+00   0.15329E+22
   0.11193E+04   0.32260E+03   0.92298E+00   0.15335E+22
   0.11200E+04   0.32291E+03   0.92348E+00   0.15342E+22
   0.11208E+04   0.32321E+03   0.92398E+00   0.15348E+22
   0.11216E+04   0.32352E+03   0.92448E+00   0.15355E+22
   0.11224E+04   0.32383E+03   0.92498E+00   0.15361E+22
   0.11232E+04   0.32414E+03   0.92548E+00   0.15368E+22
   0.11240E+04   0.32445E+03   0.92598E+00   0.15374E+22
   0.11247E+04   0.32475E+03   0.92648E+00   0.15380E+22
   0.11255E+04   0.32506E+03   0.92698E+00   0.15387E+22
   0.11263E+04   0.32537E+03   0.92748E+00   0.15393E+22
   0.11271E+04   0.32568E+03   0.92798E+00   0.15400E+22
   0.11279E+04   0.32599E+03   0.92848E+00   0.15406E+22
   0.11287E+04   0.32630E+03   0.92898E+00   0.15413E+22
   0.11294E+04   0.32661E+03   0.92948E+00   0.15419E+22
   0.11302E+04   0.32691E+03   0.92998E+00   0.15426E+22
   0.11310E+04   0.32722E+03   0.93048E+00   0.15432E+22
   0.11318E+04   0.32753E+03   0.93098E+00   0.15439E+22
   0.11326E+04   0.32784E+03   0.93148E+00   0.15445E+22
   0.11334E+04   0.32815E+03   0.93198E+00   0.15451E+22
   0.11341E+04   0.32846E+03   0.93248E+00   0.15458E+22
   0.11349E+04   0.32877E+03   0.93298E+00   0.15464E+22
   0.11357E+04   0.32908E+03   0.93348E+00   0.15471E+22
   0.11365E+04   0.32939E+03   0.93398E+00   0.15477E+22
   0.11373E+04   0.32970E+03   0.93448E+00   0.15484E+22
   0.11381E+04   0.33001E+03   0.93498E+00   0.15490E+22
   0.11388E+04   0.33032E+03   0.93548E+00   0.15497E+22
   0.11396E+04   0.33063E+03   0.93598E+00   0.15503E+22
   0.11404E+04   0.33094E+03   0.93648E+00   0.15510E+22
   0.11412E+04   0.33125E+03   0.93698E+00   0.15516E+22
   0.11420E+04   0.33156E+03   0.93748E+00   0.15523E+22
   0.11428E+04   0.33187E+03   0.93798E+00   0.15529E+22
   0.11436E+04   0.33217E+03   0.93848E+00   0.15536E+22
   0.11443E+04   0.33248E+03   0.93898E+00   0.15542E+22
   0.11451E+04   0.33280E+03   0.93948E+00   0.15549E+22
   0.11459E+04   0.33311E+03   0.93998E+00   0.15555E+22
   0.11467E+04   0.33342E+03   0.94048E+00   0.15562E+22
   0.11475E+04   0.33373E+03   0.94098E+00   0.15568E+22
   0.11483E+04   0.33404E+03   0.94148E+00   0.15575E+22
   0.11491E+04   0.33435E+03   0.94198E+00   0.15581E+22
   0.11499E+04   0.33466E+03   0.94248E+00   0.15588E+22
   0.11506E+04   0.33497E+03   0.94298E+00   0.15594E+22
   0.11514E+04   0.33528E+03   0.94348E+00   0.15600E+22
   0.11522E+04   0.33559E+03   0.94398E+00   0.15607E+22
   0.11530E+04   0.33590E+03   0.94448E+00   0.15613E+22
   0.11538E+04   0.33621E+03   0.94498E+00   0.15620E+22
   0.11546E+04   0.33652E+03   0.94548E+00   0.15626E+22
   0.11554E+04   0.33683E+03   0.94598E+00   0.15633E+22
   0.11562E+04   0.33714E+03   0.94648E+00   0.15639E+22
   0.11570E+04   0.33745E+03   0.94698E+00   0.15646E+22
   0.11577E+04   0.33776E+03   0.94748E+00   0.15652E+22
   0.11585E+04   0.33808E+03   0.94798E+00   0.15659E+22
   0.11593E+04   0.33839E+03   0.94848E+00   0.15665E+22
   0.11601E+04   0.33870E+03   0.94898E+00   0.15672E+22
   0.11609E+04   0.33901E+03   0.94948E+00   0.15678E+22
   0.11617E+04   0.33932E+03   0.94998E+00   0.15685E+22
   0.11625E+04   0.33963E+03   0.95048E+00   0.15691E+22
   0.11633E+04   0.33994E+03   0.95098E+00   0.15698E+22
   0.11641E+04   0.34026E+03   0.95148E+00   0.15704E+22
   0.11649E+04   0.34057E+03   0.95198E+00   0.15711E+22
   0.11656E+04   0.34088E+03   0.95248E+00   0.15717E+22
   0.11664E+04   0.34119E+03   0.95298E+00   0.15724E+22
   0.11672E+04   0.34150E+03   0.95348E+00   0.15730E+22
   0.11680E+04   0.34181E+03   0.95398E+00   0.15737E+22
   0.11688E+04   0.34213E+03   0.95448E+00   0.15743E+22
   0.11696E+04   0.34244E+03   0.95498E+00   0.15750E+22
   0.11704E+04   0.34275E+03   0.95548E+00   0.15757E+22
   0.11712E+04   0.34306E+03   0.95598E+00   0.15763E+22
   0.11720E+04   0.34338E+03   0.95648E+00   0.15770E+22
   0.11728E+04   0.34369E+03   0.95698E+00   0.15776E+22
   0.11736E+04   0.34400E+03   0.95748E+00   0.15783E+22
   0.11744E+04   0.34431E+03   0.95798E+00   0.15789E+22
   0.11751E+04   0.34463E+03   0.95848E+00   0.15796E+22
   0.11759E+04   0.34494E+03   0.95898E+00   0.15802E+22
   0.11767E+04   0.34525E+03   0.95948E+00   0.15809E+22
   0.11775E+04   0.34556E+03   0.95998E+00   0.15815E+22
   0.11783E+04   0.34588E+03   0.96048E+00   0.15822E+22
   0.11791E+04   0.34619E+03   0.96098E+00   0.15828E+22
   0.11799E+04   0.34650E+03   0.96148E+00   0.15835E+22
   0.11807E+04   0.34681E+03   0.96198E+00   0.15841E+22
   0.11815E+04   0.34713E+03   0.96248E+00   0.15848E+22
   0.11823E+04   0.34744E+03   0.96298E+00   0.15854E+22
   0.11831E+04   0.34775E+03   0.96348E+00   0.15861E+22
   0.11839E+04   0.34807E+03   0.96398E+00   0.15867E+22
   0.11847E+04   0.34838E+03   0.96448E+00   0.15874E+22
   0.11855E+04   0.34869E+03   0.96498E+00   0.15880E+22
   0.11863E+04   0.34901E+03   0.96548E+00   0.15887E+22
   0.11871E+04   0.34932E+03   0.96598E+00   0.15893E+22
   0.11878E+04   0.34963E+03   0.96648E+00   0.15900E+22
   0.11886E+04   0.34995E+03   0.96698E+00   0.15907E+22
   0.11894E+04   0.35026E+03   0.96748E+00   0.15913E+22
   0.11902E+04   0.35057E+03   0.96798E+00   0.15920E+22
   0.11910E+04   0.35089E+03   0.96848E+00   0.15926E+22
   0.11918E+04   0.35120E+03   0.96898E+00   0.15933E+22
   0.11926E+04   0.35152E+03   0.96948E+00   0.15939E+22
   0.11934E+04   0.35183E+03   0.96998E+00   0.15946E+22
   0.11942E+04   0.35214E+03   0.97048E+00   0.15952E+22
   0.11950E+04   0.35246E+03   0.97098E+00   0.15959E+22
   0.11958E+04   0.35277E+03   0.97148E+00   0.15965E+22
   0.11966E+04   0.35309E+03   0.97198E+00   0.15972E+22
   0.11974E+04   0.35340E+03   0.97248E+00   0.15978E+22
   0.11982E+04   0.35372E+03   0.97298E+00   0.15985E+22
   0.11990E+04   0.35403E+03   0.97348E+00   0.15992E+22
   0.11998E+04   0.35434E+03   0.97398E+00   0.15998E+22
   0.12006E+04   0.35466E+03   0.97448E+00   0.16005E+22
   0.12014E+04   0.35497E+03   0.97498E+00   0.16011E+22
   0.12022E+04   0.35529E+03   0.97548E+00   0.16018E+22
   0.12030E+04   0.35560E+03   0.97598E+00   0.16024E+22
   0.12038E+04   0.35592E+03   0.97648E+00   0.16031E+22
   0.12046E+04   0.35623E+03   0.97698E+00   0.16037E+22
   0.12054E+04   0.35655E+03   0.97748E+00   0.16044E+22
   0.12062E+04   0.35686E+03   0.97798E+00   0.16050E+22
   0.12070E+04   0.35718E+03   0.97848E+00   0.16057E+22
   0.12078E+04   0.35749E+03   0.97898E+00   0.16064E+22
   0.12086E+04   0.35781E+03   0.97948E+00   0.16070E+22
   0.12094E+04   0.35812E+03   0.97998E+00   0.16077E+22
   0.12102E+04   0.35844E+03   0.98048E+00   0.16083E+22
   0.12110E+04   0.35875E+03   0.98098E+00   0.16090E+22
   0.12118E+04   0.35907E+03   0.98148E+00   0.16096E+22
   0.12126E+04   0.35938E+03   0.98198E+00   0.16103E+22
   0.12134E+04   0.35970E+03   0.98248E+00   0.16109E+22
   0.12142E+04   0.36001E+03   0.98298E+00   0.16116E+22
   0.12150E+04   0.36033E+03   0.98348E+00   0.16123E+22
   0.12158E+04   0.36065E+03   0.98398E+00   0.16129E+22
   0.12166E+04   0.36096E+03   0.98448E+00   0.16136E+22
   0.12174E+04   0.36128E+03   0.98498E+00   0.16142E+22
   0.12182E+04   0.36159E+03   0.98548E+00   0.16149E+22
   0.12190E+04   0.36191E+03   0.98598E+00   0.16155E+22
   0.12198E+04   0.36223E+03   0.98648E+00   0.16162E+22
   0.12206E+04   0.36254E+03   0.98698E+00   0.16169E+22
   0.12214E+04   0.36286E+03   0.98748E+00   0.16175E+22
   0.12222E+04   0.36317E+03   0.98798E+00   0.16182E+22
   0.12230E+04   0.36349E+03   0.98848E+00   0.16188E+22
   0.12238E+04   0.36381E+03   0.98898E+00   0.16195E+22
   0.12246E+04   0.36412E+03   0.98948E+00   0.16201E+22
   0.12254E+04   0.36444E+03   0.98998E+00   0.16208E+22
   0.12262E+04   0.36476E+03   0.99048E+00   0.16215E+22
   0.12270E+04   0.36507E+03   0.99098E+00   0.16221E+22
   0.12278E+04   0.36539E+03   0.99148E+00   0.16228E+22
   0.12286E+04   0.36571E+03   0.99198E+00   0.16234E+22
   0.12294E+04   0.36602E+03   0.99248E+00   0.16241E+22
   0.12302E+04   0.36634E+03   0.99298E+00   0.16247E+22
   0.12310E+04   0.36666E+03   0.99348E+00   0.16254E+22
   0.12318E+04   0.36697E+03   0.99398E+00   0.16261E+22
   0.12326E+04   0.36729E+03   0.99448E+00   0.16267E+22
   0.12334E+04   0.36761E+03   0.99498E+00   0.16274E+22
   0.12343E+04   0.36792E+03   0.99548E+00   0.16280E+22
   0.12351E+04   0.36824E+03   0.99598E+00   0.16287E+22
   0.12359E+04   0.36856E+03   0.99648E+00   0.16293E+22
   0.12367E+04   0.36888E+03   0.99698E+00   0.16300E+22
   0.12375E+04   0.36919E+03   0.99748E+00   0.16307E+22
   0.12383E+04   0.36951E+03   0.99798E+00   0.16313E+22
   0.12391E+04   0.36983E+03   0.99848E+00   0.16320E+22
   0.12399E+04   0.37015E+03   0.99898E+00   0.16326E+22
   0.12407E+04   0.37046E+03   0.99948E+00   0.16333E+22
   0.12415E+04   0.37078E+03   0.99998E+00   0.16340E+22
   0.12423E+04   0.37110E+03   0.10005E+01   0.16346E+22
   0.12431E+04   0.37142E+03   0.10010E+01   0.16353E+22
   0.12439E+04   0.37173E+03   0.10015E+01   0.16359E+22
   0.12447E+04   0.37205E+03   0.10020E+01   0.16366E+22
   0.12455E+04   0.37237E+03   0.10025E+01   0.16373E+22
   0.12463E+04   0.37269E+03   0.10030E+01   0.16379E+22
   0.12471E+04   0.37301E+03   0.10035E+01   0.16386E+22
   0.12480E+04   0.37332E+03   0.10040E+01   0.16392E+22
   0.12488E+04   0.37364E+03   0.10045E+01   0.16399E+22
   0.12496E+04   0.37396E+03   0.10050E+01   0.16406E+22
   0.12504E+04   0.37428E+03   0.10055E+01   0.16412E+22
   0.12512E+04   0.37460E+03   0.10060E+01   0.16419E+22
   0.12520E+04   0.37491E+03   0.10065E+01   0.16425E+22
   0.12528E+04   0.37523E+03   0.10070E+01   0.16432E+22
   0.12536E+04   0.37555E+03   0.10075E+01   0.16438E+22
   0.12544E+04   0.37587E+03   0.10080E+01   0.16445E+22
   0.12552E+04   0.37619E+03   0.10085E+01   0.16452E+22
   0.12560E+04   0.37651E+03   0.10090E+01   0.16458E+22
   0.12568E+04   0.37683E+03   0.10095E+01   0.16465E+22
   0.12577E+04   0.37715E+03   0.10100E+01   0.16472E+22
   0.12585E+04   0.37746E+03   0.10105E+01   0.16478E+22
   0.12593E+04   0.37778E+03   0.10110E+01   0.16485E+22
   0.12601E+04   0.37810E+03   0.10115E+01   0.16491E+22
   0.12609E+04   0.37842E+03   0.10120E+01   0.16498E+22
   0.12617E+04   0.37874E+03   0.10125E+01   0.16505E+22
   0.12625E+04   0.37906E+03   0.10130E+01   0.16511E+22
   0.12633E+04   0.37938E+03   0.10135E+01   0.16518E+22
   0.12641E+04   0.37970E+03   0.10140E+01   0.16524E+22
   0.12649E+04   0.38002E+03   0.10145E+01   0.16531E+22
   0.12658E+04   0.38034E+03   0.10150E+01   0.16538E+22
   0.12666E+04   0.38066E+03   0.10155E+01   0.16544E+22
   0.12674E+04   0.38098E+03   0.10160E+01   0.16551E+22
   0.12682E+04   0.38130E+03   0.10165E+01   0.16557E+22
   0.12690E+04   0.38162E+03   0.10170E+01   0.16564E+22
   0.12698E+04   0.38194E+03   0.10175E+01   0.16571E+22
   0.12706E+04   0.38225E+03   0.10180E+01   0.16577E+22
   0.12714E+04   0.38257E+03   0.10185E+01   0.16584E+22
   0.12723E+04   0.38289E+03   0.10190E+01   0.16591E+22
   0.12731E+04   0.38321E+03   0.10195E+01   0.16597E+22
   0.12739E+04   0.38353E+03   0.10200E+01   0.16604E+22
   0.12747E+04   0.38385E+03   0.10205E+01   0.16610E+22
   0.12755E+04   0.38417E+03   0.10210E+01   0.16617E+22
   0.12763E+04   0.38449E+03   0.10215E+01   0.16624E+22
   0.12771E+04   0.38482E+03   0.10220E+01   0.16630E+22
   0.12779E+04   0.38514E+03   0.10225E+01   0.16637E+22
   0.12788E+04   0.38546E+03   0.10230E+01   0.16643E+22
   0.12796E+04   0.38578E+03   0.10235E+01   0.16650E+22
   0.12804E+04   0.38610E+03   0.10240E+01   0.16657E+22
   0.12812E+04   0.38642E+03   0.10245E+01   0.16663E+22
   0.12820E+04   0.38674E+03   0.10250E+01   0.16670E+22
   0.12828E+04   0.38706E+03   0.10255E+01   0.16677E+22
   0.12836E+04   0.38738E+03   0.10260E+01   0.16683E+22
   0.12845E+04   0.38770E+03   0.10265E+01   0.16690E+22
   0.12853E+04   0.38802E+03   0.10270E+01   0.16696E+22
   0.12861E+04   0.38834E+03   0.10275E+01   0.16703E+22
   0.12869E+04   0.38866E+03   0.10280E+01   0.16710E+22
   0.12877E+04   0.38898E+03   0.10285E+01   0.16716E+22
   0.12885E+04   0.38930E+03   0.10290E+01   0.16723E+22
   0.12893E+04   0.38963E+03   0.10295E+01   0.16730E+22
   0.12902E+04   0.38995E+03   0.10300E+01   0.16736E+22
   0.12910E+04   0.39027E+03   0.10305E+01   0.16743E+22
   0.12918E+04   0.39059E+03   0.10310E+01   0.16750E+22
   0.12926E+04   0.39091E+03   0.10315E+01   0.16756E+22
   0.12934E+04   0.39123E+03   0.10320E+01   0.16763E+22
   0.12942E+04   0.39155E+03   0.10325E+01   0.16769E+22
   0.12951E+04   0.39188E+03   0.10330E+01   0.16776E+22
   0.12959E+04   0.39220E+03   0.10335E+01   0.16783E+22
   0.12967E+04   0.39252E+03   0.10340E+01   0.16789E+22
   0.12975E+04   0.39284E+03   0.10345E+01   0.16796E+22
   0.12983E+04   0.39316E+03   0.10350E+01   0.16803E+22
   0.12991E+04   0.39348E+03   0.10355E+01   0.16809E+22
   0.13000E+04   0.39381E+03   0.10360E+01   0.16816E+22
   0.13008E+04   0.39413E+03   0.10365E+01   0.16823E+22
   0.13016E+04   0.39445E+03   0.10370E+01   0.16829E+22
   0.13024E+04   0.39477E+03   0.10375E+01   0.16836E+22
   0.13032E+04   0.39509E+03   0.10380E+01   0.16842E+22
   0.13040E+04   0.39542E+03   0.10385E+01   0.16849E+22
   0.13049E+04   0.39574E+03   0.10390E+01   0.16856E+22
   0.13057E+04   0.39606E+03   0.10395E+01   0.16862E+22
   0.13065E+04   0.39638E+03   0.10400E+01   0.16869E+22
   0.13073E+04   0.39671E+03   0.10405E+01   0.16876E+22
   0.13081E+04   0.39703E+03   0.10410E+01   0.16882E+22
   0.13090E+04   0.39735E+03   0.10415E+01   0.16889E+22
   0.13098E+04   0.39767E+03   0.10420E+01   0.16896E+22
   0.13106E+04   0.39800E+03   0.10425E+01   0.16902E+22
   0.13114E+04   0.39832E+03   0.10430E+01   0.16909E+22
   0.13122E+04   0.39864E+03   0.10435E+01   0.16916E+22
   0.13131E+04   0.39896E+03   0.10440E+01   0.16922E+22
   0.13139E+04   0.39929E+03   0.10445E+01   0.16929E+22
   0.13147E+04   0.39961E+03   0.10450E+01   0.16936E+22
   0.13155E+04   0.39993E+03   0.10455E+01   0.16942E+22
   0.13163E+04   0.40026E+03   0.10460E+01   0.16949E+22
   0.13172E+04   0.40058E+03   0.10465E+01   0.16956E+22
   0.13180E+04   0.40090E+03   0.10470E+01   0.16962E+22
   0.13188E+04   0.40122E+03   0.10475E+01   0.16969E+22
   0.13196E+04   0.40155E+03   0.10480E+01   0.16976E+22
   0.13204E+04   0.40187E+03   0.10485E+01   0.16982E+22
   0.13213E+04   0.40219E+03   0.10490E+01   0.16989E+22
   0.13221E+04   0.40252E+03   0.10495E+01   0.16996E+22
   0.13229E+04   0.40284E+03   0.10500E+01   0.17002E+22
   0.13237E+04   0.40317E+03   0.10505E+01   0.17009E+22
   0.13245E+04   0.40349E+03   0.10510E+01   0.17015E+22
   0.13254E+04   0.40381E+03   0.10515E+01   0.17022E+22
   0.13262E+04   0.40414E+03   0.10520E+01   0.17029E+22
   0.13270E+04   0.40446E+03   0.10525E+01   0.17035E+22
   0.13278E+04   0.40478E+03   0.10530E+01   0.17042E+22
   0.13287E+04   0.40511E+03   0.10535E+01   0.17049E+22
   0.13295E+04   0.40543E+03   0.10540E+01   0.17055E+22
   0.13303E+04   0.40576E+03   0.10545E+01   0.17062E+22
   0.13311E+04   0.40608E+03   0.10550E+01   0.17069E+22
   0.13320E+04   0.40640E+03   0.10555E+01   0.17075E+22
   0.13328E+04   0.40673E+03   0.10560E+01   0.17082E+22
   0.13336E+04   0.40705E+03   0.10565E+01   0.17089E+22
   0.13344E+04   0.40738E+03   0.10570E+01   0.17095E+22
   0.13352E+04   0.40770E+03   0.10575E+01   0.17102E+22
   0.13361E+04   0.40803E+03   0.10580E+01   0.17109E+22
   0.13369E+04   0.40835E+03   0.10585E+01   0.17116E+22
   0.13377E+04   0.40867E+03   0.10590E+01   0.17122E+22
   0.13385E+04   0.40900E+03   0.10595E+01   0.17129E+22
   0.13394E+04   0.40932E+03   0.10600E+01   0.17136E+22
   0.13402E+04   0.40965E+03   0.10605E+01   0.17142E+22
   0.13410E+04   0.40997E+03   0.10610E+01   0.17149E+22
   0.13418E+04   0.41030E+03   0.10615E+01   0.17156E+22
   0.13427E+04   0.41062E+03   0.10620E+01   0.17162E+22
   0.13435E+04   0.41095E+03   0.10625E+01   0.17169E+22
   0.13443E+04   0.41127E+03   0.10630E+01   0.17176E+22
   0.13451E+04   0.41160E+03   0.10635E+01   0.17182E+22
   0.13460E+04   0.41192E+03   0.10640E+01   0.17189E+22
   0.13468E+04   0.41225E+03   0.10645E+01   0.17196E+22
   0.13476E+04   0.41257E+03   0.10650E+01   0.17202E+22
   0.13485E+04   0.41290E+03   0.10655E+01   0.17209E+22
   0.13493E+04   0.41322E+03   0.10660E+01   0.17216E+22
   0.13501E+04   0.41355E+03   0.10665E+01   0.17222E+22
   0.13509E+04   0.41387E+03   0.10670E+01   0.17229E+22
   0.13518E+04   0.41420E+03   0.10675E+01   0.17236E+22
   0.13526E+04   0.41452E+03   0.10680E+01   0.17242E+22
   0.13534E+04   0.41485E+03   0.10685E+01   0.17249E+22
   0.13542E+04   0.41518E+03   0.10690E+01   0.17256E+22
   0.13551E+04   0.41550E+03   0.10695E+01   0.17262E+22
   0.13559E+04   0.41583E+03   0.10700E+01   0.17269E+22
   0.13567E+04   0.41615E+03   0.10705E+01   0.17276E+22
   0.13576E+04   0.41648E+03   0.10710E+01   0.17283E+22
   0.13584E+04   0.41681E+03   0.10715E+01   0.17289E+22
   0.13592E+04   0.41713E+03   0.10720E+01   0.17296E+22
   0.13600E+04   0.41746E+03   0.10725E+01   0.17303E+22
   0.13609E+04   0.41778E+03   0.10730E+01   0.17309E+22
   0.13617E+04   0.41811E+03   0.10735E+01   0.17316E+22
   0.13625E+04   0.41844E+03   0.10740E+01   0.17323E+22
   0.13634E+04   0.41876E+03   0.10745E+01   0.17329E+22
   0.13642E+04   0.41909E+03   0.10750E+01   0.17336E+22
   0.13650E+04   0.41941E+03   0.10755E+01   0.17343E+22
   0.13658E+04   0.41974E+03   0.10760E+01   0.17349E+22
   0.13667E+04   0.42007E+03   0.10765E+01   0.17356E+22
   0.13675E+04   0.42039E+03   0.10770E+01   0.17363E+22
   0.13683E+04   0.42072E+03   0.10775E+01   0.17370E+22
   0.13692E+04   0.42105E+03   0.10780E+01   0.17376E+22
   0.13700E+04   0.42137E+03   0.10785E+01   0.17383E+22
   0.13708E+04   0.42170E+03   0.10790E+01   0.17390E+22
   0.13717E+04   0.42203E+03   0.10795E+01   0.17396E+22
   0.13725E+04   0.42235E+03   0.10800E+01   0.17403E+22
   0.13733E+04   0.42268E+03   0.10805E+01   0.17410E+22
   0.13741E+04   0.42301E+03   0.10810E+01   0.17416E+22
   0.13750E+04   0.42333E+03   0.10815E+01   0.17423E+22
   0.13758E+04   0.42366E+03   0.10820E+01   0.17430E+22
   0.13766E+04   0.42399E+03   0.10825E+01   0.17437E+22
   0.13775E+04   0.42432E+03   0.10830E+01   0.17443E+22
   0.13783E+04   0.42464E+03   0.10835E+01   0.17450E+22
   0.13791E+04   0.42497E+03   0.10840E+01   0.17457E+22
   0.13800E+04   0.42530E+03   0.10845E+01   0.17463E+22
   0.13808E+04   0.42563E+03   0.10850E+01   0.17470E+22
   0.13816E+04   0.42595E+03   0.10855E+01   0.17477E+22
   0.13825E+04   0.42628E+03   0.10860E+01   0.17483E+22
   0.13833E+04   0.42661E+03   0.10865E+01   0.17490E+22
   0.13841E+04   0.42694E+03   0.10870E+01   0.17497E+22
   0.13850E+04   0.42726E+03   0.10875E+01   0.17504E+22
   0.13858E+04   0.42759E+03   0.10880E+01   0.17510E+22
   0.13866E+04   0.42792E+03   0.10885E+01   0.17517E+22
   0.13875E+04   0.42825E+03   0.10890E+01   0.17524E+22
   0.13883E+04   0.42857E+03   0.10895E+01   0.17530E+22
   0.13891E+04   0.42890E+03   0.10900E+01   0.17537E+22
   0.13900E+04   0.42923E+03   0.10905E+01   0.17544E+22
   0.13908E+04   0.42956E+03   0.10910E+01   0.17551E+22
   0.13916E+04   0.42989E+03   0.10915E+01   0.17557E+22
   0.13925E+04   0.43021E+03   0.10920E+01   0.17564E+22
   0.13933E+04   0.43054E+03   0.10925E+01   0.17571E+22
   0.13941E+04   0.43087E+03   0.10930E+01   0.17577E+22
   0.13950E+04   0.43120E+03   0.10935E+01   0.17584E+22
   0.13958E+04   0.43153E+03   0.10940E+01   0.17591E+22
   0.13966E+04   0.43186E+03   0.10945E+01   0.17598E+22
   0.13975E+04   0.43218E+03   0.10950E+01   0.17604E+22
   0.13983E+04   0.43251E+03   0.10955E+01   0.17611E+22
   0.13992E+04   0.43284E+03   0.10960E+01   0.17618E+22
   0.14000E+04   0.43317E+03   0.10965E+01   0.17624E+22
   0.14008E+04   0.43350E+03   0.10970E+01   0.17631E+22
   0.14017E+04   0.43383E+03   0.10975E+01   0.17638E+22
   0.14025E+04   0.43416E+03   0.10980E+01   0.17645E+22
   0.14033E+04   0.43449E+03   0.10985E+01   0.17651E+22
   0.14042E+04   0.43481E+03   0.10990E+01   0.17658E+22
   0.14050E+04   0.43514E+03   0.10995E+01   0.17665E+22
   0.14058E+04   0.43547E+03   0.11000E+01   0.17671E+22
   0.14067E+04   0.43580E+03   0.11005E+01   0.17678E+22
   0.14075E+04   0.43613E+03   0.11010E+01   0.17685E+22
   0.14084E+04   0.43646E+03   0.11015E+01   0.17692E+22
   0.14092E+04   0.43679E+03   0.11020E+01   0.17698E+22
   0.14100E+04   0.43712E+03   0.11025E+01   0.17705E+22
   0.14109E+04   0.43745E+03   0.11030E+01   0.17712E+22
   0.14117E+04   0.43778E+03   0.11035E+01   0.17719E+22
   0.14125E+04   0.43811E+03   0.11040E+01   0.17725E+22
   0.14134E+04   0.43844E+03   0.11045E+01   0.17732E+22
   0.14142E+04   0.43877E+03   0.11050E+01   0.17739E+22
   0.14151E+04   0.43910E+03   0.11055E+01   0.17745E+22
   0.14159E+04   0.43943E+03   0.11060E+01   0.17752E+22
   0.14167E+04   0.43975E+03   0.11065E+01   0.17759E+22
   0.14176E+04   0.44008E+03   0.11070E+01   0.17766E+22
   0.14184E+04   0.44041E+03   0.11075E+01   0.17772E+22
   0.14193E+04   0.44074E+03   0.11080E+01   0.17779E+22
   0.14201E+04   0.44107E+03   0.11085E+01   0.17786E+22
   0.14209E+04   0.44140E+03   0.11090E+01   0.17793E+22
   0.14218E+04   0.44173E+03   0.11095E+01   0.17799E+22
   0.14226E+04   0.44206E+03   0.11100E+01   0.17806E+22
   0.14235E+04   0.44239E+03   0.11105E+01   0.17813E+22
   0.14243E+04   0.44272E+03   0.11110E+01   0.17819E+22
   0.14251E+04   0.44306E+03   0.11115E+01   0.17826E+22
   0.14260E+04   0.44339E+03   0.11120E+01   0.17833E+22
   0.14268E+04   0.44372E+03   0.11125E+01   0.17840E+22
   0.14277E+04   0.44405E+03   0.11130E+01   0.17846E+22
   0.14285E+04   0.44438E+03   0.11135E+01   0.17853E+22
   0.14293E+04   0.44471E+03   0.11140E+01   0.17860E+22
   0.14302E+04   0.44504E+03   0.11145E+01   0.17867E+22
   0.14310E+04   0.44537E+03   0.11150E+01   0.17873E+22
   0.14319E+04   0.44570E+03   0.11155E+01   0.17880E+22
   0.14327E+04   0.44603E+03   0.11160E+01   0.17887E+22
   0.14335E+04   0.44636E+03   0.11165E+01   0.17894E+22
   0.14344E+04   0.44669E+03   0.11170E+01   0.17900E+22
   0.14352E+04   0.44702E+03   0.11175E+01   0.17907E+22
   0.14361E+04   0.44735E+03   0.11180E+01   0.17914E+22
   0.14369E+04   0.44768E+03   0.11185E+01   0.17921E+22
   0.14378E+04   0.44802E+03   0.11190E+01   0.17927E+22
   0.14386E+04   0.44835E+03   0.11195E+01   0.17934E+22
   0.14394E+04   0.44868E+03   0.11200E+01   0.17941E+22
   0.14403E+04   0.44901E+03   0.11205E+01   0.17948E+22
   0.14411E+04   0.44934E+03   0.11210E+01   0.17954E+22
   0.14420E+04   0.44967E+03   0.11215E+01   0.17961E+22
   0.14428E+04   0.45000E+03   0.11220E+01   0.17968E+22
   0.14437E+04   0.45033E+03   0.11225E+01   0.17975E+22
   0.14445E+04   0.45067E+03   0.11230E+01   0.17981E+22
   0.14453E+04   0.45100E+03   0.11235E+01   0.17988E+22
   0.14462E+04   0.45133E+03   0.11240E+01   0.17995E+22
   0.14470E+04   0.45166E+03   0.11245E+01   0.18002E+22
   0.14479E+04   0.45199E+03   0.11250E+01   0.18008E+22
   0.14487E+04   0.45232E+03   0.11255E+01   0.18015E+22
   0.14496E+04   0.45266E+03   0.11260E+01   0.18022E+22
   0.14504E+04   0.45299E+03   0.11265E+01   0.18029E+22
   0.14513E+04   0.45332E+03   0.11270E+01   0.18035E+22
   0.14521E+04   0.45365E+03   0.11275E+01   0.18042E+22
   0.14530E+04   0.45398E+03   0.11280E+01   0.18049E+22
   0.14538E+04   0.45432E+03   0.11285E+01   0.18056E+22
   0.14546E+04   0.45465E+03   0.11290E+01   0.18062E+22
   0.14555E+04   0.45498E+03   0.11295E+01   0.18069E+22
   0.14563E+04   0.45531E+03   0.11300E+01   0.18076E+22
   0.14572E+04   0.45564E+03   0.11305E+01   0.18083E+22
   0.14580E+04   0.45598E+03   0.11310E+01   0.18089E+22
   0.14589E+04   0.45631E+03   0.11315E+01   0.18096E+22
   0.14597E+04   0.45664E+03   0.11320E+01   0.18103E+22
   0.14606E+04   0.45697E+03   0.11325E+01   0.18110E+22
   0.14614E+04   0.45731E+03   0.11330E+01   0.18116E+22
   0.14623E+04   0.45764E+03   0.11335E+01   0.18123E+22
   0.14631E+04   0.45797E+03   0.11340E+01   0.18130E+22
   0.14640E+04   0.45830E+03   0.11345E+01   0.18137E+22
   0.14648E+04   0.45864E+03   0.11350E+01   0.18143E+22
   0.14656E+04   0.45897E+03   0.11355E+01   0.18150E+22
   0.14665E+04   0.45930E+03   0.11360E+01   0.18157E+22
   0.14673E+04   0.45964E+03   0.11365E+01   0.18164E+22
   0.14682E+04   0.45997E+03   0.11370E+01   0.18170E+22
   0.14690E+04   0.46030E+03   0.11375E+01   0.18177E+22
   0.14699E+04   0.46063E+03   0.11380E+01   0.18184E+22
   0.14707E+04   0.46097E+03   0.11385E+01   0.18191E+22
   0.14716E+04   0.46130E+03   0.11390E+01   0.18197E+22
   0.14724E+04   0.46163E+03   0.11395E+01   0.18204E+22
   0.14733E+04   0.46197E+03   0.11400E+01   0.18211E+22
   0.14741E+04   0.46230E+03   0.11405E+01   0.18218E+22
   0.14750E+04   0.46263E+03   0.11410E+01   0.18225E+22
   0.14758E+04   0.46297E+03   0.11415E+01   0.18231E+22
   0.14767E+04   0.46330E+03   0.11420E+01   0.18238E+22
   0.14775E+04   0.46363E+03   0.11425E+01   0.18245E+22
   0.14784E+04   0.46397E+03   0.11430E+01   0.18252E+22
   0.14792E+04   0.46430E+03   0.11435E+01   0.18258E+22
   0.14801E+04   0.46464E+03   0.11440E+01   0.18265E+22
   0.14809E+04   0.46497E+03   0.11445E+01   0.18272E+22
   0.14818E+04   0.46530E+03   0.11450E+01   0.18279E+22
   0.14826E+04   0.46564E+03   0.11455E+01   0.18285E+22
   0.14835E+04   0.46597E+03   0.11460E+01   0.18292E+22
   0.14843E+04   0.46630E+03   0.11465E+01   0.18299E+22
   0.14852E+04   0.46664E+03   0.11470E+01   0.18306E+22
   0.14860E+04   0.46697E+03   0.11475E+01   0.18313E+22
   0.14869E+04   0.46731E+03   0.11480E+01   0.18319E+22
   0.14877E+04   0.46764E+03   0.11485E+01   0.18326E+22
   0.14886E+04   0.46797E+03   0.11490E+01   0.18333E+22
   0.14894E+04   0.46831E+03   0.11495E+01   0.18340E+22
   0.14903E+04   0.46864E+03   0.11500E+01   0.18346E+22
   0.14911E+04   0.46898E+03   0.11505E+01   0.18353E+22
   0.14920E+04   0.46931E+03   0.11510E+01   0.18360E+22
   0.14928E+04   0.46965E+03   0.11515E+01   0.18367E+22
   0.14937E+04   0.46998E+03   0.11520E+01   0.18374E+22
   0.14945E+04   0.47032E+03   0.11525E+01   0.18380E+22
   0.14954E+04   0.47065E+03   0.11530E+01   0.18387E+22
   0.14963E+04   0.47098E+03   0.11535E+01   0.18394E+22
   0.14971E+04   0.47132E+03   0.11540E+01   0.18401E+22
   0.14980E+04   0.47165E+03   0.11545E+01   0.18407E+22
   0.14988E+04   0.47199E+03   0.11550E+01   0.18414E+22
   0.14997E+04   0.47232E+03   0.11555E+01   0.18421E+22
   0.15005E+04   0.47266E+03   0.11560E+01   0.18428E+22
   0.15014E+04   0.47299E+03   0.11565E+01   0.18435E+22
   0.15022E+04   0.47333E+03   0.11570E+01   0.18441E+22
   0.15031E+04   0.47366E+03   0.11575E+01   0.18448E+22
   0.15039E+04   0.47400E+03   0.11580E+01   0.18455E+22
   0.15048E+04   0.47433E+03   0.11585E+01   0.18462E+22
   0.15056E+04   0.47467E+03   0.11590E+01   0.18468E+22
   0.15065E+04   0.47500E+03   0.11595E+01   0.18475E+22
   0.15073E+04   0.47534E+03   0.11600E+01   0.18482E+22
   0.15082E+04   0.47568E+03   0.11605E+01   0.18489E+22
   0.15091E+04   0.47601E+03   0.11610E+01   0.18496E+22
   0.15099E+04   0.47635E+03   0.11615E+01   0.18502E+22
   0.15108E+04   0.47668E+03   0.11620E+01   0.18509E+22
   0.15116E+04   0.47702E+03   0.11625E+01   0.18516E+22
   0.15125E+04   0.47735E+03   0.11630E+01   0.18523E+22
   0.15133E+04   0.47769E+03   0.11635E+01   0.18530E+22
   0.15142E+04   0.47802E+03   0.11640E+01   0.18536E+22
   0.15150E+04   0.47836E+03   0.11645E+01   0.18543E+22
   0.15159E+04   0.47870E+03   0.11650E+01   0.18550E+22
   0.15168E+04   0.47903E+03   0.11655E+01   0.18557E+22
   0.15176E+04   0.47937E+03   0.11660E+01   0.18563E+22
   0.15185E+04   0.47970E+03   0.11665E+01   0.18570E+22
   0.15193E+04   0.48004E+03   0.11670E+01   0.18577E+22
   0.15202E+04   0.48038E+03   0.11675E+01   0.18584E+22
   0.15210E+04   0.48071E+03   0.11680E+01   0.18591E+22
   0.15219E+04   0.48105E+03   0.11685E+01   0.18597E+22
   0.15228E+04   0.48138E+03   0.11690E+01   0.18604E+22
   0.15236E+04   0.48172E+03   0.11695E+01   0.18611E+22
   0.15245E+04   0.48206E+03   0.11700E+01   0.18618E+22
   0.15253E+04   0.48239E+03   0.11705E+01   0.18625E+22
   0.15262E+04   0.48273E+03   0.11710E+01   0.18631E+22
   0.15270E+04   0.48307E+03   0.11715E+01   0.18638E+22
   0.15279E+04   0.48340E+03   0.11720E+01   0.18645E+22
   0.15288E+04   0.48374E+03   0.11725E+01   0.18652E+22
   0.15296E+04   0.48408E+03   0.11730E+01   0.18659E+22
   0.15305E+04   0.48441E+03   0.11735E+01   0.18665E+22
   0.15313E+04   0.48475E+03   0.11740E+01   0.18672E+22
   0.15322E+04   0.48509E+03   0.11745E+01   0.18679E+22
   0.15331E+04   0.48542E+03   0.11750E+01   0.18686E+22
   0.15339E+04   0.48576E+03   0.11755E+01   0.18693E+22
   0.15348E+04   0.48610E+03   0.11760E+01   0.18699E+22
   0.15356E+04   0.48643E+03   0.11765E+01   0.18706E+22
   0.15365E+04   0.48677E+03   0.11770E+01   0.18713E+22
   0.15373E+04   0.48711E+03   0.11775E+01   0.18720E+22
   0.15382E+04   0.48745E+03   0.11780E+01   0.18727E+22
   0.15391E+04   0.48778E+03   0.11785E+01   0.18733E+22
   0.15399E+04   0.48812E+03   0.11790E+01   0.18740E+22
   0.15408E+04   0.48846E+03   0.11795E+01   0.18747E+22
   0.15416E+04   0.48879E+03   0.11800E+01   0.18754E+22
   0.15425E+04   0.48913E+03   0.11805E+01   0.18761E+22
   0.15434E+04   0.48947E+03   0.11810E+01   0.18767E+22
   0.15442E+04   0.48981E+03   0.11815E+01   0.18774E+22
   0.15451E+04   0.49014E+03   0.11820E+01   0.18781E+22
   0.15460E+04   0.49048E+03   0.11825E+01   0.18788E+22
   0.15468E+04   0.49082E+03   0.11830E+01   0.18795E+22
   0.15477E+04   0.49116E+03   0.11835E+01   0.18801E+22
   0.15485E+04   0.49150E+03   0.11840E+01   0.18808E+22
   0.15494E+04   0.49183E+03   0.11845E+01   0.18815E+22
   0.15503E+04   0.49217E+03   0.11850E+01   0.18822E+22
   0.15511E+04   0.49251E+03   0.11855E+01   0.18829E+22
   0.15520E+04   0.49285E+03   0.11860E+01   0.18835E+22
   0.15528E+04   0.49318E+03   0.11865E+01   0.18842E+22
   0.15537E+04   0.49352E+03   0.11870E+01   0.18849E+22
   0.15546E+04   0.49386E+03   0.11875E+01   0.18856E+22
   0.15554E+04   0.49420E+03   0.11880E+01   0.18863E+22
   0.15563E+04   0.49454E+03   0.11885E+01   0.18869E+22
   0.15572E+04   0.49488E+03   0.11890E+01   0.18876E+22
   0.15580E+04   0.49521E+03   0.11895E+01   0.18883E+22
   0.15589E+04   0.49555E+03   0.11900E+01   0.18890E+22
   0.15597E+04   0.49589E+03   0.11905E+01   0.18897E+22
   0.15606E+04   0.49623E+03   0.11910E+01   0.18904E+22
   0.15615E+04   0.49657E+03   0.11915E+01   0.18910E+22
   0.15623E+04   0.49691E+03   0.11920E+01   0.18917E+22
   0.15632E+04   0.49724E+03   0.11925E+01   0.18924E+22
   0.15641E+04   0.49758E+03   0.11930E+01   0.18931E+22
   0.15649E+04   0.49792E+03   0.11935E+01   0.18938E+22
   0.15658E+04   0.49826E+03   0.11940E+01   0.18944E+22
   0.15667E+04   0.49860E+03   0.11945E+01   0.18951E+22
   0.15675E+04   0.49894E+03   0.11950E+01   0.18958E+22
   0.15684E+04   0.49928E+03   0.11955E+01   0.18965E+22
   0.15693E+04   0.49962E+03   0.11960E+01   0.18972E+22
   0.15701E+04   0.49995E+03   0.11965E+01   0.18979E+22
   0.15710E+04   0.50029E+03   0.11970E+01   0.18985E+22
   0.15718E+04   0.50063E+03   0.11975E+01   0.18992E+22
   0.15727E+04   0.50097E+03   0.11980E+01   0.18999E+22
   0.15736E+04   0.50131E+03   0.11985E+01   0.19006E+22
   0.15744E+04   0.50165E+03   0.11990E+01   0.19013E+22
   0.15753E+04   0.50199E+03   0.11995E+01   0.19019E+22
   0.15762E+04   0.50233E+03   0.12000E+01   0.19026E+22
   0.15770E+04   0.50267E+03   0.12005E+01   0.19033E+22
   0.15779E+04   0.50301E+03   0.12010E+01   0.19040E+22
   0.15788E+04   0.50335E+03   0.12015E+01   0.19047E+22
   0.15796E+04   0.50369E+03   0.12020E+01   0.19054E+22
   0.15805E+04   0.50403E+03   0.12025E+01   0.19060E+22
   0.15814E+04   0.50437E+03   0.12030E+01   0.19067E+22
   0.15822E+04   0.50471E+03   0.12035E+01   0.19074E+22
   0.15831E+04   0.50505E+03   0.12040E+01   0.19081E+22
   0.15840E+04   0.50539E+03   0.12045E+01   0.19088E+22
   0.15848E+04   0.50572E+03   0.12050E+01   0.19094E+22
   0.15857E+04   0.50606E+03   0.12055E+01   0.19101E+22
   0.15866E+04   0.50640E+03   0.12060E+01   0.19108E+22
   0.15874E+04   0.50674E+03   0.12065E+01   0.19115E+22
   0.15883E+04   0.50708E+03   0.12070E+01   0.19122E+22
   0.15892E+04   0.50742E+03   0.12075E+01   0.19129E+22
   0.15901E+04   0.50776E+03   0.12080E+01   0.19135E+22
   0.15909E+04   0.50811E+03   0.12085E+01   0.19142E+22
   0.15918E+04   0.50845E+03   0.12090E+01   0.19149E+22
   0.15927E+04   0.50879E+03   0.12095E+01   0.19156E+22
   0.15935E+04   0.50913E+03   0.12100E+01   0.19163E+22
   0.15944E+04   0.50947E+03   0.12105E+01   0.19170E+22
   0.15953E+04   0.50981E+03   0.12110E+01   0.19176E+22
   0.15961E+04   0.51015E+03   0.12115E+01   0.19183E+22
   0.15970E+04   0.51049E+03   0.12120E+01   0.19190E+22
   0.15979E+04   0.51083E+03   0.12125E+01   0.19197E+22
   0.15987E+04   0.51117E+03   0.12130E+01   0.19204E+22
   0.15996E+04   0.51151E+03   0.12135E+01   0.19211E+22
   0.16005E+04   0.51185E+03   0.12140E+01   0.19217E+22
   0.16014E+04   0.51219E+03   0.12145E+01   0.19224E+22
   0.16022E+04   0.51253E+03   0.12150E+01   0.19231E+22
   0.16031E+04   0.51287E+03   0.12155E+01   0.19238E+22
   0.16040E+04   0.51321E+03   0.12160E+01   0.19245E+22
   0.16048E+04   0.51355E+03   0.12165E+01   0.19252E+22
   0.16057E+04   0.51390E+03   0.12170E+01   0.19258E+22
   0.16066E+04   0.51424E+03   0.12175E+01   0.19265E+22
   0.16074E+04   0.51458E+03   0.12180E+01   0.19272E+22
   0.16083E+04   0.51492E+03   0.12185E+01   0.19279E+22
   0.16092E+04   0.51526E+03   0.12190E+01   0.19286E+22
   0.16101E+04   0.51560E+03   0.12195E+01   0.19293E+22
   0.16109E+04   0.51594E+03   0.12200E+01   0.19299E+22
   0.16118E+04   0.51628E+03   0.12205E+01   0.19306E+22
   0.16127E+04   0.51662E+03   0.12210E+01   0.19313E+22
   0.16135E+04   0.51697E+03   0.12215E+01   0.19320E+22
   0.16144E+04   0.51731E+03   0.12220E+01   0.19327E+22
   0.16153E+04   0.51765E+03   0.12225E+01   0.19334E+22
   0.16162E+04   0.51799E+03   0.12230E+01   0.19340E+22
   0.16170E+04   0.51833E+03   0.12235E+01   0.19347E+22
   0.16179E+04   0.51867E+03   0.12240E+01   0.19354E+22
   0.16188E+04   0.51902E+03   0.12245E+01   0.19361E+22
   0.16197E+04   0.51936E+03   0.12250E+01   0.19368E+22
   0.16205E+04   0.51970E+03   0.12255E+01   0.19375E+22
   0.16214E+04   0.52004E+03   0.12260E+01   0.19381E+22
   0.16223E+04   0.52038E+03   0.12265E+01   0.19388E+22
   0.16231E+04   0.52073E+03   0.12270E+01   0.19395E+22
   0.16240E+04   0.52107E+03   0.12275E+01   0.19402E+22
   0.16249E+04   0.52141E+03   0.12280E+01   0.19409E+22
   0.16258E+04   0.52175E+03   0.12285E+01   0.19416E+22
   0.16266E+04   0.52209E+03   0.12290E+01   0.19423E+22
   0.16275E+04   0.52244E+03   0.12295E+01   0.19429E+22
   0.16284E+04   0.52278E+03   0.12300E+01   0.19436E+22
   0.16293E+04   0.52312E+03   0.12305E+01   0.19443E+22
   0.16301E+04   0.52346E+03   0.12310E+01   0.19450E+22
   0.16310E+04   0.52381E+03   0.12315E+01   0.19457E+22
   0.16319E+04   0.52415E+03   0.12320E+01   0.19464E+22
   0.16328E+04   0.52449E+03   0.12325E+01   0.19470E+22
   0.16336E+04   0.52483E+03   0.12330E+01   0.19477E+22
   0.16345E+04   0.52518E+03   0.12335E+01   0.19484E+22
   0.16354E+04   0.52552E+03   0.12340E+01   0.19491E+22
   0.16363E+04   0.52586E+03   0.12345E+01   0.19498E+22
   0.16371E+04   0.52620E+03   0.12350E+01   0.19505E+22
   0.16380E+04   0.52655E+03   0.12355E+01   0.19512E+22
   0.16389E+04   0.52689E+03   0.12360E+01   0.19518E+22
   0.16398E+04   0.52723E+03   0.12365E+01   0.19525E+22
   0.16406E+04   0.52757E+03   0.12370E+01   0.19532E+22
   0.16415E+04   0.52792E+03   0.12375E+01   0.19539E+22
   0.16424E+04   0.52826E+03   0.12380E+01   0.19546E+22
   0.16433E+04   0.52860E+03   0.12385E+01   0.19553E+22
   0.16442E+04   0.52895E+03   0.12390E+01   0.19559E+22
   0.16450E+04   0.52929E+03   0.12395E+01   0.19566E+22
   0.16459E+04   0.52963E+03   0.12400E+01   0.19573E+22
   0.16468E+04   0.52998E+03   0.12405E+01   0.19580E+22
   0.16477E+04   0.53032E+03   0.12410E+01   0.19587E+22
   0.16485E+04   0.53066E+03   0.12415E+01   0.19594E+22
   0.16494E+04   0.53101E+03   0.12420E+01   0.19601E+22
   0.16503E+04   0.53135E+03   0.12425E+01   0.19607E+22
   0.16512E+04   0.53169E+03   0.12430E+01   0.19614E+22
   0.16521E+04   0.53204E+03   0.12435E+01   0.19621E+22
   0.16529E+04   0.53238E+03   0.12440E+01   0.19628E+22
   0.16538E+04   0.53272E+03   0.12445E+01   0.19635E+22
   0.16547E+04   0.53307E+03   0.12450E+01   0.19642E+22
   0.16556E+04   0.53341E+03   0.12455E+01   0.19649E+22
   0.16564E+04   0.53376E+03   0.12460E+01   0.19655E+22
   0.16573E+04   0.53410E+03   0.12465E+01   0.19662E+22
   0.16582E+04   0.53444E+03   0.12470E+01   0.19669E+22
   0.16591E+04   0.53479E+03   0.12475E+01   0.19676E+22
   0.16600E+04   0.53513E+03   0.12480E+01   0.19683E+22
   0.16608E+04   0.53547E+03   0.12485E+01   0.19690E+22
   0.16617E+04   0.53582E+03   0.12490E+01   0.19697E+22
   0.16626E+04   0.53616E+03   0.12495E+01   0.19703E+22
   0.16635E+04   0.53651E+03   0.12500E+01   0.19710E+22
   0.16644E+04   0.53685E+03   0.12505E+01   0.19717E+22
   0.16652E+04   0.53720E+03   0.12510E+01   0.19724E+22
   0.16661E+04   0.53754E+03   0.12515E+01   0.19731E+22
   0.16670E+04   0.53788E+03   0.12520E+01   0.19738E+22
   0.16679E+04   0.53823E+03   0.12525E+01   0.19745E+22
   0.16688E+04   0.53857E+03   0.12530E+01   0.19751E+22
   0.16696E+04   0.53892E+03   0.12535E+01   0.19758E+22
   0.16705E+04   0.53926E+03   0.12540E+01   0.19765E+22
   0.16714E+04   0.53961E+03   0.12545E+01   0.19772E+22
   0.16723E+04   0.53995E+03   0.12550E+01   0.19779E+22
   0.16732E+04   0.54030E+03   0.12555E+01   0.19786E+22
   0.16741E+04   0.54064E+03   0.12560E+01   0.19793E+22
   0.16749E+04   0.54099E+03   0.12565E+01   0.19799E+22
   0.16758E+04   0.54133E+03   0.12570E+01   0.19806E+22
   0.16767E+04   0.54167E+03   0.12575E+01   0.19813E+22
   0.16776E+04   0.54202E+03   0.12580E+01   0.19820E+22
   0.16785E+04   0.54236E+03   0.12585E+01   0.19827E+22
   0.16793E+04   0.54271E+03   0.12590E+01   0.19834E+22
   0.16802E+04   0.54305E+03   0.12595E+01   0.19841E+22
   0.16811E+04   0.54340E+03   0.12600E+01   0.19848E+22
   0.16820E+04   0.54374E+03   0.12605E+01   0.19854E+22
   0.16829E+04   0.54409E+03   0.12610E+01   0.19861E+22
   0.16838E+04   0.54444E+03   0.12615E+01   0.19868E+22
   0.16846E+04   0.54478E+03   0.12620E+01   0.19875E+22
   0.16855E+04   0.54513E+03   0.12625E+01   0.19882E+22
   0.16864E+04   0.54547E+03   0.12630E+01   0.19889E+22
   0.16873E+04   0.54582E+03   0.12635E+01   0.19896E+22
   0.16882E+04   0.54616E+03   0.12640E+01   0.19902E+22
   0.16891E+04   0.54651E+03   0.12645E+01   0.19909E+22
   0.16899E+04   0.54685E+03   0.12650E+01   0.19916E+22
   0.16908E+04   0.54720E+03   0.12655E+01   0.19923E+22
   0.16917E+04   0.54754E+03   0.12660E+01   0.19930E+22
   0.16926E+04   0.54789E+03   0.12665E+01   0.19937E+22
   0.16935E+04   0.54824E+03   0.12670E+01   0.19944E+22
   0.16944E+04   0.54858E+03   0.12675E+01   0.19951E+22
   0.16953E+04   0.54893E+03   0.12680E+01   0.19957E+22
   0.16961E+04   0.54927E+03   0.12685E+01   0.19964E+22
   0.16970E+04   0.54962E+03   0.12690E+01   0.19971E+22
   0.16979E+04   0.54997E+03   0.12695E+01   0.19978E+22
   0.16988E+04   0.55031E+03   0.12700E+01   0.19985E+22
   0.16997E+04   0.55066E+03   0.12705E+01   0.19992E+22
   0.17006E+04   0.55100E+03   0.12710E+01   0.19999E+22
   0.17015E+04   0.55135E+03   0.12715E+01   0.20006E+22
   0.17023E+04   0.55170E+03   0.12720E+01   0.20012E+22
   0.17032E+04   0.55204E+03   0.12725E+01   0.20019E+22
   0.17041E+04   0.55239E+03   0.12730E+01   0.20026E+22
   0.17050E+04   0.55273E+03   0.12735E+01   0.20033E+22
   0.17059E+04   0.55308E+03   0.12740E+01   0.20040E+22
   0.17068E+04   0.55343E+03   0.12745E+01   0.20047E+22
   0.17077E+04   0.55377E+03   0.12750E+01   0.20054E+22
   0.17085E+04   0.55412E+03   0.12755E+01   0.20061E+22
   0.17094E+04   0.55447E+03   0.12760E+01   0.20067E+22
   0.17103E+04   0.55481E+03   0.12765E+01   0.20074E+22
   0.17112E+04   0.55516E+03   0.12770E+01   0.20081E+22
   0.17121E+04   0.55551E+03   0.12775E+01   0.20088E+22
   0.17130E+04   0.55585E+03   0.12780E+01   0.20095E+22
   0.17139E+04   0.55620E+03   0.12785E+01   0.20102E+22
   0.17148E+04   0.55655E+03   0.12790E+01   0.20109E+22
   0.17156E+04   0.55689E+03   0.12795E+01   0.20116E+22
   0.17165E+04   0.55724E+03   0.12800E+01   0.20122E+22
   0.17174E+04   0.55759E+03   0.12805E+01   0.20129E+22
   0.17183E+04   0.55794E+03   0.12810E+01   0.20136E+22
   0.17192E+04   0.55828E+03   0.12815E+01   0.20143E+22
   0.17201E+04   0.55863E+03   0.12820E+01   0.20150E+22
   0.17210E+04   0.55898E+03   0.12825E+01   0.20157E+22
   0.17219E+04   0.55932E+03   0.12830E+01   0.20164E+22
   0.17228E+04   0.55967E+03   0.12835E+01   0.20171E+22
   0.17236E+04   0.56002E+03   0.12840E+01   0.20178E+22
   0.17245E+04   0.56037E+03   0.12845E+01   0.20184E+22
   0.17254E+04   0.56071E+03   0.12850E+01   0.20191E+22
   0.17263E+04   0.56106E+03   0.12855E+01   0.20198E+22
   0.17272E+04   0.56141E+03   0.12860E+01   0.20205E+22
   0.17281E+04   0.56176E+03   0.12865E+01   0.20212E+22
   0.17290E+04   0.56210E+03   0.12870E+01   0.20219E+22
   0.17299E+04   0.56245E+03   0.12875E+01   0.20226E+22
   0.17308E+04   0.56280E+03   0.12880E+01   0.20233E+22
   0.17316E+04   0.56315E+03   0.12885E+01   0.20239E+22
   0.17325E+04   0.56349E+03   0.12890E+01   0.20246E+22
   0.17334E+04   0.56384E+03   0.12895E+01   0.20253E+22
   0.17343E+04   0.56419E+03   0.12900E+01   0.20260E+22
   0.17352E+04   0.56454E+03   0.12905E+01   0.20267E+22
   0.17361E+04   0.56489E+03   0.12910E+01   0.20274E+22
   0.17370E+04   0.56523E+03   0.12915E+01   0.20281E+22
   0.17379E+04   0.56558E+03   0.12920E+01   0.20288E+22
   0.17388E+04   0.56593E+03   0.12925E+01   0.20295E+22
   0.17397E+04   0.56628E+03   0.12930E+01   0.20301E+22
   0.17406E+04   0.56663E+03   0.12935E+01   0.20308E+22
   0.17415E+04   0.56697E+03   0.12940E+01   0.20315E+22
   0.17423E+04   0.56732E+03   0.12945E+01   0.20322E+22
   0.17432E+04   0.56767E+03   0.12950E+01   0.20329E+22
   0.17441E+04   0.56802E+03   0.12955E+01   0.20336E+22
   0.17450E+04   0.56837E+03   0.12960E+01   0.20343E+22
   0.17459E+04   0.56872E+03   0.12965E+01   0.20350E+22
   0.17468E+04   0.56907E+03   0.12970E+01   0.20357E+22
   0.17477E+04   0.56941E+03   0.12975E+01   0.20363E+22
   0.17486E+04   0.56976E+03   0.12980E+01   0.20370E+22
   0.17495E+04   0.57011E+03   0.12985E+01   0.20377E+22
   0.17504E+04   0.57046E+03   0.12990E+01   0.20384E+22
   0.17513E+04   0.57081E+03   0.12995E+01   0.20391E+22
   0.17522E+04   0.57116E+03   0.13000E+01   0.20398E+22
   0.17531E+04   0.57151E+03   0.13005E+01   0.20405E+22
   0.17540E+04   0.57185E+03   0.13010E+01   0.20412E+22
   0.17548E+04   0.57220E+03   0.13015E+01   0.20419E+22
   0.17557E+04   0.57255E+03   0.13020E+01   0.20426E+22
   0.17566E+04   0.57290E+03   0.13025E+01   0.20432E+22
   0.17575E+04   0.57325E+03   0.13030E+01   0.20439E+22
   0.17584E+04   0.57360E+03   0.13035E+01   0.20446E+22
   0.17593E+04   0.57395E+03   0.13040E+01   0.20453E+22
   0.17602E+04   0.57430E+03   0.13045E+01   0.20460E+22
   0.17611E+04   0.57465E+03   0.13050E+01   0.20467E+22
   0.17620E+04   0.57500E+03   0.13055E+01   0.20474E+22
   0.17629E+04   0.57535E+03   0.13060E+01   0.20481E+22
   0.17638E+04   0.57570E+03   0.13065E+01   0.20488E+22
   0.17647E+04   0.57604E+03   0.13070E+01   0.20494E+22
   0.17656E+04   0.57639E+03   0.13075E+01   0.20501E+22
   0.17665E+04   0.57674E+03   0.13080E+01   0.20508E+22
   0.17674E+04   0.57709E+03   0.13085E+01   0.20515E+22
   0.17683E+04   0.57744E+03   0.13090E+01   0.20522E+22
   0.17692E+04   0.57779E+03   0.13095E+01   0.20529E+22
   0.17701E+04   0.57814E+03   0.13100E+01   0.20536E+22
   0.17710E+04   0.57849E+03   0.13105E+01   0.20543E+22
   0.17719E+04   0.57884E+03   0.13110E+01   0.20550E+22
   0.17728E+04   0.57919E+03   0.13115E+01   0.20557E+22
   0.17737E+04   0.57954E+03   0.13120E+01   0.20563E+22
   0.17745E+04   0.57989E+03   0.13125E+01   0.20570E+22
   0.17754E+04   0.58024E+03   0.13130E+01   0.20577E+22
   0.17763E+04   0.58059E+03   0.13135E+01   0.20584E+22
   0.17772E+04   0.58094E+03   0.13140E+01   0.20591E+22
   0.17781E+04   0.58129E+03   0.13145E+01   0.20598E+22
   0.17790E+04   0.58164E+03   0.13150E+01   0.20605E+22
   0.17799E+04   0.58199E+03   0.13155E+01   0.20612E+22
   0.17808E+04   0.58234E+03   0.13160E+01   0.20619E+22
   0.17817E+04   0.58269E+03   0.13165E+01   0.20626E+22
   0.17826E+04   0.58304E+03   0.13170E+01   0.20633E+22
   0.17835E+04   0.58339E+03   0.13175E+01   0.20639E+22
   0.17844E+04   0.58374E+03   0.13180E+01   0.20646E+22
   0.17853E+04   0.58409E+03   0.13185E+01   0.20653E+22
   0.17862E+04   0.58444E+03   0.13190E+01   0.20660E+22
   0.17871E+04   0.58479E+03   0.13195E+01   0.20667E+22
   0.17880E+04   0.58515E+03   0.13200E+01   0.20674E+22
   0.17889E+04   0.58550E+03   0.13205E+01   0.20681E+22
   0.17898E+04   0.58585E+03   0.13210E+01   0.20688E+22
   0.17907E+04   0.58620E+03   0.13215E+01   0.20695E+22
   0.17916E+04   0.58655E+03   0.13220E+01   0.20702E+22
   0.17925E+04   0.58690E+03   0.13225E+01   0.20708E+22
   0.17934E+04   0.58725E+03   0.13230E+01   0.20715E+22
   0.17943E+04   0.58760E+03   0.13235E+01   0.20722E+22
   0.17952E+04   0.58795E+03   0.13240E+01   0.20729E+22
   0.17961E+04   0.58830E+03   0.13245E+01   0.20736E+22
   0.17970E+04   0.58865E+03   0.13250E+01   0.20743E+22
   0.17979E+04   0.58900E+03   0.13255E+01   0.20750E+22
   0.17988E+04   0.58936E+03   0.13260E+01   0.20757E+22
   0.17997E+04   0.58971E+03   0.13265E+01   0.20764E+22
   0.18006E+04   0.59006E+03   0.13270E+01   0.20771E+22
   0.18015E+04   0.59041E+03   0.13275E+01   0.20778E+22
   0.18024E+04   0.59076E+03   0.13280E+01   0.20784E+22
   0.18033E+04   0.59111E+03   0.13285E+01   0.20791E+22
   0.18042E+04   0.59146E+03   0.13290E+01   0.20798E+22
   0.18051E+04   0.59182E+03   0.13295E+01   0.20805E+22
   0.18060E+04   0.59217E+03   0.13300E+01   0.20812E+22
   0.18069E+04   0.59252E+03   0.13305E+01   0.20819E+22
   0.18078E+04   0.59287E+03   0.13310E+01   0.20826E+22
   0.18087E+04   0.59322E+03   0.13315E+01   0.20833E+22
   0.18096E+04   0.59357E+03   0.13320E+01   0.20840E+22
   0.18105E+04   0.59392E+03   0.13325E+01   0.20847E+22
   0.18114E+04   0.59428E+03   0.13330E+01   0.20854E+22
   0.18123E+04   0.59463E+03   0.13335E+01   0.20861E+22
   0.18132E+04   0.59498E+03   0.13340E+01   0.20867E+22
   0.18141E+04   0.59533E+03   0.13345E+01   0.20874E+22
   0.18150E+04   0.59568E+03   0.13350E+01   0.20881E+22
   0.18159E+04   0.59604E+03   0.13355E+01   0.20888E+22
   0.18169E+04   0.59639E+03   0.13360E+01   0.20895E+22
   0.18178E+04   0.59674E+03   0.13365E+01   0.20902E+22
   0.18187E+04   0.59709E+03   0.13370E+01   0.20909E+22
   0.18196E+04   0.59744E+03   0.13375E+01   0.20916E+22
   0.18205E+04   0.59780E+03   0.13380E+01   0.20923E+22
   0.18214E+04   0.59815E+03   0.13385E+01   0.20930E+22
   0.18223E+04   0.59850E+03   0.13390E+01   0.20937E+22
   0.18232E+04   0.59885E+03   0.13395E+01   0.20943E+22
   0.18241E+04   0.59921E+03   0.13400E+01   0.20950E+22
   0.18250E+04   0.59956E+03   0.13405E+01   0.20957E+22
   0.18259E+04   0.59991E+03   0.13410E+01   0.20964E+22
   0.18268E+04   0.60026E+03   0.13415E+01   0.20971E+22
   0.18277E+04   0.60062E+03   0.13420E+01   0.20978E+22
   0.18286E+04   0.60097E+03   0.13425E+01   0.20985E+22
   0.18295E+04   0.60132E+03   0.13430E+01   0.20992E+22
   0.18304E+04   0.60167E+03   0.13435E+01   0.20999E+22
   0.18313E+04   0.60203E+03   0.13440E+01   0.21006E+22
   0.18322E+04   0.60238E+03   0.13445E+01   0.21013E+22
   0.18331E+04   0.60273E+03   0.13450E+01   0.21020E+22
   0.18340E+04   0.60308E+03   0.13455E+01   0.21027E+22
   0.18349E+04   0.60344E+03   0.13460E+01   0.21033E+22
   0.18358E+04   0.60379E+03   0.13465E+01   0.21040E+22
   0.18368E+04   0.60414E+03   0.13470E+01   0.21047E+22
   0.18377E+04   0.60450E+03   0.13475E+01   0.21054E+22
   0.18386E+04   0.60485E+03   0.13480E+01   0.21061E+22
   0.18395E+04   0.60520E+03   0.13485E+01   0.21068E+22
   0.18404E+04   0.60556E+03   0.13490E+01   0.21075E+22
   0.18413E+04   0.60591E+03   0.13495E+01   0.21082E+22
   0.18422E+04   0.60626E+03   0.13500E+01   0.21089E+22
   0.18431E+04   0.60662E+03   0.13505E+01   0.21096E+22
   0.18440E+04   0.60697E+03   0.13510E+01   0.21103E+22
   0.18449E+04   0.60732E+03   0.13515E+01   0.21110E+22
   0.18458E+04   0.60768E+03   0.13520E+01   0.21117E+22
   0.18467E+04   0.60803E+03   0.13525E+01   0.21123E+22
   0.18476E+04   0.60838E+03   0.13530E+01   0.21130E+22
   0.18485E+04   0.60874E+03   0.13535E+01   0.21137E+22
   0.18495E+04   0.60909E+03   0.13540E+01   0.21144E+22
   0.18504E+04   0.60944E+03   0.13545E+01   0.21151E+22
   0.18513E+04   0.60980E+03   0.13550E+01   0.21158E+22
   0.18522E+04   0.61015E+03   0.13555E+01   0.21165E+22
   0.18531E+04   0.61050E+03   0.13560E+01   0.21172E+22
   0.18540E+04   0.61086E+03   0.13565E+01   0.21179E+22
   0.18549E+04   0.61121E+03   0.13570E+01   0.21186E+22
   0.18558E+04   0.61157E+03   0.13575E+01   0.21193E+22
   0.18567E+04   0.61192E+03   0.13580E+01   0.21200E+22
   0.18576E+04   0.61227E+03   0.13585E+01   0.21207E+22
   0.18585E+04   0.61263E+03   0.13590E+01   0.21213E+22
   0.18594E+04   0.61298E+03   0.13595E+01   0.21220E+22
   0.18604E+04   0.61334E+03   0.13600E+01   0.21227E+22
   0.18613E+04   0.61369E+03   0.13605E+01   0.21234E+22
   0.18622E+04   0.61404E+03   0.13610E+01   0.21241E+22
   0.18631E+04   0.61440E+03   0.13615E+01   0.21248E+22
   0.18640E+04   0.61475E+03   0.13620E+01   0.21255E+22
   0.18649E+04   0.61511E+03   0.13625E+01   0.21262E+22
   0.18658E+04   0.61546E+03   0.13630E+01   0.21269E+22
   0.18667E+04   0.61582E+03   0.13635E+01   0.21276E+22
   0.18676E+04   0.61617E+03   0.13640E+01   0.21283E+22
   0.18685E+04   0.61653E+03   0.13645E+01   0.21290E+22
   0.18695E+04   0.61688E+03   0.13650E+01   0.21297E+22
   0.18704E+04   0.61723E+03   0.13655E+01   0.21304E+22
   0.18713E+04   0.61759E+03   0.13660E+01   0.21311E+22
   0.18722E+04   0.61794E+03   0.13665E+01   0.21317E+22
   0.18731E+04   0.61830E+03   0.13670E+01   0.21324E+22
   0.18740E+04   0.61865E+03   0.13675E+01   0.21331E+22
   0.18749E+04   0.61901E+03   0.13680E+01   0.21338E+22
   0.18758E+04   0.61936E+03   0.13685E+01   0.21345E+22
   0.18767E+04   0.61972E+03   0.13690E+01   0.21352E+22
   0.18777E+04   0.62007E+03   0.13695E+01   0.21359E+22
   0.18786E+04   0.62043E+03   0.13700E+01   0.21366E+22
   0.18795E+04   0.62078E+03   0.13705E+01   0.21373E+22
   0.18804E+04   0.62114E+03   0.13710E+01   0.21380E+22
   0.18813E+04   0.62149E+03   0.13715E+01   0.21387E+22
   0.18822E+04   0.62185E+03   0.13720E+01   0.21394E+22
   0.18831E+04   0.62220E+03   0.13725E+01   0.21401E+22
   0.18840E+04   0.62256E+03   0.13730E+01   0.21408E+22
   0.18850E+04   0.62291E+03   0.13735E+01   0.21415E+22
   0.18859E+04   0.62327E+03   0.13740E+01   0.21421E+22
   0.18868E+04   0.62362E+03   0.13745E+01   0.21428E+22
   0.18877E+04   0.62398E+03   0.13750E+01   0.21435E+22
   0.18886E+04   0.62434E+03   0.13755E+01   0.21442E+22
   0.18895E+04   0.62469E+03   0.13760E+01   0.21449E+22
   0.18904E+04   0.62505E+03   0.13765E+01   0.21456E+22
   0.18914E+04   0.62540E+03   0.13770E+01   0.21463E+22
   0.18923E+04   0.62576E+03   0.13775E+01   0.21470E+22
   0.18932E+04   0.62611E+03   0.13780E+01   0.21477E+22
   0.18941E+04   0.62647E+03   0.13785E+01   0.21484E+22
   0.18950E+04   0.62682E+03   0.13790E+01   0.21491E+22
   0.18959E+04   0.62718E+03   0.13795E+01   0.21498E+22
   0.18968E+04   0.62754E+03   0.13800E+01   0.21505E+22
   0.18978E+04   0.62789E+03   0.13805E+01   0.21512E+22
   0.18987E+04   0.62825E+03   0.13810E+01   0.21519E+22
   0.18996E+04   0.62860E+03   0.13815E+01   0.21526E+22
   0.19005E+04   0.62896E+03   0.13820E+01   0.21532E+22
   0.19014E+04   0.62932E+03   0.13825E+01   0.21539E+22
   0.19023E+04   0.62967E+03   0.13830E+01   0.21546E+22
   0.19032E+04   0.63003E+03   0.13835E+01   0.21553E+22
   0.19042E+04   0.63038E+03   0.13840E+01   0.21560E+22
   0.19051E+04   0.63074E+03   0.13845E+01   0.21567E+22
   0.19060E+04   0.63110E+03   0.13850E+01   0.21574E+22
   0.19069E+04   0.63145E+03   0.13855E+01   0.21581E+22
   0.19078E+04   0.63181E+03   0.13860E+01   0.21588E+22
   0.19087E+04   0.63217E+03   0.13865E+01   0.21595E+22
   0.19097E+04   0.63252E+03   0.13870E+01   0.21602E+22
   0.19106E+04   0.63288E+03   0.13875E+01   0.21609E+22
   0.19115E+04   0.63324E+03   0.13880E+01   0.21616E+22
   0.19124E+04   0.63359E+03   0.13885E+01   0.21623E+22
   0.19133E+04   0.63395E+03   0.13890E+01   0.21630E+22
   0.19142E+04   0.63431E+03   0.13895E+01   0.21637E+22
   0.19152E+04   0.63466E+03   0.13900E+01   0.21644E+22
   0.19161E+04   0.63502E+03   0.13905E+01   0.21650E+22
   0.19170E+04   0.63538E+03   0.13910E+01   0.21657E+22
   0.19179E+04   0.63573E+03   0.13915E+01   0.21664E+22
   0.19188E+04   0.63609E+03   0.13920E+01   0.21671E+22
   0.19197E+04   0.63645E+03   0.13925E+01   0.21678E+22
   0.19207E+04   0.63680E+03   0.13930E+01   0.21685E+22
   0.19216E+04   0.63716E+03   0.13935E+01   0.21692E+22
   0.19225E+04   0.63752E+03   0.13940E+01   0.21699E+22
   0.19234E+04   0.63787E+03   0.13945E+01   0.21706E+22
   0.19243E+04   0.63823E+03   0.13950E+01   0.21713E+22
   0.19253E+04   0.63859E+03   0.13955E+01   0.21720E+22
   0.19262E+04   0.63895E+03   0.13960E+01   0.21727E+22
   0.19271E+04   0.63930E+03   0.13965E+01   0.21734E+22
   0.19280E+04   0.63966E+03   0.13970E+01   0.21741E+22
   0.19289E+04   0.64002E+03   0.13975E+01   0.21748E+22
   0.19298E+04   0.64038E+03   0.13980E+01   0.21755E+22
   0.19308E+04   0.64073E+03   0.13985E+01   0.21762E+22
   0.19317E+04   0.64109E+03   0.13990E+01   0.21769E+22
   0.19326E+04   0.64145E+03   0.13995E+01   0.21776E+22
   0.19335E+04   0.64181E+03   0.14000E+01   0.21782E+22
   0.19344E+04   0.64216E+03   0.14005E+01   0.21789E+22
   0.19354E+04   0.64252E+03   0.14010E+01   0.21796E+22
   0.19363E+04   0.64288E+03   0.14015E+01   0.21803E+22
   0.19372E+04   0.64324E+03   0.14020E+01   0.21810E+22
   0.19381E+04   0.64359E+03   0.14025E+01   0.21817E+22
   0.19390E+04   0.64395E+03   0.14030E+01   0.21824E+22
   0.19400E+04   0.64431E+03   0.14035E+01   0.21831E+22
   0.19409E+04   0.64467E+03   0.14040E+01   0.21838E+22
   0.19418E+04   0.64503E+03   0.14045E+01   0.21845E+22
   0.19427E+04   0.64538E+03   0.14050E+01   0.21852E+22
   0.19437E+04   0.64574E+03   0.14055E+01   0.21859E+22
   0.19446E+04   0.64610E+03   0.14060E+01   0.21866E+22
   0.19455E+04   0.64646E+03   0.14065E+01   0.21873E+22
   0.19464E+04   0.64682E+03   0.14070E+01   0.21880E+22
   0.19473E+04   0.64717E+03   0.14075E+01   0.21887E+22
   0.19483E+04   0.64753E+03   0.14080E+01   0.21894E+22
   0.19492E+04   0.64789E+03   0.14085E+01   0.21901E+22
   0.19501E+04   0.64825E+03   0.14090E+01   0.21908E+22
   0.19510E+04   0.64861E+03   0.14095E+01   0.21915E+22
   0.19519E+04   0.64897E+03   0.14100E+01   0.21922E+22
   0.19529E+04   0.64932E+03   0.14105E+01   0.21928E+22
   0.19538E+04   0.64968E+03   0.14110E+01   0.21935E+22
   0.19547E+04   0.65004E+03   0.14115E+01   0.21942E+22
   0.19556E+04   0.65040E+03   0.14120E+01   0.21949E+22
   0.19566E+04   0.65076E+03   0.14125E+01   0.21956E+22
   0.19575E+04   0.65112E+03   0.14130E+01   0.21963E+22
   0.19584E+04   0.65148E+03   0.14135E+01   0.21970E+22
   0.19593E+04   0.65183E+03   0.14140E+01   0.21977E+22
   0.19603E+04   0.65219E+03   0.14145E+01   0.21984E+22
   0.19612E+04   0.65255E+03   0.14150E+01   0.21991E+22
   0.19621E+04   0.65291E+03   0.14155E+01   0.21998E+22
   0.19630E+04   0.65327E+03   0.14160E+01   0.22005E+22
   0.19639E+04   0.65363E+03   0.14165E+01   0.22012E+22
   0.19649E+04   0.65399E+03   0.14170E+01   0.22019E+22
   0.19658E+04   0.65435E+03   0.14175E+01   0.22026E+22
   0.19667E+04   0.65471E+03   0.14180E+01   0.22033E+22
   0.19676E+04   0.65506E+03   0.14185E+01   0.22040E+22
   0.19686E+04   0.65542E+03   0.14190E+01   0.22047E+22
   0.19695E+04   0.65578E+03   0.14195E+01   0.22054E+22
   0.19704E+04   0.65614E+03   0.14200E+01   0.22061E+22
   0.19713E+04   0.65650E+03   0.14205E+01   0.22068E+22
   0.19723E+04   0.65686E+03   0.14210E+01   0.22075E+22
   0.19732E+04   0.65722E+03   0.14215E+01   0.22082E+22
   0.19741E+04   0.65758E+03   0.14220E+01   0.22088E+22
   0.19750E+04   0.65794E+03   0.14225E+01   0.22095E+22
   0.19760E+04   0.65830E+03   0.14230E+01   0.22102E+22
   0.19769E+04   0.65866E+03   0.14235E+01   0.22109E+22
   0.19778E+04   0.65902E+03   0.14240E+01   0.22116E+22
   0.19787E+04   0.65938E+03   0.14245E+01   0.22123E+22
   0.19797E+04   0.65974E+03   0.14250E+01   0.22130E+22
   0.19806E+04   0.66010E+03   0.14255E+01   0.22137E+22
   0.19815E+04   0.66046E+03   0.14260E+01   0.22144E+22
   0.19825E+04   0.66082E+03   0.14265E+01   0.22151E+22
   0.19834E+04   0.66118E+03   0.14270E+01   0.22158E+22
   0.19843E+04   0.66154E+03   0.14275E+01   0.22165E+22
   0.19852E+04   0.66190E+03   0.14280E+01   0.22172E+22
   0.19862E+04   0.66226E+03   0.14285E+01   0.22179E+22
   0.19871E+04   0.66262E+03   0.14290E+01   0.22186E+22
   0.19880E+04   0.66298E+03   0.14295E+01   0.22193E+22
   0.19889E+04   0.66334E+03   0.14300E+01   0.22200E+22
   0.19899E+04   0.66370E+03   0.14305E+01   0.22207E+22
   0.19908E+04   0.66406E+03   0.14310E+01   0.22214E+22
   0.19917E+04   0.66442E+03   0.14315E+01   0.22221E+22
   0.19927E+04   0.66478E+03   0.14320E+01   0.22228E+22
   0.19936E+04   0.66514E+03   0.14325E+01   0.22235E+22
   0.19945E+04   0.66550E+03   0.14330E+01   0.22242E+22
   0.19954E+04   0.66586E+03   0.14335E+01   0.22249E+22
   0.19964E+04   0.66622E+03   0.14340E+01   0.22256E+22
   0.19973E+04   0.66658E+03   0.14345E+01   0.22263E+22
   0.19982E+04   0.66694E+03   0.14350E+01   0.22270E+22
   0.19991E+04   0.66730E+03   0.14355E+01   0.22276E+22
   0.20001E+04   0.66766E+03   0.14360E+01   0.22283E+22
   0.20010E+04   0.66802E+03   0.14365E+01   0.22290E+22
   0.20019E+04   0.66838E+03   0.14370E+01   0.22297E+22
   0.20029E+04   0.66874E+03   0.14375E+01   0.22304E+22
   0.20038E+04   0.66910E+03   0.14380E+01   0.22311E+22
   0.20047E+04   0.66946E+03   0.14385E+01   0.22318E+22
   0.20057E+04   0.66982E+03   0.14390E+01   0.22325E+22
   0.20066E+04   0.67018E+03   0.14395E+01   0.22332E+22
   0.20075E+04   0.67055E+03   0.14400E+01   0.22339E+22
   0.20084E+04   0.67091E+03   0.14405E+01   0.22346E+22
   0.20094E+04   0.67127E+03   0.14410E+01   0.22353E+22
   0.20103E+04   0.67163E+03   0.14415E+01   0.22360E+22
   0.20112E+04   0.67199E+03   0.14420E+01   0.22367E+22
   0.20122E+04   0.67235E+03   0.14425E+01   0.22374E+22
   0.20131E+04   0.67271E+03   0.14430E+01   0.22381E+22
   0.20140E+04   0.67307E+03   0.14435E+01   0.22388E+22
   0.20150E+04   0.67343E+03   0.14440E+01   0.22395E+22
   0.20159E+04   0.67380E+03   0.14445E+01   0.22402E+22
   0.20168E+04   0.67416E+03   0.14450E+01   0.22409E+22
   0.20177E+04   0.67452E+03   0.14455E+01   0.22416E+22
   0.20187E+04   0.67488E+03   0.14460E+01   0.22423E+22
   0.20196E+04   0.67524E+03   0.14465E+01   0.22430E+22
   0.20205E+04   0.67560E+03   0.14470E+01   0.22437E+22
   0.20215E+04   0.67596E+03   0.14475E+01   0.22444E+22
   0.20224E+04   0.67633E+03   0.14480E+01   0.22451E+22
   0.20233E+04   0.67669E+03   0.14485E+01   0.22458E+22
   0.20243E+04   0.67705E+03   0.14490E+01   0.22465E+22
   0.20252E+04   0.67741E+03   0.14495E+01   0.22472E+22
   0.20261E+04   0.67777E+03   0.14500E+01   0.22479E+22
   0.20271E+04   0.67813E+03   0.14505E+01   0.22486E+22
   0.20280E+04   0.67850E+03   0.14510E+01   0.22493E+22
   0.20289E+04   0.67886E+03   0.14515E+01   0.22500E+22
   0.20299E+04   0.67922E+03   0.14520E+01   0.22507E+22
   0.20308E+04   0.67958E+03   0.14525E+01   0.22513E+22
   0.20317E+04   0.67994E+03   0.14530E+01   0.22520E+22
   0.20327E+04   0.68031E+03   0.14535E+01   0.22527E+22
   0.20336E+04   0.68067E+03   0.14540E+01   0.22534E+22
   0.20345E+04   0.68103E+03   0.14545E+01   0.22541E+22
   0.20355E+04   0.68139E+03   0.14550E+01   0.22548E+22
   0.20364E+04   0.68175E+03   0.14555E+01   0.22555E+22
   0.20373E+04   0.68212E+03   0.14560E+01   0.22562E+22
   0.20383E+04   0.68248E+03   0.14565E+01   0.22569E+22
   0.20392E+04   0.68284E+03   0.14570E+01   0.22576E+22
   0.20401E+04   0.68320E+03   0.14575E+01   0.22583E+22
   0.20411E+04   0.68357E+03   0.14580E+01   0.22590E+22
   0.20420E+04   0.68393E+03   0.14585E+01   0.22597E+22
   0.20429E+04   0.68429E+03   0.14590E+01   0.22604E+22
   0.20439E+04   0.68465E+03   0.14595E+01   0.22611E+22
   0.20448E+04   0.68502E+03   0.14600E+01   0.22618E+22
   0.20457E+04   0.68538E+03   0.14605E+01   0.22625E+22
   0.20467E+04   0.68574E+03   0.14610E+01   0.22632E+22
   0.20476E+04   0.68610E+03   0.14615E+01   0.22639E+22
   0.20485E+04   0.68647E+03   0.14620E+01   0.22646E+22
   0.20495E+04   0.68683E+03   0.14625E+01   0.22653E+22
   0.20504E+04   0.68719E+03   0.14630E+01   0.22660E+22
   0.20514E+04   0.68755E+03   0.14635E+01   0.22667E+22
   0.20523E+04   0.68792E+03   0.14640E+01   0.22674E+22
   0.20532E+04   0.68828E+03   0.14645E+01   0.22681E+22
   0.20542E+04   0.68864E+03   0.14650E+01   0.22688E+22
   0.20551E+04   0.68901E+03   0.14655E+01   0.22695E+22
   0.20560E+04   0.68937E+03   0.14660E+01   0.22702E+22
   0.20570E+04   0.68973E+03   0.14665E+01   0.22709E+22
   0.20579E+04   0.69010E+03   0.14670E+01   0.22716E+22
   0.20588E+04   0.69046E+03   0.14675E+01   0.22723E+22
   0.20598E+04   0.69082E+03   0.14680E+01   0.22730E+22
   0.20607E+04   0.69119E+03   0.14685E+01   0.22737E+22
   0.20617E+04   0.69155E+03   0.14690E+01   0.22744E+22
   0.20626E+04   0.69191E+03   0.14695E+01   0.22751E+22
   0.20635E+04   0.69228E+03   0.14700E+01   0.22758E+22
   0.20645E+04   0.69264E+03   0.14705E+01   0.22765E+22
   0.20654E+04   0.69300E+03   0.14710E+01   0.22772E+22
   0.20663E+04   0.69337E+03   0.14715E+01   0.22779E+22
   0.20673E+04   0.69373E+03   0.14720E+01   0.22786E+22
   0.20682E+04   0.69409E+03   0.14725E+01   0.22793E+22
   0.20692E+04   0.69446E+03   0.14730E+01   0.22800E+22
   0.20701E+04   0.69482E+03   0.14735E+01   0.22807E+22
   0.20710E+04   0.69518E+03   0.14740E+01   0.22814E+22
   0.20720E+04   0.69555E+03   0.14745E+01   0.22821E+22
   0.20729E+04   0.69591E+03   0.14750E+01   0.22828E+22
   0.20739E+04   0.69627E+03   0.14755E+01   0.22835E+22
   0.20748E+04   0.69664E+03   0.14760E+01   0.22841E+22
   0.20757E+04   0.69700E+03   0.14765E+01   0.22848E+22
   0.20767E+04   0.69737E+03   0.14770E+01   0.22855E+22
   0.20776E+04   0.69773E+03   0.14775E+01   0.22862E+22
   0.20785E+04   0.69809E+03   0.14780E+01   0.22869E+22
   0.20795E+04   0.69846E+03   0.14785E+01   0.22876E+22
   0.20804E+04   0.69882E+03   0.14790E+01   0.22883E+22
   0.20814E+04   0.69919E+03   0.14795E+01   0.22890E+22
   0.20823E+04   0.69955E+03   0.14800E+01   0.22897E+22
   0.20832E+04   0.69991E+03   0.14805E+01   0.22904E+22
   0.20842E+04   0.70028E+03   0.14810E+01   0.22911E+22
   0.20851E+04   0.70064E+03   0.14815E+01   0.22918E+22
   0.20861E+04   0.70101E+03   0.14820E+01   0.22925E+22
   0.20870E+04   0.70137E+03   0.14825E+01   0.22932E+22
   0.20879E+04   0.70174E+03   0.14830E+01   0.22939E+22
   0.20889E+04   0.70210E+03   0.14835E+01   0.22946E+22
   0.20898E+04   0.70247E+03   0.14840E+01   0.22953E+22
   0.20908E+04   0.70283E+03   0.14845E+01   0.22960E+22
   0.20917E+04   0.70319E+03   0.14850E+01   0.22967E+22
   0.20926E+04   0.70356E+03   0.14855E+01   0.22974E+22
   0.20936E+04   0.70392E+03   0.14860E+01   0.22981E+22
   0.20945E+04   0.70429E+03   0.14865E+01   0.22988E+22
   0.20955E+04   0.70465E+03   0.14870E+01   0.22995E+22
   0.20964E+04   0.70502E+03   0.14875E+01   0.23002E+22
   0.20974E+04   0.70538E+03   0.14880E+01   0.23009E+22
   0.20983E+04   0.70575E+03   0.14885E+01   0.23016E+22
   0.20992E+04   0.70611E+03   0.14890E+01   0.23023E+22
   0.21002E+04   0.70648E+03   0.14895E+01   0.23030E+22
   0.21011E+04   0.70684E+03   0.14900E+01   0.23037E+22
   0.21021E+04   0.70721E+03   0.14905E+01   0.23044E+22
   0.21030E+04   0.70757E+03   0.14910E+01   0.23051E+22
   0.21040E+04   0.70794E+03   0.14915E+01   0.23058E+22
   0.21049E+04   0.70830E+03   0.14920E+01   0.23065E+22
   0.21058E+04   0.70867E+03   0.14925E+01   0.23072E+22
   0.21068E+04   0.70903E+03   0.14930E+01   0.23079E+22
   0.21077E+04   0.70940E+03   0.14935E+01   0.23086E+22
   0.21087E+04   0.70976E+03   0.14940E+01   0.23093E+22
   0.21096E+04   0.71013E+03   0.14945E+01   0.23100E+22
   0.21106E+04   0.71049E+03   0.14950E+01   0.23107E+22
   0.21115E+04   0.71086E+03   0.14955E+01   0.23114E+22
   0.21124E+04   0.71123E+03   0.14960E+01   0.23121E+22
   0.21134E+04   0.71159E+03   0.14965E+01   0.23128E+22
   0.21143E+04   0.71196E+03   0.14970E+01   0.23135E+22
   0.21153E+04   0.71232E+03   0.14975E+01   0.23142E+22
   0.21162E+04   0.71269E+03   0.14980E+01   0.23149E+22
   0.21172E+04   0.71305E+03   0.14985E+01   0.23156E+22
   0.21181E+04   0.71342E+03   0.14990E+01   0.23163E+22
   0.21191E+04   0.71378E+03   0.14995E+01   0.23170E+22
   0.21200E+04   0.71415E+03   0.15000E+01   0.23177E+22
   0.21209E+04   0.71452E+03   0.15005E+01   0.23184E+22
   0.21219E+04   0.71488E+03   0.15010E+01   0.23191E+22
   0.21228E+04   0.71525E+03   0.15015E+01   0.23198E+22
   0.21238E+04   0.71561E+03   0.15020E+01   0.23205E+22
   0.21247E+04   0.71598E+03   0.15025E+01   0.23212E+22
   0.21257E+04   0.71635E+03   0.15030E+01   0.23219E+22
   0.21266E+04   0.71671E+03   0.15035E+01   0.23226E+22
   0.21276E+04   0.71708E+03   0.15040E+01   0.23233E+22
   0.21285E+04   0.71744E+03   0.15045E+01   0.23240E+22
   0.21294E+04   0.71781E+03   0.15050E+01   0.23247E+22
   0.21304E+04   0.71818E+03   0.15055E+01   0.23254E+22
   0.21313E+04   0.71854E+03   0.15060E+01   0.23261E+22
   0.21323E+04   0.71891E+03   0.15065E+01   0.23268E+22
   0.21332E+04   0.71928E+03   0.15070E+01   0.23275E+22
   0.21342E+04   0.71964E+03   0.15075E+01   0.23282E+22
   0.21351E+04   0.72001E+03   0.15080E+01   0.23289E+22
   0.21361E+04   0.72037E+03   0.15085E+01   0.23296E+22
   0.21370E+04   0.72074E+03   0.15090E+01   0.23303E+22
   0.21380E+04   0.72111E+03   0.15095E+01   0.23310E+22
   0.21389E+04   0.72147E+03   0.15100E+01   0.23317E+22
   0.21399E+04   0.72184E+03   0.15105E+01   0.23324E+22
   0.21408E+04   0.72221E+03   0.15110E+01   0.23331E+22
   0.21418E+04   0.72257E+03   0.15115E+01   0.23338E+22
   0.21427E+04   0.72294E+03   0.15120E+01   0.23345E+22
   0.21437E+04   0.72331E+03   0.15125E+01   0.23352E+22
   0.21446E+04   0.72367E+03   0.15130E+01   0.23359E+22
   0.21455E+04   0.72404E+03   0.15135E+01   0.23366E+22
   0.21465E+04   0.72441E+03   0.15140E+01   0.23373E+22
   0.21474E+04   0.72477E+03   0.15145E+01   0.23380E+22
   0.21484E+04   0.72514E+03   0.15150E+01   0.23387E+22
   0.21493E+04   0.72551E+03   0.15155E+01   0.23394E+22
   0.21503E+04   0.72588E+03   0.15160E+01   0.23401E+22
   0.21512E+04   0.72624E+03   0.15165E+01   0.23408E+22
   0.21522E+04   0.72661E+03   0.15170E+01   0.23415E+22
   0.21531E+04   0.72698E+03   0.15175E+01   0.23422E+22
   0.21541E+04   0.72734E+03   0.15180E+01   0.23429E+22
   0.21550E+04   0.72771E+03   0.15185E+01   0.23436E+22
   0.21560E+04   0.72808E+03   0.15190E+01   0.23443E+22
   0.21569E+04   0.72845E+03   0.15195E+01   0.23450E+22
   0.21579E+04   0.72881E+03   0.15200E+01   0.23457E+22
   0.21588E+04   0.72918E+03   0.15205E+01   0.23464E+22
   0.21598E+04   0.72955E+03   0.15210E+01   0.23471E+22
   0.21607E+04   0.72992E+03   0.15215E+01   0.23478E+22
   0.21617E+04   0.73028E+03   0.15220E+01   0.23485E+22
   0.21626E+04   0.73065E+03   0.15225E+01   0.23492E+22
   0.21636E+04   0.73102E+03   0.15230E+01   0.23499E+22
   0.21645E+04   0.73139E+03   0.15235E+01   0.23506E+22
   0.21655E+04   0.73175E+03   0.15240E+01   0.23513E+22
   0.21664E+04   0.73212E+03   0.15245E+01   0.23520E+22
   0.21674E+04   0.73249E+03   0.15250E+01   0.23527E+22
   0.21683E+04   0.73286E+03   0.15255E+01   0.23534E+22
   0.21693E+04   0.73322E+03   0.15260E+01   0.23541E+22
   0.21702E+04   0.73359E+03   0.15265E+01   0.23548E+22
   0.21712E+04   0.73396E+03   0.15270E+01   0.23555E+22
   0.21721E+04   0.73433E+03   0.15275E+01   0.23562E+22
   0.21731E+04   0.73470E+03   0.15280E+01   0.23569E+22
   0.21740E+04   0.73506E+03   0.15285E+01   0.23576E+22
   0.21750E+04   0.73543E+03   0.15290E+01   0.23583E+22
   0.21759E+04   0.73580E+03   0.15295E+01   0.23590E+22
   0.21769E+04   0.73617E+03   0.15300E+01   0.23597E+22
   0.21778E+04   0.73654E+03   0.15305E+01   0.23604E+22
   0.21788E+04   0.73691E+03   0.15310E+01   0.23611E+22
   0.21798E+04   0.73727E+03   0.15315E+01   0.23618E+22
   0.21807E+04   0.73764E+03   0.15320E+01   0.23625E+22
   0.21817E+04   0.73801E+03   0.15325E+01   0.23632E+22
   0.21826E+04   0.73838E+03   0.15330E+01   0.23639E+22
   0.21836E+04   0.73875E+03   0.15335E+01   0.23646E+22
   0.21845E+04   0.73912E+03   0.15340E+01   0.23653E+22
   0.21855E+04   0.73948E+03   0.15345E+01   0.23660E+22
   0.21864E+04   0.73985E+03   0.15350E+01   0.23667E+22
   0.21874E+04   0.74022E+03   0.15355E+01   0.23674E+22
   0.21883E+04   0.74059E+03   0.15360E+01   0.23681E+22
   0.21893E+04   0.74096E+03   0.15365E+01   0.23688E+22
   0.21902E+04   0.74133E+03   0.15370E+01   0.23695E+22
   0.21912E+04   0.74170E+03   0.15375E+01   0.23702E+22
   0.21921E+04   0.74206E+03   0.15380E+01   0.23709E+22
   0.21931E+04   0.74243E+03   0.15385E+01   0.23716E+22
   0.21941E+04   0.74280E+03   0.15390E+01   0.23723E+22
   0.21950E+04   0.74317E+03   0.15395E+01   0.23730E+22
   0.21960E+04   0.74354E+03   0.15400E+01   0.23737E+22
   0.21969E+04   0.74391E+03   0.15405E+01   0.23744E+22
   0.21979E+04   0.74428E+03   0.15410E+01   0.23751E+22
   0.21988E+04   0.74465E+03   0.15415E+01   0.23758E+22
   0.21998E+04   0.74502E+03   0.15420E+01   0.23765E+22
   0.22007E+04   0.74539E+03   0.15425E+01   0.23772E+22
   0.22017E+04   0.74575E+03   0.15430E+01   0.23779E+22
   0.22026E+04   0.74612E+03   0.15435E+01   0.23786E+22
   0.22036E+04   0.74649E+03   0.15440E+01   0.23793E+22
   0.22046E+04   0.74686E+03   0.15445E+01   0.23800E+22
   0.22055E+04   0.74723E+03   0.15450E+01   0.23807E+22
   0.22065E+04   0.74760E+03   0.15455E+01   0.23814E+22
   0.22074E+04   0.74797E+03   0.15460E+01   0.23821E+22
   0.22084E+04   0.74834E+03   0.15465E+01   0.23828E+22
   0.22093E+04   0.74871E+03   0.15470E+01   0.23835E+22
   0.22103E+04   0.74908E+03   0.15475E+01   0.23842E+22
   0.22112E+04   0.74945E+03   0.15480E+01   0.23849E+22
   0.22122E+04   0.74982E+03   0.15485E+01   0.23856E+22
   0.22132E+04   0.75019E+03   0.15490E+01   0.23863E+22
   0.22141E+04   0.75056E+03   0.15495E+01   0.23870E+22
   0.22151E+04   0.75093E+03   0.15500E+01   0.23877E+22
   0.22160E+04   0.75130E+03   0.15505E+01   0.23884E+22
   0.22170E+04   0.75167E+03   0.15510E+01   0.23891E+22
   0.22179E+04   0.75204E+03   0.15515E+01   0.23898E+22
   0.22189E+04   0.75241E+03   0.15520E+01   0.23905E+22
   0.22199E+04   0.75278E+03   0.15525E+01   0.23912E+22
   0.22208E+04   0.75315E+03   0.15530E+01   0.23919E+22
   0.22218E+04   0.75352E+03   0.15535E+01   0.23926E+22
   0.22227E+04   0.75389E+03   0.15540E+01   0.23933E+22
   0.22237E+04   0.75426E+03   0.15545E+01   0.23940E+22
   0.22246E+04   0.75463E+03   0.15550E+01   0.23947E+22
   0.22256E+04   0.75500E+03   0.15555E+01   0.23954E+22
   0.22266E+04   0.75537E+03   0.15560E+01   0.23961E+22
   0.22275E+04   0.75574E+03   0.15565E+01   0.23968E+22
   0.22285E+04   0.75611E+03   0.15570E+01   0.23975E+22
   0.22294E+04   0.75648E+03   0.15575E+01   0.23982E+22
   0.22304E+04   0.75685E+03   0.15580E+01   0.23989E+22
   0.22314E+04   0.75722E+03   0.15585E+01   0.23996E+22
   0.22323E+04   0.75759E+03   0.15590E+01   0.24003E+22
   0.22333E+04   0.75796E+03   0.15595E+01   0.24010E+22
   0.22342E+04   0.75833E+03   0.15600E+01   0.24017E+22
   0.22352E+04   0.75870E+03   0.15605E+01   0.24025E+22
   0.22362E+04   0.75907E+03   0.15610E+01   0.24032E+22
   0.22371E+04   0.75944E+03   0.15615E+01   0.24039E+22
   0.22381E+04   0.75981E+03   0.15620E+01   0.24046E+22
   0.22390E+04   0.76018E+03   0.15625E+01   0.24053E+22
   0.22400E+04   0.76055E+03   0.15630E+01   0.24060E+22
   0.22409E+04   0.76092E+03   0.15635E+01   0.24067E+22
   0.22419E+04   0.76129E+03   0.15640E+01   0.24074E+22
   0.22429E+04   0.76166E+03   0.15645E+01   0.24081E+22
   0.22438E+04   0.76204E+03   0.15650E+01   0.24088E+22
   0.22448E+04   0.76241E+03   0.15655E+01   0.24095E+22
   0.22458E+04   0.76278E+03   0.15660E+01   0.24102E+22
   0.22467E+04   0.76315E+03   0.15665E+01   0.24109E+22
   0.22477E+04   0.76352E+03   0.15670E+01   0.24116E+22
   0.22486E+04   0.76389E+03   0.15675E+01   0.24123E+22
   0.22496E+04   0.76426E+03   0.15680E+01   0.24130E+22
   0.22506E+04   0.76463E+03   0.15685E+01   0.24137E+22
   0.22515E+04   0.76500E+03   0.15690E+01   0.24144E+22
   0.22525E+04   0.76537E+03   0.15695E+01   0.24151E+22
   0.22534E+04   0.76575E+03   0.15700E+01   0.24158E+22
   0.22544E+04   0.76612E+03   0.15705E+01   0.24165E+22
   0.22554E+04   0.76649E+03   0.15710E+01   0.24172E+22
   0.22563E+04   0.76686E+03   0.15715E+01   0.24179E+22
   0.22573E+04   0.76723E+03   0.15720E+01   0.24186E+22
   0.22582E+04   0.76760E+03   0.15725E+01   0.24193E+22
   0.22592E+04   0.76797E+03   0.15730E+01   0.24200E+22
   0.22602E+04   0.76835E+03   0.15735E+01   0.24207E+22
   0.22611E+04   0.76872E+03   0.15740E+01   0.24214E+22
   0.22621E+04   0.76909E+03   0.15745E+01   0.24221E+22
   0.22631E+04   0.76946E+03   0.15750E+01   0.24228E+22
   0.22640E+04   0.76983E+03   0.15755E+01   0.24235E+22
   0.22650E+04   0.77020E+03   0.15760E+01   0.24242E+22
   0.22659E+04   0.77058E+03   0.15765E+01   0.24249E+22
   0.22669E+04   0.77095E+03   0.15770E+01   0.24256E+22
   0.22679E+04   0.77132E+03   0.15775E+01   0.24263E+22
   0.22688E+04   0.77169E+03   0.15780E+01   0.24270E+22
   0.22698E+04   0.77206E+03   0.15785E+01   0.24277E+22
   0.22708E+04   0.77243E+03   0.15790E+01   0.24284E+22
   0.22717E+04   0.77281E+03   0.15795E+01   0.24291E+22
   0.22727E+04   0.77318E+03   0.15800E+01   0.24298E+22
   0.22737E+04   0.77355E+03   0.15805E+01   0.24305E+22
   0.22746E+04   0.77392E+03   0.15810E+01   0.24312E+22
   0.22756E+04   0.77429E+03   0.15815E+01   0.24319E+22
   0.22765E+04   0.77467E+03   0.15820E+01   0.24326E+22
   0.22775E+04   0.77504E+03   0.15825E+01   0.24333E+22
   0.22785E+04   0.77541E+03   0.15830E+01   0.24340E+22
   0.22794E+04   0.77578E+03   0.15835E+01   0.24347E+22
   0.22804E+04   0.77616E+03   0.15840E+01   0.24354E+22
   0.22814E+04   0.77653E+03   0.15845E+01   0.24361E+22
   0.22823E+04   0.77690E+03   0.15850E+01   0.24368E+22
   0.22833E+04   0.77727E+03   0.15855E+01   0.24375E+22
   0.22843E+04   0.77765E+03   0.15860E+01   0.24383E+22
   0.22852E+04   0.77802E+03   0.15865E+01   0.24390E+22
   0.22862E+04   0.77839E+03   0.15870E+01   0.24397E+22
   0.22872E+04   0.77876E+03   0.15875E+01   0.24404E+22
   0.22881E+04   0.77914E+03   0.15880E+01   0.24411E+22
   0.22891E+04   0.77951E+03   0.15885E+01   0.24418E+22
   0.22901E+04   0.77988E+03   0.15890E+01   0.24425E+22
   0.22910E+04   0.78025E+03   0.15895E+01   0.24432E+22
   0.22920E+04   0.78063E+03   0.15900E+01   0.24439E+22
   0.22930E+04   0.78100E+03   0.15905E+01   0.24446E+22
   0.22939E+04   0.78137E+03   0.15910E+01   0.24453E+22
   0.22949E+04   0.78174E+03   0.15915E+01   0.24460E+22
   0.22959E+04   0.78212E+03   0.15920E+01   0.24467E+22
   0.22968E+04   0.78249E+03   0.15925E+01   0.24474E+22
   0.22978E+04   0.78286E+03   0.15930E+01   0.24481E+22
   0.22988E+04   0.78324E+03   0.15935E+01   0.24488E+22
   0.22997E+04   0.78361E+03   0.15940E+01   0.24495E+22
   0.23007E+04   0.78398E+03   0.15945E+01   0.24502E+22
   0.23017E+04   0.78436E+03   0.15950E+01   0.24509E+22
   0.23026E+04   0.78473E+03   0.15955E+01   0.24516E+22
   0.23036E+04   0.78510E+03   0.15960E+01   0.24523E+22
   0.23046E+04   0.78548E+03   0.15965E+01   0.24530E+22
   0.23055E+04   0.78585E+03   0.15970E+01   0.24537E+22
   0.23065E+04   0.78622E+03   0.15975E+01   0.24544E+22
   0.23075E+04   0.78660E+03   0.15980E+01   0.24551E+22
   0.23084E+04   0.78697E+03   0.15985E+01   0.24558E+22
   0.23094E+04   0.78734E+03   0.15990E+01   0.24565E+22
   0.23104E+04   0.78772E+03   0.15995E+01   0.24572E+22
   0.23113E+04   0.78809E+03   0.16000E+01   0.24579E+22
   0.23123E+04   0.78846E+03   0.16005E+01   0.24586E+22
   0.23133E+04   0.78884E+03   0.16010E+01   0.24593E+22
   0.23142E+04   0.78921E+03   0.16015E+01   0.24600E+22
   0.23152E+04   0.78958E+03   0.16020E+01   0.24607E+22
   0.23162E+04   0.78996E+03   0.16025E+01   0.24614E+22
   0.23172E+04   0.79033E+03   0.16030E+01   0.24621E+22
   0.23181E+04   0.79071E+03   0.16035E+01   0.24628E+22
   0.23191E+04   0.79108E+03   0.16040E+01   0.24635E+22
   0.23201E+04   0.79145E+03   0.16045E+01   0.24643E+22
   0.23210E+04   0.79183E+03   0.16050E+01   0.24650E+22
   0.23220E+04   0.79220E+03   0.16055E+01   0.24657E+22
   0.23230E+04   0.79257E+03   0.16060E+01   0.24664E+22
   0.23239E+04   0.79295E+03   0.16065E+01   0.24671E+22
   0.23249E+04   0.79332E+03   0.16070E+01   0.24678E+22
   0.23259E+04   0.79370E+03   0.16075E+01   0.24685E+22
   0.23269E+04   0.79407E+03   0.16080E+01   0.24692E+22
   0.23278E+04   0.79445E+03   0.16085E+01   0.24699E+22
   0.23288E+04   0.79482E+03   0.16090E+01   0.24706E+22
   0.23298E+04   0.79519E+03   0.16095E+01   0.24713E+22
   0.23307E+04   0.79557E+03   0.16100E+01   0.24720E+22
   0.23317E+04   0.79594E+03   0.16105E+01   0.24727E+22
   0.23327E+04   0.79632E+03   0.16110E+01   0.24734E+22
   0.23337E+04   0.79669E+03   0.16115E+01   0.24741E+22
   0.23346E+04   0.79707E+03   0.16120E+01   0.24748E+22
   0.23356E+04   0.79744E+03   0.16125E+01   0.24755E+22
   0.23366E+04   0.79781E+03   0.16130E+01   0.24762E+22
   0.23375E+04   0.79819E+03   0.16135E+01   0.24769E+22
   0.23385E+04   0.79856E+03   0.16140E+01   0.24776E+22
   0.23395E+04   0.79894E+03   0.16145E+01   0.24783E+22
   0.23405E+04   0.79931E+03   0.16150E+01   0.24790E+22
   0.23414E+04   0.79969E+03   0.16155E+01   0.24797E+22
   0.23424E+04   0.80006E+03   0.16160E+01   0.24804E+22
   0.23434E+04   0.80044E+03   0.16165E+01   0.24811E+22
   0.23443E+04   0.80081E+03   0.16170E+01   0.24818E+22
   0.23453E+04   0.80119E+03   0.16175E+01   0.24825E+22
   0.23463E+04   0.80156E+03   0.16180E+01   0.24832E+22
   0.23473E+04   0.80194E+03   0.16185E+01   0.24839E+22
   0.23482E+04   0.80231E+03   0.16190E+01   0.24846E+22
   0.23492E+04   0.80269E+03   0.16195E+01   0.24853E+22
   0.23502E+04   0.80306E+03   0.16200E+01   0.24861E+22
   0.23512E+04   0.80344E+03   0.16205E+01   0.24868E+22
   0.23521E+04   0.80381E+03   0.16210E+01   0.24875E+22
   0.23531E+04   0.80419E+03   0.16215E+01   0.24882E+22
   0.23541E+04   0.80456E+03   0.16220E+01   0.24889E+22
   0.23550E+04   0.80494E+03   0.16225E+01   0.24896E+22
   0.23560E+04   0.80531E+03   0.16230E+01   0.24903E+22
   0.23570E+04   0.80569E+03   0.16235E+01   0.24910E+22
   0.23580E+04   0.80606E+03   0.16240E+01   0.24917E+22
   0.23589E+04   0.80644E+03   0.16245E+01   0.24924E+22
   0.23599E+04   0.80681E+03   0.16250E+01   0.24931E+22
   0.23609E+04   0.80719E+03   0.16255E+01   0.24938E+22
   0.23619E+04   0.80756E+03   0.16260E+01   0.24945E+22
   0.23628E+04   0.80794E+03   0.16265E+01   0.24952E+22
   0.23638E+04   0.80831E+03   0.16270E+01   0.24959E+22
   0.23648E+04   0.80869E+03   0.16275E+01   0.24966E+22
   0.23658E+04   0.80907E+03   0.16280E+01   0.24973E+22
   0.23667E+04   0.80944E+03   0.16285E+01   0.24980E+22
   0.23677E+04   0.80982E+03   0.16290E+01   0.24987E+22
   0.23687E+04   0.81019E+03   0.16295E+01   0.24994E+22
   0.23697E+04   0.81057E+03   0.16300E+01   0.25001E+22
   0.23706E+04   0.81094E+03   0.16305E+01   0.25008E+22
   0.23716E+04   0.81132E+03   0.16310E+01   0.25015E+22
   0.23726E+04   0.81170E+03   0.16315E+01   0.25022E+22
   0.23736E+04   0.81207E+03   0.16320E+01   0.25029E+22
   0.23745E+04   0.81245E+03   0.16325E+01   0.25036E+22
   0.23755E+04   0.81282E+03   0.16330E+01   0.25043E+22
   0.23765E+04   0.81320E+03   0.16335E+01   0.25050E+22
   0.23775E+04   0.81358E+03   0.16340E+01   0.25058E+22
   0.23785E+04   0.81395E+03   0.16345E+01   0.25065E+22
   0.23794E+04   0.81433E+03   0.16350E+01   0.25072E+22
   0.23804E+04   0.81470E+03   0.16355E+01   0.25079E+22
   0.23814E+04   0.81508E+03   0.16360E+01   0.25086E+22
   0.23824E+04   0.81546E+03   0.16365E+01   0.25093E+22
   0.23833E+04   0.81583E+03   0.16370E+01   0.25100E+22
   0.23843E+04   0.81621E+03   0.16375E+01   0.25107E+22
   0.23853E+04   0.81659E+03   0.16380E+01   0.25114E+22
   0.23863E+04   0.81696E+03   0.16385E+01   0.25121E+22
   0.23872E+04   0.81734E+03   0.16390E+01   0.25128E+22
   0.23882E+04   0.81772E+03   0.16395E+01   0.25135E+22
   0.23892E+04   0.81809E+03   0.16400E+01   0.25142E+22
   0.23902E+04   0.81847E+03   0.16405E+01   0.25149E+22
   0.23912E+04   0.81884E+03   0.16410E+01   0.25156E+22
   0.23921E+04   0.81922E+03   0.16415E+01   0.25163E+22
   0.23931E+04   0.81960E+03   0.16420E+01   0.25170E+22
   0.23941E+04   0.81997E+03   0.16425E+01   0.25177E+22
   0.23951E+04   0.82035E+03   0.16430E+01   0.25184E+22
   0.23960E+04   0.82073E+03   0.16435E+01   0.25191E+22
   0.23970E+04   0.82111E+03   0.16440E+01   0.25198E+22
   0.23980E+04   0.82148E+03   0.16445E+01   0.25205E+22
   0.23990E+04   0.82186E+03   0.16450E+01   0.25212E+22
   0.24000E+04   0.82224E+03   0.16455E+01   0.25219E+22
   0.24009E+04   0.82261E+03   0.16460E+01   0.25227E+22
   0.24019E+04   0.82299E+03   0.16465E+01   0.25234E+22
   0.24029E+04   0.82337E+03   0.16470E+01   0.25241E+22
   0.24039E+04   0.82374E+03   0.16475E+01   0.25248E+22
   0.24049E+04   0.82412E+03   0.16480E+01   0.25255E+22
   0.24058E+04   0.82450E+03   0.16485E+01   0.25262E+22
   0.24068E+04   0.82488E+03   0.16490E+01   0.25269E+22
   0.24078E+04   0.82525E+03   0.16495E+01   0.25276E+22
   0.24088E+04   0.82563E+03   0.16500E+01   0.25283E+22
   0.24098E+04   0.82601E+03   0.16505E+01   0.25290E+22
   0.24107E+04   0.82638E+03   0.16510E+01   0.25297E+22
   0.24117E+04   0.82676E+03   0.16515E+01   0.25304E+22
   0.24127E+04   0.82714E+03   0.16520E+01   0.25311E+22
   0.24137E+04   0.82752E+03   0.16525E+01   0.25318E+22
   0.24147E+04   0.82789E+03   0.16530E+01   0.25325E+22
   0.24156E+04   0.82827E+03   0.16535E+01   0.25332E+22
   0.24166E+04   0.82865E+03   0.16540E+01   0.25339E+22
   0.24176E+04   0.82903E+03   0.16545E+01   0.25346E+22
   0.24186E+04   0.82940E+03   0.16550E+01   0.25353E+22
   0.24196E+04   0.82978E+03   0.16555E+01   0.25360E+22
   0.24206E+04   0.83016E+03   0.16560E+01   0.25367E+22
   0.24215E+04   0.83054E+03   0.16565E+01   0.25374E+22
   0.24225E+04   0.83091E+03   0.16570E+01   0.25381E+22
   0.24235E+04   0.83129E+03   0.16575E+01   0.25389E+22
   0.24245E+04   0.83167E+03   0.16580E+01   0.25396E+22
   0.24255E+04   0.83205E+03   0.16585E+01   0.25403E+22
   0.24264E+04   0.83243E+03   0.16590E+01   0.25410E+22
   0.24274E+04   0.83280E+03   0.16595E+01   0.25417E+22
   0.24284E+04   0.83318E+03   0.16600E+01   0.25424E+22
   0.24294E+04   0.83356E+03   0.16605E+01   0.25431E+22
   0.24304E+04   0.83394E+03   0.16610E+01   0.25438E+22
   0.24314E+04   0.83432E+03   0.16615E+01   0.25445E+22
   0.24323E+04   0.83469E+03   0.16620E+01   0.25452E+22
   0.24333E+04   0.83507E+03   0.16625E+01   0.25459E+22
   0.24343E+04   0.83545E+03   0.16630E+01   0.25466E+22
   0.24353E+04   0.83583E+03   0.16635E+01   0.25473E+22
   0.24363E+04   0.83621E+03   0.16640E+01   0.25480E+22
   0.24373E+04   0.83659E+03   0.16645E+01   0.25487E+22
   0.24382E+04   0.83696E+03   0.16650E+01   0.25494E+22
   0.24392E+04   0.83734E+03   0.16655E+01   0.25501E+22
   0.24402E+04   0.83772E+03   0.16660E+01   0.25508E+22
   0.24412E+04   0.83810E+03   0.16665E+01   0.25515E+22
   0.24422E+04   0.83848E+03   0.16670E+01   0.25522E+22
   0.24432E+04   0.83886E+03   0.16675E+01   0.25529E+22
   0.24441E+04   0.83923E+03   0.16680E+01   0.25536E+22
   0.24451E+04   0.83961E+03   0.16685E+01   0.25544E+22
   0.24461E+04   0.83999E+03   0.16690E+01   0.25551E+22
   0.24471E+04   0.84037E+03   0.16695E+01   0.25558E+22
   0.24481E+04   0.84075E+03   0.16700E+01   0.25565E+22
   0.24491E+04   0.84113E+03   0.16705E+01   0.25572E+22
   0.24500E+04   0.84151E+03   0.16710E+01   0.25579E+22
   0.24510E+04   0.84189E+03   0.16715E+01   0.25586E+22
   0.24520E+04   0.84226E+03   0.16720E+01   0.25593E+22
   0.24530E+04   0.84264E+03   0.16725E+01   0.25600E+22
   0.24540E+04   0.84302E+03   0.16730E+01   0.25607E+22
   0.24550E+04   0.84340E+03   0.16735E+01   0.25614E+22
   0.24560E+04   0.84378E+03   0.16740E+01   0.25621E+22
   0.24569E+04   0.84416E+03   0.16745E+01   0.25628E+22
   0.24579E+04   0.84454E+03   0.16750E+01   0.25635E+22
   0.24589E+04   0.84492E+03   0.16755E+01   0.25642E+22
   0.24599E+04   0.84530E+03   0.16760E+01   0.25649E+22
   0.24609E+04   0.84568E+03   0.16765E+01   0.25656E+22
   0.24619E+04   0.84605E+03   0.16770E+01   0.25663E+22
   0.24629E+04   0.84643E+03   0.16775E+01   0.25670E+22
   0.24638E+04   0.84681E+03   0.16780E+01   0.25677E+22
   0.24648E+04   0.84719E+03   0.16785E+01   0.25685E+22
   0.24658E+04   0.84757E+03   0.16790E+01   0.25692E+22
   0.24668E+04   0.84795E+03   0.16795E+01   0.25699E+22
   0.24678E+04   0.84833E+03   0.16800E+01   0.25706E+22
   0.24688E+04   0.84871E+03   0.16805E+01   0.25713E+22
   0.24698E+04   0.84909E+03   0.16810E+01   0.25720E+22
   0.24708E+04   0.84947E+03   0.16815E+01   0.25727E+22
   0.24717E+04   0.84985E+03   0.16820E+01   0.25734E+22
   0.24727E+04   0.85023E+03   0.16825E+01   0.25741E+22
   0.24737E+04   0.85061E+03   0.16830E+01   0.25748E+22
   0.24747E+04   0.85099E+03   0.16835E+01   0.25755E+22
   0.24757E+04   0.85137E+03   0.16840E+01   0.25762E+22
   0.24767E+04   0.85175E+03   0.16845E+01   0.25769E+22
   0.24777E+04   0.85213E+03   0.16850E+01   0.25776E+22
   0.24787E+04   0.85251E+03   0.16855E+01   0.25783E+22
   0.24796E+04   0.85289E+03   0.16860E+01   0.25790E+22
   0.24806E+04   0.85327E+03   0.16865E+01   0.25797E+22
   0.24816E+04   0.85365E+03   0.16870E+01   0.25804E+22
   0.24826E+04   0.85403E+03   0.16875E+01   0.25811E+22
   0.24836E+04   0.85441E+03   0.16880E+01   0.25819E+22
   0.24846E+04   0.85479E+03   0.16885E+01   0.25826E+22
   0.24856E+04   0.85517E+03   0.16890E+01   0.25833E+22
   0.24866E+04   0.85555E+03   0.16895E+01   0.25840E+22
   0.24876E+04   0.85593E+03   0.16900E+01   0.25847E+22
   0.24885E+04   0.85631E+03   0.16905E+01   0.25854E+22
   0.24895E+04   0.85669E+03   0.16910E+01   0.25861E+22
   0.24905E+04   0.85707E+03   0.16915E+01   0.25868E+22
   0.24915E+04   0.85745E+03   0.16920E+01   0.25875E+22
   0.24925E+04   0.85783E+03   0.16925E+01   0.25882E+22
   0.24935E+04   0.85821E+03   0.16930E+01   0.25889E+22
   0.24945E+04   0.85859E+03   0.16935E+01   0.25896E+22
   0.24955E+04   0.85897E+03   0.16940E+01   0.25903E+22
   0.24965E+04   0.85935E+03   0.16945E+01   0.25910E+22
   0.24975E+04   0.85973E+03   0.16950E+01   0.25917E+22
   0.24984E+04   0.86011E+03   0.16955E+01   0.25924E+22
   0.24994E+04   0.86049E+03   0.16960E+01   0.25931E+22
   0.25004E+04   0.86087E+03   0.16965E+01   0.25938E+22
   0.25014E+04   0.86125E+03   0.16970E+01   0.25946E+22
   0.25024E+04   0.86163E+03   0.16975E+01   0.25953E+22
   0.25034E+04   0.86201E+03   0.16980E+01   0.25960E+22
   0.25044E+04   0.86239E+03   0.16985E+01   0.25967E+22
   0.25054E+04   0.86277E+03   0.16990E+01   0.25974E+22
   0.25064E+04   0.86316E+03   0.16995E+01   0.25981E+22
   0.25074E+04   0.86354E+03   0.17000E+01   0.25988E+22
   0.25084E+04   0.86392E+03   0.17005E+01   0.25995E+22
   0.25093E+04   0.86430E+03   0.17010E+01   0.26002E+22
   0.25103E+04   0.86468E+03   0.17015E+01   0.26009E+22
   0.25113E+04   0.86506E+03   0.17020E+01   0.26016E+22
   0.25123E+04   0.86544E+03   0.17025E+01   0.26023E+22
   0.25133E+04   0.86582E+03   0.17030E+01   0.26030E+22
   0.25143E+04   0.86620E+03   0.17035E+01   0.26037E+22
   0.25153E+04   0.86658E+03   0.17040E+01   0.26044E+22
   0.25163E+04   0.86697E+03   0.17045E+01   0.26051E+22
   0.25173E+04   0.86735E+03   0.17050E+01   0.26058E+22
   0.25183E+04   0.86773E+03   0.17055E+01   0.26065E+22
   0.25193E+04   0.86811E+03   0.17060E+01   0.26073E+22
   0.25203E+04   0.86849E+03   0.17065E+01   0.26080E+22
   0.25213E+04   0.86887E+03   0.17070E+01   0.26087E+22
   0.25222E+04   0.86925E+03   0.17075E+01   0.26094E+22
   0.25232E+04   0.86964E+03   0.17080E+01   0.26101E+22
   0.25242E+04   0.87002E+03   0.17085E+01   0.26108E+22
   0.25252E+04   0.87040E+03   0.17090E+01   0.26115E+22
   0.25262E+04   0.87078E+03   0.17095E+01   0.26122E+22
   0.25272E+04   0.87116E+03   0.17100E+01   0.26129E+22
   0.25282E+04   0.87154E+03   0.17105E+01   0.26136E+22
   0.25292E+04   0.87192E+03   0.17110E+01   0.26143E+22
   0.25302E+04   0.87231E+03   0.17115E+01   0.26150E+22
   0.25312E+04   0.87269E+03   0.17120E+01   0.26157E+22
   0.25322E+04   0.87307E+03   0.17125E+01   0.26164E+22
   0.25332E+04   0.87345E+03   0.17130E+01   0.26171E+22
   0.25342E+04   0.87383E+03   0.17135E+01   0.26178E+22
   0.25352E+04   0.87422E+03   0.17140E+01   0.26185E+22
   0.25362E+04   0.87460E+03   0.17145E+01   0.26193E+22
   0.25372E+04   0.87498E+03   0.17150E+01   0.26200E+22
   0.25382E+04   0.87536E+03   0.17155E+01   0.26207E+22
   0.25391E+04   0.87574E+03   0.17160E+01   0.26214E+22
   0.25401E+04   0.87612E+03   0.17165E+01   0.26221E+22
   0.25411E+04   0.87651E+03   0.17170E+01   0.26228E+22
   0.25421E+04   0.87689E+03   0.17175E+01   0.26235E+22
   0.25431E+04   0.87727E+03   0.17180E+01   0.26242E+22
   0.25441E+04   0.87765E+03   0.17185E+01   0.26249E+22
   0.25451E+04   0.87804E+03   0.17190E+01   0.26256E+22
   0.25461E+04   0.87842E+03   0.17195E+01   0.26263E+22
   0.25471E+04   0.87880E+03   0.17200E+01   0.26270E+22
   0.25481E+04   0.87918E+03   0.17205E+01   0.26277E+22
   0.25491E+04   0.87956E+03   0.17210E+01   0.26284E+22
   0.25501E+04   0.87995E+03   0.17215E+01   0.26291E+22
   0.25511E+04   0.88033E+03   0.17220E+01   0.26298E+22
   0.25521E+04   0.88071E+03   0.17225E+01   0.26306E+22
   0.25531E+04   0.88109E+03   0.17230E+01   0.26313E+22
   0.25541E+04   0.88148E+03   0.17235E+01   0.26320E+22
   0.25551E+04   0.88186E+03   0.17240E+01   0.26327E+22
   0.25561E+04   0.88224E+03   0.17245E+01   0.26334E+22
   0.25571E+04   0.88262E+03   0.17250E+01   0.26341E+22
   0.25581E+04   0.88301E+03   0.17255E+01   0.26348E+22
   0.25591E+04   0.88339E+03   0.17260E+01   0.26355E+22
   0.25601E+04   0.88377E+03   0.17265E+01   0.26362E+22
   0.25611E+04   0.88416E+03   0.17270E+01   0.26369E+22
   0.25621E+04   0.88454E+03   0.17275E+01   0.26376E+22
   0.25631E+04   0.88492E+03   0.17280E+01   0.26383E+22
   0.25641E+04   0.88530E+03   0.17285E+01   0.26390E+22
   0.25651E+04   0.88569E+03   0.17290E+01   0.26397E+22
   0.25661E+04   0.88607E+03   0.17295E+01   0.26404E+22
   0.25671E+04   0.88645E+03   0.17300E+01   0.26411E+22
   0.25680E+04   0.88684E+03   0.17305E+01   0.26419E+22
   0.25690E+04   0.88722E+03   0.17310E+01   0.26426E+22
   0.25700E+04   0.88760E+03   0.17315E+01   0.26433E+22
   0.25710E+04   0.88799E+03   0.17320E+01   0.26440E+22
   0.25720E+04   0.88837E+03   0.17325E+01   0.26447E+22
   0.25730E+04   0.88875E+03   0.17330E+01   0.26454E+22
   0.25740E+04   0.88914E+03   0.17335E+01   0.26461E+22
   0.25750E+04   0.88952E+03   0.17340E+01   0.26468E+22
   0.25760E+04   0.88990E+03   0.17345E+01   0.26475E+22
   0.25770E+04   0.89029E+03   0.17350E+01   0.26482E+22
   0.25780E+04   0.89067E+03   0.17355E+01   0.26489E+22
   0.25790E+04   0.89105E+03   0.17360E+01   0.26496E+22
   0.25800E+04   0.89144E+03   0.17365E+01   0.26503E+22
   0.25810E+04   0.89182E+03   0.17370E+01   0.26510E+22
   0.25820E+04   0.89220E+03   0.17375E+01   0.26517E+22
   0.25830E+04   0.89259E+03   0.17380E+01   0.26525E+22
   0.25840E+04   0.89297E+03   0.17385E+01   0.26532E+22
   0.25850E+04   0.89335E+03   0.17390E+01   0.26539E+22
   0.25860E+04   0.89374E+03   0.17395E+01   0.26546E+22
   0.25870E+04   0.89412E+03   0.17400E+01   0.26553E+22
   0.25880E+04   0.89450E+03   0.17405E+01   0.26560E+22
   0.25890E+04   0.89489E+03   0.17410E+01   0.26567E+22
   0.25900E+04   0.89527E+03   0.17415E+01   0.26574E+22
   0.25910E+04   0.89566E+03   0.17420E+01   0.26581E+22
   0.25920E+04   0.89604E+03   0.17425E+01   0.26588E+22
   0.25930E+04   0.89642E+03   0.17430E+01   0.26595E+22
   0.25940E+04   0.89681E+03   0.17435E+01   0.26602E+22
   0.25950E+04   0.89719E+03   0.17440E+01   0.26609E+22
   0.25960E+04   0.89758E+03   0.17445E+01   0.26616E+22
   0.25970E+04   0.89796E+03   0.17450E+01   0.26623E+22
   0.25980E+04   0.89834E+03   0.17455E+01   0.26631E+22
   0.25990E+04   0.89873E+03   0.17460E+01   0.26638E+22
   0.26000E+04   0.89911E+03   0.17465E+01   0.26645E+22
   0.26011E+04   0.89950E+03   0.17470E+01   0.26652E+22
   0.26021E+04   0.89988E+03   0.17475E+01   0.26659E+22
   0.26031E+04   0.90026E+03   0.17480E+01   0.26666E+22
   0.26041E+04   0.90065E+03   0.17485E+01   0.26673E+22
   0.26051E+04   0.90103E+03   0.17490E+01   0.26680E+22
   0.26061E+04   0.90142E+03   0.17495E+01   0.26687E+22
   0.26071E+04   0.90180E+03   0.17500E+01   0.26694E+22
   0.26081E+04   0.90219E+03   0.17505E+01   0.26701E+22
   0.26091E+04   0.90257E+03   0.17510E+01   0.26708E+22
   0.26101E+04   0.90296E+03   0.17515E+01   0.26715E+22
   0.26111E+04   0.90334E+03   0.17520E+01   0.26722E+22
   0.26121E+04   0.90372E+03   0.17525E+01   0.26729E+22
   0.26131E+04   0.90411E+03   0.17530E+01   0.26737E+22
   0.26141E+04   0.90449E+03   0.17535E+01   0.26744E+22
   0.26151E+04   0.90488E+03   0.17540E+01   0.26751E+22
   0.26161E+04   0.90526E+03   0.17545E+01   0.26758E+22
   0.26171E+04   0.90565E+03   0.17550E+01   0.26765E+22
   0.26181E+04   0.90603E+03   0.17555E+01   0.26772E+22
   0.26191E+04   0.90642E+03   0.17560E+01   0.26779E+22
   0.26201E+04   0.90680E+03   0.17565E+01   0.26786E+22
   0.26211E+04   0.90719E+03   0.17570E+01   0.26793E+22
   0.26221E+04   0.90757E+03   0.17575E+01   0.26800E+22
   0.26231E+04   0.90796E+03   0.17580E+01   0.26807E+22
   0.26241E+04   0.90834E+03   0.17585E+01   0.26814E+22
   0.26251E+04   0.90873E+03   0.17590E+01   0.26821E+22
   0.26261E+04   0.90911E+03   0.17595E+01   0.26828E+22
   0.26271E+04   0.90950E+03   0.17600E+01   0.26836E+22
   0.26281E+04   0.90988E+03   0.17605E+01   0.26843E+22
   0.26291E+04   0.91027E+03   0.17610E+01   0.26850E+22
   0.26302E+04   0.91065E+03   0.17615E+01   0.26857E+22
   0.26312E+04   0.91104E+03   0.17620E+01   0.26864E+22
   0.26322E+04   0.91142E+03   0.17625E+01   0.26871E+22
   0.26332E+04   0.91181E+03   0.17630E+01   0.26878E+22
   0.26342E+04   0.91219E+03   0.17635E+01   0.26885E+22
   0.26352E+04   0.91258E+03   0.17640E+01   0.26892E+22
   0.26362E+04   0.91296E+03   0.17645E+01   0.26899E+22
   0.26372E+04   0.91335E+03   0.17650E+01   0.26906E+22
   0.26382E+04   0.91374E+03   0.17655E+01   0.26913E+22
   0.26392E+04   0.91412E+03   0.17660E+01   0.26920E+22
   0.26402E+04   0.91451E+03   0.17665E+01   0.26927E+22
   0.26412E+04   0.91489E+03   0.17670E+01   0.26935E+22
   0.26422E+04   0.91528E+03   0.17675E+01   0.26942E+22
   0.26432E+04   0.91566E+03   0.17680E+01   0.26949E+22
   0.26442E+04   0.91605E+03   0.17685E+01   0.26956E+22
   0.26452E+04   0.91643E+03   0.17690E+01   0.26963E+22
   0.26462E+04   0.91682E+03   0.17695E+01   0.26970E+22
   0.26473E+04   0.91721E+03   0.17700E+01   0.26977E+22
   0.26483E+04   0.91759E+03   0.17705E+01   0.26984E+22
   0.26493E+04   0.91798E+03   0.17710E+01   0.26991E+22
   0.26503E+04   0.91836E+03   0.17715E+01   0.26998E+22
   0.26513E+04   0.91875E+03   0.17720E+01   0.27005E+22
   0.26523E+04   0.91914E+03   0.17725E+01   0.27012E+22
   0.26533E+04   0.91952E+03   0.17730E+01   0.27019E+22
   0.26543E+04   0.91991E+03   0.17735E+01   0.27027E+22
   0.26553E+04   0.92029E+03   0.17740E+01   0.27034E+22
   0.26563E+04   0.92068E+03   0.17745E+01   0.27041E+22
   0.26573E+04   0.92107E+03   0.17750E+01   0.27048E+22
   0.26583E+04   0.92145E+03   0.17755E+01   0.27055E+22
   0.26593E+04   0.92184E+03   0.17760E+01   0.27062E+22
   0.26604E+04   0.92222E+03   0.17765E+01   0.27069E+22
   0.26614E+04   0.92261E+03   0.17770E+01   0.27076E+22
   0.26624E+04   0.92300E+03   0.17775E+01   0.27083E+22
   0.26634E+04   0.92338E+03   0.17780E+01   0.27090E+22
   0.26644E+04   0.92377E+03   0.17785E+01   0.27097E+22
   0.26654E+04   0.92416E+03   0.17790E+01   0.27104E+22
   0.26664E+04   0.92454E+03   0.17795E+01   0.27111E+22
   0.26674E+04   0.92493E+03   0.17800E+01   0.27118E+22
   0.26684E+04   0.92532E+03   0.17805E+01   0.27126E+22
   0.26694E+04   0.92570E+03   0.17810E+01   0.27133E+22
   0.26704E+04   0.92609E+03   0.17815E+01   0.27140E+22
   0.26715E+04   0.92648E+03   0.17820E+01   0.27147E+22
   0.26725E+04   0.92686E+03   0.17825E+01   0.27154E+22
   0.26735E+04   0.92725E+03   0.17830E+01   0.27161E+22
   0.26745E+04   0.92764E+03   0.17835E+01   0.27168E+22
   0.26755E+04   0.92802E+03   0.17840E+01   0.27175E+22
   0.26765E+04   0.92841E+03   0.17845E+01   0.27182E+22
   0.26775E+04   0.92880E+03   0.17850E+01   0.27189E+22
   0.26785E+04   0.92918E+03   0.17855E+01   0.27196E+22
   0.26795E+04   0.92957E+03   0.17860E+01   0.27203E+22
   0.26805E+04   0.92996E+03   0.17865E+01   0.27210E+22
   0.26816E+04   0.93034E+03   0.17870E+01   0.27218E+22
   0.26826E+04   0.93073E+03   0.17875E+01   0.27225E+22
   0.26836E+04   0.93112E+03   0.17880E+01   0.27232E+22
   0.26846E+04   0.93150E+03   0.17885E+01   0.27239E+22
   0.26856E+04   0.93189E+03   0.17890E+01   0.27246E+22
   0.26866E+04   0.93228E+03   0.17895E+01   0.27253E+22
   0.26876E+04   0.93267E+03   0.17900E+01   0.27260E+22
   0.26886E+04   0.93305E+03   0.17905E+01   0.27267E+22
   0.26896E+04   0.93344E+03   0.17910E+01   0.27274E+22
   0.26907E+04   0.93383E+03   0.17915E+01   0.27281E+22
   0.26917E+04   0.93422E+03   0.17920E+01   0.27288E+22
   0.26927E+04   0.93460E+03   0.17925E+01   0.27295E+22
   0.26937E+04   0.93499E+03   0.17930E+01   0.27302E+22
   0.26947E+04   0.93538E+03   0.17935E+01   0.27310E+22
   0.26957E+04   0.93576E+03   0.17940E+01   0.27317E+22
   0.26967E+04   0.93615E+03   0.17945E+01   0.27324E+22
   0.26977E+04   0.93654E+03   0.17950E+01   0.27331E+22
   0.26987E+04   0.93693E+03   0.17955E+01   0.27338E+22
   0.26998E+04   0.93731E+03   0.17960E+01   0.27345E+22
   0.27008E+04   0.93770E+03   0.17965E+01   0.27352E+22
   0.27018E+04   0.93809E+03   0.17970E+01   0.27359E+22
   0.27028E+04   0.93848E+03   0.17975E+01   0.27366E+22
   0.27038E+04   0.93887E+03   0.17980E+01   0.27373E+22
   0.27048E+04   0.93925E+03   0.17985E+01   0.27380E+22
   0.27058E+04   0.93964E+03   0.17990E+01   0.27387E+22
   0.27069E+04   0.94003E+03   0.17995E+01   0.27395E+22
   0.27079E+04   0.94042E+03   0.18000E+01   0.27402E+22
   0.27089E+04   0.94080E+03   0.18005E+01   0.27409E+22
   0.27099E+04   0.94119E+03   0.18010E+01   0.27416E+22
   0.27109E+04   0.94158E+03   0.18015E+01   0.27423E+22
   0.27119E+04   0.94197E+03   0.18020E+01   0.27430E+22
   0.27129E+04   0.94236E+03   0.18025E+01   0.27437E+22
   0.27139E+04   0.94274E+03   0.18030E+01   0.27444E+22
   0.27150E+04   0.94313E+03   0.18035E+01   0.27451E+22
   0.27160E+04   0.94352E+03   0.18040E+01   0.27458E+22
   0.27170E+04   0.94391E+03   0.18045E+01   0.27465E+22
   0.27180E+04   0.94430E+03   0.18050E+01   0.27472E+22
   0.27190E+04   0.94469E+03   0.18055E+01   0.27479E+22
   0.27200E+04   0.94507E+03   0.18060E+01   0.27487E+22
   0.27210E+04   0.94546E+03   0.18065E+01   0.27494E+22
   0.27221E+04   0.94585E+03   0.18070E+01   0.27501E+22
   0.27231E+04   0.94624E+03   0.18075E+01   0.27508E+22
   0.27241E+04   0.94663E+03   0.18080E+01   0.27515E+22
   0.27251E+04   0.94702E+03   0.18085E+01   0.27522E+22
   0.27261E+04   0.94740E+03   0.18090E+01   0.27529E+22
   0.27271E+04   0.94779E+03   0.18095E+01   0.27536E+22
   0.27282E+04   0.94818E+03   0.18100E+01   0.27543E+22
   0.27292E+04   0.94857E+03   0.18105E+01   0.27550E+22
   0.27302E+04   0.94896E+03   0.18110E+01   0.27557E+22
   0.27312E+04   0.94935E+03   0.18115E+01   0.27564E+22
   0.27322E+04   0.94974E+03   0.18120E+01   0.27572E+22
   0.27332E+04   0.95012E+03   0.18125E+01   0.27579E+22
   0.27342E+04   0.95051E+03   0.18130E+01   0.27586E+22
   0.27353E+04   0.95090E+03   0.18135E+01   0.27593E+22
   0.27363E+04   0.95129E+03   0.18140E+01   0.27600E+22
   0.27373E+04   0.95168E+03   0.18145E+01   0.27607E+22
   0.27383E+04   0.95207E+03   0.18150E+01   0.27614E+22
   0.27393E+04   0.95246E+03   0.18155E+01   0.27621E+22
   0.27403E+04   0.95285E+03   0.18160E+01   0.27628E+22
   0.27414E+04   0.95324E+03   0.18165E+01   0.27635E+22
   0.27424E+04   0.95362E+03   0.18170E+01   0.27642E+22
   0.27434E+04   0.95401E+03   0.18175E+01   0.27649E+22
   0.27444E+04   0.95440E+03   0.18180E+01   0.27657E+22
   0.27454E+04   0.95479E+03   0.18185E+01   0.27664E+22
   0.27465E+04   0.95518E+03   0.18190E+01   0.27671E+22
   0.27475E+04   0.95557E+03   0.18195E+01   0.27678E+22
   0.27485E+04   0.95596E+03   0.18200E+01   0.27685E+22
   0.27495E+04   0.95635E+03   0.18205E+01   0.27692E+22
   0.27505E+04   0.95674E+03   0.18210E+01   0.27699E+22
   0.27515E+04   0.95713E+03   0.18215E+01   0.27706E+22
   0.27526E+04   0.95752E+03   0.18220E+01   0.27713E+22
   0.27536E+04   0.95791E+03   0.18225E+01   0.27720E+22
   0.27546E+04   0.95830E+03   0.18230E+01   0.27727E+22
   0.27556E+04   0.95868E+03   0.18235E+01   0.27734E+22
   0.27566E+04   0.95907E+03   0.18240E+01   0.27742E+22
   0.27577E+04   0.95946E+03   0.18245E+01   0.27749E+22
   0.27587E+04   0.95985E+03   0.18250E+01   0.27756E+22
   0.27597E+04   0.96024E+03   0.18255E+01   0.27763E+22
   0.27607E+04   0.96063E+03   0.18260E+01   0.27770E+22
   0.27617E+04   0.96102E+03   0.18265E+01   0.27777E+22
   0.27627E+04   0.96141E+03   0.18270E+01   0.27784E+22
   0.27638E+04   0.96180E+03   0.18275E+01   0.27791E+22
   0.27648E+04   0.96219E+03   0.18280E+01   0.27798E+22
   0.27658E+04   0.96258E+03   0.18285E+01   0.27805E+22
   0.27668E+04   0.96297E+03   0.18290E+01   0.27812E+22
   0.27678E+04   0.96336E+03   0.18295E+01   0.27820E+22
   0.27689E+04   0.96375E+03   0.18300E+01   0.27827E+22
   0.27699E+04   0.96414E+03   0.18305E+01   0.27834E+22
   0.27709E+04   0.96453E+03   0.18310E+01   0.27841E+22
   0.27719E+04   0.96492E+03   0.18315E+01   0.27848E+22
   0.27729E+04   0.96531E+03   0.18320E+01   0.27855E+22
   0.27740E+04   0.96570E+03   0.18325E+01   0.27862E+22
   0.27750E+04   0.96609E+03   0.18330E+01   0.27869E+22
   0.27760E+04   0.96648E+03   0.18335E+01   0.27876E+22
   0.27770E+04   0.96687E+03   0.18340E+01   0.27883E+22
   0.27780E+04   0.96726E+03   0.18345E+01   0.27890E+22
   0.27791E+04   0.96765E+03   0.18350E+01   0.27897E+22
   0.27801E+04   0.96804E+03   0.18355E+01   0.27905E+22
   0.27811E+04   0.96843E+03   0.18360E+01   0.27912E+22
   0.27821E+04   0.96882E+03   0.18365E+01   0.27919E+22
   0.27832E+04   0.96921E+03   0.18370E+01   0.27926E+22
   0.27842E+04   0.96960E+03   0.18375E+01   0.27933E+22
   0.27852E+04   0.96999E+03   0.18380E+01   0.27940E+22
   0.27862E+04   0.97038E+03   0.18385E+01   0.27947E+22
   0.27872E+04   0.97077E+03   0.18390E+01   0.27954E+22
   0.27883E+04   0.97116E+03   0.18395E+01   0.27961E+22
   0.27893E+04   0.97156E+03   0.18400E+01   0.27968E+22
   0.27903E+04   0.97195E+03   0.18405E+01   0.27975E+22
   0.27913E+04   0.97234E+03   0.18410E+01   0.27983E+22
   0.27923E+04   0.97273E+03   0.18415E+01   0.27990E+22
   0.27934E+04   0.97312E+03   0.18420E+01   0.27997E+22
   0.27944E+04   0.97351E+03   0.18425E+01   0.28004E+22
   0.27954E+04   0.97390E+03   0.18430E+01   0.28011E+22
   0.27964E+04   0.97429E+03   0.18435E+01   0.28018E+22
   0.27975E+04   0.97468E+03   0.18440E+01   0.28025E+22
   0.27985E+04   0.97507E+03   0.18445E+01   0.28032E+22
   0.27995E+04   0.97546E+03   0.18450E+01   0.28039E+22
   0.28005E+04   0.97585E+03   0.18455E+01   0.28046E+22
   0.28016E+04   0.97624E+03   0.18460E+01   0.28053E+22
   0.28026E+04   0.97664E+03   0.18465E+01   0.28060E+22
   0.28036E+04   0.97703E+03   0.18470E+01   0.28068E+22
   0.28046E+04   0.97742E+03   0.18475E+01   0.28075E+22
   0.28056E+04   0.97781E+03   0.18480E+01   0.28082E+22
   0.28067E+04   0.97820E+03   0.18485E+01   0.28089E+22
   0.28077E+04   0.97859E+03   0.18490E+01   0.28096E+22
   0.28087E+04   0.97898E+03   0.18495E+01   0.28103E+22
   0.28097E+04   0.97937E+03   0.18500E+01   0.28110E+22
   0.28108E+04   0.97977E+03   0.18505E+01   0.28117E+22
   0.28118E+04   0.98016E+03   0.18510E+01   0.28124E+22
   0.28128E+04   0.98055E+03   0.18515E+01   0.28131E+22
   0.28138E+04   0.98094E+03   0.18520E+01   0.28138E+22
   0.28149E+04   0.98133E+03   0.18525E+01   0.28146E+22
   0.28159E+04   0.98172E+03   0.18530E+01   0.28153E+22
   0.28169E+04   0.98211E+03   0.18535E+01   0.28160E+22
   0.28179E+04   0.98250E+03   0.18540E+01   0.28167E+22
   0.28190E+04   0.98290E+03   0.18545E+01   0.28174E+22
   0.28200E+04   0.98329E+03   0.18550E+01   0.28181E+22
   0.28210E+04   0.98368E+03   0.18555E+01   0.28188E+22
   0.28220E+04   0.98407E+03   0.18560E+01   0.28195E+22
   0.28231E+04   0.98446E+03   0.18565E+01   0.28202E+22
   0.28241E+04   0.98485E+03   0.18570E+01   0.28209E+22
   0.28251E+04   0.98525E+03   0.18575E+01   0.28216E+22
   0.28261E+04   0.98564E+03   0.18580E+01   0.28224E+22
   0.28272E+04   0.98603E+03   0.18585E+01   0.28231E+22
   0.28282E+04   0.98642E+03   0.18590E+01   0.28238E+22
   0.28292E+04   0.98681E+03   0.18595E+01   0.28245E+22
   0.28302E+04   0.98721E+03   0.18600E+01   0.28252E+22
   0.28313E+04   0.98760E+03   0.18605E+01   0.28259E+22
   0.28323E+04   0.98799E+03   0.18610E+01   0.28266E+22
   0.28333E+04   0.98838E+03   0.18615E+01   0.28273E+22
   0.28344E+04   0.98877E+03   0.18620E+01   0.28280E+22
   0.28354E+04   0.98917E+03   0.18625E+01   0.28287E+22
   0.28364E+04   0.98956E+03   0.18630E+01   0.28294E+22
   0.28374E+04   0.98995E+03   0.18635E+01   0.28302E+22
   0.28385E+04   0.99034E+03   0.18640E+01   0.28309E+22
   0.28395E+04   0.99073E+03   0.18645E+01   0.28316E+22
   0.28405E+04   0.99113E+03   0.18650E+01   0.28323E+22
   0.28415E+04   0.99152E+03   0.18655E+01   0.28330E+22
   0.28426E+04   0.99191E+03   0.18660E+01   0.28337E+22
   0.28436E+04   0.99230E+03   0.18665E+01   0.28344E+22
   0.28446E+04   0.99270E+03   0.18670E+01   0.28351E+22
   0.28456E+04   0.99309E+03   0.18675E+01   0.28358E+22
   0.28467E+04   0.99348E+03   0.18680E+01   0.28365E+22
   0.28477E+04   0.99387E+03   0.18685E+01   0.28373E+22
   0.28487E+04   0.99427E+03   0.18690E+01   0.28380E+22
   0.28498E+04   0.99466E+03   0.18695E+01   0.28387E+22
   0.28508E+04   0.99505E+03   0.18700E+01   0.28394E+22
   0.28518E+04   0.99544E+03   0.18705E+01   0.28401E+22
   0.28528E+04   0.99584E+03   0.18710E+01   0.28408E+22
   0.28539E+04   0.99623E+03   0.18715E+01   0.28415E+22
   0.28549E+04   0.99662E+03   0.18720E+01   0.28422E+22
   0.28559E+04   0.99701E+03   0.18725E+01   0.28429E+22
   0.28570E+04   0.99741E+03   0.18730E+01   0.28436E+22
   0.28580E+04   0.99780E+03   0.18735E+01   0.28443E+22
   0.28590E+04   0.99819E+03   0.18740E+01   0.28451E+22
   0.28600E+04   0.99859E+03   0.18745E+01   0.28458E+22
   0.28611E+04   0.99898E+03   0.18750E+01   0.28465E+22
   0.28621E+04   0.99937E+03   0.18755E+01   0.28472E+22
   0.28631E+04   0.99976E+03   0.18760E+01   0.28479E+22
   0.28642E+04   0.10002E+04   0.18765E+01   0.28486E+22
   0.28652E+04   0.10006E+04   0.18770E+01   0.28493E+22
   0.28662E+04   0.10009E+04   0.18775E+01   0.28500E+22
   0.28673E+04   0.10013E+04   0.18780E+01   0.28507E+22
   0.28683E+04   0.10017E+04   0.18785E+01   0.28514E+22
   0.28693E+04   0.10021E+04   0.18790E+01   0.28521E+22
   0.28703E+04   0.10025E+04   0.18795E+01   0.28529E+22
   0.28714E+04   0.10029E+04   0.18800E+01   0.28536E+22
   0.28724E+04   0.10033E+04   0.18805E+01   0.28543E+22
   0.28734E+04   0.10037E+04   0.18810E+01   0.28550E+22
   0.28745E+04   0.10041E+04   0.18815E+01   0.28557E+22
   0.28755E+04   0.10045E+04   0.18820E+01   0.28564E+22
   0.28765E+04   0.10049E+04   0.18825E+01   0.28571E+22
   0.28776E+04   0.10053E+04   0.18830E+01   0.28578E+22
   0.28786E+04   0.10057E+04   0.18835E+01   0.28585E+22
   0.28796E+04   0.10061E+04   0.18840E+01   0.28592E+22
   0.28807E+04   0.10064E+04   0.18845E+01   0.28600E+22
   0.28817E+04   0.10068E+04   0.18850E+01   0.28607E+22
   0.28827E+04   0.10072E+04   0.18855E+01   0.28614E+22
   0.28837E+04   0.10076E+04   0.18860E+01   0.28621E+22
   0.28848E+04   0.10080E+04   0.18865E+01   0.28628E+22
   0.28858E+04   0.10084E+04   0.18870E+01   0.28635E+22
   0.28868E+04   0.10088E+04   0.18875E+01   0.28642E+22
   0.28879E+04   0.10092E+04   0.18880E+01   0.28649E+22
   0.28889E+04   0.10096E+04   0.18885E+01   0.28656E+22
   0.28899E+04   0.10100E+04   0.18890E+01   0.28663E+22
   0.28910E+04   0.10104E+04   0.18895E+01   0.28671E+22
   0.28920E+04   0.10108E+04   0.18900E+01   0.28678E+22
   0.28930E+04   0.10112E+04   0.18905E+01   0.28685E+22
   0.28941E+04   0.10116E+04   0.18910E+01   0.28692E+22
   0.28951E+04   0.10120E+04   0.18915E+01   0.28699E+22
   0.28961E+04   0.10124E+04   0.18920E+01   0.28706E+22
   0.28972E+04   0.10128E+04   0.18925E+01   0.28713E+22
   0.28982E+04   0.10131E+04   0.18930E+01   0.28720E+22
   0.28992E+04   0.10135E+04   0.18935E+01   0.28727E+22
   0.29003E+04   0.10139E+04   0.18940E+01   0.28734E+22
   0.29013E+04   0.10143E+04   0.18945E+01   0.28742E+22
   0.29023E+04   0.10147E+04   0.18950E+01   0.28749E+22
   0.29034E+04   0.10151E+04   0.18955E+01   0.28756E+22
   0.29044E+04   0.10155E+04   0.18960E+01   0.28763E+22
   0.29054E+04   0.10159E+04   0.18965E+01   0.28770E+22
   0.29065E+04   0.10163E+04   0.18970E+01   0.28777E+22
   0.29075E+04   0.10167E+04   0.18975E+01   0.28784E+22
   0.29085E+04   0.10171E+04   0.18980E+01   0.28791E+22
   0.29096E+04   0.10175E+04   0.18985E+01   0.28798E+22
   0.29106E+04   0.10179E+04   0.18990E+01   0.28805E+22
   0.29116E+04   0.10183E+04   0.18995E+01   0.28812E+22
   0.29127E+04   0.10187E+04   0.19000E+01   0.28820E+22
   0.29137E+04   0.10191E+04   0.19005E+01   0.28827E+22
   0.29147E+04   0.10195E+04   0.19010E+01   0.28834E+22
   0.29158E+04   0.10198E+04   0.19015E+01   0.28841E+22
   0.29168E+04   0.10202E+04   0.19020E+01   0.28848E+22
   0.29179E+04   0.10206E+04   0.19025E+01   0.28855E+22
   0.29189E+04   0.10210E+04   0.19030E+01   0.28862E+22
   0.29199E+04   0.10214E+04   0.19035E+01   0.28869E+22
   0.29210E+04   0.10218E+04   0.19040E+01   0.28876E+22
   0.29220E+04   0.10222E+04   0.19045E+01   0.28883E+22
   0.29230E+04   0.10226E+04   0.19050E+01   0.28891E+22
   0.29241E+04   0.10230E+04   0.19055E+01   0.28898E+22
   0.29251E+04   0.10234E+04   0.19060E+01   0.28905E+22
   0.29261E+04   0.10238E+04   0.19065E+01   0.28912E+22
   0.29272E+04   0.10242E+04   0.19070E+01   0.28919E+22
   0.29282E+04   0.10246E+04   0.19075E+01   0.28926E+22
   0.29292E+04   0.10250E+04   0.19080E+01   0.28933E+22
   0.29303E+04   0.10254E+04   0.19085E+01   0.28940E+22
   0.29313E+04   0.10258E+04   0.19090E+01   0.28947E+22
   0.29324E+04   0.10262E+04   0.19095E+01   0.28954E+22
   0.29334E+04   0.10266E+04   0.19100E+01   0.28962E+22
   0.29344E+04   0.10270E+04   0.19105E+01   0.28969E+22
   0.29355E+04   0.10274E+04   0.19110E+01   0.28976E+22
   0.29365E+04   0.10277E+04   0.19115E+01   0.28983E+22
   0.29375E+04   0.10281E+04   0.19120E+01   0.28990E+22
   0.29386E+04   0.10285E+04   0.19125E+01   0.28997E+22
   0.29396E+04   0.10289E+04   0.19130E+01   0.29004E+22
   0.29406E+04   0.10293E+04   0.19135E+01   0.29011E+22
   0.29417E+04   0.10297E+04   0.19140E+01   0.29018E+22
   0.29427E+04   0.10301E+04   0.19145E+01   0.29026E+22
   0.29438E+04   0.10305E+04   0.19150E+01   0.29033E+22
   0.29448E+04   0.10309E+04   0.19155E+01   0.29040E+22
   0.29458E+04   0.10313E+04   0.19160E+01   0.29047E+22
   0.29469E+04   0.10317E+04   0.19165E+01   0.29054E+22
   0.29479E+04   0.10321E+04   0.19170E+01   0.29061E+22
   0.29490E+04   0.10325E+04   0.19175E+01   0.29068E+22
   0.29500E+04   0.10329E+04   0.19180E+01   0.29075E+22
   0.29510E+04   0.10333E+04   0.19185E+01   0.29082E+22
   0.29521E+04   0.10337E+04   0.19190E+01   0.29089E+22
   0.29531E+04   0.10341E+04   0.19195E+01   0.29097E+22
   0.29541E+04   0.10345E+04   0.19200E+01   0.29104E+22
   0.29552E+04   0.10349E+04   0.19205E+01   0.29111E+22
   0.29562E+04   0.10353E+04   0.19210E+01   0.29118E+22
   0.29573E+04   0.10357E+04   0.19215E+01   0.29125E+22
   0.29583E+04   0.10361E+04   0.19220E+01   0.29132E+22
   0.29593E+04   0.10365E+04   0.19225E+01   0.29139E+22
   0.29604E+04   0.10368E+04   0.19230E+01   0.29146E+22
   0.29614E+04   0.10372E+04   0.19235E+01   0.29153E+22
   0.29625E+04   0.10376E+04   0.19240E+01   0.29160E+22
   0.29635E+04   0.10380E+04   0.19245E+01   0.29168E+22
   0.29645E+04   0.10384E+04   0.19250E+01   0.29175E+22
   0.29656E+04   0.10388E+04   0.19255E+01   0.29182E+22
   0.29666E+04   0.10392E+04   0.19260E+01   0.29189E+22
   0.29677E+04   0.10396E+04   0.19265E+01   0.29196E+22
   0.29687E+04   0.10400E+04   0.19270E+01   0.29203E+22
   0.29697E+04   0.10404E+04   0.19275E+01   0.29210E+22
   0.29708E+04   0.10408E+04   0.19280E+01   0.29217E+22
   0.29718E+04   0.10412E+04   0.19285E+01   0.29224E+22
   0.29729E+04   0.10416E+04   0.19290E+01   0.29231E+22
   0.29739E+04   0.10420E+04   0.19295E+01   0.29239E+22
   0.29749E+04   0.10424E+04   0.19300E+01   0.29246E+22
   0.29760E+04   0.10428E+04   0.19305E+01   0.29253E+22
   0.29770E+04   0.10432E+04   0.19310E+01   0.29260E+22
   0.29781E+04   0.10436E+04   0.19315E+01   0.29267E+22
   0.29791E+04   0.10440E+04   0.19320E+01   0.29274E+22
   0.29801E+04   0.10444E+04   0.19325E+01   0.29281E+22
   0.29812E+04   0.10448E+04   0.19330E+01   0.29288E+22
   0.29822E+04   0.10452E+04   0.19335E+01   0.29295E+22
   0.29833E+04   0.10456E+04   0.19340E+01   0.29303E+22
   0.29843E+04   0.10460E+04   0.19345E+01   0.29310E+22
   0.29854E+04   0.10464E+04   0.19350E+01   0.29317E+22
   0.29864E+04   0.10468E+04   0.19355E+01   0.29324E+22
   0.29874E+04   0.10472E+04   0.19360E+01   0.29331E+22
   0.29885E+04   0.10476E+04   0.19365E+01   0.29338E+22
   0.29895E+04   0.10480E+04   0.19370E+01   0.29345E+22
   0.29906E+04   0.10483E+04   0.19375E+01   0.29352E+22
   0.29916E+04   0.10487E+04   0.19380E+01   0.29359E+22
   0.29926E+04   0.10491E+04   0.19385E+01   0.29366E+22
   0.29937E+04   0.10495E+04   0.19390E+01   0.29374E+22
   0.29947E+04   0.10499E+04   0.19395E+01   0.29381E+22
   0.29958E+04   0.10503E+04   0.19400E+01   0.29388E+22
   0.29968E+04   0.10507E+04   0.19405E+01   0.29395E+22
   0.29979E+04   0.10511E+04   0.19410E+01   0.29402E+22
   0.29989E+04   0.10515E+04   0.19415E+01   0.29409E+22
   0.29999E+04   0.10519E+04   0.19420E+01   0.29416E+22
   0.30010E+04   0.10523E+04   0.19425E+01   0.29423E+22
   0.30020E+04   0.10527E+04   0.19430E+01   0.29430E+22
   0.30031E+04   0.10531E+04   0.19435E+01   0.29438E+22
   0.30041E+04   0.10535E+04   0.19440E+01   0.29445E+22
   0.30052E+04   0.10539E+04   0.19445E+01   0.29452E+22
   0.30062E+04   0.10543E+04   0.19450E+01   0.29459E+22
   0.30073E+04   0.10547E+04   0.19455E+01   0.29466E+22
   0.30083E+04   0.10551E+04   0.19460E+01   0.29473E+22
   0.30093E+04   0.10555E+04   0.19465E+01   0.29480E+22
   0.30104E+04   0.10559E+04   0.19470E+01   0.29487E+22
   0.30114E+04   0.10563E+04   0.19475E+01   0.29494E+22
   0.30125E+04   0.10567E+04   0.19480E+01   0.29502E+22
   0.30135E+04   0.10571E+04   0.19485E+01   0.29509E+22
   0.30146E+04   0.10575E+04   0.19490E+01   0.29516E+22
   0.30156E+04   0.10579E+04   0.19495E+01   0.29523E+22
   0.30167E+04   0.10583E+04   0.19500E+01   0.29530E+22
   0.30177E+04   0.10587E+04   0.19505E+01   0.29537E+22
   0.30187E+04   0.10591E+04   0.19510E+01   0.29544E+22
   0.30198E+04   0.10595E+04   0.19515E+01   0.29551E+22
   0.30208E+04   0.10599E+04   0.19520E+01   0.29558E+22
   0.30219E+04   0.10603E+04   0.19525E+01   0.29565E+22
   0.30229E+04   0.10607E+04   0.19530E+01   0.29573E+22
   0.30240E+04   0.10611E+04   0.19535E+01   0.29580E+22
   0.30250E+04   0.10615E+04   0.19540E+01   0.29587E+22
   0.30261E+04   0.10619E+04   0.19545E+01   0.29594E+22
   0.30271E+04   0.10623E+04   0.19550E+01   0.29601E+22
   0.30281E+04   0.10627E+04   0.19555E+01   0.29608E+22
   0.30292E+04   0.10631E+04   0.19560E+01   0.29615E+22
   0.30302E+04   0.10635E+04   0.19565E+01   0.29622E+22
   0.30313E+04   0.10639E+04   0.19570E+01   0.29629E+22
   0.30323E+04   0.10643E+04   0.19575E+01   0.29637E+22
   0.30334E+04   0.10647E+04   0.19580E+01   0.29644E+22
   0.30344E+04   0.10651E+04   0.19585E+01   0.29651E+22
   0.30355E+04   0.10654E+04   0.19590E+01   0.29658E+22
   0.30365E+04   0.10658E+04   0.19595E+01   0.29665E+22
   0.30376E+04   0.10662E+04   0.19600E+01   0.29672E+22
   0.30386E+04   0.10666E+04   0.19605E+01   0.29679E+22
   0.30397E+04   0.10670E+04   0.19610E+01   0.29686E+22
   0.30407E+04   0.10674E+04   0.19615E+01   0.29693E+22
   0.30418E+04   0.10678E+04   0.19620E+01   0.29701E+22
   0.30428E+04   0.10682E+04   0.19625E+01   0.29708E+22
   0.30439E+04   0.10686E+04   0.19630E+01   0.29715E+22
   0.30449E+04   0.10690E+04   0.19635E+01   0.29722E+22
   0.30459E+04   0.10694E+04   0.19640E+01   0.29729E+22
   0.30470E+04   0.10698E+04   0.19645E+01   0.29736E+22
   0.30480E+04   0.10702E+04   0.19650E+01   0.29743E+22
   0.30491E+04   0.10706E+04   0.19655E+01   0.29750E+22
   0.30501E+04   0.10710E+04   0.19660E+01   0.29757E+22
   0.30512E+04   0.10714E+04   0.19665E+01   0.29765E+22
   0.30522E+04   0.10718E+04   0.19670E+01   0.29772E+22
   0.30533E+04   0.10722E+04   0.19675E+01   0.29779E+22
   0.30543E+04   0.10726E+04   0.19680E+01   0.29786E+22
   0.30554E+04   0.10730E+04   0.19685E+01   0.29793E+22
   0.30564E+04   0.10734E+04   0.19690E+01   0.29800E+22
   0.30575E+04   0.10738E+04   0.19695E+01   0.29807E+22
   0.30585E+04   0.10742E+04   0.19700E+01   0.29814E+22
   0.30596E+04   0.10746E+04   0.19705E+01   0.29821E+22
   0.30606E+04   0.10750E+04   0.19710E+01   0.29829E+22
   0.30617E+04   0.10754E+04   0.19715E+01   0.29836E+22
   0.30627E+04   0.10758E+04   0.19720E+01   0.29843E+22
   0.30638E+04   0.10762E+04   0.19725E+01   0.29850E+22
   0.30648E+04   0.10766E+04   0.19730E+01   0.29857E+22
   0.30659E+04   0.10770E+04   0.19735E+01   0.29864E+22
   0.30669E+04   0.10774E+04   0.19740E+01   0.29871E+22
   0.30680E+04   0.10778E+04   0.19745E+01   0.29878E+22
   0.30690E+04   0.10782E+04   0.19750E+01   0.29885E+22
   0.30701E+04   0.10786E+04   0.19755E+01   0.29893E+22
   0.30711E+04   0.10790E+04   0.19760E+01   0.29900E+22
   0.30722E+04   0.10794E+04   0.19765E+01   0.29907E+22
   0.30732E+04   0.10798E+04   0.19770E+01   0.29914E+22
   0.30743E+04   0.10802E+04   0.19775E+01   0.29921E+22
   0.30753E+04   0.10806E+04   0.19780E+01   0.29928E+22
   0.30764E+04   0.10810E+04   0.19785E+01   0.29935E+22
   0.30774E+04   0.10814E+04   0.19790E+01   0.29942E+22
   0.30785E+04   0.10818E+04   0.19795E+01   0.29949E+22
   0.30795E+04   0.10822E+04   0.19800E+01   0.29957E+22
   0.30806E+04   0.10826E+04   0.19805E+01   0.29964E+22
   0.30816E+04   0.10830E+04   0.19810E+01   0.29971E+22
   0.30827E+04   0.10834E+04   0.19815E+01   0.29978E+22
   0.30837E+04   0.10838E+04   0.19820E+01   0.29985E+22
   0.30848E+04   0.10842E+04   0.19825E+01   0.29992E+22
   0.30858E+04   0.10846E+04   0.19830E+01   0.29999E+22
   0.30869E+04   0.10850E+04   0.19835E+01   0.30006E+22
   0.30879E+04   0.10854E+04   0.19840E+01   0.30013E+22
   0.30890E+04   0.10858E+04   0.19845E+01   0.30021E+22
   0.30900E+04   0.10862E+04   0.19850E+01   0.30028E+22
   0.30911E+04   0.10866E+04   0.19855E+01   0.30035E+22
   0.30921E+04   0.10870E+04   0.19860E+01   0.30042E+22
   0.30932E+04   0.10874E+04   0.19865E+01   0.30049E+22
   0.30942E+04   0.10878E+04   0.19870E+01   0.30056E+22
   0.30953E+04   0.10882E+04   0.19875E+01   0.30063E+22
   0.30964E+04   0.10886E+04   0.19880E+01   0.30070E+22
   0.30974E+04   0.10890E+04   0.19885E+01   0.30077E+22
   0.30985E+04   0.10894E+04   0.19890E+01   0.30085E+22
   0.30995E+04   0.10898E+04   0.19895E+01   0.30092E+22
   0.31006E+04   0.10902E+04   0.19900E+01   0.30099E+22
   0.31016E+04   0.10906E+04   0.19905E+01   0.30106E+22
   0.31027E+04   0.10910E+04   0.19910E+01   0.30113E+22
   0.31037E+04   0.10914E+04   0.19915E+01   0.30120E+22
   0.31048E+04   0.10918E+04   0.19920E+01   0.30127E+22
   0.31058E+04   0.10922E+04   0.19925E+01   0.30134E+22
   0.31069E+04   0.10926E+04   0.19930E+01   0.30141E+22
   0.31079E+04   0.10930E+04   0.19935E+01   0.30149E+22
   0.31090E+04   0.10934E+04   0.19940E+01   0.30156E+22
   0.31100E+04   0.10938E+04   0.19945E+01   0.30163E+22
   0.31111E+04   0.10942E+04   0.19950E+01   0.30170E+22
   0.31122E+04   0.10946E+04   0.19955E+01   0.30177E+22
   0.31132E+04   0.10950E+04   0.19960E+01   0.30184E+22
   0.31143E+04   0.10954E+04   0.19965E+01   0.30191E+22
   0.31153E+04   0.10958E+04   0.19970E+01   0.30198E+22
   0.31164E+04   0.10962E+04   0.19975E+01   0.30206E+22
   0.31174E+04   0.10966E+04   0.19980E+01   0.30213E+22
   0.31185E+04   0.10970E+04   0.19985E+01   0.30220E+22
   0.31195E+04   0.10974E+04   0.19990E+01   0.30227E+22
   0.31206E+04   0.10978E+04   0.19995E+01   0.30234E+22
   0.31216E+04   0.10982E+04   0.20000E+01   0.30241E+22
   0.31227E+04   0.10986E+04   0.20005E+01   0.30248E+22
   0.31238E+04   0.10990E+04   0.20010E+01   0.30255E+22
   0.31248E+04   0.10994E+04   0.20015E+01   0.30262E+22
   0.31259E+04   0.10998E+04   0.20020E+01   0.30270E+22
   0.31269E+04   0.11002E+04   0.20025E+01   0.30277E+22
   0.31280E+04   0.11006E+04   0.20030E+01   0.30284E+22
   0.31290E+04   0.11010E+04   0.20035E+01   0.30291E+22
   0.31301E+04   0.11014E+04   0.20040E+01   0.30298E+22
   0.31311E+04   0.11018E+04   0.20045E+01   0.30305E+22
   0.31322E+04   0.11022E+04   0.20050E+01   0.30312E+22
   0.31333E+04   0.11026E+04   0.20055E+01   0.30319E+22
   0.31343E+04   0.11030E+04   0.20060E+01   0.30326E+22
   0.31354E+04   0.11034E+04   0.20065E+01   0.30334E+22
   0.31364E+04   0.11038E+04   0.20070E+01   0.30341E+22
   0.31375E+04   0.11042E+04   0.20075E+01   0.30348E+22
   0.31385E+04   0.11046E+04   0.20080E+01   0.30355E+22
   0.31396E+04   0.11050E+04   0.20085E+01   0.30362E+22
   0.31406E+04   0.11054E+04   0.20090E+01   0.30369E+22
   0.31417E+04   0.11058E+04   0.20095E+01   0.30376E+22
   0.31428E+04   0.11063E+04   0.20100E+01   0.30383E+22
   0.31438E+04   0.11067E+04   0.20105E+01   0.30391E+22
   0.31449E+04   0.11071E+04   0.20110E+01   0.30398E+22
   0.31459E+04   0.11075E+04   0.20115E+01   0.30405E+22
   0.31470E+04   0.11079E+04   0.20120E+01   0.30412E+22
   0.31480E+04   0.11083E+04   0.20125E+01   0.30419E+22
   0.31491E+04   0.11087E+04   0.20130E+01   0.30426E+22
   0.31502E+04   0.11091E+04   0.20135E+01   0.30433E+22
   0.31512E+04   0.11095E+04   0.20140E+01   0.30440E+22
   0.31523E+04   0.11099E+04   0.20145E+01   0.30447E+22
   0.31533E+04   0.11103E+04   0.20150E+01   0.30455E+22
   0.31544E+04   0.11107E+04   0.20155E+01   0.30462E+22
   0.31555E+04   0.11111E+04   0.20160E+01   0.30469E+22
   0.31565E+04   0.11115E+04   0.20165E+01   0.30476E+22
   0.31576E+04   0.11119E+04   0.20170E+01   0.30483E+22
   0.31586E+04   0.11123E+04   0.20175E+01   0.30490E+22
   0.31597E+04   0.11127E+04   0.20180E+01   0.30497E+22
   0.31607E+04   0.11131E+04   0.20185E+01   0.30504E+22
   0.31618E+04   0.11135E+04   0.20190E+01   0.30512E+22
   0.31629E+04   0.11139E+04   0.20195E+01   0.30519E+22
   0.31639E+04   0.11143E+04   0.20200E+01   0.30526E+22
   0.31650E+04   0.11147E+04   0.20205E+01   0.30533E+22
   0.31660E+04   0.11151E+04   0.20210E+01   0.30540E+22
   0.31671E+04   0.11155E+04   0.20215E+01   0.30547E+22
   0.31682E+04   0.11159E+04   0.20220E+01   0.30554E+22
   0.31692E+04   0.11163E+04   0.20225E+01   0.30561E+22
   0.31703E+04   0.11167E+04   0.20230E+01   0.30568E+22
   0.31713E+04   0.11171E+04   0.20235E+01   0.30576E+22
   0.31724E+04   0.11175E+04   0.20240E+01   0.30583E+22
   0.31735E+04   0.11179E+04   0.20245E+01   0.30590E+22
   0.31745E+04   0.11183E+04   0.20250E+01   0.30597E+22
   0.31756E+04   0.11187E+04   0.20255E+01   0.30604E+22
   0.31766E+04   0.11191E+04   0.20260E+01   0.30611E+22
   0.31777E+04   0.11195E+04   0.20265E+01   0.30618E+22
   0.31788E+04   0.11199E+04   0.20270E+01   0.30625E+22
   0.31798E+04   0.11203E+04   0.20275E+01   0.30633E+22
   0.31809E+04   0.11207E+04   0.20280E+01   0.30640E+22
   0.31819E+04   0.11211E+04   0.20285E+01   0.30647E+22
   0.31830E+04   0.11215E+04   0.20290E+01   0.30654E+22
   0.31841E+04   0.11219E+04   0.20295E+01   0.30661E+22
   0.31851E+04   0.11223E+04   0.20300E+01   0.30668E+22
   0.31862E+04   0.11227E+04   0.20305E+01   0.30675E+22
   0.31872E+04   0.11231E+04   0.20310E+01   0.30682E+22
   0.31883E+04   0.11235E+04   0.20315E+01   0.30690E+22
   0.31894E+04   0.11240E+04   0.20320E+01   0.30697E+22
   0.31904E+04   0.11244E+04   0.20325E+01   0.30704E+22
   0.31915E+04   0.11248E+04   0.20330E+01   0.30711E+22
   0.31926E+04   0.11252E+04   0.20335E+01   0.30718E+22
   0.31936E+04   0.11256E+04   0.20340E+01   0.30725E+22
   0.31947E+04   0.11260E+04   0.20345E+01   0.30732E+22
   0.31957E+04   0.11264E+04   0.20350E+01   0.30739E+22
   0.31968E+04   0.11268E+04   0.20355E+01   0.30746E+22
   0.31979E+04   0.11272E+04   0.20360E+01   0.30754E+22
   0.31989E+04   0.11276E+04   0.20365E+01   0.30761E+22
   0.32000E+04   0.11280E+04   0.20370E+01   0.30768E+22
   0.32010E+04   0.11284E+04   0.20375E+01   0.30775E+22
   0.32021E+04   0.11288E+04   0.20380E+01   0.30782E+22
   0.32032E+04   0.11292E+04   0.20385E+01   0.30789E+22
   0.32042E+04   0.11296E+04   0.20390E+01   0.30796E+22
   0.32053E+04   0.11300E+04   0.20395E+01   0.30803E+22
   0.32064E+04   0.11304E+04   0.20400E+01   0.30811E+22
   0.32074E+04   0.11308E+04   0.20405E+01   0.30818E+22
   0.32085E+04   0.11312E+04   0.20410E+01   0.30825E+22
   0.32096E+04   0.11316E+04   0.20415E+01   0.30832E+22
   0.32106E+04   0.11320E+04   0.20420E+01   0.30839E+22
   0.32117E+04   0.11324E+04   0.20425E+01   0.30846E+22
   0.32127E+04   0.11328E+04   0.20430E+01   0.30853E+22
   0.32138E+04   0.11332E+04   0.20435E+01   0.30860E+22
   0.32149E+04   0.11336E+04   0.20440E+01   0.30868E+22
   0.32159E+04   0.11340E+04   0.20445E+01   0.30875E+22
   0.32170E+04   0.11344E+04   0.20450E+01   0.30882E+22
   0.32181E+04   0.11348E+04   0.20455E+01   0.30889E+22
   0.32191E+04   0.11352E+04   0.20460E+01   0.30896E+22
   0.32202E+04   0.11357E+04   0.20465E+01   0.30903E+22
   0.32213E+04   0.11361E+04   0.20470E+01   0.30910E+22
   0.32223E+04   0.11365E+04   0.20475E+01   0.30917E+22
   0.32234E+04   0.11369E+04   0.20480E+01   0.30925E+22
   0.32244E+04   0.11373E+04   0.20485E+01   0.30932E+22
   0.32255E+04   0.11377E+04   0.20490E+01   0.30939E+22
   0.32266E+04   0.11381E+04   0.20495E+01   0.30946E+22
   0.32276E+04   0.11385E+04   0.20500E+01   0.30953E+22
   0.32287E+04   0.11389E+04   0.20505E+01   0.30960E+22
   0.32298E+04   0.11393E+04   0.20510E+01   0.30967E+22
   0.32308E+04   0.11397E+04   0.20515E+01   0.30974E+22
   0.32319E+04   0.11401E+04   0.20520E+01   0.30982E+22
   0.32330E+04   0.11405E+04   0.20525E+01   0.30989E+22
   0.32340E+04   0.11409E+04   0.20530E+01   0.30996E+22
   0.32351E+04   0.11413E+04   0.20535E+01   0.31003E+22
   0.32362E+04   0.11417E+04   0.20540E+01   0.31010E+22
   0.32372E+04   0.11421E+04   0.20545E+01   0.31017E+22
   0.32383E+04   0.11425E+04   0.20550E+01   0.31024E+22
   0.32394E+04   0.11429E+04   0.20555E+01   0.31031E+22
   0.32404E+04   0.11433E+04   0.20560E+01   0.31038E+22
   0.32415E+04   0.11437E+04   0.20565E+01   0.31046E+22
   0.32426E+04   0.11441E+04   0.20570E+01   0.31053E+22
   0.32436E+04   0.11445E+04   0.20575E+01   0.31060E+22
   0.32447E+04   0.11449E+04   0.20580E+01   0.31067E+22
   0.32458E+04   0.11454E+04   0.20585E+01   0.31074E+22
   0.32468E+04   0.11458E+04   0.20590E+01   0.31081E+22
   0.32479E+04   0.11462E+04   0.20595E+01   0.31088E+22
   0.32490E+04   0.11466E+04   0.20600E+01   0.31095E+22
   0.32500E+04   0.11470E+04   0.20605E+01   0.31103E+22
   0.32511E+04   0.11474E+04   0.20610E+01   0.31110E+22
   0.32522E+04   0.11478E+04   0.20615E+01   0.31117E+22
   0.32532E+04   0.11482E+04   0.20620E+01   0.31124E+22
   0.32543E+04   0.11486E+04   0.20625E+01   0.31131E+22
   0.32554E+04   0.11490E+04   0.20630E+01   0.31138E+22
   0.32564E+04   0.11494E+04   0.20635E+01   0.31145E+22
   0.32575E+04   0.11498E+04   0.20640E+01   0.31152E+22
   0.32586E+04   0.11502E+04   0.20645E+01   0.31160E+22
   0.32596E+04   0.11506E+04   0.20650E+01   0.31167E+22
   0.32607E+04   0.11510E+04   0.20655E+01   0.31174E+22
   0.32618E+04   0.11514E+04   0.20660E+01   0.31181E+22
   0.32628E+04   0.11518E+04   0.20665E+01   0.31188E+22
   0.32639E+04   0.11522E+04   0.20670E+01   0.31195E+22
   0.32650E+04   0.11526E+04   0.20675E+01   0.31202E+22
   0.32660E+04   0.11530E+04   0.20680E+01   0.31209E+22
   0.32671E+04   0.11535E+04   0.20685E+01   0.31217E+22
   0.32682E+04   0.11539E+04   0.20690E+01   0.31224E+22
   0.32692E+04   0.11543E+04   0.20695E+01   0.31231E+22
   0.32703E+04   0.11547E+04   0.20700E+01   0.31238E+22
   0.32714E+04   0.11551E+04   0.20705E+01   0.31245E+22
   0.32725E+04   0.11555E+04   0.20710E+01   0.31252E+22
   0.32735E+04   0.11559E+04   0.20715E+01   0.31259E+22
   0.32746E+04   0.11563E+04   0.20720E+01   0.31266E+22
   0.32757E+04   0.11567E+04   0.20725E+01   0.31274E+22
   0.32767E+04   0.11571E+04   0.20730E+01   0.31281E+22
   0.32778E+04   0.11575E+04   0.20735E+01   0.31288E+22
   0.32789E+04   0.11579E+04   0.20740E+01   0.31295E+22
   0.32799E+04   0.11583E+04   0.20745E+01   0.31302E+22
   0.32810E+04   0.11587E+04   0.20750E+01   0.31309E+22
   0.32821E+04   0.11591E+04   0.20755E+01   0.31316E+22
   0.32831E+04   0.11595E+04   0.20760E+01   0.31323E+22
   0.32842E+04   0.11599E+04   0.20765E+01   0.31331E+22
   0.32853E+04   0.11603E+04   0.20770E+01   0.31338E+22
   0.32864E+04   0.11608E+04   0.20775E+01   0.31345E+22
   0.32874E+04   0.11612E+04   0.20780E+01   0.31352E+22
   0.32885E+04   0.11616E+04   0.20785E+01   0.31359E+22
   0.32896E+04   0.11620E+04   0.20790E+01   0.31366E+22
   0.32906E+04   0.11624E+04   0.20795E+01   0.31373E+22
   0.32917E+04   0.11628E+04   0.20800E+01   0.31380E+22
   0.32928E+04   0.11632E+04   0.20805E+01   0.31388E+22
   0.32939E+04   0.11636E+04   0.20810E+01   0.31395E+22
   0.32949E+04   0.11640E+04   0.20815E+01   0.31402E+22
   0.32960E+04   0.11644E+04   0.20820E+01   0.31409E+22
   0.32971E+04   0.11648E+04   0.20825E+01   0.31416E+22
   0.32981E+04   0.11652E+04   0.20830E+01   0.31423E+22
   0.32992E+04   0.11656E+04   0.20835E+01   0.31430E+22
   0.33003E+04   0.11660E+04   0.20840E+01   0.31438E+22
   0.33014E+04   0.11664E+04   0.20845E+01   0.31445E+22
   0.33024E+04   0.11668E+04   0.20850E+01   0.31452E+22
   0.33035E+04   0.11672E+04   0.20855E+01   0.31459E+22
   0.33046E+04   0.11677E+04   0.20860E+01   0.31466E+22
   0.33056E+04   0.11681E+04   0.20865E+01   0.31473E+22
   0.33067E+04   0.11685E+04   0.20870E+01   0.31480E+22
   0.33078E+04   0.11689E+04   0.20875E+01   0.31487E+22
   0.33089E+04   0.11693E+04   0.20880E+01   0.31495E+22
   0.33099E+04   0.11697E+04   0.20885E+01   0.31502E+22
   0.33110E+04   0.11701E+04   0.20890E+01   0.31509E+22
   0.33121E+04   0.11705E+04   0.20895E+01   0.31516E+22
   0.33131E+04   0.11709E+04   0.20900E+01   0.31523E+22
   0.33142E+04   0.11713E+04   0.20905E+01   0.31530E+22
   0.33153E+04   0.11717E+04   0.20910E+01   0.31537E+22
   0.33164E+04   0.11721E+04   0.20915E+01   0.31544E+22
   0.33174E+04   0.11725E+04   0.20920E+01   0.31552E+22
   0.33185E+04   0.11729E+04   0.20925E+01   0.31559E+22
   0.33196E+04   0.11733E+04   0.20930E+01   0.31566E+22
   0.33207E+04   0.11738E+04   0.20935E+01   0.31573E+22
   0.33217E+04   0.11742E+04   0.20940E+01   0.31580E+22
   0.33228E+04   0.11746E+04   0.20945E+01   0.31587E+22
   0.33239E+04   0.11750E+04   0.20950E+01   0.31594E+22
   0.33250E+04   0.11754E+04   0.20955E+01   0.31601E+22
   0.33260E+04   0.11758E+04   0.20960E+01   0.31609E+22
   0.33271E+04   0.11762E+04   0.20965E+01   0.31616E+22
   0.33282E+04   0.11766E+04   0.20970E+01   0.31623E+22
   0.33292E+04   0.11770E+04   0.20975E+01   0.31630E+22
   0.33303E+04   0.11774E+04   0.20980E+01   0.31637E+22
   0.33314E+04   0.11778E+04   0.20985E+01   0.31644E+22
   0.33325E+04   0.11782E+04   0.20990E+01   0.31651E+22
   0.33335E+04   0.11786E+04   0.20995E+01   0.31658E+22
   0.33346E+04   0.11790E+04   0.21000E+01   0.31666E+22
   0.33357E+04   0.11795E+04   0.21005E+01   0.31673E+22
   0.33368E+04   0.11799E+04   0.21010E+01   0.31680E+22
   0.33378E+04   0.11803E+04   0.21015E+01   0.31687E+22
   0.33389E+04   0.11807E+04   0.21020E+01   0.31694E+22
   0.33400E+04   0.11811E+04   0.21025E+01   0.31701E+22
   0.33411E+04   0.11815E+04   0.21030E+01   0.31708E+22
   0.33421E+04   0.11819E+04   0.21035E+01   0.31716E+22
   0.33432E+04   0.11823E+04   0.21040E+01   0.31723E+22
   0.33443E+04   0.11827E+04   0.21045E+01   0.31730E+22
   0.33454E+04   0.11831E+04   0.21050E+01   0.31737E+22
   0.33464E+04   0.11835E+04   0.21055E+01   0.31744E+22
   0.33475E+04   0.11839E+04   0.21060E+01   0.31751E+22
   0.33486E+04   0.11843E+04   0.21065E+01   0.31758E+22
   0.33497E+04   0.11847E+04   0.21070E+01   0.31765E+22
   0.33508E+04   0.11852E+04   0.21075E+01   0.31773E+22
   0.33518E+04   0.11856E+04   0.21080E+01   0.31780E+22
   0.33529E+04   0.11860E+04   0.21085E+01   0.31787E+22
   0.33540E+04   0.11864E+04   0.21090E+01   0.31794E+22
   0.33551E+04   0.11868E+04   0.21095E+01   0.31801E+22
   0.33561E+04   0.11872E+04   0.21100E+01   0.31808E+22
   0.33572E+04   0.11876E+04   0.21105E+01   0.31815E+22
   0.33583E+04   0.11880E+04   0.21110E+01   0.31822E+22
   0.33594E+04   0.11884E+04   0.21115E+01   0.31830E+22
   0.33604E+04   0.11888E+04   0.21120E+01   0.31837E+22
   0.33615E+04   0.11892E+04   0.21125E+01   0.31844E+22
   0.33626E+04   0.11896E+04   0.21130E+01   0.31851E+22
   0.33637E+04   0.11900E+04   0.21135E+01   0.31858E+22
   0.33648E+04   0.11905E+04   0.21140E+01   0.31865E+22
   0.33658E+04   0.11909E+04   0.21145E+01   0.31872E+22
   0.33669E+04   0.11913E+04   0.21150E+01   0.31880E+22
   0.33680E+04   0.11917E+04   0.21155E+01   0.31887E+22
   0.33691E+04   0.11921E+04   0.21160E+01   0.31894E+22
   0.33701E+04   0.11925E+04   0.21165E+01   0.31901E+22
   0.33712E+04   0.11929E+04   0.21170E+01   0.31908E+22
   0.33723E+04   0.11933E+04   0.21175E+01   0.31915E+22
   0.33734E+04   0.11937E+04   0.21180E+01   0.31922E+22
   0.33745E+04   0.11941E+04   0.21185E+01   0.31929E+22
   0.33755E+04   0.11945E+04   0.21190E+01   0.31937E+22
   0.33766E+04   0.11949E+04   0.21195E+01   0.31944E+22
   0.33777E+04   0.11954E+04   0.21200E+01   0.31951E+22
   0.33788E+04   0.11958E+04   0.21205E+01   0.31958E+22
   0.33798E+04   0.11962E+04   0.21210E+01   0.31965E+22
   0.33809E+04   0.11966E+04   0.21215E+01   0.31972E+22
   0.33820E+04   0.11970E+04   0.21220E+01   0.31979E+22
   0.33831E+04   0.11974E+04   0.21225E+01   0.31986E+22
   0.33842E+04   0.11978E+04   0.21230E+01   0.31994E+22
   0.33852E+04   0.11982E+04   0.21235E+01   0.32001E+22
   0.33863E+04   0.11986E+04   0.21240E+01   0.32008E+22
   0.33874E+04   0.11990E+04   0.21245E+01   0.32015E+22
   0.33885E+04   0.11994E+04   0.21250E+01   0.32022E+22
   0.33896E+04   0.11998E+04   0.21255E+01   0.32029E+22
   0.33906E+04   0.12003E+04   0.21260E+01   0.32036E+22
   0.33917E+04   0.12007E+04   0.21265E+01   0.32044E+22
   0.33928E+04   0.12011E+04   0.21270E+01   0.32051E+22
   0.33939E+04   0.12015E+04   0.21275E+01   0.32058E+22
   0.33950E+04   0.12019E+04   0.21280E+01   0.32065E+22
   0.33960E+04   0.12023E+04   0.21285E+01   0.32072E+22
   0.33971E+04   0.12027E+04   0.21290E+01   0.32079E+22
   0.33982E+04   0.12031E+04   0.21295E+01   0.32086E+22
   0.33993E+04   0.12035E+04   0.21300E+01   0.32093E+22
   0.34004E+04   0.12039E+04   0.21305E+01   0.32101E+22
   0.34014E+04   0.12043E+04   0.21310E+01   0.32108E+22
   0.34025E+04   0.12048E+04   0.21315E+01   0.32115E+22
   0.34036E+04   0.12052E+04   0.21320E+01   0.32122E+22
   0.34047E+04   0.12056E+04   0.21325E+01   0.32129E+22
   0.34058E+04   0.12060E+04   0.21330E+01   0.32136E+22
   0.34068E+04   0.12064E+04   0.21335E+01   0.32143E+22
   0.34079E+04   0.12068E+04   0.21340E+01   0.32151E+22
   0.34090E+04   0.12072E+04   0.21345E+01   0.32158E+22
   0.34101E+04   0.12076E+04   0.21350E+01   0.32165E+22
   0.34112E+04   0.12080E+04   0.21355E+01   0.32172E+22
   0.34122E+04   0.12084E+04   0.21360E+01   0.32179E+22
   0.34133E+04   0.12088E+04   0.21365E+01   0.32186E+22
   0.34144E+04   0.12093E+04   0.21370E+01   0.32193E+22
   0.34155E+04   0.12097E+04   0.21375E+01   0.32200E+22
   0.34166E+04   0.12101E+04   0.21380E+01   0.32208E+22
   0.34177E+04   0.12105E+04   0.21385E+01   0.32215E+22
   0.34187E+04   0.12109E+04   0.21390E+01   0.32222E+22
   0.34198E+04   0.12113E+04   0.21395E+01   0.32229E+22
   0.34209E+04   0.12117E+04   0.21400E+01   0.32236E+22
   0.34220E+04   0.12121E+04   0.21405E+01   0.32243E+22
   0.34231E+04   0.12125E+04   0.21410E+01   0.32250E+22
   0.34242E+04   0.12129E+04   0.21415E+01   0.32258E+22
   0.34252E+04   0.12134E+04   0.21420E+01   0.32265E+22
   0.34263E+04   0.12138E+04   0.21425E+01   0.32272E+22
   0.34274E+04   0.12142E+04   0.21430E+01   0.32279E+22
   0.34285E+04   0.12146E+04   0.21435E+01   0.32286E+22
   0.34296E+04   0.12150E+04   0.21440E+01   0.32293E+22
   0.34307E+04   0.12154E+04   0.21445E+01   0.32300E+22
   0.34317E+04   0.12158E+04   0.21450E+01   0.32307E+22
   0.34328E+04   0.12162E+04   0.21455E+01   0.32315E+22
   0.34339E+04   0.12166E+04   0.21460E+01   0.32322E+22
   0.34350E+04   0.12170E+04   0.21465E+01   0.32329E+22
   0.34361E+04   0.12175E+04   0.21470E+01   0.32336E+22
   0.34372E+04   0.12179E+04   0.21475E+01   0.32343E+22
   0.34382E+04   0.12183E+04   0.21480E+01   0.32350E+22
   0.34393E+04   0.12187E+04   0.21485E+01   0.32357E+22
   0.34404E+04   0.12191E+04   0.21490E+01   0.32365E+22
   0.34415E+04   0.12195E+04   0.21495E+01   0.32372E+22
   0.34426E+04   0.12199E+04   0.21500E+01   0.32379E+22
   0.34437E+04   0.12203E+04   0.21505E+01   0.32386E+22
   0.34447E+04   0.12207E+04   0.21510E+01   0.32393E+22
   0.34458E+04   0.12211E+04   0.21515E+01   0.32400E+22
   0.34469E+04   0.12216E+04   0.21520E+01   0.32407E+22
   0.34480E+04   0.12220E+04   0.21525E+01   0.32414E+22
   0.34491E+04   0.12224E+04   0.21530E+01   0.32422E+22
   0.34502E+04   0.12228E+04   0.21535E+01   0.32429E+22
   0.34513E+04   0.12232E+04   0.21540E+01   0.32436E+22
   0.34523E+04   0.12236E+04   0.21545E+01   0.32443E+22
   0.34534E+04   0.12240E+04   0.21550E+01   0.32450E+22
   0.34545E+04   0.12244E+04   0.21555E+01   0.32457E+22
   0.34556E+04   0.12248E+04   0.21560E+01   0.32464E+22
   0.34567E+04   0.12252E+04   0.21565E+01   0.32472E+22
   0.34578E+04   0.12257E+04   0.21570E+01   0.32479E+22
   0.34588E+04   0.12261E+04   0.21575E+01   0.32486E+22
   0.34599E+04   0.12265E+04   0.21580E+01   0.32493E+22
   0.34610E+04   0.12269E+04   0.21585E+01   0.32500E+22
   0.34621E+04   0.12273E+04   0.21590E+01   0.32507E+22
   0.34632E+04   0.12277E+04   0.21595E+01   0.32514E+22
   0.34643E+04   0.12281E+04   0.21600E+01   0.32522E+22
   0.34654E+04   0.12285E+04   0.21605E+01   0.32529E+22
   0.34665E+04   0.12289E+04   0.21610E+01   0.32536E+22
   0.34675E+04   0.12294E+04   0.21615E+01   0.32543E+22
   0.34686E+04   0.12298E+04   0.21620E+01   0.32550E+22
   0.34697E+04   0.12302E+04   0.21625E+01   0.32557E+22
   0.34708E+04   0.12306E+04   0.21630E+01   0.32564E+22
   0.34719E+04   0.12310E+04   0.21635E+01   0.32571E+22
   0.34730E+04   0.12314E+04   0.21640E+01   0.32579E+22
   0.34741E+04   0.12318E+04   0.21645E+01   0.32586E+22
   0.34751E+04   0.12322E+04   0.21650E+01   0.32593E+22
   0.34762E+04   0.12326E+04   0.21655E+01   0.32600E+22
   0.34773E+04   0.12331E+04   0.21660E+01   0.32607E+22
   0.34784E+04   0.12335E+04   0.21665E+01   0.32614E+22
   0.34795E+04   0.12339E+04   0.21670E+01   0.32621E+22
   0.34806E+04   0.12343E+04   0.21675E+01   0.32629E+22
   0.34817E+04   0.12347E+04   0.21680E+01   0.32636E+22
   0.34828E+04   0.12351E+04   0.21685E+01   0.32643E+22
   0.34838E+04   0.12355E+04   0.21690E+01   0.32650E+22
   0.34849E+04   0.12359E+04   0.21695E+01   0.32657E+22
   0.34860E+04   0.12363E+04   0.21700E+01   0.32664E+22
   0.34871E+04   0.12368E+04   0.21705E+01   0.32671E+22
   0.34882E+04   0.12372E+04   0.21710E+01   0.32679E+22
   0.34893E+04   0.12376E+04   0.21715E+01   0.32686E+22
   0.34904E+04   0.12380E+04   0.21720E+01   0.32693E+22
   0.34915E+04   0.12384E+04   0.21725E+01   0.32700E+22
   0.34926E+04   0.12388E+04   0.21730E+01   0.32707E+22
   0.34936E+04   0.12392E+04   0.21735E+01   0.32714E+22
   0.34947E+04   0.12396E+04   0.21740E+01   0.32721E+22
   0.34958E+04   0.12400E+04   0.21745E+01   0.32729E+22
   0.34969E+04   0.12405E+04   0.21750E+01   0.32736E+22
   0.34980E+04   0.12409E+04   0.21755E+01   0.32743E+22
   0.34991E+04   0.12413E+04   0.21760E+01   0.32750E+22
   0.35002E+04   0.12417E+04   0.21765E+01   0.32757E+22
   0.35013E+04   0.12421E+04   0.21770E+01   0.32764E+22
   0.35024E+04   0.12425E+04   0.21775E+01   0.32771E+22
   0.35034E+04   0.12429E+04   0.21780E+01   0.32778E+22
   0.35045E+04   0.12433E+04   0.21785E+01   0.32786E+22
   0.35056E+04   0.12438E+04   0.21790E+01   0.32793E+22
   0.35067E+04   0.12442E+04   0.21795E+01   0.32800E+22
   0.35078E+04   0.12446E+04   0.21800E+01   0.32807E+22
   0.35089E+04   0.12450E+04   0.21805E+01   0.32814E+22
   0.35100E+04   0.12454E+04   0.21810E+01   0.32821E+22
   0.35111E+04   0.12458E+04   0.21815E+01   0.32828E+22
   0.35122E+04   0.12462E+04   0.21820E+01   0.32836E+22
   0.35133E+04   0.12466E+04   0.21825E+01   0.32843E+22
   0.35143E+04   0.12470E+04   0.21830E+01   0.32850E+22
   0.35154E+04   0.12475E+04   0.21835E+01   0.32857E+22
   0.35165E+04   0.12479E+04   0.21840E+01   0.32864E+22
   0.35176E+04   0.12483E+04   0.21845E+01   0.32871E+22
   0.35187E+04   0.12487E+04   0.21850E+01   0.32878E+22
   0.35198E+04   0.12491E+04   0.21855E+01   0.32886E+22
   0.35209E+04   0.12495E+04   0.21860E+01   0.32893E+22
   0.35220E+04   0.12499E+04   0.21865E+01   0.32900E+22
   0.35231E+04   0.12503E+04   0.21870E+01   0.32907E+22
   0.35242E+04   0.12508E+04   0.21875E+01   0.32914E+22
   0.35253E+04   0.12512E+04   0.21880E+01   0.32921E+22
   0.35263E+04   0.12516E+04   0.21885E+01   0.32928E+22
   0.35274E+04   0.12520E+04   0.21890E+01   0.32936E+22
   0.35285E+04   0.12524E+04   0.21895E+01   0.32943E+22
   0.35296E+04   0.12528E+04   0.21900E+01   0.32950E+22
   0.35307E+04   0.12532E+04   0.21905E+01   0.32957E+22
   0.35318E+04   0.12536E+04   0.21910E+01   0.32964E+22
   0.35329E+04   0.12541E+04   0.21915E+01   0.32971E+22
   0.35340E+04   0.12545E+04   0.21920E+01   0.32978E+22
   0.35351E+04   0.12549E+04   0.21925E+01   0.32986E+22
   0.35362E+04   0.12553E+04   0.21930E+01   0.32993E+22
   0.35373E+04   0.12557E+04   0.21935E+01   0.33000E+22
   0.35384E+04   0.12561E+04   0.21940E+01   0.33007E+22
   0.35395E+04   0.12565E+04   0.21945E+01   0.33014E+22
   0.35405E+04   0.12569E+04   0.21950E+01   0.33021E+22
   0.35416E+04   0.12574E+04   0.21955E+01   0.33028E+22
   0.35427E+04   0.12578E+04   0.21960E+01   0.33035E+22
   0.35438E+04   0.12582E+04   0.21965E+01   0.33043E+22
   0.35449E+04   0.12586E+04   0.21970E+01   0.33050E+22
   0.35460E+04   0.12590E+04   0.21975E+01   0.33057E+22
   0.35471E+04   0.12594E+04   0.21980E+01   0.33064E+22
   0.35482E+04   0.12598E+04   0.21985E+01   0.33071E+22
   0.35493E+04   0.12602E+04   0.21990E+01   0.33078E+22
   0.35504E+04   0.12607E+04   0.21995E+01   0.33085E+22
   0.35515E+04   0.12611E+04   0.22000E+01   0.33093E+22
   0.35526E+04   0.12615E+04   0.22005E+01   0.33100E+22
   0.35537E+04   0.12619E+04   0.22010E+01   0.33107E+22
   0.35548E+04   0.12623E+04   0.22015E+01   0.33114E+22
   0.35559E+04   0.12627E+04   0.22020E+01   0.33121E+22
   0.35569E+04   0.12631E+04   0.22025E+01   0.33128E+22
   0.35580E+04   0.12636E+04   0.22030E+01   0.33135E+22
   0.35591E+04   0.12640E+04   0.22035E+01   0.33143E+22
   0.35602E+04   0.12644E+04   0.22040E+01   0.33150E+22
   0.35613E+04   0.12648E+04   0.22045E+01   0.33157E+22
   0.35624E+04   0.12652E+04   0.22050E+01   0.33164E+22
   0.35635E+04   0.12656E+04   0.22055E+01   0.33171E+22
   0.35646E+04   0.12660E+04   0.22060E+01   0.33178E+22
   0.35657E+04   0.12664E+04   0.22065E+01   0.33185E+22
   0.35668E+04   0.12669E+04   0.22070E+01   0.33193E+22
   0.35679E+04   0.12673E+04   0.22075E+01   0.33200E+22
   0.35690E+04   0.12677E+04   0.22080E+01   0.33207E+22
   0.35701E+04   0.12681E+04   0.22085E+01   0.33214E+22
   0.35712E+04   0.12685E+04   0.22090E+01   0.33221E+22
   0.35723E+04   0.12689E+04   0.22095E+01   0.33228E+22
   0.35734E+04   0.12693E+04   0.22100E+01   0.33235E+22
   0.35745E+04   0.12698E+04   0.22105E+01   0.33243E+22
   0.35756E+04   0.12702E+04   0.22110E+01   0.33250E+22
   0.35767E+04   0.12706E+04   0.22115E+01   0.33257E+22
   0.35778E+04   0.12710E+04   0.22120E+01   0.33264E+22
   0.35789E+04   0.12714E+04   0.22125E+01   0.33271E+22
   0.35799E+04   0.12718E+04   0.22130E+01   0.33278E+22
   0.35810E+04   0.12722E+04   0.22135E+01   0.33285E+22
   0.35821E+04   0.12727E+04   0.22140E+01   0.33293E+22
   0.35832E+04   0.12731E+04   0.22145E+01   0.33300E+22
   0.35843E+04   0.12735E+04   0.22150E+01   0.33307E+22
   0.35854E+04   0.12739E+04   0.22155E+01   0.33314E+22
   0.35865E+04   0.12743E+04   0.22160E+01   0.33321E+22
   0.35876E+04   0.12747E+04   0.22165E+01   0.33328E+22
   0.35887E+04   0.12751E+04   0.22170E+01   0.33335E+22
   0.35898E+04   0.12756E+04   0.22175E+01   0.33343E+22
   0.35909E+04   0.12760E+04   0.22180E+01   0.33350E+22
   0.35920E+04   0.12764E+04   0.22185E+01   0.33357E+22
   0.35931E+04   0.12768E+04   0.22190E+01   0.33364E+22
   0.35942E+04   0.12772E+04   0.22195E+01   0.33371E+22
   0.35953E+04   0.12776E+04   0.22200E+01   0.33378E+22
   0.35964E+04   0.12780E+04   0.22205E+01   0.33385E+22
   0.35975E+04   0.12785E+04   0.22210E+01   0.33393E+22
   0.35986E+04   0.12789E+04   0.22215E+01   0.33400E+22
   0.35997E+04   0.12793E+04   0.22220E+01   0.33407E+22
   0.36008E+04   0.12797E+04   0.22225E+01   0.33414E+22
   0.36019E+04   0.12801E+04   0.22230E+01   0.33421E+22
   0.36030E+04   0.12805E+04   0.22235E+01   0.33428E+22
   0.36041E+04   0.12809E+04   0.22240E+01   0.33435E+22
   0.36052E+04   0.12814E+04   0.22245E+01   0.33443E+22
   0.36063E+04   0.12818E+04   0.22250E+01   0.33450E+22
   0.36074E+04   0.12822E+04   0.22255E+01   0.33457E+22
   0.36085E+04   0.12826E+04   0.22260E+01   0.33464E+22
   0.36096E+04   0.12830E+04   0.22265E+01   0.33471E+22
   0.36107E+04   0.12834E+04   0.22270E+01   0.33478E+22
   0.36118E+04   0.12838E+04   0.22275E+01   0.33485E+22
   0.36129E+04   0.12843E+04   0.22280E+01   0.33493E+22
   0.36140E+04   0.12847E+04   0.22285E+01   0.33500E+22
   0.36151E+04   0.12851E+04   0.22290E+01   0.33507E+22
   0.36162E+04   0.12855E+04   0.22295E+01   0.33514E+22
   0.36173E+04   0.12859E+04   0.22300E+01   0.33521E+22
   0.36184E+04   0.12863E+04   0.22305E+01   0.33528E+22
   0.36195E+04   0.12867E+04   0.22310E+01   0.33535E+22
   0.36206E+04   0.12872E+04   0.22315E+01   0.33543E+22
   0.36217E+04   0.12876E+04   0.22320E+01   0.33550E+22
   0.36228E+04   0.12880E+04   0.22325E+01   0.33557E+22
   0.36239E+04   0.12884E+04   0.22330E+01   0.33564E+22
   0.36250E+04   0.12888E+04   0.22335E+01   0.33571E+22
   0.36261E+04   0.12892E+04   0.22340E+01   0.33578E+22
   0.36272E+04   0.12897E+04   0.22345E+01   0.33585E+22
   0.36283E+04   0.12901E+04   0.22350E+01   0.33593E+22
   0.36294E+04   0.12905E+04   0.22355E+01   0.33600E+22
   0.36305E+04   0.12909E+04   0.22360E+01   0.33607E+22
   0.36316E+04   0.12913E+04   0.22365E+01   0.33614E+22
   0.36327E+04   0.12917E+04   0.22370E+01   0.33621E+22
   0.36338E+04   0.12921E+04   0.22375E+01   0.33628E+22
   0.36349E+04   0.12926E+04   0.22380E+01   0.33635E+22
   0.36360E+04   0.12930E+04   0.22385E+01   0.33643E+22
   0.36371E+04   0.12934E+04   0.22390E+01   0.33650E+22
   0.36382E+04   0.12938E+04   0.22395E+01   0.33657E+22
   0.36393E+04   0.12942E+04   0.22400E+01   0.33664E+22
   0.36404E+04   0.12946E+04   0.22405E+01   0.33671E+22
   0.36415E+04   0.12951E+04   0.22410E+01   0.33678E+22
   0.36426E+04   0.12955E+04   0.22415E+01   0.33685E+22
   0.36437E+04   0.12959E+04   0.22420E+01   0.33693E+22
   0.36448E+04   0.12963E+04   0.22425E+01   0.33700E+22
   0.36459E+04   0.12967E+04   0.22430E+01   0.33707E+22
   0.36470E+04   0.12971E+04   0.22435E+01   0.33714E+22
   0.36481E+04   0.12975E+04   0.22440E+01   0.33721E+22
   0.36492E+04   0.12980E+04   0.22445E+01   0.33728E+22
   0.36503E+04   0.12984E+04   0.22450E+01   0.33736E+22
   0.36514E+04   0.12988E+04   0.22455E+01   0.33743E+22
   0.36525E+04   0.12992E+04   0.22460E+01   0.33750E+22
   0.36536E+04   0.12996E+04   0.22465E+01   0.33757E+22
   0.36547E+04   0.13000E+04   0.22470E+01   0.33764E+22
   0.36558E+04   0.13005E+04   0.22475E+01   0.33771E+22
   0.36569E+04   0.13009E+04   0.22480E+01   0.33778E+22
   0.36580E+04   0.13013E+04   0.22485E+01   0.33786E+22
   0.36591E+04   0.13017E+04   0.22490E+01   0.33793E+22
   0.36602E+04   0.13021E+04   0.22495E+01   0.33800E+22
   0.36613E+04   0.13025E+04   0.22500E+01   0.33807E+22
   0.36624E+04   0.13030E+04   0.22505E+01   0.33814E+22
   0.36635E+04   0.13034E+04   0.22510E+01   0.33821E+22
   0.36646E+04   0.13038E+04   0.22515E+01   0.33828E+22
   0.36657E+04   0.13042E+04   0.22520E+01   0.33836E+22
   0.36668E+04   0.13046E+04   0.22525E+01   0.33843E+22
   0.36679E+04   0.13050E+04   0.22530E+01   0.33850E+22
   0.36690E+04   0.13054E+04   0.22535E+01   0.33857E+22
   0.36701E+04   0.13059E+04   0.22540E+01   0.33864E+22
   0.36713E+04   0.13063E+04   0.22545E+01   0.33871E+22
   0.36724E+04   0.13067E+04   0.22550E+01   0.33878E+22
   0.36735E+04   0.13071E+04   0.22555E+01   0.33886E+22
   0.36746E+04   0.13075E+04   0.22560E+01   0.33893E+22
   0.36757E+04   0.13079E+04   0.22565E+01   0.33900E+22
   0.36768E+04   0.13084E+04   0.22570E+01   0.33907E+22
   0.36779E+04   0.13088E+04   0.22575E+01   0.33914E+22
   0.36790E+04   0.13092E+04   0.22580E+01   0.33921E+22
   0.36801E+04   0.13096E+04   0.22585E+01   0.33928E+22
   0.36812E+04   0.13100E+04   0.22590E+01   0.33936E+22
   0.36823E+04   0.13104E+04   0.22595E+01   0.33943E+22
   0.36834E+04   0.13109E+04   0.22600E+01   0.33950E+22
   0.36845E+04   0.13113E+04   0.22605E+01   0.33957E+22
   0.36856E+04   0.13117E+04   0.22610E+01   0.33964E+22
   0.36867E+04   0.13121E+04   0.22615E+01   0.33971E+22
   0.36878E+04   0.13125E+04   0.22620E+01   0.33978E+22
   0.36889E+04   0.13129E+04   0.22625E+01   0.33986E+22
   0.36900E+04   0.13134E+04   0.22630E+01   0.33993E+22
   0.36911E+04   0.13138E+04   0.22635E+01   0.34000E+22
   0.36922E+04   0.13142E+04   0.22640E+01   0.34007E+22
   0.36934E+04   0.13146E+04   0.22645E+01   0.34014E+22
   0.36945E+04   0.13150E+04   0.22650E+01   0.34021E+22
   0.36956E+04   0.13154E+04   0.22655E+01   0.34029E+22
   0.36967E+04   0.13159E+04   0.22660E+01   0.34036E+22
   0.36978E+04   0.13163E+04   0.22665E+01   0.34043E+22
   0.36989E+04   0.13167E+04   0.22670E+01   0.34050E+22
   0.37000E+04   0.13171E+04   0.22675E+01   0.34057E+22
   0.37011E+04   0.13175E+04   0.22680E+01   0.34064E+22
   0.37022E+04   0.13179E+04   0.22685E+01   0.34071E+22
   0.37033E+04   0.13184E+04   0.22690E+01   0.34079E+22
   0.37044E+04   0.13188E+04   0.22695E+01   0.34086E+22
   0.37055E+04   0.13192E+04   0.22700E+01   0.34093E+22
   0.37066E+04   0.13196E+04   0.22705E+01   0.34100E+22
   0.37077E+04   0.13200E+04   0.22710E+01   0.34107E+22
   0.37088E+04   0.13205E+04   0.22715E+01   0.34114E+22
   0.37099E+04   0.13209E+04   0.22720E+01   0.34121E+22
   0.37111E+04   0.13213E+04   0.22725E+01   0.34129E+22
   0.37122E+04   0.13217E+04   0.22730E+01   0.34136E+22
   0.37133E+04   0.13221E+04   0.22735E+01   0.34143E+22
   0.37144E+04   0.13225E+04   0.22740E+01   0.34150E+22
   0.37155E+04   0.13230E+04   0.22745E+01   0.34157E+22
   0.37166E+04   0.13234E+04   0.22750E+01   0.34164E+22
   0.37177E+04   0.13238E+04   0.22755E+01   0.34171E+22
   0.37188E+04   0.13242E+04   0.22760E+01   0.34179E+22
   0.37199E+04   0.13246E+04   0.22765E+01   0.34186E+22
   0.37210E+04   0.13250E+04   0.22770E+01   0.34193E+22
   0.37221E+04   0.13255E+04   0.22775E+01   0.34200E+22
   0.37232E+04   0.13259E+04   0.22780E+01   0.34207E+22
   0.37243E+04   0.13263E+04   0.22785E+01   0.34214E+22
   0.37255E+04   0.13267E+04   0.22790E+01   0.34222E+22
   0.37266E+04   0.13271E+04   0.22795E+01   0.34229E+22
   0.37277E+04   0.13275E+04   0.22800E+01   0.34236E+22
   0.37288E+04   0.13280E+04   0.22805E+01   0.34243E+22
   0.37299E+04   0.13284E+04   0.22810E+01   0.34250E+22
   0.37310E+04   0.13288E+04   0.22815E+01   0.34257E+22
   0.37321E+04   0.13292E+04   0.22820E+01   0.34264E+22
   0.37332E+04   0.13296E+04   0.22825E+01   0.34272E+22
   0.37343E+04   0.13301E+04   0.22830E+01   0.34279E+22
   0.37354E+04   0.13305E+04   0.22835E+01   0.34286E+22
   0.37365E+04   0.13309E+04   0.22840E+01   0.34293E+22
   0.37377E+04   0.13313E+04   0.22845E+01   0.34300E+22
   0.37388E+04   0.13317E+04   0.22850E+01   0.34307E+22
   0.37399E+04   0.13321E+04   0.22855E+01   0.34314E+22
   0.37410E+04   0.13326E+04   0.22860E+01   0.34322E+22
   0.37421E+04   0.13330E+04   0.22865E+01   0.34329E+22
   0.37432E+04   0.13334E+04   0.22870E+01   0.34336E+22
   0.37443E+04   0.13338E+04   0.22875E+01   0.34343E+22
   0.37454E+04   0.13342E+04   0.22880E+01   0.34350E+22
   0.37465E+04   0.13347E+04   0.22885E+01   0.34357E+22
   0.37476E+04   0.13351E+04   0.22890E+01   0.34365E+22
   0.37488E+04   0.13355E+04   0.22895E+01   0.34372E+22
   0.37499E+04   0.13359E+04   0.22900E+01   0.34379E+22
   0.37510E+04   0.13363E+04   0.22905E+01   0.34386E+22
   0.37521E+04   0.13367E+04   0.22910E+01   0.34393E+22
   0.37532E+04   0.13372E+04   0.22915E+01   0.34400E+22
   0.37543E+04   0.13376E+04   0.22920E+01   0.34407E+22
   0.37554E+04   0.13380E+04   0.22925E+01   0.34415E+22
   0.37565E+04   0.13384E+04   0.22930E+01   0.34422E+22
   0.37576E+04   0.13388E+04   0.22935E+01   0.34429E+22
   0.37588E+04   0.13393E+04   0.22940E+01   0.34436E+22
   0.37599E+04   0.13397E+04   0.22945E+01   0.34443E+22
   0.37610E+04   0.13401E+04   0.22950E+01   0.34450E+22
   0.37621E+04   0.13405E+04   0.22955E+01   0.34457E+22
   0.37632E+04   0.13409E+04   0.22960E+01   0.34465E+22
   0.37643E+04   0.13413E+04   0.22965E+01   0.34472E+22
   0.37654E+04   0.13418E+04   0.22970E+01   0.34479E+22
   0.37665E+04   0.13422E+04   0.22975E+01   0.34486E+22
   0.37676E+04   0.13426E+04   0.22980E+01   0.34493E+22
   0.37688E+04   0.13430E+04   0.22985E+01   0.34500E+22
   0.37699E+04   0.13434E+04   0.22990E+01   0.34508E+22
   0.37710E+04   0.13439E+04   0.22995E+01   0.34515E+22
   0.37721E+04   0.13443E+04   0.23000E+01   0.34522E+22
   0.37732E+04   0.13447E+04   0.23005E+01   0.34529E+22
   0.37743E+04   0.13451E+04   0.23010E+01   0.34536E+22
   0.37754E+04   0.13455E+04   0.23015E+01   0.34543E+22
   0.37765E+04   0.13460E+04   0.23020E+01   0.34550E+22
   0.37777E+04   0.13464E+04   0.23025E+01   0.34558E+22
   0.37788E+04   0.13468E+04   0.23030E+01   0.34565E+22
   0.37799E+04   0.13472E+04   0.23035E+01   0.34572E+22
   0.37810E+04   0.13476E+04   0.23040E+01   0.34579E+22
   0.37821E+04   0.13481E+04   0.23045E+01   0.34586E+22
   0.37832E+04   0.13485E+04   0.23050E+01   0.34593E+22
   0.37843E+04   0.13489E+04   0.23055E+01   0.34600E+22
   0.37854E+04   0.13493E+04   0.23060E+01   0.34608E+22
   0.37866E+04   0.13497E+04   0.23065E+01   0.34615E+22
   0.37877E+04   0.13501E+04   0.23070E+01   0.34622E+22
   0.37888E+04   0.13506E+04   0.23075E+01   0.34629E+22
   0.37899E+04   0.13510E+04   0.23080E+01   0.34636E+22
   0.37910E+04   0.13514E+04   0.23085E+01   0.34643E+22
   0.37921E+04   0.13518E+04   0.23090E+01   0.34651E+22
   0.37932E+04   0.13522E+04   0.23095E+01   0.34658E+22
   0.37944E+04   0.13527E+04   0.23100E+01   0.34665E+22
   0.37955E+04   0.13531E+04   0.23105E+01   0.34672E+22
   0.37966E+04   0.13535E+04   0.23110E+01   0.34679E+22
   0.37977E+04   0.13539E+04   0.23115E+01   0.34686E+22
   0.37988E+04   0.13543E+04   0.23120E+01   0.34693E+22
   0.37999E+04   0.13548E+04   0.23125E+01   0.34701E+22
   0.38010E+04   0.13552E+04   0.23130E+01   0.34708E+22
   0.38022E+04   0.13556E+04   0.23135E+01   0.34715E+22
   0.38033E+04   0.13560E+04   0.23140E+01   0.34722E+22
   0.38044E+04   0.13564E+04   0.23145E+01   0.34729E+22
   0.38055E+04   0.13569E+04   0.23150E+01   0.34736E+22
   0.38066E+04   0.13573E+04   0.23155E+01   0.34744E+22
   0.38077E+04   0.13577E+04   0.23160E+01   0.34751E+22
   0.38088E+04   0.13581E+04   0.23165E+01   0.34758E+22
   0.38100E+04   0.13585E+04   0.23170E+01   0.34765E+22
   0.38111E+04   0.13590E+04   0.23175E+01   0.34772E+22
   0.38122E+04   0.13594E+04   0.23180E+01   0.34779E+22
   0.38133E+04   0.13598E+04   0.23185E+01   0.34786E+22
   0.38144E+04   0.13602E+04   0.23190E+01   0.34794E+22
   0.38155E+04   0.13606E+04   0.23195E+01   0.34801E+22
   0.38167E+04   0.13611E+04   0.23200E+01   0.34808E+22
   0.38178E+04   0.13615E+04   0.23205E+01   0.34815E+22
   0.38189E+04   0.13619E+04   0.23210E+01   0.34822E+22
   0.38200E+04   0.13623E+04   0.23215E+01   0.34829E+22
   0.38211E+04   0.13627E+04   0.23220E+01   0.34836E+22
   0.38222E+04   0.13632E+04   0.23225E+01   0.34844E+22
   0.38234E+04   0.13636E+04   0.23230E+01   0.34851E+22
   0.38245E+04   0.13640E+04   0.23235E+01   0.34858E+22
   0.38256E+04   0.13644E+04   0.23240E+01   0.34865E+22
   0.38267E+04   0.13648E+04   0.23245E+01   0.34872E+22
   0.38278E+04   0.13653E+04   0.23250E+01   0.34879E+22
   0.38289E+04   0.13657E+04   0.23255E+01   0.34887E+22
   0.38301E+04   0.13661E+04   0.23260E+01   0.34894E+22
   0.38312E+04   0.13665E+04   0.23265E+01   0.34901E+22
   0.38323E+04   0.13669E+04   0.23270E+01   0.34908E+22
   0.38334E+04   0.13674E+04   0.23275E+01   0.34915E+22
   0.38345E+04   0.13678E+04   0.23280E+01   0.34922E+22
   0.38356E+04   0.13682E+04   0.23285E+01   0.34929E+22
   0.38368E+04   0.13686E+04   0.23290E+01   0.34937E+22
   0.38379E+04   0.13690E+04   0.23295E+01   0.34944E+22
   0.38390E+04   0.13695E+04   0.23300E+01   0.34951E+22
   0.38401E+04   0.13699E+04   0.23305E+01   0.34958E+22
   0.38412E+04   0.13703E+04   0.23310E+01   0.34965E+22
   0.38423E+04   0.13707E+04   0.23315E+01   0.34972E+22
   0.38435E+04   0.13711E+04   0.23320E+01   0.34980E+22
   0.38446E+04   0.13716E+04   0.23325E+01   0.34987E+22
   0.38457E+04   0.13720E+04   0.23330E+01   0.34994E+22
   0.38468E+04   0.13724E+04   0.23335E+01   0.35001E+22
   0.38479E+04   0.13728E+04   0.23340E+01   0.35008E+22
   0.38491E+04   0.13733E+04   0.23345E+01   0.35015E+22
   0.38502E+04   0.13737E+04   0.23350E+01   0.35022E+22
   0.38513E+04   0.13741E+04   0.23355E+01   0.35030E+22
   0.38524E+04   0.13745E+04   0.23360E+01   0.35037E+22
   0.38535E+04   0.13749E+04   0.23365E+01   0.35044E+22
   0.38546E+04   0.13754E+04   0.23370E+01   0.35051E+22
   0.38558E+04   0.13758E+04   0.23375E+01   0.35058E+22
   0.38569E+04   0.13762E+04   0.23380E+01   0.35065E+22
   0.38580E+04   0.13766E+04   0.23385E+01   0.35073E+22
   0.38591E+04   0.13770E+04   0.23390E+01   0.35080E+22
   0.38602E+04   0.13775E+04   0.23395E+01   0.35087E+22
   0.38614E+04   0.13779E+04   0.23400E+01   0.35094E+22
   0.38625E+04   0.13783E+04   0.23405E+01   0.35101E+22
   0.38636E+04   0.13787E+04   0.23410E+01   0.35108E+22
   0.38647E+04   0.13791E+04   0.23415E+01   0.35115E+22
   0.38658E+04   0.13796E+04   0.23420E+01   0.35123E+22
   0.38670E+04   0.13800E+04   0.23425E+01   0.35130E+22
   0.38681E+04   0.13804E+04   0.23430E+01   0.35137E+22
   0.38692E+04   0.13808E+04   0.23435E+01   0.35144E+22
   0.38703E+04   0.13813E+04   0.23440E+01   0.35151E+22
   0.38714E+04   0.13817E+04   0.23445E+01   0.35158E+22
   0.38726E+04   0.13821E+04   0.23450E+01   0.35166E+22
   0.38737E+04   0.13825E+04   0.23455E+01   0.35173E+22
   0.38748E+04   0.13829E+04   0.23460E+01   0.35180E+22
   0.38759E+04   0.13834E+04   0.23465E+01   0.35187E+22
   0.38770E+04   0.13838E+04   0.23470E+01   0.35194E+22
   0.38782E+04   0.13842E+04   0.23475E+01   0.35201E+22
   0.38793E+04   0.13846E+04   0.23480E+01   0.35208E+22
   0.38804E+04   0.13850E+04   0.23485E+01   0.35216E+22
   0.38815E+04   0.13855E+04   0.23490E+01   0.35223E+22
   0.38826E+04   0.13859E+04   0.23495E+01   0.35230E+22
   0.38838E+04   0.13863E+04   0.23500E+01   0.35237E+22
   0.38849E+04   0.13867E+04   0.23505E+01   0.35244E+22
   0.38860E+04   0.13872E+04   0.23510E+01   0.35251E+22
   0.38871E+04   0.13876E+04   0.23515E+01   0.35259E+22
   0.38883E+04   0.13880E+04   0.23520E+01   0.35266E+22
   0.38894E+04   0.13884E+04   0.23525E+01   0.35273E+22
   0.38905E+04   0.13888E+04   0.23530E+01   0.35280E+22
   0.38916E+04   0.13893E+04   0.23535E+01   0.35287E+22
   0.38927E+04   0.13897E+04   0.23540E+01   0.35294E+22
   0.38939E+04   0.13901E+04   0.23545E+01   0.35302E+22
   0.38950E+04   0.13905E+04   0.23550E+01   0.35309E+22
   0.38961E+04   0.13910E+04   0.23555E+01   0.35316E+22
   0.38972E+04   0.13914E+04   0.23560E+01   0.35323E+22
   0.38984E+04   0.13918E+04   0.23565E+01   0.35330E+22
   0.38995E+04   0.13922E+04   0.23570E+01   0.35337E+22
   0.39006E+04   0.13926E+04   0.23575E+01   0.35344E+22
   0.39017E+04   0.13931E+04   0.23580E+01   0.35352E+22
   0.39028E+04   0.13935E+04   0.23585E+01   0.35359E+22
   0.39040E+04   0.13939E+04   0.23590E+01   0.35366E+22
   0.39051E+04   0.13943E+04   0.23595E+01   0.35373E+22
   0.39062E+04   0.13948E+04   0.23600E+01   0.35380E+22
   0.39073E+04   0.13952E+04   0.23605E+01   0.35387E+22
   0.39085E+04   0.13956E+04   0.23610E+01   0.35395E+22
   0.39096E+04   0.13960E+04   0.23615E+01   0.35402E+22
   0.39107E+04   0.13964E+04   0.23620E+01   0.35409E+22
   0.39118E+04   0.13969E+04   0.23625E+01   0.35416E+22
   0.39130E+04   0.13973E+04   0.23630E+01   0.35423E+22
   0.39141E+04   0.13977E+04   0.23635E+01   0.35430E+22
   0.39152E+04   0.13981E+04   0.23640E+01   0.35437E+22
   0.39163E+04   0.13986E+04   0.23645E+01   0.35445E+22
   0.39174E+04   0.13990E+04   0.23650E+01   0.35452E+22
   0.39186E+04   0.13994E+04   0.23655E+01   0.35459E+22
   0.39197E+04   0.13998E+04   0.23660E+01   0.35466E+22
   0.39208E+04   0.14002E+04   0.23665E+01   0.35473E+22
   0.39219E+04   0.14007E+04   0.23670E+01   0.35480E+22
   0.39231E+04   0.14011E+04   0.23675E+01   0.35488E+22
   0.39242E+04   0.14015E+04   0.23680E+01   0.35495E+22
   0.39253E+04   0.14019E+04   0.23685E+01   0.35502E+22
   0.39264E+04   0.14024E+04   0.23690E+01   0.35509E+22
   0.39276E+04   0.14028E+04   0.23695E+01   0.35516E+22
   0.39287E+04   0.14032E+04   0.23700E+01   0.35523E+22
   0.39298E+04   0.14036E+04   0.23705E+01   0.35531E+22
   0.39309E+04   0.14040E+04   0.23710E+01   0.35538E+22
   0.39321E+04   0.14045E+04   0.23715E+01   0.35545E+22
   0.39332E+04   0.14049E+04   0.23720E+01   0.35552E+22
   0.39343E+04   0.14053E+04   0.23725E+01   0.35559E+22
   0.39354E+04   0.14057E+04   0.23730E+01   0.35566E+22
   0.39366E+04   0.14062E+04   0.23735E+01   0.35573E+22
   0.39377E+04   0.14066E+04   0.23740E+01   0.35581E+22
   0.39388E+04   0.14070E+04   0.23745E+01   0.35588E+22
   0.39399E+04   0.14074E+04   0.23750E+01   0.35595E+22
   0.39411E+04   0.14079E+04   0.23755E+01   0.35602E+22
   0.39422E+04   0.14083E+04   0.23760E+01   0.35609E+22
   0.39433E+04   0.14087E+04   0.23765E+01   0.35616E+22
   0.39445E+04   0.14091E+04   0.23770E+01   0.35624E+22
   0.39456E+04   0.14095E+04   0.23775E+01   0.35631E+22
   0.39467E+04   0.14100E+04   0.23780E+01   0.35638E+22
   0.39478E+04   0.14104E+04   0.23785E+01   0.35645E+22
   0.39490E+04   0.14108E+04   0.23790E+01   0.35652E+22
   0.39501E+04   0.14112E+04   0.23795E+01   0.35659E+22
   0.39512E+04   0.14117E+04   0.23800E+01   0.35667E+22
   0.39523E+04   0.14121E+04   0.23805E+01   0.35674E+22
   0.39535E+04   0.14125E+04   0.23810E+01   0.35681E+22
   0.39546E+04   0.14129E+04   0.23815E+01   0.35688E+22
   0.39557E+04   0.14134E+04   0.23820E+01   0.35695E+22
   0.39568E+04   0.14138E+04   0.23825E+01   0.35702E+22
   0.39580E+04   0.14142E+04   0.23830E+01   0.35709E+22
   0.39591E+04   0.14146E+04   0.23835E+01   0.35717E+22
   0.39602E+04   0.14151E+04   0.23840E+01   0.35724E+22
   0.39614E+04   0.14155E+04   0.23845E+01   0.35731E+22
   0.39625E+04   0.14159E+04   0.23850E+01   0.35738E+22
   0.39636E+04   0.14163E+04   0.23855E+01   0.35745E+22
   0.39647E+04   0.14167E+04   0.23860E+01   0.35752E+22
   0.39659E+04   0.14172E+04   0.23865E+01   0.35760E+22
   0.39670E+04   0.14176E+04   0.23870E+01   0.35767E+22
   0.39681E+04   0.14180E+04   0.23875E+01   0.35774E+22
   0.39692E+04   0.14184E+04   0.23880E+01   0.35781E+22
   0.39704E+04   0.14189E+04   0.23885E+01   0.35788E+22
   0.39715E+04   0.14193E+04   0.23890E+01   0.35795E+22
   0.39726E+04   0.14197E+04   0.23895E+01   0.35803E+22
   0.39738E+04   0.14201E+04   0.23900E+01   0.35810E+22
   0.39749E+04   0.14206E+04   0.23905E+01   0.35817E+22
   0.39760E+04   0.14210E+04   0.23910E+01   0.35824E+22
   0.39771E+04   0.14214E+04   0.23915E+01   0.35831E+22
   0.39783E+04   0.14218E+04   0.23920E+01   0.35838E+22
   0.39794E+04   0.14223E+04   0.23925E+01   0.35845E+22
   0.39805E+04   0.14227E+04   0.23930E+01   0.35853E+22
   0.39817E+04   0.14231E+04   0.23935E+01   0.35860E+22
   0.39828E+04   0.14235E+04   0.23940E+01   0.35867E+22
   0.39839E+04   0.14240E+04   0.23945E+01   0.35874E+22
   0.39850E+04   0.14244E+04   0.23950E+01   0.35881E+22
   0.39862E+04   0.14248E+04   0.23955E+01   0.35888E+22
   0.39873E+04   0.14252E+04   0.23960E+01   0.35896E+22
   0.39884E+04   0.14256E+04   0.23965E+01   0.35903E+22
   0.39896E+04   0.14261E+04   0.23970E+01   0.35910E+22
   0.39907E+04   0.14265E+04   0.23975E+01   0.35917E+22
   0.39918E+04   0.14269E+04   0.23980E+01   0.35924E+22
   0.39930E+04   0.14273E+04   0.23985E+01   0.35931E+22
   0.39941E+04   0.14278E+04   0.23990E+01   0.35939E+22
   0.39952E+04   0.14282E+04   0.23995E+01   0.35946E+22
   0.39963E+04   0.14286E+04   0.24000E+01   0.35953E+22
   0.39975E+04   0.14290E+04   0.24005E+01   0.35960E+22
   0.39986E+04   0.14295E+04   0.24010E+01   0.35967E+22
   0.39997E+04   0.14299E+04   0.24015E+01   0.35974E+22
   0.40009E+04   0.14303E+04   0.24020E+01   0.35981E+22
   0.40020E+04   0.14307E+04   0.24025E+01   0.35989E+22
   0.40031E+04   0.14312E+04   0.24030E+01   0.35996E+22
   0.40043E+04   0.14316E+04   0.24035E+01   0.36003E+22
   0.40054E+04   0.14320E+04   0.24040E+01   0.36010E+22
   0.40065E+04   0.14324E+04   0.24045E+01   0.36017E+22
   0.40077E+04   0.14329E+04   0.24050E+01   0.36024E+22
   0.40088E+04   0.14333E+04   0.24055E+01   0.36032E+22
   0.40099E+04   0.14337E+04   0.24060E+01   0.36039E+22
   0.40110E+04   0.14341E+04   0.24065E+01   0.36046E+22
   0.40122E+04   0.14346E+04   0.24070E+01   0.36053E+22
   0.40133E+04   0.14350E+04   0.24075E+01   0.36060E+22
   0.40144E+04   0.14354E+04   0.24080E+01   0.36067E+22
   0.40156E+04   0.14358E+04   0.24085E+01   0.36075E+22
   0.40167E+04   0.14363E+04   0.24090E+01   0.36082E+22
   0.40178E+04   0.14367E+04   0.24095E+01   0.36089E+22
   0.40190E+04   0.14371E+04   0.24100E+01   0.36096E+22
   0.40201E+04   0.14375E+04   0.24105E+01   0.36103E+22
   0.40212E+04   0.14380E+04   0.24110E+01   0.36110E+22
   0.40224E+04   0.14384E+04   0.24115E+01   0.36118E+22
   0.40235E+04   0.14388E+04   0.24120E+01   0.36125E+22
   0.40246E+04   0.14392E+04   0.24125E+01   0.36132E+22
   0.40258E+04   0.14397E+04   0.24130E+01   0.36139E+22
   0.40269E+04   0.14401E+04   0.24135E+01   0.36146E+22
   0.40280E+04   0.14405E+04   0.24140E+01   0.36153E+22
   0.40292E+04   0.14409E+04   0.24145E+01   0.36160E+22
   0.40303E+04   0.14414E+04   0.24150E+01   0.36168E+22
   0.40314E+04   0.14418E+04   0.24155E+01   0.36175E+22
   0.40326E+04   0.14422E+04   0.24160E+01   0.36182E+22
   0.40337E+04   0.14426E+04   0.24165E+01   0.36189E+22
   0.40348E+04   0.14431E+04   0.24170E+01   0.36196E+22
   0.40360E+04   0.14435E+04   0.24175E+01   0.36203E+22
   0.40371E+04   0.14439E+04   0.24180E+01   0.36211E+22
   0.40382E+04   0.14443E+04   0.24185E+01   0.36218E+22
   0.40394E+04   0.14448E+04   0.24190E+01   0.36225E+22
   0.40405E+04   0.14452E+04   0.24195E+01   0.36232E+22
   0.40416E+04   0.14456E+04   0.24200E+01   0.36239E+22
   0.40428E+04   0.14460E+04   0.24205E+01   0.36246E+22
   0.40439E+04   0.14465E+04   0.24210E+01   0.36254E+22
   0.40450E+04   0.14469E+04   0.24215E+01   0.36261E+22
   0.40462E+04   0.14473E+04   0.24220E+01   0.36268E+22
   0.40473E+04   0.14477E+04   0.24225E+01   0.36275E+22
   0.40484E+04   0.14482E+04   0.24230E+01   0.36282E+22
   0.40496E+04   0.14486E+04   0.24235E+01   0.36289E+22
   0.40507E+04   0.14490E+04   0.24240E+01   0.36297E+22
   0.40518E+04   0.14495E+04   0.24245E+01   0.36304E+22
   0.40530E+04   0.14499E+04   0.24250E+01   0.36311E+22
   0.40541E+04   0.14503E+04   0.24255E+01   0.36318E+22
   0.40552E+04   0.14507E+04   0.24260E+01   0.36325E+22
   0.40564E+04   0.14512E+04   0.24265E+01   0.36332E+22
   0.40575E+04   0.14516E+04   0.24270E+01   0.36340E+22
   0.40586E+04   0.14520E+04   0.24275E+01   0.36347E+22
   0.40598E+04   0.14524E+04   0.24280E+01   0.36354E+22
   0.40609E+04   0.14529E+04   0.24285E+01   0.36361E+22
   0.40620E+04   0.14533E+04   0.24290E+01   0.36368E+22
   0.40632E+04   0.14537E+04   0.24295E+01   0.36375E+22
   0.40643E+04   0.14541E+04   0.24300E+01   0.36382E+22
   0.40655E+04   0.14546E+04   0.24305E+01   0.36390E+22
   0.40666E+04   0.14550E+04   0.24310E+01   0.36397E+22
   0.40677E+04   0.14554E+04   0.24315E+01   0.36404E+22
   0.40689E+04   0.14558E+04   0.24320E+01   0.36411E+22
   0.40700E+04   0.14563E+04   0.24325E+01   0.36418E+22
   0.40711E+04   0.14567E+04   0.24330E+01   0.36425E+22
   0.40723E+04   0.14571E+04   0.24335E+01   0.36433E+22
   0.40734E+04   0.14575E+04   0.24340E+01   0.36440E+22
   0.40745E+04   0.14580E+04   0.24345E+01   0.36447E+22
   0.40757E+04   0.14584E+04   0.24350E+01   0.36454E+22
   0.40768E+04   0.14588E+04   0.24355E+01   0.36461E+22
   0.40780E+04   0.14593E+04   0.24360E+01   0.36468E+22
   0.40791E+04   0.14597E+04   0.24365E+01   0.36476E+22
   0.40802E+04   0.14601E+04   0.24370E+01   0.36483E+22
   0.40814E+04   0.14605E+04   0.24375E+01   0.36490E+22
   0.40825E+04   0.14610E+04   0.24380E+01   0.36497E+22
   0.40836E+04   0.14614E+04   0.24385E+01   0.36504E+22
   0.40848E+04   0.14618E+04   0.24390E+01   0.36511E+22
   0.40859E+04   0.14622E+04   0.24395E+01   0.36519E+22
   0.40870E+04   0.14627E+04   0.24400E+01   0.36526E+22
   0.40882E+04   0.14631E+04   0.24405E+01   0.36533E+22
   0.40893E+04   0.14635E+04   0.24410E+01   0.36540E+22
   0.40905E+04   0.14639E+04   0.24415E+01   0.36547E+22
   0.40916E+04   0.14644E+04   0.24420E+01   0.36554E+22
   0.40927E+04   0.14648E+04   0.24425E+01   0.36562E+22
   0.40939E+04   0.14652E+04   0.24430E+01   0.36569E+22
   0.40950E+04   0.14657E+04   0.24435E+01   0.36576E+22
   0.40961E+04   0.14661E+04   0.24440E+01   0.36583E+22
   0.40973E+04   0.14665E+04   0.24445E+01   0.36590E+22
   0.40984E+04   0.14669E+04   0.24450E+01   0.36597E+22
   0.40996E+04   0.14674E+04   0.24455E+01   0.36605E+22
   0.41007E+04   0.14678E+04   0.24460E+01   0.36612E+22
   0.41018E+04   0.14682E+04   0.24465E+01   0.36619E+22
   0.41030E+04   0.14686E+04   0.24470E+01   0.36626E+22
   0.41041E+04   0.14691E+04   0.24475E+01   0.36633E+22
   0.41053E+04   0.14695E+04   0.24480E+01   0.36640E+22
   0.41064E+04   0.14699E+04   0.24485E+01   0.36648E+22
   0.41075E+04   0.14703E+04   0.24490E+01   0.36655E+22
   0.41087E+04   0.14708E+04   0.24495E+01   0.36662E+22
   0.41098E+04   0.14712E+04   0.24500E+01   0.36669E+22
   0.41109E+04   0.14716E+04   0.24505E+01   0.36676E+22
   0.41121E+04   0.14721E+04   0.24510E+01   0.36683E+22
   0.41132E+04   0.14725E+04   0.24515E+01   0.36690E+22
   0.41144E+04   0.14729E+04   0.24520E+01   0.36698E+22
   0.41155E+04   0.14733E+04   0.24525E+01   0.36705E+22
   0.41166E+04   0.14738E+04   0.24530E+01   0.36712E+22
   0.41178E+04   0.14742E+04   0.24535E+01   0.36719E+22
   0.41189E+04   0.14746E+04   0.24540E+01   0.36726E+22
   0.41201E+04   0.14751E+04   0.24545E+01   0.36733E+22
   0.41212E+04   0.14755E+04   0.24550E+01   0.36741E+22
   0.41223E+04   0.14759E+04   0.24555E+01   0.36748E+22
   0.41235E+04   0.14763E+04   0.24560E+01   0.36755E+22
   0.41246E+04   0.14768E+04   0.24565E+01   0.36762E+22
   0.41258E+04   0.14772E+04   0.24570E+01   0.36769E+22
   0.41269E+04   0.14776E+04   0.24575E+01   0.36776E+22
   0.41280E+04   0.14780E+04   0.24580E+01   0.36784E+22
   0.41292E+04   0.14785E+04   0.24585E+01   0.36791E+22
   0.41303E+04   0.14789E+04   0.24590E+01   0.36798E+22
   0.41315E+04   0.14793E+04   0.24595E+01   0.36805E+22
   0.41326E+04   0.14798E+04   0.24600E+01   0.36812E+22
   0.41337E+04   0.14802E+04   0.24605E+01   0.36819E+22
   0.41349E+04   0.14806E+04   0.24610E+01   0.36827E+22
   0.41360E+04   0.14810E+04   0.24615E+01   0.36834E+22
   0.41372E+04   0.14815E+04   0.24620E+01   0.36841E+22
   0.41383E+04   0.14819E+04   0.24625E+01   0.36848E+22
   0.41395E+04   0.14823E+04   0.24630E+01   0.36855E+22
   0.41406E+04   0.14827E+04   0.24635E+01   0.36862E+22
   0.41417E+04   0.14832E+04   0.24640E+01   0.36870E+22
   0.41429E+04   0.14836E+04   0.24645E+01   0.36877E+22
   0.41440E+04   0.14840E+04   0.24650E+01   0.36884E+22
   0.41452E+04   0.14845E+04   0.24655E+01   0.36891E+22
   0.41463E+04   0.14849E+04   0.24660E+01   0.36898E+22
   0.41474E+04   0.14853E+04   0.24665E+01   0.36905E+22
   0.41486E+04   0.14857E+04   0.24670E+01   0.36913E+22
   0.41497E+04   0.14862E+04   0.24675E+01   0.36920E+22
   0.41509E+04   0.14866E+04   0.24680E+01   0.36927E+22
   0.41520E+04   0.14870E+04   0.24685E+01   0.36934E+22
   0.41532E+04   0.14875E+04   0.24690E+01   0.36941E+22
   0.41543E+04   0.14879E+04   0.24695E+01   0.36948E+22
   0.41554E+04   0.14883E+04   0.24700E+01   0.36956E+22
   0.41566E+04   0.14887E+04   0.24705E+01   0.36963E+22
   0.41577E+04   0.14892E+04   0.24710E+01   0.36970E+22
   0.41589E+04   0.14896E+04   0.24715E+01   0.36977E+22
   0.41600E+04   0.14900E+04   0.24720E+01   0.36984E+22
   0.41612E+04   0.14905E+04   0.24725E+01   0.36991E+22
   0.41623E+04   0.14909E+04   0.24730E+01   0.36999E+22
   0.41634E+04   0.14913E+04   0.24735E+01   0.37006E+22
   0.41646E+04   0.14917E+04   0.24740E+01   0.37013E+22
   0.41657E+04   0.14922E+04   0.24745E+01   0.37020E+22
   0.41669E+04   0.14926E+04   0.24750E+01   0.37027E+22
   0.41680E+04   0.14930E+04   0.24755E+01   0.37034E+22
   0.41692E+04   0.14935E+04   0.24760E+01   0.37042E+22
   0.41703E+04   0.14939E+04   0.24765E+01   0.37049E+22
   0.41714E+04   0.14943E+04   0.24770E+01   0.37056E+22
   0.41726E+04   0.14947E+04   0.24775E+01   0.37063E+22
   0.41737E+04   0.14952E+04   0.24780E+01   0.37070E+22
   0.41749E+04   0.14956E+04   0.24785E+01   0.37077E+22
   0.41760E+04   0.14960E+04   0.24790E+01   0.37085E+22
   0.41772E+04   0.14965E+04   0.24795E+01   0.37092E+22
   0.41783E+04   0.14969E+04   0.24800E+01   0.37099E+22
   0.41794E+04   0.14973E+04   0.24805E+01   0.37106E+22
   0.41806E+04   0.14977E+04   0.24810E+01   0.37113E+22
   0.41817E+04   0.14982E+04   0.24815E+01   0.37120E+22
   0.41829E+04   0.14986E+04   0.24820E+01   0.37128E+22
   0.41840E+04   0.14990E+04   0.24825E+01   0.37135E+22
   0.41852E+04   0.14995E+04   0.24830E+01   0.37142E+22
   0.41863E+04   0.14999E+04   0.24835E+01   0.37149E+22
   0.41875E+04   0.15003E+04   0.24840E+01   0.37156E+22
   0.41886E+04   0.15007E+04   0.24845E+01   0.37163E+22
   0.41898E+04   0.15012E+04   0.24850E+01   0.37171E+22
   0.41909E+04   0.15016E+04   0.24855E+01   0.37178E+22
   0.41920E+04   0.15020E+04   0.24860E+01   0.37185E+22
   0.41932E+04   0.15025E+04   0.24865E+01   0.37192E+22
   0.41943E+04   0.15029E+04   0.24870E+01   0.37199E+22
   0.41955E+04   0.15033E+04   0.24875E+01   0.37206E+22
   0.41966E+04   0.15037E+04   0.24880E+01   0.37214E+22
   0.41978E+04   0.15042E+04   0.24885E+01   0.37221E+22
   0.41989E+04   0.15046E+04   0.24890E+01   0.37228E+22
   0.42001E+04   0.15050E+04   0.24895E+01   0.37235E+22
   0.42012E+04   0.15055E+04   0.24900E+01   0.37242E+22
   0.42024E+04   0.15059E+04   0.24905E+01   0.37249E+22
   0.42035E+04   0.15063E+04   0.24910E+01   0.37257E+22
   0.42046E+04   0.15068E+04   0.24915E+01   0.37264E+22
   0.42058E+04   0.15072E+04   0.24920E+01   0.37271E+22
   0.42069E+04   0.15076E+04   0.24925E+01   0.37278E+22
   0.42081E+04   0.15080E+04   0.24930E+01   0.37285E+22
   0.42092E+04   0.15085E+04   0.24935E+01   0.37292E+22
   0.42104E+04   0.15089E+04   0.24940E+01   0.37300E+22
   0.42115E+04   0.15093E+04   0.24945E+01   0.37307E+22
   0.42127E+04   0.15098E+04   0.24950E+01   0.37314E+22
   0.42138E+04   0.15102E+04   0.24955E+01   0.37321E+22
   0.42150E+04   0.15106E+04   0.24960E+01   0.37328E+22
   0.42161E+04   0.15111E+04   0.24965E+01   0.37335E+22
   0.42173E+04   0.15115E+04   0.24970E+01   0.37343E+22
   0.42184E+04   0.15119E+04   0.24975E+01   0.37350E+22
   0.42196E+04   0.15123E+04   0.24980E+01   0.37357E+22
   0.42207E+04   0.15128E+04   0.24985E+01   0.37364E+22
   0.42218E+04   0.15132E+04   0.24990E+01   0.37371E+22
   0.42230E+04   0.15136E+04   0.24995E+01   0.37378E+22
   0.42241E+04   0.15141E+04   0.25000E+01   0.37386E+22
   0.42253E+04   0.15145E+04   0.25005E+01   0.37393E+22
   0.42264E+04   0.15149E+04   0.25010E+01   0.37400E+22
   0.42276E+04   0.15153E+04   0.25015E+01   0.37407E+22
   0.42287E+04   0.15158E+04   0.25020E+01   0.37414E+22
   0.42299E+04   0.15162E+04   0.25025E+01   0.37421E+22
   0.42310E+04   0.15166E+04   0.25030E+01   0.37429E+22
   0.42322E+04   0.15171E+04   0.25035E+01   0.37436E+22
   0.42333E+04   0.15175E+04   0.25040E+01   0.37443E+22
   0.42345E+04   0.15179E+04   0.25045E+01   0.37450E+22
   0.42356E+04   0.15184E+04   0.25050E+01   0.37457E+22
   0.42368E+04   0.15188E+04   0.25055E+01   0.37464E+22
   0.42379E+04   0.15192E+04   0.25060E+01   0.37472E+22
   0.42391E+04   0.15197E+04   0.25065E+01   0.37479E+22
   0.42402E+04   0.15201E+04   0.25070E+01   0.37486E+22
   0.42414E+04   0.15205E+04   0.25075E+01   0.37493E+22
   0.42425E+04   0.15209E+04   0.25080E+01   0.37500E+22
   0.42437E+04   0.15214E+04   0.25085E+01   0.37507E+22
   0.42448E+04   0.15218E+04   0.25090E+01   0.37515E+22
   0.42460E+04   0.15222E+04   0.25095E+01   0.37522E+22
   0.42471E+04   0.15227E+04   0.25100E+01   0.37529E+22
   0.42483E+04   0.15231E+04   0.25105E+01   0.37536E+22
   0.42494E+04   0.15235E+04   0.25110E+01   0.37543E+22
   0.42506E+04   0.15240E+04   0.25115E+01   0.37550E+22
   0.42517E+04   0.15244E+04   0.25120E+01   0.37558E+22
   0.42529E+04   0.15248E+04   0.25125E+01   0.37565E+22
   0.42540E+04   0.15252E+04   0.25130E+01   0.37572E+22
   0.42552E+04   0.15257E+04   0.25135E+01   0.37579E+22
   0.42563E+04   0.15261E+04   0.25140E+01   0.37586E+22
   0.42575E+04   0.15265E+04   0.25145E+01   0.37593E+22
   0.42586E+04   0.15270E+04   0.25150E+01   0.37601E+22
   0.42598E+04   0.15274E+04   0.25155E+01   0.37608E+22
   0.42609E+04   0.15278E+04   0.25160E+01   0.37615E+22
   0.42621E+04   0.15283E+04   0.25165E+01   0.37622E+22
   0.42632E+04   0.15287E+04   0.25170E+01   0.37629E+22
   0.42644E+04   0.15291E+04   0.25175E+01   0.37636E+22
   0.42655E+04   0.15296E+04   0.25180E+01   0.37644E+22
   0.42667E+04   0.15300E+04   0.25185E+01   0.37651E+22
   0.42678E+04   0.15304E+04   0.25190E+01   0.37658E+22
   0.42690E+04   0.15308E+04   0.25195E+01   0.37665E+22
   0.42701E+04   0.15313E+04   0.25200E+01   0.37672E+22
   0.42713E+04   0.15317E+04   0.25205E+01   0.37679E+22
   0.42724E+04   0.15321E+04   0.25210E+01   0.37687E+22
   0.42736E+04   0.15326E+04   0.25215E+01   0.37694E+22
   0.42747E+04   0.15330E+04   0.25220E+01   0.37701E+22
   0.42759E+04   0.15334E+04   0.25225E+01   0.37708E+22
   0.42770E+04   0.15339E+04   0.25230E+01   0.37715E+22
   0.42782E+04   0.15343E+04   0.25235E+01   0.37722E+22
   0.42793E+04   0.15347E+04   0.25240E+01   0.37730E+22
   0.42805E+04   0.15352E+04   0.25245E+01   0.37737E+22
   0.42816E+04   0.15356E+04   0.25250E+01   0.37744E+22
   0.42828E+04   0.15360E+04   0.25255E+01   0.37751E+22
   0.42839E+04   0.15364E+04   0.25260E+01   0.37758E+22
   0.42851E+04   0.15369E+04   0.25265E+01   0.37765E+22
   0.42862E+04   0.15373E+04   0.25270E+01   0.37773E+22
   0.42874E+04   0.15377E+04   0.25275E+01   0.37780E+22
   0.42885E+04   0.15382E+04   0.25280E+01   0.37787E+22
   0.42897E+04   0.15386E+04   0.25285E+01   0.37794E+22
   0.42908E+04   0.15390E+04   0.25290E+01   0.37801E+22
   0.42920E+04   0.15395E+04   0.25295E+01   0.37808E+22
   0.42932E+04   0.15399E+04   0.25300E+01   0.37816E+22
   0.42943E+04   0.15403E+04   0.25305E+01   0.37823E+22
   0.42955E+04   0.15408E+04   0.25310E+01   0.37830E+22
   0.42966E+04   0.15412E+04   0.25315E+01   0.37837E+22
   0.42978E+04   0.15416E+04   0.25320E+01   0.37844E+22
   0.42989E+04   0.15421E+04   0.25325E+01   0.37851E+22
   0.43001E+04   0.15425E+04   0.25330E+01   0.37859E+22
   0.43012E+04   0.15429E+04   0.25335E+01   0.37866E+22
   0.43024E+04   0.15434E+04   0.25340E+01   0.37873E+22
   0.43035E+04   0.15438E+04   0.25345E+01   0.37880E+22
   0.43047E+04   0.15442E+04   0.25350E+01   0.37887E+22
   0.43058E+04   0.15446E+04   0.25355E+01   0.37894E+22
   0.43070E+04   0.15451E+04   0.25360E+01   0.37902E+22
   0.43081E+04   0.15455E+04   0.25365E+01   0.37909E+22
   0.43093E+04   0.15459E+04   0.25370E+01   0.37916E+22
   0.43105E+04   0.15464E+04   0.25375E+01   0.37923E+22
   0.43116E+04   0.15468E+04   0.25380E+01   0.37930E+22
   0.43128E+04   0.15472E+04   0.25385E+01   0.37937E+22
   0.43139E+04   0.15477E+04   0.25390E+01   0.37945E+22
   0.43151E+04   0.15481E+04   0.25395E+01   0.37952E+22
   0.43162E+04   0.15485E+04   0.25400E+01   0.37959E+22
   0.43174E+04   0.15490E+04   0.25405E+01   0.37966E+22
   0.43185E+04   0.15494E+04   0.25410E+01   0.37973E+22
   0.43197E+04   0.15498E+04   0.25415E+01   0.37981E+22
   0.43208E+04   0.15503E+04   0.25420E+01   0.37988E+22
   0.43220E+04   0.15507E+04   0.25425E+01   0.37995E+22
   0.43232E+04   0.15511E+04   0.25430E+01   0.38002E+22
   0.43243E+04   0.15516E+04   0.25435E+01   0.38009E+22
   0.43255E+04   0.15520E+04   0.25440E+01   0.38016E+22
   0.43266E+04   0.15524E+04   0.25445E+01   0.38024E+22
   0.43278E+04   0.15529E+04   0.25450E+01   0.38031E+22
   0.43289E+04   0.15533E+04   0.25455E+01   0.38038E+22
   0.43301E+04   0.15537E+04   0.25460E+01   0.38045E+22
   0.43312E+04   0.15542E+04   0.25465E+01   0.38052E+22
   0.43324E+04   0.15546E+04   0.25470E+01   0.38059E+22
   0.43336E+04   0.15550E+04   0.25475E+01   0.38067E+22
   0.43347E+04   0.15555E+04   0.25480E+01   0.38074E+22
   0.43359E+04   0.15559E+04   0.25485E+01   0.38081E+22
   0.43370E+04   0.15563E+04   0.25490E+01   0.38088E+22
   0.43382E+04   0.15567E+04   0.25495E+01   0.38095E+22
   0.43393E+04   0.15572E+04   0.25500E+01   0.38102E+22
   0.43405E+04   0.15576E+04   0.25505E+01   0.38110E+22
   0.43416E+04   0.15580E+04   0.25510E+01   0.38117E+22
   0.43428E+04   0.15585E+04   0.25515E+01   0.38124E+22
   0.43440E+04   0.15589E+04   0.25520E+01   0.38131E+22
   0.43451E+04   0.15593E+04   0.25525E+01   0.38138E+22
   0.43463E+04   0.15598E+04   0.25530E+01   0.38145E+22
   0.43474E+04   0.15602E+04   0.25535E+01   0.38153E+22
   0.43486E+04   0.15606E+04   0.25540E+01   0.38160E+22
   0.43497E+04   0.15611E+04   0.25545E+01   0.38167E+22
   0.43509E+04   0.15615E+04   0.25550E+01   0.38174E+22
   0.43521E+04   0.15619E+04   0.25555E+01   0.38181E+22
   0.43532E+04   0.15624E+04   0.25560E+01   0.38188E+22
   0.43544E+04   0.15628E+04   0.25565E+01   0.38196E+22
   0.43555E+04   0.15632E+04   0.25570E+01   0.38203E+22
   0.43567E+04   0.15637E+04   0.25575E+01   0.38210E+22
   0.43578E+04   0.15641E+04   0.25580E+01   0.38217E+22
   0.43590E+04   0.15645E+04   0.25585E+01   0.38224E+22
   0.43602E+04   0.15650E+04   0.25590E+01   0.38231E+22
   0.43613E+04   0.15654E+04   0.25595E+01   0.38239E+22
   0.43625E+04   0.15658E+04   0.25600E+01   0.38246E+22
   0.43636E+04   0.15663E+04   0.25605E+01   0.38253E+22
   0.43648E+04   0.15667E+04   0.25610E+01   0.38260E+22
   0.43659E+04   0.15671E+04   0.25615E+01   0.38267E+22
   0.43671E+04   0.15676E+04   0.25620E+01   0.38275E+22
   0.43683E+04   0.15680E+04   0.25625E+01   0.38282E+22
   0.43694E+04   0.15684E+04   0.25630E+01   0.38289E+22
   0.43706E+04   0.15689E+04   0.25635E+01   0.38296E+22
   0.43717E+04   0.15693E+04   0.25640E+01   0.38303E+22
   0.43729E+04   0.15697E+04   0.25645E+01   0.38310E+22
   0.43741E+04   0.15702E+04   0.25650E+01   0.38318E+22
   0.43752E+04   0.15706E+04   0.25655E+01   0.38325E+22
   0.43764E+04   0.15710E+04   0.25660E+01   0.38332E+22
   0.43775E+04   0.15715E+04   0.25665E+01   0.38339E+22
   0.43787E+04   0.15719E+04   0.25670E+01   0.38346E+22
   0.43799E+04   0.15723E+04   0.25675E+01   0.38353E+22
   0.43810E+04   0.15728E+04   0.25680E+01   0.38361E+22
   0.43822E+04   0.15732E+04   0.25685E+01   0.38368E+22
   0.43833E+04   0.15736E+04   0.25690E+01   0.38375E+22
   0.43845E+04   0.15741E+04   0.25695E+01   0.38382E+22
   0.43856E+04   0.15745E+04   0.25700E+01   0.38389E+22
   0.43868E+04   0.15749E+04   0.25705E+01   0.38396E+22
   0.43880E+04   0.15754E+04   0.25710E+01   0.38404E+22
   0.43891E+04   0.15758E+04   0.25715E+01   0.38411E+22
   0.43903E+04   0.15762E+04   0.25720E+01   0.38418E+22
   0.43914E+04   0.15767E+04   0.25725E+01   0.38425E+22
   0.43926E+04   0.15771E+04   0.25730E+01   0.38432E+22
   0.43938E+04   0.15775E+04   0.25735E+01   0.38439E+22
   0.43949E+04   0.15780E+04   0.25740E+01   0.38447E+22
   0.43961E+04   0.15784E+04   0.25745E+01   0.38454E+22
   0.43972E+04   0.15788E+04   0.25750E+01   0.38461E+22
   0.43984E+04   0.15793E+04   0.25755E+01   0.38468E+22
   0.43996E+04   0.15797E+04   0.25760E+01   0.38475E+22
   0.44007E+04   0.15801E+04   0.25765E+01   0.38482E+22
   0.44019E+04   0.15806E+04   0.25770E+01   0.38490E+22
   0.44031E+04   0.15810E+04   0.25775E+01   0.38497E+22
   0.44042E+04   0.15814E+04   0.25780E+01   0.38504E+22
   0.44054E+04   0.15819E+04   0.25785E+01   0.38511E+22
   0.44065E+04   0.15823E+04   0.25790E+01   0.38518E+22
   0.44077E+04   0.15827E+04   0.25795E+01   0.38526E+22
   0.44089E+04   0.15832E+04   0.25800E+01   0.38533E+22
   0.44100E+04   0.15836E+04   0.25805E+01   0.38540E+22
   0.44112E+04   0.15840E+04   0.25810E+01   0.38547E+22
   0.44123E+04   0.15845E+04   0.25815E+01   0.38554E+22
   0.44135E+04   0.15849E+04   0.25820E+01   0.38561E+22
   0.44147E+04   0.15854E+04   0.25825E+01   0.38569E+22
   0.44158E+04   0.15858E+04   0.25830E+01   0.38576E+22
   0.44170E+04   0.15862E+04   0.25835E+01   0.38583E+22
   0.44182E+04   0.15867E+04   0.25840E+01   0.38590E+22
   0.44193E+04   0.15871E+04   0.25845E+01   0.38597E+22
   0.44205E+04   0.15875E+04   0.25850E+01   0.38604E+22
   0.44216E+04   0.15880E+04   0.25855E+01   0.38612E+22
   0.44228E+04   0.15884E+04   0.25860E+01   0.38619E+22
   0.44240E+04   0.15888E+04   0.25865E+01   0.38626E+22
   0.44251E+04   0.15893E+04   0.25870E+01   0.38633E+22
   0.44263E+04   0.15897E+04   0.25875E+01   0.38640E+22
   0.44274E+04   0.15901E+04   0.25880E+01   0.38647E+22
   0.44286E+04   0.15906E+04   0.25885E+01   0.38655E+22
   0.44298E+04   0.15910E+04   0.25890E+01   0.38662E+22
   0.44309E+04   0.15914E+04   0.25895E+01   0.38669E+22
   0.44321E+04   0.15919E+04   0.25900E+01   0.38676E+22
   0.44333E+04   0.15923E+04   0.25905E+01   0.38683E+22
   0.44344E+04   0.15927E+04   0.25910E+01   0.38690E+22
   0.44356E+04   0.15932E+04   0.25915E+01   0.38698E+22
   0.44368E+04   0.15936E+04   0.25920E+01   0.38705E+22
   0.44379E+04   0.15940E+04   0.25925E+01   0.38712E+22
   0.44391E+04   0.15945E+04   0.25930E+01   0.38719E+22
   0.44402E+04   0.15949E+04   0.25935E+01   0.38726E+22
   0.44414E+04   0.15953E+04   0.25940E+01   0.38734E+22
   0.44426E+04   0.15958E+04   0.25945E+01   0.38741E+22
   0.44437E+04   0.15962E+04   0.25950E+01   0.38748E+22
   0.44449E+04   0.15967E+04   0.25955E+01   0.38755E+22
   0.44461E+04   0.15971E+04   0.25960E+01   0.38762E+22
   0.44472E+04   0.15975E+04   0.25965E+01   0.38769E+22
   0.44484E+04   0.15980E+04   0.25970E+01   0.38777E+22
   0.44496E+04   0.15984E+04   0.25975E+01   0.38784E+22
   0.44507E+04   0.15988E+04   0.25980E+01   0.38791E+22
   0.44519E+04   0.15993E+04   0.25985E+01   0.38798E+22
   0.44530E+04   0.15997E+04   0.25990E+01   0.38805E+22
   0.44542E+04   0.16001E+04   0.25995E+01   0.38812E+22
   0.44554E+04   0.16006E+04   0.26000E+01   0.38820E+22
   0.44565E+04   0.16010E+04   0.26005E+01   0.38827E+22
   0.44577E+04   0.16014E+04   0.26010E+01   0.38834E+22
   0.44589E+04   0.16019E+04   0.26015E+01   0.38841E+22
   0.44600E+04   0.16023E+04   0.26020E+01   0.38848E+22
   0.44612E+04   0.16027E+04   0.26025E+01   0.38855E+22
   0.44624E+04   0.16032E+04   0.26030E+01   0.38863E+22
   0.44635E+04   0.16036E+04   0.26035E+01   0.38870E+22
   0.44647E+04   0.16040E+04   0.26040E+01   0.38877E+22
   0.44659E+04   0.16045E+04   0.26045E+01   0.38884E+22
   0.44670E+04   0.16049E+04   0.26050E+01   0.38891E+22
   0.44682E+04   0.16054E+04   0.26055E+01   0.38899E+22
   0.44694E+04   0.16058E+04   0.26060E+01   0.38906E+22
   0.44705E+04   0.16062E+04   0.26065E+01   0.38913E+22
   0.44717E+04   0.16067E+04   0.26070E+01   0.38920E+22
   0.44729E+04   0.16071E+04   0.26075E+01   0.38927E+22
   0.44740E+04   0.16075E+04   0.26080E+01   0.38934E+22
   0.44752E+04   0.16080E+04   0.26085E+01   0.38942E+22
   0.44764E+04   0.16084E+04   0.26090E+01   0.38949E+22
   0.44775E+04   0.16088E+04   0.26095E+01   0.38956E+22
   0.44787E+04   0.16093E+04   0.26100E+01   0.38963E+22
   0.44799E+04   0.16097E+04   0.26105E+01   0.38970E+22
   0.44810E+04   0.16101E+04   0.26110E+01   0.38977E+22
   0.44822E+04   0.16106E+04   0.26115E+01   0.38985E+22
   0.44833E+04   0.16110E+04   0.26120E+01   0.38992E+22
   0.44845E+04   0.16115E+04   0.26125E+01   0.38999E+22
   0.44857E+04   0.16119E+04   0.26130E+01   0.39006E+22
   0.44868E+04   0.16123E+04   0.26135E+01   0.39013E+22
   0.44880E+04   0.16128E+04   0.26140E+01   0.39020E+22
   0.44892E+04   0.16132E+04   0.26145E+01   0.39028E+22
   0.44904E+04   0.16136E+04   0.26150E+01   0.39035E+22
   0.44915E+04   0.16141E+04   0.26155E+01   0.39042E+22
   0.44927E+04   0.16145E+04   0.26160E+01   0.39049E+22
   0.44939E+04   0.16149E+04   0.26165E+01   0.39056E+22
   0.44950E+04   0.16154E+04   0.26170E+01   0.39064E+22
   0.44962E+04   0.16158E+04   0.26175E+01   0.39071E+22
   0.44974E+04   0.16162E+04   0.26180E+01   0.39078E+22
   0.44985E+04   0.16167E+04   0.26185E+01   0.39085E+22
   0.44997E+04   0.16171E+04   0.26190E+01   0.39092E+22
   0.45009E+04   0.16176E+04   0.26195E+01   0.39099E+22
   0.45020E+04   0.16180E+04   0.26200E+01   0.39107E+22
   0.45032E+04   0.16184E+04   0.26205E+01   0.39114E+22
   0.45044E+04   0.16189E+04   0.26210E+01   0.39121E+22
   0.45055E+04   0.16193E+04   0.26215E+01   0.39128E+22
   0.45067E+04   0.16197E+04   0.26220E+01   0.39135E+22
   0.45079E+04   0.16202E+04   0.26225E+01   0.39142E+22
   0.45090E+04   0.16206E+04   0.26230E+01   0.39150E+22
   0.45102E+04   0.16210E+04   0.26235E+01   0.39157E+22
   0.45114E+04   0.16215E+04   0.26240E+01   0.39164E+22
   0.45125E+04   0.16219E+04   0.26245E+01   0.39171E+22
   0.45137E+04   0.16224E+04   0.26250E+01   0.39178E+22
   0.45149E+04   0.16228E+04   0.26255E+01   0.39186E+22
   0.45160E+04   0.16232E+04   0.26260E+01   0.39193E+22
   0.45172E+04   0.16237E+04   0.26265E+01   0.39200E+22
   0.45184E+04   0.16241E+04   0.26270E+01   0.39207E+22
   0.45196E+04   0.16245E+04   0.26275E+01   0.39214E+22
   0.45207E+04   0.16250E+04   0.26280E+01   0.39221E+22
   0.45219E+04   0.16254E+04   0.26285E+01   0.39229E+22
   0.45231E+04   0.16258E+04   0.26290E+01   0.39236E+22
   0.45242E+04   0.16263E+04   0.26295E+01   0.39243E+22
   0.45254E+04   0.16267E+04   0.26300E+01   0.39250E+22
   0.45266E+04   0.16272E+04   0.26305E+01   0.39257E+22
   0.45277E+04   0.16276E+04   0.26310E+01   0.39264E+22
   0.45289E+04   0.16280E+04   0.26315E+01   0.39272E+22
   0.45301E+04   0.16285E+04   0.26320E+01   0.39279E+22
   0.45313E+04   0.16289E+04   0.26325E+01   0.39286E+22
   0.45324E+04   0.16293E+04   0.26330E+01   0.39293E+22
   0.45336E+04   0.16298E+04   0.26335E+01   0.39300E+22
   0.45348E+04   0.16302E+04   0.26340E+01   0.39307E+22
   0.45359E+04   0.16307E+04   0.26345E+01   0.39315E+22
   0.45371E+04   0.16311E+04   0.26350E+01   0.39322E+22
   0.45383E+04   0.16315E+04   0.26355E+01   0.39329E+22
   0.45394E+04   0.16320E+04   0.26360E+01   0.39336E+22
   0.45406E+04   0.16324E+04   0.26365E+01   0.39343E+22
   0.45418E+04   0.16328E+04   0.26370E+01   0.39351E+22
   0.45430E+04   0.16333E+04   0.26375E+01   0.39358E+22
   0.45441E+04   0.16337E+04   0.26380E+01   0.39365E+22
   0.45453E+04   0.16341E+04   0.26385E+01   0.39372E+22
   0.45465E+04   0.16346E+04   0.26390E+01   0.39379E+22
   0.45476E+04   0.16350E+04   0.26395E+01   0.39386E+22
   0.45488E+04   0.16355E+04   0.26400E+01   0.39394E+22
   0.45500E+04   0.16359E+04   0.26405E+01   0.39401E+22
   0.45512E+04   0.16363E+04   0.26410E+01   0.39408E+22
   0.45523E+04   0.16368E+04   0.26415E+01   0.39415E+22
   0.45535E+04   0.16372E+04   0.26420E+01   0.39422E+22
   0.45547E+04   0.16376E+04   0.26425E+01   0.39429E+22
   0.45558E+04   0.16381E+04   0.26430E+01   0.39437E+22
   0.45570E+04   0.16385E+04   0.26435E+01   0.39444E+22
   0.45582E+04   0.16390E+04   0.26440E+01   0.39451E+22
   0.45594E+04   0.16394E+04   0.26445E+01   0.39458E+22
   0.45605E+04   0.16398E+04   0.26450E+01   0.39465E+22
   0.45617E+04   0.16403E+04   0.26455E+01   0.39473E+22
   0.45629E+04   0.16407E+04   0.26460E+01   0.39480E+22
   0.45640E+04   0.16411E+04   0.26465E+01   0.39487E+22
   0.45652E+04   0.16416E+04   0.26470E+01   0.39494E+22
   0.45664E+04   0.16420E+04   0.26475E+01   0.39501E+22
   0.45676E+04   0.16425E+04   0.26480E+01   0.39508E+22
   0.45687E+04   0.16429E+04   0.26485E+01   0.39516E+22
   0.45699E+04   0.16433E+04   0.26490E+01   0.39523E+22
   0.45711E+04   0.16438E+04   0.26495E+01   0.39530E+22
   0.45723E+04   0.16442E+04   0.26500E+01   0.39537E+22
   0.45734E+04   0.16446E+04   0.26505E+01   0.39544E+22
   0.45746E+04   0.16451E+04   0.26510E+01   0.39551E+22
   0.45758E+04   0.16455E+04   0.26515E+01   0.39559E+22
   0.45769E+04   0.16460E+04   0.26520E+01   0.39566E+22
   0.45781E+04   0.16464E+04   0.26525E+01   0.39573E+22
   0.45793E+04   0.16468E+04   0.26530E+01   0.39580E+22
   0.45805E+04   0.16473E+04   0.26535E+01   0.39587E+22
   0.45816E+04   0.16477E+04   0.26540E+01   0.39595E+22
   0.45828E+04   0.16482E+04   0.26545E+01   0.39602E+22
   0.45840E+04   0.16486E+04   0.26550E+01   0.39609E+22
   0.45852E+04   0.16490E+04   0.26555E+01   0.39616E+22
   0.45863E+04   0.16495E+04   0.26560E+01   0.39623E+22
   0.45875E+04   0.16499E+04   0.26565E+01   0.39630E+22
   0.45887E+04   0.16503E+04   0.26570E+01   0.39638E+22
   0.45899E+04   0.16508E+04   0.26575E+01   0.39645E+22
   0.45910E+04   0.16512E+04   0.26580E+01   0.39652E+22
   0.45922E+04   0.16517E+04   0.26585E+01   0.39659E+22
   0.45934E+04   0.16521E+04   0.26590E+01   0.39666E+22
   0.45946E+04   0.16525E+04   0.26595E+01   0.39673E+22
   0.45957E+04   0.16530E+04   0.26600E+01   0.39681E+22
   0.45969E+04   0.16534E+04   0.26605E+01   0.39688E+22
   0.45981E+04   0.16538E+04   0.26610E+01   0.39695E+22
   0.45993E+04   0.16543E+04   0.26615E+01   0.39702E+22
   0.46004E+04   0.16547E+04   0.26620E+01   0.39709E+22
   0.46016E+04   0.16552E+04   0.26625E+01   0.39717E+22
   0.46028E+04   0.16556E+04   0.26630E+01   0.39724E+22
   0.46040E+04   0.16560E+04   0.26635E+01   0.39731E+22
   0.46051E+04   0.16565E+04   0.26640E+01   0.39738E+22
   0.46063E+04   0.16569E+04   0.26645E+01   0.39745E+22
   0.46075E+04   0.16574E+04   0.26650E+01   0.39752E+22
   0.46087E+04   0.16578E+04   0.26655E+01   0.39760E+22
   0.46098E+04   0.16582E+04   0.26660E+01   0.39767E+22
   0.46110E+04   0.16587E+04   0.26665E+01   0.39774E+22
   0.46122E+04   0.16591E+04   0.26670E+01   0.39781E+22
   0.46134E+04   0.16595E+04   0.26675E+01   0.39788E+22
   0.46145E+04   0.16600E+04   0.26680E+01   0.39796E+22
   0.46157E+04   0.16604E+04   0.26685E+01   0.39803E+22
   0.46169E+04   0.16609E+04   0.26690E+01   0.39810E+22
   0.46181E+04   0.16613E+04   0.26695E+01   0.39817E+22
   0.46192E+04   0.16617E+04   0.26700E+01   0.39824E+22
   0.46204E+04   0.16622E+04   0.26705E+01   0.39831E+22
   0.46216E+04   0.16626E+04   0.26710E+01   0.39839E+22
   0.46228E+04   0.16631E+04   0.26715E+01   0.39846E+22
   0.46239E+04   0.16635E+04   0.26720E+01   0.39853E+22
   0.46251E+04   0.16639E+04   0.26725E+01   0.39860E+22
   0.46263E+04   0.16644E+04   0.26730E+01   0.39867E+22
   0.46275E+04   0.16648E+04   0.26735E+01   0.39874E+22
   0.46286E+04   0.16653E+04   0.26740E+01   0.39882E+22
   0.46298E+04   0.16657E+04   0.26745E+01   0.39889E+22
   0.46310E+04   0.16661E+04   0.26750E+01   0.39896E+22
   0.46322E+04   0.16666E+04   0.26755E+01   0.39903E+22
   0.46334E+04   0.16670E+04   0.26760E+01   0.39910E+22
   0.46345E+04   0.16674E+04   0.26765E+01   0.39918E+22
   0.46357E+04   0.16679E+04   0.26770E+01   0.39925E+22
   0.46369E+04   0.16683E+04   0.26775E+01   0.39932E+22
   0.46381E+04   0.16688E+04   0.26780E+01   0.39939E+22
   0.46392E+04   0.16692E+04   0.26785E+01   0.39946E+22
   0.46404E+04   0.16696E+04   0.26790E+01   0.39953E+22
   0.46416E+04   0.16701E+04   0.26795E+01   0.39961E+22
   0.46428E+04   0.16705E+04   0.26800E+01   0.39968E+22
   0.46440E+04   0.16710E+04   0.26805E+01   0.39975E+22
   0.46451E+04   0.16714E+04   0.26810E+01   0.39982E+22
   0.46463E+04   0.16718E+04   0.26815E+01   0.39989E+22
   0.46475E+04   0.16723E+04   0.26820E+01   0.39996E+22
   0.46487E+04   0.16727E+04   0.26825E+01   0.40004E+22
   0.46498E+04   0.16732E+04   0.26830E+01   0.40011E+22
   0.46510E+04   0.16736E+04   0.26835E+01   0.40018E+22
   0.46522E+04   0.16740E+04   0.26840E+01   0.40025E+22
   0.46534E+04   0.16745E+04   0.26845E+01   0.40032E+22
   0.46546E+04   0.16749E+04   0.26850E+01   0.40040E+22
   0.46557E+04   0.16754E+04   0.26855E+01   0.40047E+22
   0.46569E+04   0.16758E+04   0.26860E+01   0.40054E+22
   0.46581E+04   0.16762E+04   0.26865E+01   0.40061E+22
   0.46593E+04   0.16767E+04   0.26870E+01   0.40068E+22
   0.46605E+04   0.16771E+04   0.26875E+01   0.40075E+22
   0.46616E+04   0.16776E+04   0.26880E+01   0.40083E+22
   0.46628E+04   0.16780E+04   0.26885E+01   0.40090E+22
   0.46640E+04   0.16784E+04   0.26890E+01   0.40097E+22
   0.46652E+04   0.16789E+04   0.26895E+01   0.40104E+22
   0.46664E+04   0.16793E+04   0.26900E+01   0.40111E+22
   0.46675E+04   0.16798E+04   0.26905E+01   0.40119E+22
   0.46687E+04   0.16802E+04   0.26910E+01   0.40126E+22
   0.46699E+04   0.16806E+04   0.26915E+01   0.40133E+22
   0.46711E+04   0.16811E+04   0.26920E+01   0.40140E+22
   0.46722E+04   0.16815E+04   0.26925E+01   0.40147E+22
   0.46734E+04   0.16819E+04   0.26930E+01   0.40154E+22
   0.46746E+04   0.16824E+04   0.26935E+01   0.40162E+22
   0.46758E+04   0.16828E+04   0.26940E+01   0.40169E+22
   0.46770E+04   0.16833E+04   0.26945E+01   0.40176E+22
   0.46781E+04   0.16837E+04   0.26950E+01   0.40183E+22
   0.46793E+04   0.16841E+04   0.26955E+01   0.40190E+22
   0.46805E+04   0.16846E+04   0.26960E+01   0.40197E+22
   0.46817E+04   0.16850E+04   0.26965E+01   0.40205E+22
   0.46829E+04   0.16855E+04   0.26970E+01   0.40212E+22
   0.46841E+04   0.16859E+04   0.26975E+01   0.40219E+22
   0.46852E+04   0.16864E+04   0.26980E+01   0.40226E+22
   0.46864E+04   0.16868E+04   0.26985E+01   0.40233E+22
   0.46876E+04   0.16872E+04   0.26990E+01   0.40241E+22
   0.46888E+04   0.16877E+04   0.26995E+01   0.40248E+22
   0.46900E+04   0.16881E+04   0.27000E+01   0.40255E+22
   0.46911E+04   0.16886E+04   0.27005E+01   0.40262E+22
   0.46923E+04   0.16890E+04   0.27010E+01   0.40269E+22
   0.46935E+04   0.16894E+04   0.27015E+01   0.40276E+22
   0.46947E+04   0.16899E+04   0.27020E+01   0.40284E+22
   0.46959E+04   0.16903E+04   0.27025E+01   0.40291E+22
   0.46970E+04   0.16908E+04   0.27030E+01   0.40298E+22
   0.46982E+04   0.16912E+04   0.27035E+01   0.40305E+22
   0.46994E+04   0.16916E+04   0.27040E+01   0.40312E+22
   0.47006E+04   0.16921E+04   0.27045E+01   0.40320E+22
   0.47018E+04   0.16925E+04   0.27050E+01   0.40327E+22
   0.47030E+04   0.16930E+04   0.27055E+01   0.40334E+22
   0.47041E+04   0.16934E+04   0.27060E+01   0.40341E+22
   0.47053E+04   0.16938E+04   0.27065E+01   0.40348E+22
   0.47065E+04   0.16943E+04   0.27070E+01   0.40355E+22
   0.47077E+04   0.16947E+04   0.27075E+01   0.40363E+22
   0.47089E+04   0.16952E+04   0.27080E+01   0.40370E+22
   0.47100E+04   0.16956E+04   0.27085E+01   0.40377E+22
   0.47112E+04   0.16960E+04   0.27090E+01   0.40384E+22
   0.47124E+04   0.16965E+04   0.27095E+01   0.40391E+22
   0.47136E+04   0.16969E+04   0.27100E+01   0.40399E+22
   0.47148E+04   0.16974E+04   0.27105E+01   0.40406E+22
   0.47160E+04   0.16978E+04   0.27110E+01   0.40413E+22
   0.47171E+04   0.16982E+04   0.27115E+01   0.40420E+22
   0.47183E+04   0.16987E+04   0.27120E+01   0.40427E+22
   0.47195E+04   0.16991E+04   0.27125E+01   0.40434E+22
   0.47207E+04   0.16996E+04   0.27130E+01   0.40442E+22
   0.47219E+04   0.17000E+04   0.27135E+01   0.40449E+22
   0.47231E+04   0.17004E+04   0.27140E+01   0.40456E+22
   0.47242E+04   0.17009E+04   0.27145E+01   0.40463E+22
   0.47254E+04   0.17013E+04   0.27150E+01   0.40470E+22
   0.47266E+04   0.17018E+04   0.27155E+01   0.40478E+22
   0.47278E+04   0.17022E+04   0.27160E+01   0.40485E+22
   0.47290E+04   0.17027E+04   0.27165E+01   0.40492E+22
   0.47302E+04   0.17031E+04   0.27170E+01   0.40499E+22
   0.47313E+04   0.17035E+04   0.27175E+01   0.40506E+22
   0.47325E+04   0.17040E+04   0.27180E+01   0.40513E+22
   0.47337E+04   0.17044E+04   0.27185E+01   0.40521E+22
   0.47349E+04   0.17049E+04   0.27190E+01   0.40528E+22
   0.47361E+04   0.17053E+04   0.27195E+01   0.40535E+22
   0.47373E+04   0.17057E+04   0.27200E+01   0.40542E+22
   0.47385E+04   0.17062E+04   0.27205E+01   0.40549E+22
   0.47396E+04   0.17066E+04   0.27210E+01   0.40556E+22
   0.47408E+04   0.17071E+04   0.27215E+01   0.40564E+22
   0.47420E+04   0.17075E+04   0.27220E+01   0.40571E+22
   0.47432E+04   0.17079E+04   0.27225E+01   0.40578E+22
   0.47444E+04   0.17084E+04   0.27230E+01   0.40585E+22
   0.47456E+04   0.17088E+04   0.27235E+01   0.40592E+22
   0.47467E+04   0.17093E+04   0.27240E+01   0.40600E+22
   0.47479E+04   0.17097E+04   0.27245E+01   0.40607E+22
   0.47491E+04   0.17102E+04   0.27250E+01   0.40614E+22
   0.47503E+04   0.17106E+04   0.27255E+01   0.40621E+22
   0.47515E+04   0.17110E+04   0.27260E+01   0.40628E+22
   0.47527E+04   0.17115E+04   0.27265E+01   0.40635E+22
   0.47539E+04   0.17119E+04   0.27270E+01   0.40643E+22
   0.47550E+04   0.17124E+04   0.27275E+01   0.40650E+22
   0.47562E+04   0.17128E+04   0.27280E+01   0.40657E+22
   0.47574E+04   0.17132E+04   0.27285E+01   0.40664E+22
   0.47586E+04   0.17137E+04   0.27290E+01   0.40671E+22
   0.47598E+04   0.17141E+04   0.27295E+01   0.40679E+22
   0.47610E+04   0.17146E+04   0.27300E+01   0.40686E+22
   0.47622E+04   0.17150E+04   0.27305E+01   0.40693E+22
   0.47633E+04   0.17155E+04   0.27310E+01   0.40700E+22
   0.47645E+04   0.17159E+04   0.27315E+01   0.40707E+22
   0.47657E+04   0.17163E+04   0.27320E+01   0.40714E+22
   0.47669E+04   0.17168E+04   0.27325E+01   0.40722E+22
   0.47681E+04   0.17172E+04   0.27330E+01   0.40729E+22
   0.47693E+04   0.17177E+04   0.27335E+01   0.40736E+22
   0.47705E+04   0.17181E+04   0.27340E+01   0.40743E+22
   0.47716E+04   0.17185E+04   0.27345E+01   0.40750E+22
   0.47728E+04   0.17190E+04   0.27350E+01   0.40758E+22
   0.47740E+04   0.17194E+04   0.27355E+01   0.40765E+22
   0.47752E+04   0.17199E+04   0.27360E+01   0.40772E+22
   0.47764E+04   0.17203E+04   0.27365E+01   0.40779E+22
   0.47776E+04   0.17208E+04   0.27370E+01   0.40786E+22
   0.47788E+04   0.17212E+04   0.27375E+01   0.40793E+22
   0.47800E+04   0.17216E+04   0.27380E+01   0.40801E+22
   0.47811E+04   0.17221E+04   0.27385E+01   0.40808E+22
   0.47823E+04   0.17225E+04   0.27390E+01   0.40815E+22
   0.47835E+04   0.17230E+04   0.27395E+01   0.40822E+22
   0.47847E+04   0.17234E+04   0.27400E+01   0.40829E+22
   0.47859E+04   0.17239E+04   0.27405E+01   0.40837E+22
   0.47871E+04   0.17243E+04   0.27410E+01   0.40844E+22
   0.47883E+04   0.17247E+04   0.27415E+01   0.40851E+22
   0.47895E+04   0.17252E+04   0.27420E+01   0.40858E+22
   0.47906E+04   0.17256E+04   0.27425E+01   0.40865E+22
   0.47918E+04   0.17261E+04   0.27430E+01   0.40872E+22
   0.47930E+04   0.17265E+04   0.27435E+01   0.40880E+22
   0.47942E+04   0.17270E+04   0.27440E+01   0.40887E+22
   0.47954E+04   0.17274E+04   0.27445E+01   0.40894E+22
   0.47966E+04   0.17278E+04   0.27450E+01   0.40901E+22
   0.47978E+04   0.17283E+04   0.27455E+01   0.40908E+22
   0.47990E+04   0.17287E+04   0.27460E+01   0.40916E+22
   0.48002E+04   0.17292E+04   0.27465E+01   0.40923E+22
   0.48013E+04   0.17296E+04   0.27470E+01   0.40930E+22
   0.48025E+04   0.17301E+04   0.27475E+01   0.40937E+22
   0.48037E+04   0.17305E+04   0.27480E+01   0.40944E+22
   0.48049E+04   0.17309E+04   0.27485E+01   0.40951E+22
   0.48061E+04   0.17314E+04   0.27490E+01   0.40959E+22
   0.48073E+04   0.17318E+04   0.27495E+01   0.40966E+22
   0.48085E+04   0.17323E+04   0.27500E+01   0.40973E+22
   0.48097E+04   0.17327E+04   0.27505E+01   0.40980E+22
   0.48109E+04   0.17331E+04   0.27510E+01   0.40987E+22
   0.48120E+04   0.17336E+04   0.27515E+01   0.40995E+22
   0.48132E+04   0.17340E+04   0.27520E+01   0.41002E+22
   0.48144E+04   0.17345E+04   0.27525E+01   0.41009E+22
   0.48156E+04   0.17349E+04   0.27530E+01   0.41016E+22
   0.48168E+04   0.17354E+04   0.27535E+01   0.41023E+22
   0.48180E+04   0.17358E+04   0.27540E+01   0.41030E+22
   0.48192E+04   0.17363E+04   0.27545E+01   0.41038E+22
   0.48204E+04   0.17367E+04   0.27550E+01   0.41045E+22
   0.48216E+04   0.17371E+04   0.27555E+01   0.41052E+22
   0.48228E+04   0.17376E+04   0.27560E+01   0.41059E+22
   0.48239E+04   0.17380E+04   0.27565E+01   0.41066E+22
   0.48251E+04   0.17385E+04   0.27570E+01   0.41074E+22
   0.48263E+04   0.17389E+04   0.27575E+01   0.41081E+22
   0.48275E+04   0.17394E+04   0.27580E+01   0.41088E+22
   0.48287E+04   0.17398E+04   0.27585E+01   0.41095E+22
   0.48299E+04   0.17402E+04   0.27590E+01   0.41102E+22
   0.48311E+04   0.17407E+04   0.27595E+01   0.41109E+22
   0.48323E+04   0.17411E+04   0.27600E+01   0.41117E+22
   0.48335E+04   0.17416E+04   0.27605E+01   0.41124E+22
   0.48347E+04   0.17420E+04   0.27610E+01   0.41131E+22
   0.48358E+04   0.17425E+04   0.27615E+01   0.41138E+22
   0.48370E+04   0.17429E+04   0.27620E+01   0.41145E+22
   0.48382E+04   0.17433E+04   0.27625E+01   0.41153E+22
   0.48394E+04   0.17438E+04   0.27630E+01   0.41160E+22
   0.48406E+04   0.17442E+04   0.27635E+01   0.41167E+22
   0.48418E+04   0.17447E+04   0.27640E+01   0.41174E+22
   0.48430E+04   0.17451E+04   0.27645E+01   0.41181E+22
   0.48442E+04   0.17456E+04   0.27650E+01   0.41188E+22
   0.48454E+04   0.17460E+04   0.27655E+01   0.41196E+22
   0.48466E+04   0.17464E+04   0.27660E+01   0.41203E+22
   0.48478E+04   0.17469E+04   0.27665E+01   0.41210E+22
   0.48490E+04   0.17473E+04   0.27670E+01   0.41217E+22
   0.48501E+04   0.17478E+04   0.27675E+01   0.41224E+22
   0.48513E+04   0.17482E+04   0.27680E+01   0.41232E+22
   0.48525E+04   0.17487E+04   0.27685E+01   0.41239E+22
   0.48537E+04   0.17491E+04   0.27690E+01   0.41246E+22
   0.48549E+04   0.17496E+04   0.27695E+01   0.41253E+22
   0.48561E+04   0.17500E+04   0.27700E+01   0.41260E+22
   0.48573E+04   0.17504E+04   0.27705E+01   0.41267E+22
   0.48585E+04   0.17509E+04   0.27710E+01   0.41275E+22
   0.48597E+04   0.17513E+04   0.27715E+01   0.41282E+22
   0.48609E+04   0.17518E+04   0.27720E+01   0.41289E+22
   0.48621E+04   0.17522E+04   0.27725E+01   0.41296E+22
   0.48633E+04   0.17527E+04   0.27730E+01   0.41303E+22
   0.48645E+04   0.17531E+04   0.27735E+01   0.41311E+22
   0.48657E+04   0.17535E+04   0.27740E+01   0.41318E+22
   0.48668E+04   0.17540E+04   0.27745E+01   0.41325E+22
   0.48680E+04   0.17544E+04   0.27750E+01   0.41332E+22
   0.48692E+04   0.17549E+04   0.27755E+01   0.41339E+22
   0.48704E+04   0.17553E+04   0.27760E+01   0.41347E+22
   0.48716E+04   0.17558E+04   0.27765E+01   0.41354E+22
   0.48728E+04   0.17562E+04   0.27770E+01   0.41361E+22
   0.48740E+04   0.17567E+04   0.27775E+01   0.41368E+22
   0.48752E+04   0.17571E+04   0.27780E+01   0.41375E+22
   0.48764E+04   0.17575E+04   0.27785E+01   0.41382E+22
   0.48776E+04   0.17580E+04   0.27790E+01   0.41390E+22
   0.48788E+04   0.17584E+04   0.27795E+01   0.41397E+22
   0.48800E+04   0.17589E+04   0.27800E+01   0.41404E+22
   0.48812E+04   0.17593E+04   0.27805E+01   0.41411E+22
   0.48824E+04   0.17598E+04   0.27810E+01   0.41418E+22
   0.48836E+04   0.17602E+04   0.27815E+01   0.41426E+22
   0.48848E+04   0.17607E+04   0.27820E+01   0.41433E+22
   0.48859E+04   0.17611E+04   0.27825E+01   0.41440E+22
   0.48871E+04   0.17615E+04   0.27830E+01   0.41447E+22
   0.48883E+04   0.17620E+04   0.27835E+01   0.41454E+22
   0.48895E+04   0.17624E+04   0.27840E+01   0.41461E+22
   0.48907E+04   0.17629E+04   0.27845E+01   0.41469E+22
   0.48919E+04   0.17633E+04   0.27850E+01   0.41476E+22
   0.48931E+04   0.17638E+04   0.27855E+01   0.41483E+22
   0.48943E+04   0.17642E+04   0.27860E+01   0.41490E+22
   0.48955E+04   0.17647E+04   0.27865E+01   0.41497E+22
   0.48967E+04   0.17651E+04   0.27870E+01   0.41505E+22
   0.48979E+04   0.17655E+04   0.27875E+01   0.41512E+22
   0.48991E+04   0.17660E+04   0.27880E+01   0.41519E+22
   0.49003E+04   0.17664E+04   0.27885E+01   0.41526E+22
   0.49015E+04   0.17669E+04   0.27890E+01   0.41533E+22
   0.49027E+04   0.17673E+04   0.27895E+01   0.41540E+22
   0.49039E+04   0.17678E+04   0.27900E+01   0.41548E+22
   0.49051E+04   0.17682E+04   0.27905E+01   0.41555E+22
   0.49063E+04   0.17687E+04   0.27910E+01   0.41562E+22
   0.49075E+04   0.17691E+04   0.27915E+01   0.41569E+22
   0.49087E+04   0.17695E+04   0.27920E+01   0.41576E+22
   0.49099E+04   0.17700E+04   0.27925E+01   0.41584E+22
   0.49110E+04   0.17704E+04   0.27930E+01   0.41591E+22
   0.49122E+04   0.17709E+04   0.27935E+01   0.41598E+22
   0.49134E+04   0.17713E+04   0.27940E+01   0.41605E+22
   0.49146E+04   0.17718E+04   0.27945E+01   0.41612E+22
   0.49158E+04   0.17722E+04   0.27950E+01   0.41619E+22
   0.49170E+04   0.17727E+04   0.27955E+01   0.41627E+22
   0.49182E+04   0.17731E+04   0.27960E+01   0.41634E+22
   0.49194E+04   0.17736E+04   0.27965E+01   0.41641E+22
   0.49206E+04   0.17740E+04   0.27970E+01   0.41648E+22
   0.49218E+04   0.17744E+04   0.27975E+01   0.41655E+22
   0.49230E+04   0.17749E+04   0.27980E+01   0.41663E+22
   0.49242E+04   0.17753E+04   0.27985E+01   0.41670E+22
   0.49254E+04   0.17758E+04   0.27990E+01   0.41677E+22
   0.49266E+04   0.17762E+04   0.27995E+01   0.41684E+22
   0.49278E+04   0.17767E+04   0.28000E+01   0.41691E+22
   0.49290E+04   0.17771E+04   0.28005E+01   0.41699E+22
   0.49302E+04   0.17776E+04   0.28010E+01   0.41706E+22
   0.49314E+04   0.17780E+04   0.28015E+01   0.41713E+22
   0.49326E+04   0.17784E+04   0.28020E+01   0.41720E+22
   0.49338E+04   0.17789E+04   0.28025E+01   0.41727E+22
   0.49350E+04   0.17793E+04   0.28030E+01   0.41734E+22
   0.49362E+04   0.17798E+04   0.28035E+01   0.41742E+22
   0.49374E+04   0.17802E+04   0.28040E+01   0.41749E+22
   0.49386E+04   0.17807E+04   0.28045E+01   0.41756E+22
   0.49398E+04   0.17811E+04   0.28050E+01   0.41763E+22
   0.49410E+04   0.17816E+04   0.28055E+01   0.41770E+22
   0.49422E+04   0.17820E+04   0.28060E+01   0.41778E+22
   0.49434E+04   0.17825E+04   0.28065E+01   0.41785E+22
   0.49446E+04   0.17829E+04   0.28070E+01   0.41792E+22
   0.49458E+04   0.17833E+04   0.28075E+01   0.41799E+22
   0.49470E+04   0.17838E+04   0.28080E+01   0.41806E+22
   0.49482E+04   0.17842E+04   0.28085E+01   0.41813E+22
   0.49494E+04   0.17847E+04   0.28090E+01   0.41821E+22
   0.49506E+04   0.17851E+04   0.28095E+01   0.41828E+22
   0.49518E+04   0.17856E+04   0.28100E+01   0.41835E+22
   0.49530E+04   0.17860E+04   0.28105E+01   0.41842E+22
   0.49542E+04   0.17865E+04   0.28110E+01   0.41849E+22
   0.49554E+04   0.17869E+04   0.28115E+01   0.41857E+22
   0.49566E+04   0.17874E+04   0.28120E+01   0.41864E+22
   0.49578E+04   0.17878E+04   0.28125E+01   0.41871E+22
   0.49590E+04   0.17883E+04   0.28130E+01   0.41878E+22
   0.49602E+04   0.17887E+04   0.28135E+01   0.41885E+22
   0.49614E+04   0.17891E+04   0.28140E+01   0.41893E+22
   0.49626E+04   0.17896E+04   0.28145E+01   0.41900E+22
   0.49638E+04   0.17900E+04   0.28150E+01   0.41907E+22
   0.49650E+04   0.17905E+04   0.28155E+01   0.41914E+22
   0.49662E+04   0.17909E+04   0.28160E+01   0.41921E+22
   0.49674E+04   0.17914E+04   0.28165E+01   0.41928E+22
   0.49686E+04   0.17918E+04   0.28170E+01   0.41936E+22
   0.49698E+04   0.17923E+04   0.28175E+01   0.41943E+22
   0.49710E+04   0.17927E+04   0.28180E+01   0.41950E+22
   0.49722E+04   0.17932E+04   0.28185E+01   0.41957E+22
   0.49734E+04   0.17936E+04   0.28190E+01   0.41964E+22
   0.49746E+04   0.17941E+04   0.28195E+01   0.41972E+22
   0.49758E+04   0.17945E+04   0.28200E+01   0.41979E+22
   0.49770E+04   0.17949E+04   0.28205E+01   0.41986E+22
   0.49782E+04   0.17954E+04   0.28210E+01   0.41993E+22
   0.49794E+04   0.17958E+04   0.28215E+01   0.42000E+22
   0.49806E+04   0.17963E+04   0.28220E+01   0.42007E+22
   0.49818E+04   0.17967E+04   0.28225E+01   0.42015E+22
   0.49830E+04   0.17972E+04   0.28230E+01   0.42022E+22
   0.49842E+04   0.17976E+04   0.28235E+01   0.42029E+22
   0.49854E+04   0.17981E+04   0.28240E+01   0.42036E+22
   0.49866E+04   0.17985E+04   0.28245E+01   0.42043E+22
   0.49878E+04   0.17990E+04   0.28250E+01   0.42051E+22
   0.49890E+04   0.17994E+04   0.28255E+01   0.42058E+22
   0.49902E+04   0.17999E+04   0.28260E+01   0.42065E+22
   0.49914E+04   0.18003E+04   0.28265E+01   0.42072E+22
   0.49926E+04   0.18007E+04   0.28270E+01   0.42079E+22
   0.49938E+04   0.18012E+04   0.28275E+01   0.42087E+22
   0.49950E+04   0.18016E+04   0.28280E+01   0.42094E+22
   0.49962E+04   0.18021E+04   0.28285E+01   0.42101E+22
   0.49974E+04   0.18025E+04   0.28290E+01   0.42108E+22
   0.49986E+04   0.18030E+04   0.28295E+01   0.42115E+22
   0.49998E+04   0.18034E+04   0.28300E+01   0.42122E+22
   0.50010E+04   0.18039E+04   0.28305E+01   0.42130E+22
   0.50022E+04   0.18043E+04   0.28310E+01   0.42137E+22
   0.50034E+04   0.18048E+04   0.28315E+01   0.42144E+22
   0.50046E+04   0.18052E+04   0.28320E+01   0.42151E+22
   0.50058E+04   0.18057E+04   0.28325E+01   0.42158E+22
   0.50070E+04   0.18061E+04   0.28330E+01   0.42166E+22
   0.50082E+04   0.18066E+04   0.28335E+01   0.42173E+22
   0.50094E+04   0.18070E+04   0.28340E+01   0.42180E+22
   0.50106E+04   0.18074E+04   0.28345E+01   0.42187E+22
   0.50118E+04   0.18079E+04   0.28350E+01   0.42194E+22
   0.50130E+04   0.18083E+04   0.28355E+01   0.42202E+22
   0.50142E+04   0.18088E+04   0.28360E+01   0.42209E+22
   0.50154E+04   0.18092E+04   0.28365E+01   0.42216E+22
   0.50166E+04   0.18097E+04   0.28370E+01   0.42223E+22
   0.50178E+04   0.18101E+04   0.28375E+01   0.42230E+22
   0.50190E+04   0.18106E+04   0.28380E+01   0.42237E+22
   0.50202E+04   0.18110E+04   0.28385E+01   0.42245E+22
   0.50214E+04   0.18115E+04   0.28390E+01   0.42252E+22
   0.50226E+04   0.18119E+04   0.28395E+01   0.42259E+22
   0.50238E+04   0.18124E+04   0.28400E+01   0.42266E+22
   0.50250E+04   0.18128E+04   0.28405E+01   0.42273E+22
   0.50262E+04   0.18133E+04   0.28410E+01   0.42281E+22
   0.50274E+04   0.18137E+04   0.28415E+01   0.42288E+22
   0.50286E+04   0.18142E+04   0.28420E+01   0.42295E+22
   0.50299E+04   0.18146E+04   0.28425E+01   0.42302E+22
   0.50311E+04   0.18151E+04   0.28430E+01   0.42309E+22
   0.50323E+04   0.18155E+04   0.28435E+01   0.42316E+22
   0.50335E+04   0.18159E+04   0.28440E+01   0.42324E+22
   0.50347E+04   0.18164E+04   0.28445E+01   0.42331E+22
   0.50359E+04   0.18168E+04   0.28450E+01   0.42338E+22
   0.50371E+04   0.18173E+04   0.28455E+01   0.42345E+22
   0.50383E+04   0.18177E+04   0.28460E+01   0.42352E+22
   0.50395E+04   0.18182E+04   0.28465E+01   0.42360E+22
   0.50407E+04   0.18186E+04   0.28470E+01   0.42367E+22
   0.50419E+04   0.18191E+04   0.28475E+01   0.42374E+22
   0.50431E+04   0.18195E+04   0.28480E+01   0.42381E+22
   0.50443E+04   0.18200E+04   0.28485E+01   0.42388E+22
   0.50455E+04   0.18204E+04   0.28490E+01   0.42396E+22
   0.50467E+04   0.18209E+04   0.28495E+01   0.42403E+22
   0.50479E+04   0.18213E+04   0.28500E+01   0.42410E+22
   0.50491E+04   0.18218E+04   0.28505E+01   0.42417E+22
   0.50503E+04   0.18222E+04   0.28510E+01   0.42424E+22
   0.50515E+04   0.18227E+04   0.28515E+01   0.42431E+22
   0.50527E+04   0.18231E+04   0.28520E+01   0.42439E+22
   0.50539E+04   0.18236E+04   0.28525E+01   0.42446E+22
   0.50552E+04   0.18240E+04   0.28530E+01   0.42453E+22
   0.50564E+04   0.18245E+04   0.28535E+01   0.42460E+22
   0.50576E+04   0.18249E+04   0.28540E+01   0.42467E+22
   0.50588E+04   0.18253E+04   0.28545E+01   0.42475E+22
   0.50600E+04   0.18258E+04   0.28550E+01   0.42482E+22
   0.50612E+04   0.18262E+04   0.28555E+01   0.42489E+22
   0.50624E+04   0.18267E+04   0.28560E+01   0.42496E+22
   0.50636E+04   0.18271E+04   0.28565E+01   0.42503E+22
   0.50648E+04   0.18276E+04   0.28570E+01   0.42511E+22
   0.50660E+04   0.18280E+04   0.28575E+01   0.42518E+22
   0.50672E+04   0.18285E+04   0.28580E+01   0.42525E+22
   0.50684E+04   0.18289E+04   0.28585E+01   0.42532E+22
   0.50696E+04   0.18294E+04   0.28590E+01   0.42539E+22
   0.50708E+04   0.18298E+04   0.28595E+01   0.42546E+22
   0.50720E+04   0.18303E+04   0.28600E+01   0.42554E+22
   0.50732E+04   0.18307E+04   0.28605E+01   0.42561E+22
   0.50745E+04   0.18312E+04   0.28610E+01   0.42568E+22
   0.50757E+04   0.18316E+04   0.28615E+01   0.42575E+22
   0.50769E+04   0.18321E+04   0.28620E+01   0.42582E+22
   0.50781E+04   0.18325E+04   0.28625E+01   0.42590E+22
   0.50793E+04   0.18330E+04   0.28630E+01   0.42597E+22
   0.50805E+04   0.18334E+04   0.28635E+01   0.42604E+22
   0.50817E+04   0.18339E+04   0.28640E+01   0.42611E+22
   0.50829E+04   0.18343E+04   0.28645E+01   0.42618E+22
   0.50841E+04   0.18348E+04   0.28650E+01   0.42626E+22
   0.50853E+04   0.18352E+04   0.28655E+01   0.42633E+22
   0.50865E+04   0.18357E+04   0.28660E+01   0.42640E+22
   0.50877E+04   0.18361E+04   0.28665E+01   0.42647E+22
   0.50889E+04   0.18366E+04   0.28670E+01   0.42654E+22
   0.50901E+04   0.18370E+04   0.28675E+01   0.42661E+22
   0.50914E+04   0.18374E+04   0.28680E+01   0.42669E+22
   0.50926E+04   0.18379E+04   0.28685E+01   0.42676E+22
   0.50938E+04   0.18383E+04   0.28690E+01   0.42683E+22
   0.50950E+04   0.18388E+04   0.28695E+01   0.42690E+22
   0.50962E+04   0.18392E+04   0.28700E+01   0.42697E+22
   0.50974E+04   0.18397E+04   0.28705E+01   0.42705E+22
   0.50986E+04   0.18401E+04   0.28710E+01   0.42712E+22
   0.50998E+04   0.18406E+04   0.28715E+01   0.42719E+22
   0.51010E+04   0.18410E+04   0.28720E+01   0.42726E+22
   0.51022E+04   0.18415E+04   0.28725E+01   0.42733E+22
   0.51034E+04   0.18419E+04   0.28730E+01   0.42741E+22
   0.51046E+04   0.18424E+04   0.28735E+01   0.42748E+22
   0.51059E+04   0.18428E+04   0.28740E+01   0.42755E+22
   0.51071E+04   0.18433E+04   0.28745E+01   0.42762E+22
   0.51083E+04   0.18437E+04   0.28750E+01   0.42769E+22
   0.51095E+04   0.18442E+04   0.28755E+01   0.42776E+22
   0.51107E+04   0.18446E+04   0.28760E+01   0.42784E+22
   0.51119E+04   0.18451E+04   0.28765E+01   0.42791E+22
   0.51131E+04   0.18455E+04   0.28770E+01   0.42798E+22
   0.51143E+04   0.18460E+04   0.28775E+01   0.42805E+22
   0.51155E+04   0.18464E+04   0.28780E+01   0.42812E+22
   0.51167E+04   0.18469E+04   0.28785E+01   0.42820E+22
   0.51179E+04   0.18473E+04   0.28790E+01   0.42827E+22
   0.51192E+04   0.18478E+04   0.28795E+01   0.42834E+22
   0.51204E+04   0.18482E+04   0.28800E+01   0.42841E+22
   0.51216E+04   0.18487E+04   0.28805E+01   0.42848E+22
   0.51228E+04   0.18491E+04   0.28810E+01   0.42856E+22
   0.51240E+04   0.18496E+04   0.28815E+01   0.42863E+22
   0.51252E+04   0.18500E+04   0.28820E+01   0.42870E+22
   0.51264E+04   0.18505E+04   0.28825E+01   0.42877E+22
   0.51276E+04   0.18509E+04   0.28830E+01   0.42884E+22
   0.51288E+04   0.18514E+04   0.28835E+01   0.42891E+22
   0.51300E+04   0.18518E+04   0.28840E+01   0.42899E+22
   0.51313E+04   0.18523E+04   0.28845E+01   0.42906E+22
   0.51325E+04   0.18527E+04   0.28850E+01   0.42913E+22
   0.51337E+04   0.18532E+04   0.28855E+01   0.42920E+22
   0.51349E+04   0.18536E+04   0.28860E+01   0.42927E+22
   0.51361E+04   0.18541E+04   0.28865E+01   0.42935E+22
   0.51373E+04   0.18545E+04   0.28870E+01   0.42942E+22
   0.51385E+04   0.18550E+04   0.28875E+01   0.42949E+22
   0.51397E+04   0.18554E+04   0.28880E+01   0.42956E+22
   0.51409E+04   0.18559E+04   0.28885E+01   0.42963E+22
   0.51422E+04   0.18563E+04   0.28890E+01   0.42971E+22
   0.51434E+04   0.18568E+04   0.28895E+01   0.42978E+22
   0.51446E+04   0.18572E+04   0.28900E+01   0.42985E+22
   0.51458E+04   0.18577E+04   0.28905E+01   0.42992E+22
   0.51470E+04   0.18581E+04   0.28910E+01   0.42999E+22
   0.51482E+04   0.18586E+04   0.28915E+01   0.43007E+22
   0.51494E+04   0.18590E+04   0.28920E+01   0.43014E+22
   0.51506E+04   0.18595E+04   0.28925E+01   0.43021E+22
   0.51519E+04   0.18599E+04   0.28930E+01   0.43028E+22
   0.51531E+04   0.18604E+04   0.28935E+01   0.43035E+22
   0.51543E+04   0.18608E+04   0.28940E+01   0.43042E+22
   0.51555E+04   0.18613E+04   0.28945E+01   0.43050E+22
   0.51567E+04   0.18617E+04   0.28950E+01   0.43057E+22
   0.51579E+04   0.18622E+04   0.28955E+01   0.43064E+22
   0.51591E+04   0.18626E+04   0.28960E+01   0.43071E+22
   0.51603E+04   0.18631E+04   0.28965E+01   0.43078E+22
   0.51615E+04   0.18635E+04   0.28970E+01   0.43086E+22
   0.51628E+04   0.18640E+04   0.28975E+01   0.43093E+22
   0.51640E+04   0.18644E+04   0.28980E+01   0.43100E+22
   0.51652E+04   0.18649E+04   0.28985E+01   0.43107E+22
   0.51664E+04   0.18653E+04   0.28990E+01   0.43114E+22
   0.51676E+04   0.18658E+04   0.28995E+01   0.43122E+22
   0.51688E+04   0.18662E+04   0.29000E+01   0.43129E+22
   0.51700E+04   0.18667E+04   0.29005E+01   0.43136E+22
   0.51713E+04   0.18671E+04   0.29010E+01   0.43143E+22
   0.51725E+04   0.18676E+04   0.29015E+01   0.43150E+22
   0.51737E+04   0.18680E+04   0.29020E+01   0.43157E+22
   0.51749E+04   0.18685E+04   0.29025E+01   0.43165E+22
   0.51761E+04   0.18689E+04   0.29030E+01   0.43172E+22
   0.51773E+04   0.18694E+04   0.29035E+01   0.43179E+22
   0.51785E+04   0.18698E+04   0.29040E+01   0.43186E+22
   0.51797E+04   0.18703E+04   0.29045E+01   0.43193E+22
   0.51810E+04   0.18707E+04   0.29050E+01   0.43201E+22
   0.51822E+04   0.18712E+04   0.29055E+01   0.43208E+22
   0.51834E+04   0.18716E+04   0.29060E+01   0.43215E+22
   0.51846E+04   0.18721E+04   0.29065E+01   0.43222E+22
   0.51858E+04   0.18725E+04   0.29070E+01   0.43229E+22
   0.51870E+04   0.18730E+04   0.29075E+01   0.43237E+22
   0.51882E+04   0.18734E+04   0.29080E+01   0.43244E+22
   0.51895E+04   0.18739E+04   0.29085E+01   0.43251E+22
   0.51907E+04   0.18743E+04   0.29090E+01   0.43258E+22
   0.51919E+04   0.18748E+04   0.29095E+01   0.43265E+22
   0.51931E+04   0.18752E+04   0.29100E+01   0.43273E+22
   0.51943E+04   0.18757E+04   0.29105E+01   0.43280E+22
   0.51955E+04   0.18761E+04   0.29110E+01   0.43287E+22
   0.51967E+04   0.18766E+04   0.29115E+01   0.43294E+22
   0.51980E+04   0.18770E+04   0.29120E+01   0.43301E+22
   0.51992E+04   0.18775E+04   0.29125E+01   0.43308E+22
   0.52004E+04   0.18779E+04   0.29130E+01   0.43316E+22
   0.52016E+04   0.18784E+04   0.29135E+01   0.43323E+22
   0.52028E+04   0.18788E+04   0.29140E+01   0.43330E+22
   0.52040E+04   0.18793E+04   0.29145E+01   0.43337E+22
   0.52052E+04   0.18797E+04   0.29150E+01   0.43344E+22
   0.52065E+04   0.18802E+04   0.29155E+01   0.43352E+22
   0.52077E+04   0.18806E+04   0.29160E+01   0.43359E+22
   0.52089E+04   0.18811E+04   0.29165E+01   0.43366E+22
   0.52101E+04   0.18815E+04   0.29170E+01   0.43373E+22
   0.52113E+04   0.18820E+04   0.29175E+01   0.43380E+22
   0.52125E+04   0.18824E+04   0.29180E+01   0.43388E+22
   0.52138E+04   0.18829E+04   0.29185E+01   0.43395E+22
   0.52150E+04   0.18833E+04   0.29190E+01   0.43402E+22
   0.52162E+04   0.18838E+04   0.29195E+01   0.43409E+22
   0.52174E+04   0.18842E+04   0.29200E+01   0.43416E+22
   0.52186E+04   0.18847E+04   0.29205E+01   0.43423E+22
   0.52198E+04   0.18851E+04   0.29210E+01   0.43431E+22
   0.52211E+04   0.18856E+04   0.29215E+01   0.43438E+22
   0.52223E+04   0.18860E+04   0.29220E+01   0.43445E+22
   0.52235E+04   0.18865E+04   0.29225E+01   0.43452E+22
   0.52247E+04   0.18869E+04   0.29230E+01   0.43459E+22
   0.52259E+04   0.18874E+04   0.29235E+01   0.43467E+22
   0.52271E+04   0.18878E+04   0.29240E+01   0.43474E+22
   0.52284E+04   0.18883E+04   0.29245E+01   0.43481E+22
   0.52296E+04   0.18887E+04   0.29250E+01   0.43488E+22
   0.52308E+04   0.18892E+04   0.29255E+01   0.43495E+22
   0.52320E+04   0.18896E+04   0.29260E+01   0.43503E+22
   0.52332E+04   0.18901E+04   0.29265E+01   0.43510E+22
   0.52344E+04   0.18906E+04   0.29270E+01   0.43517E+22
   0.52357E+04   0.18910E+04   0.29275E+01   0.43524E+22
   0.52369E+04   0.18915E+04   0.29280E+01   0.43531E+22
   0.52381E+04   0.18919E+04   0.29285E+01   0.43539E+22
   0.52393E+04   0.18924E+04   0.29290E+01   0.43546E+22
   0.52405E+04   0.18928E+04   0.29295E+01   0.43553E+22
   0.52417E+04   0.18933E+04   0.29300E+01   0.43560E+22
   0.52430E+04   0.18937E+04   0.29305E+01   0.43567E+22
   0.52442E+04   0.18942E+04   0.29310E+01   0.43574E+22
   0.52454E+04   0.18946E+04   0.29315E+01   0.43582E+22
   0.52466E+04   0.18951E+04   0.29320E+01   0.43589E+22
   0.52478E+04   0.18955E+04   0.29325E+01   0.43596E+22
   0.52490E+04   0.18960E+04   0.29330E+01   0.43603E+22
   0.52503E+04   0.18964E+04   0.29335E+01   0.43610E+22
   0.52515E+04   0.18969E+04   0.29340E+01   0.43618E+22
   0.52527E+04   0.18973E+04   0.29345E+01   0.43625E+22
   0.52539E+04   0.18978E+04   0.29350E+01   0.43632E+22
   0.52551E+04   0.18982E+04   0.29355E+01   0.43639E+22
   0.52564E+04   0.18987E+04   0.29360E+01   0.43646E+22
   0.52576E+04   0.18991E+04   0.29365E+01   0.43654E+22
   0.52588E+04   0.18996E+04   0.29370E+01   0.43661E+22
   0.52600E+04   0.19000E+04   0.29375E+01   0.43668E+22
   0.52612E+04   0.19005E+04   0.29380E+01   0.43675E+22
   0.52625E+04   0.19009E+04   0.29385E+01   0.43682E+22
   0.52637E+04   0.19014E+04   0.29390E+01   0.43690E+22
   0.52649E+04   0.19018E+04   0.29395E+01   0.43697E+22
   0.52661E+04   0.19023E+04   0.29400E+01   0.43704E+22
   0.52673E+04   0.19027E+04   0.29405E+01   0.43711E+22
   0.52685E+04   0.19032E+04   0.29410E+01   0.43718E+22
   0.52698E+04   0.19037E+04   0.29415E+01   0.43725E+22
   0.52710E+04   0.19041E+04   0.29420E+01   0.43733E+22
   0.52722E+04   0.19046E+04   0.29425E+01   0.43740E+22
   0.52734E+04   0.19050E+04   0.29430E+01   0.43747E+22
   0.52746E+04   0.19055E+04   0.29435E+01   0.43754E+22
   0.52759E+04   0.19059E+04   0.29440E+01   0.43761E+22
   0.52771E+04   0.19064E+04   0.29445E+01   0.43769E+22
   0.52783E+04   0.19068E+04   0.29450E+01   0.43776E+22
   0.52795E+04   0.19073E+04   0.29455E+01   0.43783E+22
   0.52807E+04   0.19077E+04   0.29460E+01   0.43790E+22
   0.52820E+04   0.19082E+04   0.29465E+01   0.43797E+22
   0.52832E+04   0.19086E+04   0.29470E+01   0.43805E+22
   0.52844E+04   0.19091E+04   0.29475E+01   0.43812E+22
   0.52856E+04   0.19095E+04   0.29480E+01   0.43819E+22
   0.52868E+04   0.19100E+04   0.29485E+01   0.43826E+22
   0.52881E+04   0.19104E+04   0.29490E+01   0.43833E+22
   0.52893E+04   0.19109E+04   0.29495E+01   0.43841E+22
   0.52905E+04   0.19113E+04   0.29500E+01   0.43848E+22
   0.52917E+04   0.19118E+04   0.29505E+01   0.43855E+22
   0.52929E+04   0.19122E+04   0.29510E+01   0.43862E+22
   0.52942E+04   0.19127E+04   0.29515E+01   0.43869E+22
   0.52954E+04   0.19132E+04   0.29520E+01   0.43877E+22
   0.52966E+04   0.19136E+04   0.29525E+01   0.43884E+22
   0.52978E+04   0.19141E+04   0.29530E+01   0.43891E+22
   0.52991E+04   0.19145E+04   0.29535E+01   0.43898E+22
   0.53003E+04   0.19150E+04   0.29540E+01   0.43905E+22
   0.53015E+04   0.19154E+04   0.29545E+01   0.43912E+22
   0.53027E+04   0.19159E+04   0.29550E+01   0.43920E+22
   0.53039E+04   0.19163E+04   0.29555E+01   0.43927E+22
   0.53052E+04   0.19168E+04   0.29560E+01   0.43934E+22
   0.53064E+04   0.19172E+04   0.29565E+01   0.43941E+22
   0.53076E+04   0.19177E+04   0.29570E+01   0.43948E+22
   0.53088E+04   0.19181E+04   0.29575E+01   0.43956E+22
   0.53100E+04   0.19186E+04   0.29580E+01   0.43963E+22
   0.53113E+04   0.19190E+04   0.29585E+01   0.43970E+22
   0.53125E+04   0.19195E+04   0.29590E+01   0.43977E+22
   0.53137E+04   0.19199E+04   0.29595E+01   0.43984E+22
   0.53149E+04   0.19204E+04   0.29600E+01   0.43992E+22
   0.53162E+04   0.19208E+04   0.29605E+01   0.43999E+22
   0.53174E+04   0.19213E+04   0.29610E+01   0.44006E+22
   0.53186E+04   0.19218E+04   0.29615E+01   0.44013E+22
   0.53198E+04   0.19222E+04   0.29620E+01   0.44020E+22
   0.53210E+04   0.19227E+04   0.29625E+01   0.44028E+22
   0.53223E+04   0.19231E+04   0.29630E+01   0.44035E+22
   0.53235E+04   0.19236E+04   0.29635E+01   0.44042E+22
   0.53247E+04   0.19240E+04   0.29640E+01   0.44049E+22
   0.53259E+04   0.19245E+04   0.29645E+01   0.44056E+22
   0.53272E+04   0.19249E+04   0.29650E+01   0.44063E+22
   0.53284E+04   0.19254E+04   0.29655E+01   0.44071E+22
   0.53296E+04   0.19258E+04   0.29660E+01   0.44078E+22
   0.53308E+04   0.19263E+04   0.29665E+01   0.44085E+22
   0.53321E+04   0.19267E+04   0.29670E+01   0.44092E+22
   0.53333E+04   0.19272E+04   0.29675E+01   0.44099E+22
   0.53345E+04   0.19276E+04   0.29680E+01   0.44107E+22
   0.53357E+04   0.19281E+04   0.29685E+01   0.44114E+22
   0.53369E+04   0.19286E+04   0.29690E+01   0.44121E+22
   0.53382E+04   0.19290E+04   0.29695E+01   0.44128E+22
   0.53394E+04   0.19295E+04   0.29700E+01   0.44135E+22
   0.53406E+04   0.19299E+04   0.29705E+01   0.44143E+22
   0.53418E+04   0.19304E+04   0.29710E+01   0.44150E+22
   0.53431E+04   0.19308E+04   0.29715E+01   0.44157E+22
   0.53443E+04   0.19313E+04   0.29720E+01   0.44164E+22
   0.53455E+04   0.19317E+04   0.29725E+01   0.44171E+22
   0.53467E+04   0.19322E+04   0.29730E+01   0.44179E+22
   0.53480E+04   0.19326E+04   0.29735E+01   0.44186E+22
   0.53492E+04   0.19331E+04   0.29740E+01   0.44193E+22
   0.53504E+04   0.19335E+04   0.29745E+01   0.44200E+22
   0.53516E+04   0.19340E+04   0.29750E+01   0.44207E+22
   0.53529E+04   0.19345E+04   0.29755E+01   0.44215E+22
   0.53541E+04   0.19349E+04   0.29760E+01   0.44222E+22
   0.53553E+04   0.19354E+04   0.29765E+01   0.44229E+22
   0.53565E+04   0.19358E+04   0.29770E+01   0.44236E+22
   0.53578E+04   0.19363E+04   0.29775E+01   0.44243E+22
   0.53590E+04   0.19367E+04   0.29780E+01   0.44250E+22
   0.53602E+04   0.19372E+04   0.29785E+01   0.44258E+22
   0.53614E+04   0.19376E+04   0.29790E+01   0.44265E+22
   0.53627E+04   0.19381E+04   0.29795E+01   0.44272E+22
   0.53639E+04   0.19385E+04   0.29800E+01   0.44279E+22
   0.53651E+04   0.19390E+04   0.29805E+01   0.44286E+22
   0.53663E+04   0.19394E+04   0.29810E+01   0.44294E+22
   0.53676E+04   0.19399E+04   0.29815E+01   0.44301E+22
   0.53688E+04   0.19404E+04   0.29820E+01   0.44308E+22
   0.53700E+04   0.19408E+04   0.29825E+01   0.44315E+22
   0.53712E+04   0.19413E+04   0.29830E+01   0.44322E+22
   0.53725E+04   0.19417E+04   0.29835E+01   0.44330E+22
   0.53737E+04   0.19422E+04   0.29840E+01   0.44337E+22
   0.53749E+04   0.19426E+04   0.29845E+01   0.44344E+22
   0.53761E+04   0.19431E+04   0.29850E+01   0.44351E+22
   0.53774E+04   0.19435E+04   0.29855E+01   0.44358E+22
   0.53786E+04   0.19440E+04   0.29860E+01   0.44366E+22
   0.53798E+04   0.19444E+04   0.29865E+01   0.44373E+22
   0.53810E+04   0.19449E+04   0.29870E+01   0.44380E+22
   0.53823E+04   0.19453E+04   0.29875E+01   0.44387E+22
   0.53835E+04   0.19458E+04   0.29880E+01   0.44394E+22
   0.53847E+04   0.19463E+04   0.29885E+01   0.44402E+22
   0.53859E+04   0.19467E+04   0.29890E+01   0.44409E+22
   0.53872E+04   0.19472E+04   0.29895E+01   0.44416E+22
   0.53884E+04   0.19476E+04   0.29900E+01   0.44423E+22
   0.53896E+04   0.19481E+04   0.29905E+01   0.44430E+22
   0.53909E+04   0.19485E+04   0.29910E+01   0.44437E+22
   0.53921E+04   0.19490E+04   0.29915E+01   0.44445E+22
   0.53933E+04   0.19494E+04   0.29920E+01   0.44452E+22
   0.53945E+04   0.19499E+04   0.29925E+01   0.44459E+22
   0.53958E+04   0.19503E+04   0.29930E+01   0.44466E+22
   0.53970E+04   0.19508E+04   0.29935E+01   0.44473E+22
   0.53982E+04   0.19513E+04   0.29940E+01   0.44481E+22
   0.53994E+04   0.19517E+04   0.29945E+01   0.44488E+22
   0.54007E+04   0.19522E+04   0.29950E+01   0.44495E+22
   0.54019E+04   0.19526E+04   0.29955E+01   0.44502E+22
   0.54031E+04   0.19531E+04   0.29960E+01   0.44509E+22
   0.54044E+04   0.19535E+04   0.29965E+01   0.44517E+22
   0.54056E+04   0.19540E+04   0.29970E+01   0.44524E+22
   0.54068E+04   0.19544E+04   0.29975E+01   0.44531E+22
   0.54080E+04   0.19549E+04   0.29980E+01   0.44538E+22
   0.54093E+04   0.19553E+04   0.29985E+01   0.44545E+22
   0.54105E+04   0.19558E+04   0.29990E+01   0.44553E+22
   0.54117E+04   0.19563E+04   0.29995E+01   0.44560E+22
   0.54130E+04   0.19567E+04   0.30000E+01   0.44567E+22
   0.54142E+04   0.19572E+04   0.30005E+01   0.44574E+22
   0.54154E+04   0.19576E+04   0.30010E+01   0.44581E+22
   0.54166E+04   0.19581E+04   0.30015E+01   0.44589E+22
   0.54179E+04   0.19585E+04   0.30020E+01   0.44596E+22
   0.54191E+04   0.19590E+04   0.30025E+01   0.44603E+22
   0.54203E+04   0.19594E+04   0.30030E+01   0.44610E+22
   0.54216E+04   0.19599E+04   0.30035E+01   0.44617E+22
   0.54228E+04   0.19604E+04   0.30040E+01   0.44625E+22
   0.54240E+04   0.19608E+04   0.30045E+01   0.44632E+22
   0.54252E+04   0.19613E+04   0.30050E+01   0.44639E+22
   0.54265E+04   0.19617E+04   0.30055E+01   0.44646E+22
   0.54277E+04   0.19622E+04   0.30060E+01   0.44653E+22
   0.54289E+04   0.19626E+04   0.30065E+01   0.44660E+22
   0.54302E+04   0.19631E+04   0.30070E+01   0.44668E+22
   0.54314E+04   0.19635E+04   0.30075E+01   0.44675E+22
   0.54326E+04   0.19640E+04   0.30080E+01   0.44682E+22
   0.54338E+04   0.19644E+04   0.30085E+01   0.44689E+22
   0.54351E+04   0.19649E+04   0.30090E+01   0.44696E+22
   0.54363E+04   0.19654E+04   0.30095E+01   0.44704E+22
   0.54375E+04   0.19658E+04   0.30100E+01   0.44711E+22
   0.54388E+04   0.19663E+04   0.30105E+01   0.44718E+22
   0.54400E+04   0.19667E+04   0.30110E+01   0.44725E+22
   0.54412E+04   0.19672E+04   0.30115E+01   0.44732E+22
   0.54425E+04   0.19676E+04   0.30120E+01   0.44740E+22
   0.54437E+04   0.19681E+04   0.30125E+01   0.44747E+22
   0.54449E+04   0.19685E+04   0.30130E+01   0.44754E+22
   0.54461E+04   0.19690E+04   0.30135E+01   0.44761E+22
   0.54474E+04   0.19695E+04   0.30140E+01   0.44768E+22
   0.54486E+04   0.19699E+04   0.30145E+01   0.44776E+22
   0.54498E+04   0.19704E+04   0.30150E+01   0.44783E+22
   0.54511E+04   0.19708E+04   0.30155E+01   0.44790E+22
   0.54523E+04   0.19713E+04   0.30160E+01   0.44797E+22
   0.54535E+04   0.19717E+04   0.30165E+01   0.44804E+22
   0.54548E+04   0.19722E+04   0.30170E+01   0.44812E+22
   0.54560E+04   0.19726E+04   0.30175E+01   0.44819E+22
   0.54572E+04   0.19731E+04   0.30180E+01   0.44826E+22
   0.54585E+04   0.19736E+04   0.30185E+01   0.44833E+22
   0.54597E+04   0.19740E+04   0.30190E+01   0.44840E+22
   0.54609E+04   0.19745E+04   0.30195E+01   0.44848E+22
   0.54621E+04   0.19749E+04   0.30200E+01   0.44855E+22
   0.54634E+04   0.19754E+04   0.30205E+01   0.44862E+22
   0.54646E+04   0.19758E+04   0.30210E+01   0.44869E+22
   0.54658E+04   0.19763E+04   0.30215E+01   0.44876E+22
   0.54671E+04   0.19767E+04   0.30220E+01   0.44883E+22
   0.54683E+04   0.19772E+04   0.30225E+01   0.44891E+22
   0.54695E+04   0.19777E+04   0.30230E+01   0.44898E+22
   0.54708E+04   0.19781E+04   0.30235E+01   0.44905E+22
   0.54720E+04   0.19786E+04   0.30240E+01   0.44912E+22
   0.54732E+04   0.19790E+04   0.30245E+01   0.44919E+22
   0.54745E+04   0.19795E+04   0.30250E+01   0.44927E+22
   0.54757E+04   0.19799E+04   0.30255E+01   0.44934E+22
   0.54769E+04   0.19804E+04   0.30260E+01   0.44941E+22
   0.54782E+04   0.19809E+04   0.30265E+01   0.44948E+22
   0.54794E+04   0.19813E+04   0.30270E+01   0.44955E+22
   0.54806E+04   0.19818E+04   0.30275E+01   0.44963E+22
   0.54819E+04   0.19822E+04   0.30280E+01   0.44970E+22
   0.54831E+04   0.19827E+04   0.30285E+01   0.44977E+22
   0.54843E+04   0.19831E+04   0.30290E+01   0.44984E+22
   0.54856E+04   0.19836E+04   0.30295E+01   0.44991E+22
   0.54868E+04   0.19840E+04   0.30300E+01   0.44999E+22
   0.54880E+04   0.19845E+04   0.30305E+01   0.45006E+22
   0.54893E+04   0.19850E+04   0.30310E+01   0.45013E+22
   0.54905E+04   0.19854E+04   0.30315E+01   0.45020E+22
   0.54917E+04   0.19859E+04   0.30320E+01   0.45027E+22
   0.54930E+04   0.19863E+04   0.30325E+01   0.45035E+22
   0.54942E+04   0.19868E+04   0.30330E+01   0.45042E+22
   0.54954E+04   0.19872E+04   0.30335E+01   0.45049E+22
   0.54967E+04   0.19877E+04   0.30340E+01   0.45056E+22
   0.54979E+04   0.19882E+04   0.30345E+01   0.45063E+22
   0.54991E+04   0.19886E+04   0.30350E+01   0.45071E+22
   0.55004E+04   0.19891E+04   0.30355E+01   0.45078E+22
   0.55016E+04   0.19895E+04   0.30360E+01   0.45085E+22
   0.55028E+04   0.19900E+04   0.30365E+01   0.45092E+22
   0.55041E+04   0.19904E+04   0.30370E+01   0.45099E+22
   0.55053E+04   0.19909E+04   0.30375E+01   0.45106E+22
   0.55065E+04   0.19913E+04   0.30380E+01   0.45114E+22
   0.55078E+04   0.19918E+04   0.30385E+01   0.45121E+22
   0.55090E+04   0.19923E+04   0.30390E+01   0.45128E+22
   0.55102E+04   0.19927E+04   0.30395E+01   0.45135E+22
   0.55115E+04   0.19932E+04   0.30400E+01   0.45142E+22
   0.55127E+04   0.19936E+04   0.30405E+01   0.45150E+22
   0.55139E+04   0.19941E+04   0.30410E+01   0.45157E+22
   0.55152E+04   0.19945E+04   0.30415E+01   0.45164E+22
   0.55164E+04   0.19950E+04   0.30420E+01   0.45171E+22
   0.55176E+04   0.19955E+04   0.30425E+01   0.45178E+22
   0.55189E+04   0.19959E+04   0.30430E+01   0.45186E+22
   0.55201E+04   0.19964E+04   0.30435E+01   0.45193E+22
   0.55213E+04   0.19968E+04   0.30440E+01   0.45200E+22
   0.55226E+04   0.19973E+04   0.30445E+01   0.45207E+22
   0.55238E+04   0.19977E+04   0.30450E+01   0.45214E+22
   0.55250E+04   0.19982E+04   0.30455E+01   0.45222E+22
   0.55263E+04   0.19987E+04   0.30460E+01   0.45229E+22
   0.55275E+04   0.19991E+04   0.30465E+01   0.45236E+22
   0.55287E+04   0.19996E+04   0.30470E+01   0.45243E+22
   0.55300E+04   0.20000E+04   0.30475E+01   0.45250E+22
   0.55312E+04   0.20005E+04   0.30480E+01   0.45258E+22
   0.55325E+04   0.20009E+04   0.30485E+01   0.45265E+22
   0.55337E+04   0.20014E+04   0.30490E+01   0.45272E+22
   0.55349E+04   0.20019E+04   0.30495E+01   0.45279E+22
   0.55362E+04   0.20023E+04   0.30500E+01   0.45286E+22
   0.55374E+04   0.20028E+04   0.30505E+01   0.45294E+22
   0.55386E+04   0.20032E+04   0.30510E+01   0.45301E+22
   0.55399E+04   0.20037E+04   0.30515E+01   0.45308E+22
   0.55411E+04   0.20041E+04   0.30520E+01   0.45315E+22
   0.55423E+04   0.20046E+04   0.30525E+01   0.45322E+22
   0.55436E+04   0.20051E+04   0.30530E+01   0.45330E+22
   0.55448E+04   0.20055E+04   0.30535E+01   0.45337E+22
   0.55460E+04   0.20060E+04   0.30540E+01   0.45344E+22
   0.55473E+04   0.20064E+04   0.30545E+01   0.45351E+22
   0.55485E+04   0.20069E+04   0.30550E+01   0.45358E+22
   0.55498E+04   0.20073E+04   0.30555E+01   0.45366E+22
   0.55510E+04   0.20078E+04   0.30560E+01   0.45373E+22
   0.55522E+04   0.20083E+04   0.30565E+01   0.45380E+22
   0.55535E+04   0.20087E+04   0.30570E+01   0.45387E+22
   0.55547E+04   0.20092E+04   0.30575E+01   0.45394E+22
   0.55559E+04   0.20096E+04   0.30580E+01   0.45401E+22
   0.55572E+04   0.20101E+04   0.30585E+01   0.45409E+22
   0.55584E+04   0.20105E+04   0.30590E+01   0.45416E+22
   0.55597E+04   0.20110E+04   0.30595E+01   0.45423E+22
   0.55609E+04   0.20115E+04   0.30600E+01   0.45430E+22
   0.55621E+04   0.20119E+04   0.30605E+01   0.45437E+22
   0.55634E+04   0.20124E+04   0.30610E+01   0.45445E+22
   0.55646E+04   0.20128E+04   0.30615E+01   0.45452E+22
   0.55658E+04   0.20133E+04   0.30620E+01   0.45459E+22
   0.55671E+04   0.20138E+04   0.30625E+01   0.45466E+22
   0.55683E+04   0.20142E+04   0.30630E+01   0.45473E+22
   0.55696E+04   0.20147E+04   0.30635E+01   0.45481E+22
   0.55708E+04   0.20151E+04   0.30640E+01   0.45488E+22
   0.55720E+04   0.20156E+04   0.30645E+01   0.45495E+22
   0.55733E+04   0.20160E+04   0.30650E+01   0.45502E+22
   0.55745E+04   0.20165E+04   0.30655E+01   0.45509E+22
   0.55757E+04   0.20170E+04   0.30660E+01   0.45517E+22
   0.55770E+04   0.20174E+04   0.30665E+01   0.45524E+22
   0.55782E+04   0.20179E+04   0.30670E+01   0.45531E+22
   0.55795E+04   0.20183E+04   0.30675E+01   0.45538E+22
   0.55807E+04   0.20188E+04   0.30680E+01   0.45545E+22
   0.55819E+04   0.20192E+04   0.30685E+01   0.45553E+22
   0.55832E+04   0.20197E+04   0.30690E+01   0.45560E+22
   0.55844E+04   0.20202E+04   0.30695E+01   0.45567E+22
   0.55857E+04   0.20206E+04   0.30700E+01   0.45574E+22
   0.55869E+04   0.20211E+04   0.30705E+01   0.45581E+22
   0.55881E+04   0.20215E+04   0.30710E+01   0.45589E+22
   0.55894E+04   0.20220E+04   0.30715E+01   0.45596E+22
   0.55906E+04   0.20225E+04   0.30720E+01   0.45603E+22
   0.55918E+04   0.20229E+04   0.30725E+01   0.45610E+22
   0.55931E+04   0.20234E+04   0.30730E+01   0.45617E+22
   0.55943E+04   0.20238E+04   0.30735E+01   0.45625E+22
   0.55956E+04   0.20243E+04   0.30740E+01   0.45632E+22
   0.55968E+04   0.20247E+04   0.30745E+01   0.45639E+22
   0.55980E+04   0.20252E+04   0.30750E+01   0.45646E+22
   0.55993E+04   0.20257E+04   0.30755E+01   0.45653E+22
   0.56005E+04   0.20261E+04   0.30760E+01   0.45661E+22
   0.56018E+04   0.20266E+04   0.30765E+01   0.45668E+22
   0.56030E+04   0.20270E+04   0.30770E+01   0.45675E+22
   0.56042E+04   0.20275E+04   0.30775E+01   0.45682E+22
   0.56055E+04   0.20280E+04   0.30780E+01   0.45689E+22
   0.56067E+04   0.20284E+04   0.30785E+01   0.45697E+22
   0.56080E+04   0.20289E+04   0.30790E+01   0.45704E+22
   0.56092E+04   0.20293E+04   0.30795E+01   0.45711E+22
   0.56104E+04   0.20298E+04   0.30800E+01   0.45718E+22
   0.56117E+04   0.20302E+04   0.30805E+01   0.45725E+22
   0.56129E+04   0.20307E+04   0.30810E+01   0.45732E+22
   0.56142E+04   0.20312E+04   0.30815E+01   0.45740E+22
   0.56154E+04   0.20316E+04   0.30820E+01   0.45747E+22
   0.56166E+04   0.20321E+04   0.30825E+01   0.45754E+22
   0.56179E+04   0.20325E+04   0.30830E+01   0.45761E+22
   0.56191E+04   0.20330E+04   0.30835E+01   0.45768E+22
   0.56204E+04   0.20335E+04   0.30840E+01   0.45776E+22
   0.56216E+04   0.20339E+04   0.30845E+01   0.45783E+22
   0.56228E+04   0.20344E+04   0.30850E+01   0.45790E+22
   0.56241E+04   0.20348E+04   0.30855E+01   0.45797E+22
   0.56253E+04   0.20353E+04   0.30860E+01   0.45804E+22
   0.56266E+04   0.20358E+04   0.30865E+01   0.45812E+22
   0.56278E+04   0.20362E+04   0.30870E+01   0.45819E+22
   0.56291E+04   0.20367E+04   0.30875E+01   0.45826E+22
   0.56303E+04   0.20371E+04   0.30880E+01   0.45833E+22
   0.56315E+04   0.20376E+04   0.30885E+01   0.45840E+22
   0.56328E+04   0.20380E+04   0.30890E+01   0.45848E+22
   0.56340E+04   0.20385E+04   0.30895E+01   0.45855E+22
   0.56353E+04   0.20390E+04   0.30900E+01   0.45862E+22
   0.56365E+04   0.20394E+04   0.30905E+01   0.45869E+22
   0.56377E+04   0.20399E+04   0.30910E+01   0.45876E+22
   0.56390E+04   0.20403E+04   0.30915E+01   0.45884E+22
   0.56402E+04   0.20408E+04   0.30920E+01   0.45891E+22
   0.56415E+04   0.20413E+04   0.30925E+01   0.45898E+22
   0.56427E+04   0.20417E+04   0.30930E+01   0.45905E+22
   0.56440E+04   0.20422E+04   0.30935E+01   0.45912E+22
   0.56452E+04   0.20426E+04   0.30940E+01   0.45920E+22
   0.56464E+04   0.20431E+04   0.30945E+01   0.45927E+22
   0.56477E+04   0.20436E+04   0.30950E+01   0.45934E+22
   0.56489E+04   0.20440E+04   0.30955E+01   0.45941E+22
   0.56502E+04   0.20445E+04   0.30960E+01   0.45948E+22
   0.56514E+04   0.20449E+04   0.30965E+01   0.45956E+22
   0.56527E+04   0.20454E+04   0.30970E+01   0.45963E+22
   0.56539E+04   0.20459E+04   0.30975E+01   0.45970E+22
   0.56551E+04   0.20463E+04   0.30980E+01   0.45977E+22
   0.56564E+04   0.20468E+04   0.30985E+01   0.45984E+22
   0.56576E+04   0.20472E+04   0.30990E+01   0.45992E+22
   0.56589E+04   0.20477E+04   0.30995E+01   0.45999E+22
   0.56601E+04   0.20482E+04   0.31000E+01   0.46006E+22
   0.56614E+04   0.20486E+04   0.31005E+01   0.46013E+22
   0.56626E+04   0.20491E+04   0.31010E+01   0.46020E+22
   0.56638E+04   0.20495E+04   0.31015E+01   0.46028E+22
   0.56651E+04   0.20500E+04   0.31020E+01   0.46035E+22
   0.56663E+04   0.20505E+04   0.31025E+01   0.46042E+22
   0.56676E+04   0.20509E+04   0.31030E+01   0.46049E+22
   0.56688E+04   0.20514E+04   0.31035E+01   0.46056E+22
   0.56701E+04   0.20518E+04   0.31040E+01   0.46064E+22
   0.56713E+04   0.20523E+04   0.31045E+01   0.46071E+22
   0.56726E+04   0.20527E+04   0.31050E+01   0.46078E+22
   0.56738E+04   0.20532E+04   0.31055E+01   0.46085E+22
   0.56750E+04   0.20537E+04   0.31060E+01   0.46092E+22
   0.56763E+04   0.20541E+04   0.31065E+01   0.46100E+22
   0.56775E+04   0.20546E+04   0.31070E+01   0.46107E+22
   0.56788E+04   0.20550E+04   0.31075E+01   0.46114E+22
   0.56800E+04   0.20555E+04   0.31080E+01   0.46121E+22
   0.56813E+04   0.20560E+04   0.31085E+01   0.46128E+22
   0.56825E+04   0.20564E+04   0.31090E+01   0.46136E+22
   0.56838E+04   0.20569E+04   0.31095E+01   0.46143E+22
   0.56850E+04   0.20573E+04   0.31100E+01   0.46150E+22
   0.56862E+04   0.20578E+04   0.31105E+01   0.46157E+22
   0.56875E+04   0.20583E+04   0.31110E+01   0.46164E+22
   0.56887E+04   0.20587E+04   0.31115E+01   0.46171E+22
   0.56900E+04   0.20592E+04   0.31120E+01   0.46179E+22
   0.56912E+04   0.20596E+04   0.31125E+01   0.46186E+22
   0.56925E+04   0.20601E+04   0.31130E+01   0.46193E+22
   0.56937E+04   0.20606E+04   0.31135E+01   0.46200E+22
   0.56950E+04   0.20610E+04   0.31140E+01   0.46207E+22
   0.56962E+04   0.20615E+04   0.31145E+01   0.46215E+22
   0.56974E+04   0.20619E+04   0.31150E+01   0.46222E+22
   0.56987E+04   0.20624E+04   0.31155E+01   0.46229E+22
   0.56999E+04   0.20629E+04   0.31160E+01   0.46236E+22
   0.57012E+04   0.20633E+04   0.31165E+01   0.46243E+22
   0.57024E+04   0.20638E+04   0.31170E+01   0.46251E+22
   0.57037E+04   0.20642E+04   0.31175E+01   0.46258E+22
   0.57049E+04   0.20647E+04   0.31180E+01   0.46265E+22
   0.57062E+04   0.20652E+04   0.31185E+01   0.46272E+22
   0.57074E+04   0.20656E+04   0.31190E+01   0.46279E+22
   0.57087E+04   0.20661E+04   0.31195E+01   0.46287E+22
   0.57099E+04   0.20666E+04   0.31200E+01   0.46294E+22
   0.57112E+04   0.20670E+04   0.31205E+01   0.46301E+22
   0.57124E+04   0.20675E+04   0.31210E+01   0.46308E+22
   0.57136E+04   0.20679E+04   0.31215E+01   0.46315E+22
   0.57149E+04   0.20684E+04   0.31220E+01   0.46323E+22
   0.57161E+04   0.20689E+04   0.31225E+01   0.46330E+22
   0.57174E+04   0.20693E+04   0.31230E+01   0.46337E+22
   0.57186E+04   0.20698E+04   0.31235E+01   0.46344E+22
   0.57199E+04   0.20702E+04   0.31240E+01   0.46351E+22
   0.57211E+04   0.20707E+04   0.31245E+01   0.46359E+22
   0.57224E+04   0.20712E+04   0.31250E+01   0.46366E+22
   0.57236E+04   0.20716E+04   0.31255E+01   0.46373E+22
   0.57249E+04   0.20721E+04   0.31260E+01   0.46380E+22
   0.57261E+04   0.20725E+04   0.31265E+01   0.46387E+22
   0.57274E+04   0.20730E+04   0.31270E+01   0.46395E+22
   0.57286E+04   0.20735E+04   0.31275E+01   0.46402E+22
   0.57299E+04   0.20739E+04   0.31280E+01   0.46409E+22
   0.57311E+04   0.20744E+04   0.31285E+01   0.46416E+22
   0.57323E+04   0.20748E+04   0.31290E+01   0.46423E+22
   0.57336E+04   0.20753E+04   0.31295E+01   0.46431E+22
   0.57348E+04   0.20758E+04   0.31300E+01   0.46438E+22
   0.57361E+04   0.20762E+04   0.31305E+01   0.46445E+22
   0.57373E+04   0.20767E+04   0.31310E+01   0.46452E+22
   0.57386E+04   0.20771E+04   0.31315E+01   0.46459E+22
   0.57398E+04   0.20776E+04   0.31320E+01   0.46467E+22
   0.57411E+04   0.20781E+04   0.31325E+01   0.46474E+22
   0.57423E+04   0.20785E+04   0.31330E+01   0.46481E+22
   0.57436E+04   0.20790E+04   0.31335E+01   0.46488E+22
   0.57448E+04   0.20795E+04   0.31340E+01   0.46495E+22
   0.57461E+04   0.20799E+04   0.31345E+01   0.46503E+22
   0.57473E+04   0.20804E+04   0.31350E+01   0.46510E+22
   0.57486E+04   0.20808E+04   0.31355E+01   0.46517E+22
   0.57498E+04   0.20813E+04   0.31360E+01   0.46524E+22
   0.57511E+04   0.20818E+04   0.31365E+01   0.46531E+22
   0.57523E+04   0.20822E+04   0.31370E+01   0.46539E+22
   0.57536E+04   0.20827E+04   0.31375E+01   0.46546E+22
   0.57548E+04   0.20831E+04   0.31380E+01   0.46553E+22
   0.57561E+04   0.20836E+04   0.31385E+01   0.46560E+22
   0.57573E+04   0.20841E+04   0.31390E+01   0.46567E+22
   0.57586E+04   0.20845E+04   0.31395E+01   0.46575E+22
   0.57598E+04   0.20850E+04   0.31400E+01   0.46582E+22
   0.57611E+04   0.20854E+04   0.31405E+01   0.46589E+22
   0.57623E+04   0.20859E+04   0.31410E+01   0.46596E+22
   0.57636E+04   0.20864E+04   0.31415E+01   0.46603E+22
   0.57648E+04   0.20868E+04   0.31420E+01   0.46611E+22
   0.57661E+04   0.20873E+04   0.31425E+01   0.46618E+22
   0.57673E+04   0.20878E+04   0.31430E+01   0.46625E+22
   0.57686E+04   0.20882E+04   0.31435E+01   0.46632E+22
   0.57698E+04   0.20887E+04   0.31440E+01   0.46639E+22
   0.57711E+04   0.20891E+04   0.31445E+01   0.46647E+22
   0.57723E+04   0.20896E+04   0.31450E+01   0.46654E+22
   0.57736E+04   0.20901E+04   0.31455E+01   0.46661E+22
   0.57748E+04   0.20905E+04   0.31460E+01   0.46668E+22
   0.57761E+04   0.20910E+04   0.31465E+01   0.46675E+22
   0.57773E+04   0.20914E+04   0.31470E+01   0.46683E+22
   0.57786E+04   0.20919E+04   0.31475E+01   0.46690E+22
   0.57798E+04   0.20924E+04   0.31480E+01   0.46697E+22
   0.57811E+04   0.20928E+04   0.31485E+01   0.46704E+22
   0.57823E+04   0.20933E+04   0.31490E+01   0.46711E+22
   0.57836E+04   0.20938E+04   0.31495E+01   0.46719E+22
   0.57848E+04   0.20942E+04   0.31500E+01   0.46726E+22
   0.57861E+04   0.20947E+04   0.31505E+01   0.46733E+22
   0.57873E+04   0.20951E+04   0.31510E+01   0.46740E+22
   0.57886E+04   0.20956E+04   0.31515E+01   0.46747E+22
   0.57898E+04   0.20961E+04   0.31520E+01   0.46755E+22
   0.57911E+04   0.20965E+04   0.31525E+01   0.46762E+22
   0.57923E+04   0.20970E+04   0.31530E+01   0.46769E+22
   0.57936E+04   0.20975E+04   0.31535E+01   0.46776E+22
   0.57948E+04   0.20979E+04   0.31540E+01   0.46783E+22
   0.57961E+04   0.20984E+04   0.31545E+01   0.46791E+22
   0.57973E+04   0.20988E+04   0.31550E+01   0.46798E+22
   0.57986E+04   0.20993E+04   0.31555E+01   0.46805E+22
   0.57998E+04   0.20998E+04   0.31560E+01   0.46812E+22
   0.58011E+04   0.21002E+04   0.31565E+01   0.46819E+22
   0.58023E+04   0.21007E+04   0.31570E+01   0.46827E+22
   0.58036E+04   0.21011E+04   0.31575E+01   0.46834E+22
   0.58048E+04   0.21016E+04   0.31580E+01   0.46841E+22
   0.58061E+04   0.21021E+04   0.31585E+01   0.46848E+22
   0.58073E+04   0.21025E+04   0.31590E+01   0.46855E+22
   0.58086E+04   0.21030E+04   0.31595E+01   0.46862E+22
   0.58098E+04   0.21035E+04   0.31600E+01   0.46870E+22
   0.58111E+04   0.21039E+04   0.31605E+01   0.46877E+22
   0.58123E+04   0.21044E+04   0.31610E+01   0.46884E+22
   0.58136E+04   0.21048E+04   0.31615E+01   0.46891E+22
   0.58148E+04   0.21053E+04   0.31620E+01   0.46898E+22
   0.58161E+04   0.21058E+04   0.31625E+01   0.46906E+22
   0.58174E+04   0.21062E+04   0.31630E+01   0.46913E+22
   0.58186E+04   0.21067E+04   0.31635E+01   0.46920E+22
   0.58199E+04   0.21072E+04   0.31640E+01   0.46927E+22
   0.58211E+04   0.21076E+04   0.31645E+01   0.46934E+22
   0.58224E+04   0.21081E+04   0.31650E+01   0.46942E+22
   0.58236E+04   0.21085E+04   0.31655E+01   0.46949E+22
   0.58249E+04   0.21090E+04   0.31660E+01   0.46956E+22
   0.58261E+04   0.21095E+04   0.31665E+01   0.46963E+22
   0.58274E+04   0.21099E+04   0.31670E+01   0.46970E+22
   0.58286E+04   0.21104E+04   0.31675E+01   0.46978E+22
   0.58299E+04   0.21109E+04   0.31680E+01   0.46985E+22
   0.58311E+04   0.21113E+04   0.31685E+01   0.46992E+22
   0.58324E+04   0.21118E+04   0.31690E+01   0.46999E+22
   0.58336E+04   0.21122E+04   0.31695E+01   0.47006E+22
   0.58349E+04   0.21127E+04   0.31700E+01   0.47014E+22
   0.58361E+04   0.21132E+04   0.31705E+01   0.47021E+22
   0.58374E+04   0.21136E+04   0.31710E+01   0.47028E+22
   0.58387E+04   0.21141E+04   0.31715E+01   0.47035E+22
   0.58399E+04   0.21146E+04   0.31720E+01   0.47042E+22
   0.58412E+04   0.21150E+04   0.31725E+01   0.47050E+22
   0.58424E+04   0.21155E+04   0.31730E+01   0.47057E+22
   0.58437E+04   0.21159E+04   0.31735E+01   0.47064E+22
   0.58449E+04   0.21164E+04   0.31740E+01   0.47071E+22
   0.58462E+04   0.21169E+04   0.31745E+01   0.47078E+22
   0.58474E+04   0.21173E+04   0.31750E+01   0.47086E+22
   0.58487E+04   0.21178E+04   0.31755E+01   0.47093E+22
   0.58499E+04   0.21183E+04   0.31760E+01   0.47100E+22
   0.58512E+04   0.21187E+04   0.31765E+01   0.47107E+22
   0.58525E+04   0.21192E+04   0.31770E+01   0.47114E+22
   0.58537E+04   0.21197E+04   0.31775E+01   0.47122E+22
   0.58550E+04   0.21201E+04   0.31780E+01   0.47129E+22
   0.58562E+04   0.21206E+04   0.31785E+01   0.47136E+22
   0.58575E+04   0.21210E+04   0.31790E+01   0.47143E+22
   0.58587E+04   0.21215E+04   0.31795E+01   0.47150E+22
   0.58600E+04   0.21220E+04   0.31800E+01   0.47158E+22
   0.58612E+04   0.21224E+04   0.31805E+01   0.47165E+22
   0.58625E+04   0.21229E+04   0.31810E+01   0.47172E+22
   0.58637E+04   0.21234E+04   0.31815E+01   0.47179E+22
   0.58650E+04   0.21238E+04   0.31820E+01   0.47186E+22
   0.58663E+04   0.21243E+04   0.31825E+01   0.47194E+22
   0.58675E+04   0.21247E+04   0.31830E+01   0.47201E+22
   0.58688E+04   0.21252E+04   0.31835E+01   0.47208E+22
   0.58700E+04   0.21257E+04   0.31840E+01   0.47215E+22
   0.58713E+04   0.21261E+04   0.31845E+01   0.47222E+22
   0.58725E+04   0.21266E+04   0.31850E+01   0.47230E+22
   0.58738E+04   0.21271E+04   0.31855E+01   0.47237E+22
   0.58750E+04   0.21275E+04   0.31860E+01   0.47244E+22
   0.58763E+04   0.21280E+04   0.31865E+01   0.47251E+22
   0.58776E+04   0.21285E+04   0.31870E+01   0.47258E+22
   0.58788E+04   0.21289E+04   0.31875E+01   0.47266E+22
   0.58801E+04   0.21294E+04   0.31880E+01   0.47273E+22
   0.58813E+04   0.21298E+04   0.31885E+01   0.47280E+22
   0.58826E+04   0.21303E+04   0.31890E+01   0.47287E+22
   0.58838E+04   0.21308E+04   0.31895E+01   0.47294E+22
   0.58851E+04   0.21312E+04   0.31900E+01   0.47302E+22
   0.58864E+04   0.21317E+04   0.31905E+01   0.47309E+22
   0.58876E+04   0.21322E+04   0.31910E+01   0.47316E+22
   0.58889E+04   0.21326E+04   0.31915E+01   0.47323E+22
   0.58901E+04   0.21331E+04   0.31920E+01   0.47330E+22
   0.58914E+04   0.21336E+04   0.31925E+01   0.47338E+22
   0.58926E+04   0.21340E+04   0.31930E+01   0.47345E+22
   0.58939E+04   0.21345E+04   0.31935E+01   0.47352E+22
   0.58952E+04   0.21349E+04   0.31940E+01   0.47359E+22
   0.58964E+04   0.21354E+04   0.31945E+01   0.47366E+22
   0.58977E+04   0.21359E+04   0.31950E+01   0.47374E+22
   0.58989E+04   0.21363E+04   0.31955E+01   0.47381E+22
   0.59002E+04   0.21368E+04   0.31960E+01   0.47388E+22
   0.59014E+04   0.21373E+04   0.31965E+01   0.47395E+22
   0.59027E+04   0.21377E+04   0.31970E+01   0.47402E+22
   0.59040E+04   0.21382E+04   0.31975E+01   0.47410E+22
   0.59052E+04   0.21387E+04   0.31980E+01   0.47417E+22
   0.59065E+04   0.21391E+04   0.31985E+01   0.47424E+22
   0.59077E+04   0.21396E+04   0.31990E+01   0.47431E+22
   0.59090E+04   0.21400E+04   0.31995E+01   0.47438E+22
   0.59102E+04   0.21405E+04   0.32000E+01   0.47446E+22
   0.59115E+04   0.21410E+04   0.32005E+01   0.47453E+22
   0.59128E+04   0.21414E+04   0.32010E+01   0.47460E+22
   0.59140E+04   0.21419E+04   0.32015E+01   0.47467E+22
   0.59153E+04   0.21424E+04   0.32020E+01   0.47474E+22
   0.59165E+04   0.21428E+04   0.32025E+01   0.47482E+22
   0.59178E+04   0.21433E+04   0.32030E+01   0.47489E+22
   0.59190E+04   0.21438E+04   0.32035E+01   0.47496E+22
   0.59203E+04   0.21442E+04   0.32040E+01   0.47503E+22
   0.59216E+04   0.21447E+04   0.32045E+01   0.47510E+22
   0.59228E+04   0.21452E+04   0.32050E+01   0.47518E+22
   0.59241E+04   0.21456E+04   0.32055E+01   0.47525E+22
   0.59253E+04   0.21461E+04   0.32060E+01   0.47532E+22
   0.59266E+04   0.21465E+04   0.32065E+01   0.47539E+22
   0.59279E+04   0.21470E+04   0.32070E+01   0.47546E+22
   0.59291E+04   0.21475E+04   0.32075E+01   0.47554E+22
   0.59304E+04   0.21479E+04   0.32080E+01   0.47561E+22
   0.59316E+04   0.21484E+04   0.32085E+01   0.47568E+22
   0.59329E+04   0.21489E+04   0.32090E+01   0.47575E+22
   0.59342E+04   0.21493E+04   0.32095E+01   0.47582E+22
   0.59354E+04   0.21498E+04   0.32100E+01   0.47590E+22
   0.59367E+04   0.21503E+04   0.32105E+01   0.47597E+22
   0.59379E+04   0.21507E+04   0.32110E+01   0.47604E+22
   0.59392E+04   0.21512E+04   0.32115E+01   0.47611E+22
   0.59405E+04   0.21517E+04   0.32120E+01   0.47618E+22
   0.59417E+04   0.21521E+04   0.32125E+01   0.47626E+22
   0.59430E+04   0.21526E+04   0.32130E+01   0.47633E+22
   0.59442E+04   0.21531E+04   0.32135E+01   0.47640E+22
   0.59455E+04   0.21535E+04   0.32140E+01   0.47647E+22
   0.59468E+04   0.21540E+04   0.32145E+01   0.47654E+22
   0.59480E+04   0.21544E+04   0.32150E+01   0.47662E+22
   0.59493E+04   0.21549E+04   0.32155E+01   0.47669E+22
   0.59505E+04   0.21554E+04   0.32160E+01   0.47676E+22
   0.59518E+04   0.21558E+04   0.32165E+01   0.47683E+22
   0.59531E+04   0.21563E+04   0.32170E+01   0.47690E+22
   0.59543E+04   0.21568E+04   0.32175E+01   0.47698E+22
   0.59556E+04   0.21572E+04   0.32180E+01   0.47705E+22
   0.59568E+04   0.21577E+04   0.32185E+01   0.47712E+22
   0.59581E+04   0.21582E+04   0.32190E+01   0.47719E+22
   0.59594E+04   0.21586E+04   0.32195E+01   0.47726E+22
   0.59606E+04   0.21591E+04   0.32200E+01   0.47734E+22
   0.59619E+04   0.21596E+04   0.32205E+01   0.47741E+22
   0.59631E+04   0.21600E+04   0.32210E+01   0.47748E+22
   0.59644E+04   0.21605E+04   0.32215E+01   0.47755E+22
   0.59657E+04   0.21610E+04   0.32220E+01   0.47762E+22
   0.59669E+04   0.21614E+04   0.32225E+01   0.47770E+22
   0.59682E+04   0.21619E+04   0.32230E+01   0.47777E+22
   0.59694E+04   0.21623E+04   0.32235E+01   0.47784E+22
   0.59707E+04   0.21628E+04   0.32240E+01   0.47791E+22
   0.59720E+04   0.21633E+04   0.32245E+01   0.47798E+22
   0.59732E+04   0.21637E+04   0.32250E+01   0.47806E+22
   0.59745E+04   0.21642E+04   0.32255E+01   0.47813E+22
   0.59758E+04   0.21647E+04   0.32260E+01   0.47820E+22
   0.59770E+04   0.21651E+04   0.32265E+01   0.47827E+22
   0.59783E+04   0.21656E+04   0.32270E+01   0.47834E+22
   0.59795E+04   0.21661E+04   0.32275E+01   0.47842E+22
   0.59808E+04   0.21665E+04   0.32280E+01   0.47849E+22
   0.59821E+04   0.21670E+04   0.32285E+01   0.47856E+22
   0.59833E+04   0.21675E+04   0.32290E+01   0.47863E+22
   0.59846E+04   0.21679E+04   0.32295E+01   0.47870E+22
   0.59858E+04   0.21684E+04   0.32300E+01   0.47878E+22
   0.59871E+04   0.21689E+04   0.32305E+01   0.47885E+22
   0.59884E+04   0.21693E+04   0.32310E+01   0.47892E+22
   0.59896E+04   0.21698E+04   0.32315E+01   0.47899E+22
   0.59909E+04   0.21703E+04   0.32320E+01   0.47906E+22
   0.59922E+04   0.21707E+04   0.32325E+01   0.47914E+22
   0.59934E+04   0.21712E+04   0.32330E+01   0.47921E+22
   0.59947E+04   0.21717E+04   0.32335E+01   0.47928E+22
   0.59959E+04   0.21721E+04   0.32340E+01   0.47935E+22
   0.59972E+04   0.21726E+04   0.32345E+01   0.47942E+22
   0.59985E+04   0.21731E+04   0.32350E+01   0.47950E+22
   0.59997E+04   0.21735E+04   0.32355E+01   0.47957E+22
   0.60010E+04   0.21740E+04   0.32360E+01   0.47964E+22
   0.60023E+04   0.21744E+04   0.32365E+01   0.47971E+22
   0.60035E+04   0.21749E+04   0.32370E+01   0.47978E+22
   0.60048E+04   0.21754E+04   0.32375E+01   0.47986E+22
   0.60061E+04   0.21758E+04   0.32380E+01   0.47993E+22
   0.60073E+04   0.21763E+04   0.32385E+01   0.48000E+22
   0.60086E+04   0.21768E+04   0.32390E+01   0.48007E+22
   0.60098E+04   0.21772E+04   0.32395E+01   0.48014E+22
   0.60111E+04   0.21777E+04   0.32400E+01   0.48022E+22
   0.60124E+04   0.21782E+04   0.32405E+01   0.48029E+22
   0.60136E+04   0.21786E+04   0.32410E+01   0.48036E+22
   0.60149E+04   0.21791E+04   0.32415E+01   0.48043E+22
   0.60162E+04   0.21796E+04   0.32420E+01   0.48051E+22
   0.60174E+04   0.21800E+04   0.32425E+01   0.48058E+22
   0.60187E+04   0.21805E+04   0.32430E+01   0.48065E+22
   0.60200E+04   0.21810E+04   0.32435E+01   0.48072E+22
   0.60212E+04   0.21814E+04   0.32440E+01   0.48079E+22
   0.60225E+04   0.21819E+04   0.32445E+01   0.48087E+22
   0.60237E+04   0.21824E+04   0.32450E+01   0.48094E+22
   0.60250E+04   0.21828E+04   0.32455E+01   0.48101E+22
   0.60263E+04   0.21833E+04   0.32460E+01   0.48108E+22
   0.60275E+04   0.21838E+04   0.32465E+01   0.48115E+22
   0.60288E+04   0.21842E+04   0.32470E+01   0.48123E+22
   0.60301E+04   0.21847E+04   0.32475E+01   0.48130E+22
   0.60313E+04   0.21852E+04   0.32480E+01   0.48137E+22
   0.60326E+04   0.21856E+04   0.32485E+01   0.48144E+22
   0.60339E+04   0.21861E+04   0.32490E+01   0.48151E+22
   0.60351E+04   0.21866E+04   0.32495E+01   0.48159E+22
   0.60364E+04   0.21870E+04   0.32500E+01   0.48166E+22
   0.60377E+04   0.21875E+04   0.32505E+01   0.48173E+22
   0.60389E+04   0.21880E+04   0.32510E+01   0.48180E+22
   0.60402E+04   0.21884E+04   0.32515E+01   0.48187E+22
   0.60415E+04   0.21889E+04   0.32520E+01   0.48195E+22
   0.60427E+04   0.21894E+04   0.32525E+01   0.48202E+22
   0.60440E+04   0.21898E+04   0.32530E+01   0.48209E+22
   0.60453E+04   0.21903E+04   0.32535E+01   0.48216E+22
   0.60465E+04   0.21908E+04   0.32540E+01   0.48223E+22
   0.60478E+04   0.21912E+04   0.32545E+01   0.48231E+22
   0.60491E+04   0.21917E+04   0.32550E+01   0.48238E+22
   0.60503E+04   0.21922E+04   0.32555E+01   0.48245E+22
   0.60516E+04   0.21926E+04   0.32560E+01   0.48252E+22
   0.60528E+04   0.21931E+04   0.32565E+01   0.48259E+22
   0.60541E+04   0.21936E+04   0.32570E+01   0.48267E+22
   0.60554E+04   0.21940E+04   0.32575E+01   0.48274E+22
   0.60566E+04   0.21945E+04   0.32580E+01   0.48281E+22
   0.60579E+04   0.21950E+04   0.32585E+01   0.48288E+22
   0.60592E+04   0.21954E+04   0.32590E+01   0.48295E+22
   0.60604E+04   0.21959E+04   0.32595E+01   0.48303E+22
   0.60617E+04   0.21964E+04   0.32600E+01   0.48310E+22
   0.60630E+04   0.21968E+04   0.32605E+01   0.48317E+22
   0.60642E+04   0.21973E+04   0.32610E+01   0.48324E+22
   0.60655E+04   0.21978E+04   0.32615E+01   0.48331E+22
   0.60668E+04   0.21982E+04   0.32620E+01   0.48339E+22
   0.60680E+04   0.21987E+04   0.32625E+01   0.48346E+22
   0.60693E+04   0.21992E+04   0.32630E+01   0.48353E+22
   0.60706E+04   0.21996E+04   0.32635E+01   0.48360E+22
   0.60718E+04   0.22001E+04   0.32640E+01   0.48367E+22
   0.60731E+04   0.22006E+04   0.32645E+01   0.48375E+22
   0.60744E+04   0.22010E+04   0.32650E+01   0.48382E+22
   0.60757E+04   0.22015E+04   0.32655E+01   0.48389E+22
   0.60769E+04   0.22020E+04   0.32660E+01   0.48396E+22
   0.60782E+04   0.22024E+04   0.32665E+01   0.48403E+22
   0.60795E+04   0.22029E+04   0.32670E+01   0.48411E+22
   0.60807E+04   0.22034E+04   0.32675E+01   0.48418E+22
   0.60820E+04   0.22038E+04   0.32680E+01   0.48425E+22
   0.60833E+04   0.22043E+04   0.32685E+01   0.48432E+22
   0.60845E+04   0.22048E+04   0.32690E+01   0.48439E+22
   0.60858E+04   0.22052E+04   0.32695E+01   0.48447E+22
   0.60871E+04   0.22057E+04   0.32700E+01   0.48454E+22
   0.60883E+04   0.22062E+04   0.32705E+01   0.48461E+22
   0.60896E+04   0.22066E+04   0.32710E+01   0.48468E+22
   0.60909E+04   0.22071E+04   0.32715E+01   0.48475E+22
   0.60921E+04   0.22076E+04   0.32720E+01   0.48483E+22
   0.60934E+04   0.22080E+04   0.32725E+01   0.48490E+22
   0.60947E+04   0.22085E+04   0.32730E+01   0.48497E+22
   0.60959E+04   0.22090E+04   0.32735E+01   0.48504E+22
   0.60972E+04   0.22094E+04   0.32740E+01   0.48511E+22
   0.60985E+04   0.22099E+04   0.32745E+01   0.48519E+22
   0.60997E+04   0.22104E+04   0.32750E+01   0.48526E+22
   0.61010E+04   0.22108E+04   0.32755E+01   0.48533E+22
   0.61023E+04   0.22113E+04   0.32760E+01   0.48540E+22
   0.61036E+04   0.22118E+04   0.32765E+01   0.48547E+22
   0.61048E+04   0.22122E+04   0.32770E+01   0.48555E+22
   0.61061E+04   0.22127E+04   0.32775E+01   0.48562E+22
   0.61074E+04   0.22132E+04   0.32780E+01   0.48569E+22
   0.61086E+04   0.22136E+04   0.32785E+01   0.48576E+22
   0.61099E+04   0.22141E+04   0.32790E+01   0.48583E+22
   0.61112E+04   0.22146E+04   0.32795E+01   0.48591E+22
   0.61124E+04   0.22150E+04   0.32800E+01   0.48598E+22
   0.61137E+04   0.22155E+04   0.32805E+01   0.48605E+22
   0.61150E+04   0.22160E+04   0.32810E+01   0.48612E+22
   0.61162E+04   0.22165E+04   0.32815E+01   0.48619E+22
   0.61175E+04   0.22169E+04   0.32820E+01   0.48627E+22
   0.61188E+04   0.22174E+04   0.32825E+01   0.48634E+22
   0.61201E+04   0.22179E+04   0.32830E+01   0.48641E+22
   0.61213E+04   0.22183E+04   0.32835E+01   0.48648E+22
   0.61226E+04   0.22188E+04   0.32840E+01   0.48655E+22
   0.61239E+04   0.22193E+04   0.32845E+01   0.48663E+22
   0.61251E+04   0.22197E+04   0.32850E+01   0.48670E+22
   0.61264E+04   0.22202E+04   0.32855E+01   0.48677E+22
   0.61277E+04   0.22207E+04   0.32860E+01   0.48684E+22
   0.61289E+04   0.22211E+04   0.32865E+01   0.48691E+22
   0.61302E+04   0.22216E+04   0.32870E+01   0.48699E+22
   0.61315E+04   0.22221E+04   0.32875E+01   0.48706E+22
   0.61328E+04   0.22225E+04   0.32880E+01   0.48713E+22
   0.61340E+04   0.22230E+04   0.32885E+01   0.48720E+22
   0.61353E+04   0.22235E+04   0.32890E+01   0.48727E+22
   0.61366E+04   0.22239E+04   0.32895E+01   0.48735E+22
   0.61378E+04   0.22244E+04   0.32900E+01   0.48742E+22
   0.61391E+04   0.22249E+04   0.32905E+01   0.48749E+22
   0.61404E+04   0.22253E+04   0.32910E+01   0.48756E+22
   0.61417E+04   0.22258E+04   0.32915E+01   0.48764E+22
   0.61429E+04   0.22263E+04   0.32920E+01   0.48771E+22
   0.61442E+04   0.22267E+04   0.32925E+01   0.48778E+22
   0.61455E+04   0.22272E+04   0.32930E+01   0.48785E+22
   0.61467E+04   0.22277E+04   0.32935E+01   0.48792E+22
   0.61480E+04   0.22281E+04   0.32940E+01   0.48800E+22
   0.61493E+04   0.22286E+04   0.32945E+01   0.48807E+22
   0.61505E+04   0.22291E+04   0.32950E+01   0.48814E+22
   0.61518E+04   0.22296E+04   0.32955E+01   0.48821E+22
   0.61531E+04   0.22300E+04   0.32960E+01   0.48828E+22
   0.61544E+04   0.22305E+04   0.32965E+01   0.48836E+22
   0.61556E+04   0.22310E+04   0.32970E+01   0.48843E+22
   0.61569E+04   0.22314E+04   0.32975E+01   0.48850E+22
   0.61582E+04   0.22319E+04   0.32980E+01   0.48857E+22
   0.61595E+04   0.22324E+04   0.32985E+01   0.48864E+22
   0.61607E+04   0.22328E+04   0.32990E+01   0.48872E+22
   0.61620E+04   0.22333E+04   0.32995E+01   0.48879E+22
   0.61633E+04   0.22338E+04   0.33000E+01   0.48886E+22
   0.61645E+04   0.22342E+04   0.33005E+01   0.48893E+22
   0.61658E+04   0.22347E+04   0.33010E+01   0.48900E+22
   0.61671E+04   0.22352E+04   0.33015E+01   0.48908E+22
   0.61684E+04   0.22356E+04   0.33020E+01   0.48915E+22
   0.61696E+04   0.22361E+04   0.33025E+01   0.48922E+22
   0.61709E+04   0.22366E+04   0.33030E+01   0.48929E+22
   0.61722E+04   0.22371E+04   0.33035E+01   0.48936E+22
   0.61734E+04   0.22375E+04   0.33040E+01   0.48944E+22
   0.61747E+04   0.22380E+04   0.33045E+01   0.48951E+22
   0.61760E+04   0.22385E+04   0.33050E+01   0.48958E+22
   0.61773E+04   0.22389E+04   0.33055E+01   0.48965E+22
   0.61785E+04   0.22394E+04   0.33060E+01   0.48972E+22
   0.61798E+04   0.22399E+04   0.33065E+01   0.48980E+22
   0.61811E+04   0.22403E+04   0.33070E+01   0.48987E+22
   0.61824E+04   0.22408E+04   0.33075E+01   0.48994E+22
   0.61836E+04   0.22413E+04   0.33080E+01   0.49001E+22
   0.61849E+04   0.22417E+04   0.33085E+01   0.49008E+22
   0.61862E+04   0.22422E+04   0.33090E+01   0.49016E+22
   0.61875E+04   0.22427E+04   0.33095E+01   0.49023E+22
   0.61887E+04   0.22431E+04   0.33100E+01   0.49030E+22
   0.61900E+04   0.22436E+04   0.33105E+01   0.49037E+22
   0.61913E+04   0.22441E+04   0.33110E+01   0.49044E+22
   0.61926E+04   0.22446E+04   0.33115E+01   0.49052E+22
   0.61938E+04   0.22450E+04   0.33120E+01   0.49059E+22
   0.61951E+04   0.22455E+04   0.33125E+01   0.49066E+22
   0.61964E+04   0.22460E+04   0.33130E+01   0.49073E+22
   0.61976E+04   0.22464E+04   0.33135E+01   0.49080E+22
   0.61989E+04   0.22469E+04   0.33140E+01   0.49088E+22
   0.62002E+04   0.22474E+04   0.33145E+01   0.49095E+22
   0.62015E+04   0.22478E+04   0.33150E+01   0.49102E+22
   0.62027E+04   0.22483E+04   0.33155E+01   0.49109E+22
   0.62040E+04   0.22488E+04   0.33160E+01   0.49116E+22
   0.62053E+04   0.22492E+04   0.33165E+01   0.49124E+22
   0.62066E+04   0.22497E+04   0.33170E+01   0.49131E+22
   0.62078E+04   0.22502E+04   0.33175E+01   0.49138E+22
   0.62091E+04   0.22507E+04   0.33180E+01   0.49145E+22
   0.62104E+04   0.22511E+04   0.33185E+01   0.49152E+22
   0.62117E+04   0.22516E+04   0.33190E+01   0.49160E+22
   0.62129E+04   0.22521E+04   0.33195E+01   0.49167E+22
   0.62142E+04   0.22525E+04   0.33200E+01   0.49174E+22
   0.62155E+04   0.22530E+04   0.33205E+01   0.49181E+22
   0.62168E+04   0.22535E+04   0.33210E+01   0.49188E+22
   0.62180E+04   0.22539E+04   0.33215E+01   0.49196E+22
   0.62193E+04   0.22544E+04   0.33220E+01   0.49203E+22
   0.62206E+04   0.22549E+04   0.33225E+01   0.49210E+22
   0.62219E+04   0.22553E+04   0.33230E+01   0.49217E+22
   0.62231E+04   0.22558E+04   0.33235E+01   0.49225E+22
   0.62244E+04   0.22563E+04   0.33240E+01   0.49232E+22
   0.62257E+04   0.22568E+04   0.33245E+01   0.49239E+22
   0.62270E+04   0.22572E+04   0.33250E+01   0.49246E+22
   0.62282E+04   0.22577E+04   0.33255E+01   0.49253E+22
   0.62295E+04   0.22582E+04   0.33260E+01   0.49261E+22
   0.62308E+04   0.22586E+04   0.33265E+01   0.49268E+22
   0.62321E+04   0.22591E+04   0.33270E+01   0.49275E+22
   0.62334E+04   0.22596E+04   0.33275E+01   0.49282E+22
   0.62346E+04   0.22600E+04   0.33280E+01   0.49289E+22
   0.62359E+04   0.22605E+04   0.33285E+01   0.49297E+22
   0.62372E+04   0.22610E+04   0.33290E+01   0.49304E+22
   0.62385E+04   0.22614E+04   0.33295E+01   0.49311E+22
   0.62397E+04   0.22619E+04   0.33300E+01   0.49318E+22
   0.62410E+04   0.22624E+04   0.33305E+01   0.49325E+22
   0.62423E+04   0.22629E+04   0.33310E+01   0.49333E+22
   0.62436E+04   0.22633E+04   0.33315E+01   0.49340E+22
   0.62448E+04   0.22638E+04   0.33320E+01   0.49347E+22
   0.62461E+04   0.22643E+04   0.33325E+01   0.49354E+22
   0.62474E+04   0.22647E+04   0.33330E+01   0.49361E+22
   0.62487E+04   0.22652E+04   0.33335E+01   0.49369E+22
   0.62499E+04   0.22657E+04   0.33340E+01   0.49376E+22
   0.62512E+04   0.22661E+04   0.33345E+01   0.49383E+22
   0.62525E+04   0.22666E+04   0.33350E+01   0.49390E+22
   0.62538E+04   0.22671E+04   0.33355E+01   0.49397E+22
   0.62551E+04   0.22676E+04   0.33360E+01   0.49405E+22
   0.62563E+04   0.22680E+04   0.33365E+01   0.49412E+22
   0.62576E+04   0.22685E+04   0.33370E+01   0.49419E+22
   0.62589E+04   0.22690E+04   0.33375E+01   0.49426E+22
   0.62602E+04   0.22694E+04   0.33380E+01   0.49433E+22
   0.62614E+04   0.22699E+04   0.33385E+01   0.49441E+22
   0.62627E+04   0.22704E+04   0.33390E+01   0.49448E+22
   0.62640E+04   0.22709E+04   0.33395E+01   0.49455E+22
   0.62653E+04   0.22713E+04   0.33400E+01   0.49462E+22
   0.62666E+04   0.22718E+04   0.33405E+01   0.49469E+22
   0.62678E+04   0.22723E+04   0.33410E+01   0.49477E+22
   0.62691E+04   0.22727E+04   0.33415E+01   0.49484E+22
   0.62704E+04   0.22732E+04   0.33420E+01   0.49491E+22
   0.62717E+04   0.22737E+04   0.33425E+01   0.49498E+22
   0.62729E+04   0.22741E+04   0.33430E+01   0.49505E+22
   0.62742E+04   0.22746E+04   0.33435E+01   0.49513E+22
   0.62755E+04   0.22751E+04   0.33440E+01   0.49520E+22
   0.62768E+04   0.22756E+04   0.33445E+01   0.49527E+22
   0.62781E+04   0.22760E+04   0.33450E+01   0.49534E+22
   0.62793E+04   0.22765E+04   0.33455E+01   0.49541E+22
   0.62806E+04   0.22770E+04   0.33460E+01   0.49549E+22
   0.62819E+04   0.22774E+04   0.33465E+01   0.49556E+22
   0.62832E+04   0.22779E+04   0.33470E+01   0.49563E+22
   0.62845E+04   0.22784E+04   0.33475E+01   0.49570E+22
   0.62857E+04   0.22788E+04   0.33480E+01   0.49578E+22
   0.62870E+04   0.22793E+04   0.33485E+01   0.49585E+22
   0.62883E+04   0.22798E+04   0.33490E+01   0.49592E+22
   0.62896E+04   0.22803E+04   0.33495E+01   0.49599E+22
   0.62909E+04   0.22807E+04   0.33500E+01   0.49606E+22
   0.62921E+04   0.22812E+04   0.33505E+01   0.49614E+22
   0.62934E+04   0.22817E+04   0.33510E+01   0.49621E+22
   0.62947E+04   0.22821E+04   0.33515E+01   0.49628E+22
   0.62960E+04   0.22826E+04   0.33520E+01   0.49635E+22
   0.62972E+04   0.22831E+04   0.33525E+01   0.49642E+22
   0.62985E+04   0.22836E+04   0.33530E+01   0.49650E+22
   0.62998E+04   0.22840E+04   0.33535E+01   0.49657E+22
   0.63011E+04   0.22845E+04   0.33540E+01   0.49664E+22
   0.63024E+04   0.22850E+04   0.33545E+01   0.49671E+22
   0.63036E+04   0.22854E+04   0.33550E+01   0.49678E+22
   0.63049E+04   0.22859E+04   0.33555E+01   0.49686E+22
   0.63062E+04   0.22864E+04   0.33560E+01   0.49693E+22
   0.63075E+04   0.22869E+04   0.33565E+01   0.49700E+22
   0.63088E+04   0.22873E+04   0.33570E+01   0.49707E+22
   0.63100E+04   0.22878E+04   0.33575E+01   0.49714E+22
   0.63113E+04   0.22883E+04   0.33580E+01   0.49722E+22
   0.63126E+04   0.22887E+04   0.33585E+01   0.49729E+22
   0.63139E+04   0.22892E+04   0.33590E+01   0.49736E+22
   0.63152E+04   0.22897E+04   0.33595E+01   0.49743E+22
   0.63165E+04   0.22901E+04   0.33600E+01   0.49750E+22
   0.63177E+04   0.22906E+04   0.33605E+01   0.49758E+22
   0.63190E+04   0.22911E+04   0.33610E+01   0.49765E+22
   0.63203E+04   0.22916E+04   0.33615E+01   0.49772E+22
   0.63216E+04   0.22920E+04   0.33620E+01   0.49779E+22
   0.63229E+04   0.22925E+04   0.33625E+01   0.49786E+22
   0.63241E+04   0.22930E+04   0.33630E+01   0.49794E+22
   0.63254E+04   0.22934E+04   0.33635E+01   0.49801E+22
   0.63267E+04   0.22939E+04   0.33640E+01   0.49808E+22
   0.63280E+04   0.22944E+04   0.33645E+01   0.49815E+22
   0.63293E+04   0.22949E+04   0.33650E+01   0.49822E+22
   0.63305E+04   0.22953E+04   0.33655E+01   0.49830E+22
   0.63318E+04   0.22958E+04   0.33660E+01   0.49837E+22
   0.63331E+04   0.22963E+04   0.33665E+01   0.49844E+22
   0.63344E+04   0.22967E+04   0.33670E+01   0.49851E+22
   0.63357E+04   0.22972E+04   0.33675E+01   0.49858E+22
   0.63370E+04   0.22977E+04   0.33680E+01   0.49866E+22
   0.63382E+04   0.22982E+04   0.33685E+01   0.49873E+22
   0.63395E+04   0.22986E+04   0.33690E+01   0.49880E+22
   0.63408E+04   0.22991E+04   0.33695E+01   0.49887E+22
   0.63421E+04   0.22996E+04   0.33700E+01   0.49895E+22
   0.63434E+04   0.23000E+04   0.33705E+01   0.49902E+22
   0.63446E+04   0.23005E+04   0.33710E+01   0.49909E+22
   0.63459E+04   0.23010E+04   0.33715E+01   0.49916E+22
   0.63472E+04   0.23015E+04   0.33720E+01   0.49923E+22
   0.63485E+04   0.23019E+04   0.33725E+01   0.49931E+22
   0.63498E+04   0.23024E+04   0.33730E+01   0.49938E+22
   0.63511E+04   0.23029E+04   0.33735E+01   0.49945E+22
   0.63523E+04   0.23033E+04   0.33740E+01   0.49952E+22
   0.63536E+04   0.23038E+04   0.33745E+01   0.49959E+22
   0.63549E+04   0.23043E+04   0.33750E+01   0.49967E+22
   0.63562E+04   0.23048E+04   0.33755E+01   0.49974E+22
   0.63575E+04   0.23052E+04   0.33760E+01   0.49981E+22
   0.63588E+04   0.23057E+04   0.33765E+01   0.49988E+22
   0.63600E+04   0.23062E+04   0.33770E+01   0.49995E+22
   0.63613E+04   0.23067E+04   0.33775E+01   0.50003E+22
   0.63626E+04   0.23071E+04   0.33780E+01   0.50010E+22
   0.63639E+04   0.23076E+04   0.33785E+01   0.50017E+22
   0.63652E+04   0.23081E+04   0.33790E+01   0.50024E+22
   0.63665E+04   0.23085E+04   0.33795E+01   0.50031E+22
   0.63677E+04   0.23090E+04   0.33800E+01   0.50039E+22
   0.63690E+04   0.23095E+04   0.33805E+01   0.50046E+22
   0.63703E+04   0.23100E+04   0.33810E+01   0.50053E+22
   0.63716E+04   0.23104E+04   0.33815E+01   0.50060E+22
   0.63729E+04   0.23109E+04   0.33820E+01   0.50067E+22
   0.63742E+04   0.23114E+04   0.33825E+01   0.50075E+22
   0.63754E+04   0.23118E+04   0.33830E+01   0.50082E+22
   0.63767E+04   0.23123E+04   0.33835E+01   0.50089E+22
   0.63780E+04   0.23128E+04   0.33840E+01   0.50096E+22
   0.63793E+04   0.23133E+04   0.33845E+01   0.50103E+22
   0.63806E+04   0.23137E+04   0.33850E+01   0.50111E+22
   0.63819E+04   0.23142E+04   0.33855E+01   0.50118E+22
   0.63831E+04   0.23147E+04   0.33860E+01   0.50125E+22
   0.63844E+04   0.23151E+04   0.33865E+01   0.50132E+22
   0.63857E+04   0.23156E+04   0.33870E+01   0.50139E+22
   0.63870E+04   0.23161E+04   0.33875E+01   0.50147E+22
   0.63883E+04   0.23166E+04   0.33880E+01   0.50154E+22
   0.63896E+04   0.23170E+04   0.33885E+01   0.50161E+22
   0.63909E+04   0.23175E+04   0.33890E+01   0.50168E+22
   0.63921E+04   0.23180E+04   0.33895E+01   0.50175E+22
   0.63934E+04   0.23185E+04   0.33900E+01   0.50183E+22
   0.63947E+04   0.23189E+04   0.33905E+01   0.50190E+22
   0.63960E+04   0.23194E+04   0.33910E+01   0.50197E+22
   0.63973E+04   0.23199E+04   0.33915E+01   0.50204E+22
   0.63986E+04   0.23203E+04   0.33920E+01   0.50212E+22
   0.63998E+04   0.23208E+04   0.33925E+01   0.50219E+22
   0.64011E+04   0.23213E+04   0.33930E+01   0.50226E+22
   0.64024E+04   0.23218E+04   0.33935E+01   0.50233E+22
   0.64037E+04   0.23222E+04   0.33940E+01   0.50240E+22
   0.64050E+04   0.23227E+04   0.33945E+01   0.50248E+22
   0.64063E+04   0.23232E+04   0.33950E+01   0.50255E+22
   0.64076E+04   0.23237E+04   0.33955E+01   0.50262E+22
   0.64088E+04   0.23241E+04   0.33960E+01   0.50269E+22
   0.64101E+04   0.23246E+04   0.33965E+01   0.50276E+22
   0.64114E+04   0.23251E+04   0.33970E+01   0.50284E+22
   0.64127E+04   0.23255E+04   0.33975E+01   0.50291E+22
   0.64140E+04   0.23260E+04   0.33980E+01   0.50298E+22
   0.64153E+04   0.23265E+04   0.33985E+01   0.50305E+22
   0.64166E+04   0.23270E+04   0.33990E+01   0.50312E+22
   0.64178E+04   0.23274E+04   0.33995E+01   0.50320E+22
   0.64191E+04   0.23279E+04   0.34000E+01   0.50327E+22
   0.64204E+04   0.23284E+04   0.34005E+01   0.50334E+22
   0.64217E+04   0.23289E+04   0.34010E+01   0.50341E+22
   0.64230E+04   0.23293E+04   0.34015E+01   0.50348E+22
   0.64243E+04   0.23298E+04   0.34020E+01   0.50356E+22
   0.64256E+04   0.23303E+04   0.34025E+01   0.50363E+22
   0.64269E+04   0.23307E+04   0.34030E+01   0.50370E+22
   0.64281E+04   0.23312E+04   0.34035E+01   0.50377E+22
   0.64294E+04   0.23317E+04   0.34040E+01   0.50384E+22
   0.64307E+04   0.23322E+04   0.34045E+01   0.50392E+22
   0.64320E+04   0.23326E+04   0.34050E+01   0.50399E+22
   0.64333E+04   0.23331E+04   0.34055E+01   0.50406E+22
   0.64346E+04   0.23336E+04   0.34060E+01   0.50413E+22
   0.64359E+04   0.23341E+04   0.34065E+01   0.50420E+22
   0.64372E+04   0.23345E+04   0.34070E+01   0.50428E+22
   0.64384E+04   0.23350E+04   0.34075E+01   0.50435E+22
   0.64397E+04   0.23355E+04   0.34080E+01   0.50442E+22
   0.64410E+04   0.23359E+04   0.34085E+01   0.50449E+22
   0.64423E+04   0.23364E+04   0.34090E+01   0.50457E+22
   0.64436E+04   0.23369E+04   0.34095E+01   0.50464E+22
   0.64449E+04   0.23374E+04   0.34100E+01   0.50471E+22
   0.64462E+04   0.23378E+04   0.34105E+01   0.50478E+22
   0.64475E+04   0.23383E+04   0.34110E+01   0.50485E+22
   0.64487E+04   0.23388E+04   0.34115E+01   0.50493E+22
   0.64500E+04   0.23393E+04   0.34120E+01   0.50500E+22
   0.64513E+04   0.23397E+04   0.34125E+01   0.50507E+22
   0.64526E+04   0.23402E+04   0.34130E+01   0.50514E+22
   0.64539E+04   0.23407E+04   0.34135E+01   0.50521E+22
   0.64552E+04   0.23412E+04   0.34140E+01   0.50529E+22
   0.64565E+04   0.23416E+04   0.34145E+01   0.50536E+22
   0.64578E+04   0.23421E+04   0.34150E+01   0.50543E+22
   0.64590E+04   0.23426E+04   0.34155E+01   0.50550E+22
   0.64603E+04   0.23430E+04   0.34160E+01   0.50557E+22
   0.64616E+04   0.23435E+04   0.34165E+01   0.50565E+22
   0.64629E+04   0.23440E+04   0.34170E+01   0.50572E+22
   0.64642E+04   0.23445E+04   0.34175E+01   0.50579E+22
   0.64655E+04   0.23449E+04   0.34180E+01   0.50586E+22
   0.64668E+04   0.23454E+04   0.34185E+01   0.50593E+22
   0.64681E+04   0.23459E+04   0.34190E+01   0.50601E+22
   0.64694E+04   0.23464E+04   0.34195E+01   0.50608E+22
   0.64706E+04   0.23468E+04   0.34200E+01   0.50615E+22
   0.64719E+04   0.23473E+04   0.34205E+01   0.50622E+22
   0.64732E+04   0.23478E+04   0.34210E+01   0.50629E+22
   0.64745E+04   0.23483E+04   0.34215E+01   0.50637E+22
   0.64758E+04   0.23487E+04   0.34220E+01   0.50644E+22
   0.64771E+04   0.23492E+04   0.34225E+01   0.50651E+22
   0.64784E+04   0.23497E+04   0.34230E+01   0.50658E+22
   0.64797E+04   0.23502E+04   0.34235E+01   0.50665E+22
   0.64810E+04   0.23506E+04   0.34240E+01   0.50673E+22
   0.64822E+04   0.23511E+04   0.34245E+01   0.50680E+22
   0.64835E+04   0.23516E+04   0.34250E+01   0.50687E+22
   0.64848E+04   0.23521E+04   0.34255E+01   0.50694E+22
   0.64861E+04   0.23525E+04   0.34260E+01   0.50702E+22
   0.64874E+04   0.23530E+04   0.34265E+01   0.50709E+22
   0.64887E+04   0.23535E+04   0.34270E+01   0.50716E+22
   0.64900E+04   0.23539E+04   0.34275E+01   0.50723E+22
   0.64913E+04   0.23544E+04   0.34280E+01   0.50730E+22
   0.64926E+04   0.23549E+04   0.34285E+01   0.50738E+22
   0.64939E+04   0.23554E+04   0.34290E+01   0.50745E+22
   0.64952E+04   0.23558E+04   0.34295E+01   0.50752E+22
   0.64964E+04   0.23563E+04   0.34300E+01   0.50759E+22
   0.64977E+04   0.23568E+04   0.34305E+01   0.50766E+22
   0.64990E+04   0.23573E+04   0.34310E+01   0.50774E+22
   0.65003E+04   0.23577E+04   0.34315E+01   0.50781E+22
   0.65016E+04   0.23582E+04   0.34320E+01   0.50788E+22
   0.65029E+04   0.23587E+04   0.34325E+01   0.50795E+22
   0.65042E+04   0.23592E+04   0.34330E+01   0.50802E+22
   0.65055E+04   0.23596E+04   0.34335E+01   0.50810E+22
   0.65068E+04   0.23601E+04   0.34340E+01   0.50817E+22
   0.65081E+04   0.23606E+04   0.34345E+01   0.50824E+22
   0.65093E+04   0.23611E+04   0.34350E+01   0.50831E+22
   0.65106E+04   0.23615E+04   0.34355E+01   0.50838E+22
   0.65119E+04   0.23620E+04   0.34360E+01   0.50846E+22
   0.65132E+04   0.23625E+04   0.34365E+01   0.50853E+22
   0.65145E+04   0.23630E+04   0.34370E+01   0.50860E+22
   0.65158E+04   0.23634E+04   0.34375E+01   0.50867E+22
   0.65171E+04   0.23639E+04   0.34380E+01   0.50874E+22
   0.65184E+04   0.23644E+04   0.34385E+01   0.50882E+22
   0.65197E+04   0.23649E+04   0.34390E+01   0.50889E+22
   0.65210E+04   0.23653E+04   0.34395E+01   0.50896E+22
   0.65223E+04   0.23658E+04   0.34400E+01   0.50903E+22
   0.65236E+04   0.23663E+04   0.34405E+01   0.50911E+22
   0.65248E+04   0.23668E+04   0.34410E+01   0.50918E+22
   0.65261E+04   0.23672E+04   0.34415E+01   0.50925E+22
   0.65274E+04   0.23677E+04   0.34420E+01   0.50932E+22
   0.65287E+04   0.23682E+04   0.34425E+01   0.50939E+22
   0.65300E+04   0.23687E+04   0.34430E+01   0.50947E+22
   0.65313E+04   0.23691E+04   0.34435E+01   0.50954E+22
   0.65326E+04   0.23696E+04   0.34440E+01   0.50961E+22
   0.65339E+04   0.23701E+04   0.34445E+01   0.50968E+22
   0.65352E+04   0.23706E+04   0.34450E+01   0.50975E+22
   0.65365E+04   0.23710E+04   0.34455E+01   0.50983E+22
   0.65378E+04   0.23715E+04   0.34460E+01   0.50990E+22
   0.65391E+04   0.23720E+04   0.34465E+01   0.50997E+22
   0.65404E+04   0.23725E+04   0.34470E+01   0.51004E+22
   0.65417E+04   0.23729E+04   0.34475E+01   0.51011E+22
   0.65429E+04   0.23734E+04   0.34480E+01   0.51019E+22
   0.65442E+04   0.23739E+04   0.34485E+01   0.51026E+22
   0.65455E+04   0.23744E+04   0.34490E+01   0.51033E+22
   0.65468E+04   0.23748E+04   0.34495E+01   0.51040E+22
   0.65481E+04   0.23753E+04   0.34500E+01   0.51047E+22
   0.65494E+04   0.23758E+04   0.34505E+01   0.51055E+22
   0.65507E+04   0.23763E+04   0.34510E+01   0.51062E+22
   0.65520E+04   0.23767E+04   0.34515E+01   0.51069E+22
   0.65533E+04   0.23772E+04   0.34520E+01   0.51076E+22
   0.65546E+04   0.23777E+04   0.34525E+01   0.51083E+22
   0.65559E+04   0.23782E+04   0.34530E+01   0.51091E+22
   0.65572E+04   0.23786E+04   0.34535E+01   0.51098E+22
   0.65585E+04   0.23791E+04   0.34540E+01   0.51105E+22
   0.65598E+04   0.23796E+04   0.34545E+01   0.51112E+22
   0.65611E+04   0.23801E+04   0.34550E+01   0.51120E+22
   0.65623E+04   0.23805E+04   0.34555E+01   0.51127E+22
   0.65636E+04   0.23810E+04   0.34560E+01   0.51134E+22
   0.65649E+04   0.23815E+04   0.34565E+01   0.51141E+22
   0.65662E+04   0.23820E+04   0.34570E+01   0.51148E+22
   0.65675E+04   0.23824E+04   0.34575E+01   0.51156E+22
   0.65688E+04   0.23829E+04   0.34580E+01   0.51163E+22
   0.65701E+04   0.23834E+04   0.34585E+01   0.51170E+22
   0.65714E+04   0.23839E+04   0.34590E+01   0.51177E+22
   0.65727E+04   0.23843E+04   0.34595E+01   0.51184E+22
   0.65740E+04   0.23848E+04   0.34600E+01   0.51192E+22
   0.65753E+04   0.23853E+04   0.34605E+01   0.51199E+22
   0.65766E+04   0.23858E+04   0.34610E+01   0.51206E+22
   0.65779E+04   0.23862E+04   0.34615E+01   0.51213E+22
   0.65792E+04   0.23867E+04   0.34620E+01   0.51220E+22
   0.65805E+04   0.23872E+04   0.34625E+01   0.51228E+22
   0.65818E+04   0.23877E+04   0.34630E+01   0.51235E+22
   0.65831E+04   0.23881E+04   0.34635E+01   0.51242E+22
   0.65844E+04   0.23886E+04   0.34640E+01   0.51249E+22
   0.65856E+04   0.23891E+04   0.34645E+01   0.51256E+22
   0.65869E+04   0.23896E+04   0.34650E+01   0.51264E+22
   0.65882E+04   0.23900E+04   0.34655E+01   0.51271E+22
   0.65895E+04   0.23905E+04   0.34660E+01   0.51278E+22
   0.65908E+04   0.23910E+04   0.34665E+01   0.51285E+22
   0.65921E+04   0.23915E+04   0.34670E+01   0.51292E+22
   0.65934E+04   0.23919E+04   0.34675E+01   0.51300E+22
   0.65947E+04   0.23924E+04   0.34680E+01   0.51307E+22
   0.65960E+04   0.23929E+04   0.34685E+01   0.51314E+22
   0.65973E+04   0.23934E+04   0.34690E+01   0.51321E+22
   0.65986E+04   0.23938E+04   0.34695E+01   0.51329E+22
   0.65999E+04   0.23943E+04   0.34700E+01   0.51336E+22
   0.66012E+04   0.23948E+04   0.34705E+01   0.51343E+22
   0.66025E+04   0.23953E+04   0.34710E+01   0.51350E+22
   0.66038E+04   0.23957E+04   0.34715E+01   0.51357E+22
   0.66051E+04   0.23962E+04   0.34720E+01   0.51365E+22
   0.66064E+04   0.23967E+04   0.34725E+01   0.51372E+22
   0.66077E+04   0.23972E+04   0.34730E+01   0.51379E+22
   0.66090E+04   0.23976E+04   0.34735E+01   0.51386E+22
   0.66103E+04   0.23981E+04   0.34740E+01   0.51393E+22
   0.66116E+04   0.23986E+04   0.34745E+01   0.51401E+22
   0.66129E+04   0.23991E+04   0.34750E+01   0.51408E+22
   0.66142E+04   0.23996E+04   0.34755E+01   0.51415E+22
   0.66155E+04   0.24000E+04   0.34760E+01   0.51422E+22
   0.66168E+04   0.24005E+04   0.34765E+01   0.51429E+22
   0.66181E+04   0.24010E+04   0.34770E+01   0.51437E+22
   0.66193E+04   0.24015E+04   0.34775E+01   0.51444E+22
   0.66206E+04   0.24019E+04   0.34780E+01   0.51451E+22
   0.66219E+04   0.24024E+04   0.34785E+01   0.51458E+22
   0.66232E+04   0.24029E+04   0.34790E+01   0.51465E+22
   0.66245E+04   0.24034E+04   0.34795E+01   0.51473E+22
   0.66258E+04   0.24038E+04   0.34800E+01   0.51480E+22
   0.66271E+04   0.24043E+04   0.34805E+01   0.51487E+22
   0.66284E+04   0.24048E+04   0.34810E+01   0.51494E+22
   0.66297E+04   0.24053E+04   0.34815E+01   0.51501E+22
   0.66310E+04   0.24057E+04   0.34820E+01   0.51509E+22
   0.66323E+04   0.24062E+04   0.34825E+01   0.51516E+22
   0.66336E+04   0.24067E+04   0.34830E+01   0.51523E+22
   0.66349E+04   0.24072E+04   0.34835E+01   0.51530E+22
   0.66362E+04   0.24076E+04   0.34840E+01   0.51538E+22
   0.66375E+04   0.24081E+04   0.34845E+01   0.51545E+22
   0.66388E+04   0.24086E+04   0.34850E+01   0.51552E+22
   0.66401E+04   0.24091E+04   0.34855E+01   0.51559E+22
   0.66414E+04   0.24096E+04   0.34860E+01   0.51566E+22
   0.66427E+04   0.24100E+04   0.34865E+01   0.51574E+22
   0.66440E+04   0.24105E+04   0.34870E+01   0.51581E+22
   0.66453E+04   0.24110E+04   0.34875E+01   0.51588E+22
   0.66466E+04   0.24115E+04   0.34880E+01   0.51595E+22
   0.66479E+04   0.24119E+04   0.34885E+01   0.51602E+22
   0.66492E+04   0.24124E+04   0.34890E+01   0.51610E+22
   0.66505E+04   0.24129E+04   0.34895E+01   0.51617E+22
   0.66518E+04   0.24134E+04   0.34900E+01   0.51624E+22
   0.66531E+04   0.24138E+04   0.34905E+01   0.51631E+22
   0.66544E+04   0.24143E+04   0.34910E+01   0.51638E+22
   0.66557E+04   0.24148E+04   0.34915E+01   0.51646E+22
   0.66570E+04   0.24153E+04   0.34920E+01   0.51653E+22
   0.66583E+04   0.24158E+04   0.34925E+01   0.51660E+22
   0.66596E+04   0.24162E+04   0.34930E+01   0.51667E+22
   0.66609E+04   0.24167E+04   0.34935E+01   0.51674E+22
   0.66622E+04   0.24172E+04   0.34940E+01   0.51682E+22
   0.66635E+04   0.24177E+04   0.34945E+01   0.51689E+22
   0.66648E+04   0.24181E+04   0.34950E+01   0.51696E+22
   0.66661E+04   0.24186E+04   0.34955E+01   0.51703E+22
   0.66674E+04   0.24191E+04   0.34960E+01   0.51711E+22
   0.66687E+04   0.24196E+04   0.34965E+01   0.51718E+22
   0.66700E+04   0.24200E+04   0.34970E+01   0.51725E+22
   0.66713E+04   0.24205E+04   0.34975E+01   0.51732E+22
   0.66726E+04   0.24210E+04   0.34980E+01   0.51739E+22
   0.66739E+04   0.24215E+04   0.34985E+01   0.51747E+22
   0.66752E+04   0.24220E+04   0.34990E+01   0.51754E+22
   0.66765E+04   0.24224E+04   0.34995E+01   0.51761E+22
   0.66778E+04   0.24229E+04   0.35000E+01   0.51768E+22
   0.66791E+04   0.24234E+04   0.35005E+01   0.51775E+22
   0.66804E+04   0.24239E+04   0.35010E+01   0.51783E+22
   0.66817E+04   0.24243E+04   0.35015E+01   0.51790E+22
   0.66830E+04   0.24248E+04   0.35020E+01   0.51797E+22
   0.66843E+04   0.24253E+04   0.35025E+01   0.51804E+22
   0.66856E+04   0.24258E+04   0.35030E+01   0.51811E+22
   0.66869E+04   0.24262E+04   0.35035E+01   0.51819E+22
   0.66882E+04   0.24267E+04   0.35040E+01   0.51826E+22
   0.66895E+04   0.24272E+04   0.35045E+01   0.51833E+22
   0.66908E+04   0.24277E+04   0.35050E+01   0.51840E+22
   0.66921E+04   0.24282E+04   0.35055E+01   0.51847E+22
   0.66934E+04   0.24286E+04   0.35060E+01   0.51855E+22
   0.66947E+04   0.24291E+04   0.35065E+01   0.51862E+22
   0.66960E+04   0.24296E+04   0.35070E+01   0.51869E+22
   0.66973E+04   0.24301E+04   0.35075E+01   0.51876E+22
   0.66986E+04   0.24305E+04   0.35080E+01   0.51884E+22
   0.66999E+04   0.24310E+04   0.35085E+01   0.51891E+22
   0.67012E+04   0.24315E+04   0.35090E+01   0.51898E+22
   0.67025E+04   0.24320E+04   0.35095E+01   0.51905E+22
   0.67038E+04   0.24325E+04   0.35100E+01   0.51912E+22
   0.67051E+04   0.24329E+04   0.35105E+01   0.51920E+22
   0.67064E+04   0.24334E+04   0.35110E+01   0.51927E+22
   0.67077E+04   0.24339E+04   0.35115E+01   0.51934E+22
   0.67090E+04   0.24344E+04   0.35120E+01   0.51941E+22
   0.67103E+04   0.24348E+04   0.35125E+01   0.51948E+22
   0.67116E+04   0.24353E+04   0.35130E+01   0.51956E+22
   0.67129E+04   0.24358E+04   0.35135E+01   0.51963E+22
   0.67142E+04   0.24363E+04   0.35140E+01   0.51970E+22
   0.67155E+04   0.24368E+04   0.35145E+01   0.51977E+22
   0.67168E+04   0.24372E+04   0.35150E+01   0.51984E+22
   0.67181E+04   0.24377E+04   0.35155E+01   0.51992E+22
   0.67194E+04   0.24382E+04   0.35160E+01   0.51999E+22
   0.67207E+04   0.24387E+04   0.35165E+01   0.52006E+22
   0.67220E+04   0.24391E+04   0.35170E+01   0.52013E+22
   0.67233E+04   0.24396E+04   0.35175E+01   0.52020E+22
   0.67246E+04   0.24401E+04   0.35180E+01   0.52028E+22
   0.67259E+04   0.24406E+04   0.35185E+01   0.52035E+22
   0.67272E+04   0.24411E+04   0.35190E+01   0.52042E+22
   0.67285E+04   0.24415E+04   0.35195E+01   0.52049E+22
   0.67298E+04   0.24420E+04   0.35200E+01   0.52057E+22
   0.67311E+04   0.24425E+04   0.35205E+01   0.52064E+22
   0.67324E+04   0.24430E+04   0.35210E+01   0.52071E+22
   0.67338E+04   0.24434E+04   0.35215E+01   0.52078E+22
   0.67351E+04   0.24439E+04   0.35220E+01   0.52085E+22
   0.67364E+04   0.24444E+04   0.35225E+01   0.52093E+22
   0.67377E+04   0.24449E+04   0.35230E+01   0.52100E+22
   0.67390E+04   0.24454E+04   0.35235E+01   0.52107E+22
   0.67403E+04   0.24458E+04   0.35240E+01   0.52114E+22
   0.67416E+04   0.24463E+04   0.35245E+01   0.52121E+22
   0.67429E+04   0.24468E+04   0.35250E+01   0.52129E+22
   0.67442E+04   0.24473E+04   0.35255E+01   0.52136E+22
   0.67455E+04   0.24477E+04   0.35260E+01   0.52143E+22
   0.67468E+04   0.24482E+04   0.35265E+01   0.52150E+22
   0.67481E+04   0.24487E+04   0.35270E+01   0.52157E+22
   0.67494E+04   0.24492E+04   0.35275E+01   0.52165E+22
   0.67507E+04   0.24497E+04   0.35280E+01   0.52172E+22
   0.67520E+04   0.24501E+04   0.35285E+01   0.52179E+22
   0.67533E+04   0.24506E+04   0.35290E+01   0.52186E+22
   0.67546E+04   0.24511E+04   0.35295E+01   0.52193E+22
   0.67559E+04   0.24516E+04   0.35300E+01   0.52201E+22
   0.67572E+04   0.24520E+04   0.35305E+01   0.52208E+22
   0.67585E+04   0.24525E+04   0.35310E+01   0.52215E+22
   0.67598E+04   0.24530E+04   0.35315E+01   0.52222E+22
   0.67611E+04   0.24535E+04   0.35320E+01   0.52230E+22
   0.67624E+04   0.24540E+04   0.35325E+01   0.52237E+22
   0.67637E+04   0.24544E+04   0.35330E+01   0.52244E+22
   0.67650E+04   0.24549E+04   0.35335E+01   0.52251E+22
   0.67663E+04   0.24554E+04   0.35340E+01   0.52258E+22
   0.67677E+04   0.24559E+04   0.35345E+01   0.52266E+22
   0.67690E+04   0.24564E+04   0.35350E+01   0.52273E+22
   0.67703E+04   0.24568E+04   0.35355E+01   0.52280E+22
   0.67716E+04   0.24573E+04   0.35360E+01   0.52287E+22
   0.67729E+04   0.24578E+04   0.35365E+01   0.52294E+22
   0.67742E+04   0.24583E+04   0.35370E+01   0.52302E+22
   0.67755E+04   0.24587E+04   0.35375E+01   0.52309E+22
   0.67768E+04   0.24592E+04   0.35380E+01   0.52316E+22
   0.67781E+04   0.24597E+04   0.35385E+01   0.52323E+22
   0.67794E+04   0.24602E+04   0.35390E+01   0.52330E+22
   0.67807E+04   0.24607E+04   0.35395E+01   0.52338E+22
   0.67820E+04   0.24611E+04   0.35400E+01   0.52345E+22
   0.67833E+04   0.24616E+04   0.35405E+01   0.52352E+22
   0.67846E+04   0.24621E+04   0.35410E+01   0.52359E+22
   0.67859E+04   0.24626E+04   0.35415E+01   0.52366E+22
   0.67872E+04   0.24631E+04   0.35420E+01   0.52374E+22
   0.67885E+04   0.24635E+04   0.35425E+01   0.52381E+22
   0.67898E+04   0.24640E+04   0.35430E+01   0.52388E+22
   0.67912E+04   0.24645E+04   0.35435E+01   0.52395E+22
   0.67925E+04   0.24650E+04   0.35440E+01   0.52403E+22
   0.67938E+04   0.24655E+04   0.35445E+01   0.52410E+22
   0.67951E+04   0.24659E+04   0.35450E+01   0.52417E+22
   0.67964E+04   0.24664E+04   0.35455E+01   0.52424E+22
   0.67977E+04   0.24669E+04   0.35460E+01   0.52431E+22
   0.67990E+04   0.24674E+04   0.35465E+01   0.52439E+22
   0.68003E+04   0.24678E+04   0.35470E+01   0.52446E+22
   0.68016E+04   0.24683E+04   0.35475E+01   0.52453E+22
   0.68029E+04   0.24688E+04   0.35480E+01   0.52460E+22
   0.68042E+04   0.24693E+04   0.35485E+01   0.52467E+22
   0.68055E+04   0.24698E+04   0.35490E+01   0.52475E+22
   0.68068E+04   0.24702E+04   0.35495E+01   0.52482E+22
   0.68081E+04   0.24707E+04   0.35500E+01   0.52489E+22
   0.68094E+04   0.24712E+04   0.35505E+01   0.52496E+22
   0.68107E+04   0.24717E+04   0.35510E+01   0.52503E+22
   0.68121E+04   0.24722E+04   0.35515E+01   0.52511E+22
   0.68134E+04   0.24726E+04   0.35520E+01   0.52518E+22
   0.68147E+04   0.24731E+04   0.35525E+01   0.52525E+22
   0.68160E+04   0.24736E+04   0.35530E+01   0.52532E+22
   0.68173E+04   0.24741E+04   0.35535E+01   0.52539E+22
   0.68186E+04   0.24746E+04   0.35540E+01   0.52547E+22
   0.68199E+04   0.24750E+04   0.35545E+01   0.52554E+22
   0.68212E+04   0.24755E+04   0.35550E+01   0.52561E+22
   0.68225E+04   0.24760E+04   0.35555E+01   0.52568E+22
   0.68238E+04   0.24765E+04   0.35560E+01   0.52576E+22
   0.68251E+04   0.24770E+04   0.35565E+01   0.52583E+22
   0.68264E+04   0.24774E+04   0.35570E+01   0.52590E+22
   0.68277E+04   0.24779E+04   0.35575E+01   0.52597E+22
   0.68291E+04   0.24784E+04   0.35580E+01   0.52604E+22
   0.68304E+04   0.24789E+04   0.35585E+01   0.52612E+22
   0.68317E+04   0.24794E+04   0.35590E+01   0.52619E+22
   0.68330E+04   0.24798E+04   0.35595E+01   0.52626E+22
   0.68343E+04   0.24803E+04   0.35600E+01   0.52633E+22
   0.68356E+04   0.24808E+04   0.35605E+01   0.52640E+22
   0.68369E+04   0.24813E+04   0.35610E+01   0.52648E+22
   0.68382E+04   0.24818E+04   0.35615E+01   0.52655E+22
   0.68395E+04   0.24822E+04   0.35620E+01   0.52662E+22
   0.68408E+04   0.24827E+04   0.35625E+01   0.52669E+22
   0.68421E+04   0.24832E+04   0.35630E+01   0.52676E+22
   0.68434E+04   0.24837E+04   0.35635E+01   0.52684E+22
   0.68448E+04   0.24841E+04   0.35640E+01   0.52691E+22
   0.68461E+04   0.24846E+04   0.35645E+01   0.52698E+22
   0.68474E+04   0.24851E+04   0.35650E+01   0.52705E+22
   0.68487E+04   0.24856E+04   0.35655E+01   0.52713E+22
   0.68500E+04   0.24861E+04   0.35660E+01   0.52720E+22
   0.68513E+04   0.24865E+04   0.35665E+01   0.52727E+22
   0.68526E+04   0.24870E+04   0.35670E+01   0.52734E+22
   0.68539E+04   0.24875E+04   0.35675E+01   0.52741E+22
   0.68552E+04   0.24880E+04   0.35680E+01   0.52749E+22
   0.68565E+04   0.24885E+04   0.35685E+01   0.52756E+22
   0.68578E+04   0.24889E+04   0.35690E+01   0.52763E+22
   0.68592E+04   0.24894E+04   0.35695E+01   0.52770E+22
   0.68605E+04   0.24899E+04   0.35700E+01   0.52777E+22
   0.68618E+04   0.24904E+04   0.35705E+01   0.52785E+22
   0.68631E+04   0.24909E+04   0.35710E+01   0.52792E+22
   0.68644E+04   0.24913E+04   0.35715E+01   0.52799E+22
   0.68657E+04   0.24918E+04   0.35720E+01   0.52806E+22
   0.68670E+04   0.24923E+04   0.35725E+01   0.52813E+22
   0.68683E+04   0.24928E+04   0.35730E+01   0.52821E+22
   0.68696E+04   0.24933E+04   0.35735E+01   0.52828E+22
   0.68709E+04   0.24938E+04   0.35740E+01   0.52835E+22
   0.68723E+04   0.24942E+04   0.35745E+01   0.52842E+22
   0.68736E+04   0.24947E+04   0.35750E+01   0.52849E+22
   0.68749E+04   0.24952E+04   0.35755E+01   0.52857E+22
   0.68762E+04   0.24957E+04   0.35760E+01   0.52864E+22
   0.68775E+04   0.24962E+04   0.35765E+01   0.52871E+22
   0.68788E+04   0.24966E+04   0.35770E+01   0.52878E+22
   0.68801E+04   0.24971E+04   0.35775E+01   0.52886E+22
   0.68814E+04   0.24976E+04   0.35780E+01   0.52893E+22
   0.68827E+04   0.24981E+04   0.35785E+01   0.52900E+22
   0.68840E+04   0.24986E+04   0.35790E+01   0.52907E+22
   0.68854E+04   0.24990E+04   0.35795E+01   0.52914E+22
   0.68867E+04   0.24995E+04   0.35800E+01   0.52922E+22
   0.68880E+04   0.25000E+04   0.35805E+01   0.52929E+22
   0.68893E+04   0.25005E+04   0.35810E+01   0.52936E+22
   0.68906E+04   0.25010E+04   0.35815E+01   0.52943E+22
   0.68919E+04   0.25014E+04   0.35820E+01   0.52950E+22
   0.68932E+04   0.25019E+04   0.35825E+01   0.52958E+22
   0.68945E+04   0.25024E+04   0.35830E+01   0.52965E+22
   0.68958E+04   0.25029E+04   0.35835E+01   0.52972E+22
   0.68972E+04   0.25034E+04   0.35840E+01   0.52979E+22
   0.68985E+04   0.25038E+04   0.35845E+01   0.52986E+22
   0.68998E+04   0.25043E+04   0.35850E+01   0.52994E+22
   0.69011E+04   0.25048E+04   0.35855E+01   0.53001E+22
   0.69024E+04   0.25053E+04   0.35860E+01   0.53008E+22
   0.69037E+04   0.25058E+04   0.35865E+01   0.53015E+22
   0.69050E+04   0.25062E+04   0.35870E+01   0.53023E+22
   0.69063E+04   0.25067E+04   0.35875E+01   0.53030E+22
   0.69077E+04   0.25072E+04   0.35880E+01   0.53037E+22
   0.69090E+04   0.25077E+04   0.35885E+01   0.53044E+22
   0.69103E+04   0.25082E+04   0.35890E+01   0.53051E+22
   0.69116E+04   0.25086E+04   0.35895E+01   0.53059E+22
   0.69129E+04   0.25091E+04   0.35900E+01   0.53066E+22
   0.69142E+04   0.25096E+04   0.35905E+01   0.53073E+22
   0.69155E+04   0.25101E+04   0.35910E+01   0.53080E+22
   0.69168E+04   0.25106E+04   0.35915E+01   0.53087E+22
   0.69182E+04   0.25111E+04   0.35920E+01   0.53095E+22
   0.69195E+04   0.25115E+04   0.35925E+01   0.53102E+22
   0.69208E+04   0.25120E+04   0.35930E+01   0.53109E+22
   0.69221E+04   0.25125E+04   0.35935E+01   0.53116E+22
   0.69234E+04   0.25130E+04   0.35940E+01   0.53123E+22
   0.69247E+04   0.25135E+04   0.35945E+01   0.53131E+22
   0.69260E+04   0.25139E+04   0.35950E+01   0.53138E+22
   0.69273E+04   0.25144E+04   0.35955E+01   0.53145E+22
   0.69287E+04   0.25149E+04   0.35960E+01   0.53152E+22
   0.69300E+04   0.25154E+04   0.35965E+01   0.53160E+22
   0.69313E+04   0.25159E+04   0.35970E+01   0.53167E+22
   0.69326E+04   0.25163E+04   0.35975E+01   0.53174E+22
   0.69339E+04   0.25168E+04   0.35980E+01   0.53181E+22
   0.69352E+04   0.25173E+04   0.35985E+01   0.53188E+22
   0.69365E+04   0.25178E+04   0.35990E+01   0.53196E+22
   0.69378E+04   0.25183E+04   0.35995E+01   0.53203E+22
   0.69392E+04   0.25188E+04   0.36000E+01   0.53210E+22
   0.69405E+04   0.25192E+04   0.36005E+01   0.53217E+22
   0.69418E+04   0.25197E+04   0.36010E+01   0.53224E+22
   0.69431E+04   0.25202E+04   0.36015E+01   0.53232E+22
   0.69444E+04   0.25207E+04   0.36020E+01   0.53239E+22
   0.69457E+04   0.25212E+04   0.36025E+01   0.53246E+22
   0.69470E+04   0.25216E+04   0.36030E+01   0.53253E+22
   0.69484E+04   0.25221E+04   0.36035E+01   0.53260E+22
   0.69497E+04   0.25226E+04   0.36040E+01   0.53268E+22
   0.69510E+04   0.25231E+04   0.36045E+01   0.53275E+22
   0.69523E+04   0.25236E+04   0.36050E+01   0.53282E+22
   0.69536E+04   0.25240E+04   0.36055E+01   0.53289E+22
   0.69549E+04   0.25245E+04   0.36060E+01   0.53297E+22
   0.69562E+04   0.25250E+04   0.36065E+01   0.53304E+22
   0.69576E+04   0.25255E+04   0.36070E+01   0.53311E+22
   0.69589E+04   0.25260E+04   0.36075E+01   0.53318E+22
   0.69602E+04   0.25265E+04   0.36080E+01   0.53325E+22
   0.69615E+04   0.25269E+04   0.36085E+01   0.53333E+22
   0.69628E+04   0.25274E+04   0.36090E+01   0.53340E+22
   0.69641E+04   0.25279E+04   0.36095E+01   0.53347E+22
   0.69654E+04   0.25284E+04   0.36100E+01   0.53354E+22
   0.69668E+04   0.25289E+04   0.36105E+01   0.53361E+22
   0.69681E+04   0.25293E+04   0.36110E+01   0.53369E+22
   0.69694E+04   0.25298E+04   0.36115E+01   0.53376E+22
   0.69707E+04   0.25303E+04   0.36120E+01   0.53383E+22
   0.69720E+04   0.25308E+04   0.36125E+01   0.53390E+22
   0.69733E+04   0.25313E+04   0.36130E+01   0.53397E+22
   0.69747E+04   0.25318E+04   0.36135E+01   0.53405E+22
   0.69760E+04   0.25322E+04   0.36140E+01   0.53412E+22
   0.69773E+04   0.25327E+04   0.36145E+01   0.53419E+22
   0.69786E+04   0.25332E+04   0.36150E+01   0.53426E+22
   0.69799E+04   0.25337E+04   0.36155E+01   0.53434E+22
   0.69812E+04   0.25342E+04   0.36160E+01   0.53441E+22
   0.69825E+04   0.25346E+04   0.36165E+01   0.53448E+22
   0.69839E+04   0.25351E+04   0.36170E+01   0.53455E+22
   0.69852E+04   0.25356E+04   0.36175E+01   0.53462E+22
   0.69865E+04   0.25361E+04   0.36180E+01   0.53470E+22
   0.69878E+04   0.25366E+04   0.36185E+01   0.53477E+22
   0.69891E+04   0.25371E+04   0.36190E+01   0.53484E+22
   0.69904E+04   0.25375E+04   0.36195E+01   0.53491E+22
   0.69918E+04   0.25380E+04   0.36200E+01   0.53498E+22
   0.69931E+04   0.25385E+04   0.36205E+01   0.53506E+22
   0.69944E+04   0.25390E+04   0.36210E+01   0.53513E+22
   0.69957E+04   0.25395E+04   0.36215E+01   0.53520E+22
   0.69970E+04   0.25399E+04   0.36220E+01   0.53527E+22
   0.69983E+04   0.25404E+04   0.36225E+01   0.53534E+22
   0.69997E+04   0.25409E+04   0.36230E+01   0.53542E+22
   0.70010E+04   0.25414E+04   0.36235E+01   0.53549E+22
   0.70023E+04   0.25419E+04   0.36240E+01   0.53556E+22
   0.70036E+04   0.25424E+04   0.36245E+01   0.53563E+22
   0.70049E+04   0.25428E+04   0.36250E+01   0.53571E+22
   0.70062E+04   0.25433E+04   0.36255E+01   0.53578E+22
   0.70076E+04   0.25438E+04   0.36260E+01   0.53585E+22
   0.70089E+04   0.25443E+04   0.36265E+01   0.53592E+22
   0.70102E+04   0.25448E+04   0.36270E+01   0.53599E+22
   0.70115E+04   0.25453E+04   0.36275E+01   0.53607E+22
   0.70128E+04   0.25457E+04   0.36280E+01   0.53614E+22
   0.70141E+04   0.25462E+04   0.36285E+01   0.53621E+22
   0.70155E+04   0.25467E+04   0.36290E+01   0.53628E+22
   0.70168E+04   0.25472E+04   0.36295E+01   0.53635E+22
   0.70181E+04   0.25477E+04   0.36300E+01   0.53643E+22
   0.70194E+04   0.25481E+04   0.36305E+01   0.53650E+22
   0.70207E+04   0.25486E+04   0.36310E+01   0.53657E+22
   0.70221E+04   0.25491E+04   0.36315E+01   0.53664E+22
   0.70234E+04   0.25496E+04   0.36320E+01   0.53671E+22
   0.70247E+04   0.25501E+04   0.36325E+01   0.53679E+22
   0.70260E+04   0.25506E+04   0.36330E+01   0.53686E+22
   0.70273E+04   0.25510E+04   0.36335E+01   0.53693E+22
   0.70286E+04   0.25515E+04   0.36340E+01   0.53700E+22
   0.70300E+04   0.25520E+04   0.36345E+01   0.53708E+22
   0.70313E+04   0.25525E+04   0.36350E+01   0.53715E+22
   0.70326E+04   0.25530E+04   0.36355E+01   0.53722E+22
   0.70339E+04   0.25535E+04   0.36360E+01   0.53729E+22
   0.70352E+04   0.25539E+04   0.36365E+01   0.53736E+22
   0.70365E+04   0.25544E+04   0.36370E+01   0.53744E+22
   0.70379E+04   0.25549E+04   0.36375E+01   0.53751E+22
   0.70392E+04   0.25554E+04   0.36380E+01   0.53758E+22
   0.70405E+04   0.25559E+04   0.36385E+01   0.53765E+22
   0.70418E+04   0.25564E+04   0.36390E+01   0.53772E+22
   0.70431E+04   0.25568E+04   0.36395E+01   0.53780E+22
   0.70445E+04   0.25573E+04   0.36400E+01   0.53787E+22
   0.70458E+04   0.25578E+04   0.36405E+01   0.53794E+22
   0.70471E+04   0.25583E+04   0.36410E+01   0.53801E+22
   0.70484E+04   0.25588E+04   0.36415E+01   0.53808E+22
   0.70497E+04   0.25593E+04   0.36420E+01   0.53816E+22
   0.70511E+04   0.25597E+04   0.36425E+01   0.53823E+22
   0.70524E+04   0.25602E+04   0.36430E+01   0.53830E+22
   0.70537E+04   0.25607E+04   0.36435E+01   0.53837E+22
   0.70550E+04   0.25612E+04   0.36440E+01   0.53845E+22
   0.70563E+04   0.25617E+04   0.36445E+01   0.53852E+22
   0.70577E+04   0.25622E+04   0.36450E+01   0.53859E+22
   0.70590E+04   0.25626E+04   0.36455E+01   0.53866E+22
   0.70603E+04   0.25631E+04   0.36460E+01   0.53873E+22
   0.70616E+04   0.25636E+04   0.36465E+01   0.53881E+22
   0.70629E+04   0.25641E+04   0.36470E+01   0.53888E+22
   0.70643E+04   0.25646E+04   0.36475E+01   0.53895E+22
   0.70656E+04   0.25651E+04   0.36480E+01   0.53902E+22
   0.70669E+04   0.25655E+04   0.36485E+01   0.53909E+22
   0.70682E+04   0.25660E+04   0.36490E+01   0.53917E+22
   0.70695E+04   0.25665E+04   0.36495E+01   0.53924E+22
   0.70709E+04   0.25670E+04   0.36500E+01   0.53931E+22
   0.70722E+04   0.25675E+04   0.36505E+01   0.53938E+22
   0.70735E+04   0.25680E+04   0.36510E+01   0.53945E+22
   0.70748E+04   0.25684E+04   0.36515E+01   0.53953E+22
   0.70761E+04   0.25689E+04   0.36520E+01   0.53960E+22
   0.70775E+04   0.25694E+04   0.36525E+01   0.53967E+22
   0.70788E+04   0.25699E+04   0.36530E+01   0.53974E+22
   0.70801E+04   0.25704E+04   0.36535E+01   0.53982E+22
   0.70814E+04   0.25709E+04   0.36540E+01   0.53989E+22
   0.70827E+04   0.25713E+04   0.36545E+01   0.53996E+22
   0.70841E+04   0.25718E+04   0.36550E+01   0.54003E+22
   0.70854E+04   0.25723E+04   0.36555E+01   0.54010E+22
   0.70867E+04   0.25728E+04   0.36560E+01   0.54018E+22
   0.70880E+04   0.25733E+04   0.36565E+01   0.54025E+22
   0.70893E+04   0.25738E+04   0.36570E+01   0.54032E+22
   0.70907E+04   0.25742E+04   0.36575E+01   0.54039E+22
   0.70920E+04   0.25747E+04   0.36580E+01   0.54046E+22
   0.70933E+04   0.25752E+04   0.36585E+01   0.54054E+22
   0.70946E+04   0.25757E+04   0.36590E+01   0.54061E+22
   0.70960E+04   0.25762E+04   0.36595E+01   0.54068E+22
   0.70973E+04   0.25767E+04   0.36600E+01   0.54075E+22
   0.70986E+04   0.25771E+04   0.36605E+01   0.54082E+22
   0.70999E+04   0.25776E+04   0.36610E+01   0.54090E+22
   0.71012E+04   0.25781E+04   0.36615E+01   0.54097E+22
   0.71026E+04   0.25786E+04   0.36620E+01   0.54104E+22
   0.71039E+04   0.25791E+04   0.36625E+01   0.54111E+22
   0.71052E+04   0.25796E+04   0.36630E+01   0.54119E+22
   0.71065E+04   0.25800E+04   0.36635E+01   0.54126E+22
   0.71078E+04   0.25805E+04   0.36640E+01   0.54133E+22
   0.71092E+04   0.25810E+04   0.36645E+01   0.54140E+22
   0.71105E+04   0.25815E+04   0.36650E+01   0.54147E+22
   0.71118E+04   0.25820E+04   0.36655E+01   0.54155E+22
   0.71131E+04   0.25825E+04   0.36660E+01   0.54162E+22
   0.71145E+04   0.25829E+04   0.36665E+01   0.54169E+22
   0.71158E+04   0.25834E+04   0.36670E+01   0.54176E+22
   0.71171E+04   0.25839E+04   0.36675E+01   0.54183E+22
   0.71184E+04   0.25844E+04   0.36680E+01   0.54191E+22
   0.71197E+04   0.25849E+04   0.36685E+01   0.54198E+22
   0.71211E+04   0.25854E+04   0.36690E+01   0.54205E+22
   0.71224E+04   0.25859E+04   0.36695E+01   0.54212E+22
   0.71237E+04   0.25863E+04   0.36700E+01   0.54220E+22
   0.71250E+04   0.25868E+04   0.36705E+01   0.54227E+22
   0.71264E+04   0.25873E+04   0.36710E+01   0.54234E+22
   0.71277E+04   0.25878E+04   0.36715E+01   0.54241E+22
   0.71290E+04   0.25883E+04   0.36720E+01   0.54248E+22
   0.71303E+04   0.25888E+04   0.36725E+01   0.54256E+22
   0.71317E+04   0.25892E+04   0.36730E+01   0.54263E+22
   0.71330E+04   0.25897E+04   0.36735E+01   0.54270E+22
   0.71343E+04   0.25902E+04   0.36740E+01   0.54277E+22
   0.71356E+04   0.25907E+04   0.36745E+01   0.54284E+22
   0.71369E+04   0.25912E+04   0.36750E+01   0.54292E+22
   0.71383E+04   0.25917E+04   0.36755E+01   0.54299E+22
   0.71396E+04   0.25921E+04   0.36760E+01   0.54306E+22
   0.71409E+04   0.25926E+04   0.36765E+01   0.54313E+22
   0.71422E+04   0.25931E+04   0.36770E+01   0.54320E+22
   0.71436E+04   0.25936E+04   0.36775E+01   0.54328E+22
   0.71449E+04   0.25941E+04   0.36780E+01   0.54335E+22
   0.71462E+04   0.25946E+04   0.36785E+01   0.54342E+22
   0.71475E+04   0.25951E+04   0.36790E+01   0.54349E+22
   0.71489E+04   0.25955E+04   0.36795E+01   0.54357E+22
   0.71502E+04   0.25960E+04   0.36800E+01   0.54364E+22
   0.71515E+04   0.25965E+04   0.36805E+01   0.54371E+22
   0.71528E+04   0.25970E+04   0.36810E+01   0.54378E+22
   0.71542E+04   0.25975E+04   0.36815E+01   0.54385E+22
   0.71555E+04   0.25980E+04   0.36820E+01   0.54393E+22
   0.71568E+04   0.25984E+04   0.36825E+01   0.54400E+22
   0.71581E+04   0.25989E+04   0.36830E+01   0.54407E+22
   0.71595E+04   0.25994E+04   0.36835E+01   0.54414E+22
   0.71608E+04   0.25999E+04   0.36840E+01   0.54421E+22
   0.71621E+04   0.26004E+04   0.36845E+01   0.54429E+22
   0.71634E+04   0.26009E+04   0.36850E+01   0.54436E+22
   0.71648E+04   0.26014E+04   0.36855E+01   0.54443E+22
   0.71661E+04   0.26018E+04   0.36860E+01   0.54450E+22
   0.71674E+04   0.26023E+04   0.36865E+01   0.54457E+22
   0.71687E+04   0.26028E+04   0.36870E+01   0.54465E+22
   0.71701E+04   0.26033E+04   0.36875E+01   0.54472E+22
   0.71714E+04   0.26038E+04   0.36880E+01   0.54479E+22
   0.71727E+04   0.26043E+04   0.36885E+01   0.54486E+22
   0.71740E+04   0.26047E+04   0.36890E+01   0.54494E+22
   0.71754E+04   0.26052E+04   0.36895E+01   0.54501E+22
   0.71767E+04   0.26057E+04   0.36900E+01   0.54508E+22
   0.71780E+04   0.26062E+04   0.36905E+01   0.54515E+22
   0.71793E+04   0.26067E+04   0.36910E+01   0.54522E+22
   0.71807E+04   0.26072E+04   0.36915E+01   0.54530E+22
   0.71820E+04   0.26077E+04   0.36920E+01   0.54537E+22
   0.71833E+04   0.26081E+04   0.36925E+01   0.54544E+22
   0.71846E+04   0.26086E+04   0.36930E+01   0.54551E+22
   0.71860E+04   0.26091E+04   0.36935E+01   0.54558E+22
   0.71873E+04   0.26096E+04   0.36940E+01   0.54566E+22
   0.71886E+04   0.26101E+04   0.36945E+01   0.54573E+22
   0.71899E+04   0.26106E+04   0.36950E+01   0.54580E+22
   0.71913E+04   0.26111E+04   0.36955E+01   0.54587E+22
   0.71926E+04   0.26115E+04   0.36960E+01   0.54595E+22
   0.71939E+04   0.26120E+04   0.36965E+01   0.54602E+22
   0.71953E+04   0.26125E+04   0.36970E+01   0.54609E+22
   0.71966E+04   0.26130E+04   0.36975E+01   0.54616E+22
   0.71979E+04   0.26135E+04   0.36980E+01   0.54623E+22
   0.71992E+04   0.26140E+04   0.36985E+01   0.54631E+22
   0.72006E+04   0.26145E+04   0.36990E+01   0.54638E+22
   0.72019E+04   0.26149E+04   0.36995E+01   0.54645E+22
   0.72032E+04   0.26154E+04   0.37000E+01   0.54652E+22
   0.72045E+04   0.26159E+04   0.37005E+01   0.54659E+22
   0.72059E+04   0.26164E+04   0.37010E+01   0.54667E+22
   0.72072E+04   0.26169E+04   0.37015E+01   0.54674E+22
   0.72085E+04   0.26174E+04   0.37020E+01   0.54681E+22
   0.72098E+04   0.26178E+04   0.37025E+01   0.54688E+22
   0.72112E+04   0.26183E+04   0.37030E+01   0.54695E+22
   0.72125E+04   0.26188E+04   0.37035E+01   0.54703E+22
   0.72138E+04   0.26193E+04   0.37040E+01   0.54710E+22
   0.72152E+04   0.26198E+04   0.37045E+01   0.54717E+22
   0.72165E+04   0.26203E+04   0.37050E+01   0.54724E+22
   0.72178E+04   0.26208E+04   0.37055E+01   0.54732E+22
   0.72191E+04   0.26212E+04   0.37060E+01   0.54739E+22
   0.72205E+04   0.26217E+04   0.37065E+01   0.54746E+22
   0.72218E+04   0.26222E+04   0.37070E+01   0.54753E+22
   0.72231E+04   0.26227E+04   0.37075E+01   0.54760E+22
   0.72244E+04   0.26232E+04   0.37080E+01   0.54768E+22
   0.72258E+04   0.26237E+04   0.37085E+01   0.54775E+22
   0.72271E+04   0.26242E+04   0.37090E+01   0.54782E+22
   0.72284E+04   0.26246E+04   0.37095E+01   0.54789E+22
   0.72298E+04   0.26251E+04   0.37100E+01   0.54796E+22
   0.72311E+04   0.26256E+04   0.37105E+01   0.54804E+22
   0.72324E+04   0.26261E+04   0.37110E+01   0.54811E+22
   0.72337E+04   0.26266E+04   0.37115E+01   0.54818E+22
   0.72351E+04   0.26271E+04   0.37120E+01   0.54825E+22
   0.72364E+04   0.26276E+04   0.37125E+01   0.54833E+22
   0.72377E+04   0.26281E+04   0.37130E+01   0.54840E+22
   0.72391E+04   0.26285E+04   0.37135E+01   0.54847E+22
   0.72404E+04   0.26290E+04   0.37140E+01   0.54854E+22
   0.72417E+04   0.26295E+04   0.37145E+01   0.54861E+22
   0.72430E+04   0.26300E+04   0.37150E+01   0.54869E+22
   0.72444E+04   0.26305E+04   0.37155E+01   0.54876E+22
   0.72457E+04   0.26310E+04   0.37160E+01   0.54883E+22
   0.72470E+04   0.26315E+04   0.37165E+01   0.54890E+22
   0.72484E+04   0.26319E+04   0.37170E+01   0.54897E+22
   0.72497E+04   0.26324E+04   0.37175E+01   0.54905E+22
   0.72510E+04   0.26329E+04   0.37180E+01   0.54912E+22
   0.72523E+04   0.26334E+04   0.37185E+01   0.54919E+22
   0.72537E+04   0.26339E+04   0.37190E+01   0.54926E+22
   0.72550E+04   0.26344E+04   0.37195E+01   0.54933E+22
   0.72563E+04   0.26349E+04   0.37200E+01   0.54941E+22
   0.72577E+04   0.26353E+04   0.37205E+01   0.54948E+22
   0.72590E+04   0.26358E+04   0.37210E+01   0.54955E+22
   0.72603E+04   0.26363E+04   0.37215E+01   0.54962E+22
   0.72617E+04   0.26368E+04   0.37220E+01   0.54970E+22
   0.72630E+04   0.26373E+04   0.37225E+01   0.54977E+22
   0.72643E+04   0.26378E+04   0.37230E+01   0.54984E+22
   0.72656E+04   0.26383E+04   0.37235E+01   0.54991E+22
   0.72670E+04   0.26387E+04   0.37240E+01   0.54998E+22
   0.72683E+04   0.26392E+04   0.37245E+01   0.55006E+22
   0.72696E+04   0.26397E+04   0.37250E+01   0.55013E+22
   0.72710E+04   0.26402E+04   0.37255E+01   0.55020E+22
   0.72723E+04   0.26407E+04   0.37260E+01   0.55027E+22
   0.72736E+04   0.26412E+04   0.37265E+01   0.55034E+22
   0.72750E+04   0.26417E+04   0.37270E+01   0.55042E+22
   0.72763E+04   0.26422E+04   0.37275E+01   0.55049E+22
   0.72776E+04   0.26426E+04   0.37280E+01   0.55056E+22
   0.72789E+04   0.26431E+04   0.37285E+01   0.55063E+22
   0.72803E+04   0.26436E+04   0.37290E+01   0.55071E+22
   0.72816E+04   0.26441E+04   0.37295E+01   0.55078E+22
   0.72829E+04   0.26446E+04   0.37300E+01   0.55085E+22
   0.72843E+04   0.26451E+04   0.37305E+01   0.55092E+22
   0.72856E+04   0.26456E+04   0.37310E+01   0.55099E+22
   0.72869E+04   0.26460E+04   0.37315E+01   0.55107E+22
   0.72883E+04   0.26465E+04   0.37320E+01   0.55114E+22
   0.72896E+04   0.26470E+04   0.37325E+01   0.55121E+22
   0.72909E+04   0.26475E+04   0.37330E+01   0.55128E+22
   0.72923E+04   0.26480E+04   0.37335E+01   0.55135E+22
   0.72936E+04   0.26485E+04   0.37340E+01   0.55143E+22
   0.72949E+04   0.26490E+04   0.37345E+01   0.55150E+22
   0.72962E+04   0.26495E+04   0.37350E+01   0.55157E+22
   0.72976E+04   0.26499E+04   0.37355E+01   0.55164E+22
   0.72989E+04   0.26504E+04   0.37360E+01   0.55172E+22
   0.73002E+04   0.26509E+04   0.37365E+01   0.55179E+22
   0.73016E+04   0.26514E+04   0.37370E+01   0.55186E+22
   0.73029E+04   0.26519E+04   0.37375E+01   0.55193E+22
   0.73042E+04   0.26524E+04   0.37380E+01   0.55200E+22
   0.73056E+04   0.26529E+04   0.37385E+01   0.55208E+22
   0.73069E+04   0.26533E+04   0.37390E+01   0.55215E+22
   0.73082E+04   0.26538E+04   0.37395E+01   0.55222E+22
   0.73096E+04   0.26543E+04   0.37400E+01   0.55229E+22
   0.73109E+04   0.26548E+04   0.37405E+01   0.55236E+22
   0.73122E+04   0.26553E+04   0.37410E+01   0.55244E+22
   0.73136E+04   0.26558E+04   0.37415E+01   0.55251E+22
   0.73149E+04   0.26563E+04   0.37420E+01   0.55258E+22
   0.73162E+04   0.26568E+04   0.37425E+01   0.55265E+22
   0.73176E+04   0.26572E+04   0.37430E+01   0.55272E+22
   0.73189E+04   0.26577E+04   0.37435E+01   0.55280E+22
   0.73202E+04   0.26582E+04   0.37440E+01   0.55287E+22
   0.73216E+04   0.26587E+04   0.37445E+01   0.55294E+22
   0.73229E+04   0.26592E+04   0.37450E+01   0.55301E+22
   0.73242E+04   0.26597E+04   0.37455E+01   0.55309E+22
   0.73256E+04   0.26602E+04   0.37460E+01   0.55316E+22
   0.73269E+04   0.26607E+04   0.37465E+01   0.55323E+22
   0.73282E+04   0.26611E+04   0.37470E+01   0.55330E+22
   0.73296E+04   0.26616E+04   0.37475E+01   0.55337E+22
   0.73309E+04   0.26621E+04   0.37480E+01   0.55345E+22
   0.73322E+04   0.26626E+04   0.37485E+01   0.55352E+22
   0.73336E+04   0.26631E+04   0.37490E+01   0.55359E+22
   0.73349E+04   0.26636E+04   0.37495E+01   0.55366E+22
   0.73362E+04   0.26641E+04   0.37500E+01   0.55373E+22
   0.73376E+04   0.26646E+04   0.37505E+01   0.55381E+22
   0.73389E+04   0.26650E+04   0.37510E+01   0.55388E+22
   0.73402E+04   0.26655E+04   0.37515E+01   0.55395E+22
   0.73416E+04   0.26660E+04   0.37520E+01   0.55402E+22
   0.73429E+04   0.26665E+04   0.37525E+01   0.55410E+22
   0.73442E+04   0.26670E+04   0.37530E+01   0.55417E+22
   0.73456E+04   0.26675E+04   0.37535E+01   0.55424E+22
   0.73469E+04   0.26680E+04   0.37540E+01   0.55431E+22
   0.73482E+04   0.26685E+04   0.37545E+01   0.55438E+22
   0.73496E+04   0.26689E+04   0.37550E+01   0.55446E+22
   0.73509E+04   0.26694E+04   0.37555E+01   0.55453E+22
   0.73522E+04   0.26699E+04   0.37560E+01   0.55460E+22
   0.73536E+04   0.26704E+04   0.37565E+01   0.55467E+22
   0.73549E+04   0.26709E+04   0.37570E+01   0.55474E+22
   0.73562E+04   0.26714E+04   0.37575E+01   0.55482E+22
   0.73576E+04   0.26719E+04   0.37580E+01   0.55489E+22
   0.73589E+04   0.26724E+04   0.37585E+01   0.55496E+22
   0.73602E+04   0.26728E+04   0.37590E+01   0.55503E+22
   0.73616E+04   0.26733E+04   0.37595E+01   0.55511E+22
   0.73629E+04   0.26738E+04   0.37600E+01   0.55518E+22
   0.73642E+04   0.26743E+04   0.37605E+01   0.55525E+22
   0.73656E+04   0.26748E+04   0.37610E+01   0.55532E+22
   0.73669E+04   0.26753E+04   0.37615E+01   0.55539E+22
   0.73682E+04   0.26758E+04   0.37620E+01   0.55547E+22
   0.73696E+04   0.26763E+04   0.37625E+01   0.55554E+22
   0.73709E+04   0.26767E+04   0.37630E+01   0.55561E+22
   0.73722E+04   0.26772E+04   0.37635E+01   0.55568E+22
   0.73736E+04   0.26777E+04   0.37640E+01   0.55575E+22
   0.73749E+04   0.26782E+04   0.37645E+01   0.55583E+22
   0.73763E+04   0.26787E+04   0.37650E+01   0.55590E+22
   0.73776E+04   0.26792E+04   0.37655E+01   0.55597E+22
   0.73789E+04   0.26797E+04   0.37660E+01   0.55604E+22
   0.73803E+04   0.26802E+04   0.37665E+01   0.55612E+22
   0.73816E+04   0.26806E+04   0.37670E+01   0.55619E+22
   0.73829E+04   0.26811E+04   0.37675E+01   0.55626E+22
   0.73843E+04   0.26816E+04   0.37680E+01   0.55633E+22
   0.73856E+04   0.26821E+04   0.37685E+01   0.55640E+22
   0.73869E+04   0.26826E+04   0.37690E+01   0.55648E+22
   0.73883E+04   0.26831E+04   0.37695E+01   0.55655E+22
   0.73896E+04   0.26836E+04   0.37700E+01   0.55662E+22
   0.73909E+04   0.26841E+04   0.37705E+01   0.55669E+22
   0.73923E+04   0.26846E+04   0.37710E+01   0.55676E+22
   0.73936E+04   0.26850E+04   0.37715E+01   0.55684E+22
   0.73950E+04   0.26855E+04   0.37720E+01   0.55691E+22
   0.73963E+04   0.26860E+04   0.37725E+01   0.55698E+22
   0.73976E+04   0.26865E+04   0.37730E+01   0.55705E+22
   0.73990E+04   0.26870E+04   0.37735E+01   0.55712E+22
   0.74003E+04   0.26875E+04   0.37740E+01   0.55720E+22
   0.74016E+04   0.26880E+04   0.37745E+01   0.55727E+22
   0.74030E+04   0.26885E+04   0.37750E+01   0.55734E+22
   0.74043E+04   0.26890E+04   0.37755E+01   0.55741E+22
   0.74056E+04   0.26894E+04   0.37760E+01   0.55749E+22
   0.74070E+04   0.26899E+04   0.37765E+01   0.55756E+22
   0.74083E+04   0.26904E+04   0.37770E+01   0.55763E+22
   0.74097E+04   0.26909E+04   0.37775E+01   0.55770E+22
   0.74110E+04   0.26914E+04   0.37780E+01   0.55777E+22
   0.74123E+04   0.26919E+04   0.37785E+01   0.55785E+22
   0.74137E+04   0.26924E+04   0.37790E+01   0.55792E+22
   0.74150E+04   0.26929E+04   0.37795E+01   0.55799E+22
   0.74163E+04   0.26933E+04   0.37800E+01   0.55806E+22
   0.74177E+04   0.26938E+04   0.37805E+01   0.55813E+22
   0.74190E+04   0.26943E+04   0.37810E+01   0.55821E+22
   0.74204E+04   0.26948E+04   0.37815E+01   0.55828E+22
   0.74217E+04   0.26953E+04   0.37820E+01   0.55835E+22
   0.74230E+04   0.26958E+04   0.37825E+01   0.55842E+22
   0.74244E+04   0.26963E+04   0.37830E+01   0.55850E+22
   0.74257E+04   0.26968E+04   0.37835E+01   0.55857E+22
   0.74270E+04   0.26973E+04   0.37840E+01   0.55864E+22
   0.74284E+04   0.26977E+04   0.37845E+01   0.55871E+22
   0.74297E+04   0.26982E+04   0.37850E+01   0.55878E+22
   0.74311E+04   0.26987E+04   0.37855E+01   0.55886E+22
   0.74324E+04   0.26992E+04   0.37860E+01   0.55893E+22
   0.74337E+04   0.26997E+04   0.37865E+01   0.55900E+22
   0.74351E+04   0.27002E+04   0.37870E+01   0.55907E+22
   0.74364E+04   0.27007E+04   0.37875E+01   0.55914E+22
   0.74377E+04   0.27012E+04   0.37880E+01   0.55922E+22
   0.74391E+04   0.27017E+04   0.37885E+01   0.55929E+22
   0.74404E+04   0.27021E+04   0.37890E+01   0.55936E+22
   0.74418E+04   0.27026E+04   0.37895E+01   0.55943E+22
   0.74431E+04   0.27031E+04   0.37900E+01   0.55951E+22
   0.74444E+04   0.27036E+04   0.37905E+01   0.55958E+22
   0.74458E+04   0.27041E+04   0.37910E+01   0.55965E+22
   0.74471E+04   0.27046E+04   0.37915E+01   0.55972E+22
   0.74485E+04   0.27051E+04   0.37920E+01   0.55979E+22
   0.74498E+04   0.27056E+04   0.37925E+01   0.55987E+22
   0.74511E+04   0.27061E+04   0.37930E+01   0.55994E+22
   0.74525E+04   0.27065E+04   0.37935E+01   0.56001E+22
   0.74538E+04   0.27070E+04   0.37940E+01   0.56008E+22
   0.74551E+04   0.27075E+04   0.37945E+01   0.56015E+22
   0.74565E+04   0.27080E+04   0.37950E+01   0.56023E+22
   0.74578E+04   0.27085E+04   0.37955E+01   0.56030E+22
   0.74592E+04   0.27090E+04   0.37960E+01   0.56037E+22
   0.74605E+04   0.27095E+04   0.37965E+01   0.56044E+22
   0.74618E+04   0.27100E+04   0.37970E+01   0.56052E+22
   0.74632E+04   0.27105E+04   0.37975E+01   0.56059E+22
   0.74645E+04   0.27110E+04   0.37980E+01   0.56066E+22
   0.74659E+04   0.27114E+04   0.37985E+01   0.56073E+22
   0.74672E+04   0.27119E+04   0.37990E+01   0.56080E+22
   0.74685E+04   0.27124E+04   0.37995E+01   0.56088E+22
   0.74699E+04   0.27129E+04   0.38000E+01   0.56095E+22
   0.74712E+04   0.27134E+04   0.38005E+01   0.56102E+22
   0.74726E+04   0.27139E+04   0.38010E+01   0.56109E+22
   0.74739E+04   0.27144E+04   0.38015E+01   0.56116E+22
   0.74752E+04   0.27149E+04   0.38020E+01   0.56124E+22
   0.74766E+04   0.27154E+04   0.38025E+01   0.56131E+22
   0.74779E+04   0.27158E+04   0.38030E+01   0.56138E+22
   0.74793E+04   0.27163E+04   0.38035E+01   0.56145E+22
   0.74806E+04   0.27168E+04   0.38040E+01   0.56153E+22
   0.74819E+04   0.27173E+04   0.38045E+01   0.56160E+22
   0.74833E+04   0.27178E+04   0.38050E+01   0.56167E+22
   0.74846E+04   0.27183E+04   0.38055E+01   0.56174E+22
   0.74860E+04   0.27188E+04   0.38060E+01   0.56181E+22
   0.74873E+04   0.27193E+04   0.38065E+01   0.56189E+22
   0.74886E+04   0.27198E+04   0.38070E+01   0.56196E+22
   0.74900E+04   0.27203E+04   0.38075E+01   0.56203E+22
   0.74913E+04   0.27207E+04   0.38080E+01   0.56210E+22
   0.74927E+04   0.27212E+04   0.38085E+01   0.56217E+22
   0.74940E+04   0.27217E+04   0.38090E+01   0.56225E+22
   0.74954E+04   0.27222E+04   0.38095E+01   0.56232E+22
   0.74967E+04   0.27227E+04   0.38100E+01   0.56239E+22
   0.74980E+04   0.27232E+04   0.38105E+01   0.56246E+22
   0.74994E+04   0.27237E+04   0.38110E+01   0.56254E+22
   0.75007E+04   0.27242E+04   0.38115E+01   0.56261E+22
   0.75021E+04   0.27247E+04   0.38120E+01   0.56268E+22
   0.75034E+04   0.27252E+04   0.38125E+01   0.56275E+22
   0.75047E+04   0.27256E+04   0.38130E+01   0.56282E+22
   0.75061E+04   0.27261E+04   0.38135E+01   0.56290E+22
   0.75074E+04   0.27266E+04   0.38140E+01   0.56297E+22
   0.75088E+04   0.27271E+04   0.38145E+01   0.56304E+22
   0.75101E+04   0.27276E+04   0.38150E+01   0.56311E+22
   0.75114E+04   0.27281E+04   0.38155E+01   0.56318E+22
   0.75128E+04   0.27286E+04   0.38160E+01   0.56326E+22
   0.75141E+04   0.27291E+04   0.38165E+01   0.56333E+22
   0.75155E+04   0.27296E+04   0.38170E+01   0.56340E+22
   0.75168E+04   0.27301E+04   0.38175E+01   0.56347E+22
   0.75182E+04   0.27305E+04   0.38180E+01   0.56355E+22
   0.75195E+04   0.27310E+04   0.38185E+01   0.56362E+22
   0.75208E+04   0.27315E+04   0.38190E+01   0.56369E+22
   0.75222E+04   0.27320E+04   0.38195E+01   0.56376E+22
   0.75235E+04   0.27325E+04   0.38200E+01   0.56383E+22
   0.75249E+04   0.27330E+04   0.38205E+01   0.56391E+22
   0.75262E+04   0.27335E+04   0.38210E+01   0.56398E+22
   0.75276E+04   0.27340E+04   0.38215E+01   0.56405E+22
   0.75289E+04   0.27345E+04   0.38220E+01   0.56412E+22
   0.75302E+04   0.27350E+04   0.38225E+01   0.56419E+22
   0.75316E+04   0.27354E+04   0.38230E+01   0.56427E+22
   0.75329E+04   0.27359E+04   0.38235E+01   0.56434E+22
   0.75343E+04   0.27364E+04   0.38240E+01   0.56441E+22
   0.75356E+04   0.27369E+04   0.38245E+01   0.56448E+22
   0.75370E+04   0.27374E+04   0.38250E+01   0.56456E+22
   0.75383E+04   0.27379E+04   0.38255E+01   0.56463E+22
   0.75396E+04   0.27384E+04   0.38260E+01   0.56470E+22
   0.75410E+04   0.27389E+04   0.38265E+01   0.56477E+22
   0.75423E+04   0.27394E+04   0.38270E+01   0.56484E+22
   0.75437E+04   0.27399E+04   0.38275E+01   0.56492E+22
   0.75450E+04   0.27403E+04   0.38280E+01   0.56499E+22
   0.75464E+04   0.27408E+04   0.38285E+01   0.56506E+22
   0.75477E+04   0.27413E+04   0.38290E+01   0.56513E+22
   0.75490E+04   0.27418E+04   0.38295E+01   0.56520E+22
   0.75504E+04   0.27423E+04   0.38300E+01   0.56528E+22
   0.75517E+04   0.27428E+04   0.38305E+01   0.56535E+22
   0.75531E+04   0.27433E+04   0.38310E+01   0.56542E+22
   0.75544E+04   0.27438E+04   0.38315E+01   0.56549E+22
   0.75558E+04   0.27443E+04   0.38320E+01   0.56557E+22
   0.75571E+04   0.27448E+04   0.38325E+01   0.56564E+22
   0.75585E+04   0.27453E+04   0.38330E+01   0.56571E+22
   0.75598E+04   0.27457E+04   0.38335E+01   0.56578E+22
   0.75611E+04   0.27462E+04   0.38340E+01   0.56585E+22
   0.75625E+04   0.27467E+04   0.38345E+01   0.56593E+22
   0.75638E+04   0.27472E+04   0.38350E+01   0.56600E+22
   0.75652E+04   0.27477E+04   0.38355E+01   0.56607E+22
   0.75665E+04   0.27482E+04   0.38360E+01   0.56614E+22
   0.75679E+04   0.27487E+04   0.38365E+01   0.56621E+22
   0.75692E+04   0.27492E+04   0.38370E+01   0.56629E+22
   0.75706E+04   0.27497E+04   0.38375E+01   0.56636E+22
   0.75719E+04   0.27502E+04   0.38380E+01   0.56643E+22
   0.75732E+04   0.27507E+04   0.38385E+01   0.56650E+22
   0.75746E+04   0.27511E+04   0.38390E+01   0.56658E+22
   0.75759E+04   0.27516E+04   0.38395E+01   0.56665E+22
   0.75773E+04   0.27521E+04   0.38400E+01   0.56672E+22
   0.75786E+04   0.27526E+04   0.38405E+01   0.56679E+22
   0.75800E+04   0.27531E+04   0.38410E+01   0.56686E+22
   0.75813E+04   0.27536E+04   0.38415E+01   0.56694E+22
   0.75827E+04   0.27541E+04   0.38420E+01   0.56701E+22
   0.75840E+04   0.27546E+04   0.38425E+01   0.56708E+22
   0.75853E+04   0.27551E+04   0.38430E+01   0.56715E+22
   0.75867E+04   0.27556E+04   0.38435E+01   0.56722E+22
   0.75880E+04   0.27561E+04   0.38440E+01   0.56730E+22
   0.75894E+04   0.27565E+04   0.38445E+01   0.56737E+22
   0.75907E+04   0.27570E+04   0.38450E+01   0.56744E+22
   0.75921E+04   0.27575E+04   0.38455E+01   0.56751E+22
   0.75934E+04   0.27580E+04   0.38460E+01   0.56759E+22
   0.75948E+04   0.27585E+04   0.38465E+01   0.56766E+22
   0.75961E+04   0.27590E+04   0.38470E+01   0.56773E+22
   0.75975E+04   0.27595E+04   0.38475E+01   0.56780E+22
   0.75988E+04   0.27600E+04   0.38480E+01   0.56787E+22
   0.76002E+04   0.27605E+04   0.38485E+01   0.56795E+22
   0.76015E+04   0.27610E+04   0.38490E+01   0.56802E+22
   0.76028E+04   0.27615E+04   0.38495E+01   0.56809E+22
   0.76042E+04   0.27620E+04   0.38500E+01   0.56816E+22
   0.76055E+04   0.27624E+04   0.38505E+01   0.56823E+22
   0.76069E+04   0.27629E+04   0.38510E+01   0.56831E+22
   0.76082E+04   0.27634E+04   0.38515E+01   0.56838E+22
   0.76096E+04   0.27639E+04   0.38520E+01   0.56845E+22
   0.76109E+04   0.27644E+04   0.38525E+01   0.56852E+22
   0.76123E+04   0.27649E+04   0.38530E+01   0.56860E+22
   0.76136E+04   0.27654E+04   0.38535E+01   0.56867E+22
   0.76150E+04   0.27659E+04   0.38540E+01   0.56874E+22
   0.76163E+04   0.27664E+04   0.38545E+01   0.56881E+22
   0.76177E+04   0.27669E+04   0.38550E+01   0.56888E+22
   0.76190E+04   0.27674E+04   0.38555E+01   0.56896E+22
   0.76203E+04   0.27679E+04   0.38560E+01   0.56903E+22
   0.76217E+04   0.27683E+04   0.38565E+01   0.56910E+22
   0.76230E+04   0.27688E+04   0.38570E+01   0.56917E+22
   0.76244E+04   0.27693E+04   0.38575E+01   0.56924E+22
   0.76257E+04   0.27698E+04   0.38580E+01   0.56932E+22
   0.76271E+04   0.27703E+04   0.38585E+01   0.56939E+22
   0.76284E+04   0.27708E+04   0.38590E+01   0.56946E+22
   0.76298E+04   0.27713E+04   0.38595E+01   0.56953E+22
   0.76311E+04   0.27718E+04   0.38600E+01   0.56961E+22
   0.76325E+04   0.27723E+04   0.38605E+01   0.56968E+22
   0.76338E+04   0.27728E+04   0.38610E+01   0.56975E+22
   0.76352E+04   0.27733E+04   0.38615E+01   0.56982E+22
   0.76365E+04   0.27738E+04   0.38620E+01   0.56989E+22
   0.76379E+04   0.27742E+04   0.38625E+01   0.56997E+22
   0.76392E+04   0.27747E+04   0.38630E+01   0.57004E+22
   0.76406E+04   0.27752E+04   0.38635E+01   0.57011E+22
   0.76419E+04   0.27757E+04   0.38640E+01   0.57018E+22
   0.76433E+04   0.27762E+04   0.38645E+01   0.57025E+22
   0.76446E+04   0.27767E+04   0.38650E+01   0.57033E+22
   0.76460E+04   0.27772E+04   0.38655E+01   0.57040E+22
   0.76473E+04   0.27777E+04   0.38660E+01   0.57047E+22
   0.76487E+04   0.27782E+04   0.38665E+01   0.57054E+22
   0.76500E+04   0.27787E+04   0.38670E+01   0.57062E+22
   0.76513E+04   0.27792E+04   0.38675E+01   0.57069E+22
   0.76527E+04   0.27797E+04   0.38680E+01   0.57076E+22
   0.76540E+04   0.27801E+04   0.38685E+01   0.57083E+22
   0.76554E+04   0.27806E+04   0.38690E+01   0.57090E+22
   0.76567E+04   0.27811E+04   0.38695E+01   0.57098E+22
   0.76581E+04   0.27816E+04   0.38700E+01   0.57105E+22
   0.76594E+04   0.27821E+04   0.38705E+01   0.57112E+22
   0.76608E+04   0.27826E+04   0.38710E+01   0.57119E+22
   0.76621E+04   0.27831E+04   0.38715E+01   0.57126E+22
   0.76635E+04   0.27836E+04   0.38720E+01   0.57134E+22
   0.76648E+04   0.27841E+04   0.38725E+01   0.57141E+22
   0.76662E+04   0.27846E+04   0.38730E+01   0.57148E+22
   0.76675E+04   0.27851E+04   0.38735E+01   0.57155E+22
   0.76689E+04   0.27856E+04   0.38740E+01   0.57163E+22
   0.76702E+04   0.27861E+04   0.38745E+01   0.57170E+22
   0.76716E+04   0.27865E+04   0.38750E+01   0.57177E+22
   0.76729E+04   0.27870E+04   0.38755E+01   0.57184E+22
   0.76743E+04   0.27875E+04   0.38760E+01   0.57191E+22
   0.76756E+04   0.27880E+04   0.38765E+01   0.57199E+22
   0.76770E+04   0.27885E+04   0.38770E+01   0.57206E+22
   0.76783E+04   0.27890E+04   0.38775E+01   0.57213E+22
   0.76797E+04   0.27895E+04   0.38780E+01   0.57220E+22
   0.76810E+04   0.27900E+04   0.38785E+01   0.57227E+22
   0.76824E+04   0.27905E+04   0.38790E+01   0.57235E+22
   0.76837E+04   0.27910E+04   0.38795E+01   0.57242E+22
   0.76851E+04   0.27915E+04   0.38800E+01   0.57249E+22
   0.76864E+04   0.27920E+04   0.38805E+01   0.57256E+22
   0.76878E+04   0.27925E+04   0.38810E+01   0.57264E+22
   0.76891E+04   0.27930E+04   0.38815E+01   0.57271E+22
   0.76905E+04   0.27934E+04   0.38820E+01   0.57278E+22
   0.76918E+04   0.27939E+04   0.38825E+01   0.57285E+22
   0.76932E+04   0.27944E+04   0.38830E+01   0.57292E+22
   0.76945E+04   0.27949E+04   0.38835E+01   0.57300E+22
   0.76959E+04   0.27954E+04   0.38840E+01   0.57307E+22
   0.76972E+04   0.27959E+04   0.38845E+01   0.57314E+22
   0.76986E+04   0.27964E+04   0.38850E+01   0.57321E+22
   0.76999E+04   0.27969E+04   0.38855E+01   0.57329E+22
   0.77013E+04   0.27974E+04   0.38860E+01   0.57336E+22
   0.77026E+04   0.27979E+04   0.38865E+01   0.57343E+22
   0.77040E+04   0.27984E+04   0.38870E+01   0.57350E+22
   0.77053E+04   0.27989E+04   0.38875E+01   0.57357E+22
   0.77067E+04   0.27994E+04   0.38880E+01   0.57365E+22
   0.77080E+04   0.27999E+04   0.38885E+01   0.57372E+22
   0.77094E+04   0.28003E+04   0.38890E+01   0.57379E+22
   0.77107E+04   0.28008E+04   0.38895E+01   0.57386E+22
   0.77121E+04   0.28013E+04   0.38900E+01   0.57393E+22
   0.77134E+04   0.28018E+04   0.38905E+01   0.57401E+22
   0.77148E+04   0.28023E+04   0.38910E+01   0.57408E+22
   0.77161E+04   0.28028E+04   0.38915E+01   0.57415E+22
   0.77175E+04   0.28033E+04   0.38920E+01   0.57422E+22
   0.77189E+04   0.28038E+04   0.38925E+01   0.57430E+22
   0.77202E+04   0.28043E+04   0.38930E+01   0.57437E+22
   0.77216E+04   0.28048E+04   0.38935E+01   0.57444E+22
   0.77229E+04   0.28053E+04   0.38940E+01   0.57451E+22
   0.77243E+04   0.28058E+04   0.38945E+01   0.57458E+22
   0.77256E+04   0.28063E+04   0.38950E+01   0.57466E+22
   0.77270E+04   0.28068E+04   0.38955E+01   0.57473E+22
   0.77283E+04   0.28072E+04   0.38960E+01   0.57480E+22
   0.77297E+04   0.28077E+04   0.38965E+01   0.57487E+22
   0.77310E+04   0.28082E+04   0.38970E+01   0.57494E+22
   0.77324E+04   0.28087E+04   0.38975E+01   0.57502E+22
   0.77337E+04   0.28092E+04   0.38980E+01   0.57509E+22
   0.77351E+04   0.28097E+04   0.38985E+01   0.57516E+22
   0.77364E+04   0.28102E+04   0.38990E+01   0.57523E+22
   0.77378E+04   0.28107E+04   0.38995E+01   0.57531E+22
   0.77391E+04   0.28112E+04   0.39000E+01   0.57538E+22
   0.77405E+04   0.28117E+04   0.39005E+01   0.57545E+22
   0.77418E+04   0.28122E+04   0.39010E+01   0.57552E+22
   0.77432E+04   0.28127E+04   0.39015E+01   0.57559E+22
   0.77445E+04   0.28132E+04   0.39020E+01   0.57567E+22
   0.77459E+04   0.28137E+04   0.39025E+01   0.57574E+22
   0.77473E+04   0.28142E+04   0.39030E+01   0.57581E+22
   0.77486E+04   0.28146E+04   0.39035E+01   0.57588E+22
   0.77500E+04   0.28151E+04   0.39040E+01   0.57595E+22
   0.77513E+04   0.28156E+04   0.39045E+01   0.57603E+22
   0.77527E+04   0.28161E+04   0.39050E+01   0.57610E+22
   0.77540E+04   0.28166E+04   0.39055E+01   0.57617E+22
   0.77554E+04   0.28171E+04   0.39060E+01   0.57624E+22
   0.77567E+04   0.28176E+04   0.39065E+01   0.57632E+22
   0.77581E+04   0.28181E+04   0.39070E+01   0.57639E+22
   0.77594E+04   0.28186E+04   0.39075E+01   0.57646E+22
   0.77608E+04   0.28191E+04   0.39080E+01   0.57653E+22
   0.77621E+04   0.28196E+04   0.39085E+01   0.57660E+22
   0.77635E+04   0.28201E+04   0.39090E+01   0.57668E+22
   0.77648E+04   0.28206E+04   0.39095E+01   0.57675E+22
   0.77662E+04   0.28211E+04   0.39100E+01   0.57682E+22
   0.77676E+04   0.28216E+04   0.39105E+01   0.57689E+22
   0.77689E+04   0.28221E+04   0.39110E+01   0.57696E+22
   0.77703E+04   0.28225E+04   0.39115E+01   0.57704E+22
   0.77716E+04   0.28230E+04   0.39120E+01   0.57711E+22
   0.77730E+04   0.28235E+04   0.39125E+01   0.57718E+22
   0.77743E+04   0.28240E+04   0.39130E+01   0.57725E+22
   0.77757E+04   0.28245E+04   0.39135E+01   0.57733E+22
   0.77770E+04   0.28250E+04   0.39140E+01   0.57740E+22
   0.77784E+04   0.28255E+04   0.39145E+01   0.57747E+22
   0.77797E+04   0.28260E+04   0.39150E+01   0.57754E+22
   0.77811E+04   0.28265E+04   0.39155E+01   0.57761E+22
   0.77824E+04   0.28270E+04   0.39160E+01   0.57769E+22
   0.77838E+04   0.28275E+04   0.39165E+01   0.57776E+22
   0.77852E+04   0.28280E+04   0.39170E+01   0.57783E+22
   0.77865E+04   0.28285E+04   0.39175E+01   0.57790E+22
   0.77879E+04   0.28290E+04   0.39180E+01   0.57798E+22
   0.77892E+04   0.28295E+04   0.39185E+01   0.57805E+22
   0.77906E+04   0.28300E+04   0.39190E+01   0.57812E+22
   0.77919E+04   0.28305E+04   0.39195E+01   0.57819E+22
   0.77933E+04   0.28309E+04   0.39200E+01   0.57826E+22
   0.77946E+04   0.28314E+04   0.39205E+01   0.57834E+22
   0.77960E+04   0.28319E+04   0.39210E+01   0.57841E+22
   0.77974E+04   0.28324E+04   0.39215E+01   0.57848E+22
   0.77987E+04   0.28329E+04   0.39220E+01   0.57855E+22
   0.78001E+04   0.28334E+04   0.39225E+01   0.57862E+22
   0.78014E+04   0.28339E+04   0.39230E+01   0.57870E+22
   0.78028E+04   0.28344E+04   0.39235E+01   0.57877E+22
   0.78041E+04   0.28349E+04   0.39240E+01   0.57884E+22
   0.78055E+04   0.28354E+04   0.39245E+01   0.57891E+22
   0.78068E+04   0.28359E+04   0.39250E+01   0.57899E+22
   0.78082E+04   0.28364E+04   0.39255E+01   0.57906E+22
   0.78096E+04   0.28369E+04   0.39260E+01   0.57913E+22
   0.78109E+04   0.28374E+04   0.39265E+01   0.57920E+22
   0.78123E+04   0.28379E+04   0.39270E+01   0.57927E+22
   0.78136E+04   0.28384E+04   0.39275E+01   0.57935E+22
   0.78150E+04   0.28389E+04   0.39280E+01   0.57942E+22
   0.78163E+04   0.28393E+04   0.39285E+01   0.57949E+22
   0.78177E+04   0.28398E+04   0.39290E+01   0.57956E+22
   0.78190E+04   0.28403E+04   0.39295E+01   0.57963E+22
   0.78204E+04   0.28408E+04   0.39300E+01   0.57971E+22
   0.78218E+04   0.28413E+04   0.39305E+01   0.57978E+22
   0.78231E+04   0.28418E+04   0.39310E+01   0.57985E+22
   0.78245E+04   0.28423E+04   0.39315E+01   0.57992E+22
   0.78258E+04   0.28428E+04   0.39320E+01   0.58000E+22
   0.78272E+04   0.28433E+04   0.39325E+01   0.58007E+22
   0.78285E+04   0.28438E+04   0.39330E+01   0.58014E+22
   0.78299E+04   0.28443E+04   0.39335E+01   0.58021E+22
   0.78313E+04   0.28448E+04   0.39340E+01   0.58028E+22
   0.78326E+04   0.28453E+04   0.39345E+01   0.58036E+22
   0.78340E+04   0.28458E+04   0.39350E+01   0.58043E+22
   0.78353E+04   0.28463E+04   0.39355E+01   0.58050E+22
   0.78367E+04   0.28468E+04   0.39360E+01   0.58057E+22
   0.78380E+04   0.28473E+04   0.39365E+01   0.58065E+22
   0.78394E+04   0.28478E+04   0.39370E+01   0.58072E+22
   0.78408E+04   0.28483E+04   0.39375E+01   0.58079E+22
   0.78421E+04   0.28487E+04   0.39380E+01   0.58086E+22
   0.78435E+04   0.28492E+04   0.39385E+01   0.58093E+22
   0.78448E+04   0.28497E+04   0.39390E+01   0.58101E+22
   0.78462E+04   0.28502E+04   0.39395E+01   0.58108E+22
   0.78475E+04   0.28507E+04   0.39400E+01   0.58115E+22
   0.78489E+04   0.28512E+04   0.39405E+01   0.58122E+22
   0.78503E+04   0.28517E+04   0.39410E+01   0.58129E+22
   0.78516E+04   0.28522E+04   0.39415E+01   0.58137E+22
   0.78530E+04   0.28527E+04   0.39420E+01   0.58144E+22
   0.78543E+04   0.28532E+04   0.39425E+01   0.58151E+22
   0.78557E+04   0.28537E+04   0.39430E+01   0.58158E+22
   0.78570E+04   0.28542E+04   0.39435E+01   0.58166E+22
   0.78584E+04   0.28547E+04   0.39440E+01   0.58173E+22
   0.78598E+04   0.28552E+04   0.39445E+01   0.58180E+22
   0.78611E+04   0.28557E+04   0.39450E+01   0.58187E+22
   0.78625E+04   0.28562E+04   0.39455E+01   0.58194E+22
   0.78638E+04   0.28567E+04   0.39460E+01   0.58202E+22
   0.78652E+04   0.28572E+04   0.39465E+01   0.58209E+22
   0.78666E+04   0.28577E+04   0.39470E+01   0.58216E+22
   0.78679E+04   0.28582E+04   0.39475E+01   0.58223E+22
   0.78693E+04   0.28587E+04   0.39480E+01   0.58230E+22
   0.78706E+04   0.28591E+04   0.39485E+01   0.58238E+22
   0.78720E+04   0.28596E+04   0.39490E+01   0.58245E+22
   0.78734E+04   0.28601E+04   0.39495E+01   0.58252E+22
   0.78747E+04   0.28606E+04   0.39500E+01   0.58259E+22
   0.78761E+04   0.28611E+04   0.39505E+01   0.58267E+22
   0.78774E+04   0.28616E+04   0.39510E+01   0.58274E+22
   0.78788E+04   0.28621E+04   0.39515E+01   0.58281E+22
   0.78801E+04   0.28626E+04   0.39520E+01   0.58288E+22
   0.78815E+04   0.28631E+04   0.39525E+01   0.58295E+22
   0.78829E+04   0.28636E+04   0.39530E+01   0.58303E+22
   0.78842E+04   0.28641E+04   0.39535E+01   0.58310E+22
   0.78856E+04   0.28646E+04   0.39540E+01   0.58317E+22
   0.78869E+04   0.28651E+04   0.39545E+01   0.58324E+22
   0.78883E+04   0.28656E+04   0.39550E+01   0.58332E+22
   0.78897E+04   0.28661E+04   0.39555E+01   0.58339E+22
   0.78910E+04   0.28666E+04   0.39560E+01   0.58346E+22
   0.78924E+04   0.28671E+04   0.39565E+01   0.58353E+22
   0.78937E+04   0.28676E+04   0.39570E+01   0.58360E+22
   0.78951E+04   0.28681E+04   0.39575E+01   0.58368E+22
   0.78965E+04   0.28686E+04   0.39580E+01   0.58375E+22
   0.78978E+04   0.28691E+04   0.39585E+01   0.58382E+22
   0.78992E+04   0.28696E+04   0.39590E+01   0.58389E+22
   0.79005E+04   0.28700E+04   0.39595E+01   0.58396E+22
   0.79019E+04   0.28705E+04   0.39600E+01   0.58404E+22
   0.79033E+04   0.28710E+04   0.39605E+01   0.58411E+22
   0.79046E+04   0.28715E+04   0.39610E+01   0.58418E+22
   0.79060E+04   0.28720E+04   0.39615E+01   0.58425E+22
   0.79073E+04   0.28725E+04   0.39620E+01   0.58433E+22
   0.79087E+04   0.28730E+04   0.39625E+01   0.58440E+22
   0.79101E+04   0.28735E+04   0.39630E+01   0.58447E+22
   0.79114E+04   0.28740E+04   0.39635E+01   0.58454E+22
   0.79128E+04   0.28745E+04   0.39640E+01   0.58461E+22
   0.79141E+04   0.28750E+04   0.39645E+01   0.58469E+22
   0.79155E+04   0.28755E+04   0.39650E+01   0.58476E+22
   0.79169E+04   0.28760E+04   0.39655E+01   0.58483E+22
   0.79182E+04   0.28765E+04   0.39660E+01   0.58490E+22
   0.79196E+04   0.28770E+04   0.39665E+01   0.58497E+22
   0.79209E+04   0.28775E+04   0.39670E+01   0.58505E+22
   0.79223E+04   0.28780E+04   0.39675E+01   0.58512E+22
   0.79237E+04   0.28785E+04   0.39680E+01   0.58519E+22
   0.79250E+04   0.28790E+04   0.39685E+01   0.58526E+22
   0.79264E+04   0.28795E+04   0.39690E+01   0.58534E+22
   0.79278E+04   0.28800E+04   0.39695E+01   0.58541E+22
   0.79291E+04   0.28805E+04   0.39700E+01   0.58548E+22
   0.79305E+04   0.28810E+04   0.39705E+01   0.58555E+22
   0.79318E+04   0.28815E+04   0.39710E+01   0.58562E+22
   0.79332E+04   0.28820E+04   0.39715E+01   0.58570E+22
   0.79346E+04   0.28824E+04   0.39720E+01   0.58577E+22
   0.79359E+04   0.28829E+04   0.39725E+01   0.58584E+22
   0.79373E+04   0.28834E+04   0.39730E+01   0.58591E+22
   0.79386E+04   0.28839E+04   0.39735E+01   0.58599E+22
   0.79400E+04   0.28844E+04   0.39740E+01   0.58606E+22
   0.79414E+04   0.28849E+04   0.39745E+01   0.58613E+22
   0.79427E+04   0.28854E+04   0.39750E+01   0.58620E+22
   0.79441E+04   0.28859E+04   0.39755E+01   0.58627E+22
   0.79455E+04   0.28864E+04   0.39760E+01   0.58635E+22
   0.79468E+04   0.28869E+04   0.39765E+01   0.58642E+22
   0.79482E+04   0.28874E+04   0.39770E+01   0.58649E+22
   0.79495E+04   0.28879E+04   0.39775E+01   0.58656E+22
   0.79509E+04   0.28884E+04   0.39780E+01   0.58663E+22
   0.79523E+04   0.28889E+04   0.39785E+01   0.58671E+22
   0.79536E+04   0.28894E+04   0.39790E+01   0.58678E+22
   0.79550E+04   0.28899E+04   0.39795E+01   0.58685E+22
   0.79564E+04   0.28904E+04   0.39800E+01   0.58692E+22
   0.79577E+04   0.28909E+04   0.39805E+01   0.58700E+22
   0.79591E+04   0.28914E+04   0.39810E+01   0.58707E+22
   0.79604E+04   0.28919E+04   0.39815E+01   0.58714E+22
   0.79618E+04   0.28924E+04   0.39820E+01   0.58721E+22
   0.79632E+04   0.28929E+04   0.39825E+01   0.58728E+22
   0.79645E+04   0.28934E+04   0.39830E+01   0.58736E+22
   0.79659E+04   0.28939E+04   0.39835E+01   0.58743E+22
   0.79673E+04   0.28944E+04   0.39840E+01   0.58750E+22
   0.79686E+04   0.28949E+04   0.39845E+01   0.58757E+22
   0.79700E+04   0.28954E+04   0.39850E+01   0.58765E+22
   0.79714E+04   0.28959E+04   0.39855E+01   0.58772E+22
   0.79727E+04   0.28963E+04   0.39860E+01   0.58779E+22
   0.79741E+04   0.28968E+04   0.39865E+01   0.58786E+22
   0.79754E+04   0.28973E+04   0.39870E+01   0.58793E+22
   0.79768E+04   0.28978E+04   0.39875E+01   0.58801E+22
   0.79782E+04   0.28983E+04   0.39880E+01   0.58808E+22
   0.79795E+04   0.28988E+04   0.39885E+01   0.58815E+22
   0.79809E+04   0.28993E+04   0.39890E+01   0.58822E+22
   0.79823E+04   0.28998E+04   0.39895E+01   0.58829E+22
   0.79836E+04   0.29003E+04   0.39900E+01   0.58837E+22
   0.79850E+04   0.29008E+04   0.39905E+01   0.58844E+22
   0.79864E+04   0.29013E+04   0.39910E+01   0.58851E+22
   0.79877E+04   0.29018E+04   0.39915E+01   0.58858E+22
   0.79891E+04   0.29023E+04   0.39920E+01   0.58866E+22
   0.79904E+04   0.29028E+04   0.39925E+01   0.58873E+22
   0.79918E+04   0.29033E+04   0.39930E+01   0.58880E+22
   0.79932E+04   0.29038E+04   0.39935E+01   0.58887E+22
   0.79945E+04   0.29043E+04   0.39940E+01   0.58894E+22
   0.79959E+04   0.29048E+04   0.39945E+01   0.58902E+22
   0.79973E+04   0.29053E+04   0.39950E+01   0.58909E+22
   0.79986E+04   0.29058E+04   0.39955E+01   0.58916E+22
   0.80000E+04   0.29063E+04   0.39960E+01   0.58923E+22
   0.80014E+04   0.29068E+04   0.39965E+01   0.58930E+22
   0.80027E+04   0.29073E+04   0.39970E+01   0.58938E+22
   0.80041E+04   0.29078E+04   0.39975E+01   0.58945E+22
   0.80055E+04   0.29083E+04   0.39980E+01   0.58952E+22
   0.80068E+04   0.29088E+04   0.39985E+01   0.58959E+22
   0.80082E+04   0.29093E+04   0.39990E+01   0.58967E+22
   0.80095E+04   0.29098E+04   0.39995E+01   0.58974E+22
   0.80109E+04   0.29103E+04   0.40000E+01   0.58981E+22
   0.80123E+04   0.29108E+04   0.40005E+01   0.58988E+22
   0.80136E+04   0.29113E+04   0.40010E+01   0.58995E+22
   0.80150E+04   0.29118E+04   0.40015E+01   0.59003E+22
   0.80164E+04   0.29123E+04   0.40020E+01   0.59010E+22
   0.80177E+04   0.29128E+04   0.40025E+01   0.59017E+22
   0.80191E+04   0.29132E+04   0.40030E+01   0.59024E+22
   0.80205E+04   0.29137E+04   0.40035E+01   0.59032E+22
   0.80218E+04   0.29142E+04   0.40040E+01   0.59039E+22
   0.80232E+04   0.29147E+04   0.40045E+01   0.59046E+22
   0.80246E+04   0.29152E+04   0.40050E+01   0.59053E+22
   0.80259E+04   0.29157E+04   0.40055E+01   0.59060E+22
   0.80273E+04   0.29162E+04   0.40060E+01   0.59068E+22
   0.80287E+04   0.29167E+04   0.40065E+01   0.59075E+22
   0.80300E+04   0.29172E+04   0.40070E+01   0.59082E+22
   0.80314E+04   0.29177E+04   0.40075E+01   0.59089E+22
   0.80328E+04   0.29182E+04   0.40080E+01   0.59096E+22
   0.80341E+04   0.29187E+04   0.40085E+01   0.59104E+22
   0.80355E+04   0.29192E+04   0.40090E+01   0.59111E+22
   0.80369E+04   0.29197E+04   0.40095E+01   0.59118E+22
   0.80382E+04   0.29202E+04   0.40100E+01   0.59125E+22
   0.80396E+04   0.29207E+04   0.40105E+01   0.59133E+22
   0.80410E+04   0.29212E+04   0.40110E+01   0.59140E+22
   0.80423E+04   0.29217E+04   0.40115E+01   0.59147E+22
   0.80437E+04   0.29222E+04   0.40120E+01   0.59154E+22
   0.80451E+04   0.29227E+04   0.40125E+01   0.59161E+22
   0.80464E+04   0.29232E+04   0.40130E+01   0.59169E+22
   0.80478E+04   0.29237E+04   0.40135E+01   0.59176E+22
   0.80492E+04   0.29242E+04   0.40140E+01   0.59183E+22
   0.80505E+04   0.29247E+04   0.40145E+01   0.59190E+22
   0.80519E+04   0.29252E+04   0.40150E+01   0.59198E+22
   0.80533E+04   0.29257E+04   0.40155E+01   0.59205E+22
   0.80546E+04   0.29262E+04   0.40160E+01   0.59212E+22
   0.80560E+04   0.29267E+04   0.40165E+01   0.59219E+22
   0.80574E+04   0.29272E+04   0.40170E+01   0.59226E+22
   0.80587E+04   0.29277E+04   0.40175E+01   0.59234E+22
   0.80601E+04   0.29282E+04   0.40180E+01   0.59241E+22
   0.80615E+04   0.29287E+04   0.40185E+01   0.59248E+22
   0.80628E+04   0.29292E+04   0.40190E+01   0.59255E+22
   0.80642E+04   0.29297E+04   0.40195E+01   0.59262E+22
   0.80656E+04   0.29302E+04   0.40200E+01   0.59270E+22
   0.80669E+04   0.29307E+04   0.40205E+01   0.59277E+22
   0.80683E+04   0.29312E+04   0.40210E+01   0.59284E+22
   0.80697E+04   0.29317E+04   0.40215E+01   0.59291E+22
   0.80710E+04   0.29322E+04   0.40220E+01   0.59299E+22
   0.80724E+04   0.29327E+04   0.40225E+01   0.59306E+22
   0.80738E+04   0.29332E+04   0.40230E+01   0.59313E+22
   0.80751E+04   0.29337E+04   0.40235E+01   0.59320E+22
   0.80765E+04   0.29342E+04   0.40240E+01   0.59327E+22
   0.80779E+04   0.29347E+04   0.40245E+01   0.59335E+22
   0.80792E+04   0.29352E+04   0.40250E+01   0.59342E+22
   0.80806E+04   0.29357E+04   0.40255E+01   0.59349E+22
   0.80820E+04   0.29362E+04   0.40260E+01   0.59356E+22
   0.80834E+04   0.29366E+04   0.40265E+01   0.59364E+22
   0.80847E+04   0.29371E+04   0.40270E+01   0.59371E+22
   0.80861E+04   0.29376E+04   0.40275E+01   0.59378E+22
   0.80875E+04   0.29381E+04   0.40280E+01   0.59385E+22
   0.80888E+04   0.29386E+04   0.40285E+01   0.59392E+22
   0.80902E+04   0.29391E+04   0.40290E+01   0.59400E+22
   0.80916E+04   0.29396E+04   0.40295E+01   0.59407E+22
   0.80929E+04   0.29401E+04   0.40300E+01   0.59414E+22
   0.80943E+04   0.29406E+04   0.40305E+01   0.59421E+22
   0.80957E+04   0.29411E+04   0.40310E+01   0.59428E+22
   0.80970E+04   0.29416E+04   0.40315E+01   0.59436E+22
   0.80984E+04   0.29421E+04   0.40320E+01   0.59443E+22
   0.80998E+04   0.29426E+04   0.40325E+01   0.59450E+22
   0.81011E+04   0.29431E+04   0.40330E+01   0.59457E+22
   0.81025E+04   0.29436E+04   0.40335E+01   0.59465E+22
   0.81039E+04   0.29441E+04   0.40340E+01   0.59472E+22
   0.81053E+04   0.29446E+04   0.40345E+01   0.59479E+22
   0.81066E+04   0.29451E+04   0.40350E+01   0.59486E+22
   0.81080E+04   0.29456E+04   0.40355E+01   0.59493E+22
   0.81094E+04   0.29461E+04   0.40360E+01   0.59501E+22
   0.81107E+04   0.29466E+04   0.40365E+01   0.59508E+22
   0.81121E+04   0.29471E+04   0.40370E+01   0.59515E+22
   0.81135E+04   0.29476E+04   0.40375E+01   0.59522E+22
   0.81148E+04   0.29481E+04   0.40380E+01   0.59530E+22
   0.81162E+04   0.29486E+04   0.40385E+01   0.59537E+22
   0.81176E+04   0.29491E+04   0.40390E+01   0.59544E+22
   0.81190E+04   0.29496E+04   0.40395E+01   0.59551E+22
   0.81203E+04   0.29501E+04   0.40400E+01   0.59558E+22
   0.81217E+04   0.29506E+04   0.40405E+01   0.59566E+22
   0.81231E+04   0.29511E+04   0.40410E+01   0.59573E+22
   0.81244E+04   0.29516E+04   0.40415E+01   0.59580E+22
   0.81258E+04   0.29521E+04   0.40420E+01   0.59587E+22
   0.81272E+04   0.29526E+04   0.40425E+01   0.59594E+22
   0.81285E+04   0.29531E+04   0.40430E+01   0.59602E+22
   0.81299E+04   0.29536E+04   0.40435E+01   0.59609E+22
   0.81313E+04   0.29541E+04   0.40440E+01   0.59616E+22
   0.81327E+04   0.29546E+04   0.40445E+01   0.59623E+22
   0.81340E+04   0.29551E+04   0.40450E+01   0.59631E+22
   0.81354E+04   0.29556E+04   0.40455E+01   0.59638E+22
   0.81368E+04   0.29561E+04   0.40460E+01   0.59645E+22
   0.81381E+04   0.29566E+04   0.40465E+01   0.59652E+22
   0.81395E+04   0.29571E+04   0.40470E+01   0.59659E+22
   0.81409E+04   0.29576E+04   0.40475E+01   0.59667E+22
   0.81423E+04   0.29581E+04   0.40480E+01   0.59674E+22
   0.81436E+04   0.29586E+04   0.40485E+01   0.59681E+22
   0.81450E+04   0.29591E+04   0.40490E+01   0.59688E+22
   0.81464E+04   0.29596E+04   0.40495E+01   0.59696E+22
   0.81477E+04   0.29601E+04   0.40500E+01   0.59703E+22
   0.81491E+04   0.29606E+04   0.40505E+01   0.59710E+22
   0.81505E+04   0.29611E+04   0.40510E+01   0.59717E+22
   0.81519E+04   0.29616E+04   0.40515E+01   0.59724E+22
   0.81532E+04   0.29621E+04   0.40520E+01   0.59732E+22
   0.81546E+04   0.29626E+04   0.40525E+01   0.59739E+22
   0.81560E+04   0.29631E+04   0.40530E+01   0.59746E+22
   0.81573E+04   0.29636E+04   0.40535E+01   0.59753E+22
   0.81587E+04   0.29641E+04   0.40540E+01   0.59760E+22
   0.81601E+04   0.29646E+04   0.40545E+01   0.59768E+22
   0.81615E+04   0.29651E+04   0.40550E+01   0.59775E+22
   0.81628E+04   0.29656E+04   0.40555E+01   0.59782E+22
   0.81642E+04   0.29661E+04   0.40560E+01   0.59789E+22
   0.81656E+04   0.29666E+04   0.40565E+01   0.59797E+22
   0.81669E+04   0.29671E+04   0.40570E+01   0.59804E+22
   0.81683E+04   0.29676E+04   0.40575E+01   0.59811E+22
   0.81697E+04   0.29681E+04   0.40580E+01   0.59818E+22
   0.81711E+04   0.29686E+04   0.40585E+01   0.59825E+22
   0.81724E+04   0.29691E+04   0.40590E+01   0.59833E+22
   0.81738E+04   0.29696E+04   0.40595E+01   0.59840E+22
   0.81752E+04   0.29701E+04   0.40600E+01   0.59847E+22
   0.81766E+04   0.29706E+04   0.40605E+01   0.59854E+22
   0.81779E+04   0.29711E+04   0.40610E+01   0.59862E+22
   0.81793E+04   0.29716E+04   0.40615E+01   0.59869E+22
   0.81807E+04   0.29721E+04   0.40620E+01   0.59876E+22
   0.81820E+04   0.29726E+04   0.40625E+01   0.59883E+22
   0.81834E+04   0.29731E+04   0.40630E+01   0.59890E+22
   0.81848E+04   0.29736E+04   0.40635E+01   0.59898E+22
   0.81862E+04   0.29741E+04   0.40640E+01   0.59905E+22
   0.81875E+04   0.29746E+04   0.40645E+01   0.59912E+22
   0.81889E+04   0.29751E+04   0.40650E+01   0.59919E+22
   0.81903E+04   0.29756E+04   0.40655E+01   0.59926E+22
   0.81917E+04   0.29761E+04   0.40660E+01   0.59934E+22
   0.81930E+04   0.29766E+04   0.40665E+01   0.59941E+22
   0.81944E+04   0.29771E+04   0.40670E+01   0.59948E+22
   0.81958E+04   0.29776E+04   0.40675E+01   0.59955E+22
   0.81971E+04   0.29781E+04   0.40680E+01   0.59963E+22
   0.81985E+04   0.29786E+04   0.40685E+01   0.59970E+22
   0.81999E+04   0.29791E+04   0.40690E+01   0.59977E+22
   0.82013E+04   0.29796E+04   0.40695E+01   0.59984E+22
   0.82026E+04   0.29801E+04   0.40700E+01   0.59991E+22
   0.82040E+04   0.29806E+04   0.40705E+01   0.59999E+22
   0.82054E+04   0.29811E+04   0.40710E+01   0.60006E+22
   0.82068E+04   0.29816E+04   0.40715E+01   0.60013E+22
   0.82081E+04   0.29821E+04   0.40720E+01   0.60020E+22
   0.82095E+04   0.29826E+04   0.40725E+01   0.60028E+22
   0.82109E+04   0.29831E+04   0.40730E+01   0.60035E+22
   0.82123E+04   0.29836E+04   0.40735E+01   0.60042E+22
   0.82136E+04   0.29841E+04   0.40740E+01   0.60049E+22
   0.82150E+04   0.29846E+04   0.40745E+01   0.60056E+22
   0.82164E+04   0.29851E+04   0.40750E+01   0.60064E+22
   0.82178E+04   0.29856E+04   0.40755E+01   0.60071E+22
   0.82191E+04   0.29861E+04   0.40760E+01   0.60078E+22
   0.82205E+04   0.29866E+04   0.40765E+01   0.60085E+22
   0.82219E+04   0.29871E+04   0.40770E+01   0.60093E+22
   0.82233E+04   0.29876E+04   0.40775E+01   0.60100E+22
   0.82246E+04   0.29881E+04   0.40780E+01   0.60107E+22
   0.82260E+04   0.29886E+04   0.40785E+01   0.60114E+22
   0.82274E+04   0.29891E+04   0.40790E+01   0.60121E+22
   0.82288E+04   0.29896E+04   0.40795E+01   0.60129E+22
   0.82301E+04   0.29901E+04   0.40800E+01   0.60136E+22
   0.82315E+04   0.29906E+04   0.40805E+01   0.60143E+22
   0.82329E+04   0.29911E+04   0.40810E+01   0.60150E+22
   0.82343E+04   0.29916E+04   0.40815E+01   0.60157E+22
   0.82356E+04   0.29921E+04   0.40820E+01   0.60165E+22
   0.82370E+04   0.29926E+04   0.40825E+01   0.60172E+22
   0.82384E+04   0.29931E+04   0.40830E+01   0.60179E+22
   0.82398E+04   0.29936E+04   0.40835E+01   0.60186E+22
   0.82411E+04   0.29941E+04   0.40840E+01   0.60194E+22
   0.82425E+04   0.29946E+04   0.40845E+01   0.60201E+22
   0.82439E+04   0.29951E+04   0.40850E+01   0.60208E+22
   0.82453E+04   0.29956E+04   0.40855E+01   0.60215E+22
   0.82466E+04   0.29961E+04   0.40860E+01   0.60222E+22
   0.82480E+04   0.29966E+04   0.40865E+01   0.60230E+22
   0.82494E+04   0.29971E+04   0.40870E+01   0.60237E+22
   0.82508E+04   0.29976E+04   0.40875E+01   0.60244E+22
   0.82521E+04   0.29981E+04   0.40880E+01   0.60251E+22
   0.82535E+04   0.29986E+04   0.40885E+01   0.60259E+22
   0.82549E+04   0.29991E+04   0.40890E+01   0.60266E+22
   0.82563E+04   0.29996E+04   0.40895E+01   0.60273E+22
   0.82576E+04   0.30001E+04   0.40900E+01   0.60280E+22
   0.82590E+04   0.30006E+04   0.40905E+01   0.60287E+22
   0.82604E+04   0.30011E+04   0.40910E+01   0.60295E+22
   0.82618E+04   0.30016E+04   0.40915E+01   0.60302E+22
   0.82631E+04   0.30021E+04   0.40920E+01   0.60309E+22
   0.82645E+04   0.30026E+04   0.40925E+01   0.60316E+22
   0.82659E+04   0.30031E+04   0.40930E+01   0.60323E+22
   0.82673E+04   0.30036E+04   0.40935E+01   0.60331E+22
   0.82687E+04   0.30041E+04   0.40940E+01   0.60338E+22
   0.82700E+04   0.30046E+04   0.40945E+01   0.60345E+22
   0.82714E+04   0.30051E+04   0.40950E+01   0.60352E+22
   0.82728E+04   0.30056E+04   0.40955E+01   0.60360E+22
   0.82742E+04   0.30061E+04   0.40960E+01   0.60367E+22
   0.82755E+04   0.30066E+04   0.40965E+01   0.60374E+22
   0.82769E+04   0.30071E+04   0.40970E+01   0.60381E+22
   0.82783E+04   0.30076E+04   0.40975E+01   0.60388E+22
   0.82797E+04   0.30081E+04   0.40980E+01   0.60396E+22
   0.82810E+04   0.30086E+04   0.40985E+01   0.60403E+22
   0.82824E+04   0.30091E+04   0.40990E+01   0.60410E+22
   0.82838E+04   0.30096E+04   0.40995E+01   0.60417E+22
   0.82852E+04   0.30101E+04   0.41000E+01   0.60425E+22
   0.82866E+04   0.30106E+04   0.41005E+01   0.60432E+22
   0.82879E+04   0.30111E+04   0.41010E+01   0.60439E+22
   0.82893E+04   0.30116E+04   0.41015E+01   0.60446E+22
   0.82907E+04   0.30121E+04   0.41020E+01   0.60453E+22
   0.82921E+04   0.30126E+04   0.41025E+01   0.60461E+22
   0.82934E+04   0.30131E+04   0.41030E+01   0.60468E+22
   0.82948E+04   0.30136E+04   0.41035E+01   0.60475E+22
   0.82962E+04   0.30141E+04   0.41040E+01   0.60482E+22
   0.82976E+04   0.30146E+04   0.41045E+01   0.60490E+22
   0.82990E+04   0.30151E+04   0.41050E+01   0.60497E+22
   0.83003E+04   0.30156E+04   0.41055E+01   0.60504E+22
   0.83017E+04   0.30161E+04   0.41060E+01   0.60511E+22
   0.83031E+04   0.30166E+04   0.41065E+01   0.60518E+22
   0.83045E+04   0.30171E+04   0.41070E+01   0.60526E+22
   0.83058E+04   0.30176E+04   0.41075E+01   0.60533E+22
   0.83072E+04   0.30181E+04   0.41080E+01   0.60540E+22
   0.83086E+04   0.30186E+04   0.41085E+01   0.60547E+22
   0.83100E+04   0.30191E+04   0.41090E+01   0.60554E+22
   0.83114E+04   0.30196E+04   0.41095E+01   0.60562E+22
   0.83127E+04   0.30201E+04   0.41100E+01   0.60569E+22
   0.83141E+04   0.30206E+04   0.41105E+01   0.60576E+22
   0.83155E+04   0.30211E+04   0.41110E+01   0.60583E+22
   0.83169E+04   0.30216E+04   0.41115E+01   0.60591E+22
   0.83183E+04   0.30221E+04   0.41120E+01   0.60598E+22
   0.83196E+04   0.30226E+04   0.41125E+01   0.60605E+22
   0.83210E+04   0.30231E+04   0.41130E+01   0.60612E+22
   0.83224E+04   0.30236E+04   0.41135E+01   0.60619E+22
   0.83238E+04   0.30241E+04   0.41140E+01   0.60627E+22
   0.83252E+04   0.30246E+04   0.41145E+01   0.60634E+22
   0.83265E+04   0.30251E+04   0.41150E+01   0.60641E+22
   0.83279E+04   0.30257E+04   0.41155E+01   0.60648E+22
   0.83293E+04   0.30262E+04   0.41160E+01   0.60656E+22
   0.83307E+04   0.30267E+04   0.41165E+01   0.60663E+22
   0.83321E+04   0.30272E+04   0.41170E+01   0.60670E+22
   0.83334E+04   0.30277E+04   0.41175E+01   0.60677E+22
   0.83348E+04   0.30282E+04   0.41180E+01   0.60684E+22
   0.83362E+04   0.30287E+04   0.41185E+01   0.60692E+22
   0.83376E+04   0.30292E+04   0.41190E+01   0.60699E+22
   0.83389E+04   0.30297E+04   0.41195E+01   0.60706E+22
   0.83403E+04   0.30302E+04   0.41200E+01   0.60713E+22
   0.83417E+04   0.30307E+04   0.41205E+01   0.60721E+22
   0.83431E+04   0.30312E+04   0.41210E+01   0.60728E+22
   0.83445E+04   0.30317E+04   0.41215E+01   0.60735E+22
   0.83458E+04   0.30322E+04   0.41220E+01   0.60742E+22
   0.83472E+04   0.30327E+04   0.41225E+01   0.60749E+22
   0.83486E+04   0.30332E+04   0.41230E+01   0.60757E+22
   0.83500E+04   0.30337E+04   0.41235E+01   0.60764E+22
   0.83514E+04   0.30342E+04   0.41240E+01   0.60771E+22
   0.83528E+04   0.30347E+04   0.41245E+01   0.60778E+22
   0.83541E+04   0.30352E+04   0.41250E+01   0.60785E+22
   0.83555E+04   0.30357E+04   0.41255E+01   0.60793E+22
   0.83569E+04   0.30362E+04   0.41260E+01   0.60800E+22
   0.83583E+04   0.30367E+04   0.41265E+01   0.60807E+22
   0.83597E+04   0.30372E+04   0.41270E+01   0.60814E+22
   0.83610E+04   0.30377E+04   0.41275E+01   0.60822E+22
   0.83624E+04   0.30382E+04   0.41280E+01   0.60829E+22
   0.83638E+04   0.30387E+04   0.41285E+01   0.60836E+22
   0.83652E+04   0.30392E+04   0.41290E+01   0.60843E+22
   0.83666E+04   0.30397E+04   0.41295E+01   0.60850E+22
   0.83679E+04   0.30402E+04   0.41300E+01   0.60858E+22
   0.83693E+04   0.30407E+04   0.41305E+01   0.60865E+22
   0.83707E+04   0.30412E+04   0.41310E+01   0.60872E+22
   0.83721E+04   0.30417E+04   0.41315E+01   0.60879E+22
   0.83735E+04   0.30422E+04   0.41320E+01   0.60887E+22
   0.83748E+04   0.30427E+04   0.41325E+01   0.60894E+22
   0.83762E+04   0.30432E+04   0.41330E+01   0.60901E+22
   0.83776E+04   0.30437E+04   0.41335E+01   0.60908E+22
   0.83790E+04   0.30442E+04   0.41340E+01   0.60915E+22
   0.83804E+04   0.30447E+04   0.41345E+01   0.60923E+22
   0.83818E+04   0.30452E+04   0.41350E+01   0.60930E+22
   0.83831E+04   0.30457E+04   0.41355E+01   0.60937E+22
   0.83845E+04   0.30462E+04   0.41360E+01   0.60944E+22
   0.83859E+04   0.30467E+04   0.41365E+01   0.60952E+22
   0.83873E+04   0.30472E+04   0.41370E+01   0.60959E+22
   0.83887E+04   0.30477E+04   0.41375E+01   0.60966E+22
   0.83900E+04   0.30482E+04   0.41380E+01   0.60973E+22
   0.83914E+04   0.30487E+04   0.41385E+01   0.60980E+22
   0.83928E+04   0.30493E+04   0.41390E+01   0.60988E+22
   0.83942E+04   0.30498E+04   0.41395E+01   0.60995E+22
   0.83956E+04   0.30503E+04   0.41400E+01   0.61002E+22
   0.83970E+04   0.30508E+04   0.41405E+01   0.61009E+22
   0.83983E+04   0.30513E+04   0.41410E+01   0.61016E+22
   0.83997E+04   0.30518E+04   0.41415E+01   0.61024E+22
   0.84011E+04   0.30523E+04   0.41420E+01   0.61031E+22
   0.84025E+04   0.30528E+04   0.41425E+01   0.61038E+22
   0.84039E+04   0.30533E+04   0.41430E+01   0.61045E+22
   0.84053E+04   0.30538E+04   0.41435E+01   0.61053E+22
   0.84066E+04   0.30543E+04   0.41440E+01   0.61060E+22
   0.84080E+04   0.30548E+04   0.41445E+01   0.61067E+22
   0.84094E+04   0.30553E+04   0.41450E+01   0.61074E+22
   0.84108E+04   0.30558E+04   0.41455E+01   0.61081E+22
   0.84122E+04   0.30563E+04   0.41460E+01   0.61089E+22
   0.84136E+04   0.30568E+04   0.41465E+01   0.61096E+22
   0.84149E+04   0.30573E+04   0.41470E+01   0.61103E+22
   0.84163E+04   0.30578E+04   0.41475E+01   0.61110E+22
   0.84177E+04   0.30583E+04   0.41480E+01   0.61118E+22
   0.84191E+04   0.30588E+04   0.41485E+01   0.61125E+22
   0.84205E+04   0.30593E+04   0.41490E+01   0.61132E+22
   0.84218E+04   0.30598E+04   0.41495E+01   0.61139E+22
   0.84232E+04   0.30603E+04   0.41500E+01   0.61146E+22
   0.84246E+04   0.30608E+04   0.41505E+01   0.61154E+22
   0.84260E+04   0.30613E+04   0.41510E+01   0.61161E+22
   0.84274E+04   0.30618E+04   0.41515E+01   0.61168E+22
   0.84288E+04   0.30623E+04   0.41520E+01   0.61175E+22
   0.84302E+04   0.30628E+04   0.41525E+01   0.61183E+22
   0.84315E+04   0.30633E+04   0.41530E+01   0.61190E+22
   0.84329E+04   0.30638E+04   0.41535E+01   0.61197E+22
   0.84343E+04   0.30643E+04   0.41540E+01   0.61204E+22
   0.84357E+04   0.30648E+04   0.41545E+01   0.61211E+22
   0.84371E+04   0.30653E+04   0.41550E+01   0.61219E+22
   0.84385E+04   0.30658E+04   0.41555E+01   0.61226E+22
   0.84398E+04   0.30664E+04   0.41560E+01   0.61233E+22
   0.84412E+04   0.30669E+04   0.41565E+01   0.61240E+22
   0.84426E+04   0.30674E+04   0.41570E+01   0.61247E+22
   0.84440E+04   0.30679E+04   0.41575E+01   0.61255E+22
   0.84454E+04   0.30684E+04   0.41580E+01   0.61262E+22
   0.84468E+04   0.30689E+04   0.41585E+01   0.61269E+22
   0.84481E+04   0.30694E+04   0.41590E+01   0.61276E+22
   0.84495E+04   0.30699E+04   0.41595E+01   0.61284E+22
   0.84509E+04   0.30704E+04   0.41600E+01   0.61291E+22
   0.84523E+04   0.30709E+04   0.41605E+01   0.61298E+22
   0.84537E+04   0.30714E+04   0.41610E+01   0.61305E+22
   0.84551E+04   0.30719E+04   0.41615E+01   0.61312E+22
   0.84565E+04   0.30724E+04   0.41620E+01   0.61320E+22
   0.84578E+04   0.30729E+04   0.41625E+01   0.61327E+22
   0.84592E+04   0.30734E+04   0.41630E+01   0.61334E+22
   0.84606E+04   0.30739E+04   0.41635E+01   0.61341E+22
   0.84620E+04   0.30744E+04   0.41640E+01   0.61349E+22
   0.84634E+04   0.30749E+04   0.41645E+01   0.61356E+22
   0.84648E+04   0.30754E+04   0.41650E+01   0.61363E+22
   0.84662E+04   0.30759E+04   0.41655E+01   0.61370E+22
   0.84675E+04   0.30764E+04   0.41660E+01   0.61377E+22
   0.84689E+04   0.30769E+04   0.41665E+01   0.61385E+22
   0.84703E+04   0.30774E+04   0.41670E+01   0.61392E+22
   0.84717E+04   0.30779E+04   0.41675E+01   0.61399E+22
   0.84731E+04   0.30784E+04   0.41680E+01   0.61406E+22
   0.84745E+04   0.30789E+04   0.41685E+01   0.61414E+22
   0.84759E+04   0.30794E+04   0.41690E+01   0.61421E+22
   0.84772E+04   0.30799E+04   0.41695E+01   0.61428E+22
   0.84786E+04   0.30804E+04   0.41700E+01   0.61435E+22
   0.84800E+04   0.30810E+04   0.41705E+01   0.61442E+22
   0.84814E+04   0.30815E+04   0.41710E+01   0.61450E+22
   0.84828E+04   0.30820E+04   0.41715E+01   0.61457E+22
   0.84842E+04   0.30825E+04   0.41720E+01   0.61464E+22
   0.84856E+04   0.30830E+04   0.41725E+01   0.61471E+22
   0.84869E+04   0.30835E+04   0.41730E+01   0.61478E+22
   0.84883E+04   0.30840E+04   0.41735E+01   0.61486E+22
   0.84897E+04   0.30845E+04   0.41740E+01   0.61493E+22
   0.84911E+04   0.30850E+04   0.41745E+01   0.61500E+22
   0.84925E+04   0.30855E+04   0.41750E+01   0.61507E+22
   0.84939E+04   0.30860E+04   0.41755E+01   0.61515E+22
   0.84953E+04   0.30865E+04   0.41760E+01   0.61522E+22
   0.84966E+04   0.30870E+04   0.41765E+01   0.61529E+22
   0.84980E+04   0.30875E+04   0.41770E+01   0.61536E+22
   0.84994E+04   0.30880E+04   0.41775E+01   0.61543E+22
   0.85008E+04   0.30885E+04   0.41780E+01   0.61551E+22
   0.85022E+04   0.30890E+04   0.41785E+01   0.61558E+22
   0.85036E+04   0.30895E+04   0.41790E+01   0.61565E+22
   0.85050E+04   0.30900E+04   0.41795E+01   0.61572E+22
   0.85064E+04   0.30905E+04   0.41800E+01   0.61580E+22
   0.85077E+04   0.30910E+04   0.41805E+01   0.61587E+22
   0.85091E+04   0.30915E+04   0.41810E+01   0.61594E+22
   0.85105E+04   0.30920E+04   0.41815E+01   0.61601E+22
   0.85119E+04   0.30925E+04   0.41820E+01   0.61608E+22
   0.85133E+04   0.30930E+04   0.41825E+01   0.61616E+22
   0.85147E+04   0.30936E+04   0.41830E+01   0.61623E+22
   0.85161E+04   0.30941E+04   0.41835E+01   0.61630E+22
   0.85175E+04   0.30946E+04   0.41840E+01   0.61637E+22
   0.85188E+04   0.30951E+04   0.41845E+01   0.61645E+22
   0.85202E+04   0.30956E+04   0.41850E+01   0.61652E+22
   0.85216E+04   0.30961E+04   0.41855E+01   0.61659E+22
   0.85230E+04   0.30966E+04   0.41860E+01   0.61666E+22
   0.85244E+04   0.30971E+04   0.41865E+01   0.61673E+22
   0.85258E+04   0.30976E+04   0.41870E+01   0.61681E+22
   0.85272E+04   0.30981E+04   0.41875E+01   0.61688E+22
   0.85286E+04   0.30986E+04   0.41880E+01   0.61695E+22
   0.85299E+04   0.30991E+04   0.41885E+01   0.61702E+22
   0.85313E+04   0.30996E+04   0.41890E+01   0.61710E+22
   0.85327E+04   0.31001E+04   0.41895E+01   0.61717E+22
   0.85341E+04   0.31006E+04   0.41900E+01   0.61724E+22
   0.85355E+04   0.31011E+04   0.41905E+01   0.61731E+22
   0.85369E+04   0.31016E+04   0.41910E+01   0.61738E+22
   0.85383E+04   0.31021E+04   0.41915E+01   0.61746E+22
   0.85397E+04   0.31026E+04   0.41920E+01   0.61753E+22
   0.85411E+04   0.31031E+04   0.41925E+01   0.61760E+22
   0.85424E+04   0.31036E+04   0.41930E+01   0.61767E+22
   0.85438E+04   0.31041E+04   0.41935E+01   0.61774E+22
   0.85452E+04   0.31047E+04   0.41940E+01   0.61782E+22
   0.85466E+04   0.31052E+04   0.41945E+01   0.61789E+22
   0.85480E+04   0.31057E+04   0.41950E+01   0.61796E+22
   0.85494E+04   0.31062E+04   0.41955E+01   0.61803E+22
   0.85508E+04   0.31067E+04   0.41960E+01   0.61811E+22
   0.85522E+04   0.31072E+04   0.41965E+01   0.61818E+22
   0.85536E+04   0.31077E+04   0.41970E+01   0.61825E+22
   0.85549E+04   0.31082E+04   0.41975E+01   0.61832E+22
   0.85563E+04   0.31087E+04   0.41980E+01   0.61839E+22
   0.85577E+04   0.31092E+04   0.41985E+01   0.61847E+22
   0.85591E+04   0.31097E+04   0.41990E+01   0.61854E+22
   0.85605E+04   0.31102E+04   0.41995E+01   0.61861E+22
   0.85619E+04   0.31107E+04   0.42000E+01   0.61868E+22
   0.85633E+04   0.31112E+04   0.42005E+01   0.61876E+22
   0.85647E+04   0.31117E+04   0.42010E+01   0.61883E+22
   0.85661E+04   0.31122E+04   0.42015E+01   0.61890E+22
   0.85675E+04   0.31127E+04   0.42020E+01   0.61897E+22
   0.85688E+04   0.31132E+04   0.42025E+01   0.61904E+22
   0.85702E+04   0.31137E+04   0.42030E+01   0.61912E+22
   0.85716E+04   0.31142E+04   0.42035E+01   0.61919E+22
   0.85730E+04   0.31147E+04   0.42040E+01   0.61926E+22
   0.85744E+04   0.31153E+04   0.42045E+01   0.61933E+22
   0.85758E+04   0.31158E+04   0.42050E+01   0.61941E+22
   0.85772E+04   0.31163E+04   0.42055E+01   0.61948E+22
   0.85786E+04   0.31168E+04   0.42060E+01   0.61955E+22
   0.85800E+04   0.31173E+04   0.42065E+01   0.61962E+22
   0.85814E+04   0.31178E+04   0.42070E+01   0.61969E+22
   0.85827E+04   0.31183E+04   0.42075E+01   0.61977E+22
   0.85841E+04   0.31188E+04   0.42080E+01   0.61984E+22
   0.85855E+04   0.31193E+04   0.42085E+01   0.61991E+22
   0.85869E+04   0.31198E+04   0.42090E+01   0.61998E+22
   0.85883E+04   0.31203E+04   0.42095E+01   0.62006E+22
   0.85897E+04   0.31208E+04   0.42100E+01   0.62013E+22
   0.85911E+04   0.31213E+04   0.42105E+01   0.62020E+22
   0.85925E+04   0.31218E+04   0.42110E+01   0.62027E+22
   0.85939E+04   0.31223E+04   0.42115E+01   0.62034E+22
   0.85953E+04   0.31228E+04   0.42120E+01   0.62042E+22
   0.85967E+04   0.31233E+04   0.42125E+01   0.62049E+22
   0.85980E+04   0.31238E+04   0.42130E+01   0.62056E+22
   0.85994E+04   0.31243E+04   0.42135E+01   0.62063E+22
   0.86008E+04   0.31249E+04   0.42140E+01   0.62071E+22
   0.86022E+04   0.31254E+04   0.42145E+01   0.62078E+22
   0.86036E+04   0.31259E+04   0.42150E+01   0.62085E+22
   0.86050E+04   0.31264E+04   0.42155E+01   0.62092E+22
   0.86064E+04   0.31269E+04   0.42160E+01   0.62099E+22
   0.86078E+04   0.31274E+04   0.42165E+01   0.62107E+22
   0.86092E+04   0.31279E+04   0.42170E+01   0.62114E+22
   0.86106E+04   0.31284E+04   0.42175E+01   0.62121E+22
   0.86120E+04   0.31289E+04   0.42180E+01   0.62128E+22
   0.86133E+04   0.31294E+04   0.42185E+01   0.62135E+22
   0.86147E+04   0.31299E+04   0.42190E+01   0.62143E+22
   0.86161E+04   0.31304E+04   0.42195E+01   0.62150E+22
   0.86175E+04   0.31309E+04   0.42200E+01   0.62157E+22
   0.86189E+04   0.31314E+04   0.42205E+01   0.62164E+22
   0.86203E+04   0.31319E+04   0.42210E+01   0.62172E+22
   0.86217E+04   0.31324E+04   0.42215E+01   0.62179E+22
   0.86231E+04   0.31329E+04   0.42220E+01   0.62186E+22
   0.86245E+04   0.31334E+04   0.42225E+01   0.62193E+22
   0.86259E+04   0.31340E+04   0.42230E+01   0.62200E+22
   0.86273E+04   0.31345E+04   0.42235E+01   0.62208E+22
   0.86287E+04   0.31350E+04   0.42240E+01   0.62215E+22
   0.86301E+04   0.31355E+04   0.42245E+01   0.62222E+22
   0.86314E+04   0.31360E+04   0.42250E+01   0.62229E+22
   0.86328E+04   0.31365E+04   0.42255E+01   0.62237E+22
   0.86342E+04   0.31370E+04   0.42260E+01   0.62244E+22
   0.86356E+04   0.31375E+04   0.42265E+01   0.62251E+22
   0.86370E+04   0.31380E+04   0.42270E+01   0.62258E+22
   0.86384E+04   0.31385E+04   0.42275E+01   0.62265E+22
   0.86398E+04   0.31390E+04   0.42280E+01   0.62273E+22
   0.86412E+04   0.31395E+04   0.42285E+01   0.62280E+22
   0.86426E+04   0.31400E+04   0.42290E+01   0.62287E+22
   0.86440E+04   0.31405E+04   0.42295E+01   0.62294E+22
   0.86454E+04   0.31410E+04   0.42300E+01   0.62302E+22
   0.86468E+04   0.31415E+04   0.42305E+01   0.62309E+22
   0.86482E+04   0.31420E+04   0.42310E+01   0.62316E+22
   0.86496E+04   0.31426E+04   0.42315E+01   0.62323E+22
   0.86509E+04   0.31431E+04   0.42320E+01   0.62330E+22
   0.86523E+04   0.31436E+04   0.42325E+01   0.62338E+22
   0.86537E+04   0.31441E+04   0.42330E+01   0.62345E+22
   0.86551E+04   0.31446E+04   0.42335E+01   0.62352E+22
   0.86565E+04   0.31451E+04   0.42340E+01   0.62359E+22
   0.86579E+04   0.31456E+04   0.42345E+01   0.62367E+22
   0.86593E+04   0.31461E+04   0.42350E+01   0.62374E+22
   0.86607E+04   0.31466E+04   0.42355E+01   0.62381E+22
   0.86621E+04   0.31471E+04   0.42360E+01   0.62388E+22
   0.86635E+04   0.31476E+04   0.42365E+01   0.62395E+22
   0.86649E+04   0.31481E+04   0.42370E+01   0.62403E+22
   0.86663E+04   0.31486E+04   0.42375E+01   0.62410E+22
   0.86677E+04   0.31491E+04   0.42380E+01   0.62417E+22
   0.86691E+04   0.31496E+04   0.42385E+01   0.62424E+22
   0.86705E+04   0.31501E+04   0.42390E+01   0.62431E+22
   0.86719E+04   0.31507E+04   0.42395E+01   0.62439E+22
   0.86733E+04   0.31512E+04   0.42400E+01   0.62446E+22
   0.86746E+04   0.31517E+04   0.42405E+01   0.62453E+22
   0.86760E+04   0.31522E+04   0.42410E+01   0.62460E+22
   0.86774E+04   0.31527E+04   0.42415E+01   0.62468E+22
   0.86788E+04   0.31532E+04   0.42420E+01   0.62475E+22
   0.86802E+04   0.31537E+04   0.42425E+01   0.62482E+22
   0.86816E+04   0.31542E+04   0.42430E+01   0.62489E+22
   0.86830E+04   0.31547E+04   0.42435E+01   0.62496E+22
   0.86844E+04   0.31552E+04   0.42440E+01   0.62504E+22
   0.86858E+04   0.31557E+04   0.42445E+01   0.62511E+22
   0.86872E+04   0.31562E+04   0.42450E+01   0.62518E+22
   0.86886E+04   0.31567E+04   0.42455E+01   0.62525E+22
   0.86900E+04   0.31572E+04   0.42460E+01   0.62533E+22
   0.86914E+04   0.31577E+04   0.42465E+01   0.62540E+22
   0.86928E+04   0.31583E+04   0.42470E+01   0.62547E+22
   0.86942E+04   0.31588E+04   0.42475E+01   0.62554E+22
   0.86956E+04   0.31593E+04   0.42480E+01   0.62561E+22
   0.86970E+04   0.31598E+04   0.42485E+01   0.62569E+22
   0.86984E+04   0.31603E+04   0.42490E+01   0.62576E+22
   0.86998E+04   0.31608E+04   0.42495E+01   0.62583E+22
   0.87012E+04   0.31613E+04   0.42500E+01   0.62590E+22
   0.87025E+04   0.31618E+04   0.42505E+01   0.62598E+22
   0.87039E+04   0.31623E+04   0.42510E+01   0.62605E+22
   0.87053E+04   0.31628E+04   0.42515E+01   0.62612E+22
   0.87067E+04   0.31633E+04   0.42520E+01   0.62619E+22
   0.87081E+04   0.31638E+04   0.42525E+01   0.62626E+22
   0.87095E+04   0.31643E+04   0.42530E+01   0.62634E+22
   0.87109E+04   0.31648E+04   0.42535E+01   0.62641E+22
   0.87123E+04   0.31653E+04   0.42540E+01   0.62648E+22
   0.87137E+04   0.31659E+04   0.42545E+01   0.62655E+22
   0.87151E+04   0.31664E+04   0.42550E+01   0.62663E+22
   0.87165E+04   0.31669E+04   0.42555E+01   0.62670E+22
   0.87179E+04   0.31674E+04   0.42560E+01   0.62677E+22
   0.87193E+04   0.31679E+04   0.42565E+01   0.62684E+22
   0.87207E+04   0.31684E+04   0.42570E+01   0.62691E+22
   0.87221E+04   0.31689E+04   0.42575E+01   0.62699E+22
   0.87235E+04   0.31694E+04   0.42580E+01   0.62706E+22
   0.87249E+04   0.31699E+04   0.42585E+01   0.62713E+22
   0.87263E+04   0.31704E+04   0.42590E+01   0.62720E+22
   0.87277E+04   0.31709E+04   0.42595E+01   0.62728E+22
   0.87291E+04   0.31714E+04   0.42600E+01   0.62735E+22
   0.87305E+04   0.31719E+04   0.42605E+01   0.62742E+22
   0.87319E+04   0.31724E+04   0.42610E+01   0.62749E+22
   0.87333E+04   0.31730E+04   0.42615E+01   0.62756E+22
   0.87347E+04   0.31735E+04   0.42620E+01   0.62764E+22
   0.87361E+04   0.31740E+04   0.42625E+01   0.62771E+22
   0.87375E+04   0.31745E+04   0.42630E+01   0.62778E+22
   0.87389E+04   0.31750E+04   0.42635E+01   0.62785E+22
   0.87403E+04   0.31755E+04   0.42640E+01   0.62793E+22
   0.87416E+04   0.31760E+04   0.42645E+01   0.62800E+22
   0.87430E+04   0.31765E+04   0.42650E+01   0.62807E+22
   0.87444E+04   0.31770E+04   0.42655E+01   0.62814E+22
   0.87458E+04   0.31775E+04   0.42660E+01   0.62821E+22
   0.87472E+04   0.31780E+04   0.42665E+01   0.62829E+22
   0.87486E+04   0.31785E+04   0.42670E+01   0.62836E+22
   0.87500E+04   0.31790E+04   0.42675E+01   0.62843E+22
   0.87514E+04   0.31795E+04   0.42680E+01   0.62850E+22
   0.87528E+04   0.31801E+04   0.42685E+01   0.62857E+22
   0.87542E+04   0.31806E+04   0.42690E+01   0.62865E+22
   0.87556E+04   0.31811E+04   0.42695E+01   0.62872E+22
   0.87570E+04   0.31816E+04   0.42700E+01   0.62879E+22
   0.87584E+04   0.31821E+04   0.42705E+01   0.62886E+22
   0.87598E+04   0.31826E+04   0.42710E+01   0.62894E+22
   0.87612E+04   0.31831E+04   0.42715E+01   0.62901E+22
   0.87626E+04   0.31836E+04   0.42720E+01   0.62908E+22
   0.87640E+04   0.31841E+04   0.42725E+01   0.62915E+22
   0.87654E+04   0.31846E+04   0.42730E+01   0.62922E+22
   0.87668E+04   0.31851E+04   0.42735E+01   0.62930E+22
   0.87682E+04   0.31856E+04   0.42740E+01   0.62937E+22
   0.87696E+04   0.31861E+04   0.42745E+01   0.62944E+22
   0.87710E+04   0.31867E+04   0.42750E+01   0.62951E+22
   0.87724E+04   0.31872E+04   0.42755E+01   0.62959E+22
   0.87738E+04   0.31877E+04   0.42760E+01   0.62966E+22
   0.87752E+04   0.31882E+04   0.42765E+01   0.62973E+22
   0.87766E+04   0.31887E+04   0.42770E+01   0.62980E+22
   0.87780E+04   0.31892E+04   0.42775E+01   0.62987E+22
   0.87794E+04   0.31897E+04   0.42780E+01   0.62995E+22
   0.87808E+04   0.31902E+04   0.42785E+01   0.63002E+22
   0.87822E+04   0.31907E+04   0.42790E+01   0.63009E+22
   0.87836E+04   0.31912E+04   0.42795E+01   0.63016E+22
   0.87850E+04   0.31917E+04   0.42800E+01   0.63024E+22
   0.87864E+04   0.31922E+04   0.42805E+01   0.63031E+22
   0.87878E+04   0.31927E+04   0.42810E+01   0.63038E+22
   0.87892E+04   0.31933E+04   0.42815E+01   0.63045E+22
   0.87906E+04   0.31938E+04   0.42820E+01   0.63052E+22
   0.87920E+04   0.31943E+04   0.42825E+01   0.63060E+22
   0.87934E+04   0.31948E+04   0.42830E+01   0.63067E+22
   0.87948E+04   0.31953E+04   0.42835E+01   0.63074E+22
   0.87962E+04   0.31958E+04   0.42840E+01   0.63081E+22
   0.87976E+04   0.31963E+04   0.42845E+01   0.63089E+22
   0.87990E+04   0.31968E+04   0.42850E+01   0.63096E+22
   0.88004E+04   0.31973E+04   0.42855E+01   0.63103E+22
   0.88018E+04   0.31978E+04   0.42860E+01   0.63110E+22
   0.88032E+04   0.31983E+04   0.42865E+01   0.63117E+22
   0.88046E+04   0.31988E+04   0.42870E+01   0.63125E+22
   0.88060E+04   0.31993E+04   0.42875E+01   0.63132E+22
   0.88074E+04   0.31999E+04   0.42880E+01   0.63139E+22
   0.88088E+04   0.32004E+04   0.42885E+01   0.63146E+22
   0.88102E+04   0.32009E+04   0.42890E+01   0.63154E+22
   0.88116E+04   0.32014E+04   0.42895E+01   0.63161E+22
   0.88130E+04   0.32019E+04   0.42900E+01   0.63168E+22
   0.88144E+04   0.32024E+04   0.42905E+01   0.63175E+22
   0.88158E+04   0.32029E+04   0.42910E+01   0.63182E+22
   0.88172E+04   0.32034E+04   0.42915E+01   0.63190E+22
   0.88186E+04   0.32039E+04   0.42920E+01   0.63197E+22
   0.88200E+04   0.32044E+04   0.42925E+01   0.63204E+22
   0.88214E+04   0.32049E+04   0.42930E+01   0.63211E+22
   0.88228E+04   0.32054E+04   0.42935E+01   0.63219E+22
   0.88242E+04   0.32060E+04   0.42940E+01   0.63226E+22
   0.88256E+04   0.32065E+04   0.42945E+01   0.63233E+22
   0.88270E+04   0.32070E+04   0.42950E+01   0.63240E+22
   0.88284E+04   0.32075E+04   0.42955E+01   0.63247E+22
   0.88298E+04   0.32080E+04   0.42960E+01   0.63255E+22
   0.88312E+04   0.32085E+04   0.42965E+01   0.63262E+22
   0.88326E+04   0.32090E+04   0.42970E+01   0.63269E+22
   0.88340E+04   0.32095E+04   0.42975E+01   0.63276E+22
   0.88354E+04   0.32100E+04   0.42980E+01   0.63284E+22
   0.88368E+04   0.32105E+04   0.42985E+01   0.63291E+22
   0.88382E+04   0.32110E+04   0.42990E+01   0.63298E+22
   0.88396E+04   0.32115E+04   0.42995E+01   0.63305E+22
   0.88410E+04   0.32121E+04   0.43000E+01   0.63312E+22
   0.88424E+04   0.32126E+04   0.43005E+01   0.63320E+22
   0.88438E+04   0.32131E+04   0.43010E+01   0.63327E+22
   0.88452E+04   0.32136E+04   0.43015E+01   0.63334E+22
   0.88466E+04   0.32141E+04   0.43020E+01   0.63341E+22
   0.88480E+04   0.32146E+04   0.43025E+01   0.63348E+22
   0.88494E+04   0.32151E+04   0.43030E+01   0.63356E+22
   0.88508E+04   0.32156E+04   0.43035E+01   0.63363E+22
   0.88522E+04   0.32161E+04   0.43040E+01   0.63370E+22
   0.88536E+04   0.32166E+04   0.43045E+01   0.63377E+22
   0.88550E+04   0.32171E+04   0.43050E+01   0.63385E+22
   0.88564E+04   0.32177E+04   0.43055E+01   0.63392E+22
   0.88578E+04   0.32182E+04   0.43060E+01   0.63399E+22
   0.88592E+04   0.32187E+04   0.43065E+01   0.63406E+22
   0.88606E+04   0.32192E+04   0.43070E+01   0.63413E+22
   0.88620E+04   0.32197E+04   0.43075E+01   0.63421E+22
   0.88634E+04   0.32202E+04   0.43080E+01   0.63428E+22
   0.88648E+04   0.32207E+04   0.43085E+01   0.63435E+22
   0.88662E+04   0.32212E+04   0.43090E+01   0.63442E+22
   0.88676E+04   0.32217E+04   0.43095E+01   0.63450E+22
   0.88691E+04   0.32222E+04   0.43100E+01   0.63457E+22
   0.88705E+04   0.32227E+04   0.43105E+01   0.63464E+22
   0.88719E+04   0.32233E+04   0.43110E+01   0.63471E+22
   0.88733E+04   0.32238E+04   0.43115E+01   0.63478E+22
   0.88747E+04   0.32243E+04   0.43120E+01   0.63486E+22
   0.88761E+04   0.32248E+04   0.43125E+01   0.63493E+22
   0.88775E+04   0.32253E+04   0.43130E+01   0.63500E+22
   0.88789E+04   0.32258E+04   0.43135E+01   0.63507E+22
   0.88803E+04   0.32263E+04   0.43140E+01   0.63515E+22
   0.88817E+04   0.32268E+04   0.43145E+01   0.63522E+22
   0.88831E+04   0.32273E+04   0.43150E+01   0.63529E+22
   0.88845E+04   0.32278E+04   0.43155E+01   0.63536E+22
   0.88859E+04   0.32283E+04   0.43160E+01   0.63543E+22
   0.88873E+04   0.32289E+04   0.43165E+01   0.63551E+22
   0.88887E+04   0.32294E+04   0.43170E+01   0.63558E+22
   0.88901E+04   0.32299E+04   0.43175E+01   0.63565E+22
   0.88915E+04   0.32304E+04   0.43180E+01   0.63572E+22
   0.88929E+04   0.32309E+04   0.43185E+01   0.63580E+22
   0.88943E+04   0.32314E+04   0.43190E+01   0.63587E+22
   0.88957E+04   0.32319E+04   0.43195E+01   0.63594E+22
   0.88971E+04   0.32324E+04   0.43200E+01   0.63601E+22
   0.88985E+04   0.32329E+04   0.43205E+01   0.63608E+22
   0.88999E+04   0.32334E+04   0.43210E+01   0.63616E+22
   0.89013E+04   0.32339E+04   0.43215E+01   0.63623E+22
   0.89027E+04   0.32345E+04   0.43220E+01   0.63630E+22
   0.89041E+04   0.32350E+04   0.43225E+01   0.63637E+22
   0.89055E+04   0.32355E+04   0.43230E+01   0.63645E+22
   0.89069E+04   0.32360E+04   0.43235E+01   0.63652E+22
   0.89083E+04   0.32365E+04   0.43240E+01   0.63659E+22
   0.89098E+04   0.32370E+04   0.43245E+01   0.63666E+22
   0.89112E+04   0.32375E+04   0.43250E+01   0.63673E+22
   0.89126E+04   0.32380E+04   0.43255E+01   0.63681E+22
   0.89140E+04   0.32385E+04   0.43260E+01   0.63688E+22
   0.89154E+04   0.32390E+04   0.43265E+01   0.63695E+22
   0.89168E+04   0.32395E+04   0.43270E+01   0.63702E+22
   0.89182E+04   0.32401E+04   0.43275E+01   0.63710E+22
   0.89196E+04   0.32406E+04   0.43280E+01   0.63717E+22
   0.89210E+04   0.32411E+04   0.43285E+01   0.63724E+22
   0.89224E+04   0.32416E+04   0.43290E+01   0.63731E+22
   0.89238E+04   0.32421E+04   0.43295E+01   0.63738E+22
   0.89252E+04   0.32426E+04   0.43300E+01   0.63746E+22
   0.89266E+04   0.32431E+04   0.43305E+01   0.63753E+22
   0.89280E+04   0.32436E+04   0.43310E+01   0.63760E+22
   0.89294E+04   0.32441E+04   0.43315E+01   0.63767E+22
   0.89308E+04   0.32446E+04   0.43320E+01   0.63775E+22
   0.89322E+04   0.32452E+04   0.43325E+01   0.63782E+22
   0.89336E+04   0.32457E+04   0.43330E+01   0.63789E+22
   0.89350E+04   0.32462E+04   0.43335E+01   0.63796E+22
   0.89364E+04   0.32467E+04   0.43340E+01   0.63803E+22
   0.89379E+04   0.32472E+04   0.43345E+01   0.63811E+22
   0.89393E+04   0.32477E+04   0.43350E+01   0.63818E+22
   0.89407E+04   0.32482E+04   0.43355E+01   0.63825E+22
   0.89421E+04   0.32487E+04   0.43360E+01   0.63832E+22
   0.89435E+04   0.32492E+04   0.43365E+01   0.63840E+22
   0.89449E+04   0.32497E+04   0.43370E+01   0.63847E+22
   0.89463E+04   0.32503E+04   0.43375E+01   0.63854E+22
   0.89477E+04   0.32508E+04   0.43380E+01   0.63861E+22
   0.89491E+04   0.32513E+04   0.43385E+01   0.63868E+22
   0.89505E+04   0.32518E+04   0.43390E+01   0.63876E+22
   0.89519E+04   0.32523E+04   0.43395E+01   0.63883E+22
   0.89533E+04   0.32528E+04   0.43400E+01   0.63890E+22
   0.89547E+04   0.32533E+04   0.43405E+01   0.63897E+22
   0.89561E+04   0.32538E+04   0.43410E+01   0.63905E+22
   0.89575E+04   0.32543E+04   0.43415E+01   0.63912E+22
   0.89589E+04   0.32548E+04   0.43420E+01   0.63919E+22
   0.89604E+04   0.32554E+04   0.43425E+01   0.63926E+22
   0.89618E+04   0.32559E+04   0.43430E+01   0.63933E+22
   0.89632E+04   0.32564E+04   0.43435E+01   0.63941E+22
   0.89646E+04   0.32569E+04   0.43440E+01   0.63948E+22
   0.89660E+04   0.32574E+04   0.43445E+01   0.63955E+22
   0.89674E+04   0.32579E+04   0.43450E+01   0.63962E+22
   0.89688E+04   0.32584E+04   0.43455E+01   0.63970E+22
   0.89702E+04   0.32589E+04   0.43460E+01   0.63977E+22
   0.89716E+04   0.32594E+04   0.43465E+01   0.63984E+22
   0.89730E+04   0.32599E+04   0.43470E+01   0.63991E+22
   0.89744E+04   0.32605E+04   0.43475E+01   0.63998E+22
   0.89758E+04   0.32610E+04   0.43480E+01   0.64006E+22
   0.89772E+04   0.32615E+04   0.43485E+01   0.64013E+22
   0.89786E+04   0.32620E+04   0.43490E+01   0.64020E+22
   0.89800E+04   0.32625E+04   0.43495E+01   0.64027E+22
   0.89815E+04   0.32630E+04   0.43500E+01   0.64034E+22
   0.89829E+04   0.32635E+04   0.43505E+01   0.64042E+22
   0.89843E+04   0.32640E+04   0.43510E+01   0.64049E+22
   0.89857E+04   0.32645E+04   0.43515E+01   0.64056E+22
   0.89871E+04   0.32651E+04   0.43520E+01   0.64063E+22
   0.89885E+04   0.32656E+04   0.43525E+01   0.64071E+22
   0.89899E+04   0.32661E+04   0.43530E+01   0.64078E+22
   0.89913E+04   0.32666E+04   0.43535E+01   0.64085E+22
   0.89927E+04   0.32671E+04   0.43540E+01   0.64092E+22
   0.89941E+04   0.32676E+04   0.43545E+01   0.64099E+22
   0.89955E+04   0.32681E+04   0.43550E+01   0.64107E+22
   0.89969E+04   0.32686E+04   0.43555E+01   0.64114E+22
   0.89983E+04   0.32691E+04   0.43560E+01   0.64121E+22
   0.89998E+04   0.32696E+04   0.43565E+01   0.64128E+22
   0.90012E+04   0.32702E+04   0.43570E+01   0.64136E+22
   0.90026E+04   0.32707E+04   0.43575E+01   0.64143E+22
   0.90040E+04   0.32712E+04   0.43580E+01   0.64150E+22
   0.90054E+04   0.32717E+04   0.43585E+01   0.64157E+22
   0.90068E+04   0.32722E+04   0.43590E+01   0.64164E+22
   0.90082E+04   0.32727E+04   0.43595E+01   0.64172E+22
   0.90096E+04   0.32732E+04   0.43600E+01   0.64179E+22
   0.90110E+04   0.32737E+04   0.43605E+01   0.64186E+22
   0.90124E+04   0.32742E+04   0.43610E+01   0.64193E+22
   0.90138E+04   0.32748E+04   0.43615E+01   0.64201E+22
   0.90153E+04   0.32753E+04   0.43620E+01   0.64208E+22
   0.90167E+04   0.32758E+04   0.43625E+01   0.64215E+22
   0.90181E+04   0.32763E+04   0.43630E+01   0.64222E+22
   0.90195E+04   0.32768E+04   0.43635E+01   0.64229E+22
   0.90209E+04   0.32773E+04   0.43640E+01   0.64237E+22
   0.90223E+04   0.32778E+04   0.43645E+01   0.64244E+22
   0.90237E+04   0.32783E+04   0.43650E+01   0.64251E+22
   0.90251E+04   0.32788E+04   0.43655E+01   0.64258E+22
   0.90265E+04   0.32794E+04   0.43660E+01   0.64266E+22
   0.90279E+04   0.32799E+04   0.43665E+01   0.64273E+22
   0.90293E+04   0.32804E+04   0.43670E+01   0.64280E+22
   0.90308E+04   0.32809E+04   0.43675E+01   0.64287E+22
   0.90322E+04   0.32814E+04   0.43680E+01   0.64294E+22
   0.90336E+04   0.32819E+04   0.43685E+01   0.64302E+22
   0.90350E+04   0.32824E+04   0.43690E+01   0.64309E+22
   0.90364E+04   0.32829E+04   0.43695E+01   0.64316E+22
   0.90378E+04   0.32834E+04   0.43700E+01   0.64323E+22
   0.90392E+04   0.32840E+04   0.43705E+01   0.64331E+22
   0.90406E+04   0.32845E+04   0.43710E+01   0.64338E+22
   0.90420E+04   0.32850E+04   0.43715E+01   0.64345E+22
   0.90434E+04   0.32855E+04   0.43720E+01   0.64352E+22
   0.90448E+04   0.32860E+04   0.43725E+01   0.64359E+22
   0.90463E+04   0.32865E+04   0.43730E+01   0.64367E+22
   0.90477E+04   0.32870E+04   0.43735E+01   0.64374E+22
   0.90491E+04   0.32875E+04   0.43740E+01   0.64381E+22
   0.90505E+04   0.32880E+04   0.43745E+01   0.64388E+22
   0.90519E+04   0.32886E+04   0.43750E+01   0.64396E+22
   0.90533E+04   0.32891E+04   0.43755E+01   0.64403E+22
   0.90547E+04   0.32896E+04   0.43760E+01   0.64410E+22
   0.90561E+04   0.32901E+04   0.43765E+01   0.64417E+22
   0.90575E+04   0.32906E+04   0.43770E+01   0.64424E+22
   0.90590E+04   0.32911E+04   0.43775E+01   0.64432E+22
   0.90604E+04   0.32916E+04   0.43780E+01   0.64439E+22
   0.90618E+04   0.32921E+04   0.43785E+01   0.64446E+22
   0.90632E+04   0.32926E+04   0.43790E+01   0.64453E+22
   0.90646E+04   0.32932E+04   0.43795E+01   0.64461E+22
   0.90660E+04   0.32937E+04   0.43800E+01   0.64468E+22
   0.90674E+04   0.32942E+04   0.43805E+01   0.64475E+22
   0.90688E+04   0.32947E+04   0.43810E+01   0.64482E+22
   0.90702E+04   0.32952E+04   0.43815E+01   0.64489E+22
   0.90717E+04   0.32957E+04   0.43820E+01   0.64497E+22
   0.90731E+04   0.32962E+04   0.43825E+01   0.64504E+22
   0.90745E+04   0.32967E+04   0.43830E+01   0.64511E+22
   0.90759E+04   0.32972E+04   0.43835E+01   0.64518E+22
   0.90773E+04   0.32978E+04   0.43840E+01   0.64526E+22
   0.90787E+04   0.32983E+04   0.43845E+01   0.64533E+22
   0.90801E+04   0.32988E+04   0.43850E+01   0.64540E+22
   0.90815E+04   0.32993E+04   0.43855E+01   0.64547E+22
   0.90829E+04   0.32998E+04   0.43860E+01   0.64554E+22
   0.90844E+04   0.33003E+04   0.43865E+01   0.64562E+22
   0.90858E+04   0.33008E+04   0.43870E+01   0.64569E+22
   0.90872E+04   0.33013E+04   0.43875E+01   0.64576E+22
   0.90886E+04   0.33019E+04   0.43880E+01   0.64583E+22
   0.90900E+04   0.33024E+04   0.43885E+01   0.64591E+22
   0.90914E+04   0.33029E+04   0.43890E+01   0.64598E+22
   0.90928E+04   0.33034E+04   0.43895E+01   0.64605E+22
   0.90942E+04   0.33039E+04   0.43900E+01   0.64612E+22
   0.90956E+04   0.33044E+04   0.43905E+01   0.64619E+22
   0.90971E+04   0.33049E+04   0.43910E+01   0.64627E+22
   0.90985E+04   0.33054E+04   0.43915E+01   0.64634E+22
   0.90999E+04   0.33059E+04   0.43920E+01   0.64641E+22
   0.91013E+04   0.33065E+04   0.43925E+01   0.64648E+22
   0.91027E+04   0.33070E+04   0.43930E+01   0.64656E+22
   0.91041E+04   0.33075E+04   0.43935E+01   0.64663E+22
   0.91055E+04   0.33080E+04   0.43940E+01   0.64670E+22
   0.91069E+04   0.33085E+04   0.43945E+01   0.64677E+22
   0.91084E+04   0.33090E+04   0.43950E+01   0.64684E+22
   0.91098E+04   0.33095E+04   0.43955E+01   0.64692E+22
   0.91112E+04   0.33100E+04   0.43960E+01   0.64699E+22
   0.91126E+04   0.33106E+04   0.43965E+01   0.64706E+22
   0.91140E+04   0.33111E+04   0.43970E+01   0.64713E+22
   0.91154E+04   0.33116E+04   0.43975E+01   0.64721E+22
   0.91168E+04   0.33121E+04   0.43980E+01   0.64728E+22
   0.91183E+04   0.33126E+04   0.43985E+01   0.64735E+22
   0.91197E+04   0.33131E+04   0.43990E+01   0.64742E+22
   0.91211E+04   0.33136E+04   0.43995E+01   0.64749E+22
   0.91225E+04   0.33141E+04   0.44000E+01   0.64757E+22
   0.91239E+04   0.33147E+04   0.44005E+01   0.64764E+22
   0.91253E+04   0.33152E+04   0.44010E+01   0.64771E+22
   0.91267E+04   0.33157E+04   0.44015E+01   0.64778E+22
   0.91281E+04   0.33162E+04   0.44020E+01   0.64786E+22
   0.91296E+04   0.33167E+04   0.44025E+01   0.64793E+22
   0.91310E+04   0.33172E+04   0.44030E+01   0.64800E+22
   0.91324E+04   0.33177E+04   0.44035E+01   0.64807E+22
   0.91338E+04   0.33182E+04   0.44040E+01   0.64814E+22
   0.91352E+04   0.33188E+04   0.44045E+01   0.64822E+22
   0.91366E+04   0.33193E+04   0.44050E+01   0.64829E+22
   0.91380E+04   0.33198E+04   0.44055E+01   0.64836E+22
   0.91395E+04   0.33203E+04   0.44060E+01   0.64843E+22
   0.91409E+04   0.33208E+04   0.44065E+01   0.64851E+22
   0.91423E+04   0.33213E+04   0.44070E+01   0.64858E+22
   0.91437E+04   0.33218E+04   0.44075E+01   0.64865E+22
   0.91451E+04   0.33223E+04   0.44080E+01   0.64872E+22
   0.91465E+04   0.33229E+04   0.44085E+01   0.64879E+22
   0.91479E+04   0.33234E+04   0.44090E+01   0.64887E+22
   0.91494E+04   0.33239E+04   0.44095E+01   0.64894E+22
   0.91508E+04   0.33244E+04   0.44100E+01   0.64901E+22
   0.91522E+04   0.33249E+04   0.44105E+01   0.64908E+22
   0.91536E+04   0.33254E+04   0.44110E+01   0.64916E+22
   0.91550E+04   0.33259E+04   0.44115E+01   0.64923E+22
   0.91564E+04   0.33264E+04   0.44120E+01   0.64930E+22
   0.91578E+04   0.33270E+04   0.44125E+01   0.64937E+22
   0.91593E+04   0.33275E+04   0.44130E+01   0.64944E+22
   0.91607E+04   0.33280E+04   0.44135E+01   0.64952E+22
   0.91621E+04   0.33285E+04   0.44140E+01   0.64959E+22
   0.91635E+04   0.33290E+04   0.44145E+01   0.64966E+22
   0.91649E+04   0.33295E+04   0.44150E+01   0.64973E+22
   0.91663E+04   0.33300E+04   0.44155E+01   0.64981E+22
   0.91677E+04   0.33305E+04   0.44160E+01   0.64988E+22
   0.91692E+04   0.33311E+04   0.44165E+01   0.64995E+22
   0.91706E+04   0.33316E+04   0.44170E+01   0.65002E+22
   0.91720E+04   0.33321E+04   0.44175E+01   0.65009E+22
   0.91734E+04   0.33326E+04   0.44180E+01   0.65017E+22
   0.91748E+04   0.33331E+04   0.44185E+01   0.65024E+22
   0.91762E+04   0.33336E+04   0.44190E+01   0.65031E+22
   0.91777E+04   0.33341E+04   0.44195E+01   0.65038E+22
   0.91791E+04   0.33346E+04   0.44200E+01   0.65046E+22
   0.91805E+04   0.33352E+04   0.44205E+01   0.65053E+22
   0.91819E+04   0.33357E+04   0.44210E+01   0.65060E+22
   0.91833E+04   0.33362E+04   0.44215E+01   0.65067E+22
   0.91847E+04   0.33367E+04   0.44220E+01   0.65074E+22
   0.91861E+04   0.33372E+04   0.44225E+01   0.65082E+22
   0.91876E+04   0.33377E+04   0.44230E+01   0.65089E+22
   0.91890E+04   0.33382E+04   0.44235E+01   0.65096E+22
   0.91904E+04   0.33388E+04   0.44240E+01   0.65103E+22
   0.91918E+04   0.33393E+04   0.44245E+01   0.65111E+22
   0.91932E+04   0.33398E+04   0.44250E+01   0.65118E+22
   0.91946E+04   0.33403E+04   0.44255E+01   0.65125E+22
   0.91961E+04   0.33408E+04   0.44260E+01   0.65132E+22
   0.91975E+04   0.33413E+04   0.44265E+01   0.65139E+22
   0.91989E+04   0.33418E+04   0.44270E+01   0.65147E+22
   0.92003E+04   0.33423E+04   0.44275E+01   0.65154E+22
   0.92017E+04   0.33429E+04   0.44280E+01   0.65161E+22
   0.92031E+04   0.33434E+04   0.44285E+01   0.65168E+22
   0.92046E+04   0.33439E+04   0.44290E+01   0.65176E+22
   0.92060E+04   0.33444E+04   0.44295E+01   0.65183E+22
   0.92074E+04   0.33449E+04   0.44300E+01   0.65190E+22
   0.92088E+04   0.33454E+04   0.44305E+01   0.65197E+22
   0.92102E+04   0.33459E+04   0.44310E+01   0.65204E+22
   0.92116E+04   0.33465E+04   0.44315E+01   0.65212E+22
   0.92131E+04   0.33470E+04   0.44320E+01   0.65219E+22
   0.92145E+04   0.33475E+04   0.44325E+01   0.65226E+22
   0.92159E+04   0.33480E+04   0.44330E+01   0.65233E+22
   0.92173E+04   0.33485E+04   0.44335E+01   0.65241E+22
   0.92187E+04   0.33490E+04   0.44340E+01   0.65248E+22
   0.92201E+04   0.33495E+04   0.44345E+01   0.65255E+22
   0.92216E+04   0.33500E+04   0.44350E+01   0.65262E+22
   0.92230E+04   0.33506E+04   0.44355E+01   0.65269E+22
   0.92244E+04   0.33511E+04   0.44360E+01   0.65277E+22
   0.92258E+04   0.33516E+04   0.44365E+01   0.65284E+22
   0.92272E+04   0.33521E+04   0.44370E+01   0.65291E+22
   0.92286E+04   0.33526E+04   0.44375E+01   0.65298E+22
   0.92301E+04   0.33531E+04   0.44380E+01   0.65306E+22
   0.92315E+04   0.33536E+04   0.44385E+01   0.65313E+22
   0.92329E+04   0.33542E+04   0.44390E+01   0.65320E+22
   0.92343E+04   0.33547E+04   0.44395E+01   0.65327E+22
   0.92357E+04   0.33552E+04   0.44400E+01   0.65334E+22
   0.92372E+04   0.33557E+04   0.44405E+01   0.65342E+22
   0.92386E+04   0.33562E+04   0.44410E+01   0.65349E+22
   0.92400E+04   0.33567E+04   0.44415E+01   0.65356E+22
   0.92414E+04   0.33572E+04   0.44420E+01   0.65363E+22
   0.92428E+04   0.33577E+04   0.44425E+01   0.65371E+22
   0.92442E+04   0.33583E+04   0.44430E+01   0.65378E+22
   0.92457E+04   0.33588E+04   0.44435E+01   0.65385E+22
   0.92471E+04   0.33593E+04   0.44440E+01   0.65392E+22
   0.92485E+04   0.33598E+04   0.44445E+01   0.65399E+22
   0.92499E+04   0.33603E+04   0.44450E+01   0.65407E+22
   0.92513E+04   0.33608E+04   0.44455E+01   0.65414E+22
   0.92528E+04   0.33613E+04   0.44460E+01   0.65421E+22
   0.92542E+04   0.33619E+04   0.44465E+01   0.65428E+22
   0.92556E+04   0.33624E+04   0.44470E+01   0.65436E+22
   0.92570E+04   0.33629E+04   0.44475E+01   0.65443E+22
   0.92584E+04   0.33634E+04   0.44480E+01   0.65450E+22
   0.92598E+04   0.33639E+04   0.44485E+01   0.65457E+22
   0.92613E+04   0.33644E+04   0.44490E+01   0.65464E+22
   0.92627E+04   0.33649E+04   0.44495E+01   0.65472E+22
   0.92641E+04   0.33655E+04   0.44500E+01   0.65479E+22
   0.92655E+04   0.33660E+04   0.44505E+01   0.65486E+22
   0.92669E+04   0.33665E+04   0.44510E+01   0.65493E+22
   0.92684E+04   0.33670E+04   0.44515E+01   0.65501E+22
   0.92698E+04   0.33675E+04   0.44520E+01   0.65508E+22
   0.92712E+04   0.33680E+04   0.44525E+01   0.65515E+22
   0.92726E+04   0.33685E+04   0.44530E+01   0.65522E+22
   0.92740E+04   0.33691E+04   0.44535E+01   0.65529E+22
   0.92755E+04   0.33696E+04   0.44540E+01   0.65537E+22
   0.92769E+04   0.33701E+04   0.44545E+01   0.65544E+22
   0.92783E+04   0.33706E+04   0.44550E+01   0.65551E+22
   0.92797E+04   0.33711E+04   0.44555E+01   0.65558E+22
   0.92811E+04   0.33716E+04   0.44560E+01   0.65566E+22
   0.92826E+04   0.33721E+04   0.44565E+01   0.65573E+22
   0.92840E+04   0.33727E+04   0.44570E+01   0.65580E+22
   0.92854E+04   0.33732E+04   0.44575E+01   0.65587E+22
   0.92868E+04   0.33737E+04   0.44580E+01   0.65594E+22
   0.92882E+04   0.33742E+04   0.44585E+01   0.65602E+22
   0.92897E+04   0.33747E+04   0.44590E+01   0.65609E+22
   0.92911E+04   0.33752E+04   0.44595E+01   0.65616E+22
   0.92925E+04   0.33757E+04   0.44600E+01   0.65623E+22
   0.92939E+04   0.33763E+04   0.44605E+01   0.65631E+22
   0.92953E+04   0.33768E+04   0.44610E+01   0.65638E+22
   0.92968E+04   0.33773E+04   0.44615E+01   0.65645E+22
   0.92982E+04   0.33778E+04   0.44620E+01   0.65652E+22
   0.92996E+04   0.33783E+04   0.44625E+01   0.65659E+22
   0.93010E+04   0.33788E+04   0.44630E+01   0.65667E+22
   0.93024E+04   0.33793E+04   0.44635E+01   0.65674E+22
   0.93039E+04   0.33799E+04   0.44640E+01   0.65681E+22
   0.93053E+04   0.33804E+04   0.44645E+01   0.65688E+22
   0.93067E+04   0.33809E+04   0.44650E+01   0.65696E+22
   0.93081E+04   0.33814E+04   0.44655E+01   0.65703E+22
   0.93095E+04   0.33819E+04   0.44660E+01   0.65710E+22
   0.93110E+04   0.33824E+04   0.44665E+01   0.65717E+22
   0.93124E+04   0.33829E+04   0.44670E+01   0.65724E+22
   0.93138E+04   0.33835E+04   0.44675E+01   0.65732E+22
   0.93152E+04   0.33840E+04   0.44680E+01   0.65739E+22
   0.93167E+04   0.33845E+04   0.44685E+01   0.65746E+22
   0.93181E+04   0.33850E+04   0.44690E+01   0.65753E+22
   0.93195E+04   0.33855E+04   0.44695E+01   0.65761E+22
   0.93209E+04   0.33860E+04   0.44700E+01   0.65768E+22
   0.93223E+04   0.33865E+04   0.44705E+01   0.65775E+22
   0.93238E+04   0.33871E+04   0.44710E+01   0.65782E+22
   0.93252E+04   0.33876E+04   0.44715E+01   0.65789E+22
   0.93266E+04   0.33881E+04   0.44720E+01   0.65797E+22
   0.93280E+04   0.33886E+04   0.44725E+01   0.65804E+22
   0.93294E+04   0.33891E+04   0.44730E+01   0.65811E+22
   0.93309E+04   0.33896E+04   0.44735E+01   0.65818E+22
   0.93323E+04   0.33902E+04   0.44740E+01   0.65826E+22
   0.93337E+04   0.33907E+04   0.44745E+01   0.65833E+22
   0.93351E+04   0.33912E+04   0.44750E+01   0.65840E+22
   0.93366E+04   0.33917E+04   0.44755E+01   0.65847E+22
   0.93380E+04   0.33922E+04   0.44760E+01   0.65854E+22
   0.93394E+04   0.33927E+04   0.44765E+01   0.65862E+22
   0.93408E+04   0.33932E+04   0.44770E+01   0.65869E+22
   0.93422E+04   0.33938E+04   0.44775E+01   0.65876E+22
   0.93437E+04   0.33943E+04   0.44780E+01   0.65883E+22
   0.93451E+04   0.33948E+04   0.44785E+01   0.65891E+22
   0.93465E+04   0.33953E+04   0.44790E+01   0.65898E+22
   0.93479E+04   0.33958E+04   0.44795E+01   0.65905E+22
   0.93494E+04   0.33963E+04   0.44800E+01   0.65912E+22
   0.93508E+04   0.33968E+04   0.44805E+01   0.65919E+22
   0.93522E+04   0.33974E+04   0.44810E+01   0.65927E+22
   0.93536E+04   0.33979E+04   0.44815E+01   0.65934E+22
   0.93550E+04   0.33984E+04   0.44820E+01   0.65941E+22
   0.93565E+04   0.33989E+04   0.44825E+01   0.65948E+22
   0.93579E+04   0.33994E+04   0.44830E+01   0.65956E+22
   0.93593E+04   0.33999E+04   0.44835E+01   0.65963E+22
   0.93607E+04   0.34005E+04   0.44840E+01   0.65970E+22
   0.93622E+04   0.34010E+04   0.44845E+01   0.65977E+22
   0.93636E+04   0.34015E+04   0.44850E+01   0.65984E+22
   0.93650E+04   0.34020E+04   0.44855E+01   0.65992E+22
   0.93664E+04   0.34025E+04   0.44860E+01   0.65999E+22
   0.93679E+04   0.34030E+04   0.44865E+01   0.66006E+22
   0.93693E+04   0.34035E+04   0.44870E+01   0.66013E+22
   0.93707E+04   0.34041E+04   0.44875E+01   0.66021E+22
   0.93721E+04   0.34046E+04   0.44880E+01   0.66028E+22
   0.93735E+04   0.34051E+04   0.44885E+01   0.66035E+22
   0.93750E+04   0.34056E+04   0.44890E+01   0.66042E+22
   0.93764E+04   0.34061E+04   0.44895E+01   0.66049E+22
   0.93778E+04   0.34066E+04   0.44900E+01   0.66057E+22
   0.93792E+04   0.34072E+04   0.44905E+01   0.66064E+22
   0.93807E+04   0.34077E+04   0.44910E+01   0.66071E+22
   0.93821E+04   0.34082E+04   0.44915E+01   0.66078E+22
   0.93835E+04   0.34087E+04   0.44920E+01   0.66086E+22
   0.93849E+04   0.34092E+04   0.44925E+01   0.66093E+22
   0.93864E+04   0.34097E+04   0.44930E+01   0.66100E+22
   0.93878E+04   0.34102E+04   0.44935E+01   0.66107E+22
   0.93892E+04   0.34108E+04   0.44940E+01   0.66114E+22
   0.93906E+04   0.34113E+04   0.44945E+01   0.66122E+22
   0.93921E+04   0.34118E+04   0.44950E+01   0.66129E+22
   0.93935E+04   0.34123E+04   0.44955E+01   0.66136E+22
   0.93949E+04   0.34128E+04   0.44960E+01   0.66143E+22
   0.93963E+04   0.34133E+04   0.44965E+01   0.66151E+22
   0.93978E+04   0.34139E+04   0.44970E+01   0.66158E+22
   0.93992E+04   0.34144E+04   0.44975E+01   0.66165E+22
   0.94006E+04   0.34149E+04   0.44980E+01   0.66172E+22
   0.94020E+04   0.34154E+04   0.44985E+01   0.66179E+22
   0.94035E+04   0.34159E+04   0.44990E+01   0.66187E+22
   0.94049E+04   0.34164E+04   0.44995E+01   0.66194E+22
   0.94063E+04   0.34170E+04   0.45000E+01   0.66201E+22
   0.94077E+04   0.34175E+04   0.45005E+01   0.66208E+22
   0.94091E+04   0.34180E+04   0.45010E+01   0.66216E+22
   0.94106E+04   0.34185E+04   0.45015E+01   0.66223E+22
   0.94120E+04   0.34190E+04   0.45020E+01   0.66230E+22
   0.94134E+04   0.34195E+04   0.45025E+01   0.66237E+22
   0.94148E+04   0.34200E+04   0.45030E+01   0.66244E+22
   0.94163E+04   0.34206E+04   0.45035E+01   0.66252E+22
   0.94177E+04   0.34211E+04   0.45040E+01   0.66259E+22
   0.94191E+04   0.34216E+04   0.45045E+01   0.66266E+22
   0.94206E+04   0.34221E+04   0.45050E+01   0.66273E+22
   0.94220E+04   0.34226E+04   0.45055E+01   0.66281E+22
   0.94234E+04   0.34231E+04   0.45060E+01   0.66288E+22
   0.94248E+04   0.34237E+04   0.45065E+01   0.66295E+22
   0.94263E+04   0.34242E+04   0.45070E+01   0.66302E+22
   0.94277E+04   0.34247E+04   0.45075E+01   0.66309E+22
   0.94291E+04   0.34252E+04   0.45080E+01   0.66317E+22
   0.94305E+04   0.34257E+04   0.45085E+01   0.66324E+22
   0.94320E+04   0.34262E+04   0.45090E+01   0.66331E+22
   0.94334E+04   0.34268E+04   0.45095E+01   0.66338E+22
   0.94348E+04   0.34273E+04   0.45100E+01   0.66346E+22
   0.94362E+04   0.34278E+04   0.45105E+01   0.66353E+22
   0.94377E+04   0.34283E+04   0.45110E+01   0.66360E+22
   0.94391E+04   0.34288E+04   0.45115E+01   0.66367E+22
   0.94405E+04   0.34293E+04   0.45120E+01   0.66374E+22
   0.94419E+04   0.34299E+04   0.45125E+01   0.66382E+22
   0.94434E+04   0.34304E+04   0.45130E+01   0.66389E+22
   0.94448E+04   0.34309E+04   0.45135E+01   0.66396E+22
   0.94462E+04   0.34314E+04   0.45140E+01   0.66403E+22
   0.94476E+04   0.34319E+04   0.45145E+01   0.66411E+22
   0.94491E+04   0.34324E+04   0.45150E+01   0.66418E+22
   0.94505E+04   0.34330E+04   0.45155E+01   0.66425E+22
   0.94519E+04   0.34335E+04   0.45160E+01   0.66432E+22
   0.94533E+04   0.34340E+04   0.45165E+01   0.66439E+22
   0.94548E+04   0.34345E+04   0.45170E+01   0.66447E+22
   0.94562E+04   0.34350E+04   0.45175E+01   0.66454E+22
   0.94576E+04   0.34355E+04   0.45180E+01   0.66461E+22
   0.94591E+04   0.34361E+04   0.45185E+01   0.66468E+22
   0.94605E+04   0.34366E+04   0.45190E+01   0.66476E+22
   0.94619E+04   0.34371E+04   0.45195E+01   0.66483E+22
   0.94633E+04   0.34376E+04   0.45200E+01   0.66490E+22
   0.94648E+04   0.34381E+04   0.45205E+01   0.66497E+22
   0.94662E+04   0.34386E+04   0.45210E+01   0.66504E+22
   0.94676E+04   0.34391E+04   0.45215E+01   0.66512E+22
   0.94690E+04   0.34397E+04   0.45220E+01   0.66519E+22
   0.94705E+04   0.34402E+04   0.45225E+01   0.66526E+22
   0.94719E+04   0.34407E+04   0.45230E+01   0.66533E+22
   0.94733E+04   0.34412E+04   0.45235E+01   0.66541E+22
   0.94748E+04   0.34417E+04   0.45240E+01   0.66548E+22
   0.94762E+04   0.34422E+04   0.45245E+01   0.66555E+22
   0.94776E+04   0.34428E+04   0.45250E+01   0.66562E+22
   0.94790E+04   0.34433E+04   0.45255E+01   0.66569E+22
   0.94805E+04   0.34438E+04   0.45260E+01   0.66577E+22
   0.94819E+04   0.34443E+04   0.45265E+01   0.66584E+22
   0.94833E+04   0.34448E+04   0.45270E+01   0.66591E+22
   0.94848E+04   0.34454E+04   0.45275E+01   0.66598E+22
   0.94862E+04   0.34459E+04   0.45280E+01   0.66606E+22
   0.94876E+04   0.34464E+04   0.45285E+01   0.66613E+22
   0.94890E+04   0.34469E+04   0.45290E+01   0.66620E+22
   0.94905E+04   0.34474E+04   0.45295E+01   0.66627E+22
   0.94919E+04   0.34479E+04   0.45300E+01   0.66634E+22
   0.94933E+04   0.34485E+04   0.45305E+01   0.66642E+22
   0.94947E+04   0.34490E+04   0.45310E+01   0.66649E+22
   0.94962E+04   0.34495E+04   0.45315E+01   0.66656E+22
   0.94976E+04   0.34500E+04   0.45320E+01   0.66663E+22
   0.94990E+04   0.34505E+04   0.45325E+01   0.66671E+22
   0.95005E+04   0.34510E+04   0.45330E+01   0.66678E+22
   0.95019E+04   0.34516E+04   0.45335E+01   0.66685E+22
   0.95033E+04   0.34521E+04   0.45340E+01   0.66692E+22
   0.95047E+04   0.34526E+04   0.45345E+01   0.66700E+22
   0.95062E+04   0.34531E+04   0.45350E+01   0.66707E+22
   0.95076E+04   0.34536E+04   0.45355E+01   0.66714E+22
   0.95090E+04   0.34541E+04   0.45360E+01   0.66721E+22
   0.95105E+04   0.34547E+04   0.45365E+01   0.66728E+22
   0.95119E+04   0.34552E+04   0.45370E+01   0.66736E+22
   0.95133E+04   0.34557E+04   0.45375E+01   0.66743E+22
   0.95148E+04   0.34562E+04   0.45380E+01   0.66750E+22
   0.95162E+04   0.34567E+04   0.45385E+01   0.66757E+22
   0.95176E+04   0.34572E+04   0.45390E+01   0.66765E+22
   0.95190E+04   0.34578E+04   0.45395E+01   0.66772E+22
   0.95205E+04   0.34583E+04   0.45400E+01   0.66779E+22
   0.95219E+04   0.34588E+04   0.45405E+01   0.66786E+22
   0.95233E+04   0.34593E+04   0.45410E+01   0.66793E+22
   0.95248E+04   0.34598E+04   0.45415E+01   0.66801E+22
   0.95262E+04   0.34603E+04   0.45420E+01   0.66808E+22
   0.95276E+04   0.34609E+04   0.45425E+01   0.66815E+22
   0.95290E+04   0.34614E+04   0.45430E+01   0.66822E+22
   0.95305E+04   0.34619E+04   0.45435E+01   0.66830E+22
   0.95319E+04   0.34624E+04   0.45440E+01   0.66837E+22
   0.95333E+04   0.34629E+04   0.45445E+01   0.66844E+22
   0.95348E+04   0.34634E+04   0.45450E+01   0.66851E+22
   0.95362E+04   0.34640E+04   0.45455E+01   0.66858E+22
   0.95376E+04   0.34645E+04   0.45460E+01   0.66866E+22
   0.95391E+04   0.34650E+04   0.45465E+01   0.66873E+22
   0.95405E+04   0.34655E+04   0.45470E+01   0.66880E+22
   0.95419E+04   0.34660E+04   0.45475E+01   0.66887E+22
   0.95433E+04   0.34666E+04   0.45480E+01   0.66895E+22
   0.95448E+04   0.34671E+04   0.45485E+01   0.66902E+22
   0.95462E+04   0.34676E+04   0.45490E+01   0.66909E+22
   0.95476E+04   0.34681E+04   0.45495E+01   0.66916E+22
   0.95491E+04   0.34686E+04   0.45500E+01   0.66923E+22
   0.95505E+04   0.34691E+04   0.45505E+01   0.66931E+22
   0.95519E+04   0.34697E+04   0.45510E+01   0.66938E+22
   0.95534E+04   0.34702E+04   0.45515E+01   0.66945E+22
   0.95548E+04   0.34707E+04   0.45520E+01   0.66952E+22
   0.95562E+04   0.34712E+04   0.45525E+01   0.66960E+22
   0.95577E+04   0.34717E+04   0.45530E+01   0.66967E+22
   0.95591E+04   0.34722E+04   0.45535E+01   0.66974E+22
   0.95605E+04   0.34728E+04   0.45540E+01   0.66981E+22
   0.95619E+04   0.34733E+04   0.45545E+01   0.66988E+22
   0.95634E+04   0.34738E+04   0.45550E+01   0.66996E+22
   0.95648E+04   0.34743E+04   0.45555E+01   0.67003E+22
   0.95662E+04   0.34748E+04   0.45560E+01   0.67010E+22
   0.95677E+04   0.34754E+04   0.45565E+01   0.67017E+22
   0.95691E+04   0.34759E+04   0.45570E+01   0.67025E+22
   0.95705E+04   0.34764E+04   0.45575E+01   0.67032E+22
   0.95720E+04   0.34769E+04   0.45580E+01   0.67039E+22
   0.95734E+04   0.34774E+04   0.45585E+01   0.67046E+22
   0.95748E+04   0.34779E+04   0.45590E+01   0.67053E+22
   0.95763E+04   0.34785E+04   0.45595E+01   0.67061E+22
   0.95777E+04   0.34790E+04   0.45600E+01   0.67068E+22
   0.95791E+04   0.34795E+04   0.45605E+01   0.67075E+22
   0.95806E+04   0.34800E+04   0.45610E+01   0.67082E+22
   0.95820E+04   0.34805E+04   0.45615E+01   0.67090E+22
   0.95834E+04   0.34811E+04   0.45620E+01   0.67097E+22
   0.95848E+04   0.34816E+04   0.45625E+01   0.67104E+22
   0.95863E+04   0.34821E+04   0.45630E+01   0.67111E+22
   0.95877E+04   0.34826E+04   0.45635E+01   0.67118E+22
   0.95891E+04   0.34831E+04   0.45640E+01   0.67126E+22
   0.95906E+04   0.34836E+04   0.45645E+01   0.67133E+22
   0.95920E+04   0.34842E+04   0.45650E+01   0.67140E+22
   0.95934E+04   0.34847E+04   0.45655E+01   0.67147E+22
   0.95949E+04   0.34852E+04   0.45660E+01   0.67155E+22
   0.95963E+04   0.34857E+04   0.45665E+01   0.67162E+22
   0.95977E+04   0.34862E+04   0.45670E+01   0.67169E+22
   0.95992E+04   0.34868E+04   0.45675E+01   0.67176E+22
   0.96006E+04   0.34873E+04   0.45680E+01   0.67183E+22
   0.96020E+04   0.34878E+04   0.45685E+01   0.67191E+22
   0.96035E+04   0.34883E+04   0.45690E+01   0.67198E+22
   0.96049E+04   0.34888E+04   0.45695E+01   0.67205E+22
   0.96063E+04   0.34893E+04   0.45700E+01   0.67212E+22
   0.96078E+04   0.34899E+04   0.45705E+01   0.67220E+22
   0.96092E+04   0.34904E+04   0.45710E+01   0.67227E+22
   0.96106E+04   0.34909E+04   0.45715E+01   0.67234E+22
   0.96121E+04   0.34914E+04   0.45720E+01   0.67241E+22
   0.96135E+04   0.34919E+04   0.45725E+01   0.67248E+22
   0.96149E+04   0.34925E+04   0.45730E+01   0.67256E+22
   0.96164E+04   0.34930E+04   0.45735E+01   0.67263E+22
   0.96178E+04   0.34935E+04   0.45740E+01   0.67270E+22
   0.96192E+04   0.34940E+04   0.45745E+01   0.67277E+22
   0.96207E+04   0.34945E+04   0.45750E+01   0.67285E+22
   0.96221E+04   0.34950E+04   0.45755E+01   0.67292E+22
   0.96235E+04   0.34956E+04   0.45760E+01   0.67299E+22
   0.96250E+04   0.34961E+04   0.45765E+01   0.67306E+22
   0.96264E+04   0.34966E+04   0.45770E+01   0.67313E+22
   0.96278E+04   0.34971E+04   0.45775E+01   0.67321E+22
   0.96293E+04   0.34976E+04   0.45780E+01   0.67328E+22
   0.96307E+04   0.34982E+04   0.45785E+01   0.67335E+22
   0.96321E+04   0.34987E+04   0.45790E+01   0.67342E+22
   0.96336E+04   0.34992E+04   0.45795E+01   0.67350E+22
   0.96350E+04   0.34997E+04   0.45800E+01   0.67357E+22
   0.96364E+04   0.35002E+04   0.45805E+01   0.67364E+22
   0.96379E+04   0.35008E+04   0.45810E+01   0.67371E+22
   0.96393E+04   0.35013E+04   0.45815E+01   0.67378E+22
   0.96407E+04   0.35018E+04   0.45820E+01   0.67386E+22
   0.96422E+04   0.35023E+04   0.45825E+01   0.67393E+22
   0.96436E+04   0.35028E+04   0.45830E+01   0.67400E+22
   0.96450E+04   0.35033E+04   0.45835E+01   0.67407E+22
   0.96465E+04   0.35039E+04   0.45840E+01   0.67415E+22
   0.96479E+04   0.35044E+04   0.45845E+01   0.67422E+22
   0.96493E+04   0.35049E+04   0.45850E+01   0.67429E+22
   0.96508E+04   0.35054E+04   0.45855E+01   0.67436E+22
   0.96522E+04   0.35059E+04   0.45860E+01   0.67444E+22
   0.96536E+04   0.35065E+04   0.45865E+01   0.67451E+22
   0.96551E+04   0.35070E+04   0.45870E+01   0.67458E+22
   0.96565E+04   0.35075E+04   0.45875E+01   0.67465E+22
   0.96580E+04   0.35080E+04   0.45880E+01   0.67472E+22
   0.96594E+04   0.35085E+04   0.45885E+01   0.67480E+22
   0.96608E+04   0.35091E+04   0.45890E+01   0.67487E+22
   0.96623E+04   0.35096E+04   0.45895E+01   0.67494E+22
   0.96637E+04   0.35101E+04   0.45900E+01   0.67501E+22
   0.96651E+04   0.35106E+04   0.45905E+01   0.67509E+22
   0.96666E+04   0.35111E+04   0.45910E+01   0.67516E+22
   0.96680E+04   0.35116E+04   0.45915E+01   0.67523E+22
   0.96694E+04   0.35122E+04   0.45920E+01   0.67530E+22
   0.96709E+04   0.35127E+04   0.45925E+01   0.67537E+22
   0.96723E+04   0.35132E+04   0.45930E+01   0.67545E+22
   0.96737E+04   0.35137E+04   0.45935E+01   0.67552E+22
   0.96752E+04   0.35142E+04   0.45940E+01   0.67559E+22
   0.96766E+04   0.35148E+04   0.45945E+01   0.67566E+22
   0.96780E+04   0.35153E+04   0.45950E+01   0.67574E+22
   0.96795E+04   0.35158E+04   0.45955E+01   0.67581E+22
   0.96809E+04   0.35163E+04   0.45960E+01   0.67588E+22
   0.96824E+04   0.35168E+04   0.45965E+01   0.67595E+22
   0.96838E+04   0.35174E+04   0.45970E+01   0.67602E+22
   0.96852E+04   0.35179E+04   0.45975E+01   0.67610E+22
   0.96867E+04   0.35184E+04   0.45980E+01   0.67617E+22
   0.96881E+04   0.35189E+04   0.45985E+01   0.67624E+22
   0.96895E+04   0.35194E+04   0.45990E+01   0.67631E+22
   0.96910E+04   0.35200E+04   0.45995E+01   0.67639E+22
   0.96924E+04   0.35205E+04   0.46000E+01   0.67646E+22
   0.96938E+04   0.35210E+04   0.46005E+01   0.67653E+22
   0.96953E+04   0.35215E+04   0.46010E+01   0.67660E+22
   0.96967E+04   0.35220E+04   0.46015E+01   0.67667E+22
   0.96981E+04   0.35226E+04   0.46020E+01   0.67675E+22
   0.96996E+04   0.35231E+04   0.46025E+01   0.67682E+22
   0.97010E+04   0.35236E+04   0.46030E+01   0.67689E+22
   0.97025E+04   0.35241E+04   0.46035E+01   0.67696E+22
   0.97039E+04   0.35246E+04   0.46040E+01   0.67704E+22
   0.97053E+04   0.35251E+04   0.46045E+01   0.67711E+22
   0.97068E+04   0.35257E+04   0.46050E+01   0.67718E+22
   0.97082E+04   0.35262E+04   0.46055E+01   0.67725E+22
   0.97096E+04   0.35267E+04   0.46060E+01   0.67732E+22
   0.97111E+04   0.35272E+04   0.46065E+01   0.67740E+22
   0.97125E+04   0.35277E+04   0.46070E+01   0.67747E+22
   0.97140E+04   0.35283E+04   0.46075E+01   0.67754E+22
   0.97154E+04   0.35288E+04   0.46080E+01   0.67761E+22
   0.97168E+04   0.35293E+04   0.46085E+01   0.67769E+22
   0.97183E+04   0.35298E+04   0.46090E+01   0.67776E+22
   0.97197E+04   0.35303E+04   0.46095E+01   0.67783E+22
   0.97211E+04   0.35309E+04   0.46100E+01   0.67790E+22
   0.97226E+04   0.35314E+04   0.46105E+01   0.67797E+22
   0.97240E+04   0.35319E+04   0.46110E+01   0.67805E+22
   0.97255E+04   0.35324E+04   0.46115E+01   0.67812E+22
   0.97269E+04   0.35329E+04   0.46120E+01   0.67819E+22
   0.97283E+04   0.35335E+04   0.46125E+01   0.67826E+22
   0.97298E+04   0.35340E+04   0.46130E+01   0.67834E+22
   0.97312E+04   0.35345E+04   0.46135E+01   0.67841E+22
   0.97326E+04   0.35350E+04   0.46140E+01   0.67848E+22
   0.97341E+04   0.35355E+04   0.46145E+01   0.67855E+22
   0.97355E+04   0.35361E+04   0.46150E+01   0.67862E+22
   0.97370E+04   0.35366E+04   0.46155E+01   0.67870E+22
   0.97384E+04   0.35371E+04   0.46160E+01   0.67877E+22
   0.97398E+04   0.35376E+04   0.46165E+01   0.67884E+22
   0.97413E+04   0.35381E+04   0.46170E+01   0.67891E+22
   0.97427E+04   0.35387E+04   0.46175E+01   0.67899E+22
   0.97441E+04   0.35392E+04   0.46180E+01   0.67906E+22
   0.97456E+04   0.35397E+04   0.46185E+01   0.67913E+22
   0.97470E+04   0.35402E+04   0.46190E+01   0.67920E+22
   0.97485E+04   0.35407E+04   0.46195E+01   0.67927E+22
   0.97499E+04   0.35413E+04   0.46200E+01   0.67935E+22
   0.97513E+04   0.35418E+04   0.46205E+01   0.67942E+22
   0.97528E+04   0.35423E+04   0.46210E+01   0.67949E+22
   0.97542E+04   0.35428E+04   0.46215E+01   0.67956E+22
   0.97556E+04   0.35433E+04   0.46220E+01   0.67964E+22
   0.97571E+04   0.35439E+04   0.46225E+01   0.67971E+22
   0.97585E+04   0.35444E+04   0.46230E+01   0.67978E+22
   0.97600E+04   0.35449E+04   0.46235E+01   0.67985E+22
   0.97614E+04   0.35454E+04   0.46240E+01   0.67993E+22
   0.97628E+04   0.35459E+04   0.46245E+01   0.68000E+22
   0.97643E+04   0.35465E+04   0.46250E+01   0.68007E+22
   0.97657E+04   0.35470E+04   0.46255E+01   0.68014E+22
   0.97672E+04   0.35475E+04   0.46260E+01   0.68021E+22
   0.97686E+04   0.35480E+04   0.46265E+01   0.68029E+22
   0.97700E+04   0.35485E+04   0.46270E+01   0.68036E+22
   0.97715E+04   0.35491E+04   0.46275E+01   0.68043E+22
   0.97729E+04   0.35496E+04   0.46280E+01   0.68050E+22
   0.97744E+04   0.35501E+04   0.46285E+01   0.68058E+22
   0.97758E+04   0.35506E+04   0.46290E+01   0.68065E+22
   0.97772E+04   0.35511E+04   0.46295E+01   0.68072E+22
   0.97787E+04   0.35517E+04   0.46300E+01   0.68079E+22
   0.97801E+04   0.35522E+04   0.46305E+01   0.68086E+22
   0.97816E+04   0.35527E+04   0.46310E+01   0.68094E+22
   0.97830E+04   0.35532E+04   0.46315E+01   0.68101E+22
   0.97844E+04   0.35538E+04   0.46320E+01   0.68108E+22
   0.97859E+04   0.35543E+04   0.46325E+01   0.68115E+22
   0.97873E+04   0.35548E+04   0.46330E+01   0.68123E+22
   0.97888E+04   0.35553E+04   0.46335E+01   0.68130E+22
   0.97902E+04   0.35558E+04   0.46340E+01   0.68137E+22
   0.97916E+04   0.35564E+04   0.46345E+01   0.68144E+22
   0.97931E+04   0.35569E+04   0.46350E+01   0.68151E+22
   0.97945E+04   0.35574E+04   0.46355E+01   0.68159E+22
   0.97960E+04   0.35579E+04   0.46360E+01   0.68166E+22
   0.97974E+04   0.35584E+04   0.46365E+01   0.68173E+22
   0.97988E+04   0.35590E+04   0.46370E+01   0.68180E+22
   0.98003E+04   0.35595E+04   0.46375E+01   0.68188E+22
   0.98017E+04   0.35600E+04   0.46380E+01   0.68195E+22
   0.98032E+04   0.35605E+04   0.46385E+01   0.68202E+22
   0.98046E+04   0.35610E+04   0.46390E+01   0.68209E+22
   0.98060E+04   0.35616E+04   0.46395E+01   0.68216E+22
   0.98075E+04   0.35621E+04   0.46400E+01   0.68224E+22
   0.98089E+04   0.35626E+04   0.46405E+01   0.68231E+22
   0.98104E+04   0.35631E+04   0.46410E+01   0.68238E+22
   0.98118E+04   0.35636E+04   0.46415E+01   0.68245E+22
   0.98132E+04   0.35642E+04   0.46420E+01   0.68253E+22
   0.98147E+04   0.35647E+04   0.46425E+01   0.68260E+22
   0.98161E+04   0.35652E+04   0.46430E+01   0.68267E+22
   0.98176E+04   0.35657E+04   0.46435E+01   0.68274E+22
   0.98190E+04   0.35662E+04   0.46440E+01   0.68281E+22
   0.98204E+04   0.35668E+04   0.46445E+01   0.68289E+22
   0.98219E+04   0.35673E+04   0.46450E+01   0.68296E+22
   0.98233E+04   0.35678E+04   0.46455E+01   0.68303E+22
   0.98248E+04   0.35683E+04   0.46460E+01   0.68310E+22
   0.98262E+04   0.35689E+04   0.46465E+01   0.68318E+22
   0.98277E+04   0.35694E+04   0.46470E+01   0.68325E+22
   0.98291E+04   0.35699E+04   0.46475E+01   0.68332E+22
   0.98305E+04   0.35704E+04   0.46480E+01   0.68339E+22
   0.98320E+04   0.35709E+04   0.46485E+01   0.68346E+22
   0.98334E+04   0.35715E+04   0.46490E+01   0.68354E+22
   0.98349E+04   0.35720E+04   0.46495E+01   0.68361E+22
   0.98363E+04   0.35725E+04   0.46500E+01   0.68368E+22
   0.98377E+04   0.35730E+04   0.46505E+01   0.68375E+22
   0.98392E+04   0.35735E+04   0.46510E+01   0.68383E+22
   0.98406E+04   0.35741E+04   0.46515E+01   0.68390E+22
   0.98421E+04   0.35746E+04   0.46520E+01   0.68397E+22
   0.98435E+04   0.35751E+04   0.46525E+01   0.68404E+22
   0.98450E+04   0.35756E+04   0.46530E+01   0.68412E+22
   0.98464E+04   0.35761E+04   0.46535E+01   0.68419E+22
   0.98478E+04   0.35767E+04   0.46540E+01   0.68426E+22
   0.98493E+04   0.35772E+04   0.46545E+01   0.68433E+22
   0.98507E+04   0.35777E+04   0.46550E+01   0.68440E+22
   0.98522E+04   0.35782E+04   0.46555E+01   0.68448E+22
   0.98536E+04   0.35788E+04   0.46560E+01   0.68455E+22
   0.98551E+04   0.35793E+04   0.46565E+01   0.68462E+22
   0.98565E+04   0.35798E+04   0.46570E+01   0.68469E+22
   0.98579E+04   0.35803E+04   0.46575E+01   0.68477E+22
   0.98594E+04   0.35808E+04   0.46580E+01   0.68484E+22
   0.98608E+04   0.35814E+04   0.46585E+01   0.68491E+22
   0.98623E+04   0.35819E+04   0.46590E+01   0.68498E+22
   0.98637E+04   0.35824E+04   0.46595E+01   0.68505E+22
   0.98652E+04   0.35829E+04   0.46600E+01   0.68513E+22
   0.98666E+04   0.35834E+04   0.46605E+01   0.68520E+22
   0.98680E+04   0.35840E+04   0.46610E+01   0.68527E+22
   0.98695E+04   0.35845E+04   0.46615E+01   0.68534E+22
   0.98709E+04   0.35850E+04   0.46620E+01   0.68542E+22
   0.98724E+04   0.35855E+04   0.46625E+01   0.68549E+22
   0.98738E+04   0.35861E+04   0.46630E+01   0.68556E+22
   0.98753E+04   0.35866E+04   0.46635E+01   0.68563E+22
   0.98767E+04   0.35871E+04   0.46640E+01   0.68570E+22
   0.98781E+04   0.35876E+04   0.46645E+01   0.68578E+22
   0.98796E+04   0.35881E+04   0.46650E+01   0.68585E+22
   0.98810E+04   0.35887E+04   0.46655E+01   0.68592E+22
   0.98825E+04   0.35892E+04   0.46660E+01   0.68599E+22
   0.98839E+04   0.35897E+04   0.46665E+01   0.68607E+22
   0.98854E+04   0.35902E+04   0.46670E+01   0.68614E+22
   0.98868E+04   0.35908E+04   0.46675E+01   0.68621E+22
   0.98882E+04   0.35913E+04   0.46680E+01   0.68628E+22
   0.98897E+04   0.35918E+04   0.46685E+01   0.68635E+22
   0.98911E+04   0.35923E+04   0.46690E+01   0.68643E+22
   0.98926E+04   0.35928E+04   0.46695E+01   0.68650E+22
   0.98940E+04   0.35934E+04   0.46700E+01   0.68657E+22
   0.98955E+04   0.35939E+04   0.46705E+01   0.68664E+22
   0.98969E+04   0.35944E+04   0.46710E+01   0.68672E+22
   0.98984E+04   0.35949E+04   0.46715E+01   0.68679E+22
   0.98998E+04   0.35954E+04   0.46720E+01   0.68686E+22
   0.99012E+04   0.35960E+04   0.46725E+01   0.68693E+22
   0.99027E+04   0.35965E+04   0.46730E+01   0.68700E+22
   0.99041E+04   0.35970E+04   0.46735E+01   0.68708E+22
   0.99056E+04   0.35975E+04   0.46740E+01   0.68715E+22
   0.99070E+04   0.35981E+04   0.46745E+01   0.68722E+22
   0.99085E+04   0.35986E+04   0.46750E+01   0.68729E+22
   0.99099E+04   0.35991E+04   0.46755E+01   0.68737E+22
   0.99114E+04   0.35996E+04   0.46760E+01   0.68744E+22
   0.99128E+04   0.36001E+04   0.46765E+01   0.68751E+22
   0.99142E+04   0.36007E+04   0.46770E+01   0.68758E+22
   0.99157E+04   0.36012E+04   0.46775E+01   0.68765E+22
   0.99171E+04   0.36017E+04   0.46780E+01   0.68773E+22
   0.99186E+04   0.36022E+04   0.46785E+01   0.68780E+22
   0.99200E+04   0.36028E+04   0.46790E+01   0.68787E+22
   0.99215E+04   0.36033E+04   0.46795E+01   0.68794E+22
   0.99229E+04   0.36038E+04   0.46800E+01   0.68802E+22
   0.99244E+04   0.36043E+04   0.46805E+01   0.68809E+22
   0.99258E+04   0.36048E+04   0.46810E+01   0.68816E+22
   0.99272E+04   0.36054E+04   0.46815E+01   0.68823E+22
   0.99287E+04   0.36059E+04   0.46820E+01   0.68831E+22
   0.99301E+04   0.36064E+04   0.46825E+01   0.68838E+22
   0.99316E+04   0.36069E+04   0.46830E+01   0.68845E+22
   0.99330E+04   0.36075E+04   0.46835E+01   0.68852E+22
   0.99345E+04   0.36080E+04   0.46840E+01   0.68859E+22
   0.99359E+04   0.36085E+04   0.46845E+01   0.68867E+22
   0.99374E+04   0.36090E+04   0.46850E+01   0.68874E+22
   0.99388E+04   0.36095E+04   0.46855E+01   0.68881E+22
   0.99403E+04   0.36101E+04   0.46860E+01   0.68888E+22
   0.99417E+04   0.36106E+04   0.46865E+01   0.68896E+22
   0.99432E+04   0.36111E+04   0.46870E+01   0.68903E+22
   0.99446E+04   0.36116E+04   0.46875E+01   0.68910E+22
   0.99460E+04   0.36122E+04   0.46880E+01   0.68917E+22
   0.99475E+04   0.36127E+04   0.46885E+01   0.68924E+22
   0.99489E+04   0.36132E+04   0.46890E+01   0.68932E+22
   0.99504E+04   0.36137E+04   0.46895E+01   0.68939E+22
   0.99518E+04   0.36142E+04   0.46900E+01   0.68946E+22
   0.99533E+04   0.36148E+04   0.46905E+01   0.68953E+22
   0.99547E+04   0.36153E+04   0.46910E+01   0.68961E+22
   0.99562E+04   0.36158E+04   0.46915E+01   0.68968E+22
   0.99576E+04   0.36163E+04   0.46920E+01   0.68975E+22
   0.99591E+04   0.36169E+04   0.46925E+01   0.68982E+22
   0.99605E+04   0.36174E+04   0.46930E+01   0.68989E+22
   0.99620E+04   0.36179E+04   0.46935E+01   0.68997E+22
   0.99634E+04   0.36184E+04   0.46940E+01   0.69004E+22
   0.99648E+04   0.36190E+04   0.46945E+01   0.69011E+22
   0.99663E+04   0.36195E+04   0.46950E+01   0.69018E+22
   0.99677E+04   0.36200E+04   0.46955E+01   0.69026E+22
   0.99692E+04   0.36205E+04   0.46960E+01   0.69033E+22
   0.99706E+04   0.36210E+04   0.46965E+01   0.69040E+22
   0.99721E+04   0.36216E+04   0.46970E+01   0.69047E+22
   0.99735E+04   0.36221E+04   0.46975E+01   0.69054E+22
   0.99750E+04   0.36226E+04   0.46980E+01   0.69062E+22
   0.99764E+04   0.36231E+04   0.46985E+01   0.69069E+22
   0.99779E+04   0.36237E+04   0.46990E+01   0.69076E+22
   0.99793E+04   0.36242E+04   0.46995E+01   0.69083E+22
   0.99808E+04   0.36247E+04   0.47000E+01   0.69091E+22
   0.99822E+04   0.36252E+04   0.47005E+01   0.69098E+22
   0.99837E+04   0.36257E+04   0.47010E+01   0.69105E+22
   0.99851E+04   0.36263E+04   0.47015E+01   0.69112E+22
   0.99866E+04   0.36268E+04   0.47020E+01   0.69119E+22
   0.99880E+04   0.36273E+04   0.47025E+01   0.69127E+22
   0.99894E+04   0.36278E+04   0.47030E+01   0.69134E+22
   0.99909E+04   0.36284E+04   0.47035E+01   0.69141E+22
   0.99923E+04   0.36289E+04   0.47040E+01   0.69148E+22
   0.99938E+04   0.36294E+04   0.47045E+01   0.69156E+22
   0.99952E+04   0.36299E+04   0.47050E+01   0.69163E+22
   0.99967E+04   0.36305E+04   0.47055E+01   0.69170E+22
   0.99981E+04   0.36310E+04   0.47060E+01   0.69177E+22
   0.99996E+04   0.36315E+04   0.47065E+01   0.69185E+22
   0.10001E+05   0.36320E+04   0.47070E+01   0.69192E+22
   0.10002E+05   0.36325E+04   0.47075E+01   0.69199E+22
   0.10004E+05   0.36331E+04   0.47080E+01   0.69206E+22
   0.10005E+05   0.36336E+04   0.47085E+01   0.69213E+22
   0.10007E+05   0.36341E+04   0.47090E+01   0.69221E+22
   0.10008E+05   0.36346E+04   0.47095E+01   0.69228E+22
   0.10010E+05   0.36352E+04   0.47100E+01   0.69235E+22
   0.10011E+05   0.36357E+04   0.47105E+01   0.69242E+22
   0.10013E+05   0.36362E+04   0.47110E+01   0.69250E+22
   0.10014E+05   0.36367E+04   0.47115E+01   0.69257E+22
   0.10016E+05   0.36373E+04   0.47120E+01   0.69264E+22
   0.10017E+05   0.36378E+04   0.47125E+01   0.69271E+22
   0.10018E+05   0.36383E+04   0.47130E+01   0.69278E+22
   0.10020E+05   0.36388E+04   0.47135E+01   0.69286E+22
   0.10021E+05   0.36393E+04   0.47140E+01   0.69293E+22
   0.10023E+05   0.36399E+04   0.47145E+01   0.69300E+22
   0.10024E+05   0.36404E+04   0.47150E+01   0.69307E+22
   0.10026E+05   0.36409E+04   0.47155E+01   0.69315E+22
   0.10027E+05   0.36414E+04   0.47160E+01   0.69322E+22
   0.10029E+05   0.36420E+04   0.47165E+01   0.69329E+22
   0.10030E+05   0.36425E+04   0.47170E+01   0.69336E+22
   0.10031E+05   0.36430E+04   0.47175E+01   0.69343E+22
   0.10033E+05   0.36435E+04   0.47180E+01   0.69351E+22
   0.10034E+05   0.36441E+04   0.47185E+01   0.69358E+22
   0.10036E+05   0.36446E+04   0.47190E+01   0.69365E+22
   0.10037E+05   0.36451E+04   0.47195E+01   0.69372E+22
   0.10039E+05   0.36456E+04   0.47200E+01   0.69380E+22
   0.10040E+05   0.36462E+04   0.47205E+01   0.69387E+22
   0.10042E+05   0.36467E+04   0.47210E+01   0.69394E+22
   0.10043E+05   0.36472E+04   0.47215E+01   0.69401E+22
   0.10045E+05   0.36477E+04   0.47220E+01   0.69408E+22
   0.10046E+05   0.36482E+04   0.47225E+01   0.69416E+22
   0.10047E+05   0.36488E+04   0.47230E+01   0.69423E+22
   0.10049E+05   0.36493E+04   0.47235E+01   0.69430E+22
   0.10050E+05   0.36498E+04   0.47240E+01   0.69437E+22
   0.10052E+05   0.36503E+04   0.47245E+01   0.69445E+22
   0.10053E+05   0.36509E+04   0.47250E+01   0.69452E+22
   0.10055E+05   0.36514E+04   0.47255E+01   0.69459E+22
   0.10056E+05   0.36519E+04   0.47260E+01   0.69466E+22
   0.10058E+05   0.36524E+04   0.47265E+01   0.69474E+22
   0.10059E+05   0.36530E+04   0.47270E+01   0.69481E+22
   0.10060E+05   0.36535E+04   0.47275E+01   0.69488E+22
   0.10062E+05   0.36540E+04   0.47280E+01   0.69495E+22
   0.10063E+05   0.36545E+04   0.47285E+01   0.69502E+22
   0.10065E+05   0.36551E+04   0.47290E+01   0.69510E+22
   0.10066E+05   0.36556E+04   0.47295E+01   0.69517E+22
   0.10068E+05   0.36561E+04   0.47300E+01   0.69524E+22
   0.10069E+05   0.36566E+04   0.47305E+01   0.69531E+22
   0.10071E+05   0.36572E+04   0.47310E+01   0.69539E+22
   0.10072E+05   0.36577E+04   0.47315E+01   0.69546E+22
   0.10074E+05   0.36582E+04   0.47320E+01   0.69553E+22
   0.10075E+05   0.36587E+04   0.47325E+01   0.69560E+22
   0.10076E+05   0.36592E+04   0.47330E+01   0.69567E+22
   0.10078E+05   0.36598E+04   0.47335E+01   0.69575E+22
   0.10079E+05   0.36603E+04   0.47340E+01   0.69582E+22
   0.10081E+05   0.36608E+04   0.47345E+01   0.69589E+22
   0.10082E+05   0.36613E+04   0.47350E+01   0.69596E+22
   0.10084E+05   0.36619E+04   0.47355E+01   0.69604E+22
   0.10085E+05   0.36624E+04   0.47360E+01   0.69611E+22
   0.10087E+05   0.36629E+04   0.47365E+01   0.69618E+22
   0.10088E+05   0.36634E+04   0.47370E+01   0.69625E+22
   0.10089E+05   0.36640E+04   0.47375E+01   0.69632E+22
   0.10091E+05   0.36645E+04   0.47380E+01   0.69640E+22
   0.10092E+05   0.36650E+04   0.47385E+01   0.69647E+22
   0.10094E+05   0.36655E+04   0.47390E+01   0.69654E+22
   0.10095E+05   0.36661E+04   0.47395E+01   0.69661E+22
   0.10097E+05   0.36666E+04   0.47400E+01   0.69669E+22
   0.10098E+05   0.36671E+04   0.47405E+01   0.69676E+22
   0.10100E+05   0.36676E+04   0.47410E+01   0.69683E+22
   0.10101E+05   0.36682E+04   0.47415E+01   0.69690E+22
   0.10103E+05   0.36687E+04   0.47420E+01   0.69697E+22
   0.10104E+05   0.36692E+04   0.47425E+01   0.69705E+22
   0.10105E+05   0.36697E+04   0.47430E+01   0.69712E+22
   0.10107E+05   0.36703E+04   0.47435E+01   0.69719E+22
   0.10108E+05   0.36708E+04   0.47440E+01   0.69726E+22
   0.10110E+05   0.36713E+04   0.47445E+01   0.69734E+22
   0.10111E+05   0.36718E+04   0.47450E+01   0.69741E+22
   0.10113E+05   0.36724E+04   0.47455E+01   0.69748E+22
   0.10114E+05   0.36729E+04   0.47460E+01   0.69755E+22
   0.10116E+05   0.36734E+04   0.47465E+01   0.69762E+22
   0.10117E+05   0.36739E+04   0.47470E+01   0.69770E+22
   0.10119E+05   0.36745E+04   0.47475E+01   0.69777E+22
   0.10120E+05   0.36750E+04   0.47480E+01   0.69784E+22
   0.10121E+05   0.36755E+04   0.47485E+01   0.69791E+22
   0.10123E+05   0.36760E+04   0.47490E+01   0.69799E+22
   0.10124E+05   0.36765E+04   0.47495E+01   0.69806E+22
   0.10126E+05   0.36771E+04   0.47500E+01   0.69813E+22
   0.10127E+05   0.36776E+04   0.47505E+01   0.69820E+22
   0.10129E+05   0.36781E+04   0.47510E+01   0.69828E+22
   0.10130E+05   0.36786E+04   0.47515E+01   0.69835E+22
   0.10132E+05   0.36792E+04   0.47520E+01   0.69842E+22
   0.10133E+05   0.36797E+04   0.47525E+01   0.69849E+22
   0.10134E+05   0.36802E+04   0.47530E+01   0.69856E+22
   0.10136E+05   0.36807E+04   0.47535E+01   0.69864E+22
   0.10137E+05   0.36813E+04   0.47540E+01   0.69871E+22
   0.10139E+05   0.36818E+04   0.47545E+01   0.69878E+22
   0.10140E+05   0.36823E+04   0.47550E+01   0.69885E+22
   0.10142E+05   0.36828E+04   0.47555E+01   0.69893E+22
   0.10143E+05   0.36834E+04   0.47560E+01   0.69900E+22
   0.10145E+05   0.36839E+04   0.47565E+01   0.69907E+22
   0.10146E+05   0.36844E+04   0.47570E+01   0.69914E+22
   0.10148E+05   0.36849E+04   0.47575E+01   0.69921E+22
   0.10149E+05   0.36855E+04   0.47580E+01   0.69929E+22
   0.10150E+05   0.36860E+04   0.47585E+01   0.69936E+22
   0.10152E+05   0.36865E+04   0.47590E+01   0.69943E+22
   0.10153E+05   0.36870E+04   0.47595E+01   0.69950E+22
   0.10155E+05   0.36876E+04   0.47600E+01   0.69958E+22
   0.10156E+05   0.36881E+04   0.47605E+01   0.69965E+22
   0.10158E+05   0.36886E+04   0.47610E+01   0.69972E+22
   0.10159E+05   0.36891E+04   0.47615E+01   0.69979E+22
   0.10161E+05   0.36897E+04   0.47620E+01   0.69986E+22
   0.10162E+05   0.36902E+04   0.47625E+01   0.69994E+22
   0.10164E+05   0.36907E+04   0.47630E+01   0.70001E+22
   0.10165E+05   0.36912E+04   0.47635E+01   0.70008E+22
   0.10166E+05   0.36918E+04   0.47640E+01   0.70015E+22
   0.10168E+05   0.36923E+04   0.47645E+01   0.70023E+22
   0.10169E+05   0.36928E+04   0.47650E+01   0.70030E+22
   0.10171E+05   0.36933E+04   0.47655E+01   0.70037E+22
   0.10172E+05   0.36939E+04   0.47660E+01   0.70044E+22
   0.10174E+05   0.36944E+04   0.47665E+01   0.70051E+22
   0.10175E+05   0.36949E+04   0.47670E+01   0.70059E+22
   0.10177E+05   0.36954E+04   0.47675E+01   0.70066E+22
   0.10178E+05   0.36960E+04   0.47680E+01   0.70073E+22
   0.10180E+05   0.36965E+04   0.47685E+01   0.70080E+22
   0.10181E+05   0.36970E+04   0.47690E+01   0.70088E+22
   0.10182E+05   0.36975E+04   0.47695E+01   0.70095E+22
   0.10184E+05   0.36981E+04   0.47700E+01   0.70102E+22
   0.10185E+05   0.36986E+04   0.47705E+01   0.70109E+22
   0.10187E+05   0.36991E+04   0.47710E+01   0.70117E+22
   0.10188E+05   0.36996E+04   0.47715E+01   0.70124E+22
   0.10190E+05   0.37002E+04   0.47720E+01   0.70131E+22
   0.10191E+05   0.37007E+04   0.47725E+01   0.70138E+22
   0.10193E+05   0.37012E+04   0.47730E+01   0.70145E+22
   0.10194E+05   0.37017E+04   0.47735E+01   0.70153E+22
   0.10196E+05   0.37023E+04   0.47740E+01   0.70160E+22
   0.10197E+05   0.37028E+04   0.47745E+01   0.70167E+22
   0.10198E+05   0.37033E+04   0.47750E+01   0.70174E+22
   0.10200E+05   0.37039E+04   0.47755E+01   0.70182E+22
   0.10201E+05   0.37044E+04   0.47760E+01   0.70189E+22
   0.10203E+05   0.37049E+04   0.47765E+01   0.70196E+22
   0.10204E+05   0.37054E+04   0.47770E+01   0.70203E+22
   0.10206E+05   0.37060E+04   0.47775E+01   0.70210E+22
   0.10207E+05   0.37065E+04   0.47780E+01   0.70218E+22
   0.10209E+05   0.37070E+04   0.47785E+01   0.70225E+22
   0.10210E+05   0.37075E+04   0.47790E+01   0.70232E+22
   0.10212E+05   0.37081E+04   0.47795E+01   0.70239E+22
   0.10213E+05   0.37086E+04   0.47800E+01   0.70247E+22
   0.10215E+05   0.37091E+04   0.47805E+01   0.70254E+22
   0.10216E+05   0.37096E+04   0.47810E+01   0.70261E+22
   0.10217E+05   0.37102E+04   0.47815E+01   0.70268E+22
   0.10219E+05   0.37107E+04   0.47820E+01   0.70275E+22
   0.10220E+05   0.37112E+04   0.47825E+01   0.70283E+22
   0.10222E+05   0.37117E+04   0.47830E+01   0.70290E+22
   0.10223E+05   0.37123E+04   0.47835E+01   0.70297E+22
   0.10225E+05   0.37128E+04   0.47840E+01   0.70304E+22
   0.10226E+05   0.37133E+04   0.47845E+01   0.70312E+22
   0.10228E+05   0.37138E+04   0.47850E+01   0.70319E+22
   0.10229E+05   0.37144E+04   0.47855E+01   0.70326E+22
   0.10231E+05   0.37149E+04   0.47860E+01   0.70333E+22
   0.10232E+05   0.37154E+04   0.47865E+01   0.70341E+22
   0.10233E+05   0.37159E+04   0.47870E+01   0.70348E+22
   0.10235E+05   0.37165E+04   0.47875E+01   0.70355E+22
   0.10236E+05   0.37170E+04   0.47880E+01   0.70362E+22
   0.10238E+05   0.37175E+04   0.47885E+01   0.70369E+22
   0.10239E+05   0.37180E+04   0.47890E+01   0.70377E+22
   0.10241E+05   0.37186E+04   0.47895E+01   0.70384E+22
   0.10242E+05   0.37191E+04   0.47900E+01   0.70391E+22
   0.10244E+05   0.37196E+04   0.47905E+01   0.70398E+22
   0.10245E+05   0.37201E+04   0.47910E+01   0.70406E+22
   0.10247E+05   0.37207E+04   0.47915E+01   0.70413E+22
   0.10248E+05   0.37212E+04   0.47920E+01   0.70420E+22
   0.10249E+05   0.37217E+04   0.47925E+01   0.70427E+22
   0.10251E+05   0.37223E+04   0.47930E+01   0.70434E+22
   0.10252E+05   0.37228E+04   0.47935E+01   0.70442E+22
   0.10254E+05   0.37233E+04   0.47940E+01   0.70449E+22
   0.10255E+05   0.37238E+04   0.47945E+01   0.70456E+22
   0.10257E+05   0.37244E+04   0.47950E+01   0.70463E+22
   0.10258E+05   0.37249E+04   0.47955E+01   0.70471E+22
   0.10260E+05   0.37254E+04   0.47960E+01   0.70478E+22
   0.10261E+05   0.37259E+04   0.47965E+01   0.70485E+22
   0.10263E+05   0.37265E+04   0.47970E+01   0.70492E+22
   0.10264E+05   0.37270E+04   0.47975E+01   0.70499E+22
   0.10266E+05   0.37275E+04   0.47980E+01   0.70507E+22
   0.10267E+05   0.37280E+04   0.47985E+01   0.70514E+22
   0.10268E+05   0.37286E+04   0.47990E+01   0.70521E+22
   0.10270E+05   0.37291E+04   0.47995E+01   0.70528E+22
   0.10271E+05   0.37296E+04   0.48000E+01   0.70536E+22
   0.10273E+05   0.37301E+04   0.48005E+01   0.70543E+22
   0.10274E+05   0.37307E+04   0.48010E+01   0.70550E+22
   0.10276E+05   0.37312E+04   0.48015E+01   0.70557E+22
   0.10277E+05   0.37317E+04   0.48020E+01   0.70564E+22
   0.10279E+05   0.37323E+04   0.48025E+01   0.70572E+22
   0.10280E+05   0.37328E+04   0.48030E+01   0.70579E+22
   0.10282E+05   0.37333E+04   0.48035E+01   0.70586E+22
   0.10283E+05   0.37338E+04   0.48040E+01   0.70593E+22
   0.10284E+05   0.37344E+04   0.48045E+01   0.70601E+22
   0.10286E+05   0.37349E+04   0.48050E+01   0.70608E+22
   0.10287E+05   0.37354E+04   0.48055E+01   0.70615E+22
   0.10289E+05   0.37359E+04   0.48060E+01   0.70622E+22
   0.10290E+05   0.37365E+04   0.48065E+01   0.70630E+22
   0.10292E+05   0.37370E+04   0.48070E+01   0.70637E+22
   0.10293E+05   0.37375E+04   0.48075E+01   0.70644E+22
   0.10295E+05   0.37380E+04   0.48080E+01   0.70651E+22
   0.10296E+05   0.37386E+04   0.48085E+01   0.70658E+22
   0.10298E+05   0.37391E+04   0.48090E+01   0.70666E+22
   0.10299E+05   0.37396E+04   0.48095E+01   0.70673E+22
   0.10301E+05   0.37401E+04   0.48100E+01   0.70680E+22
   0.10302E+05   0.37407E+04   0.48105E+01   0.70687E+22
   0.10303E+05   0.37412E+04   0.48110E+01   0.70695E+22
   0.10305E+05   0.37417E+04   0.48115E+01   0.70702E+22
   0.10306E+05   0.37423E+04   0.48120E+01   0.70709E+22
   0.10308E+05   0.37428E+04   0.48125E+01   0.70716E+22
   0.10309E+05   0.37433E+04   0.48130E+01   0.70723E+22
   0.10311E+05   0.37438E+04   0.48135E+01   0.70731E+22
   0.10312E+05   0.37444E+04   0.48140E+01   0.70738E+22
   0.10314E+05   0.37449E+04   0.48145E+01   0.70745E+22
   0.10315E+05   0.37454E+04   0.48150E+01   0.70752E+22
   0.10317E+05   0.37459E+04   0.48155E+01   0.70760E+22
   0.10318E+05   0.37465E+04   0.48160E+01   0.70767E+22
   0.10320E+05   0.37470E+04   0.48165E+01   0.70774E+22
   0.10321E+05   0.37475E+04   0.48170E+01   0.70781E+22
   0.10322E+05   0.37481E+04   0.48175E+01   0.70788E+22
   0.10324E+05   0.37486E+04   0.48180E+01   0.70796E+22
   0.10325E+05   0.37491E+04   0.48185E+01   0.70803E+22
   0.10327E+05   0.37496E+04   0.48190E+01   0.70810E+22
   0.10328E+05   0.37502E+04   0.48195E+01   0.70817E+22
   0.10330E+05   0.37507E+04   0.48200E+01   0.70825E+22
   0.10331E+05   0.37512E+04   0.48205E+01   0.70832E+22
   0.10333E+05   0.37517E+04   0.48210E+01   0.70839E+22
   0.10334E+05   0.37523E+04   0.48215E+01   0.70846E+22
   0.10336E+05   0.37528E+04   0.48220E+01   0.70853E+22
   0.10337E+05   0.37533E+04   0.48225E+01   0.70861E+22
   0.10338E+05   0.37538E+04   0.48230E+01   0.70868E+22
   0.10340E+05   0.37544E+04   0.48235E+01   0.70875E+22
   0.10341E+05   0.37549E+04   0.48240E+01   0.70882E+22
   0.10343E+05   0.37554E+04   0.48245E+01   0.70890E+22
   0.10344E+05   0.37560E+04   0.48250E+01   0.70897E+22
   0.10346E+05   0.37565E+04   0.48255E+01   0.70904E+22
   0.10347E+05   0.37570E+04   0.48260E+01   0.70911E+22
   0.10349E+05   0.37575E+04   0.48265E+01   0.70919E+22
   0.10350E+05   0.37581E+04   0.48270E+01   0.70926E+22
   0.10352E+05   0.37586E+04   0.48275E+01   0.70933E+22
   0.10353E+05   0.37591E+04   0.48280E+01   0.70940E+22
   0.10355E+05   0.37596E+04   0.48285E+01   0.70947E+22
   0.10356E+05   0.37602E+04   0.48290E+01   0.70955E+22
   0.10357E+05   0.37607E+04   0.48295E+01   0.70962E+22
   0.10359E+05   0.37612E+04   0.48300E+01   0.70969E+22
   0.10360E+05   0.37618E+04   0.48305E+01   0.70976E+22
   0.10362E+05   0.37623E+04   0.48310E+01   0.70984E+22
   0.10363E+05   0.37628E+04   0.48315E+01   0.70991E+22
   0.10365E+05   0.37633E+04   0.48320E+01   0.70998E+22
   0.10366E+05   0.37639E+04   0.48325E+01   0.71005E+22
   0.10368E+05   0.37644E+04   0.48330E+01   0.71012E+22
   0.10369E+05   0.37649E+04   0.48335E+01   0.71020E+22
   0.10371E+05   0.37654E+04   0.48340E+01   0.71027E+22
   0.10372E+05   0.37660E+04   0.48345E+01   0.71034E+22
   0.10374E+05   0.37665E+04   0.48350E+01   0.71041E+22
   0.10375E+05   0.37670E+04   0.48355E+01   0.71049E+22
   0.10376E+05   0.37676E+04   0.48360E+01   0.71056E+22
   0.10378E+05   0.37681E+04   0.48365E+01   0.71063E+22
   0.10379E+05   0.37686E+04   0.48370E+01   0.71070E+22
   0.10381E+05   0.37691E+04   0.48375E+01   0.71077E+22
   0.10382E+05   0.37697E+04   0.48380E+01   0.71085E+22
   0.10384E+05   0.37702E+04   0.48385E+01   0.71092E+22
   0.10385E+05   0.37707E+04   0.48390E+01   0.71099E+22
   0.10387E+05   0.37713E+04   0.48395E+01   0.71106E+22
   0.10388E+05   0.37718E+04   0.48400E+01   0.71114E+22
   0.10390E+05   0.37723E+04   0.48405E+01   0.71121E+22
   0.10391E+05   0.37728E+04   0.48410E+01   0.71128E+22
   0.10393E+05   0.37734E+04   0.48415E+01   0.71135E+22
   0.10394E+05   0.37739E+04   0.48420E+01   0.71143E+22
   0.10396E+05   0.37744E+04   0.48425E+01   0.71150E+22
   0.10397E+05   0.37749E+04   0.48430E+01   0.71157E+22
   0.10398E+05   0.37755E+04   0.48435E+01   0.71164E+22
   0.10400E+05   0.37760E+04   0.48440E+01   0.71171E+22
   0.10401E+05   0.37765E+04   0.48445E+01   0.71179E+22
   0.10403E+05   0.37771E+04   0.48450E+01   0.71186E+22
   0.10404E+05   0.37776E+04   0.48455E+01   0.71193E+22
   0.10406E+05   0.37781E+04   0.48460E+01   0.71200E+22
   0.10407E+05   0.37786E+04   0.48465E+01   0.71208E+22
   0.10409E+05   0.37792E+04   0.48470E+01   0.71215E+22
   0.10410E+05   0.37797E+04   0.48475E+01   0.71222E+22
   0.10412E+05   0.37802E+04   0.48480E+01   0.71229E+22
   0.10413E+05   0.37808E+04   0.48485E+01   0.71236E+22
   0.10415E+05   0.37813E+04   0.48490E+01   0.71244E+22
   0.10416E+05   0.37818E+04   0.48495E+01   0.71251E+22
   0.10417E+05   0.37823E+04   0.48500E+01   0.71258E+22
   0.10419E+05   0.37829E+04   0.48505E+01   0.71265E+22
   0.10420E+05   0.37834E+04   0.48510E+01   0.71273E+22
   0.10422E+05   0.37839E+04   0.48515E+01   0.71280E+22
   0.10423E+05   0.37844E+04   0.48520E+01   0.71287E+22
   0.10425E+05   0.37850E+04   0.48525E+01   0.71294E+22
   0.10426E+05   0.37855E+04   0.48530E+01   0.71301E+22
   0.10428E+05   0.37860E+04   0.48535E+01   0.71309E+22
   0.10429E+05   0.37866E+04   0.48540E+01   0.71316E+22
   0.10431E+05   0.37871E+04   0.48545E+01   0.71323E+22
   0.10432E+05   0.37876E+04   0.48550E+01   0.71330E+22
   0.10434E+05   0.37881E+04   0.48555E+01   0.71338E+22
   0.10435E+05   0.37887E+04   0.48560E+01   0.71345E+22
   0.10437E+05   0.37892E+04   0.48565E+01   0.71352E+22
   0.10438E+05   0.37897E+04   0.48570E+01   0.71359E+22
   0.10439E+05   0.37903E+04   0.48575E+01   0.71367E+22
   0.10441E+05   0.37908E+04   0.48580E+01   0.71374E+22
   0.10442E+05   0.37913E+04   0.48585E+01   0.71381E+22
   0.10444E+05   0.37918E+04   0.48590E+01   0.71388E+22
   0.10445E+05   0.37924E+04   0.48595E+01   0.71395E+22
   0.10447E+05   0.37929E+04   0.48600E+01   0.71403E+22
   0.10448E+05   0.37934E+04   0.48605E+01   0.71410E+22
   0.10450E+05   0.37940E+04   0.48610E+01   0.71417E+22
   0.10451E+05   0.37945E+04   0.48615E+01   0.71424E+22
   0.10453E+05   0.37950E+04   0.48620E+01   0.71432E+22
   0.10454E+05   0.37955E+04   0.48625E+01   0.71439E+22
   0.10456E+05   0.37961E+04   0.48630E+01   0.71446E+22
   0.10457E+05   0.37966E+04   0.48635E+01   0.71453E+22
   0.10458E+05   0.37971E+04   0.48640E+01   0.71460E+22
   0.10460E+05   0.37977E+04   0.48645E+01   0.71468E+22
   0.10461E+05   0.37982E+04   0.48650E+01   0.71475E+22
   0.10463E+05   0.37987E+04   0.48655E+01   0.71482E+22
   0.10464E+05   0.37992E+04   0.48660E+01   0.71489E+22
   0.10466E+05   0.37998E+04   0.48665E+01   0.71497E+22
   0.10467E+05   0.38003E+04   0.48670E+01   0.71504E+22
   0.10469E+05   0.38008E+04   0.48675E+01   0.71511E+22
   0.10470E+05   0.38014E+04   0.48680E+01   0.71518E+22
   0.10472E+05   0.38019E+04   0.48685E+01   0.71525E+22
   0.10473E+05   0.38024E+04   0.48690E+01   0.71533E+22
   0.10475E+05   0.38029E+04   0.48695E+01   0.71540E+22
   0.10476E+05   0.38035E+04   0.48700E+01   0.71547E+22
   0.10478E+05   0.38040E+04   0.48705E+01   0.71554E+22
   0.10479E+05   0.38045E+04   0.48710E+01   0.71562E+22
   0.10480E+05   0.38051E+04   0.48715E+01   0.71569E+22
   0.10482E+05   0.38056E+04   0.48720E+01   0.71576E+22
   0.10483E+05   0.38061E+04   0.48725E+01   0.71583E+22
   0.10485E+05   0.38066E+04   0.48730E+01   0.71591E+22
   0.10486E+05   0.38072E+04   0.48735E+01   0.71598E+22
   0.10488E+05   0.38077E+04   0.48740E+01   0.71605E+22
   0.10489E+05   0.38082E+04   0.48745E+01   0.71612E+22
   0.10491E+05   0.38088E+04   0.48750E+01   0.71619E+22
   0.10492E+05   0.38093E+04   0.48755E+01   0.71627E+22
   0.10494E+05   0.38098E+04   0.48760E+01   0.71634E+22
   0.10495E+05   0.38103E+04   0.48765E+01   0.71641E+22
   0.10497E+05   0.38109E+04   0.48770E+01   0.71648E+22
   0.10498E+05   0.38114E+04   0.48775E+01   0.71656E+22
   0.10500E+05   0.38119E+04   0.48780E+01   0.71663E+22
   0.10501E+05   0.38125E+04   0.48785E+01   0.71670E+22
   0.10502E+05   0.38130E+04   0.48790E+01   0.71677E+22
   0.10504E+05   0.38135E+04   0.48795E+01   0.71684E+22
   0.10505E+05   0.38140E+04   0.48800E+01   0.71692E+22
   0.10507E+05   0.38146E+04   0.48805E+01   0.71699E+22
   0.10508E+05   0.38151E+04   0.48810E+01   0.71706E+22
   0.10510E+05   0.38156E+04   0.48815E+01   0.71713E+22
   0.10511E+05   0.38162E+04   0.48820E+01   0.71721E+22
   0.10513E+05   0.38167E+04   0.48825E+01   0.71728E+22
   0.10514E+05   0.38172E+04   0.48830E+01   0.71735E+22
   0.10516E+05   0.38178E+04   0.48835E+01   0.71742E+22
   0.10517E+05   0.38183E+04   0.48840E+01   0.71749E+22
   0.10519E+05   0.38188E+04   0.48845E+01   0.71757E+22
   0.10520E+05   0.38193E+04   0.48850E+01   0.71764E+22
   0.10522E+05   0.38199E+04   0.48855E+01   0.71771E+22
   0.10523E+05   0.38204E+04   0.48860E+01   0.71778E+22
   0.10524E+05   0.38209E+04   0.48865E+01   0.71786E+22
   0.10526E+05   0.38215E+04   0.48870E+01   0.71793E+22
   0.10527E+05   0.38220E+04   0.48875E+01   0.71800E+22
   0.10529E+05   0.38225E+04   0.48880E+01   0.71807E+22
   0.10530E+05   0.38230E+04   0.48885E+01   0.71815E+22
   0.10532E+05   0.38236E+04   0.48890E+01   0.71822E+22
   0.10533E+05   0.38241E+04   0.48895E+01   0.71829E+22
   0.10535E+05   0.38246E+04   0.48900E+01   0.71836E+22
   0.10536E+05   0.38252E+04   0.48905E+01   0.71843E+22
   0.10538E+05   0.38257E+04   0.48910E+01   0.71851E+22
   0.10539E+05   0.38262E+04   0.48915E+01   0.71858E+22
   0.10541E+05   0.38267E+04   0.48920E+01   0.71865E+22
   0.10542E+05   0.38273E+04   0.48925E+01   0.71872E+22
   0.10544E+05   0.38278E+04   0.48930E+01   0.71880E+22
   0.10545E+05   0.38283E+04   0.48935E+01   0.71887E+22
   0.10547E+05   0.38289E+04   0.48940E+01   0.71894E+22
   0.10548E+05   0.38294E+04   0.48945E+01   0.71901E+22
   0.10549E+05   0.38299E+04   0.48950E+01   0.71908E+22
   0.10551E+05   0.38305E+04   0.48955E+01   0.71916E+22
   0.10552E+05   0.38310E+04   0.48960E+01   0.71923E+22
   0.10554E+05   0.38315E+04   0.48965E+01   0.71930E+22
   0.10555E+05   0.38320E+04   0.48970E+01   0.71937E+22
   0.10557E+05   0.38326E+04   0.48975E+01   0.71945E+22
   0.10558E+05   0.38331E+04   0.48980E+01   0.71952E+22
   0.10560E+05   0.38336E+04   0.48985E+01   0.71959E+22
   0.10561E+05   0.38342E+04   0.48990E+01   0.71966E+22
   0.10563E+05   0.38347E+04   0.48995E+01   0.71973E+22
   0.10564E+05   0.38352E+04   0.49000E+01   0.71981E+22
   0.10566E+05   0.38358E+04   0.49005E+01   0.71988E+22
   0.10567E+05   0.38363E+04   0.49010E+01   0.71995E+22
   0.10569E+05   0.38368E+04   0.49015E+01   0.72002E+22
   0.10570E+05   0.38373E+04   0.49020E+01   0.72010E+22
   0.10571E+05   0.38379E+04   0.49025E+01   0.72017E+22
   0.10573E+05   0.38384E+04   0.49030E+01   0.72024E+22
   0.10574E+05   0.38389E+04   0.49035E+01   0.72031E+22
   0.10576E+05   0.38395E+04   0.49040E+01   0.72039E+22
   0.10577E+05   0.38400E+04   0.49045E+01   0.72046E+22
   0.10579E+05   0.38405E+04   0.49050E+01   0.72053E+22
   0.10580E+05   0.38411E+04   0.49055E+01   0.72060E+22
   0.10582E+05   0.38416E+04   0.49060E+01   0.72067E+22
   0.10583E+05   0.38421E+04   0.49065E+01   0.72075E+22
   0.10585E+05   0.38426E+04   0.49070E+01   0.72082E+22
   0.10586E+05   0.38432E+04   0.49075E+01   0.72089E+22
   0.10588E+05   0.38437E+04   0.49080E+01   0.72096E+22
   0.10589E+05   0.38442E+04   0.49085E+01   0.72104E+22
   0.10591E+05   0.38448E+04   0.49090E+01   0.72111E+22
   0.10592E+05   0.38453E+04   0.49095E+01   0.72118E+22
   0.10594E+05   0.38458E+04   0.49100E+01   0.72125E+22
   0.10595E+05   0.38463E+04   0.49105E+01   0.72132E+22
   0.10596E+05   0.38469E+04   0.49110E+01   0.72140E+22
   0.10598E+05   0.38474E+04   0.49115E+01   0.72147E+22
   0.10599E+05   0.38479E+04   0.49120E+01   0.72154E+22
   0.10601E+05   0.38485E+04   0.49125E+01   0.72161E+22
   0.10602E+05   0.38490E+04   0.49130E+01   0.72169E+22
   0.10604E+05   0.38495E+04   0.49135E+01   0.72176E+22
   0.10605E+05   0.38501E+04   0.49140E+01   0.72183E+22
   0.10607E+05   0.38506E+04   0.49145E+01   0.72190E+22
   0.10608E+05   0.38511E+04   0.49150E+01   0.72197E+22
   0.10610E+05   0.38517E+04   0.49155E+01   0.72205E+22
   0.10611E+05   0.38522E+04   0.49160E+01   0.72212E+22
   0.10613E+05   0.38527E+04   0.49165E+01   0.72219E+22
   0.10614E+05   0.38532E+04   0.49170E+01   0.72226E+22
   0.10616E+05   0.38538E+04   0.49175E+01   0.72234E+22
   0.10617E+05   0.38543E+04   0.49180E+01   0.72241E+22
   0.10619E+05   0.38548E+04   0.49185E+01   0.72248E+22
   0.10620E+05   0.38554E+04   0.49190E+01   0.72255E+22
   0.10621E+05   0.38559E+04   0.49195E+01   0.72263E+22
   0.10623E+05   0.38564E+04   0.49200E+01   0.72270E+22
   0.10624E+05   0.38570E+04   0.49205E+01   0.72277E+22
   0.10626E+05   0.38575E+04   0.49210E+01   0.72284E+22
   0.10627E+05   0.38580E+04   0.49215E+01   0.72291E+22
   0.10629E+05   0.38585E+04   0.49220E+01   0.72299E+22
   0.10630E+05   0.38591E+04   0.49225E+01   0.72306E+22
   0.10632E+05   0.38596E+04   0.49230E+01   0.72313E+22
   0.10633E+05   0.38601E+04   0.49235E+01   0.72320E+22
   0.10635E+05   0.38607E+04   0.49240E+01   0.72328E+22
   0.10636E+05   0.38612E+04   0.49245E+01   0.72335E+22
   0.10638E+05   0.38617E+04   0.49250E+01   0.72342E+22
   0.10639E+05   0.38623E+04   0.49255E+01   0.72349E+22
   0.10641E+05   0.38628E+04   0.49260E+01   0.72356E+22
   0.10642E+05   0.38633E+04   0.49265E+01   0.72364E+22
   0.10644E+05   0.38639E+04   0.49270E+01   0.72371E+22
   0.10645E+05   0.38644E+04   0.49275E+01   0.72378E+22
   0.10646E+05   0.38649E+04   0.49280E+01   0.72385E+22
   0.10648E+05   0.38654E+04   0.49285E+01   0.72393E+22
   0.10649E+05   0.38660E+04   0.49290E+01   0.72400E+22
   0.10651E+05   0.38665E+04   0.49295E+01   0.72407E+22
   0.10652E+05   0.38670E+04   0.49300E+01   0.72414E+22
   0.10654E+05   0.38676E+04   0.49305E+01   0.72422E+22
   0.10655E+05   0.38681E+04   0.49310E+01   0.72429E+22
   0.10657E+05   0.38686E+04   0.49315E+01   0.72436E+22
   0.10658E+05   0.38692E+04   0.49320E+01   0.72443E+22
   0.10660E+05   0.38697E+04   0.49325E+01   0.72450E+22
   0.10661E+05   0.38702E+04   0.49330E+01   0.72458E+22
   0.10663E+05   0.38708E+04   0.49335E+01   0.72465E+22
   0.10664E+05   0.38713E+04   0.49340E+01   0.72472E+22
   0.10666E+05   0.38718E+04   0.49345E+01   0.72479E+22
   0.10667E+05   0.38723E+04   0.49350E+01   0.72487E+22
   0.10669E+05   0.38729E+04   0.49355E+01   0.72494E+22
   0.10670E+05   0.38734E+04   0.49360E+01   0.72501E+22
   0.10672E+05   0.38739E+04   0.49365E+01   0.72508E+22
   0.10673E+05   0.38745E+04   0.49370E+01   0.72515E+22
   0.10674E+05   0.38750E+04   0.49375E+01   0.72523E+22
   0.10676E+05   0.38755E+04   0.49380E+01   0.72530E+22
   0.10677E+05   0.38761E+04   0.49385E+01   0.72537E+22
   0.10679E+05   0.38766E+04   0.49390E+01   0.72544E+22
   0.10680E+05   0.38771E+04   0.49395E+01   0.72552E+22
   0.10682E+05   0.38777E+04   0.49400E+01   0.72559E+22
   0.10683E+05   0.38782E+04   0.49405E+01   0.72566E+22
   0.10685E+05   0.38787E+04   0.49410E+01   0.72573E+22
   0.10686E+05   0.38792E+04   0.49415E+01   0.72580E+22
   0.10688E+05   0.38798E+04   0.49420E+01   0.72588E+22
   0.10689E+05   0.38803E+04   0.49425E+01   0.72595E+22
   0.10691E+05   0.38808E+04   0.49430E+01   0.72602E+22
   0.10692E+05   0.38814E+04   0.49435E+01   0.72609E+22
   0.10694E+05   0.38819E+04   0.49440E+01   0.72617E+22
   0.10695E+05   0.38824E+04   0.49445E+01   0.72624E+22
   0.10697E+05   0.38830E+04   0.49450E+01   0.72631E+22
   0.10698E+05   0.38835E+04   0.49455E+01   0.72638E+22
   0.10700E+05   0.38840E+04   0.49460E+01   0.72646E+22
   0.10701E+05   0.38846E+04   0.49465E+01   0.72653E+22
   0.10702E+05   0.38851E+04   0.49470E+01   0.72660E+22
   0.10704E+05   0.38856E+04   0.49475E+01   0.72667E+22
   0.10705E+05   0.38862E+04   0.49480E+01   0.72674E+22
   0.10707E+05   0.38867E+04   0.49485E+01   0.72682E+22
   0.10708E+05   0.38872E+04   0.49490E+01   0.72689E+22
   0.10710E+05   0.38877E+04   0.49495E+01   0.72696E+22
   0.10711E+05   0.38883E+04   0.49500E+01   0.72703E+22
   0.10713E+05   0.38888E+04   0.49505E+01   0.72711E+22
   0.10714E+05   0.38893E+04   0.49510E+01   0.72718E+22
   0.10716E+05   0.38899E+04   0.49515E+01   0.72725E+22
   0.10717E+05   0.38904E+04   0.49520E+01   0.72732E+22
   0.10719E+05   0.38909E+04   0.49525E+01   0.72739E+22
   0.10720E+05   0.38915E+04   0.49530E+01   0.72747E+22
   0.10722E+05   0.38920E+04   0.49535E+01   0.72754E+22
   0.10723E+05   0.38925E+04   0.49540E+01   0.72761E+22
   0.10725E+05   0.38931E+04   0.49545E+01   0.72768E+22
   0.10726E+05   0.38936E+04   0.49550E+01   0.72776E+22
   0.10728E+05   0.38941E+04   0.49555E+01   0.72783E+22
   0.10729E+05   0.38947E+04   0.49560E+01   0.72790E+22
   0.10731E+05   0.38952E+04   0.49565E+01   0.72797E+22
   0.10732E+05   0.38957E+04   0.49570E+01   0.72805E+22
   0.10733E+05   0.38962E+04   0.49575E+01   0.72812E+22
   0.10735E+05   0.38968E+04   0.49580E+01   0.72819E+22
   0.10736E+05   0.38973E+04   0.49585E+01   0.72826E+22
   0.10738E+05   0.38978E+04   0.49590E+01   0.72833E+22
   0.10739E+05   0.38984E+04   0.49595E+01   0.72841E+22
   0.10741E+05   0.38989E+04   0.49600E+01   0.72848E+22
   0.10742E+05   0.38994E+04   0.49605E+01   0.72855E+22
   0.10744E+05   0.39000E+04   0.49610E+01   0.72862E+22
   0.10745E+05   0.39005E+04   0.49615E+01   0.72870E+22
   0.10747E+05   0.39010E+04   0.49620E+01   0.72877E+22
   0.10748E+05   0.39016E+04   0.49625E+01   0.72884E+22
   0.10750E+05   0.39021E+04   0.49630E+01   0.72891E+22
   0.10751E+05   0.39026E+04   0.49635E+01   0.72898E+22
   0.10753E+05   0.39032E+04   0.49640E+01   0.72906E+22
   0.10754E+05   0.39037E+04   0.49645E+01   0.72913E+22
   0.10756E+05   0.39042E+04   0.49650E+01   0.72920E+22
   0.10757E+05   0.39048E+04   0.49655E+01   0.72927E+22
   0.10759E+05   0.39053E+04   0.49660E+01   0.72935E+22
   0.10760E+05   0.39058E+04   0.49665E+01   0.72942E+22
   0.10762E+05   0.39064E+04   0.49670E+01   0.72949E+22
   0.10763E+05   0.39069E+04   0.49675E+01   0.72956E+22
   0.10764E+05   0.39074E+04   0.49680E+01   0.72963E+22
   0.10766E+05   0.39079E+04   0.49685E+01   0.72971E+22
   0.10767E+05   0.39085E+04   0.49690E+01   0.72978E+22
   0.10769E+05   0.39090E+04   0.49695E+01   0.72985E+22
   0.10770E+05   0.39095E+04   0.49700E+01   0.72992E+22
   0.10772E+05   0.39101E+04   0.49705E+01   0.73000E+22
   0.10773E+05   0.39106E+04   0.49710E+01   0.73007E+22
   0.10775E+05   0.39111E+04   0.49715E+01   0.73014E+22
   0.10776E+05   0.39117E+04   0.49720E+01   0.73021E+22
   0.10778E+05   0.39122E+04   0.49725E+01   0.73029E+22
   0.10779E+05   0.39127E+04   0.49730E+01   0.73036E+22
   0.10781E+05   0.39133E+04   0.49735E+01   0.73043E+22
   0.10782E+05   0.39138E+04   0.49740E+01   0.73050E+22
   0.10784E+05   0.39143E+04   0.49745E+01   0.73057E+22
   0.10785E+05   0.39149E+04   0.49750E+01   0.73065E+22
   0.10787E+05   0.39154E+04   0.49755E+01   0.73072E+22
   0.10788E+05   0.39159E+04   0.49760E+01   0.73079E+22
   0.10790E+05   0.39165E+04   0.49765E+01   0.73086E+22
   0.10791E+05   0.39170E+04   0.49770E+01   0.73094E+22
   0.10793E+05   0.39175E+04   0.49775E+01   0.73101E+22
   0.10794E+05   0.39181E+04   0.49780E+01   0.73108E+22
   0.10795E+05   0.39186E+04   0.49785E+01   0.73115E+22
   0.10797E+05   0.39191E+04   0.49790E+01   0.73122E+22
   0.10798E+05   0.39197E+04   0.49795E+01   0.73130E+22
   0.10800E+05   0.39202E+04   0.49800E+01   0.73137E+22
   0.10801E+05   0.39207E+04   0.49805E+01   0.73144E+22
   0.10803E+05   0.39213E+04   0.49810E+01   0.73151E+22
   0.10804E+05   0.39218E+04   0.49815E+01   0.73159E+22
   0.10806E+05   0.39223E+04   0.49820E+01   0.73166E+22
   0.10807E+05   0.39229E+04   0.49825E+01   0.73173E+22
   0.10809E+05   0.39234E+04   0.49830E+01   0.73180E+22
   0.10810E+05   0.39239E+04   0.49835E+01   0.73188E+22
   0.10812E+05   0.39245E+04   0.49840E+01   0.73195E+22
   0.10813E+05   0.39250E+04   0.49845E+01   0.73202E+22
   0.10815E+05   0.39255E+04   0.49850E+01   0.73209E+22
   0.10816E+05   0.39260E+04   0.49855E+01   0.73216E+22
   0.10818E+05   0.39266E+04   0.49860E+01   0.73224E+22
   0.10819E+05   0.39271E+04   0.49865E+01   0.73231E+22
   0.10821E+05   0.39276E+04   0.49870E+01   0.73238E+22
   0.10822E+05   0.39282E+04   0.49875E+01   0.73245E+22
   0.10824E+05   0.39287E+04   0.49880E+01   0.73253E+22
   0.10825E+05   0.39292E+04   0.49885E+01   0.73260E+22
   0.10827E+05   0.39298E+04   0.49890E+01   0.73267E+22
   0.10828E+05   0.39303E+04   0.49895E+01   0.73274E+22
   0.10829E+05   0.39308E+04   0.49900E+01   0.73281E+22
   0.10831E+05   0.39314E+04   0.49905E+01   0.73289E+22
   0.10832E+05   0.39319E+04   0.49910E+01   0.73296E+22
   0.10834E+05   0.39324E+04   0.49915E+01   0.73303E+22
   0.10835E+05   0.39330E+04   0.49920E+01   0.73310E+22
   0.10837E+05   0.39335E+04   0.49925E+01   0.73318E+22
   0.10838E+05   0.39340E+04   0.49930E+01   0.73325E+22
   0.10840E+05   0.39346E+04   0.49935E+01   0.73332E+22
   0.10841E+05   0.39351E+04   0.49940E+01   0.73339E+22
   0.10843E+05   0.39356E+04   0.49945E+01   0.73346E+22
   0.10844E+05   0.39362E+04   0.49950E+01   0.73354E+22
   0.10846E+05   0.39367E+04   0.49955E+01   0.73361E+22
   0.10847E+05   0.39372E+04   0.49960E+01   0.73368E+22
   0.10849E+05   0.39378E+04   0.49965E+01   0.73375E+22
   0.10850E+05   0.39383E+04   0.49970E+01   0.73383E+22
   0.10852E+05   0.39388E+04   0.49975E+01   0.73390E+22
   0.10853E+05   0.39394E+04   0.49980E+01   0.73397E+22
   0.10855E+05   0.39399E+04   0.49985E+01   0.73404E+22
   0.10856E+05   0.39404E+04   0.49990E+01   0.73412E+22
   0.10858E+05   0.39410E+04   0.49995E+01   0.73419E+22
   0.10859E+05   0.39415E+04   0.50000E+01   0.73426E+22
   0.10861E+05   0.39420E+04   0.50005E+01   0.73433E+22
   0.10862E+05   0.39426E+04   0.50010E+01   0.73440E+22
   0.10864E+05   0.39431E+04   0.50015E+01   0.73448E+22
   0.10865E+05   0.39436E+04   0.50020E+01   0.73455E+22
   0.10866E+05   0.39442E+04   0.50025E+01   0.73462E+22
   0.10868E+05   0.39447E+04   0.50030E+01   0.73469E+22
   0.10869E+05   0.39452E+04   0.50035E+01   0.73477E+22
   0.10871E+05   0.39458E+04   0.50040E+01   0.73484E+22
   0.10872E+05   0.39463E+04   0.50045E+01   0.73491E+22
   0.10874E+05   0.39468E+04   0.50050E+01   0.73498E+22
   0.10875E+05   0.39474E+04   0.50055E+01   0.73505E+22
   0.10877E+05   0.39479E+04   0.50060E+01   0.73513E+22
   0.10878E+05   0.39484E+04   0.50065E+01   0.73520E+22
   0.10880E+05   0.39490E+04   0.50070E+01   0.73527E+22
   0.10881E+05   0.39495E+04   0.50075E+01   0.73534E+22
   0.10883E+05   0.39500E+04   0.50080E+01   0.73542E+22
   0.10884E+05   0.39506E+04   0.50085E+01   0.73549E+22
   0.10886E+05   0.39511E+04   0.50090E+01   0.73556E+22
   0.10887E+05   0.39516E+04   0.50095E+01   0.73563E+22
   0.10889E+05   0.39522E+04   0.50100E+01   0.73571E+22
   0.10890E+05   0.39527E+04   0.50105E+01   0.73578E+22
   0.10892E+05   0.39532E+04   0.50110E+01   0.73585E+22
   0.10893E+05   0.39538E+04   0.50115E+01   0.73592E+22
   0.10895E+05   0.39543E+04   0.50120E+01   0.73599E+22
   0.10896E+05   0.39548E+04   0.50125E+01   0.73607E+22
   0.10898E+05   0.39554E+04   0.50130E+01   0.73614E+22
   0.10899E+05   0.39559E+04   0.50135E+01   0.73621E+22
   0.10901E+05   0.39564E+04   0.50140E+01   0.73628E+22
   0.10902E+05   0.39570E+04   0.50145E+01   0.73636E+22
   0.10903E+05   0.39575E+04   0.50150E+01   0.73643E+22
   0.10905E+05   0.39580E+04   0.50155E+01   0.73650E+22
   0.10906E+05   0.39586E+04   0.50160E+01   0.73657E+22
   0.10908E+05   0.39591E+04   0.50165E+01   0.73664E+22
   0.10909E+05   0.39596E+04   0.50170E+01   0.73672E+22
   0.10911E+05   0.39602E+04   0.50175E+01   0.73679E+22
   0.10912E+05   0.39607E+04   0.50180E+01   0.73686E+22
   0.10914E+05   0.39612E+04   0.50185E+01   0.73693E+22
   0.10915E+05   0.39618E+04   0.50190E+01   0.73701E+22
   0.10917E+05   0.39623E+04   0.50195E+01   0.73708E+22
   0.10918E+05   0.39628E+04   0.50200E+01   0.73715E+22
   0.10920E+05   0.39634E+04   0.50205E+01   0.73722E+22
   0.10921E+05   0.39639E+04   0.50210E+01   0.73730E+22
   0.10923E+05   0.39644E+04   0.50215E+01   0.73737E+22
   0.10924E+05   0.39650E+04   0.50220E+01   0.73744E+22
   0.10926E+05   0.39655E+04   0.50225E+01   0.73751E+22
   0.10927E+05   0.39660E+04   0.50230E+01   0.73758E+22
   0.10929E+05   0.39666E+04   0.50235E+01   0.73766E+22
   0.10930E+05   0.39671E+04   0.50240E+01   0.73773E+22
   0.10932E+05   0.39676E+04   0.50245E+01   0.73780E+22
   0.10933E+05   0.39682E+04   0.50250E+01   0.73787E+22
   0.10935E+05   0.39687E+04   0.50255E+01   0.73795E+22
   0.10936E+05   0.39692E+04   0.50260E+01   0.73802E+22
   0.10938E+05   0.39698E+04   0.50265E+01   0.73809E+22
   0.10939E+05   0.39703E+04   0.50270E+01   0.73816E+22
   0.10941E+05   0.39708E+04   0.50275E+01   0.73823E+22
   0.10942E+05   0.39714E+04   0.50280E+01   0.73831E+22
   0.10944E+05   0.39719E+04   0.50285E+01   0.73838E+22
   0.10945E+05   0.39724E+04   0.50290E+01   0.73845E+22
   0.10946E+05   0.39730E+04   0.50295E+01   0.73852E+22
   0.10948E+05   0.39735E+04   0.50300E+01   0.73860E+22
   0.10949E+05   0.39740E+04   0.50305E+01   0.73867E+22
   0.10951E+05   0.39746E+04   0.50310E+01   0.73874E+22
   0.10952E+05   0.39751E+04   0.50315E+01   0.73881E+22
   0.10954E+05   0.39756E+04   0.50320E+01   0.73889E+22
   0.10955E+05   0.39762E+04   0.50325E+01   0.73896E+22
   0.10957E+05   0.39767E+04   0.50330E+01   0.73903E+22
   0.10958E+05   0.39773E+04   0.50335E+01   0.73910E+22
   0.10960E+05   0.39778E+04   0.50340E+01   0.73917E+22
   0.10961E+05   0.39783E+04   0.50345E+01   0.73925E+22
   0.10963E+05   0.39789E+04   0.50350E+01   0.73932E+22
   0.10964E+05   0.39794E+04   0.50355E+01   0.73939E+22
   0.10966E+05   0.39799E+04   0.50360E+01   0.73946E+22
   0.10967E+05   0.39805E+04   0.50365E+01   0.73954E+22
   0.10969E+05   0.39810E+04   0.50370E+01   0.73961E+22
   0.10970E+05   0.39815E+04   0.50375E+01   0.73968E+22
   0.10972E+05   0.39821E+04   0.50380E+01   0.73975E+22
   0.10973E+05   0.39826E+04   0.50385E+01   0.73982E+22
   0.10975E+05   0.39831E+04   0.50390E+01   0.73990E+22
   0.10976E+05   0.39837E+04   0.50395E+01   0.73997E+22
   0.10978E+05   0.39842E+04   0.50400E+01   0.74004E+22
   0.10979E+05   0.39847E+04   0.50405E+01   0.74011E+22
   0.10981E+05   0.39853E+04   0.50410E+01   0.74019E+22
   0.10982E+05   0.39858E+04   0.50415E+01   0.74026E+22
   0.10984E+05   0.39863E+04   0.50420E+01   0.74033E+22
   0.10985E+05   0.39869E+04   0.50425E+01   0.74040E+22
   0.10987E+05   0.39874E+04   0.50430E+01   0.74047E+22
   0.10988E+05   0.39879E+04   0.50435E+01   0.74055E+22
   0.10990E+05   0.39885E+04   0.50440E+01   0.74062E+22
   0.10991E+05   0.39890E+04   0.50445E+01   0.74069E+22
   0.10992E+05   0.39895E+04   0.50450E+01   0.74076E+22
   0.10994E+05   0.39901E+04   0.50455E+01   0.74084E+22
   0.10995E+05   0.39906E+04   0.50460E+01   0.74091E+22
   0.10997E+05   0.39911E+04   0.50465E+01   0.74098E+22
   0.10998E+05   0.39917E+04   0.50470E+01   0.74105E+22
   0.11000E+05   0.39922E+04   0.50475E+01   0.74113E+22
   0.11001E+05   0.39927E+04   0.50480E+01   0.74120E+22
   0.11003E+05   0.39933E+04   0.50485E+01   0.74127E+22
   0.11004E+05   0.39938E+04   0.50490E+01   0.74134E+22
   0.11006E+05   0.39944E+04   0.50495E+01   0.74141E+22
   0.11007E+05   0.39949E+04   0.50500E+01   0.74149E+22
   0.11009E+05   0.39954E+04   0.50505E+01   0.74156E+22
   0.11010E+05   0.39960E+04   0.50510E+01   0.74163E+22
   0.11012E+05   0.39965E+04   0.50515E+01   0.74170E+22
   0.11013E+05   0.39970E+04   0.50520E+01   0.74178E+22
   0.11015E+05   0.39976E+04   0.50525E+01   0.74185E+22
   0.11016E+05   0.39981E+04   0.50530E+01   0.74192E+22
   0.11018E+05   0.39986E+04   0.50535E+01   0.74199E+22
   0.11019E+05   0.39992E+04   0.50540E+01   0.74206E+22
   0.11021E+05   0.39997E+04   0.50545E+01   0.74214E+22
   0.11022E+05   0.40002E+04   0.50550E+01   0.74221E+22
   0.11024E+05   0.40008E+04   0.50555E+01   0.74228E+22
   0.11025E+05   0.40013E+04   0.50560E+01   0.74235E+22
   0.11027E+05   0.40018E+04   0.50565E+01   0.74243E+22
   0.11028E+05   0.40024E+04   0.50570E+01   0.74250E+22
   0.11030E+05   0.40029E+04   0.50575E+01   0.74257E+22
   0.11031E+05   0.40034E+04   0.50580E+01   0.74264E+22
   0.11033E+05   0.40040E+04   0.50585E+01   0.74272E+22
   0.11034E+05   0.40045E+04   0.50590E+01   0.74279E+22
   0.11036E+05   0.40051E+04   0.50595E+01   0.74286E+22
   0.11037E+05   0.40056E+04   0.50600E+01   0.74293E+22
   0.11039E+05   0.40061E+04   0.50605E+01   0.74300E+22
   0.11040E+05   0.40067E+04   0.50610E+01   0.74308E+22
   0.11042E+05   0.40072E+04   0.50615E+01   0.74315E+22
   0.11043E+05   0.40077E+04   0.50620E+01   0.74322E+22
   0.11044E+05   0.40083E+04   0.50625E+01   0.74329E+22
   0.11046E+05   0.40088E+04   0.50630E+01   0.74337E+22
   0.11047E+05   0.40093E+04   0.50635E+01   0.74344E+22
   0.11049E+05   0.40099E+04   0.50640E+01   0.74351E+22
   0.11050E+05   0.40104E+04   0.50645E+01   0.74358E+22
   0.11052E+05   0.40109E+04   0.50650E+01   0.74365E+22
   0.11053E+05   0.40115E+04   0.50655E+01   0.74373E+22
   0.11055E+05   0.40120E+04   0.50660E+01   0.74380E+22
   0.11056E+05   0.40125E+04   0.50665E+01   0.74387E+22
   0.11058E+05   0.40131E+04   0.50670E+01   0.74394E+22
   0.11059E+05   0.40136E+04   0.50675E+01   0.74402E+22
   0.11061E+05   0.40141E+04   0.50680E+01   0.74409E+22
   0.11062E+05   0.40147E+04   0.50685E+01   0.74416E+22
   0.11064E+05   0.40152E+04   0.50690E+01   0.74423E+22
   0.11065E+05   0.40158E+04   0.50695E+01   0.74431E+22
   0.11067E+05   0.40163E+04   0.50700E+01   0.74438E+22
   0.11068E+05   0.40168E+04   0.50705E+01   0.74445E+22
   0.11070E+05   0.40174E+04   0.50710E+01   0.74452E+22
   0.11071E+05   0.40179E+04   0.50715E+01   0.74459E+22
   0.11073E+05   0.40184E+04   0.50720E+01   0.74467E+22
   0.11074E+05   0.40190E+04   0.50725E+01   0.74474E+22
   0.11076E+05   0.40195E+04   0.50730E+01   0.74481E+22
   0.11077E+05   0.40200E+04   0.50735E+01   0.74488E+22
   0.11079E+05   0.40206E+04   0.50740E+01   0.74496E+22
   0.11080E+05   0.40211E+04   0.50745E+01   0.74503E+22
   0.11082E+05   0.40216E+04   0.50750E+01   0.74510E+22
   0.11083E+05   0.40222E+04   0.50755E+01   0.74517E+22
   0.11085E+05   0.40227E+04   0.50760E+01   0.74524E+22
   0.11086E+05   0.40233E+04   0.50765E+01   0.74532E+22
   0.11088E+05   0.40238E+04   0.50770E+01   0.74539E+22
   0.11089E+05   0.40243E+04   0.50775E+01   0.74546E+22
   0.11091E+05   0.40249E+04   0.50780E+01   0.74553E+22
   0.11092E+05   0.40254E+04   0.50785E+01   0.74561E+22
