 ========================================================
       E/V           P              n           eps      
    (MeV/fm3)     (MeV/fm3)      (#/fm3)    (erg/cm^3/s) 
 ========================================================
   0.43755E-11   0.63039E-25   0.47000E-14   0.00000E+00
   0.44091E-11   0.63039E-24   0.47300E-14   0.00000E+00
   0.44316E-11   0.63039E-23   0.47600E-14   0.00000E+00
   0.45718E-11   0.63039E-22   0.49100E-14   0.00000E+00
   0.65071E-11   0.75522E-21   0.69900E-14   0.00000E+00
   0.91997E-11   0.87381E-20   0.99000E-14   0.00000E+00
   0.25299E-10   0.10611E-18   0.27200E-13   0.00000E+00
   0.11892E-09   0.36326E-17   0.12700E-12   0.00000E+00
   0.64510E-09   0.11859E-15   0.69300E-12   0.00000E+00
   0.58564E-08   0.60817E-14   0.62950E-11   0.00000E+00
   0.14708E-07   0.31008E-13   0.15810E-10   0.00000E+00
   0.36950E-07   0.15173E-12   0.39720E-10   0.00000E+00
   0.92783E-07   0.71840E-12   0.99760E-10   0.00000E+00
   0.23313E-06   0.32868E-11   0.25060E-09   0.00000E+00
   0.58564E-06   0.14468E-10   0.62940E-09   0.00000E+00
   0.14708E-05   0.60886E-10   0.15810E-08   0.00000E+00
   0.36956E-05   0.24411E-09   0.39720E-08   0.00000E+00
   0.46520E-05   0.32824E-09   0.50000E-08   0.00000E+00
   0.92839E-05   0.89566E-09   0.99760E-08   0.00000E+00
   0.18523E-04   0.23924E-08   0.19900E-07   0.00000E+00
   0.36962E-04   0.62790E-08   0.39720E-07   0.00000E+00
   0.73766E-04   0.16253E-07   0.79240E-07   0.00000E+00
   0.14720E-03   0.41668E-07   0.15810E-06   0.00000E+00
   0.18534E-03   0.54538E-07   0.19900E-06   0.00000E+00
   0.29377E-03   0.10167E-06   0.31550E-06   0.00000E+00
   0.46565E-03   0.18906E-06   0.50000E-06   0.00000E+00
   0.58620E-03   0.25771E-06   0.62940E-06   0.00000E+00
   0.72252E-03   0.31432E-06   0.77530E-06   0.00000E+00
   0.90931E-03   0.42817E-06   0.97610E-06   0.00000E+00
   0.14417E-02   0.79392E-06   0.15470E-05   0.00000E+00
   0.22853E-02   0.14705E-05   0.24520E-05   0.00000E+00
   0.37035E-02   0.27225E-05   0.39710E-05   0.00000E+00
   0.45017E-02   0.35339E-05   0.48270E-05   0.00000E+00
   0.56713E-02   0.48072E-05   0.60770E-05   0.00000E+00
   0.71410E-02   0.65411E-05   0.76530E-05   0.00000E+00
   0.93119E-02   0.88942E-05   0.99810E-05   0.00000E+00
   0.11878E-01   0.12096E-04   0.12725E-04   0.00000E+00
   0.14759E-01   0.15622E-04   0.15810E-04   0.00000E+00
   0.18590E-01   0.21246E-04   0.19900E-04   0.00000E+00
   0.23403E-01   0.28886E-04   0.25060E-04   0.00000E+00
   0.29478E-01   0.37131E-04   0.31545E-04   0.00000E+00
   0.37119E-01   0.50488E-04   0.39710E-04   0.00000E+00
   0.46756E-01   0.68657E-04   0.50014E-04   0.00000E+00
   0.60359E-01   0.93311E-04   0.64550E-04   0.00000E+00
   0.77973E-01   0.12689E-03   0.83310E-04   0.00000E+00
   0.95980E-01   0.16209E-03   0.10250E-03   0.00000E+00
   0.10406E+00   0.18050E-03   0.11115E-03   0.00000E+00
   0.11466E+00   0.20535E-03   0.12240E-03   0.00000E+00
   0.14781E+00   0.27918E-03   0.15780E-03   0.00000E+00
   0.18427E+00   0.36301E-03   0.19660E-03   0.00000E+00
   0.22074E+00   0.43684E-03   0.23550E-03   0.00000E+00
   0.37539E+00   0.54551E-03   0.40000E-03   0.00000E+00
   0.56320E+00   0.78705E-03   0.60000E-03   0.00000E+00
   0.82573E+00   0.10579E-02   0.87900E-03   0.00000E+00
   0.14950E+01   0.16459E-02   0.15900E-02   0.00000E+00
   0.35099E+01   0.38654E-02   0.37300E-02   0.00000E+00
   0.54329E+01   0.69094E-02   0.57700E-02   0.00000E+00
   0.83919E+01   0.13082E-01   0.89100E-02   0.00000E+00
   0.19252E+02   0.46349E-01   0.20400E-01   0.00000E+00
   0.44938E+02   0.17133E+00   0.47500E-01   0.00000E+00
   0.47937E+02   0.29335E+00   0.50741E-01   0.00000E+00
   0.48127E+02   0.29658E+00   0.50941E-01   0.00000E+00
   0.48317E+02   0.29982E+00   0.51141E-01   0.00000E+00
   0.48508E+02   0.30310E+00   0.51341E-01   0.00000E+00
   0.48698E+02   0.30639E+00   0.51541E-01   0.00000E+00
   0.48888E+02   0.30971E+00   0.51741E-01   0.00000E+00
   0.49078E+02   0.31304E+00   0.51941E-01   0.00000E+00
   0.49268E+02   0.31641E+00   0.52141E-01   0.00000E+00
   0.49458E+02   0.31979E+00   0.52341E-01   0.00000E+00
   0.49649E+02   0.32320E+00   0.52541E-01   0.00000E+00
   0.49839E+02   0.32662E+00   0.52741E-01   0.00000E+00
   0.50029E+02   0.33007E+00   0.52941E-01   0.00000E+00
   0.50219E+02   0.33355E+00   0.53141E-01   0.00000E+00
   0.50410E+02   0.33704E+00   0.53341E-01   0.00000E+00
   0.50600E+02   0.34056E+00   0.53541E-01   0.00000E+00
   0.50790E+02   0.34411E+00   0.53741E-01   0.00000E+00
   0.50980E+02   0.34767E+00   0.53941E-01   0.00000E+00
   0.51171E+02   0.35126E+00   0.54141E-01   0.00000E+00
   0.51361E+02   0.35487E+00   0.54341E-01   0.00000E+00
   0.51551E+02   0.35850E+00   0.54541E-01   0.00000E+00
   0.51742E+02   0.36216E+00   0.54741E-01   0.00000E+00
   0.51932E+02   0.36583E+00   0.54941E-01   0.00000E+00
   0.52123E+02   0.36954E+00   0.55141E-01   0.00000E+00
   0.52313E+02   0.37326E+00   0.55341E-01   0.00000E+00
   0.52503E+02   0.37701E+00   0.55541E-01   0.00000E+00
   0.52694E+02   0.38078E+00   0.55741E-01   0.00000E+00
   0.52884E+02   0.38457E+00   0.55941E-01   0.00000E+00
   0.53075E+02   0.38839E+00   0.56141E-01   0.00000E+00
   0.53265E+02   0.39223E+00   0.56341E-01   0.00000E+00
   0.53456E+02   0.39609E+00   0.56541E-01   0.00000E+00
   0.53646E+02   0.39998E+00   0.56741E-01   0.00000E+00
   0.53837E+02   0.40389E+00   0.56941E-01   0.00000E+00
   0.54027E+02   0.40782E+00   0.57141E-01   0.00000E+00
   0.54218E+02   0.41178E+00   0.57341E-01   0.00000E+00
   0.54408E+02   0.41576E+00   0.57541E-01   0.00000E+00
   0.54599E+02   0.41976E+00   0.57741E-01   0.00000E+00
   0.54789E+02   0.42379E+00   0.57941E-01   0.00000E+00
   0.54980E+02   0.42784E+00   0.58141E-01   0.00000E+00
   0.55171E+02   0.43191E+00   0.58341E-01   0.00000E+00
   0.55361E+02   0.43601E+00   0.58541E-01   0.00000E+00
   0.55552E+02   0.44013E+00   0.58741E-01   0.00000E+00
   0.55743E+02   0.44427E+00   0.58941E-01   0.00000E+00
   0.55933E+02   0.44844E+00   0.59141E-01   0.00000E+00
   0.56124E+02   0.45263E+00   0.59341E-01   0.00000E+00
   0.56315E+02   0.45684E+00   0.59541E-01   0.00000E+00
   0.56505E+02   0.46108E+00   0.59741E-01   0.00000E+00
   0.56696E+02   0.46534E+00   0.59941E-01   0.00000E+00
   0.56887E+02   0.46963E+00   0.60141E-01   0.00000E+00
   0.57077E+02   0.47394E+00   0.60341E-01   0.00000E+00
   0.57268E+02   0.47827E+00   0.60541E-01   0.00000E+00
   0.57459E+02   0.48263E+00   0.60741E-01   0.00000E+00
   0.57650E+02   0.48701E+00   0.60941E-01   0.00000E+00
   0.57841E+02   0.49141E+00   0.61141E-01   0.00000E+00
   0.58031E+02   0.49584E+00   0.61341E-01   0.00000E+00
   0.58222E+02   0.50029E+00   0.61541E-01   0.00000E+00
   0.58413E+02   0.50477E+00   0.61741E-01   0.00000E+00
   0.58604E+02   0.50927E+00   0.61941E-01   0.00000E+00
   0.58795E+02   0.51379E+00   0.62141E-01   0.00000E+00
   0.58986E+02   0.51834E+00   0.62341E-01   0.00000E+00
   0.59177E+02   0.52291E+00   0.62541E-01   0.00000E+00
   0.59368E+02   0.52751E+00   0.62741E-01   0.00000E+00
   0.59558E+02   0.53213E+00   0.62941E-01   0.00000E+00
   0.59749E+02   0.53677E+00   0.63141E-01   0.00000E+00
   0.59940E+02   0.54144E+00   0.63341E-01   0.00000E+00
   0.60131E+02   0.54613E+00   0.63541E-01   0.00000E+00
   0.60322E+02   0.55085E+00   0.63741E-01   0.00000E+00
   0.60513E+02   0.55559E+00   0.63941E-01   0.00000E+00
   0.60704E+02   0.56036E+00   0.64141E-01   0.00000E+00
   0.60895E+02   0.56515E+00   0.64341E-01   0.00000E+00
   0.61086E+02   0.56996E+00   0.64541E-01   0.00000E+00
   0.61278E+02   0.57480E+00   0.64741E-01   0.00000E+00
   0.61469E+02   0.57966E+00   0.64941E-01   0.00000E+00
   0.61660E+02   0.58455E+00   0.65141E-01   0.00000E+00
   0.61851E+02   0.58946E+00   0.65341E-01   0.00000E+00
   0.62042E+02   0.59439E+00   0.65541E-01   0.00000E+00
   0.62233E+02   0.59935E+00   0.65741E-01   0.00000E+00
   0.62424E+02   0.60434E+00   0.65941E-01   0.00000E+00
   0.62615E+02   0.60934E+00   0.66141E-01   0.00000E+00
   0.62807E+02   0.61438E+00   0.66341E-01   0.00000E+00
   0.62998E+02   0.61943E+00   0.66541E-01   0.00000E+00
   0.63189E+02   0.62452E+00   0.66741E-01   0.00000E+00
   0.63380E+02   0.62962E+00   0.66941E-01   0.00000E+00
   0.63572E+02   0.63475E+00   0.67141E-01   0.00000E+00
   0.63763E+02   0.63991E+00   0.67341E-01   0.00000E+00
   0.63954E+02   0.64509E+00   0.67541E-01   0.00000E+00
   0.64145E+02   0.65029E+00   0.67741E-01   0.00000E+00
   0.64337E+02   0.65552E+00   0.67941E-01   0.00000E+00
   0.64528E+02   0.66078E+00   0.68141E-01   0.00000E+00
   0.64719E+02   0.66605E+00   0.68341E-01   0.00000E+00
   0.64911E+02   0.67136E+00   0.68541E-01   0.00000E+00
   0.65102E+02   0.67668E+00   0.68741E-01   0.00000E+00
   0.65293E+02   0.68204E+00   0.68941E-01   0.00000E+00
   0.65485E+02   0.68741E+00   0.69141E-01   0.00000E+00
   0.65676E+02   0.69282E+00   0.69341E-01   0.00000E+00
   0.65868E+02   0.69824E+00   0.69541E-01   0.00000E+00
   0.66059E+02   0.70369E+00   0.69741E-01   0.00000E+00
   0.66251E+02   0.70917E+00   0.69941E-01   0.00000E+00
   0.66442E+02   0.71467E+00   0.70141E-01   0.00000E+00
   0.66634E+02   0.72020E+00   0.70341E-01   0.00000E+00
   0.66825E+02   0.72575E+00   0.70541E-01   0.00000E+00
   0.67017E+02   0.73132E+00   0.70741E-01   0.00000E+00
   0.67208E+02   0.73693E+00   0.70941E-01   0.00000E+00
   0.67400E+02   0.74255E+00   0.71141E-01   0.00000E+00
   0.67591E+02   0.74820E+00   0.71341E-01   0.00000E+00
   0.67783E+02   0.75388E+00   0.71541E-01   0.00000E+00
   0.67975E+02   0.75958E+00   0.71741E-01   0.00000E+00
   0.68166E+02   0.76530E+00   0.71941E-01   0.00000E+00
   0.68358E+02   0.77105E+00   0.72141E-01   0.00000E+00
   0.68550E+02   0.77683E+00   0.72341E-01   0.00000E+00
   0.68741E+02   0.78263E+00   0.72541E-01   0.00000E+00
   0.68933E+02   0.78846E+00   0.72741E-01   0.00000E+00
   0.69125E+02   0.79431E+00   0.72941E-01   0.00000E+00
   0.69316E+02   0.80018E+00   0.73141E-01   0.00000E+00
   0.69508E+02   0.80608E+00   0.73341E-01   0.00000E+00
   0.69700E+02   0.81201E+00   0.73541E-01   0.00000E+00
   0.69892E+02   0.81796E+00   0.73741E-01   0.00000E+00
   0.70083E+02   0.82394E+00   0.73941E-01   0.00000E+00
   0.70275E+02   0.82994E+00   0.74141E-01   0.00000E+00
   0.70467E+02   0.83597E+00   0.74341E-01   0.00000E+00
   0.70659E+02   0.84202E+00   0.74541E-01   0.00000E+00
   0.70851E+02   0.84810E+00   0.74741E-01   0.00000E+00
   0.71043E+02   0.85421E+00   0.74941E-01   0.00000E+00
   0.71234E+02   0.86034E+00   0.75141E-01   0.00000E+00
   0.71426E+02   0.86649E+00   0.75341E-01   0.00000E+00
   0.71618E+02   0.87267E+00   0.75541E-01   0.00000E+00
   0.71810E+02   0.87888E+00   0.75741E-01   0.00000E+00
   0.72002E+02   0.88511E+00   0.75941E-01   0.00000E+00
   0.72194E+02   0.89137E+00   0.76141E-01   0.00000E+00
   0.72386E+02   0.89765E+00   0.76341E-01   0.00000E+00
   0.72578E+02   0.90396E+00   0.76541E-01   0.00000E+00
   0.72770E+02   0.91029E+00   0.76741E-01   0.00000E+00
   0.72962E+02   0.91665E+00   0.76941E-01   0.00000E+00
   0.73154E+02   0.92303E+00   0.77141E-01   0.00000E+00
   0.73346E+02   0.92944E+00   0.77341E-01   0.00000E+00
   0.73538E+02   0.93588E+00   0.77541E-01   0.00000E+00
   0.73730E+02   0.94234E+00   0.77741E-01   0.00000E+00
   0.73923E+02   0.94883E+00   0.77941E-01   0.00000E+00
   0.74115E+02   0.95534E+00   0.78141E-01   0.00000E+00
   0.74307E+02   0.96188E+00   0.78341E-01   0.00000E+00
   0.74499E+02   0.96844E+00   0.78541E-01   0.00000E+00
   0.74691E+02   0.97503E+00   0.78741E-01   0.00000E+00
   0.74883E+02   0.98164E+00   0.78941E-01   0.00000E+00
   0.75076E+02   0.98828E+00   0.79141E-01   0.00000E+00
   0.75268E+02   0.99495E+00   0.79341E-01   0.00000E+00
   0.75460E+02   0.10016E+01   0.79541E-01   0.00000E+00
   0.75652E+02   0.10084E+01   0.79741E-01   0.00000E+00
   0.75845E+02   0.10151E+01   0.79941E-01   0.00000E+00
   0.76037E+02   0.10219E+01   0.80141E-01   0.00000E+00
   0.76229E+02   0.10287E+01   0.80341E-01   0.00000E+00
   0.76422E+02   0.10355E+01   0.80541E-01   0.00000E+00
   0.76614E+02   0.10423E+01   0.80741E-01   0.00000E+00
   0.76806E+02   0.10492E+01   0.80941E-01   0.00000E+00
   0.76999E+02   0.10561E+01   0.81141E-01   0.00000E+00
   0.77191E+02   0.10630E+01   0.81341E-01   0.00000E+00
   0.77383E+02   0.10700E+01   0.81541E-01   0.00000E+00
   0.77576E+02   0.10769E+01   0.81741E-01   0.00000E+00
   0.77768E+02   0.10839E+01   0.81941E-01   0.00000E+00
   0.77961E+02   0.10909E+01   0.82141E-01   0.00000E+00
   0.78153E+02   0.10980E+01   0.82341E-01   0.00000E+00
   0.78346E+02   0.11051E+01   0.82541E-01   0.00000E+00
   0.78538E+02   0.11122E+01   0.82741E-01   0.00000E+00
   0.78731E+02   0.11193E+01   0.82941E-01   0.00000E+00
   0.78923E+02   0.11264E+01   0.83141E-01   0.00000E+00
   0.79116E+02   0.11336E+01   0.83341E-01   0.00000E+00
   0.79309E+02   0.11408E+01   0.83541E-01   0.00000E+00
   0.79501E+02   0.11481E+01   0.83741E-01   0.00000E+00
   0.79694E+02   0.11553E+01   0.83941E-01   0.00000E+00
   0.79886E+02   0.11626E+01   0.84141E-01   0.00000E+00
   0.80079E+02   0.11699E+01   0.84341E-01   0.00000E+00
   0.80272E+02   0.11772E+01   0.84541E-01   0.00000E+00
   0.80464E+02   0.11846E+01   0.84741E-01   0.00000E+00
   0.80657E+02   0.11920E+01   0.84941E-01   0.00000E+00
   0.80850E+02   0.11994E+01   0.85141E-01   0.00000E+00
   0.81043E+02   0.12068E+01   0.85341E-01   0.00000E+00
   0.81235E+02   0.12143E+01   0.85541E-01   0.00000E+00
   0.81428E+02   0.12218E+01   0.85741E-01   0.00000E+00
   0.81621E+02   0.12293E+01   0.85941E-01   0.00000E+00
   0.81814E+02   0.12368E+01   0.86141E-01   0.00000E+00
   0.82007E+02   0.12444E+01   0.86341E-01   0.00000E+00
   0.82200E+02   0.12520E+01   0.86541E-01   0.00000E+00
   0.82392E+02   0.12596E+01   0.86741E-01   0.00000E+00
   0.82585E+02   0.12673E+01   0.86941E-01   0.00000E+00
   0.82778E+02   0.12750E+01   0.87141E-01   0.00000E+00
   0.82971E+02   0.12827E+01   0.87341E-01   0.00000E+00
   0.83164E+02   0.12904E+01   0.87541E-01   0.00000E+00
   0.83357E+02   0.12982E+01   0.87741E-01   0.00000E+00
   0.83550E+02   0.13060E+01   0.87941E-01   0.00000E+00
   0.83743E+02   0.13138E+01   0.88141E-01   0.00000E+00
   0.83936E+02   0.13217E+01   0.88341E-01   0.00000E+00
   0.84129E+02   0.13295E+01   0.88541E-01   0.00000E+00
   0.84322E+02   0.13374E+01   0.88741E-01   0.00000E+00
   0.84515E+02   0.13454E+01   0.88941E-01   0.00000E+00
   0.84708E+02   0.13533E+01   0.89141E-01   0.00000E+00
   0.84901E+02   0.13613E+01   0.89341E-01   0.00000E+00
   0.85094E+02   0.13693E+01   0.89541E-01   0.00000E+00
   0.85288E+02   0.13774E+01   0.89741E-01   0.00000E+00
   0.85481E+02   0.13854E+01   0.89941E-01   0.00000E+00
   0.85674E+02   0.13935E+01   0.90141E-01   0.00000E+00
   0.85867E+02   0.14017E+01   0.90341E-01   0.00000E+00
   0.86060E+02   0.14098E+01   0.90541E-01   0.00000E+00
   0.86254E+02   0.14180E+01   0.90741E-01   0.00000E+00
   0.86447E+02   0.14262E+01   0.90941E-01   0.00000E+00
   0.86640E+02   0.14344E+01   0.91141E-01   0.00000E+00
   0.86833E+02   0.14427E+01   0.91341E-01   0.00000E+00
   0.87027E+02   0.14509E+01   0.91541E-01   0.00000E+00
   0.87220E+02   0.14592E+01   0.91741E-01   0.00000E+00
   0.87413E+02   0.14676E+01   0.91941E-01   0.00000E+00
   0.87607E+02   0.14759E+01   0.92141E-01   0.00000E+00
   0.87800E+02   0.14843E+01   0.92341E-01   0.00000E+00
   0.87993E+02   0.14927E+01   0.92541E-01   0.00000E+00
   0.88187E+02   0.15011E+01   0.92741E-01   0.00000E+00
   0.88380E+02   0.15096E+01   0.92941E-01   0.00000E+00
   0.88574E+02   0.15181E+01   0.93141E-01   0.00000E+00
   0.88767E+02   0.15266E+01   0.93341E-01   0.00000E+00
   0.88961E+02   0.15351E+01   0.93541E-01   0.00000E+00
   0.89154E+02   0.15437E+01   0.93741E-01   0.00000E+00
   0.89348E+02   0.15522E+01   0.93941E-01   0.00000E+00
   0.89541E+02   0.15608E+01   0.94141E-01   0.00000E+00
   0.89735E+02   0.15695E+01   0.94341E-01   0.00000E+00
   0.89928E+02   0.15781E+01   0.94541E-01   0.00000E+00
   0.90122E+02   0.15868E+01   0.94741E-01   0.00000E+00
   0.90315E+02   0.15955E+01   0.94941E-01   0.00000E+00
   0.90509E+02   0.16042E+01   0.95141E-01   0.00000E+00
   0.90703E+02   0.16129E+01   0.95341E-01   0.00000E+00
   0.90896E+02   0.16217E+01   0.95541E-01   0.00000E+00
   0.91090E+02   0.16305E+01   0.95741E-01   0.00000E+00
   0.91284E+02   0.16393E+01   0.95941E-01   0.00000E+00
   0.91477E+02   0.16481E+01   0.96141E-01   0.00000E+00
   0.91671E+02   0.16569E+01   0.96341E-01   0.00000E+00
   0.91865E+02   0.16658E+01   0.96541E-01   0.00000E+00
   0.92059E+02   0.16746E+01   0.96741E-01   0.00000E+00
   0.92253E+02   0.16835E+01   0.96941E-01   0.00000E+00
   0.92446E+02   0.16923E+01   0.97141E-01   0.00000E+00
   0.92640E+02   0.17011E+01   0.97341E-01   0.00000E+00
   0.92834E+02   0.17100E+01   0.97541E-01   0.00000E+00
   0.93028E+02   0.17189E+01   0.97741E-01   0.00000E+00
   0.93222E+02   0.17278E+01   0.97941E-01   0.00000E+00
   0.93416E+02   0.17366E+01   0.98141E-01   0.00000E+00
   0.93610E+02   0.17455E+01   0.98341E-01   0.00000E+00
   0.93804E+02   0.17545E+01   0.98541E-01   0.00000E+00
   0.93997E+02   0.17634E+01   0.98741E-01   0.00000E+00
   0.94191E+02   0.17723E+01   0.98941E-01   0.00000E+00
   0.94385E+02   0.17813E+01   0.99141E-01   0.00000E+00
   0.94579E+02   0.17902E+01   0.99341E-01   0.00000E+00
   0.94773E+02   0.17992E+01   0.99541E-01   0.00000E+00
   0.94968E+02   0.18082E+01   0.99741E-01   0.00000E+00
   0.95162E+02   0.18172E+01   0.99941E-01   0.00000E+00
   0.95356E+02   0.18262E+01   0.10014E+00   0.00000E+00
   0.95550E+02   0.18352E+01   0.10034E+00   0.00000E+00
   0.95744E+02   0.18443E+01   0.10054E+00   0.00000E+00
   0.95938E+02   0.18533E+01   0.10074E+00   0.00000E+00
   0.96132E+02   0.18624E+01   0.10094E+00   0.00000E+00
   0.96326E+02   0.18715E+01   0.10114E+00   0.00000E+00
   0.96521E+02   0.18806E+01   0.10134E+00   0.00000E+00
   0.96715E+02   0.18897E+01   0.10154E+00   0.00000E+00
   0.96909E+02   0.18988E+01   0.10174E+00   0.00000E+00
   0.97103E+02   0.19079E+01   0.10194E+00   0.00000E+00
   0.97297E+02   0.19171E+01   0.10214E+00   0.00000E+00
   0.97492E+02   0.19262E+01   0.10234E+00   0.00000E+00
   0.97686E+02   0.19354E+01   0.10254E+00   0.00000E+00
   0.97880E+02   0.19446E+01   0.10274E+00   0.00000E+00
   0.98075E+02   0.19538E+01   0.10294E+00   0.00000E+00
   0.98269E+02   0.19630E+01   0.10314E+00   0.00000E+00
   0.98463E+02   0.19723E+01   0.10334E+00   0.00000E+00
   0.98658E+02   0.19815E+01   0.10354E+00   0.00000E+00
   0.98852E+02   0.19908E+01   0.10374E+00   0.00000E+00
   0.99047E+02   0.20001E+01   0.10394E+00   0.00000E+00
   0.99241E+02   0.20094E+01   0.10414E+00   0.00000E+00
   0.99436E+02   0.20187E+01   0.10434E+00   0.00000E+00
   0.99630E+02   0.20281E+01   0.10454E+00   0.00000E+00
   0.99825E+02   0.20374E+01   0.10474E+00   0.00000E+00
   0.10002E+03   0.20468E+01   0.10494E+00   0.00000E+00
   0.10021E+03   0.20562E+01   0.10514E+00   0.00000E+00
   0.10041E+03   0.20657E+01   0.10534E+00   0.00000E+00
   0.10060E+03   0.20751E+01   0.10554E+00   0.00000E+00
   0.10080E+03   0.20846E+01   0.10574E+00   0.00000E+00
   0.10099E+03   0.20940E+01   0.10594E+00   0.00000E+00
   0.10119E+03   0.21035E+01   0.10614E+00   0.00000E+00
   0.10138E+03   0.21131E+01   0.10634E+00   0.00000E+00
   0.10158E+03   0.21226E+01   0.10654E+00   0.00000E+00
   0.10177E+03   0.21322E+01   0.10674E+00   0.00000E+00
   0.10197E+03   0.21418E+01   0.10694E+00   0.00000E+00
   0.10216E+03   0.21514E+01   0.10714E+00   0.00000E+00
   0.10235E+03   0.21610E+01   0.10734E+00   0.00000E+00
   0.10255E+03   0.21706E+01   0.10754E+00   0.00000E+00
   0.10274E+03   0.21803E+01   0.10774E+00   0.00000E+00
   0.10294E+03   0.21900E+01   0.10794E+00   0.00000E+00
   0.10313E+03   0.21997E+01   0.10814E+00   0.00000E+00
   0.10333E+03   0.22094E+01   0.10834E+00   0.00000E+00
   0.10352E+03   0.22192E+01   0.10854E+00   0.00000E+00
   0.10372E+03   0.22290E+01   0.10874E+00   0.00000E+00
   0.10391E+03   0.22388E+01   0.10894E+00   0.00000E+00
   0.10411E+03   0.22486E+01   0.10914E+00   0.00000E+00
   0.10430E+03   0.22584E+01   0.10934E+00   0.00000E+00
   0.10450E+03   0.22683E+01   0.10954E+00   0.00000E+00
   0.10469E+03   0.22782E+01   0.10974E+00   0.00000E+00
   0.10489E+03   0.22881E+01   0.10994E+00   0.00000E+00
   0.10508E+03   0.22980E+01   0.11014E+00   0.00000E+00
   0.10528E+03   0.23080E+01   0.11034E+00   0.00000E+00
   0.10547E+03   0.23179E+01   0.11054E+00   0.00000E+00
   0.10567E+03   0.23279E+01   0.11074E+00   0.00000E+00
   0.10586E+03   0.23380E+01   0.11094E+00   0.00000E+00
   0.10606E+03   0.23480E+01   0.11114E+00   0.00000E+00
   0.10625E+03   0.23581E+01   0.11134E+00   0.00000E+00
   0.10645E+03   0.23681E+01   0.11154E+00   0.00000E+00
   0.10664E+03   0.23783E+01   0.11174E+00   0.00000E+00
   0.10684E+03   0.23884E+01   0.11194E+00   0.00000E+00
   0.10703E+03   0.23985E+01   0.11214E+00   0.00000E+00
   0.10723E+03   0.24087E+01   0.11234E+00   0.00000E+00
   0.10742E+03   0.24189E+01   0.11254E+00   0.00000E+00
   0.10762E+03   0.24291E+01   0.11274E+00   0.00000E+00
   0.10781E+03   0.24394E+01   0.11294E+00   0.00000E+00
   0.10801E+03   0.24496E+01   0.11314E+00   0.00000E+00
   0.10820E+03   0.24599E+01   0.11334E+00   0.00000E+00
   0.10840E+03   0.24703E+01   0.11354E+00   0.00000E+00
   0.10860E+03   0.24806E+01   0.11374E+00   0.00000E+00
   0.10879E+03   0.24909E+01   0.11394E+00   0.00000E+00
   0.10899E+03   0.25013E+01   0.11414E+00   0.00000E+00
   0.10918E+03   0.25117E+01   0.11434E+00   0.00000E+00
   0.10938E+03   0.25222E+01   0.11454E+00   0.00000E+00
   0.10957E+03   0.25326E+01   0.11474E+00   0.00000E+00
   0.10977E+03   0.25431E+01   0.11494E+00   0.00000E+00
   0.10996E+03   0.25536E+01   0.11514E+00   0.00000E+00
   0.11016E+03   0.25641E+01   0.11534E+00   0.00000E+00
   0.11035E+03   0.25747E+01   0.11554E+00   0.00000E+00
   0.11055E+03   0.25852E+01   0.11574E+00   0.00000E+00
   0.11074E+03   0.25958E+01   0.11594E+00   0.00000E+00
   0.11094E+03   0.26065E+01   0.11614E+00   0.00000E+00
   0.11114E+03   0.26171E+01   0.11634E+00   0.00000E+00
   0.11133E+03   0.26278E+01   0.11654E+00   0.00000E+00
   0.11153E+03   0.26385E+01   0.11674E+00   0.00000E+00
   0.11172E+03   0.26492E+01   0.11694E+00   0.00000E+00
   0.11192E+03   0.26599E+01   0.11714E+00   0.00000E+00
   0.11211E+03   0.26707E+01   0.11734E+00   0.00000E+00
   0.11231E+03   0.26815E+01   0.11754E+00   0.00000E+00
   0.11251E+03   0.26923E+01   0.11774E+00   0.00000E+00
   0.11270E+03   0.27031E+01   0.11794E+00   0.00000E+00
   0.11290E+03   0.27140E+01   0.11814E+00   0.00000E+00
   0.11309E+03   0.27249E+01   0.11834E+00   0.00000E+00
   0.11329E+03   0.27358E+01   0.11854E+00   0.00000E+00
   0.11348E+03   0.27467E+01   0.11874E+00   0.00000E+00
   0.11368E+03   0.27577E+01   0.11894E+00   0.00000E+00
   0.11388E+03   0.27687E+01   0.11914E+00   0.00000E+00
   0.11407E+03   0.27797E+01   0.11934E+00   0.00000E+00
   0.11427E+03   0.27907E+01   0.11954E+00   0.00000E+00
   0.11446E+03   0.28018E+01   0.11974E+00   0.00000E+00
   0.11466E+03   0.28129E+01   0.11994E+00   0.00000E+00
   0.11485E+03   0.28240E+01   0.12014E+00   0.00000E+00
   0.11505E+03   0.28351E+01   0.12034E+00   0.00000E+00
   0.11525E+03   0.28463E+01   0.12054E+00   0.00000E+00
   0.11544E+03   0.28575E+01   0.12074E+00   0.00000E+00
   0.11564E+03   0.28687E+01   0.12094E+00   0.00000E+00
   0.11583E+03   0.28799E+01   0.12114E+00   0.00000E+00
   0.11603E+03   0.28912E+01   0.12134E+00   0.00000E+00
   0.11623E+03   0.29025E+01   0.12154E+00   0.00000E+00
   0.11642E+03   0.29138E+01   0.12174E+00   0.00000E+00
   0.11662E+03   0.29251E+01   0.12194E+00   0.00000E+00
   0.11681E+03   0.29365E+01   0.12214E+00   0.00000E+00
   0.11701E+03   0.29479E+01   0.12234E+00   0.00000E+00
   0.11721E+03   0.29593E+01   0.12254E+00   0.00000E+00
   0.11740E+03   0.29708E+01   0.12274E+00   0.00000E+00
   0.11760E+03   0.29822E+01   0.12294E+00   0.00000E+00
   0.11780E+03   0.29937E+01   0.12314E+00   0.00000E+00
   0.11799E+03   0.30052E+01   0.12334E+00   0.00000E+00
   0.11819E+03   0.30168E+01   0.12354E+00   0.00000E+00
   0.11838E+03   0.30284E+01   0.12374E+00   0.00000E+00
   0.11858E+03   0.30400E+01   0.12394E+00   0.00000E+00
   0.11878E+03   0.30516E+01   0.12414E+00   0.00000E+00
   0.11897E+03   0.30633E+01   0.12434E+00   0.00000E+00
   0.11917E+03   0.30750E+01   0.12454E+00   0.00000E+00
   0.11937E+03   0.30867E+01   0.12474E+00   0.00000E+00
   0.11956E+03   0.30984E+01   0.12494E+00   0.00000E+00
   0.11976E+03   0.31102E+01   0.12514E+00   0.00000E+00
   0.11995E+03   0.31220E+01   0.12534E+00   0.00000E+00
   0.12015E+03   0.31338E+01   0.12554E+00   0.00000E+00
   0.12035E+03   0.31456E+01   0.12574E+00   0.00000E+00
   0.12054E+03   0.31575E+01   0.12594E+00   0.00000E+00
   0.12074E+03   0.31694E+01   0.12614E+00   0.00000E+00
   0.12094E+03   0.31813E+01   0.12634E+00   0.00000E+00
   0.12113E+03   0.31933E+01   0.12654E+00   0.00000E+00
   0.12133E+03   0.32053E+01   0.12674E+00   0.00000E+00
   0.12153E+03   0.32173E+01   0.12694E+00   0.00000E+00
   0.12172E+03   0.32293E+01   0.12714E+00   0.00000E+00
   0.12192E+03   0.32414E+01   0.12734E+00   0.00000E+00
   0.12212E+03   0.32535E+01   0.12754E+00   0.00000E+00
   0.12231E+03   0.32656E+01   0.12774E+00   0.00000E+00
   0.12251E+03   0.32778E+01   0.12794E+00   0.00000E+00
   0.12271E+03   0.32899E+01   0.12814E+00   0.00000E+00
   0.12290E+03   0.33021E+01   0.12834E+00   0.00000E+00
   0.12310E+03   0.33144E+01   0.12854E+00   0.00000E+00
   0.12330E+03   0.33266E+01   0.12874E+00   0.00000E+00
   0.12349E+03   0.33389E+01   0.12894E+00   0.00000E+00
   0.12369E+03   0.33512E+01   0.12914E+00   0.00000E+00
   0.12389E+03   0.33636E+01   0.12934E+00   0.00000E+00
   0.12408E+03   0.33759E+01   0.12954E+00   0.00000E+00
   0.12428E+03   0.33883E+01   0.12974E+00   0.00000E+00
   0.12448E+03   0.34008E+01   0.12994E+00   0.00000E+00
   0.12467E+03   0.34132E+01   0.13014E+00   0.00000E+00
   0.12487E+03   0.34257E+01   0.13034E+00   0.00000E+00
   0.12507E+03   0.34382E+01   0.13054E+00   0.00000E+00
   0.12526E+03   0.34508E+01   0.13074E+00   0.00000E+00
   0.12546E+03   0.34633E+01   0.13094E+00   0.00000E+00
   0.12566E+03   0.34759E+01   0.13114E+00   0.00000E+00
   0.12585E+03   0.34886E+01   0.13134E+00   0.00000E+00
   0.12605E+03   0.35012E+01   0.13154E+00   0.00000E+00
   0.12625E+03   0.35139E+01   0.13174E+00   0.00000E+00
   0.12645E+03   0.35266E+01   0.13194E+00   0.00000E+00
   0.12664E+03   0.35394E+01   0.13214E+00   0.00000E+00
   0.12684E+03   0.35522E+01   0.13234E+00   0.00000E+00
   0.12704E+03   0.35650E+01   0.13254E+00   0.00000E+00
   0.12723E+03   0.35778E+01   0.13274E+00   0.00000E+00
   0.12743E+03   0.35907E+01   0.13294E+00   0.00000E+00
   0.12763E+03   0.36036E+01   0.13314E+00   0.00000E+00
   0.12783E+03   0.36165E+01   0.13334E+00   0.00000E+00
   0.12802E+03   0.36294E+01   0.13354E+00   0.00000E+00
   0.12822E+03   0.36424E+01   0.13374E+00   0.00000E+00
   0.12842E+03   0.36554E+01   0.13394E+00   0.00000E+00
   0.12861E+03   0.36685E+01   0.13414E+00   0.00000E+00
   0.12881E+03   0.36815E+01   0.13434E+00   0.00000E+00
   0.12901E+03   0.36946E+01   0.13454E+00   0.00000E+00
   0.12921E+03   0.37078E+01   0.13474E+00   0.00000E+00
   0.12940E+03   0.37209E+01   0.13494E+00   0.00000E+00
   0.12960E+03   0.37341E+01   0.13514E+00   0.00000E+00
   0.12980E+03   0.37473E+01   0.13534E+00   0.00000E+00
   0.12999E+03   0.37606E+01   0.13554E+00   0.00000E+00
   0.13019E+03   0.37739E+01   0.13574E+00   0.00000E+00
   0.13039E+03   0.37872E+01   0.13594E+00   0.00000E+00
   0.13059E+03   0.38005E+01   0.13614E+00   0.00000E+00
   0.13078E+03   0.38139E+01   0.13634E+00   0.00000E+00
   0.13098E+03   0.38273E+01   0.13654E+00   0.00000E+00
   0.13118E+03   0.38407E+01   0.13674E+00   0.00000E+00
   0.13138E+03   0.38542E+01   0.13694E+00   0.00000E+00
   0.13157E+03   0.38677E+01   0.13714E+00   0.00000E+00
   0.13177E+03   0.38812E+01   0.13734E+00   0.00000E+00
   0.13197E+03   0.38948E+01   0.13754E+00   0.00000E+00
   0.13217E+03   0.39084E+01   0.13774E+00   0.00000E+00
   0.13236E+03   0.39220E+01   0.13794E+00   0.00000E+00
   0.13256E+03   0.39356E+01   0.13814E+00   0.00000E+00
   0.13276E+03   0.39493E+01   0.13834E+00   0.00000E+00
   0.13296E+03   0.39630E+01   0.13854E+00   0.00000E+00
   0.13316E+03   0.39768E+01   0.13874E+00   0.00000E+00
   0.13335E+03   0.39905E+01   0.13894E+00   0.00000E+00
   0.13355E+03   0.40044E+01   0.13914E+00   0.00000E+00
   0.13375E+03   0.40182E+01   0.13934E+00   0.00000E+00
   0.13395E+03   0.40321E+01   0.13954E+00   0.00000E+00
   0.13414E+03   0.40460E+01   0.13974E+00   0.00000E+00
   0.13434E+03   0.40599E+01   0.13994E+00   0.00000E+00
   0.13454E+03   0.40739E+01   0.14014E+00   0.00000E+00
   0.13474E+03   0.40879E+01   0.14034E+00   0.00000E+00
   0.13494E+03   0.41019E+01   0.14054E+00   0.00000E+00
   0.13513E+03   0.41159E+01   0.14074E+00   0.00000E+00
   0.13533E+03   0.41300E+01   0.14094E+00   0.00000E+00
   0.13553E+03   0.41442E+01   0.14114E+00   0.00000E+00
   0.13573E+03   0.41583E+01   0.14134E+00   0.00000E+00
   0.13592E+03   0.41725E+01   0.14154E+00   0.00000E+00
   0.13612E+03   0.41867E+01   0.14174E+00   0.00000E+00
   0.13632E+03   0.42010E+01   0.14194E+00   0.00000E+00
   0.13652E+03   0.42153E+01   0.14214E+00   0.00000E+00
   0.13672E+03   0.42296E+01   0.14234E+00   0.00000E+00
   0.13691E+03   0.42440E+01   0.14254E+00   0.00000E+00
   0.13711E+03   0.42583E+01   0.14274E+00   0.00000E+00
   0.13731E+03   0.42728E+01   0.14294E+00   0.00000E+00
   0.13751E+03   0.42872E+01   0.14314E+00   0.00000E+00
   0.13771E+03   0.43017E+01   0.14334E+00   0.00000E+00
   0.13791E+03   0.43162E+01   0.14354E+00   0.00000E+00
   0.13810E+03   0.43308E+01   0.14374E+00   0.00000E+00
   0.13830E+03   0.43454E+01   0.14394E+00   0.00000E+00
   0.13850E+03   0.43600E+01   0.14414E+00   0.00000E+00
   0.13870E+03   0.43746E+01   0.14434E+00   0.00000E+00
   0.13890E+03   0.43893E+01   0.14454E+00   0.00000E+00
   0.13909E+03   0.44040E+01   0.14474E+00   0.00000E+00
   0.13929E+03   0.44188E+01   0.14494E+00   0.00000E+00
   0.13949E+03   0.44336E+01   0.14514E+00   0.00000E+00
   0.13969E+03   0.44484E+01   0.14534E+00   0.00000E+00
   0.13989E+03   0.44632E+01   0.14554E+00   0.00000E+00
   0.14009E+03   0.44781E+01   0.14574E+00   0.00000E+00
   0.14028E+03   0.44930E+01   0.14594E+00   0.00000E+00
   0.14048E+03   0.45080E+01   0.14614E+00   0.00000E+00
   0.14068E+03   0.45230E+01   0.14634E+00   0.00000E+00
   0.14088E+03   0.45380E+01   0.14654E+00   0.00000E+00
   0.14108E+03   0.45531E+01   0.14674E+00   0.00000E+00
   0.14128E+03   0.45681E+01   0.14694E+00   0.00000E+00
   0.14148E+03   0.45833E+01   0.14714E+00   0.00000E+00
   0.14167E+03   0.45984E+01   0.14734E+00   0.00000E+00
   0.14187E+03   0.46136E+01   0.14754E+00   0.00000E+00
   0.14207E+03   0.46288E+01   0.14774E+00   0.00000E+00
   0.14227E+03   0.46441E+01   0.14794E+00   0.00000E+00
   0.14247E+03   0.46594E+01   0.14814E+00   0.00000E+00
   0.14267E+03   0.46747E+01   0.14834E+00   0.00000E+00
   0.14287E+03   0.46901E+01   0.14854E+00   0.00000E+00
   0.14306E+03   0.47055E+01   0.14874E+00   0.00000E+00
   0.14326E+03   0.47210E+01   0.14894E+00   0.00000E+00
   0.14346E+03   0.47364E+01   0.14914E+00   0.00000E+00
   0.14366E+03   0.47519E+01   0.14934E+00   0.00000E+00
   0.14386E+03   0.47675E+01   0.14954E+00   0.00000E+00
   0.14406E+03   0.47831E+01   0.14974E+00   0.00000E+00
   0.14426E+03   0.47987E+01   0.14994E+00   0.00000E+00
   0.14446E+03   0.48143E+01   0.15014E+00   0.00000E+00
   0.14465E+03   0.48300E+01   0.15034E+00   0.00000E+00
   0.14485E+03   0.48457E+01   0.15054E+00   0.00000E+00
   0.14505E+03   0.48615E+01   0.15074E+00   0.00000E+00
   0.14525E+03   0.48773E+01   0.15094E+00   0.00000E+00
   0.14545E+03   0.48931E+01   0.15114E+00   0.00000E+00
   0.14565E+03   0.49090E+01   0.15134E+00   0.00000E+00
   0.14585E+03   0.49249E+01   0.15154E+00   0.00000E+00
   0.14605E+03   0.49408E+01   0.15174E+00   0.00000E+00
   0.14625E+03   0.49568E+01   0.15194E+00   0.00000E+00
   0.14645E+03   0.49728E+01   0.15214E+00   0.00000E+00
   0.14664E+03   0.49888E+01   0.15234E+00   0.00000E+00
   0.14684E+03   0.50049E+01   0.15254E+00   0.00000E+00
   0.14704E+03   0.50210E+01   0.15274E+00   0.00000E+00
   0.14724E+03   0.50372E+01   0.15294E+00   0.00000E+00
   0.14744E+03   0.50534E+01   0.15314E+00   0.00000E+00
   0.14764E+03   0.50696E+01   0.15334E+00   0.00000E+00
   0.14784E+03   0.50859E+01   0.15354E+00   0.00000E+00
   0.14804E+03   0.51022E+01   0.15374E+00   0.00000E+00
   0.14824E+03   0.51185E+01   0.15394E+00   0.00000E+00
   0.14844E+03   0.51349E+01   0.15414E+00   0.00000E+00
   0.14864E+03   0.51513E+01   0.15434E+00   0.00000E+00
   0.14884E+03   0.51677E+01   0.15454E+00   0.00000E+00
   0.14903E+03   0.51842E+01   0.15474E+00   0.00000E+00
   0.14923E+03   0.52008E+01   0.15494E+00   0.00000E+00
   0.14943E+03   0.52173E+01   0.15514E+00   0.00000E+00
   0.14963E+03   0.52339E+01   0.15534E+00   0.00000E+00
   0.14983E+03   0.52506E+01   0.15554E+00   0.00000E+00
   0.15003E+03   0.52672E+01   0.15574E+00   0.00000E+00
   0.15023E+03   0.52839E+01   0.15594E+00   0.00000E+00
   0.15043E+03   0.53007E+01   0.15614E+00   0.00000E+00
   0.15063E+03   0.53175E+01   0.15634E+00   0.00000E+00
   0.15083E+03   0.53343E+01   0.15654E+00   0.00000E+00
   0.15103E+03   0.53512E+01   0.15674E+00   0.00000E+00
   0.15123E+03   0.53681E+01   0.15694E+00   0.00000E+00
   0.15143E+03   0.53850E+01   0.15714E+00   0.00000E+00
   0.15163E+03   0.54020E+01   0.15734E+00   0.00000E+00
   0.15183E+03   0.54190E+01   0.15754E+00   0.00000E+00
   0.15203E+03   0.54361E+01   0.15774E+00   0.00000E+00
   0.15223E+03   0.54532E+01   0.15794E+00   0.00000E+00
   0.15243E+03   0.54703E+01   0.15814E+00   0.00000E+00
   0.15263E+03   0.54875E+01   0.15834E+00   0.00000E+00
   0.15283E+03   0.55047E+01   0.15854E+00   0.00000E+00
   0.15303E+03   0.55219E+01   0.15874E+00   0.00000E+00
   0.15323E+03   0.55392E+01   0.15894E+00   0.00000E+00
   0.15343E+03   0.55565E+01   0.15914E+00   0.00000E+00
   0.15362E+03   0.55739E+01   0.15934E+00   0.00000E+00
   0.15382E+03   0.55913E+01   0.15954E+00   0.00000E+00
   0.15402E+03   0.56088E+01   0.15974E+00   0.00000E+00
   0.15422E+03   0.56262E+01   0.15994E+00   0.00000E+00
   0.15442E+03   0.56438E+01   0.16014E+00   0.00000E+00
   0.15462E+03   0.56613E+01   0.16034E+00   0.00000E+00
   0.15482E+03   0.56789E+01   0.16054E+00   0.00000E+00
   0.15502E+03   0.56966E+01   0.16074E+00   0.00000E+00
   0.15522E+03   0.57142E+01   0.16094E+00   0.00000E+00
   0.15542E+03   0.57320E+01   0.16114E+00   0.00000E+00
   0.15562E+03   0.57497E+01   0.16134E+00   0.00000E+00
   0.15582E+03   0.57675E+01   0.16154E+00   0.00000E+00
   0.15602E+03   0.57854E+01   0.16174E+00   0.00000E+00
   0.15622E+03   0.58032E+01   0.16194E+00   0.00000E+00
   0.15642E+03   0.58212E+01   0.16214E+00   0.00000E+00
   0.15662E+03   0.58391E+01   0.16234E+00   0.00000E+00
   0.15682E+03   0.58571E+01   0.16254E+00   0.00000E+00
   0.15703E+03   0.58752E+01   0.16274E+00   0.00000E+00
   0.15723E+03   0.58933E+01   0.16294E+00   0.00000E+00
   0.15743E+03   0.59114E+01   0.16314E+00   0.00000E+00
   0.15763E+03   0.59295E+01   0.16334E+00   0.00000E+00
   0.15783E+03   0.59478E+01   0.16354E+00   0.00000E+00
   0.15803E+03   0.59660E+01   0.16374E+00   0.00000E+00
   0.15823E+03   0.59843E+01   0.16394E+00   0.00000E+00
   0.15843E+03   0.60026E+01   0.16414E+00   0.00000E+00
   0.15863E+03   0.60210E+01   0.16434E+00   0.00000E+00
   0.15883E+03   0.60394E+01   0.16454E+00   0.00000E+00
   0.15903E+03   0.60578E+01   0.16474E+00   0.00000E+00
   0.15923E+03   0.60763E+01   0.16494E+00   0.00000E+00
   0.15943E+03   0.60949E+01   0.16514E+00   0.00000E+00
   0.15963E+03   0.61134E+01   0.16534E+00   0.00000E+00
   0.15983E+03   0.61321E+01   0.16554E+00   0.00000E+00
   0.16003E+03   0.61507E+01   0.16574E+00   0.00000E+00
   0.16023E+03   0.61694E+01   0.16594E+00   0.00000E+00
   0.16043E+03   0.61882E+01   0.16614E+00   0.00000E+00
   0.16063E+03   0.62069E+01   0.16634E+00   0.00000E+00
   0.16083E+03   0.62258E+01   0.16654E+00   0.00000E+00
   0.16103E+03   0.62446E+01   0.16674E+00   0.00000E+00
   0.16123E+03   0.62635E+01   0.16694E+00   0.00000E+00
   0.16143E+03   0.62825E+01   0.16714E+00   0.00000E+00
   0.16164E+03   0.63015E+01   0.16734E+00   0.00000E+00
   0.16184E+03   0.63205E+01   0.16754E+00   0.00000E+00
   0.16204E+03   0.63396E+01   0.16774E+00   0.00000E+00
   0.16224E+03   0.63587E+01   0.16794E+00   0.00000E+00
   0.16244E+03   0.63779E+01   0.16814E+00   0.00000E+00
   0.16264E+03   0.63971E+01   0.16834E+00   0.00000E+00
   0.16284E+03   0.64164E+01   0.16854E+00   0.00000E+00
   0.16304E+03   0.64356E+01   0.16874E+00   0.52977E+21
   0.16324E+03   0.64550E+01   0.16894E+00   0.52953E+21
   0.16344E+03   0.64744E+01   0.16914E+00   0.52929E+21
   0.16364E+03   0.64938E+01   0.16934E+00   0.52905E+21
   0.16384E+03   0.65132E+01   0.16954E+00   0.52881E+21
   0.16405E+03   0.65328E+01   0.16974E+00   0.52857E+21
   0.16425E+03   0.65523E+01   0.16994E+00   0.52834E+21
   0.16445E+03   0.65719E+01   0.17014E+00   0.52810E+21
   0.16465E+03   0.65915E+01   0.17034E+00   0.52786E+21
   0.16485E+03   0.66112E+01   0.17054E+00   0.52762E+21
   0.16505E+03   0.66309E+01   0.17074E+00   0.52738E+21
   0.16525E+03   0.66507E+01   0.17094E+00   0.52715E+21
   0.16545E+03   0.66705E+01   0.17114E+00   0.52691E+21
   0.16565E+03   0.66904E+01   0.17134E+00   0.52667E+21
   0.16586E+03   0.67103E+01   0.17154E+00   0.52643E+21
   0.16606E+03   0.67302E+01   0.17174E+00   0.52619E+21
   0.16626E+03   0.67502E+01   0.17194E+00   0.52595E+21
   0.16646E+03   0.67703E+01   0.17214E+00   0.52572E+21
   0.16666E+03   0.67903E+01   0.17234E+00   0.52548E+21
   0.16686E+03   0.68105E+01   0.17254E+00   0.52524E+21
   0.16706E+03   0.68306E+01   0.17274E+00   0.52500E+21
   0.16726E+03   0.68508E+01   0.17294E+00   0.52477E+21
   0.16747E+03   0.68711E+01   0.17314E+00   0.52453E+21
   0.16767E+03   0.68914E+01   0.17334E+00   0.52429E+21
   0.16787E+03   0.69117E+01   0.17354E+00   0.52405E+21
   0.16807E+03   0.69321E+01   0.17374E+00   0.52381E+21
   0.16827E+03   0.69526E+01   0.17394E+00   0.52358E+21
   0.16847E+03   0.69730E+01   0.17414E+00   0.52334E+21
   0.16867E+03   0.69936E+01   0.17434E+00   0.52310E+21
   0.16888E+03   0.70141E+01   0.17454E+00   0.52287E+21
   0.16908E+03   0.70348E+01   0.17474E+00   0.52263E+21
   0.16928E+03   0.70554E+01   0.17494E+00   0.52239E+21
   0.16948E+03   0.70761E+01   0.17514E+00   0.52215E+21
   0.16968E+03   0.70969E+01   0.17534E+00   0.52192E+21
   0.16988E+03   0.71177E+01   0.17554E+00   0.52168E+21
   0.17009E+03   0.71385E+01   0.17574E+00   0.52144E+21
   0.17029E+03   0.71594E+01   0.17594E+00   0.52121E+21
   0.17049E+03   0.71803E+01   0.17614E+00   0.52097E+21
   0.17069E+03   0.72013E+01   0.17634E+00   0.52073E+21
   0.17089E+03   0.72224E+01   0.17654E+00   0.52050E+21
   0.17109E+03   0.72434E+01   0.17674E+00   0.52026E+21
   0.17130E+03   0.72645E+01   0.17694E+00   0.52002E+21
   0.17150E+03   0.72857E+01   0.17714E+00   0.51979E+21
   0.17170E+03   0.73069E+01   0.17734E+00   0.51955E+21
   0.17190E+03   0.73282E+01   0.17754E+00   0.51931E+21
   0.17210E+03   0.73495E+01   0.17774E+00   0.51908E+21
   0.17231E+03   0.73708E+01   0.17794E+00   0.51884E+21
   0.17251E+03   0.73922E+01   0.17814E+00   0.51861E+21
   0.17271E+03   0.74137E+01   0.17834E+00   0.51837E+21
   0.17291E+03   0.74352E+01   0.17854E+00   0.51814E+21
   0.17311E+03   0.74567E+01   0.17874E+00   0.51790E+21
   0.17332E+03   0.74783E+01   0.17894E+00   0.51767E+21
   0.17352E+03   0.74999E+01   0.17914E+00   0.51743E+21
   0.17372E+03   0.75216E+01   0.17934E+00   0.51719E+21
   0.17392E+03   0.75433E+01   0.17954E+00   0.51696E+21
   0.17412E+03   0.75651E+01   0.17974E+00   0.51672E+21
   0.17433E+03   0.75869E+01   0.17994E+00   0.51649E+21
   0.17453E+03   0.76088E+01   0.18014E+00   0.51626E+21
   0.17473E+03   0.76307E+01   0.18034E+00   0.51602E+21
   0.17493E+03   0.76527E+01   0.18054E+00   0.51579E+21
   0.17514E+03   0.76747E+01   0.18074E+00   0.51555E+21
   0.17534E+03   0.76968E+01   0.18094E+00   0.51532E+21
   0.17554E+03   0.77189E+01   0.18114E+00   0.51508E+21
   0.17574E+03   0.77410E+01   0.18134E+00   0.51485E+21
   0.17594E+03   0.77632E+01   0.18154E+00   0.51462E+21
   0.17615E+03   0.77855E+01   0.18174E+00   0.51438E+21
   0.17635E+03   0.78078E+01   0.18194E+00   0.51415E+21
   0.17655E+03   0.78301E+01   0.18214E+00   0.51392E+21
   0.17675E+03   0.78525E+01   0.18234E+00   0.51368E+21
   0.17696E+03   0.78750E+01   0.18254E+00   0.51345E+21
   0.17716E+03   0.78975E+01   0.18274E+00   0.51322E+21
   0.17736E+03   0.79200E+01   0.18294E+00   0.51298E+21
   0.17756E+03   0.79426E+01   0.18314E+00   0.51275E+21
   0.17777E+03   0.79652E+01   0.18334E+00   0.51252E+21
   0.17797E+03   0.79879E+01   0.18354E+00   0.51229E+21
   0.17817E+03   0.80107E+01   0.18374E+00   0.51205E+21
   0.17838E+03   0.80335E+01   0.18394E+00   0.51182E+21
   0.17858E+03   0.80563E+01   0.18414E+00   0.51159E+21
   0.17878E+03   0.80792E+01   0.18434E+00   0.51136E+21
   0.17898E+03   0.81021E+01   0.18454E+00   0.51113E+21
   0.17919E+03   0.81251E+01   0.18474E+00   0.51089E+21
   0.17939E+03   0.81481E+01   0.18494E+00   0.51066E+21
   0.17959E+03   0.81712E+01   0.18514E+00   0.51043E+21
   0.17979E+03   0.81943E+01   0.18534E+00   0.51020E+21
   0.18000E+03   0.82175E+01   0.18554E+00   0.50997E+21
   0.18020E+03   0.82408E+01   0.18574E+00   0.50974E+21
   0.18040E+03   0.82640E+01   0.18594E+00   0.50951E+21
   0.18061E+03   0.82874E+01   0.18614E+00   0.50928E+21
   0.18081E+03   0.83108E+01   0.18634E+00   0.50905E+21
   0.18101E+03   0.83342E+01   0.18654E+00   0.50882E+21
   0.18122E+03   0.83577E+01   0.18674E+00   0.50859E+21
   0.18142E+03   0.83812E+01   0.18694E+00   0.50836E+21
   0.18162E+03   0.84048E+01   0.18714E+00   0.50813E+21
   0.18182E+03   0.84284E+01   0.18734E+00   0.50790E+21
   0.18203E+03   0.84521E+01   0.18754E+00   0.50767E+21
   0.18223E+03   0.84758E+01   0.18774E+00   0.50744E+21
   0.18243E+03   0.84996E+01   0.18794E+00   0.50721E+21
   0.18264E+03   0.85234E+01   0.18814E+00   0.50698E+21
   0.18284E+03   0.85473E+01   0.18834E+00   0.50676E+21
   0.18304E+03   0.85713E+01   0.18854E+00   0.50653E+21
   0.18325E+03   0.85953E+01   0.18874E+00   0.50630E+21
   0.18345E+03   0.86193E+01   0.18894E+00   0.50607E+21
   0.18365E+03   0.86434E+01   0.18914E+00   0.50584E+21
   0.18386E+03   0.86675E+01   0.18934E+00   0.50562E+21
   0.18406E+03   0.86917E+01   0.18954E+00   0.50539E+21
   0.18426E+03   0.87160E+01   0.18974E+00   0.50516E+21
   0.18447E+03   0.87402E+01   0.18994E+00   0.50493E+21
   0.18467E+03   0.87646E+01   0.19014E+00   0.50471E+21
   0.18487E+03   0.87890E+01   0.19034E+00   0.50448E+21
   0.18508E+03   0.88134E+01   0.19054E+00   0.50425E+21
   0.18528E+03   0.88379E+01   0.19074E+00   0.50403E+21
   0.18548E+03   0.88625E+01   0.19094E+00   0.50380E+21
   0.18569E+03   0.88871E+01   0.19114E+00   0.50358E+21
   0.18589E+03   0.89117E+01   0.19134E+00   0.50335E+21
   0.18610E+03   0.89365E+01   0.19154E+00   0.50312E+21
   0.18630E+03   0.89612E+01   0.19174E+00   0.50290E+21
   0.18650E+03   0.89860E+01   0.19194E+00   0.50267E+21
   0.18671E+03   0.90109E+01   0.19214E+00   0.50245E+21
   0.18691E+03   0.90358E+01   0.19234E+00   0.50223E+21
   0.18711E+03   0.90608E+01   0.19254E+00   0.50200E+21
   0.18732E+03   0.90858E+01   0.19274E+00   0.50178E+21
   0.18752E+03   0.91109E+01   0.19294E+00   0.50155E+21
   0.18773E+03   0.91360E+01   0.19314E+00   0.50133E+21
   0.18793E+03   0.91612E+01   0.19334E+00   0.50111E+21
   0.18813E+03   0.91864E+01   0.19354E+00   0.50088E+21
   0.18834E+03   0.92117E+01   0.19374E+00   0.50066E+21
   0.18854E+03   0.92370E+01   0.19394E+00   0.50044E+21
   0.18874E+03   0.92624E+01   0.19414E+00   0.50021E+21
   0.18895E+03   0.92878E+01   0.19434E+00   0.49999E+21
   0.18915E+03   0.93133E+01   0.19454E+00   0.49977E+21
   0.18936E+03   0.93389E+01   0.19474E+00   0.49955E+21
   0.18956E+03   0.93645E+01   0.19494E+00   0.49932E+21
   0.18977E+03   0.93902E+01   0.19514E+00   0.49910E+21
   0.18997E+03   0.94159E+01   0.19534E+00   0.49888E+21
   0.19017E+03   0.94416E+01   0.19554E+00   0.49866E+21
   0.19038E+03   0.94674E+01   0.19574E+00   0.49844E+21
   0.19058E+03   0.94933E+01   0.19594E+00   0.49822E+21
   0.19079E+03   0.95192E+01   0.19614E+00   0.49800E+21
   0.19099E+03   0.95452E+01   0.19634E+00   0.49778E+21
   0.19119E+03   0.95712E+01   0.19654E+00   0.49756E+21
   0.19140E+03   0.95973E+01   0.19674E+00   0.49734E+21
   0.19160E+03   0.96235E+01   0.19694E+00   0.49712E+21
   0.19181E+03   0.96497E+01   0.19714E+00   0.49690E+21
   0.19201E+03   0.96759E+01   0.19734E+00   0.49668E+21
   0.19222E+03   0.97022E+01   0.19754E+00   0.49646E+21
   0.19242E+03   0.97286E+01   0.19774E+00   0.49624E+21
   0.19263E+03   0.97550E+01   0.19794E+00   0.49603E+21
   0.19283E+03   0.97814E+01   0.19814E+00   0.49581E+21
   0.19303E+03   0.98079E+01   0.19834E+00   0.49559E+21
   0.19324E+03   0.98345E+01   0.19854E+00   0.49537E+21
   0.19344E+03   0.98611E+01   0.19874E+00   0.49515E+21
   0.19365E+03   0.98878E+01   0.19894E+00   0.49494E+21
   0.19385E+03   0.99146E+01   0.19914E+00   0.49472E+21
   0.19406E+03   0.99414E+01   0.19934E+00   0.49450E+21
   0.19426E+03   0.99682E+01   0.19954E+00   0.49429E+21
   0.19447E+03   0.99951E+01   0.19974E+00   0.49407E+21
   0.19467E+03   0.10022E+02   0.19994E+00   0.49385E+21
   0.19488E+03   0.10049E+02   0.20014E+00   0.49364E+21
   0.19508E+03   0.10076E+02   0.20034E+00   0.49342E+21
   0.19529E+03   0.10103E+02   0.20054E+00   0.49321E+21
   0.19549E+03   0.10130E+02   0.20074E+00   0.49299E+21
   0.19570E+03   0.10158E+02   0.20094E+00   0.49278E+21
   0.19590E+03   0.10185E+02   0.20114E+00   0.49256E+21
   0.19611E+03   0.10212E+02   0.20134E+00   0.49235E+21
   0.19631E+03   0.10240E+02   0.20154E+00   0.49214E+21
   0.19652E+03   0.10267E+02   0.20174E+00   0.49192E+21
   0.19672E+03   0.10295E+02   0.20194E+00   0.49171E+21
   0.19693E+03   0.10322E+02   0.20214E+00   0.49150E+21
   0.19713E+03   0.10350E+02   0.20234E+00   0.49128E+21
   0.19734E+03   0.10378E+02   0.20254E+00   0.49107E+21
   0.19754E+03   0.10405E+02   0.20274E+00   0.49086E+21
   0.19775E+03   0.10433E+02   0.20294E+00   0.49065E+21
   0.19795E+03   0.10461E+02   0.20314E+00   0.49043E+21
   0.19816E+03   0.10489E+02   0.20334E+00   0.49022E+21
   0.19836E+03   0.10517E+02   0.20354E+00   0.49001E+21
   0.19857E+03   0.10545E+02   0.20374E+00   0.48980E+21
   0.19877E+03   0.10573E+02   0.20394E+00   0.48959E+21
   0.19898E+03   0.10601E+02   0.20414E+00   0.48938E+21
   0.19918E+03   0.10629E+02   0.20434E+00   0.48917E+21
   0.19939E+03   0.10657E+02   0.20454E+00   0.48896E+21
   0.19959E+03   0.10686E+02   0.20474E+00   0.48875E+21
   0.19980E+03   0.10714E+02   0.20494E+00   0.48854E+21
   0.20000E+03   0.10742E+02   0.20514E+00   0.48833E+21
   0.20021E+03   0.10771E+02   0.20534E+00   0.48812E+21
   0.20042E+03   0.10799E+02   0.20554E+00   0.48791E+21
   0.20062E+03   0.10828E+02   0.20574E+00   0.48771E+21
   0.20083E+03   0.10857E+02   0.20594E+00   0.48750E+21
   0.20103E+03   0.10885E+02   0.20614E+00   0.48729E+21
   0.20124E+03   0.10914E+02   0.20634E+00   0.48708E+21
   0.20144E+03   0.10943E+02   0.20654E+00   0.48687E+21
   0.20165E+03   0.10972E+02   0.20674E+00   0.48667E+21
   0.20185E+03   0.11001E+02   0.20694E+00   0.48646E+21
   0.20206E+03   0.11030E+02   0.20714E+00   0.48625E+21
   0.20227E+03   0.11059E+02   0.20734E+00   0.48605E+21
   0.20247E+03   0.11088E+02   0.20754E+00   0.48584E+21
   0.20268E+03   0.11117E+02   0.20774E+00   0.48564E+21
   0.20288E+03   0.11146E+02   0.20794E+00   0.48543E+21
   0.20309E+03   0.11176E+02   0.20814E+00   0.48523E+21
   0.20330E+03   0.11205E+02   0.20834E+00   0.48502E+21
   0.20350E+03   0.11234E+02   0.20854E+00   0.48482E+21
   0.20371E+03   0.11264E+02   0.20874E+00   0.48461E+21
   0.20391E+03   0.11293E+02   0.20894E+00   0.48441E+21
   0.20412E+03   0.11323E+02   0.20914E+00   0.48421E+21
   0.20433E+03   0.11352E+02   0.20934E+00   0.48400E+21
   0.20453E+03   0.11382E+02   0.20954E+00   0.48380E+21
   0.20474E+03   0.11412E+02   0.20974E+00   0.48360E+21
   0.20494E+03   0.11442E+02   0.20994E+00   0.48339E+21
   0.20515E+03   0.11471E+02   0.21014E+00   0.48319E+21
   0.20536E+03   0.11501E+02   0.21034E+00   0.48299E+21
   0.20556E+03   0.11531E+02   0.21054E+00   0.48279E+21
   0.20577E+03   0.11561E+02   0.21074E+00   0.48259E+21
   0.20597E+03   0.11592E+02   0.21094E+00   0.48239E+21
   0.20618E+03   0.11622E+02   0.21114E+00   0.48219E+21
   0.20639E+03   0.11652E+02   0.21134E+00   0.48199E+21
   0.20659E+03   0.11682E+02   0.21154E+00   0.48179E+21
   0.20680E+03   0.11712E+02   0.21174E+00   0.48159E+21
   0.20701E+03   0.11743E+02   0.21194E+00   0.48139E+21
   0.20721E+03   0.11773E+02   0.21214E+00   0.48119E+21
   0.20742E+03   0.11804E+02   0.21234E+00   0.48099E+21
   0.20763E+03   0.11834E+02   0.21254E+00   0.48079E+21
   0.20783E+03   0.11865E+02   0.21274E+00   0.48059E+21
   0.20804E+03   0.11896E+02   0.21294E+00   0.48039E+21
   0.20825E+03   0.11926E+02   0.21314E+00   0.48020E+21
   0.20845E+03   0.11957E+02   0.21334E+00   0.48000E+21
   0.20866E+03   0.11988E+02   0.21354E+00   0.47980E+21
   0.20887E+03   0.12019E+02   0.21374E+00   0.47960E+21
   0.20907E+03   0.12050E+02   0.21394E+00   0.47941E+21
   0.20928E+03   0.12081E+02   0.21414E+00   0.47921E+21
   0.20949E+03   0.12112E+02   0.21434E+00   0.47902E+21
   0.20969E+03   0.12143E+02   0.21454E+00   0.47882E+21
   0.20990E+03   0.12174E+02   0.21474E+00   0.47862E+21
   0.21011E+03   0.12206E+02   0.21494E+00   0.47843E+21
   0.21031E+03   0.12237E+02   0.21514E+00   0.47824E+21
   0.21052E+03   0.12268E+02   0.21534E+00   0.47804E+21
   0.21073E+03   0.12300E+02   0.21554E+00   0.47785E+21
   0.21093E+03   0.12331E+02   0.21574E+00   0.47765E+21
   0.21114E+03   0.12363E+02   0.21594E+00   0.47746E+21
   0.21135E+03   0.12395E+02   0.21614E+00   0.47727E+21
   0.21155E+03   0.12426E+02   0.21634E+00   0.47707E+21
   0.21176E+03   0.12458E+02   0.21654E+00   0.47688E+21
   0.21197E+03   0.12490E+02   0.21674E+00   0.47669E+21
   0.21218E+03   0.12522E+02   0.21694E+00   0.47650E+21
   0.21238E+03   0.12554E+02   0.21714E+00   0.47631E+21
   0.21259E+03   0.12586E+02   0.21734E+00   0.47611E+21
   0.21280E+03   0.12618E+02   0.21754E+00   0.47592E+21
   0.21300E+03   0.12650E+02   0.21774E+00   0.47573E+21
   0.21321E+03   0.12682E+02   0.21794E+00   0.47554E+21
   0.21342E+03   0.12714E+02   0.21814E+00   0.47535E+21
   0.21363E+03   0.12747E+02   0.21834E+00   0.47516E+21
   0.21383E+03   0.12779E+02   0.21854E+00   0.47497E+21
   0.21404E+03   0.12811E+02   0.21874E+00   0.47478E+21
   0.21425E+03   0.12844E+02   0.21894E+00   0.47460E+21
   0.21446E+03   0.12877E+02   0.21914E+00   0.47441E+21
   0.21466E+03   0.12909E+02   0.21934E+00   0.47422E+21
   0.21487E+03   0.12942E+02   0.21954E+00   0.47403E+21
   0.21508E+03   0.12975E+02   0.21974E+00   0.94769E+21
   0.21529E+03   0.13007E+02   0.21994E+00   0.94731E+21
   0.21549E+03   0.13040E+02   0.22014E+00   0.94694E+21
   0.21570E+03   0.13073E+02   0.22034E+00   0.94657E+21
   0.21591E+03   0.13106E+02   0.22054E+00   0.94619E+21
   0.21612E+03   0.13139E+02   0.22074E+00   0.94582E+21
   0.21633E+03   0.13172E+02   0.22094E+00   0.94545E+21
   0.21653E+03   0.13205E+02   0.22114E+00   0.94508E+21
   0.21674E+03   0.13239E+02   0.22134E+00   0.94471E+21
   0.21695E+03   0.13272E+02   0.22154E+00   0.94434E+21
   0.21716E+03   0.13305E+02   0.22174E+00   0.94397E+21
   0.21736E+03   0.13339E+02   0.22194E+00   0.94360E+21
   0.21757E+03   0.13372E+02   0.22214E+00   0.94324E+21
   0.21778E+03   0.13406E+02   0.22234E+00   0.94287E+21
   0.21799E+03   0.13439E+02   0.22254E+00   0.94250E+21
   0.21820E+03   0.13473E+02   0.22274E+00   0.94214E+21
   0.21840E+03   0.13507E+02   0.22294E+00   0.94177E+21
   0.21861E+03   0.13540E+02   0.22314E+00   0.94141E+21
   0.21882E+03   0.13574E+02   0.22334E+00   0.94105E+21
   0.21903E+03   0.13608E+02   0.22354E+00   0.94068E+21
   0.21924E+03   0.13642E+02   0.22374E+00   0.94032E+21
   0.21944E+03   0.13676E+02   0.22394E+00   0.93996E+21
   0.21965E+03   0.13710E+02   0.22414E+00   0.93960E+21
   0.21986E+03   0.13744E+02   0.22434E+00   0.93924E+21
   0.22007E+03   0.13779E+02   0.22454E+00   0.93888E+21
   0.22028E+03   0.13813E+02   0.22474E+00   0.93852E+21
   0.22049E+03   0.13847E+02   0.22494E+00   0.93816E+21
   0.22069E+03   0.13882E+02   0.22514E+00   0.93780E+21
   0.22090E+03   0.13916E+02   0.22534E+00   0.93745E+21
   0.22111E+03   0.13951E+02   0.22554E+00   0.93709E+21
   0.22132E+03   0.13985E+02   0.22574E+00   0.93674E+21
   0.22153E+03   0.14020E+02   0.22594E+00   0.93638E+21
   0.22174E+03   0.14055E+02   0.22614E+00   0.93603E+21
   0.22195E+03   0.14089E+02   0.22634E+00   0.93567E+21
   0.22215E+03   0.14124E+02   0.22654E+00   0.93532E+21
   0.22236E+03   0.14159E+02   0.22674E+00   0.93497E+21
   0.22257E+03   0.14194E+02   0.22694E+00   0.93462E+21
   0.22278E+03   0.14229E+02   0.22714E+00   0.93426E+21
   0.22299E+03   0.14264E+02   0.22734E+00   0.93391E+21
   0.22320E+03   0.14299E+02   0.22754E+00   0.93356E+21
   0.22341E+03   0.14335E+02   0.22774E+00   0.93322E+21
   0.22361E+03   0.14370E+02   0.22794E+00   0.93287E+21
   0.22382E+03   0.14405E+02   0.22814E+00   0.93252E+21
   0.22403E+03   0.14441E+02   0.22834E+00   0.93217E+21
   0.22424E+03   0.14476E+02   0.22854E+00   0.93183E+21
   0.22445E+03   0.14512E+02   0.22874E+00   0.93148E+21
   0.22466E+03   0.14547E+02   0.22894E+00   0.93114E+21
   0.22487E+03   0.14583E+02   0.22914E+00   0.93079E+21
   0.22508E+03   0.14619E+02   0.22934E+00   0.93045E+21
   0.22529E+03   0.14654E+02   0.22954E+00   0.93010E+21
   0.22550E+03   0.14690E+02   0.22974E+00   0.92976E+21
   0.22570E+03   0.14726E+02   0.22994E+00   0.92942E+21
   0.22591E+03   0.14762E+02   0.23014E+00   0.92908E+21
   0.22612E+03   0.14798E+02   0.23034E+00   0.92874E+21
   0.22633E+03   0.14834E+02   0.23054E+00   0.92840E+21
   0.22654E+03   0.14871E+02   0.23074E+00   0.92806E+21
   0.22675E+03   0.14907E+02   0.23094E+00   0.92772E+21
   0.22696E+03   0.14943E+02   0.23114E+00   0.92739E+21
   0.22717E+03   0.14979E+02   0.23134E+00   0.92705E+21
   0.22738E+03   0.15016E+02   0.23154E+00   0.92671E+21
   0.22759E+03   0.15052E+02   0.23174E+00   0.92638E+21
   0.22780E+03   0.15089E+02   0.23194E+00   0.92604E+21
   0.22801E+03   0.15126E+02   0.23214E+00   0.92571E+21
   0.22822E+03   0.15162E+02   0.23234E+00   0.92537E+21
   0.22843E+03   0.15199E+02   0.23254E+00   0.92504E+21
   0.22864E+03   0.15236E+02   0.23274E+00   0.92471E+21
   0.22884E+03   0.15273E+02   0.23294E+00   0.92438E+21
   0.22905E+03   0.15310E+02   0.23314E+00   0.92405E+21
   0.22926E+03   0.15347E+02   0.23334E+00   0.92372E+21
   0.22947E+03   0.15384E+02   0.23354E+00   0.92339E+21
   0.22968E+03   0.15421E+02   0.23374E+00   0.92306E+21
   0.22989E+03   0.15458E+02   0.23394E+00   0.92273E+21
   0.23010E+03   0.15495E+02   0.23414E+00   0.92240E+21
   0.23031E+03   0.15533E+02   0.23434E+00   0.92208E+21
   0.23052E+03   0.15570E+02   0.23454E+00   0.92175E+21
   0.23073E+03   0.15608E+02   0.23474E+00   0.92142E+21
   0.23094E+03   0.15645E+02   0.23494E+00   0.92110E+21
   0.23115E+03   0.15683E+02   0.23514E+00   0.92077E+21
   0.23136E+03   0.15720E+02   0.23534E+00   0.92045E+21
   0.23157E+03   0.15758E+02   0.23554E+00   0.92013E+21
   0.23178E+03   0.15796E+02   0.23574E+00   0.91981E+21
   0.23199E+03   0.15834E+02   0.23594E+00   0.91949E+21
   0.23220E+03   0.15872E+02   0.23614E+00   0.91916E+21
   0.23241E+03   0.15910E+02   0.23634E+00   0.91884E+21
   0.23262E+03   0.15948E+02   0.23654E+00   0.91853E+21
   0.23283E+03   0.15986E+02   0.23674E+00   0.91821E+21
   0.23304E+03   0.16024E+02   0.23694E+00   0.91789E+21
   0.23325E+03   0.16062E+02   0.23714E+00   0.91757E+21
   0.23346E+03   0.16100E+02   0.23734E+00   0.91726E+21
   0.23367E+03   0.16139E+02   0.23754E+00   0.91694E+21
   0.23388E+03   0.16177E+02   0.23774E+00   0.91662E+21
   0.23409E+03   0.16216E+02   0.23794E+00   0.91631E+21
   0.23431E+03   0.16254E+02   0.23814E+00   0.91600E+21
   0.23452E+03   0.16293E+02   0.23834E+00   0.91568E+21
   0.23473E+03   0.16332E+02   0.23854E+00   0.91537E+21
   0.23494E+03   0.16370E+02   0.23874E+00   0.91506E+21
   0.23515E+03   0.16409E+02   0.23894E+00   0.91475E+21
   0.23536E+03   0.16448E+02   0.23914E+00   0.91444E+21
   0.23557E+03   0.16487E+02   0.23934E+00   0.91413E+21
   0.23578E+03   0.16526E+02   0.23954E+00   0.91382E+21
   0.23599E+03   0.16565E+02   0.23974E+00   0.91351E+21
   0.23620E+03   0.16604E+02   0.23994E+00   0.91320E+21
   0.23641E+03   0.16644E+02   0.24014E+00   0.91290E+21
   0.23662E+03   0.16683E+02   0.24034E+00   0.91259E+21
   0.23683E+03   0.16722E+02   0.24054E+00   0.91228E+21
   0.23704E+03   0.16762E+02   0.24074E+00   0.91198E+21
   0.23725E+03   0.16801E+02   0.24094E+00   0.91167E+21
   0.23747E+03   0.16841E+02   0.24114E+00   0.91137E+21
   0.23768E+03   0.16880E+02   0.24134E+00   0.91107E+21
   0.23789E+03   0.16920E+02   0.24154E+00   0.91077E+21
   0.23810E+03   0.16960E+02   0.24174E+00   0.91046E+21
   0.23831E+03   0.16999E+02   0.24194E+00   0.91016E+21
   0.23852E+03   0.17039E+02   0.24214E+00   0.90986E+21
   0.23873E+03   0.17079E+02   0.24234E+00   0.90956E+21
   0.23894E+03   0.17119E+02   0.24254E+00   0.90927E+21
   0.23915E+03   0.17159E+02   0.24274E+00   0.90897E+21
   0.23936E+03   0.17199E+02   0.24294E+00   0.90867E+21
   0.23958E+03   0.17240E+02   0.24314E+00   0.90837E+21
   0.23979E+03   0.17280E+02   0.24334E+00   0.90808E+21
   0.24000E+03   0.17320E+02   0.24354E+00   0.90778E+21
   0.24021E+03   0.17361E+02   0.24374E+00   0.90749E+21
   0.24042E+03   0.17401E+02   0.24394E+00   0.90719E+21
   0.24063E+03   0.17442E+02   0.24414E+00   0.90690E+21
   0.24084E+03   0.17482E+02   0.24434E+00   0.90661E+21
   0.24106E+03   0.17523E+02   0.24454E+00   0.90632E+21
   0.24127E+03   0.17564E+02   0.24474E+00   0.90603E+21
   0.24148E+03   0.17604E+02   0.24494E+00   0.90574E+21
   0.24169E+03   0.17645E+02   0.24514E+00   0.90545E+21
   0.24190E+03   0.17686E+02   0.24534E+00   0.90516E+21
   0.24211E+03   0.17727E+02   0.24554E+00   0.90487E+21
   0.24233E+03   0.17768E+02   0.24574E+00   0.90458E+21
   0.24254E+03   0.17809E+02   0.24594E+00   0.90429E+21
   0.24275E+03   0.17851E+02   0.24614E+00   0.90401E+21
   0.24296E+03   0.17892E+02   0.24634E+00   0.90372E+21
   0.24317E+03   0.17933E+02   0.24654E+00   0.90344E+21
   0.24338E+03   0.17975E+02   0.24674E+00   0.90315E+21
   0.24360E+03   0.18016E+02   0.24694E+00   0.90287E+21
   0.24381E+03   0.18058E+02   0.24714E+00   0.90259E+21
   0.24402E+03   0.18099E+02   0.24734E+00   0.90230E+21
   0.24423E+03   0.18141E+02   0.24754E+00   0.90202E+21
   0.24444E+03   0.18183E+02   0.24774E+00   0.90174E+21
   0.24466E+03   0.18224E+02   0.24794E+00   0.90146E+21
   0.24487E+03   0.18266E+02   0.24814E+00   0.90118E+21
   0.24508E+03   0.18308E+02   0.24834E+00   0.90090E+21
   0.24529E+03   0.18350E+02   0.24854E+00   0.90063E+21
   0.24550E+03   0.18392E+02   0.24874E+00   0.90035E+21
   0.24572E+03   0.18434E+02   0.24894E+00   0.90007E+21
   0.24593E+03   0.18476E+02   0.24914E+00   0.89980E+21
   0.24614E+03   0.18519E+02   0.24934E+00   0.89952E+21
   0.24635E+03   0.18561E+02   0.24954E+00   0.89925E+21
   0.24657E+03   0.18603E+02   0.24974E+00   0.89897E+21
   0.24678E+03   0.18646E+02   0.24994E+00   0.89870E+21
   0.24699E+03   0.18688E+02   0.25014E+00   0.89843E+21
   0.24720E+03   0.18731E+02   0.25034E+00   0.89815E+21
   0.24742E+03   0.18774E+02   0.25054E+00   0.89788E+21
   0.24763E+03   0.18816E+02   0.25074E+00   0.89761E+21
   0.24784E+03   0.18859E+02   0.25094E+00   0.89734E+21
   0.24805E+03   0.18902E+02   0.25114E+00   0.89707E+21
   0.24827E+03   0.18945E+02   0.25134E+00   0.89681E+21
   0.24848E+03   0.18988E+02   0.25154E+00   0.89654E+21
   0.24869E+03   0.19031E+02   0.25174E+00   0.89627E+21
   0.24890E+03   0.19074E+02   0.25194E+00   0.89600E+21
   0.24912E+03   0.19117E+02   0.25214E+00   0.89574E+21
   0.24933E+03   0.19161E+02   0.25234E+00   0.89547E+21
   0.24954E+03   0.19204E+02   0.25254E+00   0.89521E+21
   0.24975E+03   0.19247E+02   0.25274E+00   0.89495E+21
   0.24997E+03   0.19291E+02   0.25294E+00   0.89468E+21
   0.25018E+03   0.19334E+02   0.25314E+00   0.89442E+21
   0.25039E+03   0.19378E+02   0.25334E+00   0.89416E+21
   0.25061E+03   0.19422E+02   0.25354E+00   0.89390E+21
   0.25082E+03   0.19465E+02   0.25374E+00   0.89364E+21
   0.25103E+03   0.19509E+02   0.25394E+00   0.89338E+21
   0.25125E+03   0.19553E+02   0.25414E+00   0.89312E+21
   0.25146E+03   0.19597E+02   0.25434E+00   0.89286E+21
   0.25167E+03   0.19641E+02   0.25454E+00   0.89261E+21
   0.25188E+03   0.19685E+02   0.25474E+00   0.89235E+21
   0.25210E+03   0.19729E+02   0.25494E+00   0.89209E+21
   0.25231E+03   0.19773E+02   0.25514E+00   0.89184E+21
   0.25252E+03   0.19817E+02   0.25534E+00   0.89158E+21
   0.25274E+03   0.19862E+02   0.25554E+00   0.89133E+21
   0.25295E+03   0.19906E+02   0.25574E+00   0.89108E+21
   0.25316E+03   0.19951E+02   0.25594E+00   0.89082E+21
   0.25338E+03   0.19995E+02   0.25614E+00   0.89057E+21
   0.25359E+03   0.20040E+02   0.25634E+00   0.89032E+21
   0.25381E+03   0.20084E+02   0.25654E+00   0.89007E+21
   0.25402E+03   0.20129E+02   0.25674E+00   0.88982E+21
   0.25423E+03   0.20174E+02   0.25694E+00   0.88957E+21
   0.25445E+03   0.20219E+02   0.25714E+00   0.88932E+21
   0.25466E+03   0.20264E+02   0.25734E+00   0.88907E+21
   0.25487E+03   0.20309E+02   0.25754E+00   0.88883E+21
   0.25509E+03   0.20354E+02   0.25774E+00   0.88858E+21
   0.25530E+03   0.20399E+02   0.25794E+00   0.88834E+21
   0.25551E+03   0.20444E+02   0.25814E+00   0.88809E+21
   0.25573E+03   0.20489E+02   0.25834E+00   0.88785E+21
   0.25594E+03   0.20535E+02   0.25854E+00   0.88760E+21
   0.25616E+03   0.20580E+02   0.25874E+00   0.88736E+21
   0.25637E+03   0.20626E+02   0.25894E+00   0.88712E+21
   0.25658E+03   0.20671E+02   0.25914E+00   0.88688E+21
   0.25680E+03   0.20717E+02   0.25934E+00   0.88663E+21
   0.25701E+03   0.20762E+02   0.25954E+00   0.88639E+21
   0.25723E+03   0.20808E+02   0.25974E+00   0.88615E+21
   0.25744E+03   0.20854E+02   0.25994E+00   0.88592E+21
   0.25765E+03   0.20900E+02   0.26014E+00   0.88568E+21
   0.25787E+03   0.20946E+02   0.26034E+00   0.88544E+21
   0.25808E+03   0.20992E+02   0.26054E+00   0.88520E+21
   0.25830E+03   0.21038E+02   0.26074E+00   0.88497E+21
   0.25851E+03   0.21084E+02   0.26094E+00   0.88473E+21
   0.25873E+03   0.21130E+02   0.26114E+00   0.88450E+21
   0.25894E+03   0.21176E+02   0.26134E+00   0.88426E+21
   0.25915E+03   0.21223E+02   0.26154E+00   0.88403E+21
   0.25937E+03   0.21269E+02   0.26174E+00   0.88380E+21
   0.25958E+03   0.21316E+02   0.26194E+00   0.88356E+21
   0.25980E+03   0.21362E+02   0.26214E+00   0.88333E+21
   0.26001E+03   0.21409E+02   0.26234E+00   0.88310E+21
   0.26023E+03   0.21455E+02   0.26254E+00   0.88287E+21
   0.26044E+03   0.21502E+02   0.26274E+00   0.88264E+21
   0.26066E+03   0.21549E+02   0.26294E+00   0.88241E+21
   0.26087E+03   0.21596E+02   0.26314E+00   0.88218E+21
   0.26109E+03   0.21643E+02   0.26334E+00   0.88196E+21
   0.26130E+03   0.21690E+02   0.26354E+00   0.88173E+21
   0.26151E+03   0.21737E+02   0.26374E+00   0.88150E+21
   0.26173E+03   0.21784E+02   0.26394E+00   0.88128E+21
   0.26194E+03   0.21831E+02   0.26414E+00   0.88105E+21
   0.26216E+03   0.21878E+02   0.26434E+00   0.88083E+21
   0.26237E+03   0.21926E+02   0.26454E+00   0.88061E+21
   0.26259E+03   0.21973E+02   0.26474E+00   0.88038E+21
   0.26280E+03   0.22021E+02   0.26494E+00   0.88016E+21
   0.26302E+03   0.22068E+02   0.26514E+00   0.87994E+21
   0.26323E+03   0.22116E+02   0.26534E+00   0.87972E+21
   0.26345E+03   0.22164E+02   0.26554E+00   0.87950E+21
   0.26366E+03   0.22211E+02   0.26574E+00   0.87928E+21
   0.26388E+03   0.22259E+02   0.26594E+00   0.87906E+21
   0.26410E+03   0.22307E+02   0.26614E+00   0.87884E+21
   0.26431E+03   0.22355E+02   0.26634E+00   0.87863E+21
   0.26453E+03   0.22403E+02   0.26654E+00   0.87841E+21
   0.26474E+03   0.22451E+02   0.26674E+00   0.87819E+21
   0.26496E+03   0.22499E+02   0.26694E+00   0.87798E+21
   0.26517E+03   0.22547E+02   0.26714E+00   0.87776E+21
   0.26539E+03   0.22596E+02   0.26734E+00   0.87755E+21
   0.26560E+03   0.22644E+02   0.26754E+00   0.87734E+21
   0.26582E+03   0.22692E+02   0.26774E+00   0.87712E+21
   0.26603E+03   0.22741E+02   0.26794E+00   0.87691E+21
   0.26625E+03   0.22790E+02   0.26814E+00   0.87670E+21
   0.26646E+03   0.22838E+02   0.26834E+00   0.87649E+21
   0.26668E+03   0.22887E+02   0.26854E+00   0.87628E+21
   0.26690E+03   0.22936E+02   0.26874E+00   0.87607E+21
   0.26711E+03   0.22984E+02   0.26894E+00   0.87586E+21
   0.26733E+03   0.23033E+02   0.26914E+00   0.87565E+21
   0.26754E+03   0.23082E+02   0.26934E+00   0.87545E+21
   0.26776E+03   0.23131E+02   0.26954E+00   0.87524E+21
   0.26797E+03   0.23180E+02   0.26974E+00   0.87503E+21
   0.26819E+03   0.23230E+02   0.26994E+00   0.87483E+21
   0.26841E+03   0.23279E+02   0.27014E+00   0.87462E+21
   0.26862E+03   0.23328E+02   0.27034E+00   0.87442E+21
   0.26884E+03   0.23377E+02   0.27054E+00   0.87422E+21
   0.26905E+03   0.23427E+02   0.27074E+00   0.87401E+21
   0.26927E+03   0.23476E+02   0.27094E+00   0.87381E+21
   0.26949E+03   0.23526E+02   0.27114E+00   0.87361E+21
   0.26970E+03   0.23576E+02   0.27134E+00   0.87341E+21
   0.26992E+03   0.23625E+02   0.27154E+00   0.87321E+21
   0.27014E+03   0.23675E+02   0.27174E+00   0.87301E+21
   0.27035E+03   0.23725E+02   0.27194E+00   0.87281E+21
   0.27057E+03   0.23775E+02   0.27214E+00   0.87261E+21
   0.27078E+03   0.23825E+02   0.27234E+00   0.87241E+21
   0.27100E+03   0.23875E+02   0.27254E+00   0.87222E+21
   0.27122E+03   0.23925E+02   0.27274E+00   0.87202E+21
   0.27143E+03   0.23975E+02   0.27294E+00   0.87183E+21
   0.27165E+03   0.24025E+02   0.27314E+00   0.87163E+21
   0.27187E+03   0.24075E+02   0.27334E+00   0.87144E+21
   0.27208E+03   0.24126E+02   0.27354E+00   0.87124E+21
   0.27230E+03   0.24176E+02   0.27374E+00   0.87105E+21
   0.27252E+03   0.24227E+02   0.27394E+00   0.87086E+21
   0.27273E+03   0.24277E+02   0.27414E+00   0.87067E+21
   0.27295E+03   0.24328E+02   0.27434E+00   0.87048E+21
   0.27317E+03   0.24379E+02   0.27454E+00   0.87029E+21
   0.27338E+03   0.24429E+02   0.27474E+00   0.87010E+21
   0.27360E+03   0.24480E+02   0.27494E+00   0.86991E+21
   0.27382E+03   0.24531E+02   0.27514E+00   0.86972E+21
   0.27403E+03   0.24582E+02   0.27534E+00   0.86953E+21
   0.27425E+03   0.24633E+02   0.27554E+00   0.86934E+21
   0.27447E+03   0.24684E+02   0.27574E+00   0.86916E+21
   0.27468E+03   0.24735E+02   0.27594E+00   0.86897E+21
   0.27490E+03   0.24787E+02   0.27614E+00   0.86879E+21
   0.27512E+03   0.24838E+02   0.27634E+00   0.86860E+21
   0.27534E+03   0.24889E+02   0.27654E+00   0.86842E+21
   0.27555E+03   0.24941E+02   0.27674E+00   0.86823E+21
   0.27577E+03   0.24992E+02   0.27694E+00   0.86805E+21
   0.27599E+03   0.25044E+02   0.27714E+00   0.86787E+21
   0.27620E+03   0.25096E+02   0.27734E+00   0.86769E+21
   0.27642E+03   0.25147E+02   0.27754E+00   0.86751E+21
   0.27664E+03   0.25199E+02   0.27774E+00   0.86733E+21
   0.27686E+03   0.25251E+02   0.27794E+00   0.86715E+21
   0.27707E+03   0.25303E+02   0.27814E+00   0.86697E+21
   0.27729E+03   0.25355E+02   0.27834E+00   0.86679E+21
   0.27751E+03   0.25407E+02   0.27854E+00   0.86662E+21
   0.27773E+03   0.25459E+02   0.27874E+00   0.86644E+21
   0.27794E+03   0.25511E+02   0.27894E+00   0.86626E+21
   0.27816E+03   0.25563E+02   0.27914E+00   0.86609E+21
   0.27838E+03   0.25616E+02   0.27934E+00   0.86591E+21
   0.27860E+03   0.25668E+02   0.27954E+00   0.86574E+21
   0.27881E+03   0.25720E+02   0.27974E+00   0.86556E+21
   0.27903E+03   0.25773E+02   0.27994E+00   0.86539E+21
   0.27925E+03   0.25825E+02   0.28014E+00   0.86522E+21
   0.27947E+03   0.25878E+02   0.28034E+00   0.86505E+21
   0.27969E+03   0.25931E+02   0.28054E+00   0.86488E+21
   0.27990E+03   0.25984E+02   0.28074E+00   0.86471E+21
   0.28012E+03   0.26036E+02   0.28094E+00   0.86454E+21
   0.28034E+03   0.26089E+02   0.28114E+00   0.86437E+21
   0.28056E+03   0.26142E+02   0.28134E+00   0.86420E+21
   0.28078E+03   0.26195E+02   0.28154E+00   0.86403E+21
   0.28099E+03   0.26248E+02   0.28174E+00   0.86386E+21
   0.28121E+03   0.26302E+02   0.28194E+00   0.86370E+21
   0.28143E+03   0.26355E+02   0.28214E+00   0.86353E+21
   0.28165E+03   0.26408E+02   0.28234E+00   0.86336E+21
   0.28187E+03   0.26462E+02   0.28254E+00   0.86320E+21
   0.28208E+03   0.26515E+02   0.28274E+00   0.86304E+21
   0.28230E+03   0.26568E+02   0.28294E+00   0.86287E+21
   0.28252E+03   0.26622E+02   0.28314E+00   0.86271E+21
   0.28274E+03   0.26676E+02   0.28334E+00   0.86255E+21
   0.28296E+03   0.26729E+02   0.28354E+00   0.86239E+21
   0.28318E+03   0.26783E+02   0.28374E+00   0.86222E+21
   0.28340E+03   0.26837E+02   0.28394E+00   0.86206E+21
   0.28361E+03   0.26891E+02   0.28414E+00   0.86190E+21
   0.28383E+03   0.26945E+02   0.28434E+00   0.86175E+21
   0.28405E+03   0.26999E+02   0.28454E+00   0.86159E+21
   0.28427E+03   0.27053E+02   0.28474E+00   0.86143E+21
   0.28449E+03   0.27107E+02   0.28494E+00   0.86127E+21
   0.28471E+03   0.27161E+02   0.28514E+00   0.86112E+21
   0.28493E+03   0.27216E+02   0.28534E+00   0.86096E+21
   0.28514E+03   0.27270E+02   0.28554E+00   0.86080E+21
   0.28536E+03   0.27324E+02   0.28574E+00   0.86065E+21
   0.28558E+03   0.27379E+02   0.28594E+00   0.86049E+21
   0.28580E+03   0.27433E+02   0.28614E+00   0.86034E+21
   0.28602E+03   0.27488E+02   0.28634E+00   0.86019E+21
   0.28624E+03   0.27543E+02   0.28654E+00   0.86004E+21
   0.28646E+03   0.27598E+02   0.28674E+00   0.85988E+21
   0.28668E+03   0.27652E+02   0.28694E+00   0.85973E+21
   0.28690E+03   0.27707E+02   0.28714E+00   0.85958E+21
   0.28712E+03   0.27762E+02   0.28734E+00   0.85943E+21
   0.28733E+03   0.27817E+02   0.28754E+00   0.85928E+21
   0.28755E+03   0.27872E+02   0.28774E+00   0.85914E+21
   0.28777E+03   0.27928E+02   0.28794E+00   0.85899E+21
   0.28799E+03   0.27983E+02   0.28814E+00   0.85884E+21
   0.28821E+03   0.28038E+02   0.28834E+00   0.85869E+21
   0.28843E+03   0.28093E+02   0.28854E+00   0.85855E+21
   0.28865E+03   0.28149E+02   0.28874E+00   0.85840E+21
   0.28887E+03   0.28204E+02   0.28894E+00   0.85826E+21
   0.28909E+03   0.28260E+02   0.28914E+00   0.85811E+21
   0.28931E+03   0.28315E+02   0.28934E+00   0.85797E+21
   0.28953E+03   0.28371E+02   0.28954E+00   0.85782E+21
   0.28975E+03   0.28427E+02   0.28974E+00   0.85768E+21
   0.28997E+03   0.28483E+02   0.28994E+00   0.85754E+21
   0.29019E+03   0.28539E+02   0.29014E+00   0.85740E+21
   0.29041E+03   0.28595E+02   0.29034E+00   0.85726E+21
   0.29063E+03   0.28651E+02   0.29054E+00   0.85712E+21
   0.29085E+03   0.28707E+02   0.29074E+00   0.85698E+21
   0.29107E+03   0.28763E+02   0.29094E+00   0.85684E+21
   0.29129E+03   0.28819E+02   0.29114E+00   0.85670E+21
   0.29151E+03   0.28875E+02   0.29134E+00   0.85656E+21
   0.29173E+03   0.28932E+02   0.29154E+00   0.85643E+21
   0.29195E+03   0.28988E+02   0.29174E+00   0.85629E+21
   0.29217E+03   0.29044E+02   0.29194E+00   0.85615E+21
   0.29239E+03   0.29101E+02   0.29214E+00   0.85602E+21
   0.29261E+03   0.29158E+02   0.29234E+00   0.85588E+21
   0.29283E+03   0.29214E+02   0.29254E+00   0.85575E+21
   0.29305E+03   0.29271E+02   0.29274E+00   0.85562E+21
   0.29327E+03   0.29328E+02   0.29294E+00   0.85548E+21
   0.29349E+03   0.29385E+02   0.29314E+00   0.85535E+21
   0.29371E+03   0.29442E+02   0.29334E+00   0.85522E+21
   0.29393E+03   0.29499E+02   0.29354E+00   0.85509E+21
   0.29415E+03   0.29556E+02   0.29374E+00   0.85496E+21
   0.29437E+03   0.29613E+02   0.29394E+00   0.85483E+21
   0.29459E+03   0.29670E+02   0.29414E+00   0.85470E+21
   0.29481E+03   0.29727E+02   0.29434E+00   0.85457E+21
   0.29503E+03   0.29784E+02   0.29454E+00   0.85444E+21
   0.29525E+03   0.29842E+02   0.29474E+00   0.85431E+21
   0.29547E+03   0.29899E+02   0.29494E+00   0.85419E+21
   0.29569E+03   0.29957E+02   0.29514E+00   0.85406E+21
   0.29591E+03   0.30014E+02   0.29534E+00   0.85393E+21
   0.29613E+03   0.30072E+02   0.29554E+00   0.85381E+21
   0.29635E+03   0.30130E+02   0.29574E+00   0.85368E+21
   0.29658E+03   0.30187E+02   0.29594E+00   0.85356E+21
   0.29680E+03   0.30245E+02   0.29614E+00   0.85344E+21
   0.29702E+03   0.30303E+02   0.29634E+00   0.85331E+21
   0.29724E+03   0.30361E+02   0.29654E+00   0.85319E+21
   0.29746E+03   0.30419E+02   0.29674E+00   0.85307E+21
   0.29768E+03   0.30477E+02   0.29694E+00   0.85295E+21
   0.29790E+03   0.30535E+02   0.29714E+00   0.85283E+21
   0.29812E+03   0.30594E+02   0.29734E+00   0.85271E+21
   0.29834E+03   0.30652E+02   0.29754E+00   0.85259E+21
   0.29856E+03   0.30710E+02   0.29774E+00   0.85247E+21
   0.29879E+03   0.30769E+02   0.29794E+00   0.85235E+21
   0.29901E+03   0.30827E+02   0.29814E+00   0.85223E+21
   0.29923E+03   0.30886E+02   0.29834E+00   0.85212E+21
   0.29945E+03   0.30944E+02   0.29854E+00   0.85200E+21
   0.29967E+03   0.31003E+02   0.29874E+00   0.85188E+21
   0.29989E+03   0.31062E+02   0.29894E+00   0.85177E+21
   0.30011E+03   0.31121E+02   0.29914E+00   0.85165E+21
   0.30034E+03   0.31179E+02   0.29934E+00   0.85154E+21
   0.30056E+03   0.31238E+02   0.29954E+00   0.85143E+21
   0.30078E+03   0.31297E+02   0.29974E+00   0.85131E+21
   0.30100E+03   0.31356E+02   0.29994E+00   0.85120E+21
   0.30122E+03   0.31416E+02   0.30014E+00   0.85109E+21
   0.30144E+03   0.31475E+02   0.30034E+00   0.85098E+21
   0.30166E+03   0.31534E+02   0.30054E+00   0.85087E+21
   0.30189E+03   0.31593E+02   0.30074E+00   0.85076E+21
   0.30211E+03   0.31653E+02   0.30094E+00   0.85065E+21
   0.30233E+03   0.31712E+02   0.30114E+00   0.85054E+21
   0.30255E+03   0.31772E+02   0.30134E+00   0.85043E+21
   0.30277E+03   0.31831E+02   0.30154E+00   0.85032E+21
   0.30300E+03   0.31891E+02   0.30174E+00   0.85021E+21
   0.30322E+03   0.31951E+02   0.30194E+00   0.85011E+21
   0.30344E+03   0.32010E+02   0.30214E+00   0.85000E+21
   0.30366E+03   0.32070E+02   0.30234E+00   0.84990E+21
   0.30388E+03   0.32130E+02   0.30254E+00   0.84979E+21
   0.30411E+03   0.32190E+02   0.30274E+00   0.84969E+21
   0.30433E+03   0.32250E+02   0.30294E+00   0.84958E+21
   0.30455E+03   0.32310E+02   0.30314E+00   0.84948E+21
   0.30477E+03   0.32370E+02   0.30334E+00   0.84938E+21
   0.30500E+03   0.32431E+02   0.30354E+00   0.84927E+21
   0.30522E+03   0.32491E+02   0.30374E+00   0.84917E+21
   0.30544E+03   0.32551E+02   0.30394E+00   0.84907E+21
   0.30566E+03   0.32612E+02   0.30414E+00   0.84897E+21
   0.30589E+03   0.32672E+02   0.30434E+00   0.84887E+21
   0.30611E+03   0.32733E+02   0.30454E+00   0.84877E+21
   0.30633E+03   0.32793E+02   0.30474E+00   0.84867E+21
   0.30655E+03   0.32854E+02   0.30494E+00   0.84857E+21
   0.30678E+03   0.32915E+02   0.30514E+00   0.84848E+21
   0.30700E+03   0.32975E+02   0.30534E+00   0.84838E+21
   0.30722E+03   0.33036E+02   0.30554E+00   0.84828E+21
   0.30744E+03   0.33097E+02   0.30574E+00   0.84819E+21
   0.30767E+03   0.33158E+02   0.30594E+00   0.84809E+21
   0.30789E+03   0.33219E+02   0.30614E+00   0.84799E+21
   0.30811E+03   0.33280E+02   0.30634E+00   0.84790E+21
   0.30833E+03   0.33341E+02   0.30654E+00   0.84781E+21
   0.30856E+03   0.33403E+02   0.30674E+00   0.84771E+21
   0.30878E+03   0.33464E+02   0.30694E+00   0.84762E+21
   0.30900E+03   0.33525E+02   0.30714E+00   0.84753E+21
   0.30923E+03   0.33587E+02   0.30734E+00   0.84744E+21
   0.30945E+03   0.33648E+02   0.30754E+00   0.84734E+21
   0.30967E+03   0.33710E+02   0.30774E+00   0.84725E+21
   0.30990E+03   0.33771E+02   0.30794E+00   0.84716E+21
   0.31012E+03   0.33833E+02   0.30814E+00   0.84707E+21
   0.31034E+03   0.33895E+02   0.30834E+00   0.84698E+21
   0.31057E+03   0.33957E+02   0.30854E+00   0.84690E+21
   0.31079E+03   0.34018E+02   0.30874E+00   0.84681E+21
   0.31101E+03   0.34080E+02   0.30894E+00   0.84672E+21
   0.31124E+03   0.34142E+02   0.30914E+00   0.84663E+21
   0.31146E+03   0.34204E+02   0.30934E+00   0.84655E+21
   0.31168E+03   0.34267E+02   0.30954E+00   0.84646E+21
   0.31191E+03   0.34329E+02   0.30974E+00   0.84638E+21
   0.31213E+03   0.34391E+02   0.30994E+00   0.84629E+21
   0.31235E+03   0.34453E+02   0.31014E+00   0.84621E+21
   0.31258E+03   0.34516E+02   0.31034E+00   0.84612E+21
   0.31280E+03   0.34578E+02   0.31054E+00   0.84604E+21
   0.31303E+03   0.34641E+02   0.31074E+00   0.84596E+21
   0.31325E+03   0.34703E+02   0.31094E+00   0.84588E+21
   0.31347E+03   0.34766E+02   0.31114E+00   0.84579E+21
   0.31370E+03   0.34828E+02   0.31134E+00   0.84571E+21
   0.31392E+03   0.34891E+02   0.31154E+00   0.84563E+21
   0.31414E+03   0.34954E+02   0.31174E+00   0.84555E+21
   0.31437E+03   0.35017E+02   0.31194E+00   0.84547E+21
   0.31459E+03   0.35080E+02   0.31214E+00   0.84539E+21
   0.31482E+03   0.35143E+02   0.31234E+00   0.84532E+21
   0.31504E+03   0.35206E+02   0.31254E+00   0.84524E+21
   0.31526E+03   0.35269E+02   0.31274E+00   0.84516E+21
   0.31549E+03   0.35332E+02   0.31294E+00   0.84508E+21
   0.31571E+03   0.35395E+02   0.31314E+00   0.84501E+21
   0.31594E+03   0.35459E+02   0.31334E+00   0.84493E+21
   0.31616E+03   0.35522E+02   0.31354E+00   0.84486E+21
   0.31639E+03   0.35585E+02   0.31374E+00   0.84478E+21
   0.31661E+03   0.35649E+02   0.31394E+00   0.84471E+21
   0.31683E+03   0.35712E+02   0.31414E+00   0.84463E+21
   0.31706E+03   0.35776E+02   0.31434E+00   0.84456E+21
   0.31728E+03   0.35840E+02   0.31454E+00   0.84449E+21
   0.31751E+03   0.35903E+02   0.31474E+00   0.84442E+21
   0.31773E+03   0.35967E+02   0.31494E+00   0.84435E+21
   0.31796E+03   0.36031E+02   0.31514E+00   0.84427E+21
   0.31818E+03   0.36095E+02   0.31534E+00   0.84420E+21
   0.31841E+03   0.36159E+02   0.31554E+00   0.84413E+21
   0.31863E+03   0.36223E+02   0.31574E+00   0.84406E+21
   0.31886E+03   0.36287E+02   0.31594E+00   0.84400E+21
   0.31908E+03   0.36351E+02   0.31614E+00   0.84393E+21
   0.31931E+03   0.36415E+02   0.31634E+00   0.84386E+21
   0.31953E+03   0.36480E+02   0.31654E+00   0.84379E+21
   0.31976E+03   0.36544E+02   0.31674E+00   0.84373E+21
   0.31998E+03   0.36608E+02   0.31694E+00   0.84366E+21
   0.32021E+03   0.36673E+02   0.31714E+00   0.84359E+21
   0.32043E+03   0.36737E+02   0.31734E+00   0.84353E+21
   0.32066E+03   0.36802E+02   0.31754E+00   0.84346E+21
   0.32088E+03   0.36867E+02   0.31774E+00   0.84340E+21
   0.32111E+03   0.36931E+02   0.31794E+00   0.84333E+21
   0.32133E+03   0.36996E+02   0.31814E+00   0.84327E+21
   0.32156E+03   0.37061E+02   0.31834E+00   0.84321E+21
   0.32178E+03   0.37126E+02   0.31854E+00   0.84315E+21
   0.32201E+03   0.37191E+02   0.31874E+00   0.84308E+21
   0.32223E+03   0.37256E+02   0.31894E+00   0.84302E+21
   0.32246E+03   0.37321E+02   0.31914E+00   0.84296E+21
   0.32268E+03   0.37386E+02   0.31934E+00   0.84290E+21
   0.32291E+03   0.37451E+02   0.31954E+00   0.84284E+21
   0.32314E+03   0.37517E+02   0.31974E+00   0.84278E+21
   0.32336E+03   0.37582E+02   0.31994E+00   0.84272E+21
   0.32359E+03   0.37647E+02   0.32014E+00   0.84267E+21
   0.32381E+03   0.37713E+02   0.32034E+00   0.84261E+21
   0.32404E+03   0.37778E+02   0.32054E+00   0.84255E+21
   0.32426E+03   0.37844E+02   0.32074E+00   0.84249E+21
   0.32449E+03   0.37910E+02   0.32094E+00   0.84244E+21
   0.32472E+03   0.37975E+02   0.32114E+00   0.84238E+21
   0.32494E+03   0.38041E+02   0.32134E+00   0.84233E+21
   0.32517E+03   0.38107E+02   0.32154E+00   0.84227E+21
   0.32539E+03   0.38173E+02   0.32174E+00   0.84222E+21
   0.32562E+03   0.38239E+02   0.32194E+00   0.84216E+21
   0.32585E+03   0.38305E+02   0.32214E+00   0.84211E+21
   0.32607E+03   0.38371E+02   0.32234E+00   0.84206E+21
   0.32630E+03   0.38437E+02   0.32254E+00   0.84201E+21
   0.32652E+03   0.38503E+02   0.32274E+00   0.84195E+21
   0.32675E+03   0.38569E+02   0.32294E+00   0.84190E+21
   0.32698E+03   0.38635E+02   0.32314E+00   0.84185E+21
   0.32720E+03   0.38702E+02   0.32334E+00   0.84180E+21
   0.32743E+03   0.38768E+02   0.32354E+00   0.84175E+21
   0.32766E+03   0.38835E+02   0.32374E+00   0.84170E+21
   0.32788E+03   0.38901E+02   0.32394E+00   0.84165E+21
   0.32811E+03   0.38968E+02   0.32414E+00   0.84161E+21
   0.32833E+03   0.39034E+02   0.32434E+00   0.84156E+21
   0.32856E+03   0.39101E+02   0.32454E+00   0.84151E+21
   0.32879E+03   0.39168E+02   0.32474E+00   0.84146E+21
   0.32901E+03   0.39235E+02   0.32494E+00   0.84142E+21
   0.32924E+03   0.39302E+02   0.32514E+00   0.84137E+21
   0.32947E+03   0.39369E+02   0.32534E+00   0.84133E+21
   0.32969E+03   0.39436E+02   0.32554E+00   0.84128E+21
   0.32992E+03   0.39503E+02   0.32574E+00   0.84124E+21
   0.33015E+03   0.39570E+02   0.32594E+00   0.84119E+21
   0.33038E+03   0.39637E+02   0.32614E+00   0.84115E+21
   0.33060E+03   0.39704E+02   0.32634E+00   0.84111E+21
   0.33083E+03   0.39772E+02   0.32654E+00   0.84106E+21
   0.33106E+03   0.39839E+02   0.32674E+00   0.84102E+21
   0.33128E+03   0.39906E+02   0.32694E+00   0.84098E+21
   0.33151E+03   0.39974E+02   0.32714E+00   0.84094E+21
   0.33174E+03   0.40041E+02   0.32734E+00   0.84090E+21
   0.33196E+03   0.40109E+02   0.32754E+00   0.84086E+21
   0.33219E+03   0.40177E+02   0.32774E+00   0.84082E+21
   0.33242E+03   0.40244E+02   0.32794E+00   0.84078E+21
   0.33265E+03   0.40312E+02   0.32814E+00   0.84074E+21
   0.33287E+03   0.40380E+02   0.32834E+00   0.84070E+21
   0.33310E+03   0.40448E+02   0.32854E+00   0.84066E+21
   0.33333E+03   0.40516E+02   0.32874E+00   0.84063E+21
   0.33356E+03   0.40584E+02   0.32894E+00   0.84059E+21
   0.33378E+03   0.40652E+02   0.32914E+00   0.84055E+21
   0.33401E+03   0.40720E+02   0.32934E+00   0.84052E+21
   0.33424E+03   0.40788E+02   0.32954E+00   0.84048E+21
   0.33447E+03   0.40857E+02   0.32974E+00   0.84045E+21
   0.33469E+03   0.40925E+02   0.32994E+00   0.84041E+21
   0.33492E+03   0.40993E+02   0.33014E+00   0.84038E+21
   0.33515E+03   0.41062E+02   0.33034E+00   0.84035E+21
   0.33538E+03   0.41130E+02   0.33054E+00   0.84031E+21
   0.33561E+03   0.41199E+02   0.33074E+00   0.84028E+21
   0.33583E+03   0.41267E+02   0.33094E+00   0.84025E+21
   0.33606E+03   0.41336E+02   0.33114E+00   0.84022E+21
   0.33629E+03   0.41405E+02   0.33134E+00   0.84019E+21
   0.33652E+03   0.41474E+02   0.33154E+00   0.84015E+21
   0.33674E+03   0.41542E+02   0.33174E+00   0.84012E+21
   0.33697E+03   0.41611E+02   0.33194E+00   0.84009E+21
   0.33720E+03   0.41680E+02   0.33214E+00   0.84007E+21
   0.33743E+03   0.41749E+02   0.33234E+00   0.84004E+21
   0.33766E+03   0.41818E+02   0.33254E+00   0.84001E+21
   0.33789E+03   0.41888E+02   0.33274E+00   0.83998E+21
   0.33811E+03   0.41957E+02   0.33294E+00   0.83995E+21
   0.33834E+03   0.42026E+02   0.33314E+00   0.83993E+21
   0.33857E+03   0.42095E+02   0.33334E+00   0.83990E+21
   0.33880E+03   0.42165E+02   0.33354E+00   0.83987E+21
   0.33903E+03   0.42234E+02   0.33374E+00   0.83985E+21
   0.33926E+03   0.42304E+02   0.33394E+00   0.83982E+21
   0.33948E+03   0.42373E+02   0.33414E+00   0.83980E+21
   0.33971E+03   0.42443E+02   0.33434E+00   0.83977E+21
   0.33994E+03   0.42512E+02   0.33454E+00   0.83975E+21
   0.34017E+03   0.42582E+02   0.33474E+00   0.83972E+21
   0.34040E+03   0.42652E+02   0.33494E+00   0.83970E+21
   0.34063E+03   0.42722E+02   0.33514E+00   0.83968E+21
   0.34086E+03   0.42792E+02   0.33534E+00   0.83966E+21
   0.34109E+03   0.42862E+02   0.33554E+00   0.83964E+21
   0.34131E+03   0.42932E+02   0.33574E+00   0.83961E+21
   0.34154E+03   0.43002E+02   0.33594E+00   0.83959E+21
   0.34177E+03   0.43072E+02   0.33614E+00   0.83957E+21
   0.34200E+03   0.43142E+02   0.33634E+00   0.83955E+21
   0.34223E+03   0.43212E+02   0.33654E+00   0.83953E+21
   0.34246E+03   0.43282E+02   0.33674E+00   0.83951E+21
   0.34269E+03   0.43353E+02   0.33694E+00   0.83950E+21
   0.34292E+03   0.43423E+02   0.33714E+00   0.83948E+21
   0.34315E+03   0.43494E+02   0.33734E+00   0.83946E+21
   0.34338E+03   0.43564E+02   0.33754E+00   0.83944E+21
   0.34361E+03   0.43635E+02   0.33774E+00   0.83943E+21
   0.34383E+03   0.43705E+02   0.33794E+00   0.83941E+21
   0.34406E+03   0.43776E+02   0.33814E+00   0.83939E+21
   0.34429E+03   0.43847E+02   0.33834E+00   0.83938E+21
   0.34452E+03   0.43918E+02   0.33854E+00   0.83936E+21
   0.34475E+03   0.43989E+02   0.33874E+00   0.83935E+21
   0.34498E+03   0.44059E+02   0.33894E+00   0.83934E+21
   0.34521E+03   0.44130E+02   0.33914E+00   0.83932E+21
   0.34544E+03   0.44201E+02   0.33934E+00   0.83931E+21
   0.34567E+03   0.44273E+02   0.33954E+00   0.83930E+21
   0.34590E+03   0.44344E+02   0.33974E+00   0.83928E+21
   0.34613E+03   0.44415E+02   0.33994E+00   0.83927E+21
   0.34636E+03   0.44486E+02   0.34014E+00   0.83926E+21
   0.34659E+03   0.44557E+02   0.34034E+00   0.83925E+21
   0.34682E+03   0.44629E+02   0.34054E+00   0.83924E+21
   0.34705E+03   0.44700E+02   0.34074E+00   0.83923E+21
   0.34728E+03   0.44772E+02   0.34094E+00   0.83922E+21
   0.34751E+03   0.44843E+02   0.34114E+00   0.83921E+21
   0.34774E+03   0.44915E+02   0.34134E+00   0.83920E+21
   0.34797E+03   0.44987E+02   0.34154E+00   0.83919E+21
   0.34820E+03   0.45058E+02   0.34174E+00   0.83918E+21
   0.34843E+03   0.45130E+02   0.34194E+00   0.83918E+21
   0.34866E+03   0.45202E+02   0.34214E+00   0.83917E+21
   0.34889E+03   0.45274E+02   0.34234E+00   0.83916E+21
   0.34912E+03   0.45346E+02   0.34254E+00   0.83916E+21
   0.34935E+03   0.45418E+02   0.34274E+00   0.83915E+21
   0.34958E+03   0.45490E+02   0.34294E+00   0.83914E+21
   0.34981E+03   0.45562E+02   0.34314E+00   0.83914E+21
   0.35004E+03   0.45634E+02   0.34334E+00   0.83913E+21
   0.35027E+03   0.45706E+02   0.34354E+00   0.83913E+21
   0.35050E+03   0.45778E+02   0.34374E+00   0.83913E+21
   0.35073E+03   0.45851E+02   0.34394E+00   0.83912E+21
   0.35096E+03   0.45923E+02   0.34414E+00   0.83912E+21
   0.35120E+03   0.45996E+02   0.34434E+00   0.83912E+21
   0.35143E+03   0.46068E+02   0.34454E+00   0.83912E+21
   0.35166E+03   0.46141E+02   0.34474E+00   0.83911E+21
   0.35189E+03   0.46213E+02   0.34494E+00   0.83911E+21
   0.35212E+03   0.46286E+02   0.34514E+00   0.83911E+21
   0.35235E+03   0.46359E+02   0.34534E+00   0.83911E+21
   0.35258E+03   0.46431E+02   0.34554E+00   0.83911E+21
   0.35281E+03   0.46504E+02   0.34574E+00   0.83911E+21
   0.35304E+03   0.46577E+02   0.34594E+00   0.83911E+21
   0.35327E+03   0.46650E+02   0.34614E+00   0.83911E+21
   0.35350E+03   0.46723E+02   0.34634E+00   0.83911E+21
   0.35374E+03   0.46796E+02   0.34654E+00   0.83912E+21
   0.35397E+03   0.46869E+02   0.34674E+00   0.83912E+21
   0.35420E+03   0.46942E+02   0.34694E+00   0.83912E+21
   0.35443E+03   0.47016E+02   0.34714E+00   0.83913E+21
   0.35466E+03   0.47089E+02   0.34734E+00   0.83913E+21
   0.35489E+03   0.47162E+02   0.34754E+00   0.83913E+21
   0.35512E+03   0.47236E+02   0.34774E+00   0.83914E+21
   0.35535E+03   0.47309E+02   0.34794E+00   0.83914E+21
   0.35559E+03   0.47383E+02   0.34814E+00   0.83915E+21
   0.35582E+03   0.47456E+02   0.34834E+00   0.83915E+21
   0.35605E+03   0.47530E+02   0.34854E+00   0.83916E+21
   0.35628E+03   0.47603E+02   0.34874E+00   0.83917E+21
   0.35651E+03   0.47677E+02   0.34894E+00   0.83917E+21
   0.35674E+03   0.47751E+02   0.34914E+00   0.83918E+21
   0.35698E+03   0.47825E+02   0.34934E+00   0.83919E+21
   0.35721E+03   0.47898E+02   0.34954E+00   0.83920E+21
   0.35744E+03   0.47972E+02   0.34974E+00   0.83921E+21
   0.35767E+03   0.48046E+02   0.34994E+00   0.83921E+21
   0.35790E+03   0.48120E+02   0.35014E+00   0.83922E+21
   0.35814E+03   0.48195E+02   0.35034E+00   0.83923E+21
   0.35837E+03   0.48269E+02   0.35054E+00   0.83924E+21
   0.35860E+03   0.48343E+02   0.35074E+00   0.83925E+21
   0.35883E+03   0.48417E+02   0.35094E+00   0.83926E+21
   0.35906E+03   0.48491E+02   0.35114E+00   0.83928E+21
   0.35930E+03   0.48566E+02   0.35134E+00   0.83929E+21
   0.35953E+03   0.48640E+02   0.35154E+00   0.83930E+21
   0.35976E+03   0.48715E+02   0.35174E+00   0.83931E+21
   0.35999E+03   0.48789E+02   0.35194E+00   0.83933E+21
   0.36022E+03   0.48864E+02   0.35214E+00   0.83934E+21
   0.36046E+03   0.48938E+02   0.35234E+00   0.83935E+21
   0.36069E+03   0.49013E+02   0.35254E+00   0.83937E+21
   0.36092E+03   0.49088E+02   0.35274E+00   0.83938E+21
   0.36115E+03   0.49163E+02   0.35294E+00   0.83940E+21
   0.36139E+03   0.49238E+02   0.35314E+00   0.83941E+21
   0.36162E+03   0.49312E+02   0.35334E+00   0.83943E+21
   0.36185E+03   0.49387E+02   0.35354E+00   0.83944E+21
   0.36208E+03   0.49462E+02   0.35374E+00   0.83946E+21
   0.36232E+03   0.49537E+02   0.35394E+00   0.83948E+21
   0.36255E+03   0.49613E+02   0.35414E+00   0.83949E+21
   0.36278E+03   0.49688E+02   0.35434E+00   0.83951E+21
   0.36302E+03   0.49763E+02   0.35454E+00   0.83953E+21
   0.36325E+03   0.49838E+02   0.35474E+00   0.83955E+21
   0.36348E+03   0.49914E+02   0.35494E+00   0.83957E+21
   0.36371E+03   0.49989E+02   0.35514E+00   0.83959E+21
   0.36395E+03   0.50064E+02   0.35534E+00   0.83961E+21
   0.36418E+03   0.50140E+02   0.35554E+00   0.83963E+21
   0.36441E+03   0.50215E+02   0.35574E+00   0.83965E+21
   0.36465E+03   0.50291E+02   0.35594E+00   0.83967E+21
   0.36488E+03   0.50367E+02   0.35614E+00   0.83969E+21
   0.36511E+03   0.50442E+02   0.35634E+00   0.83971E+21
   0.36535E+03   0.50518E+02   0.35654E+00   0.83973E+21
   0.36558E+03   0.50594E+02   0.35674E+00   0.83975E+21
   0.36581E+03   0.50670E+02   0.35694E+00   0.83978E+21
   0.36605E+03   0.50746E+02   0.35714E+00   0.83980E+21
   0.36628E+03   0.50822E+02   0.35734E+00   0.83982E+21
   0.36651E+03   0.50898E+02   0.35754E+00   0.83985E+21
   0.36675E+03   0.50974E+02   0.35774E+00   0.83987E+21
   0.36698E+03   0.51050E+02   0.35794E+00   0.83990E+21
   0.36721E+03   0.51126E+02   0.35814E+00   0.83992E+21
   0.36745E+03   0.51202E+02   0.35834E+00   0.83995E+21
   0.36768E+03   0.51279E+02   0.35854E+00   0.83997E+21
   0.36792E+03   0.51355E+02   0.35874E+00   0.84000E+21
   0.36815E+03   0.51431E+02   0.35894E+00   0.84002E+21
   0.36838E+03   0.51508E+02   0.35914E+00   0.84005E+21
   0.36862E+03   0.51584E+02   0.35934E+00   0.84008E+21
   0.36885E+03   0.51661E+02   0.35954E+00   0.84010E+21
   0.36908E+03   0.51737E+02   0.35974E+00   0.84013E+21
   0.36932E+03   0.51814E+02   0.35994E+00   0.84016E+21
   0.36955E+03   0.51891E+02   0.36014E+00   0.84019E+21
   0.36979E+03   0.51968E+02   0.36034E+00   0.84022E+21
   0.37002E+03   0.52044E+02   0.36054E+00   0.84025E+21
   0.37025E+03   0.52121E+02   0.36074E+00   0.84028E+21
   0.37049E+03   0.52198E+02   0.36094E+00   0.84031E+21
   0.37072E+03   0.52275E+02   0.36114E+00   0.84034E+21
   0.37096E+03   0.52352E+02   0.36134E+00   0.84037E+21
   0.37119E+03   0.52429E+02   0.36154E+00   0.84040E+21
   0.37143E+03   0.52506E+02   0.36174E+00   0.84043E+21
   0.37166E+03   0.52583E+02   0.36194E+00   0.84046E+21
   0.37190E+03   0.52661E+02   0.36214E+00   0.84050E+21
   0.37213E+03   0.52738E+02   0.36234E+00   0.84053E+21
   0.37236E+03   0.52815E+02   0.36254E+00   0.84056E+21
   0.37260E+03   0.52893E+02   0.36274E+00   0.84060E+21
   0.37283E+03   0.52970E+02   0.36294E+00   0.84063E+21
   0.37307E+03   0.53048E+02   0.36314E+00   0.84066E+21
   0.37330E+03   0.53125E+02   0.36334E+00   0.84070E+21
   0.37354E+03   0.53203E+02   0.36354E+00   0.84073E+21
   0.37377E+03   0.53280E+02   0.36374E+00   0.84077E+21
   0.37401E+03   0.53358E+02   0.36394E+00   0.84080E+21
   0.37424E+03   0.53436E+02   0.36414E+00   0.84084E+21
   0.37448E+03   0.53514E+02   0.36434E+00   0.84088E+21
   0.37471E+03   0.53591E+02   0.36454E+00   0.84091E+21
   0.37495E+03   0.53669E+02   0.36474E+00   0.84095E+21
   0.37518E+03   0.53747E+02   0.36494E+00   0.84099E+21
   0.37542E+03   0.53825E+02   0.36514E+00   0.84102E+21
   0.37565E+03   0.53903E+02   0.36534E+00   0.84106E+21
   0.37589E+03   0.53981E+02   0.36554E+00   0.84110E+21
   0.37612E+03   0.54060E+02   0.36574E+00   0.84114E+21
   0.37636E+03   0.54138E+02   0.36594E+00   0.84118E+21
   0.37659E+03   0.54216E+02   0.36614E+00   0.84122E+21
   0.37683E+03   0.54294E+02   0.36634E+00   0.84126E+21
   0.37706E+03   0.54373E+02   0.36654E+00   0.84130E+21
   0.37730E+03   0.54451E+02   0.36674E+00   0.84134E+21
   0.37753E+03   0.54530E+02   0.36694E+00   0.84138E+21
   0.37777E+03   0.54608E+02   0.36714E+00   0.84142E+21
   0.37801E+03   0.54687E+02   0.36734E+00   0.84146E+21
   0.37824E+03   0.54765E+02   0.36754E+00   0.84151E+21
   0.37848E+03   0.54844E+02   0.36774E+00   0.84155E+21
   0.37871E+03   0.54923E+02   0.36794E+00   0.84159E+21
   0.37895E+03   0.55001E+02   0.36814E+00   0.84163E+21
   0.37918E+03   0.55080E+02   0.36834E+00   0.84168E+21
   0.37942E+03   0.55159E+02   0.36854E+00   0.84172E+21
   0.37966E+03   0.55238E+02   0.36874E+00   0.84176E+21
   0.37989E+03   0.55317E+02   0.36894E+00   0.84181E+21
   0.38013E+03   0.55396E+02   0.36914E+00   0.84185E+21
   0.38036E+03   0.55475E+02   0.36934E+00   0.84190E+21
   0.38060E+03   0.55554E+02   0.36954E+00   0.84194E+21
   0.38084E+03   0.55633E+02   0.36974E+00   0.84199E+21
   0.38107E+03   0.55712E+02   0.36994E+00   0.84204E+21
   0.38131E+03   0.55792E+02   0.37014E+00   0.84208E+21
   0.38154E+03   0.55871E+02   0.37034E+00   0.84213E+21
   0.38178E+03   0.55950E+02   0.37054E+00   0.84218E+21
   0.38202E+03   0.56030E+02   0.37074E+00   0.84222E+21
   0.38225E+03   0.56109E+02   0.37094E+00   0.84227E+21
   0.38249E+03   0.56189E+02   0.37114E+00   0.84232E+21
   0.38273E+03   0.56268E+02   0.37134E+00   0.84237E+21
   0.38296E+03   0.56348E+02   0.37154E+00   0.84242E+21
   0.38320E+03   0.56428E+02   0.37174E+00   0.84247E+21
   0.38344E+03   0.56507E+02   0.37194E+00   0.84252E+21
   0.38367E+03   0.56587E+02   0.37214E+00   0.84257E+21
   0.38391E+03   0.56667E+02   0.37234E+00   0.84262E+21
   0.38415E+03   0.56747E+02   0.37254E+00   0.84267E+21
   0.38438E+03   0.56827E+02   0.37274E+00   0.84272E+21
   0.38462E+03   0.56907E+02   0.37294E+00   0.84277E+21
   0.38486E+03   0.56987E+02   0.37314E+00   0.84282E+21
   0.38509E+03   0.57067E+02   0.37334E+00   0.84287E+21
   0.38533E+03   0.57147E+02   0.37354E+00   0.84292E+21
   0.38557E+03   0.57227E+02   0.37374E+00   0.84298E+21
   0.38580E+03   0.57307E+02   0.37394E+00   0.84303E+21
   0.38604E+03   0.57387E+02   0.37414E+00   0.84308E+21
   0.38628E+03   0.57468E+02   0.37434E+00   0.84314E+21
   0.38651E+03   0.57548E+02   0.37454E+00   0.84319E+21
   0.38675E+03   0.57628E+02   0.37474E+00   0.84324E+21
   0.38699E+03   0.57709E+02   0.37494E+00   0.84330E+21
   0.38723E+03   0.57789E+02   0.37514E+00   0.84335E+21
   0.38746E+03   0.57870E+02   0.37534E+00   0.84341E+21
   0.38770E+03   0.57951E+02   0.37554E+00   0.84346E+21
   0.38794E+03   0.58031E+02   0.37574E+00   0.84352E+21
   0.38818E+03   0.58112E+02   0.37594E+00   0.84358E+21
   0.38841E+03   0.58193E+02   0.37614E+00   0.84363E+21
   0.38865E+03   0.58273E+02   0.37634E+00   0.84369E+21
   0.38889E+03   0.58354E+02   0.37654E+00   0.84375E+21
   0.38913E+03   0.58435E+02   0.37674E+00   0.84380E+21
   0.38936E+03   0.58516E+02   0.37694E+00   0.84386E+21
   0.38960E+03   0.58597E+02   0.37714E+00   0.84392E+21
   0.38984E+03   0.58678E+02   0.37734E+00   0.84398E+21
   0.39008E+03   0.58759E+02   0.37754E+00   0.84404E+21
   0.39031E+03   0.58840E+02   0.37774E+00   0.84410E+21
   0.39055E+03   0.58921E+02   0.37794E+00   0.84416E+21
   0.39079E+03   0.59003E+02   0.37814E+00   0.84422E+21
   0.39103E+03   0.59084E+02   0.37834E+00   0.84428E+21
   0.39127E+03   0.59165E+02   0.37854E+00   0.84434E+21
   0.39150E+03   0.59247E+02   0.37874E+00   0.84440E+21
   0.39174E+03   0.59328E+02   0.37894E+00   0.84446E+21
   0.39198E+03   0.59410E+02   0.37914E+00   0.84452E+21
   0.39222E+03   0.59491E+02   0.37934E+00   0.84458E+21
   0.39246E+03   0.59573E+02   0.37954E+00   0.84464E+21
   0.39269E+03   0.59654E+02   0.37974E+00   0.84470E+21
   0.39293E+03   0.59736E+02   0.37994E+00   0.84477E+21
   0.39317E+03   0.59818E+02   0.38014E+00   0.84483E+21
   0.39341E+03   0.59899E+02   0.38034E+00   0.84489E+21
   0.39365E+03   0.59981E+02   0.38054E+00   0.84496E+21
   0.39389E+03   0.60063E+02   0.38074E+00   0.84502E+21
   0.39412E+03   0.60145E+02   0.38094E+00   0.84508E+21
   0.39436E+03   0.60227E+02   0.38114E+00   0.84515E+21
   0.39460E+03   0.60309E+02   0.38134E+00   0.84521E+21
   0.39484E+03   0.60391E+02   0.38154E+00   0.84528E+21
   0.39508E+03   0.60473E+02   0.38174E+00   0.84534E+21
   0.39532E+03   0.60555E+02   0.38194E+00   0.84541E+21
   0.39556E+03   0.60637E+02   0.38214E+00   0.84548E+21
   0.39579E+03   0.60720E+02   0.38234E+00   0.84554E+21
   0.39603E+03   0.60802E+02   0.38254E+00   0.84561E+21
   0.39627E+03   0.60884E+02   0.38274E+00   0.84568E+21
   0.39651E+03   0.60967E+02   0.38294E+00   0.84574E+21
   0.39675E+03   0.61049E+02   0.38314E+00   0.84581E+21
   0.39699E+03   0.61132E+02   0.38334E+00   0.84588E+21
   0.39723E+03   0.61214E+02   0.38354E+00   0.84595E+21
   0.39747E+03   0.61297E+02   0.38374E+00   0.84602E+21
   0.39771E+03   0.61379E+02   0.38394E+00   0.84608E+21
   0.39795E+03   0.61462E+02   0.38414E+00   0.84615E+21
   0.39818E+03   0.61545E+02   0.38434E+00   0.84622E+21
   0.39842E+03   0.61627E+02   0.38454E+00   0.84629E+21
   0.39866E+03   0.61710E+02   0.38474E+00   0.84636E+21
   0.39890E+03   0.61793E+02   0.38494E+00   0.84643E+21
   0.39914E+03   0.61876E+02   0.38514E+00   0.84650E+21
   0.39938E+03   0.61959E+02   0.38534E+00   0.84657E+21
   0.39962E+03   0.62042E+02   0.38554E+00   0.84665E+21
   0.39986E+03   0.62125E+02   0.38574E+00   0.84672E+21
   0.40010E+03   0.62208E+02   0.38594E+00   0.84679E+21
   0.40034E+03   0.62291E+02   0.38614E+00   0.84686E+21
   0.40058E+03   0.62374E+02   0.38634E+00   0.84693E+21
   0.40082E+03   0.62458E+02   0.38654E+00   0.84701E+21
   0.40106E+03   0.62541E+02   0.38674E+00   0.84708E+21
   0.40130E+03   0.62624E+02   0.38694E+00   0.84715E+21
   0.40154E+03   0.62707E+02   0.38714E+00   0.84723E+21
   0.40178E+03   0.62791E+02   0.38734E+00   0.84730E+21
   0.40202E+03   0.62874E+02   0.38754E+00   0.84737E+21
   0.40226E+03   0.62958E+02   0.38774E+00   0.84745E+21
   0.40250E+03   0.63041E+02   0.38794E+00   0.84752E+21
   0.40274E+03   0.63125E+02   0.38814E+00   0.84760E+21
   0.40298E+03   0.63209E+02   0.38834E+00   0.84767E+21
   0.40322E+03   0.63292E+02   0.38854E+00   0.84775E+21
   0.40346E+03   0.63376E+02   0.38874E+00   0.84783E+21
   0.40370E+03   0.63460E+02   0.38894E+00   0.84790E+21
   0.40394E+03   0.63544E+02   0.38914E+00   0.84798E+21
   0.40418E+03   0.63628E+02   0.38934E+00   0.84806E+21
   0.40442E+03   0.63711E+02   0.38954E+00   0.84813E+21
   0.40466E+03   0.63795E+02   0.38974E+00   0.84821E+21
   0.40490E+03   0.63879E+02   0.38994E+00   0.84829E+21
   0.40514E+03   0.63963E+02   0.39014E+00   0.84837E+21
   0.40538E+03   0.64048E+02   0.39034E+00   0.84844E+21
   0.40562E+03   0.64132E+02   0.39054E+00   0.84852E+21
   0.40586E+03   0.64216E+02   0.39074E+00   0.84860E+21
   0.40610E+03   0.64300E+02   0.39094E+00   0.84868E+21
   0.40634E+03   0.64384E+02   0.39114E+00   0.84876E+21
   0.40658E+03   0.64469E+02   0.39134E+00   0.84884E+21
   0.40683E+03   0.64553E+02   0.39154E+00   0.84892E+21
   0.40707E+03   0.64638E+02   0.39174E+00   0.84900E+21
   0.40731E+03   0.64722E+02   0.39194E+00   0.84908E+21
   0.40755E+03   0.64807E+02   0.39214E+00   0.84916E+21
   0.40779E+03   0.64891E+02   0.39234E+00   0.84924E+21
   0.40803E+03   0.64976E+02   0.39254E+00   0.84933E+21
   0.40827E+03   0.65060E+02   0.39274E+00   0.84941E+21
   0.40851E+03   0.65145E+02   0.39294E+00   0.84949E+21
   0.40875E+03   0.65230E+02   0.39314E+00   0.84957E+21
   0.40899E+03   0.65315E+02   0.39334E+00   0.84965E+21
   0.40924E+03   0.65399E+02   0.39354E+00   0.84974E+21
   0.40948E+03   0.65484E+02   0.39374E+00   0.84982E+21
   0.40972E+03   0.65569E+02   0.39394E+00   0.84990E+21
   0.40996E+03   0.65654E+02   0.39414E+00   0.84999E+21
   0.41020E+03   0.65739E+02   0.39434E+00   0.85007E+21
   0.41044E+03   0.65824E+02   0.39454E+00   0.85016E+21
   0.41068E+03   0.65909E+02   0.39474E+00   0.85024E+21
   0.41092E+03   0.65994E+02   0.39494E+00   0.85033E+21
   0.41117E+03   0.66080E+02   0.39514E+00   0.85041E+21
   0.41141E+03   0.66165E+02   0.39534E+00   0.85050E+21
   0.41165E+03   0.66250E+02   0.39554E+00   0.85058E+21
   0.41189E+03   0.66335E+02   0.39574E+00   0.85067E+21
   0.41213E+03   0.66421E+02   0.39594E+00   0.85075E+21
   0.41237E+03   0.66506E+02   0.39614E+00   0.85084E+21
   0.41262E+03   0.66592E+02   0.39634E+00   0.85093E+21
   0.41286E+03   0.66677E+02   0.39654E+00   0.85101E+21
   0.41310E+03   0.66763E+02   0.39674E+00   0.85110E+21
   0.41334E+03   0.66848E+02   0.39694E+00   0.85119E+21
   0.41358E+03   0.66934E+02   0.39714E+00   0.85128E+21
   0.41383E+03   0.67020E+02   0.39734E+00   0.85137E+21
   0.41407E+03   0.67105E+02   0.39754E+00   0.85145E+21
   0.41431E+03   0.67191E+02   0.39774E+00   0.85154E+21
   0.41455E+03   0.67277E+02   0.39794E+00   0.85163E+21
   0.41479E+03   0.67363E+02   0.39814E+00   0.85172E+21
   0.41504E+03   0.67449E+02   0.39834E+00   0.85181E+21
   0.41528E+03   0.67535E+02   0.39854E+00   0.85190E+21
   0.41552E+03   0.67621E+02   0.39874E+00   0.85199E+21
   0.41576E+03   0.67707E+02   0.39894E+00   0.85208E+21
   0.41601E+03   0.67793E+02   0.39914E+00   0.85217E+21
   0.41625E+03   0.67879E+02   0.39934E+00   0.85226E+21
   0.41649E+03   0.67965E+02   0.39954E+00   0.85235E+21
   0.41673E+03   0.68051E+02   0.39974E+00   0.85245E+21
   0.41698E+03   0.68138E+02   0.39994E+00   0.85254E+21
   0.41722E+03   0.68224E+02   0.40014E+00   0.85263E+21
   0.41746E+03   0.68310E+02   0.40034E+00   0.85272E+21
   0.41770E+03   0.68397E+02   0.40054E+00   0.85281E+21
   0.41795E+03   0.68483E+02   0.40074E+00   0.85291E+21
   0.41819E+03   0.68569E+02   0.40094E+00   0.85300E+21
   0.41843E+03   0.68656E+02   0.40114E+00   0.85309E+21
   0.41868E+03   0.68743E+02   0.40134E+00   0.85319E+21
   0.41892E+03   0.68829E+02   0.40154E+00   0.85328E+21
   0.41916E+03   0.68916E+02   0.40174E+00   0.85337E+21
   0.41940E+03   0.69003E+02   0.40194E+00   0.85347E+21
   0.41965E+03   0.69089E+02   0.40214E+00   0.85356E+21
   0.41989E+03   0.69176E+02   0.40234E+00   0.85366E+21
   0.42013E+03   0.69263E+02   0.40254E+00   0.85375E+21
   0.42038E+03   0.69350E+02   0.40274E+00   0.85385E+21
   0.42062E+03   0.69437E+02   0.40294E+00   0.85394E+21
   0.42086E+03   0.69524E+02   0.40314E+00   0.85404E+21
   0.42111E+03   0.69611E+02   0.40334E+00   0.85414E+21
   0.42135E+03   0.69698E+02   0.40354E+00   0.85423E+21
   0.42159E+03   0.69785E+02   0.40374E+00   0.85433E+21
   0.42184E+03   0.69872E+02   0.40394E+00   0.85443E+21
   0.42208E+03   0.69959E+02   0.40414E+00   0.85452E+21
   0.42232E+03   0.70046E+02   0.40434E+00   0.85462E+21
   0.42257E+03   0.70133E+02   0.40454E+00   0.85472E+21
   0.42281E+03   0.70221E+02   0.40474E+00   0.85482E+21
   0.42305E+03   0.70308E+02   0.40494E+00   0.85492E+21
   0.42330E+03   0.70395E+02   0.40514E+00   0.85501E+21
   0.42354E+03   0.70483E+02   0.40534E+00   0.85511E+21
   0.42379E+03   0.70570E+02   0.40554E+00   0.85521E+21
   0.42403E+03   0.70658E+02   0.40574E+00   0.85531E+21
   0.42427E+03   0.70745E+02   0.40594E+00   0.85541E+21
   0.42452E+03   0.70833E+02   0.40614E+00   0.85551E+21
   0.42476E+03   0.70921E+02   0.40634E+00   0.85561E+21
   0.42501E+03   0.71008E+02   0.40654E+00   0.85571E+21
   0.42525E+03   0.71096E+02   0.40674E+00   0.85581E+21
   0.42549E+03   0.71184E+02   0.40694E+00   0.85591E+21
   0.42574E+03   0.71272E+02   0.40714E+00   0.85601E+21
   0.42598E+03   0.71359E+02   0.40734E+00   0.85612E+21
   0.42623E+03   0.71447E+02   0.40754E+00   0.85622E+21
   0.42647E+03   0.71535E+02   0.40774E+00   0.85632E+21
   0.42671E+03   0.71623E+02   0.40794E+00   0.85642E+21
   0.42696E+03   0.71711E+02   0.40814E+00   0.85652E+21
   0.42720E+03   0.71799E+02   0.40834E+00   0.85663E+21
   0.42745E+03   0.71887E+02   0.40854E+00   0.85673E+21
   0.42769E+03   0.71976E+02   0.40874E+00   0.85683E+21
   0.42794E+03   0.72064E+02   0.40894E+00   0.85694E+21
   0.42818E+03   0.72152E+02   0.40914E+00   0.85704E+21
   0.42843E+03   0.72240E+02   0.40934E+00   0.85714E+21
   0.42867E+03   0.72329E+02   0.40954E+00   0.85725E+21
   0.42891E+03   0.72417E+02   0.40974E+00   0.85735E+21
   0.42916E+03   0.72505E+02   0.40994E+00   0.85746E+21
   0.42940E+03   0.72594E+02   0.41014E+00   0.85756E+21
   0.42965E+03   0.72682E+02   0.41034E+00   0.85767E+21
   0.42989E+03   0.72771E+02   0.41054E+00   0.85777E+21
   0.43014E+03   0.72859E+02   0.41074E+00   0.85788E+21
   0.43038E+03   0.72948E+02   0.41094E+00   0.85798E+21
   0.43063E+03   0.73037E+02   0.41114E+00   0.85809E+21
   0.43087E+03   0.73125E+02   0.41134E+00   0.85820E+21
   0.43112E+03   0.73214E+02   0.41154E+00   0.85830E+21
   0.43136E+03   0.73303E+02   0.41174E+00   0.85841E+21
   0.43161E+03   0.73392E+02   0.41194E+00   0.85852E+21
   0.43185E+03   0.73481E+02   0.41214E+00   0.85862E+21
   0.43210E+03   0.73569E+02   0.41234E+00   0.85873E+21
   0.43234E+03   0.73658E+02   0.41254E+00   0.85884E+21
   0.43259E+03   0.73747E+02   0.41274E+00   0.85895E+21
   0.43284E+03   0.73836E+02   0.41294E+00   0.85905E+21
   0.43308E+03   0.73926E+02   0.41314E+00   0.85916E+21
   0.43333E+03   0.74015E+02   0.41334E+00   0.85927E+21
   0.43357E+03   0.74104E+02   0.41354E+00   0.85938E+21
   0.43382E+03   0.74193E+02   0.41374E+00   0.85949E+21
   0.43406E+03   0.74282E+02   0.41394E+00   0.85960E+21
   0.43431E+03   0.74371E+02   0.41414E+00   0.85971E+21
   0.43455E+03   0.74461E+02   0.41434E+00   0.85982E+21
   0.43480E+03   0.74550E+02   0.41454E+00   0.85993E+21
   0.43505E+03   0.74640E+02   0.41474E+00   0.86004E+21
   0.43529E+03   0.74729E+02   0.41494E+00   0.86015E+21
   0.43554E+03   0.74818E+02   0.41514E+00   0.86026E+21
   0.43578E+03   0.74908E+02   0.41534E+00   0.86037E+21
   0.43603E+03   0.74998E+02   0.41554E+00   0.86048E+21
   0.43628E+03   0.75087E+02   0.41574E+00   0.86060E+21
   0.43652E+03   0.75177E+02   0.41594E+00   0.86071E+21
   0.43677E+03   0.75266E+02   0.41614E+00   0.86082E+21
   0.43701E+03   0.75356E+02   0.41634E+00   0.86093E+21
   0.43726E+03   0.75446E+02   0.41654E+00   0.86104E+21
   0.43751E+03   0.75536E+02   0.41674E+00   0.86116E+21
   0.43775E+03   0.75626E+02   0.41694E+00   0.86127E+21
   0.43800E+03   0.75716E+02   0.41714E+00   0.86138E+21
   0.43824E+03   0.75805E+02   0.41734E+00   0.86150E+21
   0.43849E+03   0.75895E+02   0.41754E+00   0.86161E+21
   0.43874E+03   0.75985E+02   0.41774E+00   0.86172E+21
   0.43898E+03   0.76075E+02   0.41794E+00   0.86184E+21
   0.43923E+03   0.76166E+02   0.41814E+00   0.86195E+21
   0.43948E+03   0.76256E+02   0.41834E+00   0.86207E+21
   0.43972E+03   0.76346E+02   0.41854E+00   0.86218E+21
   0.43997E+03   0.76436E+02   0.41874E+00   0.86230E+21
   0.44022E+03   0.76526E+02   0.41894E+00   0.86241E+21
   0.44046E+03   0.76617E+02   0.41914E+00   0.86253E+21
   0.44071E+03   0.76707E+02   0.41934E+00   0.86264E+21
   0.44096E+03   0.76797E+02   0.41954E+00   0.86276E+21
   0.44120E+03   0.76888E+02   0.41974E+00   0.86288E+21
   0.44145E+03   0.76978E+02   0.41994E+00   0.86299E+21
   0.44170E+03   0.77069E+02   0.42014E+00   0.86311E+21
   0.44194E+03   0.77159E+02   0.42034E+00   0.86323E+21
   0.44219E+03   0.77250E+02   0.42054E+00   0.86334E+21
   0.44244E+03   0.77340E+02   0.42074E+00   0.86346E+21
   0.44269E+03   0.77431E+02   0.42094E+00   0.86358E+21
   0.44293E+03   0.77522E+02   0.42114E+00   0.86370E+21
   0.44318E+03   0.77613E+02   0.42134E+00   0.86382E+21
   0.44343E+03   0.77703E+02   0.42154E+00   0.86393E+21
   0.44367E+03   0.77794E+02   0.42174E+00   0.86405E+21
   0.44392E+03   0.77885E+02   0.42194E+00   0.86417E+21
   0.44417E+03   0.77976E+02   0.42214E+00   0.86429E+21
   0.44442E+03   0.78067E+02   0.42234E+00   0.86441E+21
   0.44466E+03   0.78158E+02   0.42254E+00   0.86453E+21
   0.44491E+03   0.78249E+02   0.42274E+00   0.86465E+21
   0.44516E+03   0.78340E+02   0.42294E+00   0.86477E+21
   0.44541E+03   0.78431E+02   0.42314E+00   0.86489E+21
   0.44565E+03   0.78522E+02   0.42334E+00   0.86501E+21
   0.44590E+03   0.78613E+02   0.42354E+00   0.86513E+21
   0.44615E+03   0.78704E+02   0.42374E+00   0.86525E+21
   0.44640E+03   0.78796E+02   0.42394E+00   0.86537E+21
   0.44665E+03   0.78887E+02   0.42414E+00   0.86549E+21
   0.44689E+03   0.78978E+02   0.42434E+00   0.86561E+21
   0.44714E+03   0.79070E+02   0.42454E+00   0.86573E+21
   0.44739E+03   0.79161E+02   0.42474E+00   0.86586E+21
   0.44764E+03   0.79253E+02   0.42494E+00   0.86598E+21
   0.44789E+03   0.79344E+02   0.42514E+00   0.86610E+21
   0.44813E+03   0.79436E+02   0.42534E+00   0.86622E+21
   0.44838E+03   0.79527E+02   0.42554E+00   0.86635E+21
   0.44863E+03   0.79619E+02   0.42574E+00   0.86647E+21
   0.44888E+03   0.79710E+02   0.42594E+00   0.86659E+21
   0.44913E+03   0.79802E+02   0.42614E+00   0.86672E+21
   0.44937E+03   0.79894E+02   0.42634E+00   0.86684E+21
   0.44962E+03   0.79985E+02   0.42654E+00   0.86696E+21
   0.44987E+03   0.80077E+02   0.42674E+00   0.86709E+21
   0.45012E+03   0.80169E+02   0.42694E+00   0.86721E+21
   0.45037E+03   0.80261E+02   0.42714E+00   0.86734E+21
   0.45062E+03   0.80353E+02   0.42734E+00   0.86746E+21
   0.45086E+03   0.80445E+02   0.42754E+00   0.86759E+21
   0.45111E+03   0.80537E+02   0.42774E+00   0.86771E+21
   0.45136E+03   0.80629E+02   0.42794E+00   0.86784E+21
   0.45161E+03   0.80721E+02   0.42814E+00   0.86796E+21
   0.45186E+03   0.80813E+02   0.42834E+00   0.86809E+21
   0.45211E+03   0.80905E+02   0.42854E+00   0.86821E+21
   0.45236E+03   0.80997E+02   0.42874E+00   0.86834E+21
   0.45261E+03   0.81090E+02   0.42894E+00   0.86847E+21
   0.45285E+03   0.81182E+02   0.42914E+00   0.86859E+21
   0.45310E+03   0.81274E+02   0.42934E+00   0.86872E+21
   0.45335E+03   0.81367E+02   0.42954E+00   0.86885E+21
   0.45360E+03   0.81459E+02   0.42974E+00   0.86897E+21
   0.45385E+03   0.81551E+02   0.42994E+00   0.86910E+21
   0.45410E+03   0.81644E+02   0.43014E+00   0.86923E+21
   0.45435E+03   0.81736E+02   0.43034E+00   0.86936E+21
   0.45460E+03   0.81829E+02   0.43054E+00   0.86948E+21
   0.45485E+03   0.81921E+02   0.43074E+00   0.86961E+21
   0.45510E+03   0.82014E+02   0.43094E+00   0.86974E+21
   0.45535E+03   0.82107E+02   0.43114E+00   0.86987E+21
   0.45559E+03   0.82199E+02   0.43134E+00   0.87000E+21
   0.45584E+03   0.82292E+02   0.43154E+00   0.87013E+21
   0.45609E+03   0.82385E+02   0.43174E+00   0.87026E+21
   0.45634E+03   0.82478E+02   0.43194E+00   0.87039E+21
   0.45659E+03   0.82570E+02   0.43214E+00   0.87052E+21
   0.45684E+03   0.82663E+02   0.43234E+00   0.87065E+21
   0.45709E+03   0.82756E+02   0.43254E+00   0.87078E+21
   0.45734E+03   0.82849E+02   0.43274E+00   0.87091E+21
   0.45759E+03   0.82942E+02   0.43294E+00   0.87104E+21
   0.45784E+03   0.83035E+02   0.43314E+00   0.87117E+21
   0.45809E+03   0.83128E+02   0.43334E+00   0.87130E+21
   0.45834E+03   0.83221E+02   0.43354E+00   0.87143E+21
   0.45859E+03   0.83315E+02   0.43374E+00   0.87156E+21
   0.45884E+03   0.83408E+02   0.43394E+00   0.87169E+21
   0.45909E+03   0.83501E+02   0.43414E+00   0.87183E+21
   0.45934E+03   0.83594E+02   0.43434E+00   0.87196E+21
   0.45959E+03   0.83688E+02   0.43454E+00   0.87209E+21
   0.45984E+03   0.83781E+02   0.43474E+00   0.87222E+21
   0.46009E+03   0.83874E+02   0.43494E+00   0.87235E+21
   0.46034E+03   0.83968E+02   0.43514E+00   0.87249E+21
   0.46059E+03   0.84061E+02   0.43534E+00   0.87262E+21
   0.46084E+03   0.84155E+02   0.43554E+00   0.87275E+21
   0.46109E+03   0.84248E+02   0.43574E+00   0.87289E+21
   0.46134E+03   0.84342E+02   0.43594E+00   0.87302E+21
   0.46159E+03   0.84435E+02   0.43614E+00   0.87315E+21
   0.46184E+03   0.84529E+02   0.43634E+00   0.87329E+21
   0.46209E+03   0.84623E+02   0.43654E+00   0.87342E+21
   0.46234E+03   0.84716E+02   0.43674E+00   0.87356E+21
   0.46259E+03   0.84810E+02   0.43694E+00   0.87369E+21
   0.46284E+03   0.84904E+02   0.43714E+00   0.87383E+21
   0.46309E+03   0.84998E+02   0.43734E+00   0.87396E+21
   0.46335E+03   0.85091E+02   0.43754E+00   0.87410E+21
   0.46360E+03   0.85185E+02   0.43774E+00   0.87423E+21
   0.46385E+03   0.85279E+02   0.43794E+00   0.87437E+21
   0.46410E+03   0.85373E+02   0.43814E+00   0.87450E+21
   0.46435E+03   0.85467E+02   0.43834E+00   0.87464E+21
   0.46460E+03   0.85561E+02   0.43854E+00   0.87478E+21
   0.46485E+03   0.85655E+02   0.43874E+00   0.87491E+21
   0.46510E+03   0.85749E+02   0.43894E+00   0.87505E+21
   0.46535E+03   0.85844E+02   0.43914E+00   0.87519E+21
   0.46560E+03   0.85938E+02   0.43934E+00   0.87532E+21
   0.46585E+03   0.86032E+02   0.43954E+00   0.87546E+21
   0.46611E+03   0.86126E+02   0.43974E+00   0.87560E+21
   0.46636E+03   0.86221E+02   0.43994E+00   0.87573E+21
   0.46661E+03   0.86315E+02   0.44014E+00   0.87587E+21
   0.46686E+03   0.86409E+02   0.44034E+00   0.87601E+21
   0.46711E+03   0.86504E+02   0.44054E+00   0.87615E+21
   0.46736E+03   0.86598E+02   0.44074E+00   0.87629E+21
   0.46761E+03   0.86693E+02   0.44094E+00   0.87642E+21
   0.46786E+03   0.86787E+02   0.44114E+00   0.87656E+21
   0.46812E+03   0.86882E+02   0.44134E+00   0.87670E+21
   0.46837E+03   0.86976E+02   0.44154E+00   0.87684E+21
   0.46862E+03   0.87071E+02   0.44174E+00   0.87698E+21
   0.46887E+03   0.87166E+02   0.44194E+00   0.87712E+21
   0.46912E+03   0.87260E+02   0.44214E+00   0.87726E+21
   0.46937E+03   0.87355E+02   0.44234E+00   0.87740E+21
   0.46963E+03   0.87450E+02   0.44254E+00   0.87754E+21
   0.46988E+03   0.87545E+02   0.44274E+00   0.87768E+21
   0.47013E+03   0.87639E+02   0.44294E+00   0.87782E+21
   0.47038E+03   0.87734E+02   0.44314E+00   0.87796E+21
   0.47063E+03   0.87829E+02   0.44334E+00   0.87810E+21
   0.47089E+03   0.87924E+02   0.44354E+00   0.87824E+21
   0.47114E+03   0.88019E+02   0.44374E+00   0.87838E+21
   0.47139E+03   0.88114E+02   0.44394E+00   0.87853E+21
   0.47164E+03   0.88209E+02   0.44414E+00   0.87867E+21
   0.47189E+03   0.88304E+02   0.44434E+00   0.87881E+21
   0.47215E+03   0.88399E+02   0.44454E+00   0.87895E+21
   0.47240E+03   0.88495E+02   0.44474E+00   0.87909E+21
   0.47265E+03   0.88590E+02   0.44494E+00   0.87924E+21
   0.47290E+03   0.88685E+02   0.44514E+00   0.87938E+21
   0.47315E+03   0.88780E+02   0.44534E+00   0.87952E+21
   0.47341E+03   0.88876E+02   0.44554E+00   0.87966E+21
   0.47366E+03   0.88971E+02   0.44574E+00   0.87981E+21
   0.47391E+03   0.89066E+02   0.44594E+00   0.87995E+21
   0.47416E+03   0.89162E+02   0.44614E+00   0.88009E+21
   0.47442E+03   0.89257E+02   0.44634E+00   0.88024E+21
   0.47467E+03   0.89353E+02   0.44654E+00   0.88038E+21
   0.47492E+03   0.89448E+02   0.44674E+00   0.88052E+21
   0.47518E+03   0.89544E+02   0.44694E+00   0.88067E+21
   0.47543E+03   0.89640E+02   0.44714E+00   0.88081E+21
   0.47568E+03   0.89735E+02   0.44734E+00   0.88096E+21
   0.47593E+03   0.89831E+02   0.44754E+00   0.88110E+21
   0.47619E+03   0.89927E+02   0.44774E+00   0.88125E+21
   0.47644E+03   0.90022E+02   0.44794E+00   0.88139E+21
   0.47669E+03   0.90118E+02   0.44814E+00   0.88154E+21
   0.47695E+03   0.90214E+02   0.44834E+00   0.88168E+21
   0.47720E+03   0.90310E+02   0.44854E+00   0.88183E+21
   0.47745E+03   0.90406E+02   0.44874E+00   0.88197E+21
   0.47770E+03   0.90502E+02   0.44894E+00   0.88212E+21
   0.47796E+03   0.90597E+02   0.44914E+00   0.88227E+21
   0.47821E+03   0.90693E+02   0.44934E+00   0.88241E+21
   0.47846E+03   0.90790E+02   0.44954E+00   0.88256E+21
   0.47872E+03   0.90886E+02   0.44974E+00   0.88271E+21
   0.47897E+03   0.90982E+02   0.44994E+00   0.88285E+21
   0.47922E+03   0.91078E+02   0.45014E+00   0.88300E+21
   0.47948E+03   0.91174E+02   0.45034E+00   0.88315E+21
   0.47973E+03   0.91270E+02   0.45054E+00   0.88329E+21
   0.47998E+03   0.91366E+02   0.45074E+00   0.88344E+21
   0.48024E+03   0.91463E+02   0.45094E+00   0.88359E+21
   0.48049E+03   0.91559E+02   0.45114E+00   0.88374E+21
   0.48074E+03   0.91655E+02   0.45134E+00   0.88389E+21
   0.48100E+03   0.91752E+02   0.45154E+00   0.88403E+21
   0.48125E+03   0.91848E+02   0.45174E+00   0.88418E+21
   0.48151E+03   0.91945E+02   0.45194E+00   0.88433E+21
   0.48176E+03   0.92041E+02   0.45214E+00   0.88448E+21
   0.48201E+03   0.92138E+02   0.45234E+00   0.88463E+21
   0.48227E+03   0.92234E+02   0.45254E+00   0.88478E+21
   0.48252E+03   0.92331E+02   0.45274E+00   0.88493E+21
   0.48278E+03   0.92427E+02   0.45294E+00   0.88508E+21
   0.48303E+03   0.92524E+02   0.45314E+00   0.88523E+21
   0.48328E+03   0.92621E+02   0.45334E+00   0.88538E+21
   0.48354E+03   0.92717E+02   0.45354E+00   0.88553E+21
   0.48379E+03   0.92814E+02   0.45374E+00   0.88568E+21
   0.48405E+03   0.92911E+02   0.45394E+00   0.88583E+21
   0.48430E+03   0.93008E+02   0.45414E+00   0.88598E+21
   0.48455E+03   0.93105E+02   0.45434E+00   0.88613E+21
   0.48481E+03   0.93202E+02   0.45454E+00   0.88628E+21
   0.48506E+03   0.93299E+02   0.45474E+00   0.88643E+21
   0.48532E+03   0.93395E+02   0.45494E+00   0.88658E+21
   0.48557E+03   0.93493E+02   0.45514E+00   0.88673E+21
   0.48583E+03   0.93590E+02   0.45534E+00   0.88689E+21
   0.48608E+03   0.93687E+02   0.45554E+00   0.88704E+21
   0.48634E+03   0.93784E+02   0.45574E+00   0.88719E+21
   0.48659E+03   0.93881E+02   0.45594E+00   0.88734E+21
   0.48684E+03   0.93978E+02   0.45614E+00   0.88749E+21
   0.48710E+03   0.94075E+02   0.45634E+00   0.88765E+21
   0.48735E+03   0.94172E+02   0.45654E+00   0.88780E+21
   0.48761E+03   0.94270E+02   0.45674E+00   0.88795E+21
   0.48786E+03   0.94367E+02   0.45694E+00   0.88810E+21
   0.48812E+03   0.94464E+02   0.45714E+00   0.88826E+21
   0.48837E+03   0.94562E+02   0.45734E+00   0.88841E+21
   0.48863E+03   0.94659E+02   0.45754E+00   0.88856E+21
   0.48888E+03   0.94757E+02   0.45774E+00   0.88872E+21
   0.48914E+03   0.94854E+02   0.45794E+00   0.88887E+21
   0.48939E+03   0.94952E+02   0.45814E+00   0.88903E+21
   0.48965E+03   0.95049E+02   0.45834E+00   0.88918E+21
   0.48990E+03   0.95147E+02   0.45854E+00   0.88933E+21
   0.49016E+03   0.95244E+02   0.45874E+00   0.88949E+21
   0.49041E+03   0.95342E+02   0.45894E+00   0.88964E+21
   0.49067E+03   0.95440E+02   0.45914E+00   0.88980E+21
   0.49092E+03   0.95538E+02   0.45934E+00   0.88995E+21
   0.49118E+03   0.95635E+02   0.45954E+00   0.89011E+21
   0.49144E+03   0.95733E+02   0.45974E+00   0.89026E+21
   0.49169E+03   0.95831E+02   0.45994E+00   0.89042E+21
   0.49195E+03   0.95929E+02   0.46014E+00   0.89058E+21
   0.49220E+03   0.96027E+02   0.46034E+00   0.89073E+21
   0.49246E+03   0.96125E+02   0.46054E+00   0.89089E+21
   0.49271E+03   0.96223E+02   0.46074E+00   0.89104E+21
   0.49297E+03   0.96320E+02   0.46094E+00   0.89120E+21
   0.49322E+03   0.96419E+02   0.46114E+00   0.89136E+21
   0.49348E+03   0.96517E+02   0.46134E+00   0.89151E+21
   0.49374E+03   0.96615E+02   0.46154E+00   0.89167E+21
   0.49399E+03   0.96713E+02   0.46174E+00   0.89183E+21
   0.49425E+03   0.96811E+02   0.46194E+00   0.89198E+21
   0.49450E+03   0.96909E+02   0.46214E+00   0.89214E+21
   0.49476E+03   0.97007E+02   0.46234E+00   0.89230E+21
   0.49502E+03   0.97106E+02   0.46254E+00   0.89246E+21
   0.49527E+03   0.97204E+02   0.46274E+00   0.89261E+21
   0.49553E+03   0.97302E+02   0.46294E+00   0.89277E+21
   0.49578E+03   0.97401E+02   0.46314E+00   0.89293E+21
   0.49604E+03   0.97499E+02   0.46334E+00   0.89309E+21
   0.49630E+03   0.97597E+02   0.46354E+00   0.89325E+21
   0.49655E+03   0.97696E+02   0.46374E+00   0.89341E+21
   0.49681E+03   0.97794E+02   0.46394E+00   0.89356E+21
   0.49707E+03   0.97893E+02   0.46414E+00   0.89372E+21
   0.49732E+03   0.97991E+02   0.46434E+00   0.89388E+21
   0.49758E+03   0.98090E+02   0.46454E+00   0.89404E+21
   0.49783E+03   0.98189E+02   0.46474E+00   0.89420E+21
   0.49809E+03   0.98287E+02   0.46494E+00   0.89436E+21
   0.49835E+03   0.98386E+02   0.46514E+00   0.89452E+21
   0.49860E+03   0.98485E+02   0.46534E+00   0.89468E+21
   0.49886E+03   0.98584E+02   0.46554E+00   0.89484E+21
   0.49912E+03   0.98682E+02   0.46574E+00   0.89500E+21
   0.49937E+03   0.98781E+02   0.46594E+00   0.89516E+21
   0.49963E+03   0.98880E+02   0.46614E+00   0.89532E+21
   0.49989E+03   0.98979E+02   0.46634E+00   0.89548E+21
   0.50014E+03   0.99078E+02   0.46654E+00   0.89564E+21
   0.50040E+03   0.99177E+02   0.46674E+00   0.89580E+21
   0.50066E+03   0.99276E+02   0.46694E+00   0.89597E+21
   0.50092E+03   0.99375E+02   0.46714E+00   0.89613E+21
   0.50117E+03   0.99474E+02   0.46734E+00   0.89629E+21
   0.50143E+03   0.99573E+02   0.46754E+00   0.89645E+21
   0.50169E+03   0.99672E+02   0.46774E+00   0.89661E+21
   0.50194E+03   0.99771E+02   0.46794E+00   0.89677E+21
   0.50220E+03   0.99870E+02   0.46814E+00   0.89694E+21
   0.50246E+03   0.99970E+02   0.46834E+00   0.89710E+21
   0.50272E+03   0.10007E+03   0.46854E+00   0.89726E+21
   0.50297E+03   0.10017E+03   0.46874E+00   0.89742E+21
   0.50323E+03   0.10027E+03   0.46894E+00   0.89759E+21
   0.50349E+03   0.10037E+03   0.46914E+00   0.89775E+21
   0.50375E+03   0.10047E+03   0.46934E+00   0.89791E+21
   0.50400E+03   0.10057E+03   0.46954E+00   0.89808E+21
   0.50426E+03   0.10067E+03   0.46974E+00   0.89824E+21
   0.50452E+03   0.10076E+03   0.46994E+00   0.89840E+21
   0.50478E+03   0.10086E+03   0.47014E+00   0.89857E+21
   0.50503E+03   0.10096E+03   0.47034E+00   0.89873E+21
   0.50529E+03   0.10106E+03   0.47054E+00   0.89889E+21
   0.50555E+03   0.10116E+03   0.47074E+00   0.89906E+21
   0.50581E+03   0.10126E+03   0.47094E+00   0.89922E+21
   0.50606E+03   0.10136E+03   0.47114E+00   0.89939E+21
   0.50632E+03   0.10146E+03   0.47134E+00   0.89955E+21
   0.50658E+03   0.10156E+03   0.47154E+00   0.89972E+21
   0.50684E+03   0.10166E+03   0.47174E+00   0.89988E+21
   0.50710E+03   0.10176E+03   0.47194E+00   0.90005E+21
   0.50735E+03   0.10186E+03   0.47214E+00   0.90021E+21
   0.50761E+03   0.10196E+03   0.47234E+00   0.90038E+21
   0.50787E+03   0.10206E+03   0.47254E+00   0.90054E+21
   0.50813E+03   0.10216E+03   0.47274E+00   0.90071E+21
   0.50839E+03   0.10226E+03   0.47294E+00   0.90087E+21
   0.50865E+03   0.10236E+03   0.47314E+00   0.90104E+21
   0.50890E+03   0.10246E+03   0.47334E+00   0.90121E+21
   0.50916E+03   0.10256E+03   0.47354E+00   0.90137E+21
   0.50942E+03   0.10266E+03   0.47374E+00   0.90154E+21
   0.50968E+03   0.10276E+03   0.47394E+00   0.90170E+21
   0.50994E+03   0.10286E+03   0.47414E+00   0.90187E+21
   0.51020E+03   0.10296E+03   0.47434E+00   0.90204E+21
   0.51045E+03   0.10306E+03   0.47454E+00   0.90221E+21
   0.51071E+03   0.10316E+03   0.47474E+00   0.90237E+21
   0.51097E+03   0.10326E+03   0.47494E+00   0.90254E+21
   0.51123E+03   0.10336E+03   0.47514E+00   0.90271E+21
   0.51149E+03   0.10346E+03   0.47534E+00   0.90287E+21
   0.51175E+03   0.10356E+03   0.47554E+00   0.90304E+21
   0.51201E+03   0.10366E+03   0.47574E+00   0.90321E+21
   0.51227E+03   0.10376E+03   0.47594E+00   0.90338E+21
   0.51252E+03   0.10386E+03   0.47614E+00   0.90355E+21
   0.51278E+03   0.10396E+03   0.47634E+00   0.90371E+21
   0.51304E+03   0.10407E+03   0.47654E+00   0.90388E+21
   0.51330E+03   0.10417E+03   0.47674E+00   0.90405E+21
   0.51356E+03   0.10427E+03   0.47694E+00   0.90422E+21
   0.51382E+03   0.10437E+03   0.47714E+00   0.90439E+21
   0.51408E+03   0.10447E+03   0.47734E+00   0.90456E+21
   0.51434E+03   0.10457E+03   0.47754E+00   0.90473E+21
   0.51460E+03   0.10467E+03   0.47774E+00   0.90490E+21
   0.51486E+03   0.10477E+03   0.47794E+00   0.90507E+21
   0.51512E+03   0.10487E+03   0.47814E+00   0.90524E+21
   0.51537E+03   0.10497E+03   0.47834E+00   0.90541E+21
   0.51563E+03   0.10507E+03   0.47854E+00   0.90558E+21
   0.51589E+03   0.10517E+03   0.47874E+00   0.90575E+21
   0.51615E+03   0.10527E+03   0.47894E+00   0.90592E+21
   0.51641E+03   0.10538E+03   0.47914E+00   0.90609E+21
   0.51667E+03   0.10548E+03   0.47934E+00   0.90626E+21
   0.51693E+03   0.10558E+03   0.47954E+00   0.90643E+21
   0.51719E+03   0.10568E+03   0.47974E+00   0.90660E+21
   0.51745E+03   0.10578E+03   0.47994E+00   0.90677E+21
   0.51771E+03   0.10588E+03   0.48014E+00   0.90694E+21
   0.51797E+03   0.10598E+03   0.48034E+00   0.90711E+21
   0.51823E+03   0.10608E+03   0.48054E+00   0.90728E+21
   0.51849E+03   0.10618E+03   0.48074E+00   0.90745E+21
   0.51875E+03   0.10628E+03   0.48094E+00   0.90763E+21
   0.51901E+03   0.10639E+03   0.48114E+00   0.90780E+21
   0.51927E+03   0.10649E+03   0.48134E+00   0.90797E+21
   0.51953E+03   0.10659E+03   0.48154E+00   0.90814E+21
   0.51979E+03   0.10669E+03   0.48174E+00   0.90831E+21
   0.52005E+03   0.10679E+03   0.48194E+00   0.90849E+21
   0.52031E+03   0.10689E+03   0.48214E+00   0.90866E+21
   0.52057E+03   0.10699E+03   0.48234E+00   0.90883E+21
   0.52083E+03   0.10710E+03   0.48254E+00   0.90900E+21
   0.52109E+03   0.10720E+03   0.48274E+00   0.90918E+21
   0.52135E+03   0.10730E+03   0.48294E+00   0.90935E+21
   0.52161E+03   0.10740E+03   0.48314E+00   0.90952E+21
   0.52187E+03   0.10750E+03   0.48334E+00   0.90970E+21
   0.52213E+03   0.10760E+03   0.48354E+00   0.90987E+21
   0.52239E+03   0.10771E+03   0.48374E+00   0.91004E+21
   0.52265E+03   0.10781E+03   0.48394E+00   0.91022E+21
   0.52291E+03   0.10791E+03   0.48414E+00   0.91039E+21
   0.52317E+03   0.10801E+03   0.48434E+00   0.91056E+21
   0.52344E+03   0.10811E+03   0.48454E+00   0.91074E+21
   0.52370E+03   0.10821E+03   0.48474E+00   0.91091E+21
   0.52396E+03   0.10832E+03   0.48494E+00   0.91109E+21
   0.52422E+03   0.10842E+03   0.48514E+00   0.91126E+21
   0.52448E+03   0.10852E+03   0.48534E+00   0.91144E+21
   0.52474E+03   0.10862E+03   0.48554E+00   0.91161E+21
   0.52500E+03   0.10872E+03   0.48574E+00   0.91179E+21
   0.52526E+03   0.10883E+03   0.48594E+00   0.91196E+21
   0.52552E+03   0.10893E+03   0.48614E+00   0.91214E+21
   0.52578E+03   0.10903E+03   0.48634E+00   0.91231E+21
   0.52604E+03   0.10913E+03   0.48654E+00   0.91249E+21
   0.52631E+03   0.10923E+03   0.48674E+00   0.91266E+21
   0.52657E+03   0.10934E+03   0.48694E+00   0.91284E+21
   0.52683E+03   0.10944E+03   0.48714E+00   0.91302E+21
   0.52709E+03   0.10954E+03   0.48734E+00   0.91319E+21
   0.52735E+03   0.10964E+03   0.48754E+00   0.91337E+21
   0.52761E+03   0.10974E+03   0.48774E+00   0.91354E+21
   0.52787E+03   0.10985E+03   0.48794E+00   0.91372E+21
   0.52813E+03   0.10995E+03   0.48814E+00   0.91390E+21
   0.52840E+03   0.11005E+03   0.48834E+00   0.91407E+21
   0.52866E+03   0.11015E+03   0.48854E+00   0.91425E+21
   0.52892E+03   0.11026E+03   0.48874E+00   0.91443E+21
   0.52918E+03   0.11036E+03   0.48894E+00   0.91460E+21
   0.52944E+03   0.11046E+03   0.48914E+00   0.91478E+21
   0.52970E+03   0.11056E+03   0.48934E+00   0.91496E+21
   0.52997E+03   0.11067E+03   0.48954E+00   0.91514E+21
   0.53023E+03   0.11077E+03   0.48974E+00   0.91531E+21
   0.53049E+03   0.11087E+03   0.48994E+00   0.91549E+21
   0.53075E+03   0.11097E+03   0.49014E+00   0.91567E+21
   0.53101E+03   0.11108E+03   0.49034E+00   0.91585E+21
   0.53127E+03   0.11118E+03   0.49054E+00   0.91603E+21
   0.53154E+03   0.11128E+03   0.49074E+00   0.91620E+21
   0.53180E+03   0.11138E+03   0.49094E+00   0.91638E+21
   0.53206E+03   0.11149E+03   0.49114E+00   0.91656E+21
   0.53232E+03   0.11159E+03   0.49134E+00   0.91674E+21
   0.53258E+03   0.11169E+03   0.49154E+00   0.91692E+21
   0.53285E+03   0.11180E+03   0.49174E+00   0.91710E+21
   0.53311E+03   0.11190E+03   0.49194E+00   0.91728E+21
   0.53337E+03   0.11200E+03   0.49214E+00   0.91746E+21
   0.53363E+03   0.11210E+03   0.49234E+00   0.91764E+21
   0.53390E+03   0.11221E+03   0.49254E+00   0.91782E+21
   0.53416E+03   0.11231E+03   0.49274E+00   0.91799E+21
   0.53442E+03   0.11241E+03   0.49294E+00   0.91817E+21
   0.53468E+03   0.11252E+03   0.49314E+00   0.91835E+21
   0.53495E+03   0.11262E+03   0.49334E+00   0.91853E+21
   0.53521E+03   0.11272E+03   0.49354E+00   0.91871E+21
   0.53547E+03   0.11283E+03   0.49374E+00   0.91889E+21
   0.53573E+03   0.11293E+03   0.49394E+00   0.91908E+21
   0.53600E+03   0.11303E+03   0.49414E+00   0.91926E+21
   0.53626E+03   0.11314E+03   0.49434E+00   0.91944E+21
   0.53652E+03   0.11324E+03   0.49454E+00   0.91962E+21
   0.53678E+03   0.11334E+03   0.49474E+00   0.91980E+21
   0.53705E+03   0.11345E+03   0.49494E+00   0.91998E+21
   0.53731E+03   0.11355E+03   0.49514E+00   0.92016E+21
   0.53757E+03   0.11365E+03   0.49534E+00   0.92034E+21
   0.53784E+03   0.11376E+03   0.49554E+00   0.92052E+21
   0.53810E+03   0.11386E+03   0.49574E+00   0.92070E+21
   0.53836E+03   0.11396E+03   0.49594E+00   0.92089E+21
   0.53863E+03   0.11407E+03   0.49614E+00   0.92107E+21
   0.53889E+03   0.11417E+03   0.49634E+00   0.92125E+21
   0.53915E+03   0.11427E+03   0.49654E+00   0.92143E+21
   0.53941E+03   0.11438E+03   0.49674E+00   0.92161E+21
   0.53968E+03   0.11448E+03   0.49694E+00   0.92180E+21
   0.53994E+03   0.11458E+03   0.49714E+00   0.92198E+21
   0.54020E+03   0.11469E+03   0.49734E+00   0.92216E+21
   0.54047E+03   0.11479E+03   0.49754E+00   0.92234E+21
   0.54073E+03   0.11490E+03   0.49774E+00   0.92253E+21
   0.54099E+03   0.11500E+03   0.49794E+00   0.92271E+21
   0.54126E+03   0.11510E+03   0.49814E+00   0.92289E+21
   0.54152E+03   0.11521E+03   0.49834E+00   0.92308E+21
   0.54179E+03   0.11531E+03   0.49854E+00   0.92326E+21
   0.54205E+03   0.11541E+03   0.49874E+00   0.92344E+21
   0.54231E+03   0.11552E+03   0.49894E+00   0.92363E+21
   0.54258E+03   0.11562E+03   0.49914E+00   0.92381E+21
   0.54284E+03   0.11573E+03   0.49934E+00   0.92399E+21
   0.54310E+03   0.11583E+03   0.49954E+00   0.92418E+21
   0.54337E+03   0.11593E+03   0.49974E+00   0.92436E+21
   0.54363E+03   0.11604E+03   0.49994E+00   0.92455E+21
   0.54390E+03   0.11614E+03   0.50014E+00   0.92473E+21
   0.54416E+03   0.11625E+03   0.50034E+00   0.92491E+21
   0.54442E+03   0.11635E+03   0.50054E+00   0.92510E+21
   0.54469E+03   0.11646E+03   0.50074E+00   0.92528E+21
   0.54495E+03   0.11656E+03   0.50094E+00   0.92547E+21
   0.54522E+03   0.11666E+03   0.50114E+00   0.92565E+21
   0.54548E+03   0.11677E+03   0.50134E+00   0.92584E+21
   0.54574E+03   0.11687E+03   0.50154E+00   0.92602E+21
   0.54601E+03   0.11698E+03   0.50174E+00   0.92621E+21
   0.54627E+03   0.11708E+03   0.50194E+00   0.92639E+21
   0.54654E+03   0.11719E+03   0.50214E+00   0.92658E+21
   0.54680E+03   0.11729E+03   0.50234E+00   0.92677E+21
   0.54707E+03   0.11739E+03   0.50254E+00   0.92695E+21
   0.54733E+03   0.11750E+03   0.50274E+00   0.92714E+21
   0.54759E+03   0.11760E+03   0.50294E+00   0.92732E+21
   0.54786E+03   0.11771E+03   0.50314E+00   0.92751E+21
   0.54812E+03   0.11781E+03   0.50334E+00   0.92770E+21
   0.54839E+03   0.11792E+03   0.50354E+00   0.92788E+21
   0.54865E+03   0.11802E+03   0.50374E+00   0.92807E+21
   0.54892E+03   0.11813E+03   0.50394E+00   0.92825E+21
   0.54918E+03   0.11823E+03   0.50414E+00   0.92844E+21
   0.54945E+03   0.11834E+03   0.50434E+00   0.92863E+21
   0.54971E+03   0.11844E+03   0.50454E+00   0.92882E+21
   0.54998E+03   0.11854E+03   0.50474E+00   0.92900E+21
   0.55024E+03   0.11865E+03   0.50494E+00   0.92919E+21
   0.55051E+03   0.11875E+03   0.50514E+00   0.92938E+21
   0.55077E+03   0.11886E+03   0.50534E+00   0.92956E+21
   0.55104E+03   0.11896E+03   0.50554E+00   0.92975E+21
   0.55130E+03   0.11907E+03   0.50574E+00   0.92994E+21
   0.55157E+03   0.11917E+03   0.50594E+00   0.93013E+21
   0.55183E+03   0.11928E+03   0.50614E+00   0.93031E+21
   0.55210E+03   0.11938E+03   0.50634E+00   0.93050E+21
   0.55236E+03   0.11949E+03   0.50654E+00   0.93069E+21
   0.55263E+03   0.11959E+03   0.50674E+00   0.93088E+21
   0.55289E+03   0.11970E+03   0.50694E+00   0.93107E+21
   0.55316E+03   0.11980E+03   0.50714E+00   0.93126E+21
   0.55342E+03   0.11991E+03   0.50734E+00   0.93144E+21
   0.55369E+03   0.12001E+03   0.50754E+00   0.93163E+21
   0.55396E+03   0.12012E+03   0.50774E+00   0.93182E+21
   0.55422E+03   0.12022E+03   0.50794E+00   0.93201E+21
   0.55449E+03   0.12033E+03   0.50814E+00   0.93220E+21
   0.55475E+03   0.12043E+03   0.50834E+00   0.93239E+21
   0.55502E+03   0.12054E+03   0.50854E+00   0.93258E+21
   0.55528E+03   0.12065E+03   0.50874E+00   0.93277E+21
   0.55555E+03   0.12075E+03   0.50894E+00   0.93296E+21
   0.55582E+03   0.12086E+03   0.50914E+00   0.93315E+21
   0.55608E+03   0.12096E+03   0.50934E+00   0.93334E+21
   0.55635E+03   0.12107E+03   0.50954E+00   0.93353E+21
   0.55661E+03   0.12117E+03   0.50974E+00   0.93372E+21
   0.55688E+03   0.12128E+03   0.50994E+00   0.93391E+21
   0.55714E+03   0.12138E+03   0.51014E+00   0.93410E+21
   0.55741E+03   0.12149E+03   0.51034E+00   0.93429E+21
   0.55768E+03   0.12159E+03   0.51054E+00   0.93448E+21
   0.55794E+03   0.12170E+03   0.51074E+00   0.93467E+21
   0.55821E+03   0.12181E+03   0.51094E+00   0.93486E+21
   0.55848E+03   0.12191E+03   0.51114E+00   0.93505E+21
   0.55874E+03   0.12202E+03   0.51134E+00   0.93524E+21
   0.55901E+03   0.12212E+03   0.51154E+00   0.93543E+21
   0.55927E+03   0.12223E+03   0.51174E+00   0.93562E+21
   0.55954E+03   0.12233E+03   0.51194E+00   0.93581E+21
   0.55981E+03   0.12244E+03   0.51214E+00   0.93601E+21
   0.56007E+03   0.12255E+03   0.51234E+00   0.93620E+21
   0.56034E+03   0.12265E+03   0.51254E+00   0.93639E+21
   0.56061E+03   0.12276E+03   0.51274E+00   0.93658E+21
   0.56087E+03   0.12286E+03   0.51294E+00   0.93677E+21
   0.56114E+03   0.12297E+03   0.51314E+00   0.93696E+21
   0.56141E+03   0.12307E+03   0.51334E+00   0.93716E+21
   0.56167E+03   0.12318E+03   0.51354E+00   0.93735E+21
   0.56194E+03   0.12329E+03   0.51374E+00   0.93754E+21
   0.56221E+03   0.12339E+03   0.51394E+00   0.93773E+21
   0.56247E+03   0.12350E+03   0.51414E+00   0.93792E+21
   0.56274E+03   0.12360E+03   0.51434E+00   0.93812E+21
   0.56301E+03   0.12371E+03   0.51454E+00   0.93831E+21
   0.56327E+03   0.12382E+03   0.51474E+00   0.93850E+21
   0.56354E+03   0.12392E+03   0.51494E+00   0.93870E+21
   0.56381E+03   0.12403E+03   0.51514E+00   0.93889E+21
   0.56408E+03   0.12414E+03   0.51534E+00   0.93908E+21
   0.56434E+03   0.12424E+03   0.51554E+00   0.93928E+21
   0.56461E+03   0.12435E+03   0.51574E+00   0.93947E+21
   0.56488E+03   0.12445E+03   0.51594E+00   0.93966E+21
   0.56514E+03   0.12456E+03   0.51614E+00   0.93986E+21
   0.56541E+03   0.12467E+03   0.51634E+00   0.94005E+21
   0.56568E+03   0.12477E+03   0.51654E+00   0.94024E+21
   0.56595E+03   0.12488E+03   0.51674E+00   0.94044E+21
   0.56621E+03   0.12499E+03   0.51694E+00   0.94063E+21
   0.56648E+03   0.12509E+03   0.51714E+00   0.94083E+21
   0.56675E+03   0.12520E+03   0.51734E+00   0.94102E+21
   0.56702E+03   0.12531E+03   0.51754E+00   0.94121E+21
   0.56728E+03   0.12541E+03   0.51774E+00   0.94141E+21
   0.56755E+03   0.12552E+03   0.51794E+00   0.94160E+21
   0.56782E+03   0.12563E+03   0.51814E+00   0.94180E+21
   0.56809E+03   0.12573E+03   0.51834E+00   0.94199E+21
   0.56835E+03   0.12584E+03   0.51854E+00   0.94219E+21
   0.56862E+03   0.12595E+03   0.51874E+00   0.94238E+21
   0.56889E+03   0.12605E+03   0.51894E+00   0.94258E+21
   0.56916E+03   0.12616E+03   0.51914E+00   0.94277E+21
   0.56943E+03   0.12627E+03   0.51934E+00   0.94297E+21
   0.56969E+03   0.12637E+03   0.51954E+00   0.94316E+21
   0.56996E+03   0.12648E+03   0.51974E+00   0.94336E+21
   0.57023E+03   0.12659E+03   0.51994E+00   0.94355E+21
   0.57050E+03   0.12669E+03   0.52014E+00   0.94375E+21
   0.57077E+03   0.12680E+03   0.52034E+00   0.94395E+21
   0.57103E+03   0.12691E+03   0.52054E+00   0.94414E+21
   0.57130E+03   0.12701E+03   0.52074E+00   0.94434E+21
   0.57157E+03   0.12712E+03   0.52094E+00   0.94453E+21
   0.57184E+03   0.12723E+03   0.52114E+00   0.94473E+21
   0.57211E+03   0.12733E+03   0.52134E+00   0.94493E+21
   0.57237E+03   0.12744E+03   0.52154E+00   0.94512E+21
   0.57264E+03   0.12755E+03   0.52174E+00   0.94532E+21
   0.57291E+03   0.12766E+03   0.52194E+00   0.94552E+21
   0.57318E+03   0.12776E+03   0.52214E+00   0.94571E+21
   0.57345E+03   0.12787E+03   0.52234E+00   0.94591E+21
   0.57372E+03   0.12798E+03   0.52254E+00   0.94611E+21
   0.57399E+03   0.12808E+03   0.52274E+00   0.94630E+21
   0.57425E+03   0.12819E+03   0.52294E+00   0.94650E+21
   0.57452E+03   0.12830E+03   0.52314E+00   0.94670E+21
   0.57479E+03   0.12841E+03   0.52334E+00   0.94690E+21
   0.57506E+03   0.12851E+03   0.52354E+00   0.94709E+21
   0.57533E+03   0.12862E+03   0.52374E+00   0.94729E+21
   0.57560E+03   0.12873E+03   0.52394E+00   0.94749E+21
   0.57587E+03   0.12884E+03   0.52414E+00   0.94769E+21
   0.57614E+03   0.12894E+03   0.52434E+00   0.94788E+21
   0.57640E+03   0.12905E+03   0.52454E+00   0.94808E+21
   0.57667E+03   0.12916E+03   0.52474E+00   0.94828E+21
   0.57694E+03   0.12927E+03   0.52494E+00   0.94848E+21
   0.57721E+03   0.12937E+03   0.52514E+00   0.94868E+21
   0.57748E+03   0.12948E+03   0.52534E+00   0.94888E+21
   0.57775E+03   0.12959E+03   0.52554E+00   0.94907E+21
   0.57802E+03   0.12970E+03   0.52574E+00   0.94927E+21
   0.57829E+03   0.12980E+03   0.52594E+00   0.94947E+21
   0.57856E+03   0.12991E+03   0.52614E+00   0.94967E+21
   0.57883E+03   0.13002E+03   0.52634E+00   0.94987E+21
   0.57910E+03   0.13013E+03   0.52654E+00   0.95007E+21
   0.57937E+03   0.13023E+03   0.52674E+00   0.95027E+21
   0.57964E+03   0.13034E+03   0.52694E+00   0.95047E+21
   0.57990E+03   0.13045E+03   0.52714E+00   0.95067E+21
   0.58017E+03   0.13056E+03   0.52734E+00   0.95087E+21
   0.58044E+03   0.13066E+03   0.52754E+00   0.95106E+21
   0.58071E+03   0.13077E+03   0.52774E+00   0.95126E+21
   0.58098E+03   0.13088E+03   0.52794E+00   0.95146E+21
   0.58125E+03   0.13099E+03   0.52814E+00   0.95166E+21
   0.58152E+03   0.13110E+03   0.52834E+00   0.95186E+21
   0.58179E+03   0.13120E+03   0.52854E+00   0.95206E+21
   0.58206E+03   0.13131E+03   0.52874E+00   0.95226E+21
   0.58233E+03   0.13142E+03   0.52894E+00   0.95246E+21
   0.58260E+03   0.13153E+03   0.52914E+00   0.95267E+21
   0.58287E+03   0.13164E+03   0.52934E+00   0.95287E+21
   0.58314E+03   0.13174E+03   0.52954E+00   0.95307E+21
   0.58341E+03   0.13185E+03   0.52974E+00   0.95327E+21
   0.58368E+03   0.13196E+03   0.52994E+00   0.95347E+21
   0.58395E+03   0.13207E+03   0.53014E+00   0.95367E+21
   0.58422E+03   0.13218E+03   0.53034E+00   0.95387E+21
   0.58449E+03   0.13229E+03   0.53054E+00   0.95407E+21
   0.58476E+03   0.13239E+03   0.53074E+00   0.95427E+21
   0.58503E+03   0.13250E+03   0.53094E+00   0.95447E+21
   0.58530E+03   0.13261E+03   0.53114E+00   0.95467E+21
   0.58557E+03   0.13272E+03   0.53134E+00   0.95488E+21
   0.58584E+03   0.13283E+03   0.53154E+00   0.95508E+21
   0.58611E+03   0.13294E+03   0.53174E+00   0.95528E+21
   0.58638E+03   0.13304E+03   0.53194E+00   0.95548E+21
   0.58666E+03   0.13315E+03   0.53214E+00   0.95568E+21
   0.58693E+03   0.13326E+03   0.53234E+00   0.95588E+21
   0.58720E+03   0.13337E+03   0.53254E+00   0.95609E+21
   0.58747E+03   0.13348E+03   0.53274E+00   0.95629E+21
   0.58774E+03   0.13359E+03   0.53294E+00   0.95649E+21
   0.58801E+03   0.13369E+03   0.53314E+00   0.95669E+21
   0.58828E+03   0.13380E+03   0.53334E+00   0.95690E+21
   0.58855E+03   0.13391E+03   0.53354E+00   0.95710E+21
   0.58882E+03   0.13402E+03   0.53374E+00   0.95730E+21
   0.58909E+03   0.13413E+03   0.53394E+00   0.95750E+21
   0.58936E+03   0.13424E+03   0.53414E+00   0.95771E+21
   0.58963E+03   0.13435E+03   0.53434E+00   0.95791E+21
   0.58990E+03   0.13446E+03   0.53454E+00   0.95811E+21
   0.59018E+03   0.13456E+03   0.53474E+00   0.95832E+21
   0.59045E+03   0.13467E+03   0.53494E+00   0.95852E+21
   0.59072E+03   0.13478E+03   0.53514E+00   0.95872E+21
   0.59099E+03   0.13489E+03   0.53534E+00   0.95893E+21
   0.59126E+03   0.13500E+03   0.53554E+00   0.95913E+21
   0.59153E+03   0.13511E+03   0.53574E+00   0.95933E+21
   0.59180E+03   0.13522E+03   0.53594E+00   0.95954E+21
   0.59207E+03   0.13533E+03   0.53614E+00   0.95974E+21
   0.59235E+03   0.13543E+03   0.53634E+00   0.95994E+21
   0.59262E+03   0.13554E+03   0.53654E+00   0.96015E+21
   0.59289E+03   0.13565E+03   0.53674E+00   0.96035E+21
   0.59316E+03   0.13576E+03   0.53694E+00   0.96056E+21
   0.59343E+03   0.13587E+03   0.53714E+00   0.96076E+21
   0.59370E+03   0.13598E+03   0.53734E+00   0.96096E+21
   0.59397E+03   0.13609E+03   0.53754E+00   0.96117E+21
   0.59425E+03   0.13620E+03   0.53774E+00   0.96137E+21
   0.59452E+03   0.13631E+03   0.53794E+00   0.96158E+21
   0.59479E+03   0.13642E+03   0.53814E+00   0.96178E+21
   0.59506E+03   0.13653E+03   0.53834E+00   0.96199E+21
   0.59533E+03   0.13663E+03   0.53854E+00   0.96219E+21
   0.59561E+03   0.13674E+03   0.53874E+00   0.96240E+21
   0.59588E+03   0.13685E+03   0.53894E+00   0.96260E+21
   0.59615E+03   0.13696E+03   0.53914E+00   0.96281E+21
   0.59642E+03   0.13707E+03   0.53934E+00   0.96301E+21
   0.59669E+03   0.13718E+03   0.53954E+00   0.96322E+21
   0.59697E+03   0.13729E+03   0.53974E+00   0.96342E+21
   0.59724E+03   0.13740E+03   0.53994E+00   0.96363E+21
   0.59751E+03   0.13751E+03   0.54014E+00   0.96384E+21
   0.59778E+03   0.13762E+03   0.54034E+00   0.96404E+21
   0.59805E+03   0.13773E+03   0.54054E+00   0.96425E+21
   0.59833E+03   0.13784E+03   0.54074E+00   0.96445E+21
   0.59860E+03   0.13795E+03   0.54094E+00   0.96466E+21
   0.59887E+03   0.13806E+03   0.54114E+00   0.96486E+21
   0.59914E+03   0.13817E+03   0.54134E+00   0.96507E+21
   0.59942E+03   0.13828E+03   0.54154E+00   0.96528E+21
   0.59969E+03   0.13839E+03   0.54174E+00   0.96548E+21
   0.59996E+03   0.13850E+03   0.54194E+00   0.96569E+21
   0.60023E+03   0.13861E+03   0.54214E+00   0.96590E+21
   0.60051E+03   0.13872E+03   0.54234E+00   0.96610E+21
   0.60078E+03   0.13882E+03   0.54254E+00   0.96631E+21
   0.60105E+03   0.13893E+03   0.54274E+00   0.96652E+21
   0.60132E+03   0.13904E+03   0.54294E+00   0.96672E+21
   0.60160E+03   0.13915E+03   0.54314E+00   0.96693E+21
   0.60187E+03   0.13926E+03   0.54334E+00   0.96714E+21
   0.60214E+03   0.13937E+03   0.54354E+00   0.96735E+21
   0.60241E+03   0.13948E+03   0.54374E+00   0.96755E+21
   0.60269E+03   0.13959E+03   0.54394E+00   0.96776E+21
   0.60296E+03   0.13970E+03   0.54414E+00   0.96797E+21
   0.60323E+03   0.13981E+03   0.54434E+00   0.96818E+21
   0.60351E+03   0.13992E+03   0.54454E+00   0.96838E+21
   0.60378E+03   0.14003E+03   0.54474E+00   0.96859E+21
   0.60405E+03   0.14014E+03   0.54494E+00   0.96880E+21
   0.60433E+03   0.14025E+03   0.54514E+00   0.96901E+21
   0.60460E+03   0.14036E+03   0.54534E+00   0.96921E+21
   0.60487E+03   0.14047E+03   0.54554E+00   0.96942E+21
   0.60515E+03   0.14058E+03   0.54574E+00   0.96963E+21
   0.60542E+03   0.14069E+03   0.54594E+00   0.96984E+21
   0.60569E+03   0.14080E+03   0.54614E+00   0.97005E+21
   0.60597E+03   0.14091E+03   0.54634E+00   0.97026E+21
   0.60624E+03   0.14102E+03   0.54654E+00   0.97046E+21
   0.60651E+03   0.14113E+03   0.54674E+00   0.97067E+21
   0.60679E+03   0.14124E+03   0.54694E+00   0.97088E+21
   0.60706E+03   0.14136E+03   0.54714E+00   0.97109E+21
   0.60733E+03   0.14147E+03   0.54734E+00   0.97130E+21
   0.60761E+03   0.14158E+03   0.54754E+00   0.97151E+21
   0.60788E+03   0.14169E+03   0.54774E+00   0.97172E+21
   0.60815E+03   0.14180E+03   0.54794E+00   0.97193E+21
   0.60843E+03   0.14191E+03   0.54814E+00   0.97214E+21
   0.60870E+03   0.14202E+03   0.54834E+00   0.97235E+21
   0.60898E+03   0.14213E+03   0.54854E+00   0.97256E+21
   0.60925E+03   0.14224E+03   0.54874E+00   0.97276E+21
   0.60952E+03   0.14235E+03   0.54894E+00   0.97297E+21
   0.60980E+03   0.14246E+03   0.54914E+00   0.97318E+21
   0.61007E+03   0.14257E+03   0.54934E+00   0.97339E+21
   0.61035E+03   0.14268E+03   0.54954E+00   0.97360E+21
   0.61062E+03   0.14279E+03   0.54974E+00   0.97381E+21
   0.61089E+03   0.14290E+03   0.54994E+00   0.97402E+21
   0.61117E+03   0.14301E+03   0.55014E+00   0.97423E+21
   0.61144E+03   0.14312E+03   0.55034E+00   0.97444E+21
   0.61172E+03   0.14323E+03   0.55054E+00   0.97465E+21
   0.61199E+03   0.14334E+03   0.55074E+00   0.97486E+21
   0.61226E+03   0.14346E+03   0.55094E+00   0.97508E+21
   0.61254E+03   0.14357E+03   0.55114E+00   0.97529E+21
   0.61281E+03   0.14368E+03   0.55134E+00   0.97550E+21
   0.61309E+03   0.14379E+03   0.55154E+00   0.97571E+21
   0.61336E+03   0.14390E+03   0.55174E+00   0.97592E+21
   0.61364E+03   0.14401E+03   0.55194E+00   0.97613E+21
   0.61391E+03   0.14412E+03   0.55214E+00   0.97634E+21
   0.61419E+03   0.14423E+03   0.55234E+00   0.97655E+21
   0.61446E+03   0.14434E+03   0.55254E+00   0.97676E+21
   0.61474E+03   0.14445E+03   0.55274E+00   0.97697E+21
   0.61501E+03   0.14456E+03   0.55294E+00   0.97719E+21
   0.61528E+03   0.14468E+03   0.55314E+00   0.97740E+21
   0.61556E+03   0.14479E+03   0.55334E+00   0.97761E+21
   0.61583E+03   0.14490E+03   0.55354E+00   0.97782E+21
   0.61611E+03   0.14501E+03   0.55374E+00   0.97803E+21
   0.61638E+03   0.14512E+03   0.55394E+00   0.97824E+21
   0.61666E+03   0.14523E+03   0.55414E+00   0.97845E+21
   0.61693E+03   0.14534E+03   0.55434E+00   0.97867E+21
   0.61721E+03   0.14545E+03   0.55454E+00   0.97888E+21
   0.61748E+03   0.14556E+03   0.55474E+00   0.97909E+21
   0.61776E+03   0.14568E+03   0.55494E+00   0.97930E+21
   0.61803E+03   0.14579E+03   0.55514E+00   0.97952E+21
   0.61831E+03   0.14590E+03   0.55534E+00   0.97973E+21
   0.61859E+03   0.14601E+03   0.55554E+00   0.97994E+21
   0.61886E+03   0.14612E+03   0.55574E+00   0.98015E+21
   0.61914E+03   0.14623E+03   0.55594E+00   0.98037E+21
   0.61941E+03   0.14634E+03   0.55614E+00   0.98058E+21
   0.61969E+03   0.14645E+03   0.55634E+00   0.98079E+21
   0.61996E+03   0.14657E+03   0.55654E+00   0.98100E+21
   0.62024E+03   0.14668E+03   0.55674E+00   0.98122E+21
   0.62051E+03   0.14679E+03   0.55694E+00   0.98143E+21
   0.62079E+03   0.14690E+03   0.55714E+00   0.98164E+21
   0.62106E+03   0.14701E+03   0.55734E+00   0.98186E+21
   0.62134E+03   0.14712E+03   0.55754E+00   0.98207E+21
   0.62162E+03   0.14723E+03   0.55774E+00   0.98228E+21
   0.62189E+03   0.14735E+03   0.55794E+00   0.98250E+21
   0.62217E+03   0.14746E+03   0.55814E+00   0.98271E+21
   0.62244E+03   0.14757E+03   0.55834E+00   0.98292E+21
   0.62272E+03   0.14768E+03   0.55854E+00   0.98314E+21
   0.62299E+03   0.14779E+03   0.55874E+00   0.98335E+21
   0.62327E+03   0.14790E+03   0.55894E+00   0.98356E+21
   0.62355E+03   0.14802E+03   0.55914E+00   0.98378E+21
   0.62382E+03   0.14813E+03   0.55934E+00   0.98399E+21
   0.62410E+03   0.14824E+03   0.55954E+00   0.98421E+21
   0.62437E+03   0.14835E+03   0.55974E+00   0.98442E+21
   0.62465E+03   0.14846E+03   0.55994E+00   0.98464E+21
   0.62493E+03   0.14858E+03   0.56014E+00   0.98485E+21
   0.62520E+03   0.14869E+03   0.56034E+00   0.98506E+21
   0.62548E+03   0.14880E+03   0.56054E+00   0.98528E+21
   0.62576E+03   0.14891E+03   0.56074E+00   0.98549E+21
   0.62603E+03   0.14902E+03   0.56094E+00   0.98571E+21
   0.62631E+03   0.14913E+03   0.56114E+00   0.98592E+21
   0.62658E+03   0.14925E+03   0.56134E+00   0.98614E+21
   0.62686E+03   0.14936E+03   0.56154E+00   0.98635E+21
   0.62714E+03   0.14947E+03   0.56174E+00   0.98657E+21
   0.62741E+03   0.14958E+03   0.56194E+00   0.98678E+21
   0.62769E+03   0.14969E+03   0.56214E+00   0.98700E+21
   0.62797E+03   0.14981E+03   0.56234E+00   0.98721E+21
   0.62824E+03   0.14992E+03   0.56254E+00   0.98743E+21
   0.62852E+03   0.15003E+03   0.56274E+00   0.98764E+21
   0.62880E+03   0.15014E+03   0.56294E+00   0.98786E+21
   0.62907E+03   0.15026E+03   0.56314E+00   0.98807E+21
   0.62935E+03   0.15037E+03   0.56334E+00   0.98829E+21
   0.62963E+03   0.15048E+03   0.56354E+00   0.98851E+21
   0.62990E+03   0.15059E+03   0.56374E+00   0.98872E+21
   0.63018E+03   0.15070E+03   0.56394E+00   0.98894E+21
   0.63046E+03   0.15082E+03   0.56414E+00   0.98915E+21
   0.63074E+03   0.15093E+03   0.56434E+00   0.98937E+21
   0.63101E+03   0.15104E+03   0.56454E+00   0.98959E+21
   0.63129E+03   0.15115E+03   0.56474E+00   0.98980E+21
   0.63157E+03   0.15127E+03   0.56494E+00   0.99002E+21
   0.63184E+03   0.15138E+03   0.56514E+00   0.99023E+21
   0.63212E+03   0.15149E+03   0.56534E+00   0.99045E+21
   0.63240E+03   0.15160E+03   0.56554E+00   0.99067E+21
   0.63268E+03   0.15172E+03   0.56574E+00   0.99088E+21
   0.63295E+03   0.15183E+03   0.56594E+00   0.99110E+21
   0.63323E+03   0.15194E+03   0.56614E+00   0.99132E+21
   0.63351E+03   0.15205E+03   0.56634E+00   0.99153E+21
   0.63378E+03   0.15217E+03   0.56654E+00   0.99175E+21
   0.63406E+03   0.15228E+03   0.56674E+00   0.99197E+21
   0.63434E+03   0.15239E+03   0.56694E+00   0.99218E+21
   0.63462E+03   0.15250E+03   0.56714E+00   0.99240E+21
   0.63490E+03   0.15262E+03   0.56734E+00   0.99262E+21
   0.63517E+03   0.15273E+03   0.56754E+00   0.99284E+21
   0.63545E+03   0.15284E+03   0.56774E+00   0.99305E+21
   0.63573E+03   0.15295E+03   0.56794E+00   0.99327E+21
   0.63601E+03   0.15307E+03   0.56814E+00   0.99349E+21
   0.63628E+03   0.15318E+03   0.56834E+00   0.99371E+21
   0.63656E+03   0.15329E+03   0.56854E+00   0.99392E+21
   0.63684E+03   0.15341E+03   0.56874E+00   0.99414E+21
   0.63712E+03   0.15352E+03   0.56894E+00   0.99436E+21
   0.63740E+03   0.15363E+03   0.56914E+00   0.99458E+21
   0.63767E+03   0.15374E+03   0.56934E+00   0.99480E+21
   0.63795E+03   0.15386E+03   0.56954E+00   0.99501E+21
   0.63823E+03   0.15397E+03   0.56974E+00   0.99523E+21
   0.63851E+03   0.15408E+03   0.56994E+00   0.99545E+21
   0.63879E+03   0.15420E+03   0.57014E+00   0.99567E+21
   0.63906E+03   0.15431E+03   0.57034E+00   0.99589E+21
   0.63934E+03   0.15442E+03   0.57054E+00   0.99610E+21
   0.63962E+03   0.15454E+03   0.57074E+00   0.99632E+21
   0.63990E+03   0.15465E+03   0.57094E+00   0.99654E+21
   0.64018E+03   0.15476E+03   0.57114E+00   0.99676E+21
   0.64046E+03   0.15487E+03   0.57134E+00   0.99698E+21
   0.64073E+03   0.15499E+03   0.57154E+00   0.99720E+21
   0.64101E+03   0.15510E+03   0.57174E+00   0.99742E+21
   0.64129E+03   0.15521E+03   0.57194E+00   0.99764E+21
   0.64157E+03   0.15533E+03   0.57214E+00   0.99786E+21
   0.64185E+03   0.15544E+03   0.57234E+00   0.99807E+21
   0.64213E+03   0.15555E+03   0.57254E+00   0.99829E+21
   0.64241E+03   0.15567E+03   0.57274E+00   0.99851E+21
   0.64268E+03   0.15578E+03   0.57294E+00   0.99873E+21
   0.64296E+03   0.15589E+03   0.57314E+00   0.99895E+21
   0.64324E+03   0.15601E+03   0.57334E+00   0.99917E+21
   0.64352E+03   0.15612E+03   0.57354E+00   0.99939E+21
   0.64380E+03   0.15623E+03   0.57374E+00   0.99961E+21
   0.64408E+03   0.15635E+03   0.57394E+00   0.99983E+21
   0.64436E+03   0.15646E+03   0.57414E+00   0.10000E+22
   0.64464E+03   0.15657E+03   0.57434E+00   0.10003E+22
   0.64491E+03   0.15669E+03   0.57454E+00   0.10005E+22
   0.64519E+03   0.15680E+03   0.57474E+00   0.10007E+22
   0.64547E+03   0.15691E+03   0.57494E+00   0.10009E+22
   0.64575E+03   0.15703E+03   0.57514E+00   0.10011E+22
   0.64603E+03   0.15714E+03   0.57534E+00   0.10014E+22
   0.64631E+03   0.15725E+03   0.57554E+00   0.10016E+22
   0.64659E+03   0.15737E+03   0.57574E+00   0.10018E+22
   0.64687E+03   0.15748E+03   0.57594E+00   0.10020E+22
   0.64715E+03   0.15760E+03   0.57614E+00   0.10023E+22
   0.64743E+03   0.15771E+03   0.57634E+00   0.10025E+22
   0.64771E+03   0.15782E+03   0.57654E+00   0.10027E+22
   0.64799E+03   0.15794E+03   0.57674E+00   0.10029E+22
   0.64827E+03   0.15805E+03   0.57694E+00   0.10031E+22
   0.64855E+03   0.15816E+03   0.57714E+00   0.10034E+22
   0.64883E+03   0.15828E+03   0.57734E+00   0.10036E+22
   0.64910E+03   0.15839E+03   0.57754E+00   0.10038E+22
   0.64938E+03   0.15851E+03   0.57774E+00   0.10040E+22
   0.64966E+03   0.15862E+03   0.57794E+00   0.10042E+22
   0.64994E+03   0.15873E+03   0.57814E+00   0.10045E+22
   0.65022E+03   0.15885E+03   0.57834E+00   0.10047E+22
   0.65050E+03   0.15896E+03   0.57854E+00   0.10049E+22
   0.65078E+03   0.15908E+03   0.57874E+00   0.10051E+22
   0.65106E+03   0.15919E+03   0.57894E+00   0.10053E+22
   0.65134E+03   0.15930E+03   0.57914E+00   0.10056E+22
   0.65162E+03   0.15942E+03   0.57934E+00   0.10058E+22
   0.65190E+03   0.15953E+03   0.57954E+00   0.10060E+22
   0.65218E+03   0.15964E+03   0.57974E+00   0.10062E+22
   0.65246E+03   0.15976E+03   0.57994E+00   0.10065E+22
   0.65274E+03   0.15987E+03   0.58014E+00   0.10067E+22
   0.65302E+03   0.15999E+03   0.58034E+00   0.10069E+22
   0.65330E+03   0.16010E+03   0.58054E+00   0.10071E+22
   0.65358E+03   0.16022E+03   0.58074E+00   0.10073E+22
   0.65386E+03   0.16033E+03   0.58094E+00   0.10076E+22
   0.65414E+03   0.16044E+03   0.58114E+00   0.10078E+22
   0.65443E+03   0.16056E+03   0.58134E+00   0.10080E+22
   0.65471E+03   0.16067E+03   0.58154E+00   0.10082E+22
   0.65499E+03   0.16079E+03   0.58174E+00   0.10085E+22
   0.65527E+03   0.16090E+03   0.58194E+00   0.10087E+22
   0.65555E+03   0.16102E+03   0.58214E+00   0.10089E+22
   0.65583E+03   0.16113E+03   0.58234E+00   0.10091E+22
   0.65611E+03   0.16124E+03   0.58254E+00   0.10093E+22
   0.65639E+03   0.16136E+03   0.58274E+00   0.10096E+22
   0.65667E+03   0.16147E+03   0.58294E+00   0.10098E+22
   0.65695E+03   0.16159E+03   0.58314E+00   0.10100E+22
   0.65723E+03   0.16170E+03   0.58334E+00   0.10102E+22
   0.65751E+03   0.16182E+03   0.58354E+00   0.10105E+22
   0.65779E+03   0.16193E+03   0.58374E+00   0.10107E+22
   0.65807E+03   0.16204E+03   0.58394E+00   0.10109E+22
   0.65835E+03   0.16216E+03   0.58414E+00   0.10111E+22
   0.65864E+03   0.16227E+03   0.58434E+00   0.10114E+22
   0.65892E+03   0.16239E+03   0.58454E+00   0.10116E+22
   0.65920E+03   0.16250E+03   0.58474E+00   0.10118E+22
   0.65948E+03   0.16262E+03   0.58494E+00   0.10120E+22
   0.65976E+03   0.16273E+03   0.58514E+00   0.10122E+22
   0.66004E+03   0.16285E+03   0.58534E+00   0.10125E+22
   0.66032E+03   0.16296E+03   0.58554E+00   0.10127E+22
   0.66060E+03   0.16308E+03   0.58574E+00   0.10129E+22
   0.66088E+03   0.16319E+03   0.58594E+00   0.10131E+22
   0.66117E+03   0.16331E+03   0.58614E+00   0.10134E+22
   0.66145E+03   0.16342E+03   0.58634E+00   0.10136E+22
   0.66173E+03   0.16354E+03   0.58654E+00   0.10138E+22
   0.66201E+03   0.16365E+03   0.58674E+00   0.10140E+22
   0.66229E+03   0.16376E+03   0.58694E+00   0.10143E+22
   0.66257E+03   0.16388E+03   0.58714E+00   0.10145E+22
   0.66285E+03   0.16399E+03   0.58734E+00   0.10147E+22
   0.66314E+03   0.16411E+03   0.58754E+00   0.10149E+22
   0.66342E+03   0.16422E+03   0.58774E+00   0.10152E+22
   0.66370E+03   0.16434E+03   0.58794E+00   0.10154E+22
   0.66398E+03   0.16445E+03   0.58814E+00   0.10156E+22
   0.66426E+03   0.16457E+03   0.58834E+00   0.10158E+22
   0.66454E+03   0.16468E+03   0.58854E+00   0.10161E+22
   0.66483E+03   0.16480E+03   0.58874E+00   0.10163E+22
   0.66511E+03   0.16491E+03   0.58894E+00   0.10165E+22
   0.66539E+03   0.16503E+03   0.58914E+00   0.10167E+22
   0.66567E+03   0.16514E+03   0.58934E+00   0.10170E+22
   0.66595E+03   0.16526E+03   0.58954E+00   0.10172E+22
   0.66624E+03   0.16537E+03   0.58974E+00   0.10174E+22
   0.66652E+03   0.16549E+03   0.58994E+00   0.10176E+22
   0.66680E+03   0.16560E+03   0.59014E+00   0.10179E+22
   0.66708E+03   0.16572E+03   0.59034E+00   0.10181E+22
   0.66736E+03   0.16584E+03   0.59054E+00   0.10183E+22
   0.66765E+03   0.16595E+03   0.59074E+00   0.10185E+22
   0.66793E+03   0.16607E+03   0.59094E+00   0.10188E+22
   0.66821E+03   0.16618E+03   0.59114E+00   0.10190E+22
   0.66849E+03   0.16630E+03   0.59134E+00   0.10192E+22
   0.66878E+03   0.16641E+03   0.59154E+00   0.10194E+22
   0.66906E+03   0.16653E+03   0.59174E+00   0.10197E+22
   0.66934E+03   0.16664E+03   0.59194E+00   0.10199E+22
   0.66962E+03   0.16676E+03   0.59214E+00   0.10201E+22
   0.66991E+03   0.16687E+03   0.59234E+00   0.10203E+22
   0.67019E+03   0.16699E+03   0.59254E+00   0.10206E+22
   0.67047E+03   0.16710E+03   0.59274E+00   0.10208E+22
   0.67075E+03   0.16722E+03   0.59294E+00   0.10210E+22
   0.67104E+03   0.16733E+03   0.59314E+00   0.10213E+22
   0.67132E+03   0.16745E+03   0.59334E+00   0.10215E+22
   0.67160E+03   0.16757E+03   0.59354E+00   0.10217E+22
   0.67188E+03   0.16768E+03   0.59374E+00   0.10219E+22
   0.67217E+03   0.16780E+03   0.59394E+00   0.10222E+22
   0.67245E+03   0.16791E+03   0.59414E+00   0.10224E+22
   0.67273E+03   0.16803E+03   0.59434E+00   0.10226E+22
   0.67302E+03   0.16814E+03   0.59454E+00   0.10228E+22
   0.67330E+03   0.16826E+03   0.59474E+00   0.10231E+22
   0.67358E+03   0.16837E+03   0.59494E+00   0.10233E+22
   0.67386E+03   0.16849E+03   0.59514E+00   0.10235E+22
   0.67415E+03   0.16861E+03   0.59534E+00   0.10237E+22
   0.67443E+03   0.16872E+03   0.59554E+00   0.10240E+22
   0.67471E+03   0.16884E+03   0.59574E+00   0.10242E+22
   0.67500E+03   0.16895E+03   0.59594E+00   0.10244E+22
   0.67528E+03   0.16907E+03   0.59614E+00   0.10247E+22
   0.67556E+03   0.16919E+03   0.59634E+00   0.10249E+22
   0.67585E+03   0.16930E+03   0.59654E+00   0.10251E+22
   0.67613E+03   0.16942E+03   0.59674E+00   0.10253E+22
   0.67641E+03   0.16953E+03   0.59694E+00   0.10256E+22
   0.67670E+03   0.16965E+03   0.59714E+00   0.10258E+22
   0.67698E+03   0.16976E+03   0.59734E+00   0.10260E+22
   0.67726E+03   0.16988E+03   0.59754E+00   0.10263E+22
   0.67755E+03   0.17000E+03   0.59774E+00   0.10265E+22
   0.67783E+03   0.17011E+03   0.59794E+00   0.10267E+22
   0.67812E+03   0.17023E+03   0.59814E+00   0.10269E+22
   0.67840E+03   0.17034E+03   0.59834E+00   0.10272E+22
   0.67868E+03   0.17046E+03   0.59854E+00   0.10274E+22
   0.67897E+03   0.17058E+03   0.59874E+00   0.10276E+22
   0.67925E+03   0.17069E+03   0.59894E+00   0.10278E+22
   0.67953E+03   0.17081E+03   0.59914E+00   0.10281E+22
   0.67982E+03   0.17092E+03   0.59934E+00   0.10283E+22
   0.68010E+03   0.17104E+03   0.59954E+00   0.10285E+22
   0.68039E+03   0.17116E+03   0.59974E+00   0.10288E+22
   0.68067E+03   0.17127E+03   0.59994E+00   0.10290E+22
   0.68095E+03   0.17139E+03   0.60014E+00   0.10292E+22
   0.68124E+03   0.17151E+03   0.60034E+00   0.10294E+22
   0.68152E+03   0.17162E+03   0.60054E+00   0.10297E+22
   0.68181E+03   0.17174E+03   0.60074E+00   0.10299E+22
   0.68209E+03   0.17185E+03   0.60094E+00   0.10301E+22
   0.68237E+03   0.17197E+03   0.60114E+00   0.10304E+22
   0.68266E+03   0.17209E+03   0.60134E+00   0.10306E+22
   0.68294E+03   0.17220E+03   0.60154E+00   0.10308E+22
   0.68323E+03   0.17232E+03   0.60174E+00   0.10311E+22
   0.68351E+03   0.17244E+03   0.60194E+00   0.10313E+22
   0.68380E+03   0.17255E+03   0.60214E+00   0.10315E+22
   0.68408E+03   0.17267E+03   0.60234E+00   0.10317E+22
   0.68437E+03   0.17279E+03   0.60254E+00   0.10320E+22
   0.68465E+03   0.17290E+03   0.60274E+00   0.10322E+22
   0.68493E+03   0.17302E+03   0.60294E+00   0.10324E+22
   0.68522E+03   0.17313E+03   0.60314E+00   0.10327E+22
   0.68550E+03   0.17325E+03   0.60334E+00   0.10329E+22
   0.68579E+03   0.17337E+03   0.60354E+00   0.10331E+22
   0.68607E+03   0.17348E+03   0.60374E+00   0.10333E+22
   0.68636E+03   0.17360E+03   0.60394E+00   0.10336E+22
   0.68664E+03   0.17372E+03   0.60414E+00   0.10338E+22
   0.68693E+03   0.17383E+03   0.60434E+00   0.10340E+22
   0.68721E+03   0.17395E+03   0.60454E+00   0.10343E+22
   0.68750E+03   0.17407E+03   0.60474E+00   0.10345E+22
   0.68778E+03   0.17418E+03   0.60494E+00   0.10347E+22
   0.68807E+03   0.17430E+03   0.60514E+00   0.10350E+22
   0.68835E+03   0.17442E+03   0.60534E+00   0.10352E+22
   0.68864E+03   0.17453E+03   0.60554E+00   0.10354E+22
   0.68892E+03   0.17465E+03   0.60574E+00   0.10356E+22
   0.68921E+03   0.17477E+03   0.60594E+00   0.10359E+22
   0.68949E+03   0.17488E+03   0.60614E+00   0.10361E+22
   0.68978E+03   0.17500E+03   0.60634E+00   0.10363E+22
   0.69006E+03   0.17512E+03   0.60654E+00   0.10366E+22
   0.69035E+03   0.17524E+03   0.60674E+00   0.10368E+22
   0.69063E+03   0.17535E+03   0.60694E+00   0.10370E+22
   0.69092E+03   0.17547E+03   0.60714E+00   0.10373E+22
   0.69120E+03   0.17559E+03   0.60734E+00   0.10375E+22
   0.69149E+03   0.17570E+03   0.60754E+00   0.10377E+22
   0.69178E+03   0.17582E+03   0.60774E+00   0.10380E+22
   0.69206E+03   0.17594E+03   0.60794E+00   0.10382E+22
   0.69235E+03   0.17605E+03   0.60814E+00   0.10384E+22
   0.69263E+03   0.17617E+03   0.60834E+00   0.10387E+22
   0.69292E+03   0.17629E+03   0.60854E+00   0.10389E+22
   0.69320E+03   0.17641E+03   0.60874E+00   0.10391E+22
   0.69349E+03   0.17652E+03   0.60894E+00   0.10393E+22
   0.69377E+03   0.17664E+03   0.60914E+00   0.10396E+22
   0.69406E+03   0.17676E+03   0.60934E+00   0.10398E+22
   0.69435E+03   0.17687E+03   0.60954E+00   0.10400E+22
   0.69463E+03   0.17699E+03   0.60974E+00   0.10403E+22
   0.69492E+03   0.17711E+03   0.60994E+00   0.10405E+22
   0.69520E+03   0.17723E+03   0.61014E+00   0.10407E+22
   0.69549E+03   0.17734E+03   0.61034E+00   0.10410E+22
   0.69578E+03   0.17746E+03   0.61054E+00   0.10412E+22
   0.69606E+03   0.17758E+03   0.61074E+00   0.10414E+22
   0.69635E+03   0.17769E+03   0.61094E+00   0.10417E+22
   0.69663E+03   0.17781E+03   0.61114E+00   0.10419E+22
   0.69692E+03   0.17793E+03   0.61134E+00   0.10421E+22
   0.69721E+03   0.17805E+03   0.61154E+00   0.10424E+22
   0.69749E+03   0.17816E+03   0.61174E+00   0.10426E+22
   0.69778E+03   0.17828E+03   0.61194E+00   0.10428E+22
   0.69807E+03   0.17840E+03   0.61214E+00   0.10431E+22
   0.69835E+03   0.17852E+03   0.61234E+00   0.10433E+22
   0.69864E+03   0.17863E+03   0.61254E+00   0.10435E+22
   0.69893E+03   0.17875E+03   0.61274E+00   0.10438E+22
   0.69921E+03   0.17887E+03   0.61294E+00   0.10440E+22
   0.69950E+03   0.17899E+03   0.61314E+00   0.10442E+22
   0.69978E+03   0.17910E+03   0.61334E+00   0.10445E+22
   0.70007E+03   0.17922E+03   0.61354E+00   0.10447E+22
   0.70036E+03   0.17934E+03   0.61374E+00   0.10449E+22
   0.70064E+03   0.17946E+03   0.61394E+00   0.10451E+22
   0.70093E+03   0.17957E+03   0.61414E+00   0.10454E+22
   0.70122E+03   0.17969E+03   0.61434E+00   0.10456E+22
   0.70151E+03   0.17981E+03   0.61454E+00   0.10458E+22
   0.70179E+03   0.17993E+03   0.61474E+00   0.10461E+22
   0.70208E+03   0.18004E+03   0.61494E+00   0.10463E+22
   0.70237E+03   0.18016E+03   0.61514E+00   0.10465E+22
   0.70265E+03   0.18028E+03   0.61534E+00   0.10468E+22
   0.70294E+03   0.18040E+03   0.61554E+00   0.10470E+22
   0.70323E+03   0.18052E+03   0.61574E+00   0.10472E+22
   0.70351E+03   0.18063E+03   0.61594E+00   0.10475E+22
   0.70380E+03   0.18075E+03   0.61614E+00   0.10477E+22
   0.70409E+03   0.18087E+03   0.61634E+00   0.10479E+22
   0.70438E+03   0.18099E+03   0.61654E+00   0.10482E+22
   0.70466E+03   0.18110E+03   0.61674E+00   0.10484E+22
   0.70495E+03   0.18122E+03   0.61694E+00   0.10486E+22
   0.70524E+03   0.18134E+03   0.61714E+00   0.10489E+22
   0.70552E+03   0.18146E+03   0.61734E+00   0.10491E+22
   0.70581E+03   0.18158E+03   0.61754E+00   0.10494E+22
   0.70610E+03   0.18169E+03   0.61774E+00   0.10496E+22
   0.70639E+03   0.18181E+03   0.61794E+00   0.10498E+22
   0.70667E+03   0.18193E+03   0.61814E+00   0.10501E+22
   0.70696E+03   0.18205E+03   0.61834E+00   0.10503E+22
   0.70725E+03   0.18217E+03   0.61854E+00   0.10505E+22
   0.70754E+03   0.18228E+03   0.61874E+00   0.10508E+22
   0.70782E+03   0.18240E+03   0.61894E+00   0.10510E+22
   0.70811E+03   0.18252E+03   0.61914E+00   0.10512E+22
   0.70840E+03   0.18264E+03   0.61934E+00   0.10515E+22
   0.70869E+03   0.18276E+03   0.61954E+00   0.10517E+22
   0.70898E+03   0.18287E+03   0.61974E+00   0.10519E+22
   0.70926E+03   0.18299E+03   0.61994E+00   0.10522E+22
   0.70955E+03   0.18311E+03   0.62014E+00   0.10524E+22
   0.70984E+03   0.18323E+03   0.62034E+00   0.10526E+22
   0.71013E+03   0.18335E+03   0.62054E+00   0.10529E+22
   0.71041E+03   0.18347E+03   0.62074E+00   0.10531E+22
   0.71070E+03   0.18358E+03   0.62094E+00   0.10533E+22
   0.71099E+03   0.18370E+03   0.62114E+00   0.10536E+22
   0.71128E+03   0.18382E+03   0.62134E+00   0.10538E+22
   0.71157E+03   0.18394E+03   0.62154E+00   0.10540E+22
   0.71186E+03   0.18406E+03   0.62174E+00   0.10543E+22
   0.71214E+03   0.18418E+03   0.62194E+00   0.10545E+22
   0.71243E+03   0.18429E+03   0.62214E+00   0.10547E+22
   0.71272E+03   0.18441E+03   0.62234E+00   0.10550E+22
   0.71301E+03   0.18453E+03   0.62254E+00   0.10552E+22
   0.71330E+03   0.18465E+03   0.62274E+00   0.10555E+22
   0.71359E+03   0.18477E+03   0.62294E+00   0.10557E+22
   0.71387E+03   0.18489E+03   0.62314E+00   0.10559E+22
   0.71416E+03   0.18500E+03   0.62334E+00   0.10562E+22
   0.71445E+03   0.18512E+03   0.62354E+00   0.10564E+22
   0.71474E+03   0.18524E+03   0.62374E+00   0.10566E+22
   0.71503E+03   0.18536E+03   0.62394E+00   0.10569E+22
   0.71532E+03   0.18548E+03   0.62414E+00   0.10571E+22
   0.71561E+03   0.18560E+03   0.62434E+00   0.10573E+22
   0.71589E+03   0.18572E+03   0.62454E+00   0.10576E+22
   0.71618E+03   0.18583E+03   0.62474E+00   0.10578E+22
   0.71647E+03   0.18595E+03   0.62494E+00   0.10580E+22
   0.71676E+03   0.18607E+03   0.62514E+00   0.10583E+22
   0.71705E+03   0.18619E+03   0.62534E+00   0.10585E+22
   0.71734E+03   0.18631E+03   0.62554E+00   0.10588E+22
   0.71763E+03   0.18643E+03   0.62574E+00   0.10590E+22
   0.71792E+03   0.18655E+03   0.62594E+00   0.10592E+22
   0.71820E+03   0.18667E+03   0.62614E+00   0.10595E+22
   0.71849E+03   0.18678E+03   0.62634E+00   0.10597E+22
   0.71878E+03   0.18690E+03   0.62654E+00   0.10599E+22
   0.71907E+03   0.18702E+03   0.62674E+00   0.10602E+22
   0.71936E+03   0.18714E+03   0.62694E+00   0.10604E+22
   0.71965E+03   0.18726E+03   0.62714E+00   0.10606E+22
   0.71994E+03   0.18738E+03   0.62734E+00   0.10609E+22
   0.72023E+03   0.18750E+03   0.62754E+00   0.10611E+22
   0.72052E+03   0.18762E+03   0.62774E+00   0.10614E+22
   0.72081E+03   0.18774E+03   0.62794E+00   0.10616E+22
   0.72110E+03   0.18785E+03   0.62814E+00   0.10618E+22
   0.72139E+03   0.18797E+03   0.62834E+00   0.10621E+22
   0.72168E+03   0.18809E+03   0.62854E+00   0.10623E+22
   0.72197E+03   0.18821E+03   0.62874E+00   0.10625E+22
   0.72226E+03   0.18833E+03   0.62894E+00   0.10628E+22
   0.72254E+03   0.18845E+03   0.62914E+00   0.10630E+22
   0.72283E+03   0.18857E+03   0.62934E+00   0.10632E+22
   0.72312E+03   0.18869E+03   0.62954E+00   0.10635E+22
   0.72341E+03   0.18881E+03   0.62974E+00   0.10637E+22
   0.72370E+03   0.18893E+03   0.62994E+00   0.10640E+22
   0.72399E+03   0.18905E+03   0.63014E+00   0.10642E+22
   0.72428E+03   0.18916E+03   0.63034E+00   0.10644E+22
   0.72457E+03   0.18928E+03   0.63054E+00   0.10647E+22
   0.72486E+03   0.18940E+03   0.63074E+00   0.10649E+22
   0.72515E+03   0.18952E+03   0.63094E+00   0.10651E+22
   0.72544E+03   0.18964E+03   0.63114E+00   0.10654E+22
   0.72573E+03   0.18976E+03   0.63134E+00   0.10656E+22
   0.72602E+03   0.18988E+03   0.63154E+00   0.10659E+22
   0.72631E+03   0.19000E+03   0.63174E+00   0.10661E+22
   0.72660E+03   0.19012E+03   0.63194E+00   0.10663E+22
   0.72689E+03   0.19024E+03   0.63214E+00   0.10666E+22
   0.72718E+03   0.19036E+03   0.63234E+00   0.10668E+22
   0.72747E+03   0.19048E+03   0.63254E+00   0.10671E+22
   0.72776E+03   0.19060E+03   0.63274E+00   0.10673E+22
   0.72805E+03   0.19072E+03   0.63294E+00   0.10675E+22
   0.72834E+03   0.19083E+03   0.63314E+00   0.10678E+22
   0.72863E+03   0.19095E+03   0.63334E+00   0.10680E+22
   0.72892E+03   0.19107E+03   0.63354E+00   0.10682E+22
   0.72922E+03   0.19119E+03   0.63374E+00   0.10685E+22
   0.72951E+03   0.19131E+03   0.63394E+00   0.10687E+22
   0.72980E+03   0.19143E+03   0.63414E+00   0.10690E+22
   0.73009E+03   0.19155E+03   0.63434E+00   0.10692E+22
   0.73038E+03   0.19167E+03   0.63454E+00   0.10694E+22
   0.73067E+03   0.19179E+03   0.63474E+00   0.10697E+22
   0.73096E+03   0.19191E+03   0.63494E+00   0.10699E+22
   0.73125E+03   0.19203E+03   0.63514E+00   0.10702E+22
   0.73154E+03   0.19215E+03   0.63534E+00   0.10704E+22
   0.73183E+03   0.19227E+03   0.63554E+00   0.10706E+22
   0.73212E+03   0.19239E+03   0.63574E+00   0.10709E+22
   0.73241E+03   0.19251E+03   0.63594E+00   0.10711E+22
   0.73270E+03   0.19263E+03   0.63614E+00   0.10713E+22
   0.73299E+03   0.19275E+03   0.63634E+00   0.10716E+22
   0.73329E+03   0.19287E+03   0.63654E+00   0.10718E+22
   0.73358E+03   0.19299E+03   0.63674E+00   0.10721E+22
   0.73387E+03   0.19311E+03   0.63694E+00   0.10723E+22
   0.73416E+03   0.19323E+03   0.63714E+00   0.10725E+22
   0.73445E+03   0.19335E+03   0.63734E+00   0.10728E+22
   0.73474E+03   0.19347E+03   0.63754E+00   0.10730E+22
   0.73503E+03   0.19359E+03   0.63774E+00   0.10733E+22
   0.73532E+03   0.19371E+03   0.63794E+00   0.10735E+22
   0.73561E+03   0.19383E+03   0.63814E+00   0.10737E+22
   0.73591E+03   0.19395E+03   0.63834E+00   0.10740E+22
   0.73620E+03   0.19407E+03   0.63854E+00   0.10742E+22
   0.73649E+03   0.19419E+03   0.63874E+00   0.10745E+22
   0.73678E+03   0.19431E+03   0.63894E+00   0.10747E+22
   0.73707E+03   0.19443E+03   0.63914E+00   0.10749E+22
   0.73736E+03   0.19455E+03   0.63934E+00   0.10752E+22
   0.73765E+03   0.19467E+03   0.63954E+00   0.10754E+22
   0.73795E+03   0.19479E+03   0.63974E+00   0.10757E+22
   0.73824E+03   0.19491E+03   0.63994E+00   0.10759E+22
   0.73853E+03   0.19503E+03   0.64014E+00   0.10761E+22
   0.73882E+03   0.19515E+03   0.64034E+00   0.10764E+22
   0.73911E+03   0.19527E+03   0.64054E+00   0.10766E+22
   0.73940E+03   0.19539E+03   0.64074E+00   0.10769E+22
   0.73970E+03   0.19551E+03   0.64094E+00   0.10771E+22
   0.73999E+03   0.19563E+03   0.64114E+00   0.10773E+22
   0.74028E+03   0.19575E+03   0.64134E+00   0.10776E+22
   0.74057E+03   0.19587E+03   0.64154E+00   0.10778E+22
   0.74086E+03   0.19599E+03   0.64174E+00   0.10781E+22
   0.74116E+03   0.19611E+03   0.64194E+00   0.10783E+22
   0.74145E+03   0.19623E+03   0.64214E+00   0.10785E+22
   0.74174E+03   0.19635E+03   0.64234E+00   0.10788E+22
   0.74203E+03   0.19647E+03   0.64254E+00   0.10790E+22
   0.74232E+03   0.19659E+03   0.64274E+00   0.10793E+22
   0.74262E+03   0.19671E+03   0.64294E+00   0.10795E+22
   0.74291E+03   0.19683E+03   0.64314E+00   0.10797E+22
   0.74320E+03   0.19695E+03   0.64334E+00   0.10800E+22
   0.74349E+03   0.19707E+03   0.64354E+00   0.10802E+22
   0.74379E+03   0.19719E+03   0.64374E+00   0.10805E+22
   0.74408E+03   0.19731E+03   0.64394E+00   0.10807E+22
   0.74437E+03   0.19743E+03   0.64414E+00   0.10809E+22
   0.74466E+03   0.19755E+03   0.64434E+00   0.10812E+22
   0.74496E+03   0.19767E+03   0.64454E+00   0.10814E+22
   0.74525E+03   0.19779E+03   0.64474E+00   0.10817E+22
   0.74554E+03   0.19791E+03   0.64494E+00   0.10819E+22
   0.74583E+03   0.19803E+03   0.64514E+00   0.10821E+22
   0.74613E+03   0.19816E+03   0.64534E+00   0.10824E+22
   0.74642E+03   0.19828E+03   0.64554E+00   0.10826E+22
   0.74671E+03   0.19840E+03   0.64574E+00   0.10829E+22
   0.74700E+03   0.19852E+03   0.64594E+00   0.10831E+22
   0.74730E+03   0.19864E+03   0.64614E+00   0.10834E+22
   0.74759E+03   0.19876E+03   0.64634E+00   0.10836E+22
   0.74788E+03   0.19888E+03   0.64654E+00   0.10838E+22
   0.74818E+03   0.19900E+03   0.64674E+00   0.10841E+22
   0.74847E+03   0.19912E+03   0.64694E+00   0.10843E+22
   0.74876E+03   0.19924E+03   0.64714E+00   0.10846E+22
   0.74905E+03   0.19936E+03   0.64734E+00   0.10848E+22
   0.74935E+03   0.19948E+03   0.64754E+00   0.10850E+22
   0.74964E+03   0.19960E+03   0.64774E+00   0.10853E+22
   0.74993E+03   0.19972E+03   0.64794E+00   0.10855E+22
   0.75023E+03   0.19985E+03   0.64814E+00   0.10858E+22
   0.75052E+03   0.19997E+03   0.64834E+00   0.10860E+22
   0.75081E+03   0.20009E+03   0.64854E+00   0.10863E+22
   0.75111E+03   0.20021E+03   0.64874E+00   0.10865E+22
   0.75140E+03   0.20033E+03   0.64894E+00   0.10867E+22
   0.75169E+03   0.20045E+03   0.64914E+00   0.10870E+22
   0.75199E+03   0.20057E+03   0.64934E+00   0.10872E+22
   0.75228E+03   0.20069E+03   0.64954E+00   0.10875E+22
   0.75257E+03   0.20081E+03   0.64974E+00   0.10877E+22
   0.75287E+03   0.20093E+03   0.64994E+00   0.10880E+22
   0.75316E+03   0.20105E+03   0.65014E+00   0.10882E+22
   0.75345E+03   0.20118E+03   0.65034E+00   0.10884E+22
   0.75375E+03   0.20130E+03   0.65054E+00   0.10887E+22
   0.75404E+03   0.20142E+03   0.65074E+00   0.10889E+22
   0.75433E+03   0.20154E+03   0.65094E+00   0.10892E+22
   0.75463E+03   0.20166E+03   0.65114E+00   0.10894E+22
   0.75492E+03   0.20178E+03   0.65134E+00   0.10897E+22
   0.75522E+03   0.20190E+03   0.65154E+00   0.10899E+22
   0.75551E+03   0.20202E+03   0.65174E+00   0.10901E+22
   0.75580E+03   0.20214E+03   0.65194E+00   0.10904E+22
   0.75610E+03   0.20227E+03   0.65214E+00   0.10906E+22
   0.75639E+03   0.20239E+03   0.65234E+00   0.10909E+22
   0.75669E+03   0.20251E+03   0.65254E+00   0.10911E+22
   0.75698E+03   0.20263E+03   0.65274E+00   0.10914E+22
   0.75727E+03   0.20275E+03   0.65294E+00   0.10916E+22
   0.75757E+03   0.20287E+03   0.65314E+00   0.10918E+22
   0.75786E+03   0.20299E+03   0.65334E+00   0.10921E+22
   0.75816E+03   0.20311E+03   0.65354E+00   0.10923E+22
   0.75845E+03   0.20324E+03   0.65374E+00   0.10926E+22
   0.75874E+03   0.20336E+03   0.65394E+00   0.10928E+22
   0.75904E+03   0.20348E+03   0.65414E+00   0.10931E+22
   0.75933E+03   0.20360E+03   0.65434E+00   0.10933E+22
   0.75963E+03   0.20372E+03   0.65454E+00   0.10935E+22
   0.75992E+03   0.20384E+03   0.65474E+00   0.10938E+22
   0.76022E+03   0.20396E+03   0.65494E+00   0.10940E+22
   0.76051E+03   0.20409E+03   0.65514E+00   0.10943E+22
   0.76080E+03   0.20421E+03   0.65534E+00   0.10945E+22
   0.76110E+03   0.20433E+03   0.65554E+00   0.10948E+22
   0.76139E+03   0.20445E+03   0.65574E+00   0.10950E+22
   0.76169E+03   0.20457E+03   0.65594E+00   0.10952E+22
   0.76198E+03   0.20469E+03   0.65614E+00   0.10955E+22
   0.76228E+03   0.20481E+03   0.65634E+00   0.10957E+22
   0.76257E+03   0.20494E+03   0.65654E+00   0.10960E+22
   0.76287E+03   0.20506E+03   0.65674E+00   0.10962E+22
   0.76316E+03   0.20518E+03   0.65694E+00   0.10965E+22
   0.76346E+03   0.20530E+03   0.65714E+00   0.10967E+22
   0.76375E+03   0.20542E+03   0.65734E+00   0.10970E+22
   0.76405E+03   0.20554E+03   0.65754E+00   0.10972E+22
   0.76434E+03   0.20567E+03   0.65774E+00   0.10974E+22
   0.76464E+03   0.20579E+03   0.65794E+00   0.10977E+22
   0.76493E+03   0.20591E+03   0.65814E+00   0.10979E+22
   0.76523E+03   0.20603E+03   0.65834E+00   0.10982E+22
   0.76552E+03   0.20615E+03   0.65854E+00   0.10984E+22
   0.76582E+03   0.20627E+03   0.65874E+00   0.10987E+22
   0.76611E+03   0.20640E+03   0.65894E+00   0.10989E+22
   0.76641E+03   0.20652E+03   0.65914E+00   0.10992E+22
   0.76670E+03   0.20664E+03   0.65934E+00   0.10994E+22
   0.76700E+03   0.20676E+03   0.65954E+00   0.10996E+22
   0.76729E+03   0.20688E+03   0.65974E+00   0.10999E+22
   0.76759E+03   0.20700E+03   0.65994E+00   0.11001E+22
   0.76788E+03   0.20713E+03   0.66014E+00   0.11004E+22
   0.76818E+03   0.20725E+03   0.66034E+00   0.11006E+22
   0.76847E+03   0.20737E+03   0.66054E+00   0.11009E+22
   0.76877E+03   0.20749E+03   0.66074E+00   0.11011E+22
   0.76907E+03   0.20761E+03   0.66094E+00   0.11014E+22
   0.76936E+03   0.20774E+03   0.66114E+00   0.11016E+22
   0.76966E+03   0.20786E+03   0.66134E+00   0.11018E+22
   0.76995E+03   0.20798E+03   0.66154E+00   0.11021E+22
   0.77025E+03   0.20810E+03   0.66174E+00   0.11023E+22
   0.77054E+03   0.20822E+03   0.66194E+00   0.11026E+22
   0.77084E+03   0.20835E+03   0.66214E+00   0.11028E+22
   0.77114E+03   0.20847E+03   0.66234E+00   0.11031E+22
   0.77143E+03   0.20859E+03   0.66254E+00   0.11033E+22
   0.77173E+03   0.20871E+03   0.66274E+00   0.11036E+22
   0.77202E+03   0.20884E+03   0.66294E+00   0.11038E+22
   0.77232E+03   0.20896E+03   0.66314E+00   0.11041E+22
   0.77261E+03   0.20908E+03   0.66334E+00   0.11043E+22
   0.77291E+03   0.20920E+03   0.66354E+00   0.11045E+22
   0.77321E+03   0.20932E+03   0.66374E+00   0.11048E+22
   0.77350E+03   0.20945E+03   0.66394E+00   0.11050E+22
   0.77380E+03   0.20957E+03   0.66414E+00   0.11053E+22
   0.77409E+03   0.20969E+03   0.66434E+00   0.11055E+22
   0.77439E+03   0.20981E+03   0.66454E+00   0.11058E+22
   0.77469E+03   0.20993E+03   0.66474E+00   0.11060E+22
   0.77498E+03   0.21006E+03   0.66494E+00   0.11063E+22
   0.77528E+03   0.21018E+03   0.66514E+00   0.11065E+22
   0.77558E+03   0.21030E+03   0.66534E+00   0.11068E+22
   0.77587E+03   0.21042E+03   0.66554E+00   0.11070E+22
   0.77617E+03   0.21055E+03   0.66574E+00   0.11072E+22
   0.77647E+03   0.21067E+03   0.66594E+00   0.11075E+22
   0.77676E+03   0.21079E+03   0.66614E+00   0.11077E+22
   0.77706E+03   0.21091E+03   0.66634E+00   0.11080E+22
   0.77735E+03   0.21104E+03   0.66654E+00   0.11082E+22
   0.77765E+03   0.21116E+03   0.66674E+00   0.11085E+22
   0.77795E+03   0.21128E+03   0.66694E+00   0.11087E+22
   0.77824E+03   0.21140E+03   0.66714E+00   0.11090E+22
   0.77854E+03   0.21153E+03   0.66734E+00   0.11092E+22
   0.77884E+03   0.21165E+03   0.66754E+00   0.11095E+22
   0.77914E+03   0.21177E+03   0.66774E+00   0.11097E+22
   0.77943E+03   0.21189E+03   0.66794E+00   0.11100E+22
   0.77973E+03   0.21202E+03   0.66814E+00   0.11102E+22
   0.78003E+03   0.21214E+03   0.66834E+00   0.11104E+22
   0.78032E+03   0.21226E+03   0.66854E+00   0.11107E+22
   0.78062E+03   0.21238E+03   0.66874E+00   0.11109E+22
   0.78092E+03   0.21251E+03   0.66894E+00   0.11112E+22
   0.78121E+03   0.21263E+03   0.66914E+00   0.11114E+22
   0.78151E+03   0.21275E+03   0.66934E+00   0.11117E+22
   0.78181E+03   0.21287E+03   0.66954E+00   0.11119E+22
   0.78210E+03   0.21300E+03   0.66974E+00   0.11122E+22
   0.78240E+03   0.21312E+03   0.66994E+00   0.11124E+22
   0.78270E+03   0.21324E+03   0.67014E+00   0.11127E+22
   0.78300E+03   0.21337E+03   0.67034E+00   0.11129E+22
   0.78329E+03   0.21349E+03   0.67054E+00   0.11132E+22
   0.78359E+03   0.21361E+03   0.67074E+00   0.11134E+22
   0.78389E+03   0.21373E+03   0.67094E+00   0.11137E+22
   0.78419E+03   0.21386E+03   0.67114E+00   0.11139E+22
   0.78448E+03   0.21398E+03   0.67134E+00   0.11141E+22
   0.78478E+03   0.21410E+03   0.67154E+00   0.11144E+22
   0.78508E+03   0.21423E+03   0.67174E+00   0.11146E+22
   0.78538E+03   0.21435E+03   0.67194E+00   0.11149E+22
   0.78567E+03   0.21447E+03   0.67214E+00   0.11151E+22
   0.78597E+03   0.21459E+03   0.67234E+00   0.11154E+22
   0.78627E+03   0.21472E+03   0.67254E+00   0.11156E+22
   0.78657E+03   0.21484E+03   0.67274E+00   0.11159E+22
   0.78686E+03   0.21496E+03   0.67294E+00   0.11161E+22
   0.78716E+03   0.21509E+03   0.67314E+00   0.11164E+22
   0.78746E+03   0.21521E+03   0.67334E+00   0.11166E+22
   0.78776E+03   0.21533E+03   0.67354E+00   0.11169E+22
   0.78806E+03   0.21546E+03   0.67374E+00   0.11171E+22
   0.78835E+03   0.21558E+03   0.67394E+00   0.11174E+22
   0.78865E+03   0.21570E+03   0.67414E+00   0.11176E+22
   0.78895E+03   0.21582E+03   0.67434E+00   0.11179E+22
   0.78925E+03   0.21595E+03   0.67454E+00   0.11181E+22
   0.78955E+03   0.21607E+03   0.67474E+00   0.11184E+22
   0.78984E+03   0.21619E+03   0.67494E+00   0.11186E+22
   0.79014E+03   0.21632E+03   0.67514E+00   0.11189E+22
   0.79044E+03   0.21644E+03   0.67534E+00   0.11191E+22
   0.79074E+03   0.21656E+03   0.67554E+00   0.11193E+22
   0.79104E+03   0.21669E+03   0.67574E+00   0.11196E+22
   0.79133E+03   0.21681E+03   0.67594E+00   0.11198E+22
   0.79163E+03   0.21693E+03   0.67614E+00   0.11201E+22
   0.79193E+03   0.21706E+03   0.67634E+00   0.11203E+22
   0.79223E+03   0.21718E+03   0.67654E+00   0.11206E+22
   0.79253E+03   0.21730E+03   0.67674E+00   0.11208E+22
   0.79283E+03   0.21743E+03   0.67694E+00   0.11211E+22
   0.79312E+03   0.21755E+03   0.67714E+00   0.11213E+22
   0.79342E+03   0.21767E+03   0.67734E+00   0.11216E+22
   0.79372E+03   0.21780E+03   0.67754E+00   0.11218E+22
   0.79402E+03   0.21792E+03   0.67774E+00   0.11221E+22
   0.79432E+03   0.21804E+03   0.67794E+00   0.11223E+22
   0.79462E+03   0.21817E+03   0.67814E+00   0.11226E+22
   0.79492E+03   0.21829E+03   0.67834E+00   0.11228E+22
   0.79522E+03   0.21841E+03   0.67854E+00   0.11231E+22
   0.79551E+03   0.21854E+03   0.67874E+00   0.11233E+22
   0.79581E+03   0.21866E+03   0.67894E+00   0.11236E+22
   0.79611E+03   0.21878E+03   0.67914E+00   0.11238E+22
   0.79641E+03   0.21891E+03   0.67934E+00   0.11241E+22
   0.79671E+03   0.21903E+03   0.67954E+00   0.11243E+22
   0.79701E+03   0.21915E+03   0.67974E+00   0.11246E+22
   0.79731E+03   0.21928E+03   0.67994E+00   0.11248E+22
   0.79761E+03   0.21940E+03   0.68014E+00   0.11251E+22
   0.79791E+03   0.21953E+03   0.68034E+00   0.11253E+22
   0.79820E+03   0.21965E+03   0.68054E+00   0.11256E+22
   0.79850E+03   0.21977E+03   0.68074E+00   0.11258E+22
   0.79880E+03   0.21990E+03   0.68094E+00   0.11261E+22
   0.79910E+03   0.22002E+03   0.68114E+00   0.11263E+22
   0.79940E+03   0.22014E+03   0.68134E+00   0.11266E+22
   0.79970E+03   0.22027E+03   0.68154E+00   0.11268E+22
   0.80000E+03   0.22039E+03   0.68174E+00   0.11271E+22
   0.80030E+03   0.22052E+03   0.68194E+00   0.11273E+22
   0.80060E+03   0.22064E+03   0.68214E+00   0.11276E+22
   0.80090E+03   0.22076E+03   0.68234E+00   0.11278E+22
   0.80120E+03   0.22089E+03   0.68254E+00   0.11281E+22
   0.80150E+03   0.22101E+03   0.68274E+00   0.11283E+22
   0.80180E+03   0.22113E+03   0.68294E+00   0.11286E+22
   0.80210E+03   0.22126E+03   0.68314E+00   0.11288E+22
   0.80240E+03   0.22138E+03   0.68334E+00   0.11291E+22
   0.80270E+03   0.22151E+03   0.68354E+00   0.11293E+22
   0.80300E+03   0.22163E+03   0.68374E+00   0.11296E+22
   0.80330E+03   0.22175E+03   0.68394E+00   0.11298E+22
   0.80360E+03   0.22188E+03   0.68414E+00   0.11301E+22
   0.80389E+03   0.22200E+03   0.68434E+00   0.11303E+22
   0.80419E+03   0.22213E+03   0.68454E+00   0.11306E+22
   0.80449E+03   0.22225E+03   0.68474E+00   0.11308E+22
   0.80479E+03   0.22237E+03   0.68494E+00   0.11311E+22
   0.80509E+03   0.22250E+03   0.68514E+00   0.11313E+22
   0.80539E+03   0.22262E+03   0.68534E+00   0.11316E+22
   0.80569E+03   0.22275E+03   0.68554E+00   0.11318E+22
   0.80599E+03   0.22287E+03   0.68574E+00   0.11321E+22
   0.80629E+03   0.22299E+03   0.68594E+00   0.11323E+22
   0.80659E+03   0.22312E+03   0.68614E+00   0.11326E+22
   0.80689E+03   0.22324E+03   0.68634E+00   0.11328E+22
   0.80720E+03   0.22337E+03   0.68654E+00   0.11331E+22
   0.80750E+03   0.22349E+03   0.68674E+00   0.11333E+22
   0.80780E+03   0.22361E+03   0.68694E+00   0.11336E+22
   0.80810E+03   0.22374E+03   0.68714E+00   0.11338E+22
   0.80840E+03   0.22386E+03   0.68734E+00   0.11341E+22
   0.80870E+03   0.22399E+03   0.68754E+00   0.11343E+22
   0.80900E+03   0.22411E+03   0.68774E+00   0.11346E+22
   0.80930E+03   0.22424E+03   0.68794E+00   0.11348E+22
   0.80960E+03   0.22436E+03   0.68814E+00   0.11351E+22
   0.80990E+03   0.22448E+03   0.68834E+00   0.11353E+22
   0.81020E+03   0.22461E+03   0.68854E+00   0.11356E+22
   0.81050E+03   0.22473E+03   0.68874E+00   0.11358E+22
   0.81080E+03   0.22486E+03   0.68894E+00   0.11361E+22
   0.81110E+03   0.22498E+03   0.68914E+00   0.11363E+22
   0.81140E+03   0.22511E+03   0.68934E+00   0.11366E+22
   0.81170E+03   0.22523E+03   0.68954E+00   0.11368E+22
   0.81200E+03   0.22535E+03   0.68974E+00   0.11371E+22
   0.81230E+03   0.22548E+03   0.68994E+00   0.11373E+22
   0.81260E+03   0.22560E+03   0.69014E+00   0.11376E+22
   0.81291E+03   0.22573E+03   0.69034E+00   0.11378E+22
   0.81321E+03   0.22585E+03   0.69054E+00   0.11381E+22
   0.81351E+03   0.22598E+03   0.69074E+00   0.11383E+22
   0.81381E+03   0.22610E+03   0.69094E+00   0.11386E+22
   0.81411E+03   0.22623E+03   0.69114E+00   0.11388E+22
   0.81441E+03   0.22635E+03   0.69134E+00   0.11391E+22
   0.81471E+03   0.22647E+03   0.69154E+00   0.11393E+22
   0.81501E+03   0.22660E+03   0.69174E+00   0.11396E+22
   0.81531E+03   0.22672E+03   0.69194E+00   0.11398E+22
   0.81562E+03   0.22685E+03   0.69214E+00   0.11401E+22
   0.81592E+03   0.22697E+03   0.69234E+00   0.11403E+22
   0.81622E+03   0.22710E+03   0.69254E+00   0.11406E+22
   0.81652E+03   0.22722E+03   0.69274E+00   0.11408E+22
   0.81682E+03   0.22735E+03   0.69294E+00   0.11411E+22
   0.81712E+03   0.22747E+03   0.69314E+00   0.11413E+22
   0.81742E+03   0.22760E+03   0.69334E+00   0.11416E+22
   0.81772E+03   0.22772E+03   0.69354E+00   0.11418E+22
   0.81803E+03   0.22785E+03   0.69374E+00   0.11421E+22
   0.81833E+03   0.22797E+03   0.69394E+00   0.11423E+22
   0.81863E+03   0.22809E+03   0.69414E+00   0.11426E+22
   0.81893E+03   0.22822E+03   0.69434E+00   0.11428E+22
   0.81923E+03   0.22834E+03   0.69454E+00   0.11431E+22
   0.81953E+03   0.22847E+03   0.69474E+00   0.11433E+22
   0.81984E+03   0.22859E+03   0.69494E+00   0.11436E+22
   0.82014E+03   0.22872E+03   0.69514E+00   0.11438E+22
   0.82044E+03   0.22884E+03   0.69534E+00   0.11441E+22
   0.82074E+03   0.22897E+03   0.69554E+00   0.11444E+22
   0.82104E+03   0.22909E+03   0.69574E+00   0.11446E+22
   0.82135E+03   0.22922E+03   0.69594E+00   0.11449E+22
   0.82165E+03   0.22934E+03   0.69614E+00   0.11451E+22
   0.82195E+03   0.22947E+03   0.69634E+00   0.11454E+22
   0.82225E+03   0.22959E+03   0.69654E+00   0.11456E+22
   0.82255E+03   0.22972E+03   0.69674E+00   0.11459E+22
   0.82286E+03   0.22984E+03   0.69694E+00   0.11461E+22
   0.82316E+03   0.22997E+03   0.69714E+00   0.11464E+22
   0.82346E+03   0.23009E+03   0.69734E+00   0.11466E+22
   0.82376E+03   0.23022E+03   0.69754E+00   0.11469E+22
   0.82406E+03   0.23034E+03   0.69774E+00   0.11471E+22
   0.82437E+03   0.23047E+03   0.69794E+00   0.11474E+22
   0.82467E+03   0.23059E+03   0.69814E+00   0.11476E+22
   0.82497E+03   0.23072E+03   0.69834E+00   0.11479E+22
   0.82527E+03   0.23084E+03   0.69854E+00   0.11481E+22
   0.82558E+03   0.23097E+03   0.69874E+00   0.11484E+22
   0.82588E+03   0.23109E+03   0.69894E+00   0.11486E+22
   0.82618E+03   0.23122E+03   0.69914E+00   0.11489E+22
   0.82648E+03   0.23134E+03   0.69934E+00   0.11491E+22
   0.82679E+03   0.23147E+03   0.69954E+00   0.11494E+22
   0.82709E+03   0.23159E+03   0.69974E+00   0.11497E+22
   0.82739E+03   0.23172E+03   0.69994E+00   0.11499E+22
   0.82769E+03   0.23184E+03   0.70014E+00   0.11502E+22
   0.82800E+03   0.23197E+03   0.70034E+00   0.11504E+22
   0.82830E+03   0.23209E+03   0.70054E+00   0.11507E+22
   0.82860E+03   0.23222E+03   0.70074E+00   0.11509E+22
   0.82890E+03   0.23235E+03   0.70094E+00   0.11512E+22
   0.82921E+03   0.23247E+03   0.70114E+00   0.11514E+22
   0.82951E+03   0.23260E+03   0.70134E+00   0.11517E+22
   0.82981E+03   0.23272E+03   0.70154E+00   0.11519E+22
   0.83012E+03   0.23285E+03   0.70174E+00   0.11522E+22
   0.83042E+03   0.23297E+03   0.70194E+00   0.11524E+22
   0.83072E+03   0.23310E+03   0.70214E+00   0.11527E+22
   0.83102E+03   0.23322E+03   0.70234E+00   0.11529E+22
   0.83133E+03   0.23335E+03   0.70254E+00   0.11532E+22
   0.83163E+03   0.23347E+03   0.70274E+00   0.11534E+22
   0.83193E+03   0.23360E+03   0.70294E+00   0.11537E+22
   0.83224E+03   0.23372E+03   0.70314E+00   0.11540E+22
   0.83254E+03   0.23385E+03   0.70334E+00   0.11542E+22
   0.83284E+03   0.23398E+03   0.70354E+00   0.11545E+22
   0.83315E+03   0.23410E+03   0.70374E+00   0.11547E+22
   0.83345E+03   0.23423E+03   0.70394E+00   0.11550E+22
   0.83375E+03   0.23435E+03   0.70414E+00   0.11552E+22
   0.83406E+03   0.23448E+03   0.70434E+00   0.11555E+22
   0.83436E+03   0.23460E+03   0.70454E+00   0.11557E+22
   0.83466E+03   0.23473E+03   0.70474E+00   0.11560E+22
   0.83497E+03   0.23485E+03   0.70494E+00   0.11562E+22
   0.83527E+03   0.23498E+03   0.70514E+00   0.11565E+22
   0.83557E+03   0.23511E+03   0.70534E+00   0.11567E+22
   0.83588E+03   0.23523E+03   0.70554E+00   0.11570E+22
   0.83618E+03   0.23536E+03   0.70574E+00   0.11573E+22
   0.83649E+03   0.23548E+03   0.70594E+00   0.11575E+22
   0.83679E+03   0.23561E+03   0.70614E+00   0.11578E+22
   0.83709E+03   0.23573E+03   0.70634E+00   0.11580E+22
   0.83740E+03   0.23586E+03   0.70654E+00   0.11583E+22
   0.83770E+03   0.23599E+03   0.70674E+00   0.11585E+22
   0.83800E+03   0.23611E+03   0.70694E+00   0.11588E+22
   0.83831E+03   0.23624E+03   0.70714E+00   0.11590E+22
   0.83861E+03   0.23636E+03   0.70734E+00   0.11593E+22
   0.83892E+03   0.23649E+03   0.70754E+00   0.11595E+22
   0.83922E+03   0.23661E+03   0.70774E+00   0.11598E+22
   0.83952E+03   0.23674E+03   0.70794E+00   0.11600E+22
   0.83983E+03   0.23687E+03   0.70814E+00   0.11603E+22
   0.84013E+03   0.23699E+03   0.70834E+00   0.11606E+22
   0.84044E+03   0.23712E+03   0.70854E+00   0.11608E+22
   0.84074E+03   0.23724E+03   0.70874E+00   0.11611E+22
   0.84104E+03   0.23737E+03   0.70894E+00   0.11613E+22
   0.84135E+03   0.23750E+03   0.70914E+00   0.11616E+22
   0.84165E+03   0.23762E+03   0.70934E+00   0.11618E+22
   0.84196E+03   0.23775E+03   0.70954E+00   0.11621E+22
   0.84226E+03   0.23787E+03   0.70974E+00   0.11623E+22
   0.84257E+03   0.23800E+03   0.70994E+00   0.11626E+22
   0.84287E+03   0.23813E+03   0.71014E+00   0.11628E+22
   0.84318E+03   0.23825E+03   0.71034E+00   0.11631E+22
   0.84348E+03   0.23838E+03   0.71054E+00   0.11634E+22
   0.84378E+03   0.23850E+03   0.71074E+00   0.11636E+22
   0.84409E+03   0.23863E+03   0.71094E+00   0.11639E+22
   0.84439E+03   0.23876E+03   0.71114E+00   0.11641E+22
   0.84470E+03   0.23888E+03   0.71134E+00   0.11644E+22
   0.84500E+03   0.23901E+03   0.71154E+00   0.11646E+22
   0.84531E+03   0.23913E+03   0.71174E+00   0.11649E+22
   0.84561E+03   0.23926E+03   0.71194E+00   0.11651E+22
   0.84592E+03   0.23939E+03   0.71214E+00   0.11654E+22
   0.84622E+03   0.23951E+03   0.71234E+00   0.11656E+22
   0.84653E+03   0.23964E+03   0.71254E+00   0.11659E+22
   0.84683E+03   0.23977E+03   0.71274E+00   0.11662E+22
   0.84714E+03   0.23989E+03   0.71294E+00   0.11664E+22
   0.84744E+03   0.24002E+03   0.71314E+00   0.11667E+22
   0.84775E+03   0.24014E+03   0.71334E+00   0.11669E+22
   0.84805E+03   0.24027E+03   0.71354E+00   0.11672E+22
   0.84836E+03   0.24040E+03   0.71374E+00   0.11674E+22
   0.84866E+03   0.24052E+03   0.71394E+00   0.11677E+22
   0.84897E+03   0.24065E+03   0.71414E+00   0.11679E+22
   0.84927E+03   0.24078E+03   0.71434E+00   0.11682E+22
   0.84958E+03   0.24090E+03   0.71454E+00   0.11685E+22
   0.84988E+03   0.24103E+03   0.71474E+00   0.11687E+22
   0.85019E+03   0.24115E+03   0.71494E+00   0.11690E+22
   0.85049E+03   0.24128E+03   0.71514E+00   0.11692E+22
   0.85080E+03   0.24141E+03   0.71534E+00   0.11695E+22
   0.85110E+03   0.24153E+03   0.71554E+00   0.11697E+22
   0.85141E+03   0.24166E+03   0.71574E+00   0.11700E+22
   0.85171E+03   0.24179E+03   0.71594E+00   0.11702E+22
   0.85202E+03   0.24191E+03   0.71614E+00   0.11705E+22
   0.85233E+03   0.24204E+03   0.71634E+00   0.11708E+22
   0.85263E+03   0.24217E+03   0.71654E+00   0.11710E+22
   0.85294E+03   0.24229E+03   0.71674E+00   0.11713E+22
   0.85324E+03   0.24242E+03   0.71694E+00   0.11715E+22
   0.85355E+03   0.24255E+03   0.71714E+00   0.11718E+22
   0.85385E+03   0.24267E+03   0.71734E+00   0.11720E+22
   0.85416E+03   0.24280E+03   0.71754E+00   0.11723E+22
   0.85447E+03   0.24293E+03   0.71774E+00   0.11725E+22
   0.85477E+03   0.24305E+03   0.71794E+00   0.11728E+22
   0.85508E+03   0.24318E+03   0.71814E+00   0.11731E+22
   0.85538E+03   0.24331E+03   0.71834E+00   0.11733E+22
   0.85569E+03   0.24343E+03   0.71854E+00   0.11736E+22
   0.85599E+03   0.24356E+03   0.71874E+00   0.11738E+22
   0.85630E+03   0.24369E+03   0.71894E+00   0.11741E+22
   0.85661E+03   0.24381E+03   0.71914E+00   0.11743E+22
   0.85691E+03   0.24394E+03   0.71934E+00   0.11746E+22
   0.85722E+03   0.24407E+03   0.71954E+00   0.11748E+22
   0.85753E+03   0.24419E+03   0.71974E+00   0.11751E+22
   0.85783E+03   0.24432E+03   0.71994E+00   0.11754E+22
   0.85814E+03   0.24445E+03   0.72014E+00   0.11756E+22
   0.85844E+03   0.24457E+03   0.72034E+00   0.11759E+22
   0.85875E+03   0.24470E+03   0.72054E+00   0.11761E+22
   0.85906E+03   0.24483E+03   0.72074E+00   0.11764E+22
   0.85936E+03   0.24495E+03   0.72094E+00   0.11766E+22
   0.85967E+03   0.24508E+03   0.72114E+00   0.11769E+22
   0.85998E+03   0.24521E+03   0.72134E+00   0.11772E+22
   0.86028E+03   0.24533E+03   0.72154E+00   0.11774E+22
   0.86059E+03   0.24546E+03   0.72174E+00   0.11777E+22
   0.86089E+03   0.24559E+03   0.72194E+00   0.11779E+22
   0.86120E+03   0.24571E+03   0.72214E+00   0.11782E+22
   0.86151E+03   0.24584E+03   0.72234E+00   0.11784E+22
   0.86181E+03   0.24597E+03   0.72254E+00   0.11787E+22
   0.86212E+03   0.24610E+03   0.72274E+00   0.11790E+22
   0.86243E+03   0.24622E+03   0.72294E+00   0.11792E+22
   0.86273E+03   0.24635E+03   0.72314E+00   0.11795E+22
   0.86304E+03   0.24648E+03   0.72334E+00   0.11797E+22
   0.86335E+03   0.24660E+03   0.72354E+00   0.11800E+22
   0.86366E+03   0.24673E+03   0.72374E+00   0.11802E+22
   0.86396E+03   0.24686E+03   0.72394E+00   0.11805E+22
   0.86427E+03   0.24698E+03   0.72414E+00   0.11808E+22
   0.86458E+03   0.24711E+03   0.72434E+00   0.11810E+22
   0.86488E+03   0.24724E+03   0.72454E+00   0.11813E+22
   0.86519E+03   0.24737E+03   0.72474E+00   0.11815E+22
   0.86550E+03   0.24749E+03   0.72494E+00   0.11818E+22
   0.86580E+03   0.24762E+03   0.72514E+00   0.11820E+22
   0.86611E+03   0.24775E+03   0.72534E+00   0.11823E+22
   0.86642E+03   0.24788E+03   0.72554E+00   0.11826E+22
   0.86673E+03   0.24800E+03   0.72574E+00   0.11828E+22
   0.86703E+03   0.24813E+03   0.72594E+00   0.11831E+22
   0.86734E+03   0.24826E+03   0.72614E+00   0.11833E+22
   0.86765E+03   0.24838E+03   0.72634E+00   0.11836E+22
   0.86795E+03   0.24851E+03   0.72654E+00   0.11838E+22
   0.86826E+03   0.24864E+03   0.72674E+00   0.11841E+22
   0.86857E+03   0.24877E+03   0.72694E+00   0.11844E+22
   0.86888E+03   0.24889E+03   0.72714E+00   0.11846E+22
   0.86918E+03   0.24902E+03   0.72734E+00   0.11849E+22
   0.86949E+03   0.24915E+03   0.72754E+00   0.11851E+22
   0.86980E+03   0.24928E+03   0.72774E+00   0.11854E+22
   0.87011E+03   0.24940E+03   0.72794E+00   0.11856E+22
   0.87041E+03   0.24953E+03   0.72814E+00   0.11859E+22
   0.87072E+03   0.24966E+03   0.72834E+00   0.11862E+22
   0.87103E+03   0.24978E+03   0.72854E+00   0.11864E+22
   0.87134E+03   0.24991E+03   0.72874E+00   0.11867E+22
   0.87164E+03   0.25004E+03   0.72894E+00   0.11869E+22
   0.87195E+03   0.25017E+03   0.72914E+00   0.11872E+22
   0.87226E+03   0.25029E+03   0.72934E+00   0.11874E+22
   0.87257E+03   0.25042E+03   0.72954E+00   0.11877E+22
   0.87288E+03   0.25055E+03   0.72974E+00   0.11880E+22
   0.87318E+03   0.25068E+03   0.72994E+00   0.11882E+22
   0.87349E+03   0.25080E+03   0.73014E+00   0.11885E+22
   0.87380E+03   0.25093E+03   0.73034E+00   0.11887E+22
   0.87411E+03   0.25106E+03   0.73054E+00   0.11890E+22
   0.87442E+03   0.25119E+03   0.73074E+00   0.11892E+22
   0.87472E+03   0.25132E+03   0.73094E+00   0.11895E+22
   0.87503E+03   0.25144E+03   0.73114E+00   0.11898E+22
   0.87534E+03   0.25157E+03   0.73134E+00   0.11900E+22
   0.87565E+03   0.25170E+03   0.73154E+00   0.11903E+22
   0.87596E+03   0.25183E+03   0.73174E+00   0.11905E+22
   0.87627E+03   0.25195E+03   0.73194E+00   0.11908E+22
   0.87657E+03   0.25208E+03   0.73214E+00   0.11911E+22
   0.87688E+03   0.25221E+03   0.73234E+00   0.11913E+22
   0.87719E+03   0.25234E+03   0.73254E+00   0.11916E+22
   0.87750E+03   0.25246E+03   0.73274E+00   0.11918E+22
   0.87781E+03   0.25259E+03   0.73294E+00   0.11921E+22
   0.87812E+03   0.25272E+03   0.73314E+00   0.11923E+22
   0.87842E+03   0.25285E+03   0.73334E+00   0.11926E+22
   0.87873E+03   0.25298E+03   0.73354E+00   0.11929E+22
   0.87904E+03   0.25310E+03   0.73374E+00   0.11931E+22
   0.87935E+03   0.25323E+03   0.73394E+00   0.11934E+22
   0.87966E+03   0.25336E+03   0.73414E+00   0.11936E+22
   0.87997E+03   0.25349E+03   0.73434E+00   0.11939E+22
   0.88028E+03   0.25361E+03   0.73454E+00   0.11942E+22
   0.88058E+03   0.25374E+03   0.73474E+00   0.11944E+22
   0.88089E+03   0.25387E+03   0.73494E+00   0.11947E+22
   0.88120E+03   0.25400E+03   0.73514E+00   0.11949E+22
   0.88151E+03   0.25413E+03   0.73534E+00   0.11952E+22
   0.88182E+03   0.25425E+03   0.73554E+00   0.11954E+22
   0.88213E+03   0.25438E+03   0.73574E+00   0.11957E+22
   0.88244E+03   0.25451E+03   0.73594E+00   0.11960E+22
   0.88275E+03   0.25464E+03   0.73614E+00   0.11962E+22
   0.88306E+03   0.25477E+03   0.73634E+00   0.11965E+22
   0.88336E+03   0.25489E+03   0.73654E+00   0.11967E+22
   0.88367E+03   0.25502E+03   0.73674E+00   0.11970E+22
   0.88398E+03   0.25515E+03   0.73694E+00   0.11973E+22
   0.88429E+03   0.25528E+03   0.73714E+00   0.11975E+22
   0.88460E+03   0.25541E+03   0.73734E+00   0.11978E+22
   0.88491E+03   0.25553E+03   0.73754E+00   0.11980E+22
   0.88522E+03   0.25566E+03   0.73774E+00   0.11983E+22
   0.88553E+03   0.25579E+03   0.73794E+00   0.11986E+22
   0.88584E+03   0.25592E+03   0.73814E+00   0.11988E+22
   0.88615E+03   0.25605E+03   0.73834E+00   0.11991E+22
   0.88646E+03   0.25618E+03   0.73854E+00   0.11993E+22
   0.88677E+03   0.25630E+03   0.73874E+00   0.11996E+22
   0.88708E+03   0.25643E+03   0.73894E+00   0.11999E+22
   0.88739E+03   0.25656E+03   0.73914E+00   0.12001E+22
   0.88770E+03   0.25669E+03   0.73934E+00   0.12004E+22
   0.88801E+03   0.25682E+03   0.73954E+00   0.12006E+22
   0.88831E+03   0.25694E+03   0.73974E+00   0.12009E+22
   0.88862E+03   0.25707E+03   0.73994E+00   0.12011E+22
   0.88893E+03   0.25720E+03   0.74014E+00   0.12014E+22
   0.88924E+03   0.25733E+03   0.74034E+00   0.12017E+22
   0.88955E+03   0.25746E+03   0.74054E+00   0.12019E+22
   0.88986E+03   0.25759E+03   0.74074E+00   0.12022E+22
   0.89017E+03   0.25771E+03   0.74094E+00   0.12024E+22
   0.89048E+03   0.25784E+03   0.74114E+00   0.12027E+22
   0.89079E+03   0.25797E+03   0.74134E+00   0.12030E+22
   0.89110E+03   0.25810E+03   0.74154E+00   0.12032E+22
   0.89141E+03   0.25823E+03   0.74174E+00   0.12035E+22
   0.89172E+03   0.25836E+03   0.74194E+00   0.12037E+22
   0.89203E+03   0.25848E+03   0.74214E+00   0.12040E+22
   0.89234E+03   0.25861E+03   0.74234E+00   0.12043E+22
   0.89265E+03   0.25874E+03   0.74254E+00   0.12045E+22
   0.89296E+03   0.25887E+03   0.74274E+00   0.12048E+22
   0.89327E+03   0.25900E+03   0.74294E+00   0.12050E+22
   0.89358E+03   0.25913E+03   0.74314E+00   0.12053E+22
   0.89389E+03   0.25926E+03   0.74334E+00   0.12056E+22
   0.89420E+03   0.25938E+03   0.74354E+00   0.12058E+22
   0.89451E+03   0.25951E+03   0.74374E+00   0.12061E+22
   0.89482E+03   0.25964E+03   0.74394E+00   0.12063E+22
   0.89514E+03   0.25977E+03   0.74414E+00   0.12066E+22
   0.89545E+03   0.25990E+03   0.74434E+00   0.12069E+22
   0.89576E+03   0.26003E+03   0.74454E+00   0.12071E+22
   0.89607E+03   0.26016E+03   0.74474E+00   0.12074E+22
   0.89638E+03   0.26028E+03   0.74494E+00   0.12076E+22
   0.89669E+03   0.26041E+03   0.74514E+00   0.12079E+22
   0.89700E+03   0.26054E+03   0.74534E+00   0.12082E+22
   0.89731E+03   0.26067E+03   0.74554E+00   0.12084E+22
   0.89762E+03   0.26080E+03   0.74574E+00   0.12087E+22
   0.89793E+03   0.26093E+03   0.74594E+00   0.12089E+22
   0.89824E+03   0.26106E+03   0.74614E+00   0.12092E+22
   0.89855E+03   0.26119E+03   0.74634E+00   0.12095E+22
   0.89886E+03   0.26131E+03   0.74654E+00   0.12097E+22
   0.89917E+03   0.26144E+03   0.74674E+00   0.12100E+22
   0.89948E+03   0.26157E+03   0.74694E+00   0.12102E+22
   0.89979E+03   0.26170E+03   0.74714E+00   0.12105E+22
   0.90011E+03   0.26183E+03   0.74734E+00   0.12108E+22
   0.90042E+03   0.26196E+03   0.74754E+00   0.12110E+22
   0.90073E+03   0.26209E+03   0.74774E+00   0.12113E+22
   0.90104E+03   0.26222E+03   0.74794E+00   0.12116E+22
   0.90135E+03   0.26234E+03   0.74814E+00   0.12118E+22
   0.90166E+03   0.26247E+03   0.74834E+00   0.12121E+22
   0.90197E+03   0.26260E+03   0.74854E+00   0.12123E+22
   0.90228E+03   0.26273E+03   0.74874E+00   0.12126E+22
   0.90259E+03   0.26286E+03   0.74894E+00   0.12129E+22
   0.90291E+03   0.26299E+03   0.74914E+00   0.12131E+22
   0.90322E+03   0.26312E+03   0.74934E+00   0.12134E+22
   0.90353E+03   0.26325E+03   0.74954E+00   0.12136E+22
   0.90384E+03   0.26338E+03   0.74974E+00   0.12139E+22
   0.90415E+03   0.26350E+03   0.74994E+00   0.12142E+22
   0.90446E+03   0.26363E+03   0.75014E+00   0.12144E+22
   0.90477E+03   0.26376E+03   0.75034E+00   0.12147E+22
   0.90509E+03   0.26389E+03   0.75054E+00   0.12149E+22
   0.90540E+03   0.26402E+03   0.75074E+00   0.12152E+22
   0.90571E+03   0.26415E+03   0.75094E+00   0.12155E+22
   0.90602E+03   0.26428E+03   0.75114E+00   0.12157E+22
   0.90633E+03   0.26441E+03   0.75134E+00   0.12160E+22
   0.90664E+03   0.26454E+03   0.75154E+00   0.12162E+22
   0.90696E+03   0.26467E+03   0.75174E+00   0.12165E+22
   0.90727E+03   0.26480E+03   0.75194E+00   0.12168E+22
   0.90758E+03   0.26492E+03   0.75214E+00   0.12170E+22
   0.90789E+03   0.26505E+03   0.75234E+00   0.12173E+22
   0.90820E+03   0.26518E+03   0.75254E+00   0.12176E+22
   0.90851E+03   0.26531E+03   0.75274E+00   0.12178E+22
   0.90883E+03   0.26544E+03   0.75294E+00   0.12181E+22
   0.90914E+03   0.26557E+03   0.75314E+00   0.12183E+22
   0.90945E+03   0.26570E+03   0.75334E+00   0.12186E+22
   0.90976E+03   0.26583E+03   0.75354E+00   0.12189E+22
   0.91007E+03   0.26596E+03   0.75374E+00   0.12191E+22
   0.91039E+03   0.26609E+03   0.75394E+00   0.12194E+22
   0.91070E+03   0.26622E+03   0.75414E+00   0.12196E+22
   0.91101E+03   0.26635E+03   0.75434E+00   0.12199E+22
   0.91132E+03   0.26648E+03   0.75454E+00   0.12202E+22
   0.91163E+03   0.26661E+03   0.75474E+00   0.12204E+22
   0.91195E+03   0.26673E+03   0.75494E+00   0.12207E+22
   0.91226E+03   0.26686E+03   0.75514E+00   0.12210E+22
   0.91257E+03   0.26699E+03   0.75534E+00   0.12212E+22
   0.91288E+03   0.26712E+03   0.75554E+00   0.12215E+22
   0.91320E+03   0.26725E+03   0.75574E+00   0.12217E+22
   0.91351E+03   0.26738E+03   0.75594E+00   0.12220E+22
   0.91382E+03   0.26751E+03   0.75614E+00   0.12223E+22
   0.91413E+03   0.26764E+03   0.75634E+00   0.12225E+22
   0.91445E+03   0.26777E+03   0.75654E+00   0.12228E+22
   0.91476E+03   0.26790E+03   0.75674E+00   0.12230E+22
   0.91507E+03   0.26803E+03   0.75694E+00   0.12233E+22
   0.91538E+03   0.26816E+03   0.75714E+00   0.12236E+22
   0.91570E+03   0.26829E+03   0.75734E+00   0.12238E+22
   0.91601E+03   0.26842E+03   0.75754E+00   0.12241E+22
   0.91632E+03   0.26855E+03   0.75774E+00   0.12244E+22
   0.91663E+03   0.26868E+03   0.75794E+00   0.12246E+22
   0.91695E+03   0.26881E+03   0.75814E+00   0.12249E+22
   0.91726E+03   0.26894E+03   0.75834E+00   0.12251E+22
   0.91757E+03   0.26907E+03   0.75854E+00   0.12254E+22
   0.91789E+03   0.26919E+03   0.75874E+00   0.12257E+22
   0.91820E+03   0.26932E+03   0.75894E+00   0.12259E+22
   0.91851E+03   0.26945E+03   0.75914E+00   0.12262E+22
   0.91882E+03   0.26958E+03   0.75934E+00   0.12265E+22
   0.91914E+03   0.26971E+03   0.75954E+00   0.12267E+22
   0.91945E+03   0.26984E+03   0.75974E+00   0.12270E+22
   0.91976E+03   0.26997E+03   0.75994E+00   0.12272E+22
   0.92008E+03   0.27010E+03   0.76014E+00   0.12275E+22
   0.92039E+03   0.27023E+03   0.76034E+00   0.12278E+22
   0.92070E+03   0.27036E+03   0.76054E+00   0.12280E+22
   0.92102E+03   0.27049E+03   0.76074E+00   0.12283E+22
   0.92133E+03   0.27062E+03   0.76094E+00   0.12286E+22
   0.92164E+03   0.27075E+03   0.76114E+00   0.12288E+22
   0.92196E+03   0.27088E+03   0.76134E+00   0.12291E+22
   0.92227E+03   0.27101E+03   0.76154E+00   0.12293E+22
   0.92258E+03   0.27114E+03   0.76174E+00   0.12296E+22
   0.92290E+03   0.27127E+03   0.76194E+00   0.12299E+22
   0.92321E+03   0.27140E+03   0.76214E+00   0.12301E+22
   0.92352E+03   0.27153E+03   0.76234E+00   0.12304E+22
   0.92384E+03   0.27166E+03   0.76254E+00   0.12307E+22
   0.92415E+03   0.27179E+03   0.76274E+00   0.12309E+22
   0.92446E+03   0.27192E+03   0.76294E+00   0.12312E+22
   0.92478E+03   0.27205E+03   0.76314E+00   0.12314E+22
   0.92509E+03   0.27218E+03   0.76334E+00   0.12317E+22
   0.92541E+03   0.27231E+03   0.76354E+00   0.12320E+22
   0.92572E+03   0.27244E+03   0.76374E+00   0.12322E+22
   0.92603E+03   0.27257E+03   0.76394E+00   0.12325E+22
   0.92635E+03   0.27270E+03   0.76414E+00   0.12328E+22
   0.92666E+03   0.27283E+03   0.76434E+00   0.12330E+22
   0.92697E+03   0.27296E+03   0.76454E+00   0.12333E+22
   0.92729E+03   0.27309E+03   0.76474E+00   0.12335E+22
   0.92760E+03   0.27322E+03   0.76494E+00   0.12338E+22
   0.92792E+03   0.27335E+03   0.76514E+00   0.12341E+22
   0.92823E+03   0.27348E+03   0.76534E+00   0.12343E+22
   0.92854E+03   0.27361E+03   0.76554E+00   0.12346E+22
   0.92886E+03   0.27374E+03   0.76574E+00   0.12349E+22
   0.92917E+03   0.27387E+03   0.76594E+00   0.12351E+22
   0.92949E+03   0.27400E+03   0.76614E+00   0.12354E+22
   0.92980E+03   0.27413E+03   0.76634E+00   0.12356E+22
   0.93012E+03   0.27426E+03   0.76654E+00   0.12359E+22
   0.93043E+03   0.27439E+03   0.76674E+00   0.12362E+22
   0.93074E+03   0.27452E+03   0.76694E+00   0.12364E+22
   0.93106E+03   0.27465E+03   0.76714E+00   0.12367E+22
   0.93137E+03   0.27478E+03   0.76734E+00   0.12370E+22
   0.93169E+03   0.27491E+03   0.76754E+00   0.12372E+22
   0.93200E+03   0.27504E+03   0.76774E+00   0.12375E+22
   0.93232E+03   0.27517E+03   0.76794E+00   0.12378E+22
   0.93263E+03   0.27530E+03   0.76814E+00   0.12380E+22
   0.93294E+03   0.27543E+03   0.76834E+00   0.12383E+22
   0.93326E+03   0.27556E+03   0.76854E+00   0.12385E+22
   0.93357E+03   0.27569E+03   0.76874E+00   0.12388E+22
   0.93389E+03   0.27582E+03   0.76894E+00   0.12391E+22
   0.93420E+03   0.27596E+03   0.76914E+00   0.12393E+22
   0.93452E+03   0.27609E+03   0.76934E+00   0.12396E+22
   0.93483E+03   0.27622E+03   0.76954E+00   0.12399E+22
   0.93515E+03   0.27635E+03   0.76974E+00   0.12401E+22
   0.93546E+03   0.27648E+03   0.76994E+00   0.12404E+22
   0.93578E+03   0.27661E+03   0.77014E+00   0.12407E+22
   0.93609E+03   0.27674E+03   0.77034E+00   0.12409E+22
   0.93641E+03   0.27687E+03   0.77054E+00   0.12412E+22
   0.93672E+03   0.27700E+03   0.77074E+00   0.12414E+22
   0.93704E+03   0.27713E+03   0.77094E+00   0.12417E+22
   0.93735E+03   0.27726E+03   0.77114E+00   0.12420E+22
   0.93767E+03   0.27739E+03   0.77134E+00   0.12422E+22
   0.93798E+03   0.27752E+03   0.77154E+00   0.12425E+22
   0.93830E+03   0.27765E+03   0.77174E+00   0.12428E+22
   0.93861E+03   0.27778E+03   0.77194E+00   0.12430E+22
   0.93893E+03   0.27791E+03   0.77214E+00   0.12433E+22
   0.93924E+03   0.27804E+03   0.77234E+00   0.12436E+22
   0.93956E+03   0.27817E+03   0.77254E+00   0.12438E+22
   0.93987E+03   0.27830E+03   0.77274E+00   0.12441E+22
   0.94019E+03   0.27843E+03   0.77294E+00   0.12443E+22
   0.94050E+03   0.27857E+03   0.77314E+00   0.12446E+22
   0.94082E+03   0.27870E+03   0.77334E+00   0.12449E+22
   0.94113E+03   0.27883E+03   0.77354E+00   0.12451E+22
   0.94145E+03   0.27896E+03   0.77374E+00   0.12454E+22
   0.94177E+03   0.27909E+03   0.77394E+00   0.12457E+22
   0.94208E+03   0.27922E+03   0.77414E+00   0.12459E+22
   0.94240E+03   0.27935E+03   0.77434E+00   0.12462E+22
   0.94271E+03   0.27948E+03   0.77454E+00   0.12465E+22
   0.94303E+03   0.27961E+03   0.77474E+00   0.12467E+22
   0.94334E+03   0.27974E+03   0.77494E+00   0.12470E+22
   0.94366E+03   0.27987E+03   0.77514E+00   0.12473E+22
   0.94397E+03   0.28000E+03   0.77534E+00   0.12475E+22
   0.94429E+03   0.28013E+03   0.77554E+00   0.12478E+22
   0.94461E+03   0.28026E+03   0.77574E+00   0.12480E+22
   0.94492E+03   0.28040E+03   0.77594E+00   0.12483E+22
   0.94524E+03   0.28053E+03   0.77614E+00   0.12486E+22
   0.94555E+03   0.28066E+03   0.77634E+00   0.12488E+22
   0.94587E+03   0.28079E+03   0.77654E+00   0.12491E+22
   0.94619E+03   0.28092E+03   0.77674E+00   0.12494E+22
   0.94650E+03   0.28105E+03   0.77694E+00   0.12496E+22
   0.94682E+03   0.28118E+03   0.77714E+00   0.12499E+22
   0.94713E+03   0.28131E+03   0.77734E+00   0.12502E+22
   0.94745E+03   0.28144E+03   0.77754E+00   0.12504E+22
   0.94777E+03   0.28157E+03   0.77774E+00   0.12507E+22
   0.94808E+03   0.28170E+03   0.77794E+00   0.12510E+22
   0.94840E+03   0.28184E+03   0.77814E+00   0.12512E+22
   0.94871E+03   0.28197E+03   0.77834E+00   0.12515E+22
   0.94903E+03   0.28210E+03   0.77854E+00   0.12518E+22
   0.94935E+03   0.28223E+03   0.77874E+00   0.12520E+22
   0.94966E+03   0.28236E+03   0.77894E+00   0.12523E+22
   0.94998E+03   0.28249E+03   0.77914E+00   0.12525E+22
   0.95030E+03   0.28262E+03   0.77934E+00   0.12528E+22
   0.95061E+03   0.28275E+03   0.77954E+00   0.12531E+22
   0.95093E+03   0.28288E+03   0.77974E+00   0.12533E+22
   0.95125E+03   0.28301E+03   0.77994E+00   0.12536E+22
   0.95156E+03   0.28315E+03   0.78014E+00   0.12539E+22
   0.95188E+03   0.28328E+03   0.78034E+00   0.12541E+22
   0.95219E+03   0.28341E+03   0.78054E+00   0.12544E+22
   0.95251E+03   0.28354E+03   0.78074E+00   0.12547E+22
   0.95283E+03   0.28367E+03   0.78094E+00   0.12549E+22
   0.95314E+03   0.28380E+03   0.78114E+00   0.12552E+22
   0.95346E+03   0.28393E+03   0.78134E+00   0.12555E+22
   0.95378E+03   0.28406E+03   0.78154E+00   0.12557E+22
   0.95410E+03   0.28420E+03   0.78174E+00   0.12560E+22
   0.95441E+03   0.28433E+03   0.78194E+00   0.12563E+22
   0.95473E+03   0.28446E+03   0.78214E+00   0.12565E+22
   0.95505E+03   0.28459E+03   0.78234E+00   0.12568E+22
   0.95536E+03   0.28472E+03   0.78254E+00   0.12571E+22
   0.95568E+03   0.28485E+03   0.78274E+00   0.12573E+22
   0.95600E+03   0.28498E+03   0.78294E+00   0.12576E+22
   0.95631E+03   0.28511E+03   0.78314E+00   0.12578E+22
   0.95663E+03   0.28525E+03   0.78334E+00   0.12581E+22
   0.95695E+03   0.28538E+03   0.78354E+00   0.12584E+22
   0.95726E+03   0.28551E+03   0.78374E+00   0.12586E+22
   0.95758E+03   0.28564E+03   0.78394E+00   0.12589E+22
   0.95790E+03   0.28577E+03   0.78414E+00   0.12592E+22
   0.95822E+03   0.28590E+03   0.78434E+00   0.12594E+22
   0.95853E+03   0.28603E+03   0.78454E+00   0.12597E+22
   0.95885E+03   0.28617E+03   0.78474E+00   0.12600E+22
   0.95917E+03   0.28630E+03   0.78494E+00   0.12602E+22
   0.95949E+03   0.28643E+03   0.78514E+00   0.12605E+22
   0.95980E+03   0.28656E+03   0.78534E+00   0.12608E+22
   0.96012E+03   0.28669E+03   0.78554E+00   0.12610E+22
   0.96044E+03   0.28682E+03   0.78574E+00   0.12613E+22
   0.96076E+03   0.28695E+03   0.78594E+00   0.12616E+22
   0.96107E+03   0.28709E+03   0.78614E+00   0.12618E+22
   0.96139E+03   0.28722E+03   0.78634E+00   0.12621E+22
   0.96171E+03   0.28735E+03   0.78654E+00   0.12624E+22
   0.96203E+03   0.28748E+03   0.78674E+00   0.12626E+22
   0.96234E+03   0.28761E+03   0.78694E+00   0.12629E+22
   0.96266E+03   0.28774E+03   0.78714E+00   0.12632E+22
   0.96298E+03   0.28788E+03   0.78734E+00   0.12634E+22
   0.96330E+03   0.28801E+03   0.78754E+00   0.12637E+22
   0.96361E+03   0.28814E+03   0.78774E+00   0.12640E+22
   0.96393E+03   0.28827E+03   0.78794E+00   0.12642E+22
   0.96425E+03   0.28840E+03   0.78814E+00   0.12645E+22
   0.96457E+03   0.28853E+03   0.78834E+00   0.12648E+22
   0.96489E+03   0.28867E+03   0.78854E+00   0.12650E+22
   0.96520E+03   0.28880E+03   0.78874E+00   0.12653E+22
   0.96552E+03   0.28893E+03   0.78894E+00   0.12656E+22
   0.96584E+03   0.28906E+03   0.78914E+00   0.12658E+22
   0.96616E+03   0.28919E+03   0.78934E+00   0.12661E+22
   0.96648E+03   0.28932E+03   0.78954E+00   0.12664E+22
   0.96679E+03   0.28946E+03   0.78974E+00   0.12666E+22
   0.96711E+03   0.28959E+03   0.78994E+00   0.12669E+22
   0.96743E+03   0.28972E+03   0.79014E+00   0.12671E+22
   0.96775E+03   0.28985E+03   0.79034E+00   0.12674E+22
   0.96807E+03   0.28998E+03   0.79054E+00   0.12677E+22
   0.96839E+03   0.29011E+03   0.79074E+00   0.12679E+22
   0.96870E+03   0.29025E+03   0.79094E+00   0.12682E+22
   0.96902E+03   0.29038E+03   0.79114E+00   0.12685E+22
   0.96934E+03   0.29051E+03   0.79134E+00   0.12687E+22
   0.96966E+03   0.29064E+03   0.79154E+00   0.12690E+22
   0.96998E+03   0.29077E+03   0.79174E+00   0.12693E+22
   0.97030E+03   0.29091E+03   0.79194E+00   0.12695E+22
   0.97061E+03   0.29104E+03   0.79214E+00   0.12698E+22
   0.97093E+03   0.29117E+03   0.79234E+00   0.12701E+22
   0.97125E+03   0.29130E+03   0.79254E+00   0.12703E+22
   0.97157E+03   0.29143E+03   0.79274E+00   0.12706E+22
   0.97189E+03   0.29157E+03   0.79294E+00   0.12709E+22
   0.97221E+03   0.29170E+03   0.79314E+00   0.12711E+22
   0.97253E+03   0.29183E+03   0.79334E+00   0.12714E+22
   0.97284E+03   0.29196E+03   0.79354E+00   0.12717E+22
   0.97316E+03   0.29209E+03   0.79374E+00   0.12719E+22
   0.97348E+03   0.29223E+03   0.79394E+00   0.12722E+22
   0.97380E+03   0.29236E+03   0.79414E+00   0.12725E+22
   0.97412E+03   0.29249E+03   0.79434E+00   0.12727E+22
   0.97444E+03   0.29262E+03   0.79454E+00   0.12730E+22
   0.97476E+03   0.29275E+03   0.79474E+00   0.12733E+22
   0.97508E+03   0.29289E+03   0.79494E+00   0.12735E+22
   0.97540E+03   0.29302E+03   0.79514E+00   0.12738E+22
   0.97572E+03   0.29315E+03   0.79534E+00   0.12741E+22
   0.97603E+03   0.29328E+03   0.79554E+00   0.12743E+22
   0.97635E+03   0.29341E+03   0.79574E+00   0.12746E+22
   0.97667E+03   0.29355E+03   0.79594E+00   0.12749E+22
   0.97699E+03   0.29368E+03   0.79614E+00   0.12751E+22
   0.97731E+03   0.29381E+03   0.79634E+00   0.12754E+22
   0.97763E+03   0.29394E+03   0.79654E+00   0.12757E+22
   0.97795E+03   0.29408E+03   0.79674E+00   0.12759E+22
   0.97827E+03   0.29421E+03   0.79694E+00   0.12762E+22
   0.97859E+03   0.29434E+03   0.79714E+00   0.12765E+22
   0.97891E+03   0.29447E+03   0.79734E+00   0.12767E+22
   0.97923E+03   0.29460E+03   0.79754E+00   0.12770E+22
   0.97955E+03   0.29474E+03   0.79774E+00   0.12773E+22
   0.97987E+03   0.29487E+03   0.79794E+00   0.12776E+22
   0.98019E+03   0.29500E+03   0.79814E+00   0.12778E+22
   0.98050E+03   0.29513E+03   0.79834E+00   0.12781E+22
   0.98082E+03   0.29527E+03   0.79854E+00   0.12784E+22
   0.98114E+03   0.29540E+03   0.79874E+00   0.12786E+22
   0.98146E+03   0.29553E+03   0.79894E+00   0.12789E+22
   0.98178E+03   0.29566E+03   0.79914E+00   0.12792E+22
   0.98210E+03   0.29580E+03   0.79934E+00   0.12794E+22
   0.98242E+03   0.29593E+03   0.79954E+00   0.12797E+22
   0.98274E+03   0.29606E+03   0.79974E+00   0.12800E+22
   0.98306E+03   0.29619E+03   0.79994E+00   0.12802E+22
   0.98338E+03   0.29633E+03   0.80014E+00   0.12805E+22
   0.98370E+03   0.29646E+03   0.80034E+00   0.12808E+22
   0.98402E+03   0.29659E+03   0.80054E+00   0.12810E+22
   0.98434E+03   0.29672E+03   0.80074E+00   0.12813E+22
   0.98466E+03   0.29686E+03   0.80094E+00   0.12816E+22
   0.98498E+03   0.29699E+03   0.80114E+00   0.12818E+22
   0.98530E+03   0.29712E+03   0.80134E+00   0.12821E+22
   0.98562E+03   0.29725E+03   0.80154E+00   0.12824E+22
   0.98594E+03   0.29739E+03   0.80174E+00   0.12826E+22
   0.98626E+03   0.29752E+03   0.80194E+00   0.12829E+22
   0.98658E+03   0.29765E+03   0.80214E+00   0.12832E+22
   0.98690E+03   0.29778E+03   0.80234E+00   0.12834E+22
   0.98722E+03   0.29792E+03   0.80254E+00   0.12837E+22
   0.98754E+03   0.29805E+03   0.80274E+00   0.12840E+22
   0.98786E+03   0.29818E+03   0.80294E+00   0.12842E+22
   0.98818E+03   0.29831E+03   0.80314E+00   0.12845E+22
   0.98850E+03   0.29845E+03   0.80334E+00   0.12848E+22
   0.98882E+03   0.29858E+03   0.80354E+00   0.12850E+22
   0.98915E+03   0.29871E+03   0.80374E+00   0.12853E+22
   0.98947E+03   0.29884E+03   0.80394E+00   0.12856E+22
   0.98979E+03   0.29898E+03   0.80414E+00   0.12858E+22
   0.99011E+03   0.29911E+03   0.80434E+00   0.12861E+22
   0.99043E+03   0.29924E+03   0.80454E+00   0.12864E+22
   0.99075E+03   0.29938E+03   0.80474E+00   0.12866E+22
   0.99107E+03   0.29951E+03   0.80494E+00   0.12869E+22
   0.99139E+03   0.29964E+03   0.80514E+00   0.12872E+22
   0.99171E+03   0.29977E+03   0.80534E+00   0.12875E+22
   0.99203E+03   0.29991E+03   0.80554E+00   0.12877E+22
   0.99235E+03   0.30004E+03   0.80574E+00   0.12880E+22
   0.99267E+03   0.30017E+03   0.80594E+00   0.12883E+22
   0.99299E+03   0.30031E+03   0.80614E+00   0.12885E+22
   0.99331E+03   0.30044E+03   0.80634E+00   0.12888E+22
   0.99364E+03   0.30057E+03   0.80654E+00   0.12891E+22
   0.99396E+03   0.30070E+03   0.80674E+00   0.12893E+22
   0.99428E+03   0.30084E+03   0.80694E+00   0.12896E+22
   0.99460E+03   0.30097E+03   0.80714E+00   0.12899E+22
   0.99492E+03   0.30110E+03   0.80734E+00   0.12901E+22
   0.99524E+03   0.30124E+03   0.80754E+00   0.12904E+22
   0.99556E+03   0.30137E+03   0.80774E+00   0.12907E+22
   0.99588E+03   0.30150E+03   0.80794E+00   0.12909E+22
   0.99620E+03   0.30163E+03   0.80814E+00   0.12912E+22
   0.99652E+03   0.30177E+03   0.80834E+00   0.12915E+22
   0.99685E+03   0.30190E+03   0.80854E+00   0.12917E+22
   0.99717E+03   0.30203E+03   0.80874E+00   0.12920E+22
   0.99749E+03   0.30217E+03   0.80894E+00   0.12923E+22
   0.99781E+03   0.30230E+03   0.80914E+00   0.12925E+22
   0.99813E+03   0.30243E+03   0.80934E+00   0.12928E+22
   0.99845E+03   0.30257E+03   0.80954E+00   0.12931E+22
   0.99877E+03   0.30270E+03   0.80974E+00   0.12934E+22
   0.99910E+03   0.30283E+03   0.80994E+00   0.12936E+22
   0.99942E+03   0.30297E+03   0.81014E+00   0.12939E+22
   0.99974E+03   0.30310E+03   0.81034E+00   0.12942E+22
   0.10001E+04   0.30323E+03   0.81054E+00   0.12944E+22
   0.10004E+04   0.30336E+03   0.81074E+00   0.12947E+22
   0.10007E+04   0.30350E+03   0.81094E+00   0.12950E+22
   0.10010E+04   0.30363E+03   0.81114E+00   0.12952E+22
   0.10013E+04   0.30376E+03   0.81134E+00   0.12955E+22
   0.10017E+04   0.30390E+03   0.81154E+00   0.12958E+22
   0.10020E+04   0.30403E+03   0.81174E+00   0.12960E+22
   0.10023E+04   0.30416E+03   0.81194E+00   0.12963E+22
   0.10026E+04   0.30430E+03   0.81214E+00   0.12966E+22
   0.10030E+04   0.30443E+03   0.81234E+00   0.12968E+22
   0.10033E+04   0.30456E+03   0.81254E+00   0.12971E+22
   0.10036E+04   0.30470E+03   0.81274E+00   0.12974E+22
   0.10039E+04   0.30483E+03   0.81294E+00   0.12976E+22
   0.10042E+04   0.30496E+03   0.81314E+00   0.12979E+22
   0.10046E+04   0.30510E+03   0.81334E+00   0.12982E+22
   0.10049E+04   0.30523E+03   0.81354E+00   0.12985E+22
   0.10052E+04   0.30536E+03   0.81374E+00   0.12987E+22
   0.10055E+04   0.30550E+03   0.81394E+00   0.12990E+22
   0.10059E+04   0.30563E+03   0.81414E+00   0.12993E+22
   0.10062E+04   0.30576E+03   0.81434E+00   0.12995E+22
   0.10065E+04   0.30590E+03   0.81454E+00   0.12998E+22
   0.10068E+04   0.30603E+03   0.81474E+00   0.13001E+22
   0.10071E+04   0.30616E+03   0.81494E+00   0.13003E+22
   0.10075E+04   0.30630E+03   0.81514E+00   0.13006E+22
   0.10078E+04   0.30643E+03   0.81534E+00   0.13009E+22
   0.10081E+04   0.30656E+03   0.81554E+00   0.13011E+22
   0.10084E+04   0.30670E+03   0.81574E+00   0.13014E+22
   0.10088E+04   0.30683E+03   0.81594E+00   0.13017E+22
   0.10091E+04   0.30696E+03   0.81614E+00   0.13020E+22
   0.10094E+04   0.30710E+03   0.81634E+00   0.13022E+22
   0.10097E+04   0.30723E+03   0.81654E+00   0.13025E+22
   0.10100E+04   0.30737E+03   0.81674E+00   0.13028E+22
   0.10104E+04   0.30750E+03   0.81694E+00   0.13030E+22
   0.10107E+04   0.30763E+03   0.81714E+00   0.13033E+22
   0.10110E+04   0.30777E+03   0.81734E+00   0.13036E+22
   0.10113E+04   0.30790E+03   0.81754E+00   0.13038E+22
   0.10117E+04   0.30803E+03   0.81774E+00   0.13041E+22
   0.10120E+04   0.30817E+03   0.81794E+00   0.13044E+22
   0.10123E+04   0.30830E+03   0.81814E+00   0.13046E+22
   0.10126E+04   0.30843E+03   0.81834E+00   0.13049E+22
   0.10129E+04   0.30857E+03   0.81854E+00   0.13052E+22
   0.10133E+04   0.30870E+03   0.81874E+00   0.13055E+22
   0.10136E+04   0.30883E+03   0.81894E+00   0.13057E+22
   0.10139E+04   0.30897E+03   0.81914E+00   0.13060E+22
   0.10142E+04   0.30910E+03   0.81934E+00   0.13063E+22
   0.10146E+04   0.30924E+03   0.81954E+00   0.13065E+22
   0.10149E+04   0.30937E+03   0.81974E+00   0.13068E+22
   0.10152E+04   0.30950E+03   0.81994E+00   0.13071E+22
   0.10155E+04   0.30964E+03   0.82014E+00   0.13073E+22
   0.10159E+04   0.30977E+03   0.82034E+00   0.13076E+22
   0.10162E+04   0.30990E+03   0.82054E+00   0.13079E+22
   0.10165E+04   0.31004E+03   0.82074E+00   0.13082E+22
   0.10168E+04   0.31017E+03   0.82094E+00   0.13084E+22
   0.10172E+04   0.31031E+03   0.82114E+00   0.13087E+22
   0.10175E+04   0.31044E+03   0.82134E+00   0.13090E+22
   0.10178E+04   0.31057E+03   0.82154E+00   0.13092E+22
   0.10181E+04   0.31071E+03   0.82174E+00   0.13095E+22
   0.10184E+04   0.31084E+03   0.82194E+00   0.13098E+22
   0.10188E+04   0.31098E+03   0.82214E+00   0.13100E+22
   0.10191E+04   0.31111E+03   0.82234E+00   0.13103E+22
   0.10194E+04   0.31124E+03   0.82254E+00   0.13106E+22
   0.10197E+04   0.31138E+03   0.82274E+00   0.13108E+22
   0.10201E+04   0.31151E+03   0.82294E+00   0.13111E+22
   0.10204E+04   0.31165E+03   0.82314E+00   0.13114E+22
   0.10207E+04   0.31178E+03   0.82334E+00   0.13117E+22
   0.10210E+04   0.31191E+03   0.82354E+00   0.13119E+22
   0.10214E+04   0.31205E+03   0.82374E+00   0.13122E+22
   0.10217E+04   0.31218E+03   0.82394E+00   0.13125E+22
   0.10220E+04   0.31231E+03   0.82414E+00   0.13127E+22
   0.10223E+04   0.31245E+03   0.82434E+00   0.13130E+22
   0.10227E+04   0.31258E+03   0.82454E+00   0.13133E+22
   0.10230E+04   0.31272E+03   0.82474E+00   0.13135E+22
   0.10233E+04   0.31285E+03   0.82494E+00   0.13138E+22
   0.10236E+04   0.31299E+03   0.82514E+00   0.13141E+22
   0.10239E+04   0.31312E+03   0.82534E+00   0.13144E+22
   0.10243E+04   0.31325E+03   0.82554E+00   0.13146E+22
   0.10246E+04   0.31339E+03   0.82574E+00   0.13149E+22
   0.10249E+04   0.31352E+03   0.82594E+00   0.13152E+22
   0.10252E+04   0.31366E+03   0.82614E+00   0.13154E+22
   0.10256E+04   0.31379E+03   0.82634E+00   0.13157E+22
   0.10259E+04   0.31392E+03   0.82654E+00   0.13160E+22
   0.10262E+04   0.31406E+03   0.82674E+00   0.13163E+22
   0.10265E+04   0.31419E+03   0.82694E+00   0.13165E+22
   0.10269E+04   0.31433E+03   0.82714E+00   0.13168E+22
   0.10272E+04   0.31446E+03   0.82734E+00   0.13171E+22
   0.10275E+04   0.31459E+03   0.82754E+00   0.13173E+22
   0.10278E+04   0.31473E+03   0.82774E+00   0.13176E+22
   0.10282E+04   0.31486E+03   0.82794E+00   0.13179E+22
   0.10285E+04   0.31500E+03   0.82814E+00   0.13181E+22
   0.10288E+04   0.31513E+03   0.82834E+00   0.13184E+22
   0.10291E+04   0.31527E+03   0.82854E+00   0.13187E+22
   0.10295E+04   0.31540E+03   0.82874E+00   0.13190E+22
   0.10298E+04   0.31553E+03   0.82894E+00   0.13192E+22
   0.10301E+04   0.31567E+03   0.82914E+00   0.13195E+22
   0.10304E+04   0.31580E+03   0.82934E+00   0.13198E+22
   0.10308E+04   0.31594E+03   0.82954E+00   0.13200E+22
   0.10311E+04   0.31607E+03   0.82974E+00   0.13203E+22
   0.10314E+04   0.31621E+03   0.82994E+00   0.13206E+22
   0.10317E+04   0.31634E+03   0.83014E+00   0.13208E+22
   0.10321E+04   0.31648E+03   0.83034E+00   0.13211E+22
   0.10324E+04   0.31661E+03   0.83054E+00   0.13214E+22
   0.10327E+04   0.31674E+03   0.83074E+00   0.13217E+22
   0.10330E+04   0.31688E+03   0.83094E+00   0.13219E+22
   0.10334E+04   0.31701E+03   0.83114E+00   0.13222E+22
   0.10337E+04   0.31715E+03   0.83134E+00   0.13225E+22
   0.10340E+04   0.31728E+03   0.83154E+00   0.13227E+22
   0.10343E+04   0.31742E+03   0.83174E+00   0.13230E+22
   0.10347E+04   0.31755E+03   0.83194E+00   0.13233E+22
   0.10350E+04   0.31769E+03   0.83214E+00   0.13236E+22
   0.10353E+04   0.31782E+03   0.83234E+00   0.13238E+22
   0.10356E+04   0.31795E+03   0.83254E+00   0.13241E+22
   0.10360E+04   0.31809E+03   0.83274E+00   0.13244E+22
   0.10363E+04   0.31822E+03   0.83294E+00   0.13246E+22
   0.10366E+04   0.31836E+03   0.83314E+00   0.13249E+22
   0.10369E+04   0.31849E+03   0.83334E+00   0.13252E+22
   0.10373E+04   0.31863E+03   0.83354E+00   0.13255E+22
   0.10376E+04   0.31876E+03   0.83374E+00   0.13257E+22
   0.10379E+04   0.31890E+03   0.83394E+00   0.13260E+22
   0.10382E+04   0.31903E+03   0.83414E+00   0.13263E+22
   0.10386E+04   0.31917E+03   0.83434E+00   0.13265E+22
   0.10389E+04   0.31930E+03   0.83454E+00   0.13268E+22
   0.10392E+04   0.31944E+03   0.83474E+00   0.13271E+22
   0.10395E+04   0.31957E+03   0.83494E+00   0.13274E+22
   0.10399E+04   0.31970E+03   0.83514E+00   0.13276E+22
   0.10402E+04   0.31984E+03   0.83534E+00   0.13279E+22
   0.10405E+04   0.31997E+03   0.83554E+00   0.13282E+22
   0.10408E+04   0.32011E+03   0.83574E+00   0.13284E+22
   0.10412E+04   0.32024E+03   0.83594E+00   0.13287E+22
   0.10415E+04   0.32038E+03   0.83614E+00   0.13290E+22
   0.10418E+04   0.32051E+03   0.83634E+00   0.13292E+22
   0.10421E+04   0.32065E+03   0.83654E+00   0.13295E+22
   0.10425E+04   0.32078E+03   0.83674E+00   0.13298E+22
   0.10428E+04   0.32092E+03   0.83694E+00   0.13301E+22
   0.10431E+04   0.32105E+03   0.83714E+00   0.13303E+22
   0.10434E+04   0.32119E+03   0.83734E+00   0.13306E+22
   0.10438E+04   0.32132E+03   0.83754E+00   0.13309E+22
   0.10441E+04   0.32146E+03   0.83774E+00   0.13311E+22
   0.10444E+04   0.32159E+03   0.83794E+00   0.13314E+22
   0.10447E+04   0.32173E+03   0.83814E+00   0.13317E+22
   0.10451E+04   0.32186E+03   0.83834E+00   0.13320E+22
   0.10454E+04   0.32200E+03   0.83854E+00   0.13322E+22
   0.10457E+04   0.32213E+03   0.83874E+00   0.13325E+22
   0.10461E+04   0.32227E+03   0.83894E+00   0.13328E+22
   0.10464E+04   0.32240E+03   0.83914E+00   0.13330E+22
   0.10467E+04   0.32254E+03   0.83934E+00   0.13333E+22
   0.10470E+04   0.32267E+03   0.83954E+00   0.13336E+22
   0.10474E+04   0.32281E+03   0.83974E+00   0.13339E+22
   0.10477E+04   0.32294E+03   0.83994E+00   0.13341E+22
   0.10480E+04   0.32308E+03   0.84014E+00   0.13344E+22
   0.10483E+04   0.32321E+03   0.84034E+00   0.13347E+22
   0.10487E+04   0.32335E+03   0.84054E+00   0.13350E+22
   0.10490E+04   0.32348E+03   0.84074E+00   0.13352E+22
   0.10493E+04   0.32362E+03   0.84094E+00   0.13355E+22
   0.10496E+04   0.32375E+03   0.84114E+00   0.13358E+22
   0.10500E+04   0.32389E+03   0.84134E+00   0.13360E+22
   0.10503E+04   0.32402E+03   0.84154E+00   0.13363E+22
   0.10506E+04   0.32416E+03   0.84174E+00   0.13366E+22
   0.10510E+04   0.32429E+03   0.84194E+00   0.13369E+22
   0.10513E+04   0.32443E+03   0.84214E+00   0.13371E+22
   0.10516E+04   0.32456E+03   0.84234E+00   0.13374E+22
   0.10519E+04   0.32470E+03   0.84254E+00   0.13377E+22
   0.10523E+04   0.32483E+03   0.84274E+00   0.13379E+22
   0.10526E+04   0.32497E+03   0.84294E+00   0.13382E+22
   0.10529E+04   0.32510E+03   0.84314E+00   0.13385E+22
   0.10532E+04   0.32524E+03   0.84334E+00   0.13388E+22
   0.10536E+04   0.32537E+03   0.84354E+00   0.13390E+22
   0.10539E+04   0.32551E+03   0.84374E+00   0.13393E+22
   0.10542E+04   0.32564E+03   0.84394E+00   0.13396E+22
   0.10545E+04   0.32578E+03   0.84414E+00   0.13398E+22
   0.10549E+04   0.32591E+03   0.84434E+00   0.13401E+22
   0.10552E+04   0.32605E+03   0.84454E+00   0.13404E+22
   0.10555E+04   0.32618E+03   0.84474E+00   0.13407E+22
   0.10559E+04   0.32632E+03   0.84494E+00   0.13409E+22
   0.10562E+04   0.32646E+03   0.84514E+00   0.13412E+22
   0.10565E+04   0.32659E+03   0.84534E+00   0.13415E+22
   0.10568E+04   0.32673E+03   0.84554E+00   0.13417E+22
   0.10572E+04   0.32686E+03   0.84574E+00   0.13420E+22
   0.10575E+04   0.32700E+03   0.84594E+00   0.13423E+22
   0.10578E+04   0.32713E+03   0.84614E+00   0.13426E+22
   0.10581E+04   0.32727E+03   0.84634E+00   0.13428E+22
   0.10585E+04   0.32740E+03   0.84654E+00   0.13431E+22
   0.10588E+04   0.32754E+03   0.84674E+00   0.13434E+22
   0.10591E+04   0.32767E+03   0.84694E+00   0.13437E+22
   0.10595E+04   0.32781E+03   0.84714E+00   0.13439E+22
   0.10598E+04   0.32794E+03   0.84734E+00   0.13442E+22
   0.10601E+04   0.32808E+03   0.84754E+00   0.13445E+22
   0.10604E+04   0.32822E+03   0.84774E+00   0.13447E+22
   0.10608E+04   0.32835E+03   0.84794E+00   0.13450E+22
   0.10611E+04   0.32849E+03   0.84814E+00   0.13453E+22
   0.10614E+04   0.32862E+03   0.84834E+00   0.13456E+22
   0.10617E+04   0.32876E+03   0.84854E+00   0.13458E+22
   0.10621E+04   0.32889E+03   0.84874E+00   0.13461E+22
   0.10624E+04   0.32903E+03   0.84894E+00   0.13464E+22
   0.10627E+04   0.32916E+03   0.84914E+00   0.13467E+22
   0.10631E+04   0.32930E+03   0.84934E+00   0.13469E+22
   0.10634E+04   0.32944E+03   0.84954E+00   0.13472E+22
   0.10637E+04   0.32957E+03   0.84974E+00   0.13475E+22
   0.10640E+04   0.32971E+03   0.84994E+00   0.13477E+22
   0.10644E+04   0.32984E+03   0.85014E+00   0.13480E+22
   0.10647E+04   0.32998E+03   0.85034E+00   0.13483E+22
   0.10650E+04   0.33011E+03   0.85054E+00   0.13486E+22
   0.10654E+04   0.33025E+03   0.85074E+00   0.13488E+22
   0.10657E+04   0.33038E+03   0.85094E+00   0.13491E+22
   0.10660E+04   0.33052E+03   0.85114E+00   0.13494E+22
   0.10663E+04   0.33066E+03   0.85134E+00   0.13497E+22
   0.10667E+04   0.33079E+03   0.85154E+00   0.13499E+22
   0.10670E+04   0.33093E+03   0.85174E+00   0.13502E+22
   0.10673E+04   0.33106E+03   0.85194E+00   0.13505E+22
   0.10677E+04   0.33120E+03   0.85214E+00   0.13507E+22
   0.10680E+04   0.33133E+03   0.85234E+00   0.13510E+22
   0.10683E+04   0.33147E+03   0.85254E+00   0.13513E+22
   0.10686E+04   0.33161E+03   0.85274E+00   0.13516E+22
   0.10690E+04   0.33174E+03   0.85294E+00   0.13518E+22
   0.10693E+04   0.33188E+03   0.85314E+00   0.13521E+22
   0.10696E+04   0.33201E+03   0.85334E+00   0.13524E+22
   0.10700E+04   0.33215E+03   0.85354E+00   0.13527E+22
   0.10703E+04   0.33229E+03   0.85374E+00   0.13529E+22
   0.10706E+04   0.33242E+03   0.85394E+00   0.13532E+22
   0.10709E+04   0.33256E+03   0.85414E+00   0.13535E+22
   0.10713E+04   0.33269E+03   0.85434E+00   0.13537E+22
   0.10716E+04   0.33283E+03   0.85454E+00   0.13540E+22
   0.10719E+04   0.33296E+03   0.85474E+00   0.13543E+22
   0.10723E+04   0.33310E+03   0.85494E+00   0.13546E+22
   0.10726E+04   0.33324E+03   0.85514E+00   0.13548E+22
   0.10729E+04   0.33337E+03   0.85534E+00   0.13551E+22
   0.10732E+04   0.33351E+03   0.85554E+00   0.13554E+22
   0.10736E+04   0.33364E+03   0.85574E+00   0.13557E+22
   0.10739E+04   0.33378E+03   0.85594E+00   0.13559E+22
   0.10742E+04   0.33392E+03   0.85614E+00   0.13562E+22
   0.10746E+04   0.33405E+03   0.85634E+00   0.13565E+22
   0.10749E+04   0.33419E+03   0.85654E+00   0.13567E+22
   0.10752E+04   0.33432E+03   0.85674E+00   0.13570E+22
   0.10755E+04   0.33446E+03   0.85694E+00   0.13573E+22
   0.10759E+04   0.33460E+03   0.85714E+00   0.13576E+22
   0.10762E+04   0.33473E+03   0.85734E+00   0.13578E+22
   0.10765E+04   0.33487E+03   0.85754E+00   0.13581E+22
   0.10769E+04   0.33500E+03   0.85774E+00   0.13584E+22
   0.10772E+04   0.33514E+03   0.85794E+00   0.13587E+22
   0.10775E+04   0.33528E+03   0.85814E+00   0.13589E+22
   0.10778E+04   0.33541E+03   0.85834E+00   0.13592E+22
   0.10782E+04   0.33555E+03   0.85854E+00   0.13595E+22
   0.10785E+04   0.33569E+03   0.85874E+00   0.13598E+22
   0.10788E+04   0.33582E+03   0.85894E+00   0.13600E+22
   0.10792E+04   0.33596E+03   0.85914E+00   0.13603E+22
   0.10795E+04   0.33609E+03   0.85934E+00   0.13606E+22
   0.10798E+04   0.33623E+03   0.85954E+00   0.13608E+22
   0.10802E+04   0.33637E+03   0.85974E+00   0.13611E+22
   0.10805E+04   0.33650E+03   0.85994E+00   0.13614E+22
   0.10808E+04   0.33664E+03   0.86014E+00   0.13617E+22
   0.10811E+04   0.33678E+03   0.86034E+00   0.13619E+22
   0.10815E+04   0.33691E+03   0.86054E+00   0.13622E+22
   0.10818E+04   0.33705E+03   0.86074E+00   0.13625E+22
   0.10821E+04   0.33718E+03   0.86094E+00   0.13628E+22
   0.10825E+04   0.33732E+03   0.86114E+00   0.13630E+22
   0.10828E+04   0.33746E+03   0.86134E+00   0.13633E+22
   0.10831E+04   0.33759E+03   0.86154E+00   0.13636E+22
   0.10834E+04   0.33773E+03   0.86174E+00   0.13639E+22
   0.10838E+04   0.33787E+03   0.86194E+00   0.13641E+22
   0.10841E+04   0.33800E+03   0.86214E+00   0.13644E+22
   0.10844E+04   0.33814E+03   0.86234E+00   0.13647E+22
   0.10848E+04   0.33827E+03   0.86254E+00   0.13650E+22
   0.10851E+04   0.33841E+03   0.86274E+00   0.13652E+22
   0.10854E+04   0.33855E+03   0.86294E+00   0.13655E+22
   0.10858E+04   0.33868E+03   0.86314E+00   0.13658E+22
   0.10861E+04   0.33882E+03   0.86334E+00   0.13660E+22
   0.10864E+04   0.33896E+03   0.86354E+00   0.13663E+22
   0.10867E+04   0.33909E+03   0.86374E+00   0.13666E+22
   0.10871E+04   0.33923E+03   0.86394E+00   0.13669E+22
   0.10874E+04   0.33937E+03   0.86414E+00   0.13671E+22
   0.10877E+04   0.33950E+03   0.86434E+00   0.13674E+22
   0.10881E+04   0.33964E+03   0.86454E+00   0.13677E+22
   0.10884E+04   0.33978E+03   0.86474E+00   0.13680E+22
   0.10887E+04   0.33991E+03   0.86494E+00   0.13682E+22
   0.10891E+04   0.34005E+03   0.86514E+00   0.13685E+22
   0.10894E+04   0.34018E+03   0.86534E+00   0.13688E+22
   0.10897E+04   0.34032E+03   0.86554E+00   0.13691E+22
   0.10901E+04   0.34046E+03   0.86574E+00   0.13693E+22
   0.10904E+04   0.34059E+03   0.86594E+00   0.13696E+22
   0.10907E+04   0.34073E+03   0.86614E+00   0.13699E+22
   0.10910E+04   0.34087E+03   0.86634E+00   0.13702E+22
   0.10914E+04   0.34100E+03   0.86654E+00   0.13704E+22
   0.10917E+04   0.34114E+03   0.86674E+00   0.13707E+22
   0.10920E+04   0.34128E+03   0.86694E+00   0.13710E+22
   0.10924E+04   0.34141E+03   0.86714E+00   0.13713E+22
   0.10927E+04   0.34155E+03   0.86734E+00   0.13715E+22
   0.10930E+04   0.34169E+03   0.86754E+00   0.13718E+22
   0.10934E+04   0.34182E+03   0.86774E+00   0.13721E+22
   0.10937E+04   0.34196E+03   0.86794E+00   0.13724E+22
   0.10940E+04   0.34210E+03   0.86814E+00   0.13726E+22
   0.10944E+04   0.34223E+03   0.86834E+00   0.13729E+22
   0.10947E+04   0.34237E+03   0.86854E+00   0.13732E+22
   0.10950E+04   0.34251E+03   0.86874E+00   0.13734E+22
   0.10953E+04   0.34264E+03   0.86894E+00   0.13737E+22
   0.10957E+04   0.34278E+03   0.86914E+00   0.13740E+22
   0.10960E+04   0.34292E+03   0.86934E+00   0.13743E+22
   0.10963E+04   0.34305E+03   0.86954E+00   0.13745E+22
   0.10967E+04   0.34319E+03   0.86974E+00   0.13748E+22
   0.10970E+04   0.34333E+03   0.86994E+00   0.13751E+22
   0.10973E+04   0.34347E+03   0.87014E+00   0.13754E+22
   0.10977E+04   0.34360E+03   0.87034E+00   0.13756E+22
   0.10980E+04   0.34374E+03   0.87054E+00   0.13759E+22
   0.10983E+04   0.34388E+03   0.87074E+00   0.13762E+22
   0.10987E+04   0.34401E+03   0.87094E+00   0.13765E+22
   0.10990E+04   0.34415E+03   0.87114E+00   0.13767E+22
   0.10993E+04   0.34429E+03   0.87134E+00   0.13770E+22
   0.10996E+04   0.34442E+03   0.87154E+00   0.13773E+22
   0.11000E+04   0.34456E+03   0.87174E+00   0.13776E+22
   0.11003E+04   0.34470E+03   0.87194E+00   0.13778E+22
   0.11006E+04   0.34483E+03   0.87214E+00   0.13781E+22
   0.11010E+04   0.34497E+03   0.87234E+00   0.13784E+22
   0.11013E+04   0.34511E+03   0.87254E+00   0.13787E+22
   0.11016E+04   0.34525E+03   0.87274E+00   0.13789E+22
   0.11020E+04   0.34538E+03   0.87294E+00   0.13792E+22
   0.11023E+04   0.34552E+03   0.87314E+00   0.13795E+22
   0.11026E+04   0.34566E+03   0.87334E+00   0.13798E+22
   0.11030E+04   0.34579E+03   0.87354E+00   0.13800E+22
   0.11033E+04   0.34593E+03   0.87374E+00   0.13803E+22
   0.11036E+04   0.34607E+03   0.87394E+00   0.13806E+22
   0.11040E+04   0.34620E+03   0.87414E+00   0.13809E+22
   0.11043E+04   0.34634E+03   0.87434E+00   0.13811E+22
   0.11046E+04   0.34648E+03   0.87454E+00   0.13814E+22
   0.11050E+04   0.34662E+03   0.87474E+00   0.13817E+22
   0.11053E+04   0.34675E+03   0.87494E+00   0.13820E+22
   0.11056E+04   0.34689E+03   0.87514E+00   0.13822E+22
   0.11060E+04   0.34703E+03   0.87534E+00   0.13825E+22
   0.11063E+04   0.34716E+03   0.87554E+00   0.13828E+22
   0.11066E+04   0.34730E+03   0.87574E+00   0.13831E+22
   0.11069E+04   0.34744E+03   0.87594E+00   0.13833E+22
   0.11073E+04   0.34758E+03   0.87614E+00   0.13836E+22
   0.11076E+04   0.34771E+03   0.87634E+00   0.13839E+22
   0.11079E+04   0.34785E+03   0.87654E+00   0.13842E+22
   0.11083E+04   0.34799E+03   0.87674E+00   0.13844E+22
   0.11086E+04   0.34812E+03   0.87694E+00   0.13847E+22
   0.11089E+04   0.34826E+03   0.87714E+00   0.13850E+22
   0.11093E+04   0.34840E+03   0.87734E+00   0.13853E+22
   0.11096E+04   0.34854E+03   0.87754E+00   0.13855E+22
   0.11099E+04   0.34867E+03   0.87774E+00   0.13858E+22
   0.11103E+04   0.34881E+03   0.87794E+00   0.13861E+22
   0.11106E+04   0.34895E+03   0.87814E+00   0.13864E+22
   0.11109E+04   0.34909E+03   0.87834E+00   0.13866E+22
   0.11113E+04   0.34922E+03   0.87854E+00   0.13869E+22
   0.11116E+04   0.34936E+03   0.87874E+00   0.13872E+22
   0.11119E+04   0.34950E+03   0.87894E+00   0.13875E+22
   0.11123E+04   0.34963E+03   0.87914E+00   0.13877E+22
   0.11126E+04   0.34977E+03   0.87934E+00   0.13880E+22
   0.11129E+04   0.34991E+03   0.87954E+00   0.13883E+22
   0.11133E+04   0.35005E+03   0.87974E+00   0.13886E+22
   0.11136E+04   0.35018E+03   0.87994E+00   0.13888E+22
   0.11139E+04   0.35032E+03   0.88014E+00   0.13891E+22
   0.11143E+04   0.35046E+03   0.88034E+00   0.13894E+22
   0.11146E+04   0.35060E+03   0.88054E+00   0.13897E+22
   0.11149E+04   0.35073E+03   0.88074E+00   0.13899E+22
   0.11153E+04   0.35087E+03   0.88094E+00   0.13902E+22
   0.11156E+04   0.35101E+03   0.88114E+00   0.13905E+22
   0.11159E+04   0.35115E+03   0.88134E+00   0.13908E+22
   0.11163E+04   0.35128E+03   0.88154E+00   0.13910E+22
   0.11166E+04   0.35142E+03   0.88174E+00   0.13913E+22
   0.11169E+04   0.35156E+03   0.88194E+00   0.13916E+22
   0.11173E+04   0.35170E+03   0.88214E+00   0.13919E+22
   0.11176E+04   0.35183E+03   0.88234E+00   0.13921E+22
   0.11179E+04   0.35197E+03   0.88254E+00   0.13924E+22
   0.11183E+04   0.35211E+03   0.88274E+00   0.13927E+22
   0.11186E+04   0.35225E+03   0.88294E+00   0.13930E+22
   0.11189E+04   0.35238E+03   0.88314E+00   0.13932E+22
   0.11193E+04   0.35252E+03   0.88334E+00   0.13935E+22
   0.11196E+04   0.35266E+03   0.88354E+00   0.13938E+22
   0.11199E+04   0.35280E+03   0.88374E+00   0.13941E+22
   0.11203E+04   0.35293E+03   0.88394E+00   0.13943E+22
   0.11206E+04   0.35307E+03   0.88414E+00   0.13946E+22
   0.11209E+04   0.35321E+03   0.88434E+00   0.13949E+22
   0.11213E+04   0.35335E+03   0.88454E+00   0.13952E+22
   0.11216E+04   0.35348E+03   0.88474E+00   0.13955E+22
   0.11219E+04   0.35362E+03   0.88494E+00   0.13957E+22
   0.11223E+04   0.35376E+03   0.88514E+00   0.13960E+22
   0.11226E+04   0.35390E+03   0.88534E+00   0.13963E+22
   0.11229E+04   0.35404E+03   0.88554E+00   0.13966E+22
   0.11233E+04   0.35417E+03   0.88574E+00   0.13968E+22
   0.11236E+04   0.35431E+03   0.88594E+00   0.13971E+22
   0.11239E+04   0.35445E+03   0.88614E+00   0.13974E+22
   0.11243E+04   0.35459E+03   0.88634E+00   0.13977E+22
   0.11246E+04   0.35472E+03   0.88654E+00   0.13979E+22
   0.11249E+04   0.35486E+03   0.88674E+00   0.13982E+22
   0.11253E+04   0.35500E+03   0.88694E+00   0.13985E+22
   0.11256E+04   0.35514E+03   0.88714E+00   0.13988E+22
   0.11259E+04   0.35528E+03   0.88734E+00   0.13990E+22
   0.11263E+04   0.35541E+03   0.88754E+00   0.13993E+22
   0.11266E+04   0.35555E+03   0.88774E+00   0.13996E+22
   0.11269E+04   0.35569E+03   0.88794E+00   0.13999E+22
   0.11273E+04   0.35583E+03   0.88814E+00   0.14001E+22
   0.11276E+04   0.35597E+03   0.88834E+00   0.14004E+22
   0.11279E+04   0.35610E+03   0.88854E+00   0.14007E+22
   0.11283E+04   0.35624E+03   0.88874E+00   0.14010E+22
   0.11286E+04   0.35638E+03   0.88894E+00   0.14012E+22
   0.11289E+04   0.35652E+03   0.88914E+00   0.14015E+22
   0.11293E+04   0.35665E+03   0.88934E+00   0.14018E+22
   0.11296E+04   0.35679E+03   0.88954E+00   0.14021E+22
   0.11299E+04   0.35693E+03   0.88974E+00   0.14023E+22
   0.11303E+04   0.35707E+03   0.88994E+00   0.14026E+22
   0.11306E+04   0.35721E+03   0.89014E+00   0.14029E+22
   0.11309E+04   0.35734E+03   0.89034E+00   0.14032E+22
   0.11313E+04   0.35748E+03   0.89054E+00   0.14035E+22
   0.11316E+04   0.35762E+03   0.89074E+00   0.14037E+22
   0.11319E+04   0.35776E+03   0.89094E+00   0.14040E+22
   0.11323E+04   0.35790E+03   0.89114E+00   0.14043E+22
   0.11326E+04   0.35803E+03   0.89134E+00   0.14046E+22
   0.11329E+04   0.35817E+03   0.89154E+00   0.14048E+22
   0.11333E+04   0.35831E+03   0.89174E+00   0.14051E+22
   0.11336E+04   0.35845E+03   0.89194E+00   0.14054E+22
   0.11339E+04   0.35859E+03   0.89214E+00   0.14057E+22
   0.11343E+04   0.35873E+03   0.89234E+00   0.14059E+22
   0.11346E+04   0.35886E+03   0.89254E+00   0.14062E+22
   0.11350E+04   0.35900E+03   0.89274E+00   0.14065E+22
   0.11353E+04   0.35914E+03   0.89294E+00   0.14068E+22
   0.11356E+04   0.35928E+03   0.89314E+00   0.14070E+22
   0.11360E+04   0.35942E+03   0.89334E+00   0.14073E+22
   0.11363E+04   0.35955E+03   0.89354E+00   0.14076E+22
   0.11366E+04   0.35969E+03   0.89374E+00   0.14079E+22
   0.11370E+04   0.35983E+03   0.89394E+00   0.14082E+22
   0.11373E+04   0.35997E+03   0.89414E+00   0.14084E+22
   0.11376E+04   0.36011E+03   0.89434E+00   0.14087E+22
   0.11380E+04   0.36025E+03   0.89454E+00   0.14090E+22
   0.11383E+04   0.36038E+03   0.89474E+00   0.14093E+22
   0.11386E+04   0.36052E+03   0.89494E+00   0.14095E+22
   0.11390E+04   0.36066E+03   0.89514E+00   0.14098E+22
   0.11393E+04   0.36080E+03   0.89534E+00   0.14101E+22
   0.11396E+04   0.36094E+03   0.89554E+00   0.14104E+22
   0.11400E+04   0.36107E+03   0.89574E+00   0.14106E+22
   0.11403E+04   0.36121E+03   0.89594E+00   0.14109E+22
   0.11406E+04   0.36135E+03   0.89614E+00   0.14112E+22
   0.11410E+04   0.36149E+03   0.89634E+00   0.14115E+22
   0.11413E+04   0.36163E+03   0.89654E+00   0.14117E+22
   0.11417E+04   0.36177E+03   0.89674E+00   0.14120E+22
   0.11420E+04   0.36190E+03   0.89694E+00   0.14123E+22
   0.11423E+04   0.36204E+03   0.89714E+00   0.14126E+22
   0.11427E+04   0.36218E+03   0.89734E+00   0.14129E+22
   0.11430E+04   0.36232E+03   0.89754E+00   0.14131E+22
   0.11433E+04   0.36246E+03   0.89774E+00   0.14134E+22
   0.11437E+04   0.36260E+03   0.89794E+00   0.14137E+22
   0.11440E+04   0.36274E+03   0.89814E+00   0.14140E+22
   0.11443E+04   0.36287E+03   0.89834E+00   0.14142E+22
   0.11447E+04   0.36301E+03   0.89854E+00   0.14145E+22
   0.11450E+04   0.36315E+03   0.89874E+00   0.14148E+22
   0.11453E+04   0.36329E+03   0.89894E+00   0.14151E+22
   0.11457E+04   0.36343E+03   0.89914E+00   0.14153E+22
   0.11460E+04   0.36357E+03   0.89934E+00   0.14156E+22
   0.11463E+04   0.36370E+03   0.89954E+00   0.14159E+22
   0.11467E+04   0.36384E+03   0.89974E+00   0.14162E+22
   0.11470E+04   0.36398E+03   0.89994E+00   0.14165E+22
   0.11474E+04   0.36412E+03   0.90014E+00   0.14167E+22
   0.11477E+04   0.36426E+03   0.90034E+00   0.14170E+22
   0.11480E+04   0.36440E+03   0.90054E+00   0.14173E+22
   0.11484E+04   0.36454E+03   0.90074E+00   0.14176E+22
   0.11487E+04   0.36467E+03   0.90094E+00   0.14178E+22
   0.11490E+04   0.36481E+03   0.90114E+00   0.14181E+22
   0.11494E+04   0.36495E+03   0.90134E+00   0.14184E+22
   0.11497E+04   0.36509E+03   0.90154E+00   0.14187E+22
   0.11500E+04   0.36523E+03   0.90174E+00   0.14189E+22
   0.11504E+04   0.36537E+03   0.90194E+00   0.14192E+22
   0.11507E+04   0.36551E+03   0.90214E+00   0.14195E+22
   0.11511E+04   0.36565E+03   0.90234E+00   0.14198E+22
   0.11514E+04   0.36578E+03   0.90254E+00   0.14201E+22
   0.11517E+04   0.36592E+03   0.90274E+00   0.14203E+22
   0.11521E+04   0.36606E+03   0.90294E+00   0.14206E+22
   0.11524E+04   0.36620E+03   0.90314E+00   0.14209E+22
   0.11527E+04   0.36634E+03   0.90334E+00   0.14212E+22
   0.11531E+04   0.36648E+03   0.90354E+00   0.14214E+22
   0.11534E+04   0.36662E+03   0.90374E+00   0.14217E+22
   0.11537E+04   0.36676E+03   0.90394E+00   0.14220E+22
   0.11541E+04   0.36689E+03   0.90414E+00   0.14223E+22
   0.11544E+04   0.36703E+03   0.90434E+00   0.14225E+22
   0.11548E+04   0.36717E+03   0.90454E+00   0.14228E+22
   0.11551E+04   0.36731E+03   0.90474E+00   0.14231E+22
   0.11554E+04   0.36745E+03   0.90494E+00   0.14234E+22
   0.11558E+04   0.36759E+03   0.90514E+00   0.14237E+22
   0.11561E+04   0.36773E+03   0.90534E+00   0.14239E+22
   0.11564E+04   0.36787E+03   0.90554E+00   0.14242E+22
   0.11568E+04   0.36800E+03   0.90574E+00   0.14245E+22
   0.11571E+04   0.36814E+03   0.90594E+00   0.14248E+22
   0.11574E+04   0.36828E+03   0.90614E+00   0.14250E+22
   0.11578E+04   0.36842E+03   0.90634E+00   0.14253E+22
   0.11581E+04   0.36856E+03   0.90654E+00   0.14256E+22
   0.11585E+04   0.36870E+03   0.90674E+00   0.14259E+22
   0.11588E+04   0.36884E+03   0.90694E+00   0.14262E+22
   0.11591E+04   0.36898E+03   0.90714E+00   0.14264E+22
   0.11595E+04   0.36912E+03   0.90734E+00   0.14267E+22
   0.11598E+04   0.36926E+03   0.90754E+00   0.14270E+22
   0.11601E+04   0.36939E+03   0.90774E+00   0.14273E+22
   0.11605E+04   0.36953E+03   0.90794E+00   0.14275E+22
   0.11608E+04   0.36967E+03   0.90814E+00   0.14278E+22
   0.11612E+04   0.36981E+03   0.90834E+00   0.14281E+22
   0.11615E+04   0.36995E+03   0.90854E+00   0.14284E+22
   0.11618E+04   0.37009E+03   0.90874E+00   0.14287E+22
   0.11622E+04   0.37023E+03   0.90894E+00   0.14289E+22
   0.11625E+04   0.37037E+03   0.90914E+00   0.14292E+22
   0.11628E+04   0.37051E+03   0.90934E+00   0.14295E+22
   0.11632E+04   0.37065E+03   0.90954E+00   0.14298E+22
   0.11635E+04   0.37078E+03   0.90974E+00   0.14300E+22
   0.11638E+04   0.37092E+03   0.90994E+00   0.14303E+22
   0.11642E+04   0.37106E+03   0.91014E+00   0.14306E+22
   0.11645E+04   0.37120E+03   0.91034E+00   0.14309E+22
   0.11649E+04   0.37134E+03   0.91054E+00   0.14312E+22
   0.11652E+04   0.37148E+03   0.91074E+00   0.14314E+22
   0.11655E+04   0.37162E+03   0.91094E+00   0.14317E+22
   0.11659E+04   0.37176E+03   0.91114E+00   0.14320E+22
   0.11662E+04   0.37190E+03   0.91134E+00   0.14323E+22
   0.11665E+04   0.37204E+03   0.91154E+00   0.14325E+22
   0.11669E+04   0.37218E+03   0.91174E+00   0.14328E+22
   0.11672E+04   0.37232E+03   0.91194E+00   0.14331E+22
   0.11676E+04   0.37245E+03   0.91214E+00   0.14334E+22
   0.11679E+04   0.37259E+03   0.91234E+00   0.14337E+22
   0.11682E+04   0.37273E+03   0.91254E+00   0.14339E+22
   0.11686E+04   0.37287E+03   0.91274E+00   0.14342E+22
   0.11689E+04   0.37301E+03   0.91294E+00   0.14345E+22
   0.11693E+04   0.37315E+03   0.91314E+00   0.14348E+22
   0.11696E+04   0.37329E+03   0.91334E+00   0.14350E+22
   0.11699E+04   0.37343E+03   0.91354E+00   0.14353E+22
   0.11703E+04   0.37357E+03   0.91374E+00   0.14356E+22
   0.11706E+04   0.37371E+03   0.91394E+00   0.14359E+22
   0.11709E+04   0.37385E+03   0.91414E+00   0.14362E+22
   0.11713E+04   0.37399E+03   0.91434E+00   0.14364E+22
   0.11716E+04   0.37413E+03   0.91454E+00   0.14367E+22
   0.11720E+04   0.37427E+03   0.91474E+00   0.14370E+22
   0.11723E+04   0.37441E+03   0.91494E+00   0.14373E+22
   0.11726E+04   0.37454E+03   0.91514E+00   0.14375E+22
   0.11730E+04   0.37468E+03   0.91534E+00   0.14378E+22
   0.11733E+04   0.37482E+03   0.91554E+00   0.14381E+22
   0.11736E+04   0.37496E+03   0.91574E+00   0.14384E+22
   0.11740E+04   0.37510E+03   0.91594E+00   0.14387E+22
   0.11743E+04   0.37524E+03   0.91614E+00   0.14389E+22
   0.11747E+04   0.37538E+03   0.91634E+00   0.14392E+22
   0.11750E+04   0.37552E+03   0.91654E+00   0.14395E+22
   0.11753E+04   0.37566E+03   0.91674E+00   0.14398E+22
   0.11757E+04   0.37580E+03   0.91694E+00   0.14400E+22
   0.11760E+04   0.37594E+03   0.91714E+00   0.14403E+22
   0.11764E+04   0.37608E+03   0.91734E+00   0.14406E+22
   0.11767E+04   0.37622E+03   0.91754E+00   0.14409E+22
   0.11770E+04   0.37636E+03   0.91774E+00   0.14412E+22
   0.11774E+04   0.37650E+03   0.91794E+00   0.14414E+22
   0.11777E+04   0.37664E+03   0.91814E+00   0.14417E+22
   0.11780E+04   0.37678E+03   0.91834E+00   0.14420E+22
   0.11784E+04   0.37692E+03   0.91854E+00   0.14423E+22
   0.11787E+04   0.37706E+03   0.91874E+00   0.14426E+22
   0.11791E+04   0.37720E+03   0.91894E+00   0.14428E+22
   0.11794E+04   0.37733E+03   0.91914E+00   0.14431E+22
   0.11797E+04   0.37747E+03   0.91934E+00   0.14434E+22
   0.11801E+04   0.37761E+03   0.91954E+00   0.14437E+22
   0.11804E+04   0.37775E+03   0.91974E+00   0.14439E+22
   0.11808E+04   0.37789E+03   0.91994E+00   0.14442E+22
   0.11811E+04   0.37803E+03   0.92014E+00   0.14445E+22
   0.11814E+04   0.37817E+03   0.92034E+00   0.14448E+22
   0.11818E+04   0.37831E+03   0.92054E+00   0.14451E+22
   0.11821E+04   0.37845E+03   0.92074E+00   0.14453E+22
   0.11824E+04   0.37859E+03   0.92094E+00   0.14456E+22
   0.11828E+04   0.37873E+03   0.92114E+00   0.14459E+22
   0.11831E+04   0.37887E+03   0.92134E+00   0.14462E+22
   0.11835E+04   0.37901E+03   0.92154E+00   0.14464E+22
   0.11838E+04   0.37915E+03   0.92174E+00   0.14467E+22
   0.11841E+04   0.37929E+03   0.92194E+00   0.14470E+22
   0.11845E+04   0.37943E+03   0.92214E+00   0.14473E+22
   0.11848E+04   0.37957E+03   0.92234E+00   0.14476E+22
   0.11852E+04   0.37971E+03   0.92254E+00   0.14478E+22
   0.11855E+04   0.37985E+03   0.92274E+00   0.14481E+22
   0.11858E+04   0.37999E+03   0.92294E+00   0.14484E+22
   0.11862E+04   0.38013E+03   0.92314E+00   0.14487E+22
   0.11865E+04   0.38027E+03   0.92334E+00   0.14490E+22
   0.11869E+04   0.38041E+03   0.92354E+00   0.14492E+22
   0.11872E+04   0.38055E+03   0.92374E+00   0.14495E+22
   0.11875E+04   0.38069E+03   0.92394E+00   0.14498E+22
   0.11879E+04   0.38083E+03   0.92414E+00   0.14501E+22
   0.11882E+04   0.38097E+03   0.92434E+00   0.14504E+22
   0.11886E+04   0.38111E+03   0.92454E+00   0.14506E+22
   0.11889E+04   0.38125E+03   0.92474E+00   0.14509E+22
   0.11892E+04   0.38139E+03   0.92494E+00   0.14512E+22
   0.11896E+04   0.38153E+03   0.92514E+00   0.14515E+22
   0.11899E+04   0.38167E+03   0.92534E+00   0.14517E+22
   0.11903E+04   0.38181E+03   0.92554E+00   0.14520E+22
   0.11906E+04   0.38195E+03   0.92574E+00   0.14523E+22
   0.11909E+04   0.38209E+03   0.92594E+00   0.14526E+22
   0.11913E+04   0.38223E+03   0.92614E+00   0.14529E+22
   0.11916E+04   0.38237E+03   0.92634E+00   0.14531E+22
   0.11920E+04   0.38251E+03   0.92654E+00   0.14534E+22
   0.11923E+04   0.38265E+03   0.92674E+00   0.14537E+22
   0.11926E+04   0.38279E+03   0.92694E+00   0.14540E+22
   0.11930E+04   0.38293E+03   0.92714E+00   0.14543E+22
   0.11933E+04   0.38307E+03   0.92734E+00   0.14545E+22
   0.11937E+04   0.38321E+03   0.92754E+00   0.14548E+22
   0.11940E+04   0.38335E+03   0.92774E+00   0.14551E+22
   0.11943E+04   0.38349E+03   0.92794E+00   0.14554E+22
   0.11947E+04   0.38363E+03   0.92814E+00   0.14556E+22
   0.11950E+04   0.38377E+03   0.92834E+00   0.14559E+22
   0.11954E+04   0.38391E+03   0.92854E+00   0.14562E+22
   0.11957E+04   0.38405E+03   0.92874E+00   0.14565E+22
   0.11960E+04   0.38419E+03   0.92894E+00   0.14568E+22
   0.11964E+04   0.38433E+03   0.92914E+00   0.14570E+22
   0.11967E+04   0.38447E+03   0.92934E+00   0.14573E+22
   0.11971E+04   0.38461E+03   0.92954E+00   0.14576E+22
   0.11974E+04   0.38475E+03   0.92974E+00   0.14579E+22
   0.11977E+04   0.38489E+03   0.92994E+00   0.14582E+22
   0.11981E+04   0.38503E+03   0.93014E+00   0.14584E+22
   0.11984E+04   0.38517E+03   0.93034E+00   0.14587E+22
   0.11988E+04   0.38531E+03   0.93054E+00   0.14590E+22
   0.11991E+04   0.38545E+03   0.93074E+00   0.14593E+22
   0.11994E+04   0.38559E+03   0.93094E+00   0.14596E+22
   0.11998E+04   0.38573E+03   0.93114E+00   0.14598E+22
   0.12001E+04   0.38587E+03   0.93134E+00   0.14601E+22
   0.12005E+04   0.38601E+03   0.93154E+00   0.14604E+22
   0.12008E+04   0.38615E+03   0.93174E+00   0.14607E+22
   0.12011E+04   0.38629E+03   0.93194E+00   0.14610E+22
   0.12015E+04   0.38643E+03   0.93214E+00   0.14612E+22
   0.12018E+04   0.38657E+03   0.93234E+00   0.14615E+22
   0.12022E+04   0.38671E+03   0.93254E+00   0.14618E+22
   0.12025E+04   0.38685E+03   0.93274E+00   0.14621E+22
   0.12028E+04   0.38700E+03   0.93294E+00   0.14624E+22
   0.12032E+04   0.38714E+03   0.93314E+00   0.14626E+22
   0.12035E+04   0.38728E+03   0.93334E+00   0.14629E+22
   0.12039E+04   0.38742E+03   0.93354E+00   0.14632E+22
   0.12042E+04   0.38756E+03   0.93374E+00   0.14635E+22
   0.12045E+04   0.38770E+03   0.93394E+00   0.14637E+22
   0.12049E+04   0.38784E+03   0.93414E+00   0.14640E+22
   0.12052E+04   0.38798E+03   0.93434E+00   0.14643E+22
   0.12056E+04   0.38812E+03   0.93454E+00   0.14646E+22
   0.12059E+04   0.38826E+03   0.93474E+00   0.14649E+22
   0.12063E+04   0.38840E+03   0.93494E+00   0.14651E+22
   0.12066E+04   0.38854E+03   0.93514E+00   0.14654E+22
   0.12069E+04   0.38868E+03   0.93534E+00   0.14657E+22
   0.12073E+04   0.38882E+03   0.93554E+00   0.14660E+22
   0.12076E+04   0.38896E+03   0.93574E+00   0.14663E+22
   0.12080E+04   0.38910E+03   0.93594E+00   0.14665E+22
   0.12083E+04   0.38924E+03   0.93614E+00   0.14668E+22
   0.12086E+04   0.38938E+03   0.93634E+00   0.14671E+22
   0.12090E+04   0.38952E+03   0.93654E+00   0.14674E+22
   0.12093E+04   0.38966E+03   0.93674E+00   0.14677E+22
   0.12097E+04   0.38981E+03   0.93694E+00   0.14679E+22
   0.12100E+04   0.38995E+03   0.93714E+00   0.14682E+22
   0.12103E+04   0.39009E+03   0.93734E+00   0.14685E+22
   0.12107E+04   0.39023E+03   0.93754E+00   0.14688E+22
   0.12110E+04   0.39037E+03   0.93774E+00   0.14691E+22
   0.12114E+04   0.39051E+03   0.93794E+00   0.14693E+22
   0.12117E+04   0.39065E+03   0.93814E+00   0.14696E+22
   0.12121E+04   0.39079E+03   0.93834E+00   0.14699E+22
   0.12124E+04   0.39093E+03   0.93854E+00   0.14702E+22
   0.12127E+04   0.39107E+03   0.93874E+00   0.14705E+22
   0.12131E+04   0.39121E+03   0.93894E+00   0.14707E+22
   0.12134E+04   0.39135E+03   0.93914E+00   0.14710E+22
   0.12138E+04   0.39149E+03   0.93934E+00   0.14713E+22
   0.12141E+04   0.39163E+03   0.93954E+00   0.14716E+22
   0.12144E+04   0.39177E+03   0.93974E+00   0.14719E+22
   0.12148E+04   0.39192E+03   0.93994E+00   0.14721E+22
   0.12151E+04   0.39206E+03   0.94014E+00   0.14724E+22
   0.12155E+04   0.39220E+03   0.94034E+00   0.14727E+22
   0.12158E+04   0.39234E+03   0.94054E+00   0.14730E+22
   0.12162E+04   0.39248E+03   0.94074E+00   0.14733E+22
   0.12165E+04   0.39262E+03   0.94094E+00   0.14735E+22
   0.12168E+04   0.39276E+03   0.94114E+00   0.14738E+22
   0.12172E+04   0.39290E+03   0.94134E+00   0.14741E+22
   0.12175E+04   0.39304E+03   0.94154E+00   0.14744E+22
   0.12179E+04   0.39318E+03   0.94174E+00   0.14747E+22
   0.12182E+04   0.39332E+03   0.94194E+00   0.14749E+22
   0.12186E+04   0.39346E+03   0.94214E+00   0.14752E+22
   0.12189E+04   0.39361E+03   0.94234E+00   0.14755E+22
   0.12192E+04   0.39375E+03   0.94254E+00   0.14758E+22
   0.12196E+04   0.39389E+03   0.94274E+00   0.14761E+22
   0.12199E+04   0.39403E+03   0.94294E+00   0.14763E+22
   0.12203E+04   0.39417E+03   0.94314E+00   0.14766E+22
   0.12206E+04   0.39431E+03   0.94334E+00   0.14769E+22
   0.12209E+04   0.39445E+03   0.94354E+00   0.14772E+22
   0.12213E+04   0.39459E+03   0.94374E+00   0.14775E+22
   0.12216E+04   0.39473E+03   0.94394E+00   0.14777E+22
   0.12220E+04   0.39487E+03   0.94414E+00   0.14780E+22
   0.12223E+04   0.39501E+03   0.94434E+00   0.14783E+22
   0.12227E+04   0.39516E+03   0.94454E+00   0.14786E+22
   0.12230E+04   0.39530E+03   0.94474E+00   0.14789E+22
   0.12233E+04   0.39544E+03   0.94494E+00   0.14791E+22
   0.12237E+04   0.39558E+03   0.94514E+00   0.14794E+22
   0.12240E+04   0.39572E+03   0.94534E+00   0.14797E+22
   0.12244E+04   0.39586E+03   0.94554E+00   0.14800E+22
   0.12247E+04   0.39600E+03   0.94574E+00   0.14803E+22
   0.12251E+04   0.39614E+03   0.94594E+00   0.14805E+22
   0.12254E+04   0.39628E+03   0.94614E+00   0.14808E+22
   0.12257E+04   0.39643E+03   0.94634E+00   0.14811E+22
   0.12261E+04   0.39657E+03   0.94654E+00   0.14814E+22
   0.12264E+04   0.39671E+03   0.94674E+00   0.14817E+22
   0.12268E+04   0.39685E+03   0.94694E+00   0.14819E+22
   0.12271E+04   0.39699E+03   0.94714E+00   0.14822E+22
   0.12275E+04   0.39713E+03   0.94734E+00   0.14825E+22
   0.12278E+04   0.39727E+03   0.94754E+00   0.14828E+22
   0.12281E+04   0.39741E+03   0.94774E+00   0.14831E+22
   0.12285E+04   0.39755E+03   0.94794E+00   0.14833E+22
   0.12288E+04   0.39770E+03   0.94814E+00   0.14836E+22
   0.12292E+04   0.39784E+03   0.94834E+00   0.14839E+22
   0.12295E+04   0.39798E+03   0.94854E+00   0.14842E+22
   0.12299E+04   0.39812E+03   0.94874E+00   0.14845E+22
   0.12302E+04   0.39826E+03   0.94894E+00   0.14847E+22
   0.12305E+04   0.39840E+03   0.94914E+00   0.14850E+22
   0.12309E+04   0.39854E+03   0.94934E+00   0.14853E+22
   0.12312E+04   0.39868E+03   0.94954E+00   0.14856E+22
   0.12316E+04   0.39883E+03   0.94974E+00   0.14859E+22
   0.12319E+04   0.39897E+03   0.94994E+00   0.14861E+22
   0.12323E+04   0.39911E+03   0.95014E+00   0.14864E+22
   0.12326E+04   0.39925E+03   0.95034E+00   0.14867E+22
   0.12330E+04   0.39939E+03   0.95054E+00   0.14870E+22
   0.12333E+04   0.39953E+03   0.95074E+00   0.14873E+22
   0.12336E+04   0.39967E+03   0.95094E+00   0.14876E+22
   0.12340E+04   0.39981E+03   0.95114E+00   0.14878E+22
   0.12343E+04   0.39996E+03   0.95134E+00   0.14881E+22
   0.12347E+04   0.40010E+03   0.95154E+00   0.14884E+22
   0.12350E+04   0.40024E+03   0.95174E+00   0.14887E+22
   0.12354E+04   0.40038E+03   0.95194E+00   0.14890E+22
   0.12357E+04   0.40052E+03   0.95214E+00   0.14892E+22
   0.12360E+04   0.40066E+03   0.95234E+00   0.14895E+22
   0.12364E+04   0.40080E+03   0.95254E+00   0.14898E+22
   0.12367E+04   0.40095E+03   0.95274E+00   0.14901E+22
   0.12371E+04   0.40109E+03   0.95294E+00   0.14904E+22
   0.12374E+04   0.40123E+03   0.95314E+00   0.14906E+22
   0.12378E+04   0.40137E+03   0.95334E+00   0.14909E+22
   0.12381E+04   0.40151E+03   0.95354E+00   0.14912E+22
   0.12385E+04   0.40165E+03   0.95374E+00   0.14915E+22
   0.12388E+04   0.40180E+03   0.95394E+00   0.14918E+22
   0.12391E+04   0.40194E+03   0.95414E+00   0.14920E+22
   0.12395E+04   0.40208E+03   0.95434E+00   0.14923E+22
   0.12398E+04   0.40222E+03   0.95454E+00   0.14926E+22
   0.12402E+04   0.40236E+03   0.95474E+00   0.14929E+22
   0.12405E+04   0.40250E+03   0.95494E+00   0.14932E+22
   0.12409E+04   0.40264E+03   0.95514E+00   0.14934E+22
   0.12412E+04   0.40279E+03   0.95534E+00   0.14937E+22
   0.12415E+04   0.40293E+03   0.95554E+00   0.14940E+22
   0.12419E+04   0.40307E+03   0.95574E+00   0.14943E+22
   0.12422E+04   0.40321E+03   0.95594E+00   0.14946E+22
   0.12426E+04   0.40335E+03   0.95614E+00   0.14949E+22
   0.12429E+04   0.40349E+03   0.95634E+00   0.14951E+22
   0.12433E+04   0.40364E+03   0.95654E+00   0.14954E+22
   0.12436E+04   0.40378E+03   0.95674E+00   0.14957E+22
   0.12440E+04   0.40392E+03   0.95694E+00   0.14960E+22
   0.12443E+04   0.40406E+03   0.95714E+00   0.14963E+22
   0.12446E+04   0.40420E+03   0.95734E+00   0.14965E+22
   0.12450E+04   0.40434E+03   0.95754E+00   0.14968E+22
   0.12453E+04   0.40449E+03   0.95774E+00   0.14971E+22
   0.12457E+04   0.40463E+03   0.95794E+00   0.14974E+22
   0.12460E+04   0.40477E+03   0.95814E+00   0.14977E+22
   0.12464E+04   0.40491E+03   0.95834E+00   0.14979E+22
   0.12467E+04   0.40505E+03   0.95854E+00   0.14982E+22
   0.12471E+04   0.40519E+03   0.95874E+00   0.14985E+22
   0.12474E+04   0.40534E+03   0.95894E+00   0.14988E+22
   0.12477E+04   0.40548E+03   0.95914E+00   0.14991E+22
   0.12481E+04   0.40562E+03   0.95934E+00   0.14993E+22
   0.12484E+04   0.40576E+03   0.95954E+00   0.14996E+22
   0.12488E+04   0.40590E+03   0.95974E+00   0.14999E+22
   0.12491E+04   0.40605E+03   0.95994E+00   0.15002E+22
   0.12495E+04   0.40619E+03   0.96014E+00   0.15005E+22
   0.12498E+04   0.40633E+03   0.96034E+00   0.15008E+22
   0.12502E+04   0.40647E+03   0.96054E+00   0.15010E+22
   0.12505E+04   0.40661E+03   0.96074E+00   0.15013E+22
   0.12509E+04   0.40675E+03   0.96094E+00   0.15016E+22
   0.12512E+04   0.40690E+03   0.96114E+00   0.15019E+22
   0.12515E+04   0.40704E+03   0.96134E+00   0.15022E+22
   0.12519E+04   0.40718E+03   0.96154E+00   0.15024E+22
   0.12522E+04   0.40732E+03   0.96174E+00   0.15027E+22
   0.12526E+04   0.40746E+03   0.96194E+00   0.15030E+22
   0.12529E+04   0.40761E+03   0.96214E+00   0.15033E+22
   0.12533E+04   0.40775E+03   0.96234E+00   0.15036E+22
   0.12536E+04   0.40789E+03   0.96254E+00   0.15038E+22
   0.12540E+04   0.40803E+03   0.96274E+00   0.15041E+22
   0.12543E+04   0.40817E+03   0.96294E+00   0.15044E+22
   0.12546E+04   0.40832E+03   0.96314E+00   0.15047E+22
   0.12550E+04   0.40846E+03   0.96334E+00   0.15050E+22
   0.12553E+04   0.40860E+03   0.96354E+00   0.15053E+22
   0.12557E+04   0.40874E+03   0.96374E+00   0.15055E+22
   0.12560E+04   0.40888E+03   0.96394E+00   0.15058E+22
   0.12564E+04   0.40903E+03   0.96414E+00   0.15061E+22
   0.12567E+04   0.40917E+03   0.96434E+00   0.15064E+22
   0.12571E+04   0.40931E+03   0.96454E+00   0.15067E+22
   0.12574E+04   0.40945E+03   0.96474E+00   0.15069E+22
   0.12578E+04   0.40959E+03   0.96494E+00   0.15072E+22
   0.12581E+04   0.40974E+03   0.96514E+00   0.15075E+22
   0.12584E+04   0.40988E+03   0.96534E+00   0.15078E+22
   0.12588E+04   0.41002E+03   0.96554E+00   0.15081E+22
   0.12591E+04   0.41016E+03   0.96574E+00   0.15084E+22
   0.12595E+04   0.41030E+03   0.96594E+00   0.15086E+22
   0.12598E+04   0.41045E+03   0.96614E+00   0.15089E+22
   0.12602E+04   0.41059E+03   0.96634E+00   0.15092E+22
   0.12605E+04   0.41073E+03   0.96654E+00   0.15095E+22
   0.12609E+04   0.41087E+03   0.96674E+00   0.15098E+22
   0.12612E+04   0.41102E+03   0.96694E+00   0.15100E+22
   0.12616E+04   0.41116E+03   0.96714E+00   0.15103E+22
   0.12619E+04   0.41130E+03   0.96734E+00   0.15106E+22
   0.12623E+04   0.41144E+03   0.96754E+00   0.15109E+22
   0.12626E+04   0.41158E+03   0.96774E+00   0.15112E+22
   0.12629E+04   0.41173E+03   0.96794E+00   0.15115E+22
   0.12633E+04   0.41187E+03   0.96814E+00   0.15117E+22
   0.12636E+04   0.41201E+03   0.96834E+00   0.15120E+22
   0.12640E+04   0.41215E+03   0.96854E+00   0.15123E+22
   0.12643E+04   0.41230E+03   0.96874E+00   0.15126E+22
   0.12647E+04   0.41244E+03   0.96894E+00   0.15129E+22
   0.12650E+04   0.41258E+03   0.96914E+00   0.15131E+22
   0.12654E+04   0.41272E+03   0.96934E+00   0.15134E+22
   0.12657E+04   0.41286E+03   0.96954E+00   0.15137E+22
   0.12661E+04   0.41301E+03   0.96974E+00   0.15140E+22
   0.12664E+04   0.41315E+03   0.96994E+00   0.15143E+22
   0.12668E+04   0.41329E+03   0.97014E+00   0.15146E+22
   0.12671E+04   0.41343E+03   0.97034E+00   0.15148E+22
   0.12674E+04   0.41358E+03   0.97054E+00   0.15151E+22
   0.12678E+04   0.41372E+03   0.97074E+00   0.15154E+22
   0.12681E+04   0.41386E+03   0.97094E+00   0.15157E+22
   0.12685E+04   0.41400E+03   0.97114E+00   0.15160E+22
   0.12688E+04   0.41415E+03   0.97134E+00   0.15162E+22
   0.12692E+04   0.41429E+03   0.97154E+00   0.15165E+22
   0.12695E+04   0.41443E+03   0.97174E+00   0.15168E+22
   0.12699E+04   0.41457E+03   0.97194E+00   0.15171E+22
   0.12702E+04   0.41472E+03   0.97214E+00   0.15174E+22
   0.12706E+04   0.41486E+03   0.97234E+00   0.15177E+22
   0.12709E+04   0.41500E+03   0.97254E+00   0.15179E+22
   0.12713E+04   0.41514E+03   0.97274E+00   0.15182E+22
   0.12716E+04   0.41529E+03   0.97294E+00   0.15185E+22
   0.12720E+04   0.41543E+03   0.97314E+00   0.15188E+22
   0.12723E+04   0.41557E+03   0.97334E+00   0.15191E+22
   0.12726E+04   0.41571E+03   0.97354E+00   0.15193E+22
   0.12730E+04   0.41586E+03   0.97374E+00   0.15196E+22
   0.12733E+04   0.41600E+03   0.97394E+00   0.15199E+22
   0.12737E+04   0.41614E+03   0.97414E+00   0.15202E+22
   0.12740E+04   0.41628E+03   0.97434E+00   0.15205E+22
   0.12744E+04   0.41643E+03   0.97454E+00   0.15208E+22
   0.12747E+04   0.41657E+03   0.97474E+00   0.15210E+22
   0.12751E+04   0.41671E+03   0.97494E+00   0.15213E+22
   0.12754E+04   0.41685E+03   0.97514E+00   0.15216E+22
   0.12758E+04   0.41700E+03   0.97534E+00   0.15219E+22
   0.12761E+04   0.41714E+03   0.97554E+00   0.15222E+22
   0.12765E+04   0.41728E+03   0.97574E+00   0.15224E+22
   0.12768E+04   0.41742E+03   0.97594E+00   0.15227E+22
   0.12772E+04   0.41757E+03   0.97614E+00   0.15230E+22
   0.12775E+04   0.41771E+03   0.97634E+00   0.15233E+22
   0.12779E+04   0.41785E+03   0.97654E+00   0.15236E+22
   0.12782E+04   0.41800E+03   0.97674E+00   0.15239E+22
   0.12785E+04   0.41814E+03   0.97694E+00   0.15241E+22
   0.12789E+04   0.41828E+03   0.97714E+00   0.15244E+22
   0.12792E+04   0.41842E+03   0.97734E+00   0.15247E+22
   0.12796E+04   0.41857E+03   0.97754E+00   0.15250E+22
   0.12799E+04   0.41871E+03   0.97774E+00   0.15253E+22
   0.12803E+04   0.41885E+03   0.97794E+00   0.15256E+22
   0.12806E+04   0.41899E+03   0.97814E+00   0.15258E+22
   0.12810E+04   0.41914E+03   0.97834E+00   0.15261E+22
   0.12813E+04   0.41928E+03   0.97854E+00   0.15264E+22
   0.12817E+04   0.41942E+03   0.97874E+00   0.15267E+22
   0.12820E+04   0.41957E+03   0.97894E+00   0.15270E+22
   0.12824E+04   0.41971E+03   0.97914E+00   0.15272E+22
   0.12827E+04   0.41985E+03   0.97934E+00   0.15275E+22
   0.12831E+04   0.41999E+03   0.97954E+00   0.15278E+22
   0.12834E+04   0.42014E+03   0.97974E+00   0.15281E+22
   0.12838E+04   0.42028E+03   0.97994E+00   0.15284E+22
   0.12841E+04   0.42042E+03   0.98014E+00   0.15287E+22
   0.12845E+04   0.42057E+03   0.98034E+00   0.15289E+22
   0.12848E+04   0.42071E+03   0.98054E+00   0.15292E+22
   0.12852E+04   0.42085E+03   0.98074E+00   0.15295E+22
   0.12855E+04   0.42099E+03   0.98094E+00   0.15298E+22
   0.12858E+04   0.42114E+03   0.98114E+00   0.15301E+22
   0.12862E+04   0.42128E+03   0.98134E+00   0.15304E+22
   0.12865E+04   0.42142E+03   0.98154E+00   0.15306E+22
   0.12869E+04   0.42157E+03   0.98174E+00   0.15309E+22
   0.12872E+04   0.42171E+03   0.98194E+00   0.15312E+22
   0.12876E+04   0.42185E+03   0.98214E+00   0.15315E+22
   0.12879E+04   0.42200E+03   0.98234E+00   0.15318E+22
   0.12883E+04   0.42214E+03   0.98254E+00   0.15320E+22
   0.12886E+04   0.42228E+03   0.98274E+00   0.15323E+22
   0.12890E+04   0.42242E+03   0.98294E+00   0.15326E+22
   0.12893E+04   0.42257E+03   0.98314E+00   0.15329E+22
   0.12897E+04   0.42271E+03   0.98334E+00   0.15332E+22
   0.12900E+04   0.42285E+03   0.98354E+00   0.15335E+22
   0.12904E+04   0.42300E+03   0.98374E+00   0.15337E+22
   0.12907E+04   0.42314E+03   0.98394E+00   0.15340E+22
   0.12911E+04   0.42328E+03   0.98414E+00   0.15343E+22
   0.12914E+04   0.42343E+03   0.98434E+00   0.15346E+22
   0.12918E+04   0.42357E+03   0.98454E+00   0.15349E+22
   0.12921E+04   0.42371E+03   0.98474E+00   0.15352E+22
   0.12925E+04   0.42386E+03   0.98494E+00   0.15354E+22
   0.12928E+04   0.42400E+03   0.98514E+00   0.15357E+22
   0.12932E+04   0.42414E+03   0.98534E+00   0.15360E+22
   0.12935E+04   0.42428E+03   0.98554E+00   0.15363E+22
   0.12939E+04   0.42443E+03   0.98574E+00   0.15366E+22
   0.12942E+04   0.42457E+03   0.98594E+00   0.15369E+22
   0.12946E+04   0.42471E+03   0.98614E+00   0.15371E+22
   0.12949E+04   0.42486E+03   0.98634E+00   0.15374E+22
   0.12953E+04   0.42500E+03   0.98654E+00   0.15377E+22
   0.12956E+04   0.42514E+03   0.98674E+00   0.15380E+22
   0.12959E+04   0.42529E+03   0.98694E+00   0.15383E+22
   0.12963E+04   0.42543E+03   0.98714E+00   0.15386E+22
   0.12966E+04   0.42557E+03   0.98734E+00   0.15388E+22
   0.12970E+04   0.42572E+03   0.98754E+00   0.15391E+22
   0.12973E+04   0.42586E+03   0.98774E+00   0.15394E+22
   0.12977E+04   0.42600E+03   0.98794E+00   0.15397E+22
   0.12980E+04   0.42615E+03   0.98814E+00   0.15400E+22
   0.12984E+04   0.42629E+03   0.98834E+00   0.15402E+22
   0.12987E+04   0.42643E+03   0.98854E+00   0.15405E+22
   0.12991E+04   0.42658E+03   0.98874E+00   0.15408E+22
   0.12994E+04   0.42672E+03   0.98894E+00   0.15411E+22
   0.12998E+04   0.42686E+03   0.98914E+00   0.15414E+22
   0.13001E+04   0.42701E+03   0.98934E+00   0.15417E+22
   0.13005E+04   0.42715E+03   0.98954E+00   0.15419E+22
   0.13008E+04   0.42729E+03   0.98974E+00   0.15422E+22
   0.13012E+04   0.42744E+03   0.98994E+00   0.15425E+22
   0.13015E+04   0.42758E+03   0.99014E+00   0.15428E+22
   0.13019E+04   0.42772E+03   0.99034E+00   0.15431E+22
   0.13022E+04   0.42787E+03   0.99054E+00   0.15434E+22
   0.13026E+04   0.42801E+03   0.99074E+00   0.15436E+22
   0.13029E+04   0.42815E+03   0.99094E+00   0.15439E+22
   0.13033E+04   0.42830E+03   0.99114E+00   0.15442E+22
   0.13036E+04   0.42844E+03   0.99134E+00   0.15445E+22
   0.13040E+04   0.42858E+03   0.99154E+00   0.15448E+22
   0.13043E+04   0.42873E+03   0.99174E+00   0.15451E+22
   0.13047E+04   0.42887E+03   0.99194E+00   0.15453E+22
   0.13050E+04   0.42901E+03   0.99214E+00   0.15456E+22
   0.13054E+04   0.42916E+03   0.99234E+00   0.15459E+22
   0.13057E+04   0.42930E+03   0.99254E+00   0.15462E+22
   0.13061E+04   0.42944E+03   0.99274E+00   0.15465E+22
   0.13064E+04   0.42959E+03   0.99294E+00   0.15468E+22
   0.13068E+04   0.42973E+03   0.99314E+00   0.15470E+22
   0.13071E+04   0.42988E+03   0.99334E+00   0.15473E+22
   0.13075E+04   0.43002E+03   0.99354E+00   0.15476E+22
   0.13078E+04   0.43016E+03   0.99374E+00   0.15479E+22
   0.13082E+04   0.43031E+03   0.99394E+00   0.15482E+22
   0.13085E+04   0.43045E+03   0.99414E+00   0.15485E+22
   0.13089E+04   0.43059E+03   0.99434E+00   0.15487E+22
   0.13092E+04   0.43074E+03   0.99454E+00   0.15490E+22
   0.13096E+04   0.43088E+03   0.99474E+00   0.15493E+22
   0.13099E+04   0.43102E+03   0.99494E+00   0.15496E+22
   0.13103E+04   0.43117E+03   0.99514E+00   0.15499E+22
   0.13106E+04   0.43131E+03   0.99534E+00   0.15502E+22
   0.13110E+04   0.43145E+03   0.99554E+00   0.15504E+22
   0.13113E+04   0.43160E+03   0.99574E+00   0.15507E+22
   0.13117E+04   0.43174E+03   0.99594E+00   0.15510E+22
   0.13120E+04   0.43189E+03   0.99614E+00   0.15513E+22
   0.13124E+04   0.43203E+03   0.99634E+00   0.15516E+22
   0.13127E+04   0.43217E+03   0.99654E+00   0.15519E+22
   0.13131E+04   0.43232E+03   0.99674E+00   0.15521E+22
   0.13134E+04   0.43246E+03   0.99694E+00   0.15524E+22
   0.13138E+04   0.43260E+03   0.99714E+00   0.15527E+22
   0.13141E+04   0.43275E+03   0.99734E+00   0.15530E+22
   0.13145E+04   0.43289E+03   0.99754E+00   0.15533E+22
   0.13148E+04   0.43304E+03   0.99774E+00   0.15536E+22
   0.13152E+04   0.43318E+03   0.99794E+00   0.15538E+22
   0.13155E+04   0.43332E+03   0.99814E+00   0.15541E+22
   0.13159E+04   0.43347E+03   0.99834E+00   0.15544E+22
   0.13162E+04   0.43361E+03   0.99854E+00   0.15547E+22
   0.13166E+04   0.43375E+03   0.99874E+00   0.15550E+22
   0.13169E+04   0.43390E+03   0.99894E+00   0.15553E+22
   0.13173E+04   0.43404E+03   0.99914E+00   0.15555E+22
   0.13176E+04   0.43419E+03   0.99934E+00   0.15558E+22
   0.13180E+04   0.43433E+03   0.99954E+00   0.15561E+22
   0.13183E+04   0.43447E+03   0.99974E+00   0.15564E+22
   0.13187E+04   0.43462E+03   0.99994E+00   0.15567E+22
   0.13190E+04   0.43476E+03   0.10001E+01   0.15570E+22
   0.13194E+04   0.43491E+03   0.10003E+01   0.15572E+22
   0.13197E+04   0.43505E+03   0.10005E+01   0.15575E+22
   0.13201E+04   0.43519E+03   0.10007E+01   0.15578E+22
   0.13204E+04   0.43534E+03   0.10009E+01   0.15581E+22
   0.13208E+04   0.43548E+03   0.10011E+01   0.15584E+22
   0.13211E+04   0.43563E+03   0.10013E+01   0.15587E+22
   0.13215E+04   0.43577E+03   0.10015E+01   0.15589E+22
   0.13218E+04   0.43591E+03   0.10017E+01   0.15592E+22
   0.13222E+04   0.43606E+03   0.10019E+01   0.15595E+22
   0.13225E+04   0.43620E+03   0.10021E+01   0.15598E+22
   0.13229E+04   0.43635E+03   0.10023E+01   0.15601E+22
   0.13232E+04   0.43649E+03   0.10025E+01   0.15604E+22
   0.13236E+04   0.43663E+03   0.10027E+01   0.15607E+22
   0.13239E+04   0.43678E+03   0.10029E+01   0.15609E+22
   0.13243E+04   0.43692E+03   0.10031E+01   0.15612E+22
   0.13246E+04   0.43707E+03   0.10033E+01   0.15615E+22
   0.13250E+04   0.43721E+03   0.10035E+01   0.15618E+22
   0.13254E+04   0.43735E+03   0.10037E+01   0.15621E+22
   0.13257E+04   0.43750E+03   0.10039E+01   0.15624E+22
   0.13261E+04   0.43764E+03   0.10041E+01   0.15626E+22
   0.13264E+04   0.43779E+03   0.10043E+01   0.15629E+22
   0.13268E+04   0.43793E+03   0.10045E+01   0.15632E+22
   0.13271E+04   0.43807E+03   0.10047E+01   0.15635E+22
   0.13275E+04   0.43822E+03   0.10049E+01   0.15638E+22
   0.13278E+04   0.43836E+03   0.10051E+01   0.15641E+22
   0.13282E+04   0.43851E+03   0.10053E+01   0.15643E+22
   0.13285E+04   0.43865E+03   0.10055E+01   0.15646E+22
   0.13289E+04   0.43879E+03   0.10057E+01   0.15649E+22
   0.13292E+04   0.43894E+03   0.10059E+01   0.15652E+22
   0.13296E+04   0.43908E+03   0.10061E+01   0.15655E+22
   0.13299E+04   0.43923E+03   0.10063E+01   0.15658E+22
   0.13303E+04   0.43937E+03   0.10065E+01   0.15660E+22
   0.13306E+04   0.43952E+03   0.10067E+01   0.15663E+22
   0.13310E+04   0.43966E+03   0.10069E+01   0.15666E+22
   0.13313E+04   0.43980E+03   0.10071E+01   0.15669E+22
   0.13317E+04   0.43995E+03   0.10073E+01   0.15672E+22
   0.13320E+04   0.44009E+03   0.10075E+01   0.15675E+22
   0.13324E+04   0.44024E+03   0.10077E+01   0.15677E+22
   0.13327E+04   0.44038E+03   0.10079E+01   0.15680E+22
   0.13331E+04   0.44053E+03   0.10081E+01   0.15683E+22
   0.13334E+04   0.44067E+03   0.10083E+01   0.15686E+22
   0.13338E+04   0.44081E+03   0.10085E+01   0.15689E+22
   0.13341E+04   0.44096E+03   0.10087E+01   0.15692E+22
   0.13345E+04   0.44110E+03   0.10089E+01   0.15695E+22
   0.13348E+04   0.44125E+03   0.10091E+01   0.15697E+22
   0.13352E+04   0.44139E+03   0.10093E+01   0.15700E+22
   0.13355E+04   0.44154E+03   0.10095E+01   0.15703E+22
   0.13359E+04   0.44168E+03   0.10097E+01   0.15706E+22
   0.13363E+04   0.44182E+03   0.10099E+01   0.15709E+22
   0.13366E+04   0.44197E+03   0.10101E+01   0.15712E+22
   0.13370E+04   0.44211E+03   0.10103E+01   0.15714E+22
   0.13373E+04   0.44226E+03   0.10105E+01   0.15717E+22
   0.13377E+04   0.44240E+03   0.10107E+01   0.15720E+22
   0.13380E+04   0.44255E+03   0.10109E+01   0.15723E+22
   0.13384E+04   0.44269E+03   0.10111E+01   0.15726E+22
   0.13387E+04   0.44284E+03   0.10113E+01   0.15729E+22
   0.13391E+04   0.44298E+03   0.10115E+01   0.15731E+22
   0.13394E+04   0.44312E+03   0.10117E+01   0.15734E+22
   0.13398E+04   0.44327E+03   0.10119E+01   0.15737E+22
   0.13401E+04   0.44341E+03   0.10121E+01   0.15740E+22
   0.13405E+04   0.44356E+03   0.10123E+01   0.15743E+22
   0.13408E+04   0.44370E+03   0.10125E+01   0.15746E+22
   0.13412E+04   0.44385E+03   0.10127E+01   0.15749E+22
   0.13415E+04   0.44399E+03   0.10129E+01   0.15751E+22
   0.13419E+04   0.44414E+03   0.10131E+01   0.15754E+22
   0.13422E+04   0.44428E+03   0.10133E+01   0.15757E+22
   0.13426E+04   0.44443E+03   0.10135E+01   0.15760E+22
   0.13429E+04   0.44457E+03   0.10137E+01   0.15763E+22
   0.13433E+04   0.44471E+03   0.10139E+01   0.15766E+22
   0.13437E+04   0.44486E+03   0.10141E+01   0.15768E+22
   0.13440E+04   0.44500E+03   0.10143E+01   0.15771E+22
   0.13444E+04   0.44515E+03   0.10145E+01   0.15774E+22
   0.13447E+04   0.44529E+03   0.10147E+01   0.15777E+22
   0.13451E+04   0.44544E+03   0.10149E+01   0.15780E+22
   0.13454E+04   0.44558E+03   0.10151E+01   0.15783E+22
   0.13458E+04   0.44573E+03   0.10153E+01   0.15786E+22
   0.13461E+04   0.44587E+03   0.10155E+01   0.15788E+22
   0.13465E+04   0.44602E+03   0.10157E+01   0.15791E+22
   0.13468E+04   0.44616E+03   0.10159E+01   0.15794E+22
   0.13472E+04   0.44631E+03   0.10161E+01   0.15797E+22
   0.13475E+04   0.44645E+03   0.10163E+01   0.15800E+22
   0.13479E+04   0.44659E+03   0.10165E+01   0.15803E+22
   0.13482E+04   0.44674E+03   0.10167E+01   0.15805E+22
   0.13486E+04   0.44688E+03   0.10169E+01   0.15808E+22
   0.13489E+04   0.44703E+03   0.10171E+01   0.15811E+22
   0.13493E+04   0.44717E+03   0.10173E+01   0.15814E+22
   0.13497E+04   0.44732E+03   0.10175E+01   0.15817E+22
   0.13500E+04   0.44746E+03   0.10177E+01   0.15820E+22
   0.13504E+04   0.44761E+03   0.10179E+01   0.15823E+22
   0.13507E+04   0.44775E+03   0.10181E+01   0.15825E+22
   0.13511E+04   0.44790E+03   0.10183E+01   0.15828E+22
   0.13514E+04   0.44804E+03   0.10185E+01   0.15831E+22
   0.13518E+04   0.44819E+03   0.10187E+01   0.15834E+22
   0.13521E+04   0.44833E+03   0.10189E+01   0.15837E+22
   0.13525E+04   0.44848E+03   0.10191E+01   0.15840E+22
   0.13528E+04   0.44862E+03   0.10193E+01   0.15842E+22
   0.13532E+04   0.44877E+03   0.10195E+01   0.15845E+22
   0.13535E+04   0.44891E+03   0.10197E+01   0.15848E+22
   0.13539E+04   0.44906E+03   0.10199E+01   0.15851E+22
   0.13542E+04   0.44920E+03   0.10201E+01   0.15854E+22
   0.13546E+04   0.44935E+03   0.10203E+01   0.15857E+22
   0.13550E+04   0.44949E+03   0.10205E+01   0.15860E+22
   0.13553E+04   0.44964E+03   0.10207E+01   0.15862E+22
   0.13557E+04   0.44978E+03   0.10209E+01   0.15865E+22
   0.13560E+04   0.44993E+03   0.10211E+01   0.15868E+22
   0.13564E+04   0.45007E+03   0.10213E+01   0.15871E+22
   0.13567E+04   0.45022E+03   0.10215E+01   0.15874E+22
   0.13571E+04   0.45036E+03   0.10217E+01   0.15877E+22
   0.13574E+04   0.45051E+03   0.10219E+01   0.15879E+22
   0.13578E+04   0.45065E+03   0.10221E+01   0.15882E+22
   0.13581E+04   0.45080E+03   0.10223E+01   0.15885E+22
   0.13585E+04   0.45094E+03   0.10225E+01   0.15888E+22
   0.13588E+04   0.45109E+03   0.10227E+01   0.15891E+22
   0.13592E+04   0.45123E+03   0.10229E+01   0.15894E+22
   0.13596E+04   0.45138E+03   0.10231E+01   0.15897E+22
   0.13599E+04   0.45152E+03   0.10233E+01   0.15899E+22
   0.13603E+04   0.45167E+03   0.10235E+01   0.15902E+22
   0.13606E+04   0.45181E+03   0.10237E+01   0.15905E+22
   0.13610E+04   0.45196E+03   0.10239E+01   0.15908E+22
   0.13613E+04   0.45210E+03   0.10241E+01   0.15911E+22
   0.13617E+04   0.45225E+03   0.10243E+01   0.15914E+22
   0.13620E+04   0.45239E+03   0.10245E+01   0.15916E+22
   0.13624E+04   0.45254E+03   0.10247E+01   0.15919E+22
   0.13627E+04   0.45268E+03   0.10249E+01   0.15922E+22
   0.13631E+04   0.45283E+03   0.10251E+01   0.15925E+22
   0.13634E+04   0.45297E+03   0.10253E+01   0.15928E+22
   0.13638E+04   0.45312E+03   0.10255E+01   0.15931E+22
   0.13642E+04   0.45326E+03   0.10257E+01   0.15934E+22
   0.13645E+04   0.45341E+03   0.10259E+01   0.15936E+22
   0.13649E+04   0.45355E+03   0.10261E+01   0.15939E+22
   0.13652E+04   0.45370E+03   0.10263E+01   0.15942E+22
   0.13656E+04   0.45384E+03   0.10265E+01   0.15945E+22
   0.13659E+04   0.45399E+03   0.10267E+01   0.15948E+22
   0.13663E+04   0.45413E+03   0.10269E+01   0.15951E+22
   0.13666E+04   0.45428E+03   0.10271E+01   0.15954E+22
   0.13670E+04   0.45442E+03   0.10273E+01   0.15956E+22
   0.13673E+04   0.45457E+03   0.10275E+01   0.15959E+22
   0.13677E+04   0.45471E+03   0.10277E+01   0.15962E+22
   0.13681E+04   0.45486E+03   0.10279E+01   0.15965E+22
   0.13684E+04   0.45500E+03   0.10281E+01   0.15968E+22
   0.13688E+04   0.45515E+03   0.10283E+01   0.15971E+22
   0.13691E+04   0.45530E+03   0.10285E+01   0.15974E+22
   0.13695E+04   0.45544E+03   0.10287E+01   0.15976E+22
   0.13698E+04   0.45559E+03   0.10289E+01   0.15979E+22
   0.13702E+04   0.45573E+03   0.10291E+01   0.15982E+22
   0.13705E+04   0.45588E+03   0.10293E+01   0.15985E+22
   0.13709E+04   0.45602E+03   0.10295E+01   0.15988E+22
   0.13713E+04   0.45617E+03   0.10297E+01   0.15991E+22
   0.13716E+04   0.45631E+03   0.10299E+01   0.15993E+22
   0.13720E+04   0.45646E+03   0.10301E+01   0.15996E+22
   0.13723E+04   0.45660E+03   0.10303E+01   0.15999E+22
   0.13727E+04   0.45675E+03   0.10305E+01   0.16002E+22
   0.13730E+04   0.45689E+03   0.10307E+01   0.16005E+22
   0.13734E+04   0.45704E+03   0.10309E+01   0.16008E+22
   0.13737E+04   0.45718E+03   0.10311E+01   0.16011E+22
   0.13741E+04   0.45733E+03   0.10313E+01   0.16013E+22
   0.13744E+04   0.45748E+03   0.10315E+01   0.16016E+22
   0.13748E+04   0.45762E+03   0.10317E+01   0.16019E+22
   0.13752E+04   0.45777E+03   0.10319E+01   0.16022E+22
   0.13755E+04   0.45791E+03   0.10321E+01   0.16025E+22
   0.13759E+04   0.45806E+03   0.10323E+01   0.16028E+22
   0.13762E+04   0.45820E+03   0.10325E+01   0.16031E+22
   0.13766E+04   0.45835E+03   0.10327E+01   0.16033E+22
   0.13769E+04   0.45849E+03   0.10329E+01   0.16036E+22
   0.13773E+04   0.45864E+03   0.10331E+01   0.16039E+22
   0.13776E+04   0.45879E+03   0.10333E+01   0.16042E+22
   0.13780E+04   0.45893E+03   0.10335E+01   0.16045E+22
   0.13784E+04   0.45908E+03   0.10337E+01   0.16048E+22
   0.13787E+04   0.45922E+03   0.10339E+01   0.16051E+22
   0.13791E+04   0.45937E+03   0.10341E+01   0.16053E+22
   0.13794E+04   0.45951E+03   0.10343E+01   0.16056E+22
   0.13798E+04   0.45966E+03   0.10345E+01   0.16059E+22
   0.13801E+04   0.45980E+03   0.10347E+01   0.16062E+22
   0.13805E+04   0.45995E+03   0.10349E+01   0.16065E+22
   0.13808E+04   0.46010E+03   0.10351E+01   0.16068E+22
   0.13812E+04   0.46024E+03   0.10353E+01   0.16071E+22
   0.13816E+04   0.46039E+03   0.10355E+01   0.16073E+22
   0.13819E+04   0.46053E+03   0.10357E+01   0.16076E+22
   0.13823E+04   0.46068E+03   0.10359E+01   0.16079E+22
   0.13826E+04   0.46082E+03   0.10361E+01   0.16082E+22
   0.13830E+04   0.46097E+03   0.10363E+01   0.16085E+22
   0.13833E+04   0.46111E+03   0.10365E+01   0.16088E+22
   0.13837E+04   0.46126E+03   0.10367E+01   0.16091E+22
   0.13840E+04   0.46141E+03   0.10369E+01   0.16093E+22
   0.13844E+04   0.46155E+03   0.10371E+01   0.16096E+22
   0.13848E+04   0.46170E+03   0.10373E+01   0.16099E+22
   0.13851E+04   0.46184E+03   0.10375E+01   0.16102E+22
   0.13855E+04   0.46199E+03   0.10377E+01   0.16105E+22
   0.13858E+04   0.46214E+03   0.10379E+01   0.16108E+22
   0.13862E+04   0.46228E+03   0.10381E+01   0.16111E+22
   0.13865E+04   0.46243E+03   0.10383E+01   0.16113E+22
   0.13869E+04   0.46257E+03   0.10385E+01   0.16116E+22
   0.13873E+04   0.46272E+03   0.10387E+01   0.16119E+22
   0.13876E+04   0.46286E+03   0.10389E+01   0.16122E+22
   0.13880E+04   0.46301E+03   0.10391E+01   0.16125E+22
   0.13883E+04   0.46316E+03   0.10393E+01   0.16128E+22
   0.13887E+04   0.46330E+03   0.10395E+01   0.16131E+22
   0.13890E+04   0.46345E+03   0.10397E+01   0.16133E+22
   0.13894E+04   0.46359E+03   0.10399E+01   0.16136E+22
   0.13897E+04   0.46374E+03   0.10401E+01   0.16139E+22
   0.13901E+04   0.46388E+03   0.10403E+01   0.16142E+22
   0.13905E+04   0.46403E+03   0.10405E+01   0.16145E+22
   0.13908E+04   0.46418E+03   0.10407E+01   0.16148E+22
   0.13912E+04   0.46432E+03   0.10409E+01   0.16151E+22
   0.13915E+04   0.46447E+03   0.10411E+01   0.16153E+22
   0.13919E+04   0.46461E+03   0.10413E+01   0.16156E+22
   0.13922E+04   0.46476E+03   0.10415E+01   0.16159E+22
   0.13926E+04   0.46491E+03   0.10417E+01   0.16162E+22
   0.13930E+04   0.46505E+03   0.10419E+01   0.16165E+22
   0.13933E+04   0.46520E+03   0.10421E+01   0.16168E+22
   0.13937E+04   0.46534E+03   0.10423E+01   0.16171E+22
   0.13940E+04   0.46549E+03   0.10425E+01   0.16173E+22
   0.13944E+04   0.46564E+03   0.10427E+01   0.16176E+22
   0.13947E+04   0.46578E+03   0.10429E+01   0.16179E+22
   0.13951E+04   0.46593E+03   0.10431E+01   0.16182E+22
   0.13955E+04   0.46607E+03   0.10433E+01   0.16185E+22
   0.13958E+04   0.46622E+03   0.10435E+01   0.16188E+22
   0.13962E+04   0.46637E+03   0.10437E+01   0.16191E+22
   0.13965E+04   0.46651E+03   0.10439E+01   0.16193E+22
   0.13969E+04   0.46666E+03   0.10441E+01   0.16196E+22
   0.13972E+04   0.46680E+03   0.10443E+01   0.16199E+22
   0.13976E+04   0.46695E+03   0.10445E+01   0.16202E+22
   0.13980E+04   0.46710E+03   0.10447E+01   0.16205E+22
   0.13983E+04   0.46724E+03   0.10449E+01   0.16208E+22
   0.13987E+04   0.46739E+03   0.10451E+01   0.16211E+22
   0.13990E+04   0.46753E+03   0.10453E+01   0.16213E+22
   0.13994E+04   0.46768E+03   0.10455E+01   0.16216E+22
   0.13997E+04   0.46783E+03   0.10457E+01   0.16219E+22
   0.14001E+04   0.46797E+03   0.10459E+01   0.16222E+22
   0.14005E+04   0.46812E+03   0.10461E+01   0.16225E+22
   0.14008E+04   0.46827E+03   0.10463E+01   0.16228E+22
   0.14012E+04   0.46841E+03   0.10465E+01   0.16231E+22
   0.14015E+04   0.46856E+03   0.10467E+01   0.16233E+22
   0.14019E+04   0.46870E+03   0.10469E+01   0.16236E+22
   0.14022E+04   0.46885E+03   0.10471E+01   0.16239E+22
   0.14026E+04   0.46900E+03   0.10473E+01   0.16242E+22
   0.14030E+04   0.46914E+03   0.10475E+01   0.16245E+22
   0.14033E+04   0.46929E+03   0.10477E+01   0.16248E+22
   0.14037E+04   0.46943E+03   0.10479E+01   0.16251E+22
   0.14040E+04   0.46958E+03   0.10481E+01   0.16253E+22
   0.14044E+04   0.46973E+03   0.10483E+01   0.16256E+22
   0.14047E+04   0.46987E+03   0.10485E+01   0.16259E+22
   0.14051E+04   0.47002E+03   0.10487E+01   0.16262E+22
   0.14055E+04   0.47017E+03   0.10489E+01   0.16265E+22
   0.14058E+04   0.47031E+03   0.10491E+01   0.16268E+22
   0.14062E+04   0.47046E+03   0.10493E+01   0.16271E+22
   0.14065E+04   0.47061E+03   0.10495E+01   0.16273E+22
   0.14069E+04   0.47075E+03   0.10497E+01   0.16276E+22
   0.14072E+04   0.47090E+03   0.10499E+01   0.16279E+22
   0.14076E+04   0.47104E+03   0.10501E+01   0.16282E+22
   0.14080E+04   0.47119E+03   0.10503E+01   0.16285E+22
   0.14083E+04   0.47134E+03   0.10505E+01   0.16288E+22
   0.14087E+04   0.47148E+03   0.10507E+01   0.16291E+22
   0.14090E+04   0.47163E+03   0.10509E+01   0.16294E+22
   0.14094E+04   0.47178E+03   0.10511E+01   0.16296E+22
   0.14097E+04   0.47192E+03   0.10513E+01   0.16299E+22
   0.14101E+04   0.47207E+03   0.10515E+01   0.16302E+22
   0.14105E+04   0.47222E+03   0.10517E+01   0.16305E+22
   0.14108E+04   0.47236E+03   0.10519E+01   0.16308E+22
   0.14112E+04   0.47251E+03   0.10521E+01   0.16311E+22
   0.14115E+04   0.47265E+03   0.10523E+01   0.16314E+22
   0.14119E+04   0.47280E+03   0.10525E+01   0.16316E+22
   0.14123E+04   0.47295E+03   0.10527E+01   0.16319E+22
   0.14126E+04   0.47309E+03   0.10529E+01   0.16322E+22
   0.14130E+04   0.47324E+03   0.10531E+01   0.16325E+22
   0.14133E+04   0.47339E+03   0.10533E+01   0.16328E+22
   0.14137E+04   0.47353E+03   0.10535E+01   0.16331E+22
   0.14140E+04   0.47368E+03   0.10537E+01   0.16334E+22
   0.14144E+04   0.47383E+03   0.10539E+01   0.16336E+22
   0.14148E+04   0.47397E+03   0.10541E+01   0.16339E+22
   0.14151E+04   0.47412E+03   0.10543E+01   0.16342E+22
   0.14155E+04   0.47427E+03   0.10545E+01   0.16345E+22
   0.14158E+04   0.47441E+03   0.10547E+01   0.16348E+22
   0.14162E+04   0.47456E+03   0.10549E+01   0.16351E+22
   0.14166E+04   0.47471E+03   0.10551E+01   0.16354E+22
   0.14169E+04   0.47485E+03   0.10553E+01   0.16357E+22
   0.14173E+04   0.47500E+03   0.10555E+01   0.16359E+22
   0.14176E+04   0.47515E+03   0.10557E+01   0.16362E+22
   0.14180E+04   0.47529E+03   0.10559E+01   0.16365E+22
   0.14183E+04   0.47544E+03   0.10561E+01   0.16368E+22
   0.14187E+04   0.47559E+03   0.10563E+01   0.16371E+22
   0.14191E+04   0.47573E+03   0.10565E+01   0.16374E+22
   0.14194E+04   0.47588E+03   0.10567E+01   0.16377E+22
   0.14198E+04   0.47603E+03   0.10569E+01   0.16379E+22
   0.14201E+04   0.47617E+03   0.10571E+01   0.16382E+22
   0.14205E+04   0.47632E+03   0.10573E+01   0.16385E+22
   0.14209E+04   0.47647E+03   0.10575E+01   0.16388E+22
   0.14212E+04   0.47661E+03   0.10577E+01   0.16391E+22
   0.14216E+04   0.47676E+03   0.10579E+01   0.16394E+22
   0.14219E+04   0.47691E+03   0.10581E+01   0.16397E+22
   0.14223E+04   0.47705E+03   0.10583E+01   0.16400E+22
   0.14227E+04   0.47720E+03   0.10585E+01   0.16402E+22
   0.14230E+04   0.47735E+03   0.10587E+01   0.16405E+22
   0.14234E+04   0.47749E+03   0.10589E+01   0.16408E+22
   0.14237E+04   0.47764E+03   0.10591E+01   0.16411E+22
   0.14241E+04   0.47779E+03   0.10593E+01   0.16414E+22
   0.14244E+04   0.47793E+03   0.10595E+01   0.16417E+22
   0.14248E+04   0.47808E+03   0.10597E+01   0.16420E+22
   0.14252E+04   0.47823E+03   0.10599E+01   0.16422E+22
   0.14255E+04   0.47837E+03   0.10601E+01   0.16425E+22
   0.14259E+04   0.47852E+03   0.10603E+01   0.16428E+22
   0.14262E+04   0.47867E+03   0.10605E+01   0.16431E+22
   0.14266E+04   0.47881E+03   0.10607E+01   0.16434E+22
   0.14270E+04   0.47896E+03   0.10609E+01   0.16437E+22
   0.14273E+04   0.47911E+03   0.10611E+01   0.16440E+22
   0.14277E+04   0.47925E+03   0.10613E+01   0.16443E+22
   0.14280E+04   0.47940E+03   0.10615E+01   0.16445E+22
   0.14284E+04   0.47955E+03   0.10617E+01   0.16448E+22
   0.14288E+04   0.47969E+03   0.10619E+01   0.16451E+22
   0.14291E+04   0.47984E+03   0.10621E+01   0.16454E+22
   0.14295E+04   0.47999E+03   0.10623E+01   0.16457E+22
   0.14298E+04   0.48014E+03   0.10625E+01   0.16460E+22
   0.14302E+04   0.48028E+03   0.10627E+01   0.16463E+22
   0.14306E+04   0.48043E+03   0.10629E+01   0.16465E+22
   0.14309E+04   0.48058E+03   0.10631E+01   0.16468E+22
   0.14313E+04   0.48072E+03   0.10633E+01   0.16471E+22
   0.14316E+04   0.48087E+03   0.10635E+01   0.16474E+22
   0.14320E+04   0.48102E+03   0.10637E+01   0.16477E+22
   0.14324E+04   0.48116E+03   0.10639E+01   0.16480E+22
   0.14327E+04   0.48131E+03   0.10641E+01   0.16483E+22
   0.14331E+04   0.48146E+03   0.10643E+01   0.16486E+22
   0.14334E+04   0.48161E+03   0.10645E+01   0.16488E+22
   0.14338E+04   0.48175E+03   0.10647E+01   0.16491E+22
   0.14342E+04   0.48190E+03   0.10649E+01   0.16494E+22
   0.14345E+04   0.48205E+03   0.10651E+01   0.16497E+22
   0.14349E+04   0.48219E+03   0.10653E+01   0.16500E+22
   0.14352E+04   0.48234E+03   0.10655E+01   0.16503E+22
   0.14356E+04   0.48249E+03   0.10657E+01   0.16506E+22
   0.14360E+04   0.48263E+03   0.10659E+01   0.16509E+22
   0.14363E+04   0.48278E+03   0.10661E+01   0.16511E+22
   0.14367E+04   0.48293E+03   0.10663E+01   0.16514E+22
   0.14370E+04   0.48308E+03   0.10665E+01   0.16517E+22
   0.14374E+04   0.48322E+03   0.10667E+01   0.16520E+22
   0.14378E+04   0.48337E+03   0.10669E+01   0.16523E+22
   0.14381E+04   0.48352E+03   0.10671E+01   0.16526E+22
   0.14385E+04   0.48366E+03   0.10673E+01   0.16529E+22
   0.14388E+04   0.48381E+03   0.10675E+01   0.16531E+22
   0.14392E+04   0.48396E+03   0.10677E+01   0.16534E+22
   0.14396E+04   0.48411E+03   0.10679E+01   0.16537E+22
   0.14399E+04   0.48425E+03   0.10681E+01   0.16540E+22
   0.14403E+04   0.48440E+03   0.10683E+01   0.16543E+22
   0.14406E+04   0.48455E+03   0.10685E+01   0.16546E+22
   0.14410E+04   0.48469E+03   0.10687E+01   0.16549E+22
   0.14414E+04   0.48484E+03   0.10689E+01   0.16552E+22
   0.14417E+04   0.48499E+03   0.10691E+01   0.16554E+22
   0.14421E+04   0.48514E+03   0.10693E+01   0.16557E+22
   0.14424E+04   0.48528E+03   0.10695E+01   0.16560E+22
   0.14428E+04   0.48543E+03   0.10697E+01   0.16563E+22
   0.14432E+04   0.48558E+03   0.10699E+01   0.16566E+22
   0.14435E+04   0.48573E+03   0.10701E+01   0.16569E+22
   0.14439E+04   0.48587E+03   0.10703E+01   0.16572E+22
   0.14442E+04   0.48602E+03   0.10705E+01   0.16575E+22
   0.14446E+04   0.48617E+03   0.10707E+01   0.16577E+22
   0.14450E+04   0.48631E+03   0.10709E+01   0.16580E+22
   0.14453E+04   0.48646E+03   0.10711E+01   0.16583E+22
   0.14457E+04   0.48661E+03   0.10713E+01   0.16586E+22
   0.14460E+04   0.48676E+03   0.10715E+01   0.16589E+22
   0.14464E+04   0.48690E+03   0.10717E+01   0.16592E+22
   0.14468E+04   0.48705E+03   0.10719E+01   0.16595E+22
   0.14471E+04   0.48720E+03   0.10721E+01   0.16598E+22
   0.14475E+04   0.48735E+03   0.10723E+01   0.16600E+22
   0.14478E+04   0.48749E+03   0.10725E+01   0.16603E+22
   0.14482E+04   0.48764E+03   0.10727E+01   0.16606E+22
   0.14486E+04   0.48779E+03   0.10729E+01   0.16609E+22
   0.14489E+04   0.48794E+03   0.10731E+01   0.16612E+22
   0.14493E+04   0.48808E+03   0.10733E+01   0.16615E+22
   0.14497E+04   0.48823E+03   0.10735E+01   0.16618E+22
   0.14500E+04   0.48838E+03   0.10737E+01   0.16621E+22
   0.14504E+04   0.48853E+03   0.10739E+01   0.16623E+22
   0.14507E+04   0.48867E+03   0.10741E+01   0.16626E+22
   0.14511E+04   0.48882E+03   0.10743E+01   0.16629E+22
   0.14515E+04   0.48897E+03   0.10745E+01   0.16632E+22
   0.14518E+04   0.48912E+03   0.10747E+01   0.16635E+22
   0.14522E+04   0.48926E+03   0.10749E+01   0.16638E+22
   0.14525E+04   0.48941E+03   0.10751E+01   0.16641E+22
   0.14529E+04   0.48956E+03   0.10753E+01   0.16644E+22
   0.14533E+04   0.48971E+03   0.10755E+01   0.16646E+22
   0.14536E+04   0.48985E+03   0.10757E+01   0.16649E+22
   0.14540E+04   0.49000E+03   0.10759E+01   0.16652E+22
   0.14543E+04   0.49015E+03   0.10761E+01   0.16655E+22
   0.14547E+04   0.49030E+03   0.10763E+01   0.16658E+22
   0.14551E+04   0.49044E+03   0.10765E+01   0.16661E+22
   0.14554E+04   0.49059E+03   0.10767E+01   0.16664E+22
   0.14558E+04   0.49074E+03   0.10769E+01   0.16667E+22
   0.14562E+04   0.49089E+03   0.10771E+01   0.16669E+22
   0.14565E+04   0.49103E+03   0.10773E+01   0.16672E+22
   0.14569E+04   0.49118E+03   0.10775E+01   0.16675E+22
   0.14572E+04   0.49133E+03   0.10777E+01   0.16678E+22
   0.14576E+04   0.49148E+03   0.10779E+01   0.16681E+22
   0.14580E+04   0.49162E+03   0.10781E+01   0.16684E+22
   0.14583E+04   0.49177E+03   0.10783E+01   0.16687E+22
   0.14587E+04   0.49192E+03   0.10785E+01   0.16690E+22
   0.14590E+04   0.49207E+03   0.10787E+01   0.16692E+22
   0.14594E+04   0.49222E+03   0.10789E+01   0.16695E+22
   0.14598E+04   0.49236E+03   0.10791E+01   0.16698E+22
   0.14601E+04   0.49251E+03   0.10793E+01   0.16701E+22
   0.14605E+04   0.49266E+03   0.10795E+01   0.16704E+22
   0.14609E+04   0.49281E+03   0.10797E+01   0.16707E+22
   0.14612E+04   0.49295E+03   0.10799E+01   0.16710E+22
   0.14616E+04   0.49310E+03   0.10801E+01   0.16713E+22
   0.14619E+04   0.49325E+03   0.10803E+01   0.16715E+22
   0.14623E+04   0.49340E+03   0.10805E+01   0.16718E+22
   0.14627E+04   0.49354E+03   0.10807E+01   0.16721E+22
   0.14630E+04   0.49369E+03   0.10809E+01   0.16724E+22
   0.14634E+04   0.49384E+03   0.10811E+01   0.16727E+22
   0.14638E+04   0.49399E+03   0.10813E+01   0.16730E+22
   0.14641E+04   0.49414E+03   0.10815E+01   0.16733E+22
   0.14645E+04   0.49428E+03   0.10817E+01   0.16736E+22
   0.14648E+04   0.49443E+03   0.10819E+01   0.16738E+22
   0.14652E+04   0.49458E+03   0.10821E+01   0.16741E+22
   0.14656E+04   0.49473E+03   0.10823E+01   0.16744E+22
   0.14659E+04   0.49488E+03   0.10825E+01   0.16747E+22
   0.14663E+04   0.49502E+03   0.10827E+01   0.16750E+22
   0.14666E+04   0.49517E+03   0.10829E+01   0.16753E+22
   0.14670E+04   0.49532E+03   0.10831E+01   0.16756E+22
   0.14674E+04   0.49547E+03   0.10833E+01   0.16759E+22
   0.14677E+04   0.49561E+03   0.10835E+01   0.16761E+22
   0.14681E+04   0.49576E+03   0.10837E+01   0.16764E+22
   0.14685E+04   0.49591E+03   0.10839E+01   0.16767E+22
   0.14688E+04   0.49606E+03   0.10841E+01   0.16770E+22
   0.14692E+04   0.49621E+03   0.10843E+01   0.16773E+22
   0.14695E+04   0.49635E+03   0.10845E+01   0.16776E+22
   0.14699E+04   0.49650E+03   0.10847E+01   0.16779E+22
   0.14703E+04   0.49665E+03   0.10849E+01   0.16782E+22
   0.14706E+04   0.49680E+03   0.10851E+01   0.16784E+22
   0.14710E+04   0.49695E+03   0.10853E+01   0.16787E+22
   0.14714E+04   0.49709E+03   0.10855E+01   0.16790E+22
   0.14717E+04   0.49724E+03   0.10857E+01   0.16793E+22
   0.14721E+04   0.49739E+03   0.10859E+01   0.16796E+22
   0.14725E+04   0.49754E+03   0.10861E+01   0.16799E+22
   0.14728E+04   0.49769E+03   0.10863E+01   0.16802E+22
   0.14732E+04   0.49783E+03   0.10865E+01   0.16805E+22
   0.14735E+04   0.49798E+03   0.10867E+01   0.16808E+22
   0.14739E+04   0.49813E+03   0.10869E+01   0.16810E+22
   0.14743E+04   0.49828E+03   0.10871E+01   0.16813E+22
   0.14746E+04   0.49843E+03   0.10873E+01   0.16816E+22
   0.14750E+04   0.49857E+03   0.10875E+01   0.16819E+22
   0.14754E+04   0.49872E+03   0.10877E+01   0.16822E+22
   0.14757E+04   0.49887E+03   0.10879E+01   0.16825E+22
   0.14761E+04   0.49902E+03   0.10881E+01   0.16828E+22
   0.14764E+04   0.49917E+03   0.10883E+01   0.16831E+22
   0.14768E+04   0.49932E+03   0.10885E+01   0.16833E+22
   0.14772E+04   0.49946E+03   0.10887E+01   0.16836E+22
   0.14775E+04   0.49961E+03   0.10889E+01   0.16839E+22
   0.14779E+04   0.49976E+03   0.10891E+01   0.16842E+22
   0.14783E+04   0.49991E+03   0.10893E+01   0.16845E+22
   0.14786E+04   0.50006E+03   0.10895E+01   0.16848E+22
   0.14790E+04   0.50020E+03   0.10897E+01   0.16851E+22
   0.14793E+04   0.50035E+03   0.10899E+01   0.16854E+22
   0.14797E+04   0.50050E+03   0.10901E+01   0.16856E+22
   0.14801E+04   0.50065E+03   0.10903E+01   0.16859E+22
   0.14804E+04   0.50080E+03   0.10905E+01   0.16862E+22
   0.14808E+04   0.50095E+03   0.10907E+01   0.16865E+22
   0.14812E+04   0.50109E+03   0.10909E+01   0.16868E+22
   0.14815E+04   0.50124E+03   0.10911E+01   0.16871E+22
   0.14819E+04   0.50139E+03   0.10913E+01   0.16874E+22
   0.14823E+04   0.50154E+03   0.10915E+01   0.16877E+22
   0.14826E+04   0.50169E+03   0.10917E+01   0.16880E+22
   0.14830E+04   0.50184E+03   0.10919E+01   0.16882E+22
   0.14833E+04   0.50198E+03   0.10921E+01   0.16885E+22
   0.14837E+04   0.50213E+03   0.10923E+01   0.16888E+22
   0.14841E+04   0.50228E+03   0.10925E+01   0.16891E+22
   0.14844E+04   0.50243E+03   0.10927E+01   0.16894E+22
   0.14848E+04   0.50258E+03   0.10929E+01   0.16897E+22
   0.14852E+04   0.50272E+03   0.10931E+01   0.16900E+22
   0.14855E+04   0.50287E+03   0.10933E+01   0.16903E+22
   0.14859E+04   0.50302E+03   0.10935E+01   0.16905E+22
   0.14863E+04   0.50317E+03   0.10937E+01   0.16908E+22
   0.14866E+04   0.50332E+03   0.10939E+01   0.16911E+22
   0.14870E+04   0.50347E+03   0.10941E+01   0.16914E+22
   0.14873E+04   0.50362E+03   0.10943E+01   0.16917E+22
   0.14877E+04   0.50376E+03   0.10945E+01   0.16920E+22
   0.14881E+04   0.50391E+03   0.10947E+01   0.16923E+22
   0.14884E+04   0.50406E+03   0.10949E+01   0.16926E+22
   0.14888E+04   0.50421E+03   0.10951E+01   0.16929E+22
   0.14892E+04   0.50436E+03   0.10953E+01   0.16931E+22
   0.14895E+04   0.50451E+03   0.10955E+01   0.16934E+22
   0.14899E+04   0.50465E+03   0.10957E+01   0.16937E+22
   0.14903E+04   0.50480E+03   0.10959E+01   0.16940E+22
   0.14906E+04   0.50495E+03   0.10961E+01   0.16943E+22
   0.14910E+04   0.50510E+03   0.10963E+01   0.16946E+22
   0.14914E+04   0.50525E+03   0.10965E+01   0.16949E+22
   0.14917E+04   0.50540E+03   0.10967E+01   0.16952E+22
   0.14921E+04   0.50555E+03   0.10969E+01   0.16954E+22
   0.14924E+04   0.50569E+03   0.10971E+01   0.16957E+22
   0.14928E+04   0.50584E+03   0.10973E+01   0.16960E+22
   0.14932E+04   0.50599E+03   0.10975E+01   0.16963E+22
   0.14935E+04   0.50614E+03   0.10977E+01   0.16966E+22
   0.14939E+04   0.50629E+03   0.10979E+01   0.16969E+22
   0.14943E+04   0.50644E+03   0.10981E+01   0.16972E+22
   0.14946E+04   0.50659E+03   0.10983E+01   0.16975E+22
   0.14950E+04   0.50673E+03   0.10985E+01   0.16978E+22
   0.14954E+04   0.50688E+03   0.10987E+01   0.16980E+22
   0.14957E+04   0.50703E+03   0.10989E+01   0.16983E+22
   0.14961E+04   0.50718E+03   0.10991E+01   0.16986E+22
   0.14965E+04   0.50733E+03   0.10993E+01   0.16989E+22
   0.14968E+04   0.50748E+03   0.10995E+01   0.16992E+22
   0.14972E+04   0.50763E+03   0.10997E+01   0.16995E+22
   0.14975E+04   0.50777E+03   0.10999E+01   0.16998E+22
   0.14979E+04   0.50792E+03   0.11001E+01   0.17001E+22
   0.14983E+04   0.50807E+03   0.11003E+01   0.17004E+22
   0.14986E+04   0.50822E+03   0.11005E+01   0.17006E+22
   0.14990E+04   0.50837E+03   0.11007E+01   0.17009E+22
   0.14994E+04   0.50852E+03   0.11009E+01   0.17012E+22
   0.14997E+04   0.50867E+03   0.11011E+01   0.17015E+22
   0.15001E+04   0.50882E+03   0.11013E+01   0.17018E+22
   0.15005E+04   0.50896E+03   0.11015E+01   0.17021E+22
   0.15008E+04   0.50911E+03   0.11017E+01   0.17024E+22
   0.15012E+04   0.50926E+03   0.11019E+01   0.17027E+22
   0.15016E+04   0.50941E+03   0.11021E+01   0.17030E+22
   0.15019E+04   0.50956E+03   0.11023E+01   0.17032E+22
   0.15023E+04   0.50971E+03   0.11025E+01   0.17035E+22
   0.15027E+04   0.50986E+03   0.11027E+01   0.17038E+22
   0.15030E+04   0.51001E+03   0.11029E+01   0.17041E+22
   0.15034E+04   0.51015E+03   0.11031E+01   0.17044E+22
   0.15037E+04   0.51030E+03   0.11033E+01   0.17047E+22
   0.15041E+04   0.51045E+03   0.11035E+01   0.17050E+22
   0.15045E+04   0.51060E+03   0.11037E+01   0.17053E+22
   0.15048E+04   0.51075E+03   0.11039E+01   0.17055E+22
   0.15052E+04   0.51090E+03   0.11041E+01   0.17058E+22
   0.15056E+04   0.51105E+03   0.11043E+01   0.17061E+22
   0.15059E+04   0.51120E+03   0.11045E+01   0.17064E+22
   0.15063E+04   0.51134E+03   0.11047E+01   0.17067E+22
   0.15067E+04   0.51149E+03   0.11049E+01   0.17070E+22
   0.15070E+04   0.51164E+03   0.11051E+01   0.17073E+22
   0.15074E+04   0.51179E+03   0.11053E+01   0.17076E+22
   0.15078E+04   0.51194E+03   0.11055E+01   0.17079E+22
   0.15081E+04   0.51209E+03   0.11057E+01   0.17081E+22
   0.15085E+04   0.51224E+03   0.11059E+01   0.17084E+22
   0.15089E+04   0.51239E+03   0.11061E+01   0.17087E+22
   0.15092E+04   0.51254E+03   0.11063E+01   0.17090E+22
   0.15096E+04   0.51268E+03   0.11065E+01   0.17093E+22
   0.15100E+04   0.51283E+03   0.11067E+01   0.17096E+22
   0.15103E+04   0.51298E+03   0.11069E+01   0.17099E+22
   0.15107E+04   0.51313E+03   0.11071E+01   0.17102E+22
   0.15111E+04   0.51328E+03   0.11073E+01   0.17105E+22
   0.15114E+04   0.51343E+03   0.11075E+01   0.17107E+22
   0.15118E+04   0.51358E+03   0.11077E+01   0.17110E+22
   0.15122E+04   0.51373E+03   0.11079E+01   0.17113E+22
   0.15125E+04   0.51388E+03   0.11081E+01   0.17116E+22
   0.15129E+04   0.51403E+03   0.11083E+01   0.17119E+22
   0.15132E+04   0.51417E+03   0.11085E+01   0.17122E+22
   0.15136E+04   0.51432E+03   0.11087E+01   0.17125E+22
   0.15140E+04   0.51447E+03   0.11089E+01   0.17128E+22
   0.15143E+04   0.51462E+03   0.11091E+01   0.17131E+22
   0.15147E+04   0.51477E+03   0.11093E+01   0.17133E+22
   0.15151E+04   0.51492E+03   0.11095E+01   0.17136E+22
   0.15154E+04   0.51507E+03   0.11097E+01   0.17139E+22
   0.15158E+04   0.51522E+03   0.11099E+01   0.17142E+22
   0.15162E+04   0.51537E+03   0.11101E+01   0.17145E+22
   0.15165E+04   0.51552E+03   0.11103E+01   0.17148E+22
   0.15169E+04   0.51567E+03   0.11105E+01   0.17151E+22
   0.15173E+04   0.51582E+03   0.11107E+01   0.17154E+22
   0.15176E+04   0.51596E+03   0.11109E+01   0.17157E+22
   0.15180E+04   0.51611E+03   0.11111E+01   0.17159E+22
   0.15184E+04   0.51626E+03   0.11113E+01   0.17162E+22
   0.15187E+04   0.51641E+03   0.11115E+01   0.17165E+22
   0.15191E+04   0.51656E+03   0.11117E+01   0.17168E+22
   0.15195E+04   0.51671E+03   0.11119E+01   0.17171E+22
   0.15198E+04   0.51686E+03   0.11121E+01   0.17174E+22
   0.15202E+04   0.51701E+03   0.11123E+01   0.17177E+22
   0.15206E+04   0.51716E+03   0.11125E+01   0.17180E+22
   0.15209E+04   0.51731E+03   0.11127E+01   0.17183E+22
   0.15213E+04   0.51746E+03   0.11129E+01   0.17185E+22
   0.15217E+04   0.51761E+03   0.11131E+01   0.17188E+22
   0.15220E+04   0.51775E+03   0.11133E+01   0.17191E+22
   0.15224E+04   0.51790E+03   0.11135E+01   0.17194E+22
   0.15228E+04   0.51805E+03   0.11137E+01   0.17197E+22
   0.15231E+04   0.51820E+03   0.11139E+01   0.17200E+22
   0.15235E+04   0.51835E+03   0.11141E+01   0.17203E+22
   0.15239E+04   0.51850E+03   0.11143E+01   0.17206E+22
   0.15242E+04   0.51865E+03   0.11145E+01   0.17209E+22
   0.15246E+04   0.51880E+03   0.11147E+01   0.17212E+22
   0.15250E+04   0.51895E+03   0.11149E+01   0.17214E+22
   0.15253E+04   0.51910E+03   0.11151E+01   0.17217E+22
   0.15257E+04   0.51925E+03   0.11153E+01   0.17220E+22
   0.15261E+04   0.51940E+03   0.11155E+01   0.17223E+22
   0.15264E+04   0.51955E+03   0.11157E+01   0.17226E+22
   0.15268E+04   0.51970E+03   0.11159E+01   0.17229E+22
   0.15272E+04   0.51985E+03   0.11161E+01   0.17232E+22
   0.15275E+04   0.51999E+03   0.11163E+01   0.17235E+22
   0.15279E+04   0.52014E+03   0.11165E+01   0.17238E+22
   0.15283E+04   0.52029E+03   0.11167E+01   0.17240E+22
   0.15286E+04   0.52044E+03   0.11169E+01   0.17243E+22
   0.15290E+04   0.52059E+03   0.11171E+01   0.17246E+22
   0.15294E+04   0.52074E+03   0.11173E+01   0.17249E+22
   0.15297E+04   0.52089E+03   0.11175E+01   0.17252E+22
   0.15301E+04   0.52104E+03   0.11177E+01   0.17255E+22
   0.15305E+04   0.52119E+03   0.11179E+01   0.17258E+22
   0.15308E+04   0.52134E+03   0.11181E+01   0.17261E+22
   0.15312E+04   0.52149E+03   0.11183E+01   0.17264E+22
   0.15316E+04   0.52164E+03   0.11185E+01   0.17266E+22
   0.15319E+04   0.52179E+03   0.11187E+01   0.17269E+22
   0.15323E+04   0.52194E+03   0.11189E+01   0.17272E+22
   0.15327E+04   0.52209E+03   0.11191E+01   0.17275E+22
   0.15330E+04   0.52224E+03   0.11193E+01   0.17278E+22
   0.15334E+04   0.52239E+03   0.11195E+01   0.17281E+22
   0.15338E+04   0.52254E+03   0.11197E+01   0.17284E+22
   0.15341E+04   0.52269E+03   0.11199E+01   0.17287E+22
   0.15345E+04   0.52283E+03   0.11201E+01   0.17290E+22
   0.15349E+04   0.52298E+03   0.11203E+01   0.17293E+22
   0.15352E+04   0.52313E+03   0.11205E+01   0.17295E+22
   0.15356E+04   0.52328E+03   0.11207E+01   0.17298E+22
   0.15360E+04   0.52343E+03   0.11209E+01   0.17301E+22
   0.15363E+04   0.52358E+03   0.11211E+01   0.17304E+22
   0.15367E+04   0.52373E+03   0.11213E+01   0.17307E+22
   0.15371E+04   0.52388E+03   0.11215E+01   0.17310E+22
   0.15374E+04   0.52403E+03   0.11217E+01   0.17313E+22
   0.15378E+04   0.52418E+03   0.11219E+01   0.17316E+22
   0.15382E+04   0.52433E+03   0.11221E+01   0.17319E+22
   0.15386E+04   0.52448E+03   0.11223E+01   0.17321E+22
   0.15389E+04   0.52463E+03   0.11225E+01   0.17324E+22
   0.15393E+04   0.52478E+03   0.11227E+01   0.17327E+22
   0.15397E+04   0.52493E+03   0.11229E+01   0.17330E+22
   0.15400E+04   0.52508E+03   0.11231E+01   0.17333E+22
   0.15404E+04   0.52523E+03   0.11233E+01   0.17336E+22
   0.15408E+04   0.52538E+03   0.11235E+01   0.17339E+22
   0.15411E+04   0.52553E+03   0.11237E+01   0.17342E+22
   0.15415E+04   0.52568E+03   0.11239E+01   0.17345E+22
   0.15419E+04   0.52583E+03   0.11241E+01   0.17348E+22
   0.15422E+04   0.52598E+03   0.11243E+01   0.17350E+22
   0.15426E+04   0.52613E+03   0.11245E+01   0.17353E+22
   0.15430E+04   0.52628E+03   0.11247E+01   0.17356E+22
   0.15433E+04   0.52643E+03   0.11249E+01   0.17359E+22
   0.15437E+04   0.52658E+03   0.11251E+01   0.17362E+22
   0.15441E+04   0.52673E+03   0.11253E+01   0.17365E+22
   0.15444E+04   0.52688E+03   0.11255E+01   0.17368E+22
   0.15448E+04   0.52703E+03   0.11257E+01   0.17371E+22
   0.15452E+04   0.52718E+03   0.11259E+01   0.17374E+22
   0.15455E+04   0.52733E+03   0.11261E+01   0.17376E+22
   0.15459E+04   0.52748E+03   0.11263E+01   0.17379E+22
   0.15463E+04   0.52763E+03   0.11265E+01   0.17382E+22
   0.15466E+04   0.52778E+03   0.11267E+01   0.17385E+22
   0.15470E+04   0.52793E+03   0.11269E+01   0.17388E+22
   0.15474E+04   0.52808E+03   0.11271E+01   0.17391E+22
   0.15478E+04   0.52823E+03   0.11273E+01   0.17394E+22
   0.15481E+04   0.52838E+03   0.11275E+01   0.17397E+22
   0.15485E+04   0.52853E+03   0.11277E+01   0.17400E+22
   0.15489E+04   0.52868E+03   0.11279E+01   0.17403E+22
   0.15492E+04   0.52882E+03   0.11281E+01   0.17405E+22
   0.15496E+04   0.52897E+03   0.11283E+01   0.17408E+22
   0.15500E+04   0.52912E+03   0.11285E+01   0.17411E+22
   0.15503E+04   0.52927E+03   0.11287E+01   0.17414E+22
   0.15507E+04   0.52942E+03   0.11289E+01   0.17417E+22
   0.15511E+04   0.52957E+03   0.11291E+01   0.17420E+22
   0.15514E+04   0.52972E+03   0.11293E+01   0.17423E+22
   0.15518E+04   0.52987E+03   0.11295E+01   0.17426E+22
   0.15522E+04   0.53002E+03   0.11297E+01   0.17429E+22
   0.15525E+04   0.53017E+03   0.11299E+01   0.17432E+22
   0.15529E+04   0.53032E+03   0.11301E+01   0.17434E+22
   0.15533E+04   0.53047E+03   0.11303E+01   0.17437E+22
   0.15536E+04   0.53062E+03   0.11305E+01   0.17440E+22
   0.15540E+04   0.53077E+03   0.11307E+01   0.17443E+22
   0.15544E+04   0.53092E+03   0.11309E+01   0.17446E+22
   0.15548E+04   0.53107E+03   0.11311E+01   0.17449E+22
   0.15551E+04   0.53122E+03   0.11313E+01   0.17452E+22
   0.15555E+04   0.53137E+03   0.11315E+01   0.17455E+22
   0.15559E+04   0.53153E+03   0.11317E+01   0.17458E+22
   0.15562E+04   0.53168E+03   0.11319E+01   0.17460E+22
   0.15566E+04   0.53183E+03   0.11321E+01   0.17463E+22
   0.15570E+04   0.53198E+03   0.11323E+01   0.17466E+22
   0.15573E+04   0.53213E+03   0.11325E+01   0.17469E+22
   0.15577E+04   0.53228E+03   0.11327E+01   0.17472E+22
   0.15581E+04   0.53243E+03   0.11329E+01   0.17475E+22
   0.15584E+04   0.53258E+03   0.11331E+01   0.17478E+22
   0.15588E+04   0.53273E+03   0.11333E+01   0.17481E+22
   0.15592E+04   0.53288E+03   0.11335E+01   0.17484E+22
   0.15595E+04   0.53303E+03   0.11337E+01   0.17487E+22
   0.15599E+04   0.53318E+03   0.11339E+01   0.17489E+22
   0.15603E+04   0.53333E+03   0.11341E+01   0.17492E+22
   0.15607E+04   0.53348E+03   0.11343E+01   0.17495E+22
   0.15610E+04   0.53363E+03   0.11345E+01   0.17498E+22
   0.15614E+04   0.53378E+03   0.11347E+01   0.17501E+22
   0.15618E+04   0.53393E+03   0.11349E+01   0.17504E+22
   0.15621E+04   0.53408E+03   0.11351E+01   0.17507E+22
   0.15625E+04   0.53423E+03   0.11353E+01   0.17510E+22
   0.15629E+04   0.53438E+03   0.11355E+01   0.17513E+22
   0.15632E+04   0.53453E+03   0.11357E+01   0.17516E+22
   0.15636E+04   0.53468E+03   0.11359E+01   0.17518E+22
   0.15640E+04   0.53483E+03   0.11361E+01   0.17521E+22
   0.15644E+04   0.53498E+03   0.11363E+01   0.17524E+22
   0.15647E+04   0.53513E+03   0.11365E+01   0.17527E+22
   0.15651E+04   0.53528E+03   0.11367E+01   0.17530E+22
   0.15655E+04   0.53543E+03   0.11369E+01   0.17533E+22
   0.15658E+04   0.53558E+03   0.11371E+01   0.17536E+22
   0.15662E+04   0.53573E+03   0.11373E+01   0.17539E+22
   0.15666E+04   0.53588E+03   0.11375E+01   0.17542E+22
   0.15669E+04   0.53603E+03   0.11377E+01   0.17545E+22
   0.15673E+04   0.53618E+03   0.11379E+01   0.17547E+22
   0.15677E+04   0.53633E+03   0.11381E+01   0.17550E+22
   0.15680E+04   0.53648E+03   0.11383E+01   0.17553E+22
   0.15684E+04   0.53663E+03   0.11385E+01   0.17556E+22
   0.15688E+04   0.53678E+03   0.11387E+01   0.17559E+22
   0.15692E+04   0.53693E+03   0.11389E+01   0.17562E+22
   0.15695E+04   0.53708E+03   0.11391E+01   0.17565E+22
   0.15699E+04   0.53723E+03   0.11393E+01   0.17568E+22
   0.15703E+04   0.53739E+03   0.11395E+01   0.17571E+22
   0.15706E+04   0.53754E+03   0.11397E+01   0.17574E+22
   0.15710E+04   0.53769E+03   0.11399E+01   0.17576E+22
   0.15714E+04   0.53784E+03   0.11401E+01   0.17579E+22
   0.15717E+04   0.53799E+03   0.11403E+01   0.17582E+22
   0.15721E+04   0.53814E+03   0.11405E+01   0.17585E+22
   0.15725E+04   0.53829E+03   0.11407E+01   0.17588E+22
   0.15729E+04   0.53844E+03   0.11409E+01   0.17591E+22
   0.15732E+04   0.53859E+03   0.11411E+01   0.17594E+22
   0.15736E+04   0.53874E+03   0.11413E+01   0.17597E+22
   0.15740E+04   0.53889E+03   0.11415E+01   0.17600E+22
   0.15743E+04   0.53904E+03   0.11417E+01   0.17603E+22
   0.15747E+04   0.53919E+03   0.11419E+01   0.17605E+22
   0.15751E+04   0.53934E+03   0.11421E+01   0.17608E+22
   0.15754E+04   0.53949E+03   0.11423E+01   0.17611E+22
   0.15758E+04   0.53964E+03   0.11425E+01   0.17614E+22
   0.15762E+04   0.53979E+03   0.11427E+01   0.17617E+22
   0.15766E+04   0.53994E+03   0.11429E+01   0.17620E+22
   0.15769E+04   0.54009E+03   0.11431E+01   0.17623E+22
   0.15773E+04   0.54024E+03   0.11433E+01   0.17626E+22
   0.15777E+04   0.54040E+03   0.11435E+01   0.17629E+22
   0.15780E+04   0.54055E+03   0.11437E+01   0.17632E+22
   0.15784E+04   0.54070E+03   0.11439E+01   0.17635E+22
   0.15788E+04   0.54085E+03   0.11441E+01   0.17637E+22
   0.15792E+04   0.54100E+03   0.11443E+01   0.17640E+22
   0.15795E+04   0.54115E+03   0.11445E+01   0.17643E+22
   0.15799E+04   0.54130E+03   0.11447E+01   0.17646E+22
   0.15803E+04   0.54145E+03   0.11449E+01   0.17649E+22
   0.15806E+04   0.54160E+03   0.11451E+01   0.17652E+22
   0.15810E+04   0.54175E+03   0.11453E+01   0.17655E+22
   0.15814E+04   0.54190E+03   0.11455E+01   0.17658E+22
   0.15817E+04   0.54205E+03   0.11457E+01   0.17661E+22
   0.15821E+04   0.54220E+03   0.11459E+01   0.17664E+22
   0.15825E+04   0.54235E+03   0.11461E+01   0.17666E+22
   0.15829E+04   0.54250E+03   0.11463E+01   0.17669E+22
   0.15832E+04   0.54266E+03   0.11465E+01   0.17672E+22
   0.15836E+04   0.54281E+03   0.11467E+01   0.17675E+22
   0.15840E+04   0.54296E+03   0.11469E+01   0.17678E+22
   0.15843E+04   0.54311E+03   0.11471E+01   0.17681E+22
   0.15847E+04   0.54326E+03   0.11473E+01   0.17684E+22
   0.15851E+04   0.54341E+03   0.11475E+01   0.17687E+22
   0.15855E+04   0.54356E+03   0.11477E+01   0.17690E+22
   0.15858E+04   0.54371E+03   0.11479E+01   0.17693E+22
   0.15862E+04   0.54386E+03   0.11481E+01   0.17696E+22
   0.15866E+04   0.54401E+03   0.11483E+01   0.17698E+22
   0.15869E+04   0.54416E+03   0.11485E+01   0.17701E+22
   0.15873E+04   0.54431E+03   0.11487E+01   0.17704E+22
   0.15877E+04   0.54446E+03   0.11489E+01   0.17707E+22
   0.15881E+04   0.54462E+03   0.11491E+01   0.17710E+22
   0.15884E+04   0.54477E+03   0.11493E+01   0.17713E+22
   0.15888E+04   0.54492E+03   0.11495E+01   0.17716E+22
   0.15892E+04   0.54507E+03   0.11497E+01   0.17719E+22
   0.15895E+04   0.54522E+03   0.11499E+01   0.17722E+22
   0.15899E+04   0.54537E+03   0.11501E+01   0.17725E+22
   0.15903E+04   0.54552E+03   0.11503E+01   0.17727E+22
   0.15907E+04   0.54567E+03   0.11505E+01   0.17730E+22
   0.15910E+04   0.54582E+03   0.11507E+01   0.17733E+22
   0.15914E+04   0.54597E+03   0.11509E+01   0.17736E+22
   0.15918E+04   0.54612E+03   0.11511E+01   0.17739E+22
   0.15921E+04   0.54628E+03   0.11513E+01   0.17742E+22
   0.15925E+04   0.54643E+03   0.11515E+01   0.17745E+22
   0.15929E+04   0.54658E+03   0.11517E+01   0.17748E+22
   0.15933E+04   0.54673E+03   0.11519E+01   0.17751E+22
   0.15936E+04   0.54688E+03   0.11521E+01   0.17754E+22
   0.15940E+04   0.54703E+03   0.11523E+01   0.17757E+22
   0.15944E+04   0.54718E+03   0.11525E+01   0.17759E+22
   0.15947E+04   0.54733E+03   0.11527E+01   0.17762E+22
   0.15951E+04   0.54748E+03   0.11529E+01   0.17765E+22
   0.15955E+04   0.54763E+03   0.11531E+01   0.17768E+22
   0.15959E+04   0.54779E+03   0.11533E+01   0.17771E+22
   0.15962E+04   0.54794E+03   0.11535E+01   0.17774E+22
   0.15966E+04   0.54809E+03   0.11537E+01   0.17777E+22
   0.15970E+04   0.54824E+03   0.11539E+01   0.17780E+22
   0.15973E+04   0.54839E+03   0.11541E+01   0.17783E+22
   0.15977E+04   0.54854E+03   0.11543E+01   0.17786E+22
   0.15981E+04   0.54869E+03   0.11545E+01   0.17788E+22
   0.15985E+04   0.54884E+03   0.11547E+01   0.17791E+22
   0.15988E+04   0.54899E+03   0.11549E+01   0.17794E+22
   0.15992E+04   0.54915E+03   0.11551E+01   0.17797E+22
   0.15996E+04   0.54930E+03   0.11553E+01   0.17800E+22
   0.15999E+04   0.54945E+03   0.11555E+01   0.17803E+22
   0.16003E+04   0.54960E+03   0.11557E+01   0.17806E+22
   0.16007E+04   0.54975E+03   0.11559E+01   0.17809E+22
   0.16011E+04   0.54990E+03   0.11561E+01   0.17812E+22
   0.16014E+04   0.55005E+03   0.11563E+01   0.17815E+22
   0.16018E+04   0.55020E+03   0.11565E+01   0.17818E+22
   0.16022E+04   0.55035E+03   0.11567E+01   0.17820E+22
   0.16025E+04   0.55051E+03   0.11569E+01   0.17823E+22
   0.16029E+04   0.55066E+03   0.11571E+01   0.17826E+22
   0.16033E+04   0.55081E+03   0.11573E+01   0.17829E+22
   0.16037E+04   0.55096E+03   0.11575E+01   0.17832E+22
   0.16040E+04   0.55111E+03   0.11577E+01   0.17835E+22
   0.16044E+04   0.55126E+03   0.11579E+01   0.17838E+22
   0.16048E+04   0.55141E+03   0.11581E+01   0.17841E+22
   0.16052E+04   0.55156E+03   0.11583E+01   0.17844E+22
   0.16055E+04   0.55172E+03   0.11585E+01   0.17847E+22
   0.16059E+04   0.55187E+03   0.11587E+01   0.17850E+22
   0.16063E+04   0.55202E+03   0.11589E+01   0.17852E+22
   0.16066E+04   0.55217E+03   0.11591E+01   0.17855E+22
   0.16070E+04   0.55232E+03   0.11593E+01   0.17858E+22
   0.16074E+04   0.55247E+03   0.11595E+01   0.17861E+22
   0.16078E+04   0.55262E+03   0.11597E+01   0.17864E+22
   0.16081E+04   0.55277E+03   0.11599E+01   0.17867E+22
   0.16085E+04   0.55293E+03   0.11601E+01   0.17870E+22
   0.16089E+04   0.55308E+03   0.11603E+01   0.17873E+22
   0.16093E+04   0.55323E+03   0.11605E+01   0.17876E+22
   0.16096E+04   0.55338E+03   0.11607E+01   0.17879E+22
   0.16100E+04   0.55353E+03   0.11609E+01   0.17882E+22
   0.16104E+04   0.55368E+03   0.11611E+01   0.17884E+22
   0.16107E+04   0.55383E+03   0.11613E+01   0.17887E+22
   0.16111E+04   0.55399E+03   0.11615E+01   0.17890E+22
   0.16115E+04   0.55414E+03   0.11617E+01   0.17893E+22
   0.16119E+04   0.55429E+03   0.11619E+01   0.17896E+22
   0.16122E+04   0.55444E+03   0.11621E+01   0.17899E+22
   0.16126E+04   0.55459E+03   0.11623E+01   0.17902E+22
   0.16130E+04   0.55474E+03   0.11625E+01   0.17905E+22
   0.16134E+04   0.55489E+03   0.11627E+01   0.17908E+22
   0.16137E+04   0.55505E+03   0.11629E+01   0.17911E+22
   0.16141E+04   0.55520E+03   0.11631E+01   0.17914E+22
   0.16145E+04   0.55535E+03   0.11633E+01   0.17916E+22
   0.16148E+04   0.55550E+03   0.11635E+01   0.17919E+22
   0.16152E+04   0.55565E+03   0.11637E+01   0.17922E+22
   0.16156E+04   0.55580E+03   0.11639E+01   0.17925E+22
   0.16160E+04   0.55595E+03   0.11641E+01   0.17928E+22
   0.16163E+04   0.55611E+03   0.11643E+01   0.17931E+22
   0.16167E+04   0.55626E+03   0.11645E+01   0.17934E+22
   0.16171E+04   0.55641E+03   0.11647E+01   0.17937E+22
   0.16175E+04   0.55656E+03   0.11649E+01   0.17940E+22
   0.16178E+04   0.55671E+03   0.11651E+01   0.17943E+22
   0.16182E+04   0.55686E+03   0.11653E+01   0.17946E+22
   0.16186E+04   0.55701E+03   0.11655E+01   0.17948E+22
   0.16189E+04   0.55717E+03   0.11657E+01   0.17951E+22
   0.16193E+04   0.55732E+03   0.11659E+01   0.17954E+22
   0.16197E+04   0.55747E+03   0.11661E+01   0.17957E+22
   0.16201E+04   0.55762E+03   0.11663E+01   0.17960E+22
   0.16204E+04   0.55777E+03   0.11665E+01   0.17963E+22
   0.16208E+04   0.55792E+03   0.11667E+01   0.17966E+22
   0.16212E+04   0.55808E+03   0.11669E+01   0.17969E+22
   0.16216E+04   0.55823E+03   0.11671E+01   0.17972E+22
   0.16219E+04   0.55838E+03   0.11673E+01   0.17975E+22
   0.16223E+04   0.55853E+03   0.11675E+01   0.17978E+22
   0.16227E+04   0.55868E+03   0.11677E+01   0.17981E+22
   0.16231E+04   0.55883E+03   0.11679E+01   0.17983E+22
   0.16234E+04   0.55899E+03   0.11681E+01   0.17986E+22
   0.16238E+04   0.55914E+03   0.11683E+01   0.17989E+22
   0.16242E+04   0.55929E+03   0.11685E+01   0.17992E+22
   0.16246E+04   0.55944E+03   0.11687E+01   0.17995E+22
   0.16249E+04   0.55959E+03   0.11689E+01   0.17998E+22
   0.16253E+04   0.55974E+03   0.11691E+01   0.18001E+22
   0.16257E+04   0.55990E+03   0.11693E+01   0.18004E+22
   0.16260E+04   0.56005E+03   0.11695E+01   0.18007E+22
   0.16264E+04   0.56020E+03   0.11697E+01   0.18010E+22
   0.16268E+04   0.56035E+03   0.11699E+01   0.18013E+22
   0.16272E+04   0.56050E+03   0.11701E+01   0.18015E+22
   0.16275E+04   0.56065E+03   0.11703E+01   0.18018E+22
   0.16279E+04   0.56081E+03   0.11705E+01   0.18021E+22
   0.16283E+04   0.56096E+03   0.11707E+01   0.18024E+22
   0.16287E+04   0.56111E+03   0.11709E+01   0.18027E+22
   0.16290E+04   0.56126E+03   0.11711E+01   0.18030E+22
   0.16294E+04   0.56141E+03   0.11713E+01   0.18033E+22
   0.16298E+04   0.56157E+03   0.11715E+01   0.18036E+22
   0.16302E+04   0.56172E+03   0.11717E+01   0.18039E+22
   0.16305E+04   0.56187E+03   0.11719E+01   0.18042E+22
   0.16309E+04   0.56202E+03   0.11721E+01   0.18045E+22
   0.16313E+04   0.56217E+03   0.11723E+01   0.18048E+22
   0.16317E+04   0.56232E+03   0.11725E+01   0.18050E+22
   0.16320E+04   0.56248E+03   0.11727E+01   0.18053E+22
   0.16324E+04   0.56263E+03   0.11729E+01   0.18056E+22
   0.16328E+04   0.56278E+03   0.11731E+01   0.18059E+22
   0.16332E+04   0.56293E+03   0.11733E+01   0.18062E+22
   0.16335E+04   0.56308E+03   0.11735E+01   0.18065E+22
   0.16339E+04   0.56324E+03   0.11737E+01   0.18068E+22
   0.16343E+04   0.56339E+03   0.11739E+01   0.18071E+22
   0.16347E+04   0.56354E+03   0.11741E+01   0.18074E+22
   0.16350E+04   0.56369E+03   0.11743E+01   0.18077E+22
   0.16354E+04   0.56384E+03   0.11745E+01   0.18080E+22
   0.16358E+04   0.56400E+03   0.11747E+01   0.18082E+22
   0.16362E+04   0.56415E+03   0.11749E+01   0.18085E+22
   0.16365E+04   0.56430E+03   0.11751E+01   0.18088E+22
   0.16369E+04   0.56445E+03   0.11753E+01   0.18091E+22
   0.16373E+04   0.56460E+03   0.11755E+01   0.18094E+22
   0.16376E+04   0.56476E+03   0.11757E+01   0.18097E+22
   0.16380E+04   0.56491E+03   0.11759E+01   0.18100E+22
   0.16384E+04   0.56506E+03   0.11761E+01   0.18103E+22
   0.16388E+04   0.56521E+03   0.11763E+01   0.18106E+22
   0.16391E+04   0.56536E+03   0.11765E+01   0.18109E+22
   0.16395E+04   0.56552E+03   0.11767E+01   0.18112E+22
   0.16399E+04   0.56567E+03   0.11769E+01   0.18115E+22
   0.16403E+04   0.56582E+03   0.11771E+01   0.18117E+22
   0.16406E+04   0.56597E+03   0.11773E+01   0.18120E+22
   0.16410E+04   0.56612E+03   0.11775E+01   0.18123E+22
   0.16414E+04   0.56628E+03   0.11777E+01   0.18126E+22
   0.16418E+04   0.56643E+03   0.11779E+01   0.18129E+22
   0.16421E+04   0.56658E+03   0.11781E+01   0.18132E+22
   0.16425E+04   0.56673E+03   0.11783E+01   0.18135E+22
   0.16429E+04   0.56688E+03   0.11785E+01   0.18138E+22
   0.16433E+04   0.56704E+03   0.11787E+01   0.18141E+22
   0.16436E+04   0.56719E+03   0.11789E+01   0.18144E+22
   0.16440E+04   0.56734E+03   0.11791E+01   0.18147E+22
   0.16444E+04   0.56749E+03   0.11793E+01   0.18150E+22
   0.16448E+04   0.56764E+03   0.11795E+01   0.18152E+22
   0.16451E+04   0.56780E+03   0.11797E+01   0.18155E+22
   0.16455E+04   0.56795E+03   0.11799E+01   0.18158E+22
   0.16459E+04   0.56810E+03   0.11801E+01   0.18161E+22
   0.16463E+04   0.56825E+03   0.11803E+01   0.18164E+22
   0.16466E+04   0.56841E+03   0.11805E+01   0.18167E+22
   0.16470E+04   0.56856E+03   0.11807E+01   0.18170E+22
   0.16474E+04   0.56871E+03   0.11809E+01   0.18173E+22
   0.16478E+04   0.56886E+03   0.11811E+01   0.18176E+22
   0.16481E+04   0.56901E+03   0.11813E+01   0.18179E+22
   0.16485E+04   0.56917E+03   0.11815E+01   0.18182E+22
   0.16489E+04   0.56932E+03   0.11817E+01   0.18185E+22
   0.16493E+04   0.56947E+03   0.11819E+01   0.18187E+22
   0.16497E+04   0.56962E+03   0.11821E+01   0.18190E+22
   0.16500E+04   0.56978E+03   0.11823E+01   0.18193E+22
   0.16504E+04   0.56993E+03   0.11825E+01   0.18196E+22
   0.16508E+04   0.57008E+03   0.11827E+01   0.18199E+22
   0.16512E+04   0.57023E+03   0.11829E+01   0.18202E+22
   0.16515E+04   0.57038E+03   0.11831E+01   0.18205E+22
   0.16519E+04   0.57054E+03   0.11833E+01   0.18208E+22
   0.16523E+04   0.57069E+03   0.11835E+01   0.18211E+22
   0.16527E+04   0.57084E+03   0.11837E+01   0.18214E+22
   0.16530E+04   0.57099E+03   0.11839E+01   0.18217E+22
   0.16534E+04   0.57115E+03   0.11841E+01   0.18220E+22
   0.16538E+04   0.57130E+03   0.11843E+01   0.18222E+22
   0.16542E+04   0.57145E+03   0.11845E+01   0.18225E+22
   0.16545E+04   0.57160E+03   0.11847E+01   0.18228E+22
   0.16549E+04   0.57176E+03   0.11849E+01   0.18231E+22
   0.16553E+04   0.57191E+03   0.11851E+01   0.18234E+22
   0.16557E+04   0.57206E+03   0.11853E+01   0.18237E+22
   0.16560E+04   0.57221E+03   0.11855E+01   0.18240E+22
   0.16564E+04   0.57237E+03   0.11857E+01   0.18243E+22
   0.16568E+04   0.57252E+03   0.11859E+01   0.18246E+22
   0.16572E+04   0.57267E+03   0.11861E+01   0.18249E+22
   0.16575E+04   0.57282E+03   0.11863E+01   0.18252E+22
   0.16579E+04   0.57298E+03   0.11865E+01   0.18255E+22
   0.16583E+04   0.57313E+03   0.11867E+01   0.18257E+22
   0.16587E+04   0.57328E+03   0.11869E+01   0.18260E+22
   0.16590E+04   0.57343E+03   0.11871E+01   0.18263E+22
   0.16594E+04   0.57359E+03   0.11873E+01   0.18266E+22
   0.16598E+04   0.57374E+03   0.11875E+01   0.18269E+22
   0.16602E+04   0.57389E+03   0.11877E+01   0.18272E+22
   0.16606E+04   0.57404E+03   0.11879E+01   0.18275E+22
   0.16609E+04   0.57420E+03   0.11881E+01   0.18278E+22
   0.16613E+04   0.57435E+03   0.11883E+01   0.18281E+22
   0.16617E+04   0.57450E+03   0.11885E+01   0.18284E+22
   0.16621E+04   0.57465E+03   0.11887E+01   0.18287E+22
   0.16624E+04   0.57481E+03   0.11889E+01   0.18290E+22
   0.16628E+04   0.57496E+03   0.11891E+01   0.18292E+22
   0.16632E+04   0.57511E+03   0.11893E+01   0.18295E+22
   0.16636E+04   0.57526E+03   0.11895E+01   0.18298E+22
   0.16639E+04   0.57542E+03   0.11897E+01   0.18301E+22
   0.16643E+04   0.57557E+03   0.11899E+01   0.18304E+22
   0.16647E+04   0.57572E+03   0.11901E+01   0.18307E+22
   0.16651E+04   0.57587E+03   0.11903E+01   0.18310E+22
   0.16654E+04   0.57603E+03   0.11905E+01   0.18313E+22
   0.16658E+04   0.57618E+03   0.11907E+01   0.18316E+22
   0.16662E+04   0.57633E+03   0.11909E+01   0.18319E+22
   0.16666E+04   0.57648E+03   0.11911E+01   0.18322E+22
   0.16670E+04   0.57664E+03   0.11913E+01   0.18325E+22
   0.16673E+04   0.57679E+03   0.11915E+01   0.18328E+22
   0.16677E+04   0.57694E+03   0.11917E+01   0.18330E+22
   0.16681E+04   0.57709E+03   0.11919E+01   0.18333E+22
   0.16685E+04   0.57725E+03   0.11921E+01   0.18336E+22
   0.16688E+04   0.57740E+03   0.11923E+01   0.18339E+22
   0.16692E+04   0.57755E+03   0.11925E+01   0.18342E+22
   0.16696E+04   0.57771E+03   0.11927E+01   0.18345E+22
   0.16700E+04   0.57786E+03   0.11929E+01   0.18348E+22
   0.16703E+04   0.57801E+03   0.11931E+01   0.18351E+22
   0.16707E+04   0.57816E+03   0.11933E+01   0.18354E+22
   0.16711E+04   0.57832E+03   0.11935E+01   0.18357E+22
   0.16715E+04   0.57847E+03   0.11937E+01   0.18360E+22
   0.16718E+04   0.57862E+03   0.11939E+01   0.18363E+22
   0.16722E+04   0.57877E+03   0.11941E+01   0.18365E+22
   0.16726E+04   0.57893E+03   0.11943E+01   0.18368E+22
   0.16730E+04   0.57908E+03   0.11945E+01   0.18371E+22
   0.16734E+04   0.57923E+03   0.11947E+01   0.18374E+22
   0.16737E+04   0.57939E+03   0.11949E+01   0.18377E+22
   0.16741E+04   0.57954E+03   0.11951E+01   0.18380E+22
   0.16745E+04   0.57969E+03   0.11953E+01   0.18383E+22
   0.16749E+04   0.57984E+03   0.11955E+01   0.18386E+22
   0.16752E+04   0.58000E+03   0.11957E+01   0.18389E+22
   0.16756E+04   0.58015E+03   0.11959E+01   0.18392E+22
   0.16760E+04   0.58030E+03   0.11961E+01   0.18395E+22
   0.16764E+04   0.58046E+03   0.11963E+01   0.18398E+22
   0.16768E+04   0.58061E+03   0.11965E+01   0.18401E+22
   0.16771E+04   0.58076E+03   0.11967E+01   0.18403E+22
   0.16775E+04   0.58091E+03   0.11969E+01   0.18406E+22
   0.16779E+04   0.58107E+03   0.11971E+01   0.18409E+22
   0.16783E+04   0.58122E+03   0.11973E+01   0.18412E+22
   0.16786E+04   0.58137E+03   0.11975E+01   0.18415E+22
   0.16790E+04   0.58153E+03   0.11977E+01   0.18418E+22
   0.16794E+04   0.58168E+03   0.11979E+01   0.18421E+22
   0.16798E+04   0.58183E+03   0.11981E+01   0.18424E+22
   0.16801E+04   0.58198E+03   0.11983E+01   0.18427E+22
   0.16805E+04   0.58214E+03   0.11985E+01   0.18430E+22
   0.16809E+04   0.58229E+03   0.11987E+01   0.18433E+22
   0.16813E+04   0.58244E+03   0.11989E+01   0.18436E+22
   0.16817E+04   0.58260E+03   0.11991E+01   0.18439E+22
   0.16820E+04   0.58275E+03   0.11993E+01   0.18441E+22
   0.16824E+04   0.58290E+03   0.11995E+01   0.18444E+22
   0.16828E+04   0.58306E+03   0.11997E+01   0.18447E+22
   0.16832E+04   0.58321E+03   0.11999E+01   0.18450E+22
   0.16835E+04   0.58336E+03   0.12001E+01   0.18453E+22
   0.16839E+04   0.58351E+03   0.12003E+01   0.18456E+22
   0.16843E+04   0.58367E+03   0.12005E+01   0.18459E+22
   0.16847E+04   0.58382E+03   0.12007E+01   0.18462E+22
   0.16851E+04   0.58397E+03   0.12009E+01   0.18465E+22
   0.16854E+04   0.58413E+03   0.12011E+01   0.18468E+22
   0.16858E+04   0.58428E+03   0.12013E+01   0.18471E+22
   0.16862E+04   0.58443E+03   0.12015E+01   0.18474E+22
   0.16866E+04   0.58459E+03   0.12017E+01   0.18477E+22
   0.16869E+04   0.58474E+03   0.12019E+01   0.18479E+22
   0.16873E+04   0.58489E+03   0.12021E+01   0.18482E+22
   0.16877E+04   0.58505E+03   0.12023E+01   0.18485E+22
   0.16881E+04   0.58520E+03   0.12025E+01   0.18488E+22
   0.16885E+04   0.58535E+03   0.12027E+01   0.18491E+22
   0.16888E+04   0.58550E+03   0.12029E+01   0.18494E+22
   0.16892E+04   0.58566E+03   0.12031E+01   0.18497E+22
   0.16896E+04   0.58581E+03   0.12033E+01   0.18500E+22
   0.16900E+04   0.58596E+03   0.12035E+01   0.18503E+22
   0.16904E+04   0.58612E+03   0.12037E+01   0.18506E+22
   0.16907E+04   0.58627E+03   0.12039E+01   0.18509E+22
   0.16911E+04   0.58642E+03   0.12041E+01   0.18512E+22
   0.16915E+04   0.58658E+03   0.12043E+01   0.18515E+22
   0.16919E+04   0.58673E+03   0.12045E+01   0.18517E+22
   0.16922E+04   0.58688E+03   0.12047E+01   0.18520E+22
   0.16926E+04   0.58704E+03   0.12049E+01   0.18523E+22
   0.16930E+04   0.58719E+03   0.12051E+01   0.18526E+22
   0.16934E+04   0.58734E+03   0.12053E+01   0.18529E+22
   0.16938E+04   0.58750E+03   0.12055E+01   0.18532E+22
   0.16941E+04   0.58765E+03   0.12057E+01   0.18535E+22
   0.16945E+04   0.58780E+03   0.12059E+01   0.18538E+22
   0.16949E+04   0.58796E+03   0.12061E+01   0.18541E+22
   0.16953E+04   0.58811E+03   0.12063E+01   0.18544E+22
   0.16956E+04   0.58826E+03   0.12065E+01   0.18547E+22
   0.16960E+04   0.58842E+03   0.12067E+01   0.18550E+22
   0.16964E+04   0.58857E+03   0.12069E+01   0.18553E+22
   0.16968E+04   0.58872E+03   0.12071E+01   0.18555E+22
   0.16972E+04   0.58888E+03   0.12073E+01   0.18558E+22
   0.16975E+04   0.58903E+03   0.12075E+01   0.18561E+22
   0.16979E+04   0.58918E+03   0.12077E+01   0.18564E+22
   0.16983E+04   0.58934E+03   0.12079E+01   0.18567E+22
   0.16987E+04   0.58949E+03   0.12081E+01   0.18570E+22
   0.16991E+04   0.58964E+03   0.12083E+01   0.18573E+22
   0.16994E+04   0.58980E+03   0.12085E+01   0.18576E+22
   0.16998E+04   0.58995E+03   0.12087E+01   0.18579E+22
   0.17002E+04   0.59010E+03   0.12089E+01   0.18582E+22
   0.17006E+04   0.59026E+03   0.12091E+01   0.18585E+22
   0.17010E+04   0.59041E+03   0.12093E+01   0.18588E+22
   0.17013E+04   0.59056E+03   0.12095E+01   0.18591E+22
   0.17017E+04   0.59072E+03   0.12097E+01   0.18594E+22
   0.17021E+04   0.59087E+03   0.12099E+01   0.18596E+22
   0.17025E+04   0.59102E+03   0.12101E+01   0.18599E+22
   0.17028E+04   0.59118E+03   0.12103E+01   0.18602E+22
   0.17032E+04   0.59133E+03   0.12105E+01   0.18605E+22
   0.17036E+04   0.59148E+03   0.12107E+01   0.18608E+22
   0.17040E+04   0.59164E+03   0.12109E+01   0.18611E+22
   0.17044E+04   0.59179E+03   0.12111E+01   0.18614E+22
   0.17047E+04   0.59194E+03   0.12113E+01   0.18617E+22
   0.17051E+04   0.59210E+03   0.12115E+01   0.18620E+22
   0.17055E+04   0.59225E+03   0.12117E+01   0.18623E+22
   0.17059E+04   0.59240E+03   0.12119E+01   0.18626E+22
   0.17063E+04   0.59256E+03   0.12121E+01   0.18629E+22
   0.17066E+04   0.59271E+03   0.12123E+01   0.18632E+22
   0.17070E+04   0.59287E+03   0.12125E+01   0.18634E+22
   0.17074E+04   0.59302E+03   0.12127E+01   0.18637E+22
   0.17078E+04   0.59317E+03   0.12129E+01   0.18640E+22
   0.17082E+04   0.59333E+03   0.12131E+01   0.18643E+22
   0.17085E+04   0.59348E+03   0.12133E+01   0.18646E+22
   0.17089E+04   0.59363E+03   0.12135E+01   0.18649E+22
   0.17093E+04   0.59379E+03   0.12137E+01   0.18652E+22
   0.17097E+04   0.59394E+03   0.12139E+01   0.18655E+22
   0.17101E+04   0.59409E+03   0.12141E+01   0.18658E+22
   0.17104E+04   0.59425E+03   0.12143E+01   0.18661E+22
   0.17108E+04   0.59440E+03   0.12145E+01   0.18664E+22
   0.17112E+04   0.59455E+03   0.12147E+01   0.18667E+22
   0.17116E+04   0.59471E+03   0.12149E+01   0.18670E+22
   0.17120E+04   0.59486E+03   0.12151E+01   0.18673E+22
   0.17123E+04   0.59502E+03   0.12153E+01   0.18675E+22
   0.17127E+04   0.59517E+03   0.12155E+01   0.18678E+22
   0.17131E+04   0.59532E+03   0.12157E+01   0.18681E+22
   0.17135E+04   0.59548E+03   0.12159E+01   0.18684E+22
   0.17139E+04   0.59563E+03   0.12161E+01   0.18687E+22
   0.17142E+04   0.59578E+03   0.12163E+01   0.18690E+22
   0.17146E+04   0.59594E+03   0.12165E+01   0.18693E+22
   0.17150E+04   0.59609E+03   0.12167E+01   0.18696E+22
   0.17154E+04   0.59624E+03   0.12169E+01   0.18699E+22
   0.17157E+04   0.59640E+03   0.12171E+01   0.18702E+22
   0.17161E+04   0.59655E+03   0.12173E+01   0.18705E+22
   0.17165E+04   0.59671E+03   0.12175E+01   0.18708E+22
   0.17169E+04   0.59686E+03   0.12177E+01   0.18711E+22
   0.17173E+04   0.59701E+03   0.12179E+01   0.18714E+22
   0.17176E+04   0.59717E+03   0.12181E+01   0.18716E+22
   0.17180E+04   0.59732E+03   0.12183E+01   0.18719E+22
   0.17184E+04   0.59747E+03   0.12185E+01   0.18722E+22
   0.17188E+04   0.59763E+03   0.12187E+01   0.18725E+22
   0.17192E+04   0.59778E+03   0.12189E+01   0.18728E+22
   0.17196E+04   0.59794E+03   0.12191E+01   0.18731E+22
   0.17199E+04   0.59809E+03   0.12193E+01   0.18734E+22
   0.17203E+04   0.59824E+03   0.12195E+01   0.18737E+22
   0.17207E+04   0.59840E+03   0.12197E+01   0.18740E+22
   0.17211E+04   0.59855E+03   0.12199E+01   0.18743E+22
   0.17215E+04   0.59871E+03   0.12201E+01   0.18746E+22
   0.17218E+04   0.59886E+03   0.12203E+01   0.18749E+22
   0.17222E+04   0.59901E+03   0.12205E+01   0.18752E+22
   0.17226E+04   0.59917E+03   0.12207E+01   0.18755E+22
   0.17230E+04   0.59932E+03   0.12209E+01   0.18757E+22
   0.17234E+04   0.59947E+03   0.12211E+01   0.18760E+22
   0.17237E+04   0.59963E+03   0.12213E+01   0.18763E+22
   0.17241E+04   0.59978E+03   0.12215E+01   0.18766E+22
   0.17245E+04   0.59994E+03   0.12217E+01   0.18769E+22
   0.17249E+04   0.60009E+03   0.12219E+01   0.18772E+22
   0.17253E+04   0.60024E+03   0.12221E+01   0.18775E+22
   0.17256E+04   0.60040E+03   0.12223E+01   0.18778E+22
   0.17260E+04   0.60055E+03   0.12225E+01   0.18781E+22
   0.17264E+04   0.60071E+03   0.12227E+01   0.18784E+22
   0.17268E+04   0.60086E+03   0.12229E+01   0.18787E+22
   0.17272E+04   0.60101E+03   0.12231E+01   0.18790E+22
   0.17275E+04   0.60117E+03   0.12233E+01   0.18793E+22
   0.17279E+04   0.60132E+03   0.12235E+01   0.18796E+22
   0.17283E+04   0.60148E+03   0.12237E+01   0.18798E+22
   0.17287E+04   0.60163E+03   0.12239E+01   0.18801E+22
   0.17291E+04   0.60178E+03   0.12241E+01   0.18804E+22
   0.17294E+04   0.60194E+03   0.12243E+01   0.18807E+22
   0.17298E+04   0.60209E+03   0.12245E+01   0.18810E+22
   0.17302E+04   0.60225E+03   0.12247E+01   0.18813E+22
   0.17306E+04   0.60240E+03   0.12249E+01   0.18816E+22
   0.17310E+04   0.60255E+03   0.12251E+01   0.18819E+22
   0.17313E+04   0.60271E+03   0.12253E+01   0.18822E+22
   0.17317E+04   0.60286E+03   0.12255E+01   0.18825E+22
   0.17321E+04   0.60302E+03   0.12257E+01   0.18828E+22
   0.17325E+04   0.60317E+03   0.12259E+01   0.18831E+22
   0.17329E+04   0.60332E+03   0.12261E+01   0.18834E+22
   0.17333E+04   0.60348E+03   0.12263E+01   0.18837E+22
   0.17336E+04   0.60363E+03   0.12265E+01   0.18840E+22
   0.17340E+04   0.60379E+03   0.12267E+01   0.18842E+22
   0.17344E+04   0.60394E+03   0.12269E+01   0.18845E+22
   0.17348E+04   0.60410E+03   0.12271E+01   0.18848E+22
   0.17352E+04   0.60425E+03   0.12273E+01   0.18851E+22
   0.17355E+04   0.60440E+03   0.12275E+01   0.18854E+22
   0.17359E+04   0.60456E+03   0.12277E+01   0.18857E+22
   0.17363E+04   0.60471E+03   0.12279E+01   0.18860E+22
   0.17367E+04   0.60487E+03   0.12281E+01   0.18863E+22
   0.17371E+04   0.60502E+03   0.12283E+01   0.18866E+22
   0.17374E+04   0.60517E+03   0.12285E+01   0.18869E+22
   0.17378E+04   0.60533E+03   0.12287E+01   0.18872E+22
   0.17382E+04   0.60548E+03   0.12289E+01   0.18875E+22
   0.17386E+04   0.60564E+03   0.12291E+01   0.18878E+22
   0.17390E+04   0.60579E+03   0.12293E+01   0.18881E+22
   0.17394E+04   0.60595E+03   0.12295E+01   0.18884E+22
   0.17397E+04   0.60610E+03   0.12297E+01   0.18886E+22
   0.17401E+04   0.60625E+03   0.12299E+01   0.18889E+22
   0.17405E+04   0.60641E+03   0.12301E+01   0.18892E+22
   0.17409E+04   0.60656E+03   0.12303E+01   0.18895E+22
   0.17413E+04   0.60672E+03   0.12305E+01   0.18898E+22
   0.17416E+04   0.60687E+03   0.12307E+01   0.18901E+22
   0.17420E+04   0.60703E+03   0.12309E+01   0.18904E+22
   0.17424E+04   0.60718E+03   0.12311E+01   0.18907E+22
   0.17428E+04   0.60733E+03   0.12313E+01   0.18910E+22
   0.17432E+04   0.60749E+03   0.12315E+01   0.18913E+22
   0.17436E+04   0.60764E+03   0.12317E+01   0.18916E+22
   0.17439E+04   0.60780E+03   0.12319E+01   0.18919E+22
   0.17443E+04   0.60795E+03   0.12321E+01   0.18922E+22
   0.17447E+04   0.60811E+03   0.12323E+01   0.18925E+22
   0.17451E+04   0.60826E+03   0.12325E+01   0.18928E+22
   0.17455E+04   0.60841E+03   0.12327E+01   0.18930E+22
   0.17458E+04   0.60857E+03   0.12329E+01   0.18933E+22
   0.17462E+04   0.60872E+03   0.12331E+01   0.18936E+22
   0.17466E+04   0.60888E+03   0.12333E+01   0.18939E+22
   0.17470E+04   0.60903E+03   0.12335E+01   0.18942E+22
   0.17474E+04   0.60919E+03   0.12337E+01   0.18945E+22
   0.17478E+04   0.60934E+03   0.12339E+01   0.18948E+22
   0.17481E+04   0.60950E+03   0.12341E+01   0.18951E+22
   0.17485E+04   0.60965E+03   0.12343E+01   0.18954E+22
   0.17489E+04   0.60980E+03   0.12345E+01   0.18957E+22
   0.17493E+04   0.60996E+03   0.12347E+01   0.18960E+22
   0.17497E+04   0.61011E+03   0.12349E+01   0.18963E+22
   0.17500E+04   0.61027E+03   0.12351E+01   0.18966E+22
   0.17504E+04   0.61042E+03   0.12353E+01   0.18969E+22
   0.17508E+04   0.61058E+03   0.12355E+01   0.18972E+22
   0.17512E+04   0.61073E+03   0.12357E+01   0.18974E+22
   0.17516E+04   0.61089E+03   0.12359E+01   0.18977E+22
   0.17520E+04   0.61104E+03   0.12361E+01   0.18980E+22
   0.17523E+04   0.61119E+03   0.12363E+01   0.18983E+22
   0.17527E+04   0.61135E+03   0.12365E+01   0.18986E+22
   0.17531E+04   0.61150E+03   0.12367E+01   0.18989E+22
   0.17535E+04   0.61166E+03   0.12369E+01   0.18992E+22
   0.17539E+04   0.61181E+03   0.12371E+01   0.18995E+22
   0.17543E+04   0.61197E+03   0.12373E+01   0.18998E+22
   0.17546E+04   0.61212E+03   0.12375E+01   0.19001E+22
   0.17550E+04   0.61228E+03   0.12377E+01   0.19004E+22
   0.17554E+04   0.61243E+03   0.12379E+01   0.19007E+22
   0.17558E+04   0.61259E+03   0.12381E+01   0.19010E+22
   0.17562E+04   0.61274E+03   0.12383E+01   0.19013E+22
   0.17565E+04   0.61289E+03   0.12385E+01   0.19016E+22
   0.17569E+04   0.61305E+03   0.12387E+01   0.19018E+22
   0.17573E+04   0.61320E+03   0.12389E+01   0.19021E+22
   0.17577E+04   0.61336E+03   0.12391E+01   0.19024E+22
   0.17581E+04   0.61351E+03   0.12393E+01   0.19027E+22
   0.17585E+04   0.61367E+03   0.12395E+01   0.19030E+22
   0.17588E+04   0.61382E+03   0.12397E+01   0.19033E+22
   0.17592E+04   0.61398E+03   0.12399E+01   0.19036E+22
   0.17596E+04   0.61413E+03   0.12401E+01   0.19039E+22
   0.17600E+04   0.61429E+03   0.12403E+01   0.19042E+22
   0.17604E+04   0.61444E+03   0.12405E+01   0.19045E+22
   0.17608E+04   0.61460E+03   0.12407E+01   0.19048E+22
   0.17611E+04   0.61475E+03   0.12409E+01   0.19051E+22
   0.17615E+04   0.61491E+03   0.12411E+01   0.19054E+22
   0.17619E+04   0.61506E+03   0.12413E+01   0.19057E+22
   0.17623E+04   0.61521E+03   0.12415E+01   0.19060E+22
   0.17627E+04   0.61537E+03   0.12417E+01   0.19062E+22
   0.17631E+04   0.61552E+03   0.12419E+01   0.19065E+22
   0.17634E+04   0.61568E+03   0.12421E+01   0.19068E+22
   0.17638E+04   0.61583E+03   0.12423E+01   0.19071E+22
   0.17642E+04   0.61599E+03   0.12425E+01   0.19074E+22
   0.17646E+04   0.61614E+03   0.12427E+01   0.19077E+22
   0.17650E+04   0.61630E+03   0.12429E+01   0.19080E+22
   0.17654E+04   0.61645E+03   0.12431E+01   0.19083E+22
   0.17657E+04   0.61661E+03   0.12433E+01   0.19086E+22
   0.17661E+04   0.61676E+03   0.12435E+01   0.19089E+22
   0.17665E+04   0.61692E+03   0.12437E+01   0.19092E+22
   0.17669E+04   0.61707E+03   0.12439E+01   0.19095E+22
   0.17673E+04   0.61723E+03   0.12441E+01   0.19098E+22
   0.17677E+04   0.61738E+03   0.12443E+01   0.19101E+22
   0.17680E+04   0.61754E+03   0.12445E+01   0.19104E+22
   0.17684E+04   0.61769E+03   0.12447E+01   0.19107E+22
   0.17688E+04   0.61785E+03   0.12449E+01   0.19109E+22
   0.17692E+04   0.61800E+03   0.12451E+01   0.19112E+22
   0.17696E+04   0.61816E+03   0.12453E+01   0.19115E+22
   0.17700E+04   0.61831E+03   0.12455E+01   0.19118E+22
   0.17703E+04   0.61847E+03   0.12457E+01   0.19121E+22
   0.17707E+04   0.61862E+03   0.12459E+01   0.19124E+22
   0.17711E+04   0.61878E+03   0.12461E+01   0.19127E+22
   0.17715E+04   0.61893E+03   0.12463E+01   0.19130E+22
   0.17719E+04   0.61909E+03   0.12465E+01   0.19133E+22
   0.17723E+04   0.61924E+03   0.12467E+01   0.19136E+22
   0.17726E+04   0.61939E+03   0.12469E+01   0.19139E+22
   0.17730E+04   0.61955E+03   0.12471E+01   0.19142E+22
   0.17734E+04   0.61970E+03   0.12473E+01   0.19145E+22
   0.17738E+04   0.61986E+03   0.12475E+01   0.19148E+22
   0.17742E+04   0.62001E+03   0.12477E+01   0.19151E+22
   0.17746E+04   0.62017E+03   0.12479E+01   0.19154E+22
   0.17749E+04   0.62032E+03   0.12481E+01   0.19156E+22
   0.17753E+04   0.62048E+03   0.12483E+01   0.19159E+22
   0.17757E+04   0.62063E+03   0.12485E+01   0.19162E+22
   0.17761E+04   0.62079E+03   0.12487E+01   0.19165E+22
   0.17765E+04   0.62094E+03   0.12489E+01   0.19168E+22
   0.17769E+04   0.62110E+03   0.12491E+01   0.19171E+22
   0.17772E+04   0.62125E+03   0.12493E+01   0.19174E+22
   0.17776E+04   0.62141E+03   0.12495E+01   0.19177E+22
   0.17780E+04   0.62156E+03   0.12497E+01   0.19180E+22
   0.17784E+04   0.62172E+03   0.12499E+01   0.19183E+22
   0.17788E+04   0.62188E+03   0.12501E+01   0.19186E+22
   0.17792E+04   0.62203E+03   0.12503E+01   0.19189E+22
   0.17795E+04   0.62219E+03   0.12505E+01   0.19192E+22
   0.17799E+04   0.62234E+03   0.12507E+01   0.19195E+22
   0.17803E+04   0.62250E+03   0.12509E+01   0.19198E+22
   0.17807E+04   0.62265E+03   0.12511E+01   0.19201E+22
   0.17811E+04   0.62281E+03   0.12513E+01   0.19203E+22
   0.17815E+04   0.62296E+03   0.12515E+01   0.19206E+22
   0.17819E+04   0.62312E+03   0.12517E+01   0.19209E+22
   0.17822E+04   0.62327E+03   0.12519E+01   0.19212E+22
   0.17826E+04   0.62343E+03   0.12521E+01   0.19215E+22
   0.17830E+04   0.62358E+03   0.12523E+01   0.19218E+22
   0.17834E+04   0.62374E+03   0.12525E+01   0.19221E+22
   0.17838E+04   0.62389E+03   0.12527E+01   0.19224E+22
   0.17842E+04   0.62405E+03   0.12529E+01   0.19227E+22
   0.17845E+04   0.62420E+03   0.12531E+01   0.19230E+22
   0.17849E+04   0.62436E+03   0.12533E+01   0.19233E+22
   0.17853E+04   0.62451E+03   0.12535E+01   0.19236E+22
   0.17857E+04   0.62467E+03   0.12537E+01   0.19239E+22
   0.17861E+04   0.62482E+03   0.12539E+01   0.19242E+22
   0.17865E+04   0.62498E+03   0.12541E+01   0.19245E+22
   0.17869E+04   0.62513E+03   0.12543E+01   0.19248E+22
   0.17872E+04   0.62529E+03   0.12545E+01   0.19251E+22
   0.17876E+04   0.62544E+03   0.12547E+01   0.19253E+22
   0.17880E+04   0.62560E+03   0.12549E+01   0.19256E+22
   0.17884E+04   0.62575E+03   0.12551E+01   0.19259E+22
   0.17888E+04   0.62591E+03   0.12553E+01   0.19262E+22
   0.17892E+04   0.62606E+03   0.12555E+01   0.19265E+22
   0.17895E+04   0.62622E+03   0.12557E+01   0.19268E+22
   0.17899E+04   0.62638E+03   0.12559E+01   0.19271E+22
   0.17903E+04   0.62653E+03   0.12561E+01   0.19274E+22
   0.17907E+04   0.62669E+03   0.12563E+01   0.19277E+22
   0.17911E+04   0.62684E+03   0.12565E+01   0.19280E+22
   0.17915E+04   0.62700E+03   0.12567E+01   0.19283E+22
   0.17919E+04   0.62715E+03   0.12569E+01   0.19286E+22
   0.17922E+04   0.62731E+03   0.12571E+01   0.19289E+22
   0.17926E+04   0.62746E+03   0.12573E+01   0.19292E+22
   0.17930E+04   0.62762E+03   0.12575E+01   0.19295E+22
   0.17934E+04   0.62777E+03   0.12577E+01   0.19298E+22
   0.17938E+04   0.62793E+03   0.12579E+01   0.19301E+22
   0.17942E+04   0.62808E+03   0.12581E+01   0.19303E+22
   0.17945E+04   0.62824E+03   0.12583E+01   0.19306E+22
   0.17949E+04   0.62840E+03   0.12585E+01   0.19309E+22
   0.17953E+04   0.62855E+03   0.12587E+01   0.19312E+22
   0.17957E+04   0.62871E+03   0.12589E+01   0.19315E+22
   0.17961E+04   0.62886E+03   0.12591E+01   0.19318E+22
   0.17965E+04   0.62902E+03   0.12593E+01   0.19321E+22
   0.17969E+04   0.62917E+03   0.12595E+01   0.19324E+22
   0.17972E+04   0.62933E+03   0.12597E+01   0.19327E+22
   0.17976E+04   0.62948E+03   0.12599E+01   0.19330E+22
   0.17980E+04   0.62964E+03   0.12601E+01   0.19333E+22
   0.17984E+04   0.62979E+03   0.12603E+01   0.19336E+22
   0.17988E+04   0.62995E+03   0.12605E+01   0.19339E+22
   0.17992E+04   0.63011E+03   0.12607E+01   0.19342E+22
   0.17996E+04   0.63026E+03   0.12609E+01   0.19345E+22
   0.17999E+04   0.63042E+03   0.12611E+01   0.19348E+22
   0.18003E+04   0.63057E+03   0.12613E+01   0.19351E+22
   0.18007E+04   0.63073E+03   0.12615E+01   0.19353E+22
   0.18011E+04   0.63088E+03   0.12617E+01   0.19356E+22
   0.18015E+04   0.63104E+03   0.12619E+01   0.19359E+22
   0.18019E+04   0.63119E+03   0.12621E+01   0.19362E+22
   0.18023E+04   0.63135E+03   0.12623E+01   0.19365E+22
   0.18026E+04   0.63150E+03   0.12625E+01   0.19368E+22
   0.18030E+04   0.63166E+03   0.12627E+01   0.19371E+22
   0.18034E+04   0.63182E+03   0.12629E+01   0.19374E+22
   0.18038E+04   0.63197E+03   0.12631E+01   0.19377E+22
   0.18042E+04   0.63213E+03   0.12633E+01   0.19380E+22
   0.18046E+04   0.63228E+03   0.12635E+01   0.19383E+22
   0.18050E+04   0.63244E+03   0.12637E+01   0.19386E+22
   0.18053E+04   0.63259E+03   0.12639E+01   0.19389E+22
   0.18057E+04   0.63275E+03   0.12641E+01   0.19392E+22
   0.18061E+04   0.63291E+03   0.12643E+01   0.19395E+22
   0.18065E+04   0.63306E+03   0.12645E+01   0.19398E+22
   0.18069E+04   0.63322E+03   0.12647E+01   0.19401E+22
   0.18073E+04   0.63337E+03   0.12649E+01   0.19403E+22
   0.18077E+04   0.63353E+03   0.12651E+01   0.19406E+22
   0.18080E+04   0.63368E+03   0.12653E+01   0.19409E+22
   0.18084E+04   0.63384E+03   0.12655E+01   0.19412E+22
   0.18088E+04   0.63400E+03   0.12657E+01   0.19415E+22
   0.18092E+04   0.63415E+03   0.12659E+01   0.19418E+22
   0.18096E+04   0.63431E+03   0.12661E+01   0.19421E+22
   0.18100E+04   0.63446E+03   0.12663E+01   0.19424E+22
   0.18104E+04   0.63462E+03   0.12665E+01   0.19427E+22
   0.18107E+04   0.63477E+03   0.12667E+01   0.19430E+22
   0.18111E+04   0.63493E+03   0.12669E+01   0.19433E+22
   0.18115E+04   0.63509E+03   0.12671E+01   0.19436E+22
   0.18119E+04   0.63524E+03   0.12673E+01   0.19439E+22
   0.18123E+04   0.63540E+03   0.12675E+01   0.19442E+22
   0.18127E+04   0.63555E+03   0.12677E+01   0.19445E+22
   0.18131E+04   0.63571E+03   0.12679E+01   0.19448E+22
   0.18134E+04   0.63586E+03   0.12681E+01   0.19451E+22
   0.18138E+04   0.63602E+03   0.12683E+01   0.19454E+22
   0.18142E+04   0.63618E+03   0.12685E+01   0.19456E+22
   0.18146E+04   0.63633E+03   0.12687E+01   0.19459E+22
   0.18150E+04   0.63649E+03   0.12689E+01   0.19462E+22
   0.18154E+04   0.63664E+03   0.12691E+01   0.19465E+22
   0.18158E+04   0.63680E+03   0.12693E+01   0.19468E+22
   0.18162E+04   0.63695E+03   0.12695E+01   0.19471E+22
   0.18165E+04   0.63711E+03   0.12697E+01   0.19474E+22
   0.18169E+04   0.63727E+03   0.12699E+01   0.19477E+22
   0.18173E+04   0.63742E+03   0.12701E+01   0.19480E+22
   0.18177E+04   0.63758E+03   0.12703E+01   0.19483E+22
   0.18181E+04   0.63773E+03   0.12705E+01   0.19486E+22
   0.18185E+04   0.63789E+03   0.12707E+01   0.19489E+22
   0.18189E+04   0.63805E+03   0.12709E+01   0.19492E+22
   0.18192E+04   0.63820E+03   0.12711E+01   0.19495E+22
   0.18196E+04   0.63836E+03   0.12713E+01   0.19498E+22
   0.18200E+04   0.63851E+03   0.12715E+01   0.19501E+22
   0.18204E+04   0.63867E+03   0.12717E+01   0.19504E+22
   0.18208E+04   0.63883E+03   0.12719E+01   0.19507E+22
   0.18212E+04   0.63898E+03   0.12721E+01   0.19509E+22
   0.18216E+04   0.63914E+03   0.12723E+01   0.19512E+22
   0.18220E+04   0.63929E+03   0.12725E+01   0.19515E+22
   0.18223E+04   0.63945E+03   0.12727E+01   0.19518E+22
   0.18227E+04   0.63961E+03   0.12729E+01   0.19521E+22
   0.18231E+04   0.63976E+03   0.12731E+01   0.19524E+22
   0.18235E+04   0.63992E+03   0.12733E+01   0.19527E+22
   0.18239E+04   0.64007E+03   0.12735E+01   0.19530E+22
   0.18243E+04   0.64023E+03   0.12737E+01   0.19533E+22
   0.18247E+04   0.64039E+03   0.12739E+01   0.19536E+22
   0.18250E+04   0.64054E+03   0.12741E+01   0.19539E+22
   0.18254E+04   0.64070E+03   0.12743E+01   0.19542E+22
   0.18258E+04   0.64085E+03   0.12745E+01   0.19545E+22
   0.18262E+04   0.64101E+03   0.12747E+01   0.19548E+22
   0.18266E+04   0.64117E+03   0.12749E+01   0.19551E+22
   0.18270E+04   0.64132E+03   0.12751E+01   0.19554E+22
   0.18274E+04   0.64148E+03   0.12753E+01   0.19557E+22
   0.18278E+04   0.64163E+03   0.12755E+01   0.19560E+22
   0.18281E+04   0.64179E+03   0.12757E+01   0.19562E+22
   0.18285E+04   0.64195E+03   0.12759E+01   0.19565E+22
   0.18289E+04   0.64210E+03   0.12761E+01   0.19568E+22
   0.18293E+04   0.64226E+03   0.12763E+01   0.19571E+22
   0.18297E+04   0.64241E+03   0.12765E+01   0.19574E+22
   0.18301E+04   0.64257E+03   0.12767E+01   0.19577E+22
   0.18305E+04   0.64273E+03   0.12769E+01   0.19580E+22
   0.18309E+04   0.64288E+03   0.12771E+01   0.19583E+22
   0.18312E+04   0.64304E+03   0.12773E+01   0.19586E+22
   0.18316E+04   0.64319E+03   0.12775E+01   0.19589E+22
   0.18320E+04   0.64335E+03   0.12777E+01   0.19592E+22
   0.18324E+04   0.64351E+03   0.12779E+01   0.19595E+22
   0.18328E+04   0.64366E+03   0.12781E+01   0.19598E+22
   0.18332E+04   0.64382E+03   0.12783E+01   0.19601E+22
   0.18336E+04   0.64398E+03   0.12785E+01   0.19604E+22
   0.18340E+04   0.64413E+03   0.12787E+01   0.19607E+22
   0.18343E+04   0.64429E+03   0.12789E+01   0.19610E+22
   0.18347E+04   0.64444E+03   0.12791E+01   0.19613E+22
   0.18351E+04   0.64460E+03   0.12793E+01   0.19616E+22
   0.18355E+04   0.64476E+03   0.12795E+01   0.19618E+22
   0.18359E+04   0.64491E+03   0.12797E+01   0.19621E+22
   0.18363E+04   0.64507E+03   0.12799E+01   0.19624E+22
   0.18367E+04   0.64523E+03   0.12801E+01   0.19627E+22
   0.18371E+04   0.64538E+03   0.12803E+01   0.19630E+22
   0.18374E+04   0.64554E+03   0.12805E+01   0.19633E+22
   0.18378E+04   0.64569E+03   0.12807E+01   0.19636E+22
   0.18382E+04   0.64585E+03   0.12809E+01   0.19639E+22
   0.18386E+04   0.64601E+03   0.12811E+01   0.19642E+22
   0.18390E+04   0.64616E+03   0.12813E+01   0.19645E+22
   0.18394E+04   0.64632E+03   0.12815E+01   0.19648E+22
   0.18398E+04   0.64648E+03   0.12817E+01   0.19651E+22
   0.18402E+04   0.64663E+03   0.12819E+01   0.19654E+22
   0.18405E+04   0.64679E+03   0.12821E+01   0.19657E+22
   0.18409E+04   0.64695E+03   0.12823E+01   0.19660E+22
   0.18413E+04   0.64710E+03   0.12825E+01   0.19663E+22
   0.18417E+04   0.64726E+03   0.12827E+01   0.19666E+22
   0.18421E+04   0.64741E+03   0.12829E+01   0.19669E+22
   0.18425E+04   0.64757E+03   0.12831E+01   0.19672E+22
   0.18429E+04   0.64773E+03   0.12833E+01   0.19674E+22
   0.18433E+04   0.64788E+03   0.12835E+01   0.19677E+22
   0.18437E+04   0.64804E+03   0.12837E+01   0.19680E+22
   0.18440E+04   0.64820E+03   0.12839E+01   0.19683E+22
   0.18444E+04   0.64835E+03   0.12841E+01   0.19686E+22
   0.18448E+04   0.64851E+03   0.12843E+01   0.19689E+22
   0.18452E+04   0.64867E+03   0.12845E+01   0.19692E+22
   0.18456E+04   0.64882E+03   0.12847E+01   0.19695E+22
   0.18460E+04   0.64898E+03   0.12849E+01   0.19698E+22
   0.18464E+04   0.64913E+03   0.12851E+01   0.19701E+22
   0.18468E+04   0.64929E+03   0.12853E+01   0.19704E+22
   0.18471E+04   0.64945E+03   0.12855E+01   0.19707E+22
   0.18475E+04   0.64960E+03   0.12857E+01   0.19710E+22
   0.18479E+04   0.64976E+03   0.12859E+01   0.19713E+22
   0.18483E+04   0.64992E+03   0.12861E+01   0.19716E+22
   0.18487E+04   0.65007E+03   0.12863E+01   0.19719E+22
   0.18491E+04   0.65023E+03   0.12865E+01   0.19722E+22
   0.18495E+04   0.65039E+03   0.12867E+01   0.19725E+22
   0.18499E+04   0.65054E+03   0.12869E+01   0.19728E+22
   0.18503E+04   0.65070E+03   0.12871E+01   0.19730E+22
   0.18506E+04   0.65086E+03   0.12873E+01   0.19733E+22
   0.18510E+04   0.65101E+03   0.12875E+01   0.19736E+22
   0.18514E+04   0.65117E+03   0.12877E+01   0.19739E+22
   0.18518E+04   0.65133E+03   0.12879E+01   0.19742E+22
   0.18522E+04   0.65148E+03   0.12881E+01   0.19745E+22
   0.18526E+04   0.65164E+03   0.12883E+01   0.19748E+22
   0.18530E+04   0.65180E+03   0.12885E+01   0.19751E+22
   0.18534E+04   0.65195E+03   0.12887E+01   0.19754E+22
   0.18538E+04   0.65211E+03   0.12889E+01   0.19757E+22
   0.18541E+04   0.65227E+03   0.12891E+01   0.19760E+22
   0.18545E+04   0.65242E+03   0.12893E+01   0.19763E+22
   0.18549E+04   0.65258E+03   0.12895E+01   0.19766E+22
   0.18553E+04   0.65274E+03   0.12897E+01   0.19769E+22
   0.18557E+04   0.65289E+03   0.12899E+01   0.19772E+22
   0.18561E+04   0.65305E+03   0.12901E+01   0.19775E+22
   0.18565E+04   0.65321E+03   0.12903E+01   0.19778E+22
   0.18569E+04   0.65336E+03   0.12905E+01   0.19781E+22
   0.18573E+04   0.65352E+03   0.12907E+01   0.19784E+22
   0.18576E+04   0.65368E+03   0.12909E+01   0.19787E+22
   0.18580E+04   0.65383E+03   0.12911E+01   0.19789E+22
   0.18584E+04   0.65399E+03   0.12913E+01   0.19792E+22
   0.18588E+04   0.65415E+03   0.12915E+01   0.19795E+22
   0.18592E+04   0.65430E+03   0.12917E+01   0.19798E+22
   0.18596E+04   0.65446E+03   0.12919E+01   0.19801E+22
   0.18600E+04   0.65462E+03   0.12921E+01   0.19804E+22
   0.18604E+04   0.65477E+03   0.12923E+01   0.19807E+22
   0.18608E+04   0.65493E+03   0.12925E+01   0.19810E+22
   0.18611E+04   0.65509E+03   0.12927E+01   0.19813E+22
   0.18615E+04   0.65524E+03   0.12929E+01   0.19816E+22
   0.18619E+04   0.65540E+03   0.12931E+01   0.19819E+22
   0.18623E+04   0.65556E+03   0.12933E+01   0.19822E+22
   0.18627E+04   0.65571E+03   0.12935E+01   0.19825E+22
   0.18631E+04   0.65587E+03   0.12937E+01   0.19828E+22
   0.18635E+04   0.65603E+03   0.12939E+01   0.19831E+22
   0.18639E+04   0.65618E+03   0.12941E+01   0.19834E+22
   0.18643E+04   0.65634E+03   0.12943E+01   0.19837E+22
   0.18646E+04   0.65650E+03   0.12945E+01   0.19840E+22
   0.18650E+04   0.65665E+03   0.12947E+01   0.19843E+22
   0.18654E+04   0.65681E+03   0.12949E+01   0.19846E+22
   0.18658E+04   0.65697E+03   0.12951E+01   0.19848E+22
   0.18662E+04   0.65712E+03   0.12953E+01   0.19851E+22
   0.18666E+04   0.65728E+03   0.12955E+01   0.19854E+22
   0.18670E+04   0.65744E+03   0.12957E+01   0.19857E+22
   0.18674E+04   0.65760E+03   0.12959E+01   0.19860E+22
   0.18678E+04   0.65775E+03   0.12961E+01   0.19863E+22
   0.18682E+04   0.65791E+03   0.12963E+01   0.19866E+22
   0.18685E+04   0.65807E+03   0.12965E+01   0.19869E+22
   0.18689E+04   0.65822E+03   0.12967E+01   0.19872E+22
   0.18693E+04   0.65838E+03   0.12969E+01   0.19875E+22
   0.18697E+04   0.65854E+03   0.12971E+01   0.19878E+22
   0.18701E+04   0.65869E+03   0.12973E+01   0.19881E+22
   0.18705E+04   0.65885E+03   0.12975E+01   0.19884E+22
   0.18709E+04   0.65901E+03   0.12977E+01   0.19887E+22
   0.18713E+04   0.65916E+03   0.12979E+01   0.19890E+22
   0.18717E+04   0.65932E+03   0.12981E+01   0.19893E+22
   0.18721E+04   0.65948E+03   0.12983E+01   0.19896E+22
   0.18724E+04   0.65964E+03   0.12985E+01   0.19899E+22
   0.18728E+04   0.65979E+03   0.12987E+01   0.19902E+22
   0.18732E+04   0.65995E+03   0.12989E+01   0.19905E+22
   0.18736E+04   0.66011E+03   0.12991E+01   0.19908E+22
   0.18740E+04   0.66026E+03   0.12993E+01   0.19910E+22
   0.18744E+04   0.66042E+03   0.12995E+01   0.19913E+22
   0.18748E+04   0.66058E+03   0.12997E+01   0.19916E+22
   0.18752E+04   0.66073E+03   0.12999E+01   0.19919E+22
   0.18756E+04   0.66089E+03   0.13001E+01   0.19922E+22
   0.18760E+04   0.66105E+03   0.13003E+01   0.19925E+22
   0.18763E+04   0.66121E+03   0.13005E+01   0.19928E+22
   0.18767E+04   0.66136E+03   0.13007E+01   0.19931E+22
   0.18771E+04   0.66152E+03   0.13009E+01   0.19934E+22
   0.18775E+04   0.66168E+03   0.13011E+01   0.19937E+22
   0.18779E+04   0.66183E+03   0.13013E+01   0.19940E+22
   0.18783E+04   0.66199E+03   0.13015E+01   0.19943E+22
   0.18787E+04   0.66215E+03   0.13017E+01   0.19946E+22
   0.18791E+04   0.66230E+03   0.13019E+01   0.19949E+22
   0.18795E+04   0.66246E+03   0.13021E+01   0.19952E+22
   0.18799E+04   0.66262E+03   0.13023E+01   0.19955E+22
   0.18802E+04   0.66278E+03   0.13025E+01   0.19958E+22
   0.18806E+04   0.66293E+03   0.13027E+01   0.19961E+22
   0.18810E+04   0.66309E+03   0.13029E+01   0.19964E+22
   0.18814E+04   0.66325E+03   0.13031E+01   0.19967E+22
   0.18818E+04   0.66340E+03   0.13033E+01   0.19970E+22
   0.18822E+04   0.66356E+03   0.13035E+01   0.19972E+22
   0.18826E+04   0.66372E+03   0.13037E+01   0.19975E+22
   0.18830E+04   0.66388E+03   0.13039E+01   0.19978E+22
   0.18834E+04   0.66403E+03   0.13041E+01   0.19981E+22
   0.18838E+04   0.66419E+03   0.13043E+01   0.19984E+22
   0.18842E+04   0.66435E+03   0.13045E+01   0.19987E+22
   0.18845E+04   0.66451E+03   0.13047E+01   0.19990E+22
   0.18849E+04   0.66466E+03   0.13049E+01   0.19993E+22
   0.18853E+04   0.66482E+03   0.13051E+01   0.19996E+22
   0.18857E+04   0.66498E+03   0.13053E+01   0.19999E+22
   0.18861E+04   0.66513E+03   0.13055E+01   0.20002E+22
   0.18865E+04   0.66529E+03   0.13057E+01   0.20005E+22
   0.18869E+04   0.66545E+03   0.13059E+01   0.20008E+22
   0.18873E+04   0.66561E+03   0.13061E+01   0.20011E+22
   0.18877E+04   0.66576E+03   0.13063E+01   0.20014E+22
   0.18881E+04   0.66592E+03   0.13065E+01   0.20017E+22
   0.18885E+04   0.66608E+03   0.13067E+01   0.20020E+22
   0.18888E+04   0.66624E+03   0.13069E+01   0.20023E+22
   0.18892E+04   0.66639E+03   0.13071E+01   0.20026E+22
   0.18896E+04   0.66655E+03   0.13073E+01   0.20029E+22
   0.18900E+04   0.66671E+03   0.13075E+01   0.20032E+22
   0.18904E+04   0.66686E+03   0.13077E+01   0.20035E+22
   0.18908E+04   0.66702E+03   0.13079E+01   0.20037E+22
   0.18912E+04   0.66718E+03   0.13081E+01   0.20040E+22
   0.18916E+04   0.66734E+03   0.13083E+01   0.20043E+22
   0.18920E+04   0.66749E+03   0.13085E+01   0.20046E+22
   0.18924E+04   0.66765E+03   0.13087E+01   0.20049E+22
   0.18928E+04   0.66781E+03   0.13089E+01   0.20052E+22
   0.18931E+04   0.66797E+03   0.13091E+01   0.20055E+22
   0.18935E+04   0.66812E+03   0.13093E+01   0.20058E+22
   0.18939E+04   0.66828E+03   0.13095E+01   0.20061E+22
   0.18943E+04   0.66844E+03   0.13097E+01   0.20064E+22
   0.18947E+04   0.66860E+03   0.13099E+01   0.20067E+22
   0.18951E+04   0.66875E+03   0.13101E+01   0.20070E+22
   0.18955E+04   0.66891E+03   0.13103E+01   0.20073E+22
   0.18959E+04   0.66907E+03   0.13105E+01   0.20076E+22
   0.18963E+04   0.66923E+03   0.13107E+01   0.20079E+22
   0.18967E+04   0.66938E+03   0.13109E+01   0.20082E+22
   0.18971E+04   0.66954E+03   0.13111E+01   0.20085E+22
   0.18975E+04   0.66970E+03   0.13113E+01   0.20088E+22
   0.18978E+04   0.66986E+03   0.13115E+01   0.20091E+22
   0.18982E+04   0.67001E+03   0.13117E+01   0.20094E+22
   0.18986E+04   0.67017E+03   0.13119E+01   0.20097E+22
   0.18990E+04   0.67033E+03   0.13121E+01   0.20100E+22
   0.18994E+04   0.67049E+03   0.13123E+01   0.20102E+22
   0.18998E+04   0.67064E+03   0.13125E+01   0.20105E+22
   0.19002E+04   0.67080E+03   0.13127E+01   0.20108E+22
   0.19006E+04   0.67096E+03   0.13129E+01   0.20111E+22
   0.19010E+04   0.67112E+03   0.13131E+01   0.20114E+22
   0.19014E+04   0.67127E+03   0.13133E+01   0.20117E+22
   0.19018E+04   0.67143E+03   0.13135E+01   0.20120E+22
   0.19022E+04   0.67159E+03   0.13137E+01   0.20123E+22
   0.19025E+04   0.67175E+03   0.13139E+01   0.20126E+22
   0.19029E+04   0.67190E+03   0.13141E+01   0.20129E+22
   0.19033E+04   0.67206E+03   0.13143E+01   0.20132E+22
   0.19037E+04   0.67222E+03   0.13145E+01   0.20135E+22
   0.19041E+04   0.67238E+03   0.13147E+01   0.20138E+22
   0.19045E+04   0.67253E+03   0.13149E+01   0.20141E+22
   0.19049E+04   0.67269E+03   0.13151E+01   0.20144E+22
   0.19053E+04   0.67285E+03   0.13153E+01   0.20147E+22
   0.19057E+04   0.67301E+03   0.13155E+01   0.20150E+22
   0.19061E+04   0.67316E+03   0.13157E+01   0.20153E+22
   0.19065E+04   0.67332E+03   0.13159E+01   0.20156E+22
   0.19069E+04   0.67348E+03   0.13161E+01   0.20159E+22
   0.19072E+04   0.67364E+03   0.13163E+01   0.20162E+22
   0.19076E+04   0.67380E+03   0.13165E+01   0.20165E+22
   0.19080E+04   0.67395E+03   0.13167E+01   0.20168E+22
   0.19084E+04   0.67411E+03   0.13169E+01   0.20170E+22
   0.19088E+04   0.67427E+03   0.13171E+01   0.20173E+22
   0.19092E+04   0.67443E+03   0.13173E+01   0.20176E+22
   0.19096E+04   0.67458E+03   0.13175E+01   0.20179E+22
   0.19100E+04   0.67474E+03   0.13177E+01   0.20182E+22
   0.19104E+04   0.67490E+03   0.13179E+01   0.20185E+22
   0.19108E+04   0.67506E+03   0.13181E+01   0.20188E+22
   0.19112E+04   0.67521E+03   0.13183E+01   0.20191E+22
   0.19116E+04   0.67537E+03   0.13185E+01   0.20194E+22
   0.19120E+04   0.67553E+03   0.13187E+01   0.20197E+22
   0.19123E+04   0.67569E+03   0.13189E+01   0.20200E+22
   0.19127E+04   0.67585E+03   0.13191E+01   0.20203E+22
   0.19131E+04   0.67600E+03   0.13193E+01   0.20206E+22
   0.19135E+04   0.67616E+03   0.13195E+01   0.20209E+22
   0.19139E+04   0.67632E+03   0.13197E+01   0.20212E+22
   0.19143E+04   0.67648E+03   0.13199E+01   0.20215E+22
   0.19147E+04   0.67663E+03   0.13201E+01   0.20218E+22
   0.19151E+04   0.67679E+03   0.13203E+01   0.20221E+22
   0.19155E+04   0.67695E+03   0.13205E+01   0.20224E+22
   0.19159E+04   0.67711E+03   0.13207E+01   0.20227E+22
   0.19163E+04   0.67727E+03   0.13209E+01   0.20230E+22
   0.19167E+04   0.67742E+03   0.13211E+01   0.20233E+22
   0.19171E+04   0.67758E+03   0.13213E+01   0.20236E+22
   0.19175E+04   0.67774E+03   0.13215E+01   0.20239E+22
   0.19178E+04   0.67790E+03   0.13217E+01   0.20241E+22
   0.19182E+04   0.67806E+03   0.13219E+01   0.20244E+22
   0.19186E+04   0.67821E+03   0.13221E+01   0.20247E+22
   0.19190E+04   0.67837E+03   0.13223E+01   0.20250E+22
   0.19194E+04   0.67853E+03   0.13225E+01   0.20253E+22
   0.19198E+04   0.67869E+03   0.13227E+01   0.20256E+22
   0.19202E+04   0.67884E+03   0.13229E+01   0.20259E+22
   0.19206E+04   0.67900E+03   0.13231E+01   0.20262E+22
   0.19210E+04   0.67916E+03   0.13233E+01   0.20265E+22
   0.19214E+04   0.67932E+03   0.13235E+01   0.20268E+22
   0.19218E+04   0.67948E+03   0.13237E+01   0.20271E+22
   0.19222E+04   0.67963E+03   0.13239E+01   0.20274E+22
   0.19226E+04   0.67979E+03   0.13241E+01   0.20277E+22
   0.19230E+04   0.67995E+03   0.13243E+01   0.20280E+22
   0.19233E+04   0.68011E+03   0.13245E+01   0.20283E+22
   0.19237E+04   0.68027E+03   0.13247E+01   0.20286E+22
   0.19241E+04   0.68042E+03   0.13249E+01   0.20289E+22
   0.19245E+04   0.68058E+03   0.13251E+01   0.20292E+22
   0.19249E+04   0.68074E+03   0.13253E+01   0.20295E+22
   0.19253E+04   0.68090E+03   0.13255E+01   0.20298E+22
   0.19257E+04   0.68106E+03   0.13257E+01   0.20301E+22
   0.19261E+04   0.68121E+03   0.13259E+01   0.20304E+22
   0.19265E+04   0.68137E+03   0.13261E+01   0.20307E+22
   0.19269E+04   0.68153E+03   0.13263E+01   0.20310E+22
   0.19273E+04   0.68169E+03   0.13265E+01   0.20312E+22
   0.19277E+04   0.68185E+03   0.13267E+01   0.20315E+22
   0.19281E+04   0.68200E+03   0.13269E+01   0.20318E+22
   0.19285E+04   0.68216E+03   0.13271E+01   0.20321E+22
   0.19289E+04   0.68232E+03   0.13273E+01   0.20324E+22
   0.19292E+04   0.68248E+03   0.13275E+01   0.20327E+22
   0.19296E+04   0.68264E+03   0.13277E+01   0.20330E+22
   0.19300E+04   0.68280E+03   0.13279E+01   0.20333E+22
   0.19304E+04   0.68295E+03   0.13281E+01   0.20336E+22
   0.19308E+04   0.68311E+03   0.13283E+01   0.20339E+22
   0.19312E+04   0.68327E+03   0.13285E+01   0.20342E+22
   0.19316E+04   0.68343E+03   0.13287E+01   0.20345E+22
   0.19320E+04   0.68359E+03   0.13289E+01   0.20348E+22
   0.19324E+04   0.68374E+03   0.13291E+01   0.20351E+22
   0.19328E+04   0.68390E+03   0.13293E+01   0.20354E+22
   0.19332E+04   0.68406E+03   0.13295E+01   0.20357E+22
   0.19336E+04   0.68422E+03   0.13297E+01   0.20360E+22
   0.19340E+04   0.68438E+03   0.13299E+01   0.20363E+22
   0.19344E+04   0.68453E+03   0.13301E+01   0.20366E+22
   0.19348E+04   0.68469E+03   0.13303E+01   0.20369E+22
   0.19351E+04   0.68485E+03   0.13305E+01   0.20372E+22
   0.19355E+04   0.68501E+03   0.13307E+01   0.20375E+22
   0.19359E+04   0.68517E+03   0.13309E+01   0.20378E+22
   0.19363E+04   0.68533E+03   0.13311E+01   0.20381E+22
   0.19367E+04   0.68548E+03   0.13313E+01   0.20384E+22
   0.19371E+04   0.68564E+03   0.13315E+01   0.20386E+22
   0.19375E+04   0.68580E+03   0.13317E+01   0.20389E+22
   0.19379E+04   0.68596E+03   0.13319E+01   0.20392E+22
   0.19383E+04   0.68612E+03   0.13321E+01   0.20395E+22
   0.19387E+04   0.68628E+03   0.13323E+01   0.20398E+22
   0.19391E+04   0.68643E+03   0.13325E+01   0.20401E+22
   0.19395E+04   0.68659E+03   0.13327E+01   0.20404E+22
   0.19399E+04   0.68675E+03   0.13329E+01   0.20407E+22
   0.19403E+04   0.68691E+03   0.13331E+01   0.20410E+22
   0.19407E+04   0.68707E+03   0.13333E+01   0.20413E+22
   0.19411E+04   0.68723E+03   0.13335E+01   0.20416E+22
   0.19415E+04   0.68738E+03   0.13337E+01   0.20419E+22
   0.19418E+04   0.68754E+03   0.13339E+01   0.20422E+22
   0.19422E+04   0.68770E+03   0.13341E+01   0.20425E+22
   0.19426E+04   0.68786E+03   0.13343E+01   0.20428E+22
   0.19430E+04   0.68802E+03   0.13345E+01   0.20431E+22
   0.19434E+04   0.68818E+03   0.13347E+01   0.20434E+22
   0.19438E+04   0.68833E+03   0.13349E+01   0.20437E+22
   0.19442E+04   0.68849E+03   0.13351E+01   0.20440E+22
   0.19446E+04   0.68865E+03   0.13353E+01   0.20443E+22
   0.19450E+04   0.68881E+03   0.13355E+01   0.20446E+22
   0.19454E+04   0.68897E+03   0.13357E+01   0.20449E+22
   0.19458E+04   0.68913E+03   0.13359E+01   0.20452E+22
   0.19462E+04   0.68928E+03   0.13361E+01   0.20455E+22
   0.19466E+04   0.68944E+03   0.13363E+01   0.20458E+22
   0.19470E+04   0.68960E+03   0.13365E+01   0.20460E+22
   0.19474E+04   0.68976E+03   0.13367E+01   0.20463E+22
   0.19478E+04   0.68992E+03   0.13369E+01   0.20466E+22
   0.19482E+04   0.69008E+03   0.13371E+01   0.20469E+22
   0.19486E+04   0.69023E+03   0.13373E+01   0.20472E+22
   0.19489E+04   0.69039E+03   0.13375E+01   0.20475E+22
   0.19493E+04   0.69055E+03   0.13377E+01   0.20478E+22
   0.19497E+04   0.69071E+03   0.13379E+01   0.20481E+22
   0.19501E+04   0.69087E+03   0.13381E+01   0.20484E+22
   0.19505E+04   0.69103E+03   0.13383E+01   0.20487E+22
   0.19509E+04   0.69119E+03   0.13385E+01   0.20490E+22
   0.19513E+04   0.69134E+03   0.13387E+01   0.20493E+22
   0.19517E+04   0.69150E+03   0.13389E+01   0.20496E+22
   0.19521E+04   0.69166E+03   0.13391E+01   0.20499E+22
   0.19525E+04   0.69182E+03   0.13393E+01   0.20502E+22
   0.19529E+04   0.69198E+03   0.13395E+01   0.20505E+22
   0.19533E+04   0.69214E+03   0.13397E+01   0.20508E+22
   0.19537E+04   0.69230E+03   0.13399E+01   0.20511E+22
   0.19541E+04   0.69245E+03   0.13401E+01   0.20514E+22
   0.19545E+04   0.69261E+03   0.13403E+01   0.20517E+22
   0.19549E+04   0.69277E+03   0.13405E+01   0.20520E+22
   0.19553E+04   0.69293E+03   0.13407E+01   0.20523E+22
   0.19557E+04   0.69309E+03   0.13409E+01   0.20526E+22
   0.19561E+04   0.69325E+03   0.13411E+01   0.20529E+22
   0.19565E+04   0.69341E+03   0.13413E+01   0.20532E+22
   0.19568E+04   0.69356E+03   0.13415E+01   0.20535E+22
   0.19572E+04   0.69372E+03   0.13417E+01   0.20538E+22
   0.19576E+04   0.69388E+03   0.13419E+01   0.20540E+22
   0.19580E+04   0.69404E+03   0.13421E+01   0.20543E+22
   0.19584E+04   0.69420E+03   0.13423E+01   0.20546E+22
   0.19588E+04   0.69436E+03   0.13425E+01   0.20549E+22
   0.19592E+04   0.69452E+03   0.13427E+01   0.20552E+22
   0.19596E+04   0.69468E+03   0.13429E+01   0.20555E+22
   0.19600E+04   0.69483E+03   0.13431E+01   0.20558E+22
   0.19604E+04   0.69499E+03   0.13433E+01   0.20561E+22
   0.19608E+04   0.69515E+03   0.13435E+01   0.20564E+22
   0.19612E+04   0.69531E+03   0.13437E+01   0.20567E+22
   0.19616E+04   0.69547E+03   0.13439E+01   0.20570E+22
   0.19620E+04   0.69563E+03   0.13441E+01   0.20573E+22
   0.19624E+04   0.69579E+03   0.13443E+01   0.20576E+22
   0.19628E+04   0.69594E+03   0.13445E+01   0.20579E+22
   0.19632E+04   0.69610E+03   0.13447E+01   0.20582E+22
   0.19636E+04   0.69626E+03   0.13449E+01   0.20585E+22
   0.19640E+04   0.69642E+03   0.13451E+01   0.20588E+22
   0.19644E+04   0.69658E+03   0.13453E+01   0.20591E+22
   0.19648E+04   0.69674E+03   0.13455E+01   0.20594E+22
   0.19651E+04   0.69690E+03   0.13457E+01   0.20597E+22
   0.19655E+04   0.69706E+03   0.13459E+01   0.20600E+22
   0.19659E+04   0.69721E+03   0.13461E+01   0.20603E+22
   0.19663E+04   0.69737E+03   0.13463E+01   0.20606E+22
   0.19667E+04   0.69753E+03   0.13465E+01   0.20609E+22
   0.19671E+04   0.69769E+03   0.13467E+01   0.20612E+22
   0.19675E+04   0.69785E+03   0.13469E+01   0.20615E+22
   0.19679E+04   0.69801E+03   0.13471E+01   0.20618E+22
   0.19683E+04   0.69817E+03   0.13473E+01   0.20621E+22
   0.19687E+04   0.69833E+03   0.13475E+01   0.20623E+22
   0.19691E+04   0.69849E+03   0.13477E+01   0.20626E+22
   0.19695E+04   0.69864E+03   0.13479E+01   0.20629E+22
   0.19699E+04   0.69880E+03   0.13481E+01   0.20632E+22
   0.19703E+04   0.69896E+03   0.13483E+01   0.20635E+22
   0.19707E+04   0.69912E+03   0.13485E+01   0.20638E+22
   0.19711E+04   0.69928E+03   0.13487E+01   0.20641E+22
   0.19715E+04   0.69944E+03   0.13489E+01   0.20644E+22
   0.19719E+04   0.69960E+03   0.13491E+01   0.20647E+22
   0.19723E+04   0.69976E+03   0.13493E+01   0.20650E+22
   0.19727E+04   0.69992E+03   0.13495E+01   0.20653E+22
   0.19731E+04   0.70007E+03   0.13497E+01   0.20656E+22
   0.19735E+04   0.70023E+03   0.13499E+01   0.20659E+22
   0.19739E+04   0.70039E+03   0.13501E+01   0.20662E+22
   0.19743E+04   0.70055E+03   0.13503E+01   0.20665E+22
   0.19747E+04   0.70071E+03   0.13505E+01   0.20668E+22
   0.19750E+04   0.70087E+03   0.13507E+01   0.20671E+22
   0.19754E+04   0.70103E+03   0.13509E+01   0.20674E+22
   0.19758E+04   0.70119E+03   0.13511E+01   0.20677E+22
   0.19762E+04   0.70135E+03   0.13513E+01   0.20680E+22
   0.19766E+04   0.70151E+03   0.13515E+01   0.20683E+22
   0.19770E+04   0.70166E+03   0.13517E+01   0.20686E+22
   0.19774E+04   0.70182E+03   0.13519E+01   0.20689E+22
   0.19778E+04   0.70198E+03   0.13521E+01   0.20692E+22
   0.19782E+04   0.70214E+03   0.13523E+01   0.20695E+22
   0.19786E+04   0.70230E+03   0.13525E+01   0.20698E+22
   0.19790E+04   0.70246E+03   0.13527E+01   0.20701E+22
   0.19794E+04   0.70262E+03   0.13529E+01   0.20704E+22
   0.19798E+04   0.70278E+03   0.13531E+01   0.20706E+22
   0.19802E+04   0.70294E+03   0.13533E+01   0.20709E+22
   0.19806E+04   0.70310E+03   0.13535E+01   0.20712E+22
   0.19810E+04   0.70325E+03   0.13537E+01   0.20715E+22
   0.19814E+04   0.70341E+03   0.13539E+01   0.20718E+22
   0.19818E+04   0.70357E+03   0.13541E+01   0.20721E+22
   0.19822E+04   0.70373E+03   0.13543E+01   0.20724E+22
   0.19826E+04   0.70389E+03   0.13545E+01   0.20727E+22
   0.19830E+04   0.70405E+03   0.13547E+01   0.20730E+22
   0.19834E+04   0.70421E+03   0.13549E+01   0.20733E+22
   0.19838E+04   0.70437E+03   0.13551E+01   0.20736E+22
   0.19842E+04   0.70453E+03   0.13553E+01   0.20739E+22
   0.19846E+04   0.70469E+03   0.13555E+01   0.20742E+22
   0.19850E+04   0.70485E+03   0.13557E+01   0.20745E+22
   0.19854E+04   0.70501E+03   0.13559E+01   0.20748E+22
   0.19858E+04   0.70516E+03   0.13561E+01   0.20751E+22
   0.19861E+04   0.70532E+03   0.13563E+01   0.20754E+22
   0.19865E+04   0.70548E+03   0.13565E+01   0.20757E+22
   0.19869E+04   0.70564E+03   0.13567E+01   0.20760E+22
   0.19873E+04   0.70580E+03   0.13569E+01   0.20763E+22
   0.19877E+04   0.70596E+03   0.13571E+01   0.20766E+22
   0.19881E+04   0.70612E+03   0.13573E+01   0.20769E+22
   0.19885E+04   0.70628E+03   0.13575E+01   0.20772E+22
   0.19889E+04   0.70644E+03   0.13577E+01   0.20775E+22
   0.19893E+04   0.70660E+03   0.13579E+01   0.20778E+22
   0.19897E+04   0.70676E+03   0.13581E+01   0.20781E+22
   0.19901E+04   0.70692E+03   0.13583E+01   0.20784E+22
   0.19905E+04   0.70708E+03   0.13585E+01   0.20787E+22
   0.19909E+04   0.70723E+03   0.13587E+01   0.20790E+22
   0.19913E+04   0.70739E+03   0.13589E+01   0.20793E+22
   0.19917E+04   0.70755E+03   0.13591E+01   0.20795E+22
   0.19921E+04   0.70771E+03   0.13593E+01   0.20798E+22
   0.19925E+04   0.70787E+03   0.13595E+01   0.20801E+22
   0.19929E+04   0.70803E+03   0.13597E+01   0.20804E+22
   0.19933E+04   0.70819E+03   0.13599E+01   0.20807E+22
   0.19937E+04   0.70835E+03   0.13601E+01   0.20810E+22
   0.19941E+04   0.70851E+03   0.13603E+01   0.20813E+22
   0.19945E+04   0.70867E+03   0.13605E+01   0.20816E+22
   0.19949E+04   0.70883E+03   0.13607E+01   0.20819E+22
   0.19953E+04   0.70899E+03   0.13609E+01   0.20822E+22
   0.19957E+04   0.70915E+03   0.13611E+01   0.20825E+22
   0.19961E+04   0.70931E+03   0.13613E+01   0.20828E+22
   0.19965E+04   0.70946E+03   0.13615E+01   0.20831E+22
   0.19969E+04   0.70962E+03   0.13617E+01   0.20834E+22
   0.19973E+04   0.70978E+03   0.13619E+01   0.20837E+22
   0.19977E+04   0.70994E+03   0.13621E+01   0.20840E+22
   0.19981E+04   0.71010E+03   0.13623E+01   0.20843E+22
   0.19985E+04   0.71026E+03   0.13625E+01   0.20846E+22
   0.19989E+04   0.71042E+03   0.13627E+01   0.20849E+22
   0.19993E+04   0.71058E+03   0.13629E+01   0.20852E+22
   0.19997E+04   0.71074E+03   0.13631E+01   0.20855E+22
   0.20001E+04   0.71090E+03   0.13633E+01   0.20858E+22
   0.20005E+04   0.71106E+03   0.13635E+01   0.20861E+22
   0.20009E+04   0.71122E+03   0.13637E+01   0.20864E+22
   0.20012E+04   0.71138E+03   0.13639E+01   0.20867E+22
   0.20016E+04   0.71154E+03   0.13641E+01   0.20870E+22
   0.20020E+04   0.71170E+03   0.13643E+01   0.20873E+22
   0.20024E+04   0.71186E+03   0.13645E+01   0.20876E+22
   0.20028E+04   0.71202E+03   0.13647E+01   0.20879E+22
   0.20032E+04   0.71218E+03   0.13649E+01   0.20882E+22
   0.20036E+04   0.71233E+03   0.13651E+01   0.20885E+22
   0.20040E+04   0.71249E+03   0.13653E+01   0.20887E+22
   0.20044E+04   0.71265E+03   0.13655E+01   0.20890E+22
   0.20048E+04   0.71281E+03   0.13657E+01   0.20893E+22
   0.20052E+04   0.71297E+03   0.13659E+01   0.20896E+22
   0.20056E+04   0.71313E+03   0.13661E+01   0.20899E+22
   0.20060E+04   0.71329E+03   0.13663E+01   0.20902E+22
   0.20064E+04   0.71345E+03   0.13665E+01   0.20905E+22
   0.20068E+04   0.71361E+03   0.13667E+01   0.20908E+22
   0.20072E+04   0.71377E+03   0.13669E+01   0.20911E+22
   0.20076E+04   0.71393E+03   0.13671E+01   0.20914E+22
   0.20080E+04   0.71409E+03   0.13673E+01   0.20917E+22
   0.20084E+04   0.71425E+03   0.13675E+01   0.20920E+22
   0.20088E+04   0.71441E+03   0.13677E+01   0.20923E+22
   0.20092E+04   0.71457E+03   0.13679E+01   0.20926E+22
   0.20096E+04   0.71473E+03   0.13681E+01   0.20929E+22
   0.20100E+04   0.71489E+03   0.13683E+01   0.20932E+22
   0.20104E+04   0.71505E+03   0.13685E+01   0.20935E+22
   0.20108E+04   0.71521E+03   0.13687E+01   0.20938E+22
   0.20112E+04   0.71537E+03   0.13689E+01   0.20941E+22
   0.20116E+04   0.71553E+03   0.13691E+01   0.20944E+22
   0.20120E+04   0.71569E+03   0.13693E+01   0.20947E+22
   0.20124E+04   0.71585E+03   0.13695E+01   0.20950E+22
   0.20128E+04   0.71601E+03   0.13697E+01   0.20953E+22
   0.20132E+04   0.71617E+03   0.13699E+01   0.20956E+22
   0.20136E+04   0.71633E+03   0.13701E+01   0.20959E+22
   0.20140E+04   0.71648E+03   0.13703E+01   0.20962E+22
   0.20144E+04   0.71664E+03   0.13705E+01   0.20965E+22
   0.20148E+04   0.71680E+03   0.13707E+01   0.20968E+22
   0.20152E+04   0.71696E+03   0.13709E+01   0.20971E+22
   0.20156E+04   0.71712E+03   0.13711E+01   0.20974E+22
   0.20160E+04   0.71728E+03   0.13713E+01   0.20977E+22
   0.20164E+04   0.71744E+03   0.13715E+01   0.20980E+22
   0.20168E+04   0.71760E+03   0.13717E+01   0.20983E+22
   0.20172E+04   0.71776E+03   0.13719E+01   0.20985E+22
   0.20176E+04   0.71792E+03   0.13721E+01   0.20988E+22
   0.20180E+04   0.71808E+03   0.13723E+01   0.20991E+22
   0.20184E+04   0.71824E+03   0.13725E+01   0.20994E+22
   0.20188E+04   0.71840E+03   0.13727E+01   0.20997E+22
   0.20192E+04   0.71856E+03   0.13729E+01   0.21000E+22
   0.20196E+04   0.71872E+03   0.13731E+01   0.21003E+22
   0.20200E+04   0.71888E+03   0.13733E+01   0.21006E+22
   0.20204E+04   0.71904E+03   0.13735E+01   0.21009E+22
   0.20208E+04   0.71920E+03   0.13737E+01   0.21012E+22
   0.20212E+04   0.71936E+03   0.13739E+01   0.21015E+22
   0.20216E+04   0.71952E+03   0.13741E+01   0.21018E+22
   0.20220E+04   0.71968E+03   0.13743E+01   0.21021E+22
   0.20224E+04   0.71984E+03   0.13745E+01   0.21024E+22
   0.20228E+04   0.72000E+03   0.13747E+01   0.21027E+22
   0.20232E+04   0.72016E+03   0.13749E+01   0.21030E+22
   0.20236E+04   0.72032E+03   0.13751E+01   0.21033E+22
   0.20240E+04   0.72048E+03   0.13753E+01   0.21036E+22
   0.20244E+04   0.72064E+03   0.13755E+01   0.21039E+22
   0.20248E+04   0.72080E+03   0.13757E+01   0.21042E+22
   0.20252E+04   0.72096E+03   0.13759E+01   0.21045E+22
   0.20256E+04   0.72112E+03   0.13761E+01   0.21048E+22
   0.20260E+04   0.72128E+03   0.13763E+01   0.21051E+22
   0.20264E+04   0.72144E+03   0.13765E+01   0.21054E+22
   0.20268E+04   0.72160E+03   0.13767E+01   0.21057E+22
   0.20272E+04   0.72176E+03   0.13769E+01   0.21060E+22
   0.20276E+04   0.72192E+03   0.13771E+01   0.21063E+22
   0.20280E+04   0.72208E+03   0.13773E+01   0.21066E+22
   0.20283E+04   0.72224E+03   0.13775E+01   0.21069E+22
   0.20287E+04   0.72240E+03   0.13777E+01   0.21072E+22
   0.20291E+04   0.72256E+03   0.13779E+01   0.21075E+22
   0.20295E+04   0.72272E+03   0.13781E+01   0.21078E+22
   0.20299E+04   0.72288E+03   0.13783E+01   0.21081E+22
   0.20303E+04   0.72304E+03   0.13785E+01   0.21084E+22
   0.20307E+04   0.72320E+03   0.13787E+01   0.21086E+22
   0.20311E+04   0.72336E+03   0.13789E+01   0.21089E+22
   0.20315E+04   0.72352E+03   0.13791E+01   0.21092E+22
   0.20319E+04   0.72368E+03   0.13793E+01   0.21095E+22
   0.20323E+04   0.72384E+03   0.13795E+01   0.21098E+22
   0.20327E+04   0.72400E+03   0.13797E+01   0.21101E+22
   0.20331E+04   0.72416E+03   0.13799E+01   0.21104E+22
   0.20335E+04   0.72432E+03   0.13801E+01   0.21107E+22
   0.20339E+04   0.72448E+03   0.13803E+01   0.21110E+22
   0.20343E+04   0.72464E+03   0.13805E+01   0.21113E+22
   0.20347E+04   0.72480E+03   0.13807E+01   0.21116E+22
   0.20351E+04   0.72496E+03   0.13809E+01   0.21119E+22
   0.20355E+04   0.72512E+03   0.13811E+01   0.21122E+22
   0.20359E+04   0.72528E+03   0.13813E+01   0.21125E+22
   0.20363E+04   0.72544E+03   0.13815E+01   0.21128E+22
   0.20367E+04   0.72560E+03   0.13817E+01   0.21131E+22
   0.20371E+04   0.72576E+03   0.13819E+01   0.21134E+22
   0.20375E+04   0.72592E+03   0.13821E+01   0.21137E+22
   0.20379E+04   0.72608E+03   0.13823E+01   0.21140E+22
   0.20383E+04   0.72624E+03   0.13825E+01   0.21143E+22
   0.20387E+04   0.72640E+03   0.13827E+01   0.21146E+22
   0.20391E+04   0.72656E+03   0.13829E+01   0.21149E+22
   0.20395E+04   0.72672E+03   0.13831E+01   0.21152E+22
   0.20399E+04   0.72688E+03   0.13833E+01   0.21155E+22
   0.20403E+04   0.72704E+03   0.13835E+01   0.21158E+22
   0.20407E+04   0.72720E+03   0.13837E+01   0.21161E+22
   0.20411E+04   0.72736E+03   0.13839E+01   0.21164E+22
   0.20415E+04   0.72752E+03   0.13841E+01   0.21167E+22
   0.20419E+04   0.72768E+03   0.13843E+01   0.21170E+22
   0.20423E+04   0.72784E+03   0.13845E+01   0.21173E+22
   0.20427E+04   0.72800E+03   0.13847E+01   0.21176E+22
   0.20431E+04   0.72816E+03   0.13849E+01   0.21179E+22
   0.20435E+04   0.72832E+03   0.13851E+01   0.21182E+22
   0.20439E+04   0.72848E+03   0.13853E+01   0.21185E+22
   0.20443E+04   0.72864E+03   0.13855E+01   0.21188E+22
   0.20447E+04   0.72880E+03   0.13857E+01   0.21191E+22
   0.20451E+04   0.72896E+03   0.13859E+01   0.21194E+22
   0.20455E+04   0.72912E+03   0.13861E+01   0.21196E+22
   0.20459E+04   0.72928E+03   0.13863E+01   0.21199E+22
   0.20463E+04   0.72945E+03   0.13865E+01   0.21202E+22
   0.20467E+04   0.72961E+03   0.13867E+01   0.21205E+22
   0.20471E+04   0.72977E+03   0.13869E+01   0.21208E+22
   0.20475E+04   0.72993E+03   0.13871E+01   0.21211E+22
   0.20479E+04   0.73009E+03   0.13873E+01   0.21214E+22
   0.20483E+04   0.73025E+03   0.13875E+01   0.21217E+22
   0.20487E+04   0.73041E+03   0.13877E+01   0.21220E+22
   0.20491E+04   0.73057E+03   0.13879E+01   0.21223E+22
   0.20495E+04   0.73073E+03   0.13881E+01   0.21226E+22
   0.20499E+04   0.73089E+03   0.13883E+01   0.21229E+22
   0.20503E+04   0.73105E+03   0.13885E+01   0.21232E+22
   0.20507E+04   0.73121E+03   0.13887E+01   0.21235E+22
   0.20512E+04   0.73137E+03   0.13889E+01   0.21238E+22
   0.20516E+04   0.73153E+03   0.13891E+01   0.21241E+22
   0.20520E+04   0.73169E+03   0.13893E+01   0.21244E+22
   0.20524E+04   0.73185E+03   0.13895E+01   0.21247E+22
   0.20528E+04   0.73201E+03   0.13897E+01   0.21250E+22
   0.20532E+04   0.73217E+03   0.13899E+01   0.21253E+22
   0.20536E+04   0.73233E+03   0.13901E+01   0.21256E+22
   0.20540E+04   0.73249E+03   0.13903E+01   0.21259E+22
   0.20544E+04   0.73265E+03   0.13905E+01   0.21262E+22
   0.20548E+04   0.73281E+03   0.13907E+01   0.21265E+22
   0.20552E+04   0.73297E+03   0.13909E+01   0.21268E+22
   0.20556E+04   0.73313E+03   0.13911E+01   0.21271E+22
   0.20560E+04   0.73329E+03   0.13913E+01   0.21274E+22
   0.20564E+04   0.73346E+03   0.13915E+01   0.21277E+22
   0.20568E+04   0.73362E+03   0.13917E+01   0.21280E+22
   0.20572E+04   0.73378E+03   0.13919E+01   0.21283E+22
   0.20576E+04   0.73394E+03   0.13921E+01   0.21286E+22
   0.20580E+04   0.73410E+03   0.13923E+01   0.21289E+22
   0.20584E+04   0.73426E+03   0.13925E+01   0.21292E+22
   0.20588E+04   0.73442E+03   0.13927E+01   0.21295E+22
   0.20592E+04   0.73458E+03   0.13929E+01   0.21298E+22
   0.20596E+04   0.73474E+03   0.13931E+01   0.21301E+22
   0.20600E+04   0.73490E+03   0.13933E+01   0.21304E+22
   0.20604E+04   0.73506E+03   0.13935E+01   0.21307E+22
   0.20608E+04   0.73522E+03   0.13937E+01   0.21309E+22
   0.20612E+04   0.73538E+03   0.13939E+01   0.21312E+22
   0.20616E+04   0.73554E+03   0.13941E+01   0.21315E+22
   0.20620E+04   0.73570E+03   0.13943E+01   0.21318E+22
   0.20624E+04   0.73586E+03   0.13945E+01   0.21321E+22
   0.20628E+04   0.73602E+03   0.13947E+01   0.21324E+22
   0.20632E+04   0.73618E+03   0.13949E+01   0.21327E+22
   0.20636E+04   0.73634E+03   0.13951E+01   0.21330E+22
   0.20640E+04   0.73651E+03   0.13953E+01   0.21333E+22
   0.20644E+04   0.73667E+03   0.13955E+01   0.21336E+22
   0.20648E+04   0.73683E+03   0.13957E+01   0.21339E+22
   0.20652E+04   0.73699E+03   0.13959E+01   0.21342E+22
   0.20656E+04   0.73715E+03   0.13961E+01   0.21345E+22
   0.20660E+04   0.73731E+03   0.13963E+01   0.21348E+22
   0.20664E+04   0.73747E+03   0.13965E+01   0.21351E+22
   0.20668E+04   0.73763E+03   0.13967E+01   0.21354E+22
   0.20672E+04   0.73779E+03   0.13969E+01   0.21357E+22
   0.20676E+04   0.73795E+03   0.13971E+01   0.21360E+22
   0.20680E+04   0.73811E+03   0.13973E+01   0.21363E+22
   0.20684E+04   0.73827E+03   0.13975E+01   0.21366E+22
   0.20688E+04   0.73843E+03   0.13977E+01   0.21369E+22
   0.20692E+04   0.73859E+03   0.13979E+01   0.21372E+22
   0.20696E+04   0.73876E+03   0.13981E+01   0.21375E+22
   0.20700E+04   0.73892E+03   0.13983E+01   0.21378E+22
   0.20704E+04   0.73908E+03   0.13985E+01   0.21381E+22
   0.20708E+04   0.73924E+03   0.13987E+01   0.21384E+22
   0.20712E+04   0.73940E+03   0.13989E+01   0.21387E+22
   0.20716E+04   0.73956E+03   0.13991E+01   0.21390E+22
   0.20720E+04   0.73972E+03   0.13993E+01   0.21393E+22
   0.20724E+04   0.73988E+03   0.13995E+01   0.21396E+22
   0.20728E+04   0.74004E+03   0.13997E+01   0.21399E+22
   0.20732E+04   0.74020E+03   0.13999E+01   0.21402E+22
   0.20736E+04   0.74036E+03   0.14001E+01   0.21405E+22
   0.20740E+04   0.74052E+03   0.14003E+01   0.21408E+22
   0.20744E+04   0.74068E+03   0.14005E+01   0.21411E+22
   0.20748E+04   0.74085E+03   0.14007E+01   0.21414E+22
   0.20752E+04   0.74101E+03   0.14009E+01   0.21417E+22
   0.20756E+04   0.74117E+03   0.14011E+01   0.21420E+22
   0.20760E+04   0.74133E+03   0.14013E+01   0.21423E+22
   0.20764E+04   0.74149E+03   0.14015E+01   0.21426E+22
   0.20768E+04   0.74165E+03   0.14017E+01   0.21429E+22
   0.20772E+04   0.74181E+03   0.14019E+01   0.21432E+22
   0.20776E+04   0.74197E+03   0.14021E+01   0.21434E+22
   0.20780E+04   0.74213E+03   0.14023E+01   0.21437E+22
   0.20784E+04   0.74229E+03   0.14025E+01   0.21440E+22
   0.20789E+04   0.74245E+03   0.14027E+01   0.21443E+22
   0.20793E+04   0.74261E+03   0.14029E+01   0.21446E+22
   0.20797E+04   0.74278E+03   0.14031E+01   0.21449E+22
   0.20801E+04   0.74294E+03   0.14033E+01   0.21452E+22
   0.20805E+04   0.74310E+03   0.14035E+01   0.21455E+22
   0.20809E+04   0.74326E+03   0.14037E+01   0.21458E+22
   0.20813E+04   0.74342E+03   0.14039E+01   0.21461E+22
   0.20817E+04   0.74358E+03   0.14041E+01   0.21464E+22
   0.20821E+04   0.74374E+03   0.14043E+01   0.21467E+22
   0.20825E+04   0.74390E+03   0.14045E+01   0.21470E+22
   0.20829E+04   0.74406E+03   0.14047E+01   0.21473E+22
   0.20833E+04   0.74422E+03   0.14049E+01   0.21476E+22
   0.20837E+04   0.74438E+03   0.14051E+01   0.21479E+22
   0.20841E+04   0.74455E+03   0.14053E+01   0.21482E+22
   0.20845E+04   0.74471E+03   0.14055E+01   0.21485E+22
   0.20849E+04   0.74487E+03   0.14057E+01   0.21488E+22
   0.20853E+04   0.74503E+03   0.14059E+01   0.21491E+22
   0.20857E+04   0.74519E+03   0.14061E+01   0.21494E+22
   0.20861E+04   0.74535E+03   0.14063E+01   0.21497E+22
   0.20865E+04   0.74551E+03   0.14065E+01   0.21500E+22
   0.20869E+04   0.74567E+03   0.14067E+01   0.21503E+22
   0.20873E+04   0.74583E+03   0.14069E+01   0.21506E+22
   0.20877E+04   0.74600E+03   0.14071E+01   0.21509E+22
   0.20881E+04   0.74616E+03   0.14073E+01   0.21512E+22
   0.20885E+04   0.74632E+03   0.14075E+01   0.21515E+22
   0.20889E+04   0.74648E+03   0.14077E+01   0.21518E+22
   0.20893E+04   0.74664E+03   0.14079E+01   0.21521E+22
   0.20897E+04   0.74680E+03   0.14081E+01   0.21524E+22
   0.20901E+04   0.74696E+03   0.14083E+01   0.21527E+22
   0.20905E+04   0.74712E+03   0.14085E+01   0.21530E+22
   0.20909E+04   0.74728E+03   0.14087E+01   0.21533E+22
   0.20913E+04   0.74744E+03   0.14089E+01   0.21536E+22
   0.20917E+04   0.74761E+03   0.14091E+01   0.21539E+22
   0.20921E+04   0.74777E+03   0.14093E+01   0.21542E+22
   0.20925E+04   0.74793E+03   0.14095E+01   0.21545E+22
   0.20929E+04   0.74809E+03   0.14097E+01   0.21548E+22
   0.20933E+04   0.74825E+03   0.14099E+01   0.21551E+22
   0.20938E+04   0.74841E+03   0.14101E+01   0.21554E+22
   0.20942E+04   0.74857E+03   0.14103E+01   0.21557E+22
   0.20946E+04   0.74873E+03   0.14105E+01   0.21560E+22
   0.20950E+04   0.74890E+03   0.14107E+01   0.21563E+22
   0.20954E+04   0.74906E+03   0.14109E+01   0.21566E+22
   0.20958E+04   0.74922E+03   0.14111E+01   0.21568E+22
   0.20962E+04   0.74938E+03   0.14113E+01   0.21571E+22
   0.20966E+04   0.74954E+03   0.14115E+01   0.21574E+22
   0.20970E+04   0.74970E+03   0.14117E+01   0.21577E+22
   0.20974E+04   0.74986E+03   0.14119E+01   0.21580E+22
   0.20978E+04   0.75002E+03   0.14121E+01   0.21583E+22
   0.20982E+04   0.75018E+03   0.14123E+01   0.21586E+22
   0.20986E+04   0.75035E+03   0.14125E+01   0.21589E+22
   0.20990E+04   0.75051E+03   0.14127E+01   0.21592E+22
   0.20994E+04   0.75067E+03   0.14129E+01   0.21595E+22
   0.20998E+04   0.75083E+03   0.14131E+01   0.21598E+22
   0.21002E+04   0.75099E+03   0.14133E+01   0.21601E+22
   0.21006E+04   0.75115E+03   0.14135E+01   0.21604E+22
   0.21010E+04   0.75131E+03   0.14137E+01   0.21607E+22
   0.21014E+04   0.75148E+03   0.14139E+01   0.21610E+22
   0.21018E+04   0.75164E+03   0.14141E+01   0.21613E+22
   0.21022E+04   0.75180E+03   0.14143E+01   0.21616E+22
   0.21026E+04   0.75196E+03   0.14145E+01   0.21619E+22
   0.21030E+04   0.75212E+03   0.14147E+01   0.21622E+22
   0.21034E+04   0.75228E+03   0.14149E+01   0.21625E+22
   0.21038E+04   0.75244E+03   0.14151E+01   0.21628E+22
   0.21042E+04   0.75260E+03   0.14153E+01   0.21631E+22
   0.21046E+04   0.75277E+03   0.14155E+01   0.21634E+22
   0.21050E+04   0.75293E+03   0.14157E+01   0.21637E+22
   0.21054E+04   0.75309E+03   0.14159E+01   0.21640E+22
   0.21059E+04   0.75325E+03   0.14161E+01   0.21643E+22
   0.21063E+04   0.75341E+03   0.14163E+01   0.21646E+22
   0.21067E+04   0.75357E+03   0.14165E+01   0.21649E+22
   0.21071E+04   0.75373E+03   0.14167E+01   0.21652E+22
   0.21075E+04   0.75390E+03   0.14169E+01   0.21655E+22
   0.21079E+04   0.75406E+03   0.14171E+01   0.21658E+22
   0.21083E+04   0.75422E+03   0.14173E+01   0.21661E+22
   0.21087E+04   0.75438E+03   0.14175E+01   0.21664E+22
   0.21091E+04   0.75454E+03   0.14177E+01   0.21667E+22
   0.21095E+04   0.75470E+03   0.14179E+01   0.21670E+22
   0.21099E+04   0.75486E+03   0.14181E+01   0.21673E+22
   0.21103E+04   0.75503E+03   0.14183E+01   0.21676E+22
   0.21107E+04   0.75519E+03   0.14185E+01   0.21679E+22
   0.21111E+04   0.75535E+03   0.14187E+01   0.21682E+22
   0.21115E+04   0.75551E+03   0.14189E+01   0.21685E+22
   0.21119E+04   0.75567E+03   0.14191E+01   0.21688E+22
   0.21123E+04   0.75583E+03   0.14193E+01   0.21691E+22
   0.21127E+04   0.75599E+03   0.14195E+01   0.21694E+22
   0.21131E+04   0.75616E+03   0.14197E+01   0.21697E+22
   0.21135E+04   0.75632E+03   0.14199E+01   0.21700E+22
   0.21139E+04   0.75648E+03   0.14201E+01   0.21703E+22
   0.21143E+04   0.75664E+03   0.14203E+01   0.21706E+22
   0.21147E+04   0.75680E+03   0.14205E+01   0.21709E+22
   0.21151E+04   0.75696E+03   0.14207E+01   0.21712E+22
   0.21156E+04   0.75712E+03   0.14209E+01   0.21715E+22
   0.21160E+04   0.75729E+03   0.14211E+01   0.21717E+22
   0.21164E+04   0.75745E+03   0.14213E+01   0.21720E+22
   0.21168E+04   0.75761E+03   0.14215E+01   0.21723E+22
   0.21172E+04   0.75777E+03   0.14217E+01   0.21726E+22
   0.21176E+04   0.75793E+03   0.14219E+01   0.21729E+22
   0.21180E+04   0.75809E+03   0.14221E+01   0.21732E+22
   0.21184E+04   0.75826E+03   0.14223E+01   0.21735E+22
   0.21188E+04   0.75842E+03   0.14225E+01   0.21738E+22
   0.21192E+04   0.75858E+03   0.14227E+01   0.21741E+22
   0.21196E+04   0.75874E+03   0.14229E+01   0.21744E+22
   0.21200E+04   0.75890E+03   0.14231E+01   0.21747E+22
   0.21204E+04   0.75906E+03   0.14233E+01   0.21750E+22
   0.21208E+04   0.75923E+03   0.14235E+01   0.21753E+22
   0.21212E+04   0.75939E+03   0.14237E+01   0.21756E+22
   0.21216E+04   0.75955E+03   0.14239E+01   0.21759E+22
   0.21220E+04   0.75971E+03   0.14241E+01   0.21762E+22
   0.21224E+04   0.75987E+03   0.14243E+01   0.21765E+22
   0.21228E+04   0.76003E+03   0.14245E+01   0.21768E+22
   0.21232E+04   0.76020E+03   0.14247E+01   0.21771E+22
   0.21236E+04   0.76036E+03   0.14249E+01   0.21774E+22
   0.21240E+04   0.76052E+03   0.14251E+01   0.21777E+22
   0.21245E+04   0.76068E+03   0.14253E+01   0.21780E+22
   0.21249E+04   0.76084E+03   0.14255E+01   0.21783E+22
   0.21253E+04   0.76100E+03   0.14257E+01   0.21786E+22
   0.21257E+04   0.76117E+03   0.14259E+01   0.21789E+22
   0.21261E+04   0.76133E+03   0.14261E+01   0.21792E+22
   0.21265E+04   0.76149E+03   0.14263E+01   0.21795E+22
   0.21269E+04   0.76165E+03   0.14265E+01   0.21798E+22
   0.21273E+04   0.76181E+03   0.14267E+01   0.21801E+22
   0.21277E+04   0.76197E+03   0.14269E+01   0.21804E+22
   0.21281E+04   0.76214E+03   0.14271E+01   0.21807E+22
   0.21285E+04   0.76230E+03   0.14273E+01   0.21810E+22
   0.21289E+04   0.76246E+03   0.14275E+01   0.21813E+22
   0.21293E+04   0.76262E+03   0.14277E+01   0.21816E+22
   0.21297E+04   0.76278E+03   0.14279E+01   0.21819E+22
   0.21301E+04   0.76295E+03   0.14281E+01   0.21822E+22
   0.21305E+04   0.76311E+03   0.14283E+01   0.21825E+22
   0.21309E+04   0.76327E+03   0.14285E+01   0.21828E+22
   0.21313E+04   0.76343E+03   0.14287E+01   0.21831E+22
   0.21317E+04   0.76359E+03   0.14289E+01   0.21834E+22
   0.21321E+04   0.76375E+03   0.14291E+01   0.21837E+22
   0.21326E+04   0.76392E+03   0.14293E+01   0.21840E+22
   0.21330E+04   0.76408E+03   0.14295E+01   0.21843E+22
   0.21334E+04   0.76424E+03   0.14297E+01   0.21846E+22
   0.21338E+04   0.76440E+03   0.14299E+01   0.21849E+22
   0.21342E+04   0.76456E+03   0.14301E+01   0.21852E+22
   0.21346E+04   0.76473E+03   0.14303E+01   0.21855E+22
   0.21350E+04   0.76489E+03   0.14305E+01   0.21858E+22
   0.21354E+04   0.76505E+03   0.14307E+01   0.21861E+22
   0.21358E+04   0.76521E+03   0.14309E+01   0.21864E+22
   0.21362E+04   0.76537E+03   0.14311E+01   0.21867E+22
   0.21366E+04   0.76554E+03   0.14313E+01   0.21870E+22
   0.21370E+04   0.76570E+03   0.14315E+01   0.21873E+22
   0.21374E+04   0.76586E+03   0.14317E+01   0.21876E+22
   0.21378E+04   0.76602E+03   0.14319E+01   0.21879E+22
   0.21382E+04   0.76618E+03   0.14321E+01   0.21881E+22
   0.21386E+04   0.76634E+03   0.14323E+01   0.21884E+22
   0.21390E+04   0.76651E+03   0.14325E+01   0.21887E+22
   0.21394E+04   0.76667E+03   0.14327E+01   0.21890E+22
   0.21399E+04   0.76683E+03   0.14329E+01   0.21893E+22
   0.21403E+04   0.76699E+03   0.14331E+01   0.21896E+22
   0.21407E+04   0.76715E+03   0.14333E+01   0.21899E+22
   0.21411E+04   0.76732E+03   0.14335E+01   0.21902E+22
   0.21415E+04   0.76748E+03   0.14337E+01   0.21905E+22
   0.21419E+04   0.76764E+03   0.14339E+01   0.21908E+22
   0.21423E+04   0.76780E+03   0.14341E+01   0.21911E+22
   0.21427E+04   0.76796E+03   0.14343E+01   0.21914E+22
   0.21431E+04   0.76813E+03   0.14345E+01   0.21917E+22
   0.21435E+04   0.76829E+03   0.14347E+01   0.21920E+22
   0.21439E+04   0.76845E+03   0.14349E+01   0.21923E+22
   0.21443E+04   0.76861E+03   0.14351E+01   0.21926E+22
   0.21447E+04   0.76878E+03   0.14353E+01   0.21929E+22
   0.21451E+04   0.76894E+03   0.14355E+01   0.21932E+22
   0.21455E+04   0.76910E+03   0.14357E+01   0.21935E+22
   0.21459E+04   0.76926E+03   0.14359E+01   0.21938E+22
   0.21463E+04   0.76942E+03   0.14361E+01   0.21941E+22
   0.21468E+04   0.76959E+03   0.14363E+01   0.21944E+22
   0.21472E+04   0.76975E+03   0.14365E+01   0.21947E+22
   0.21476E+04   0.76991E+03   0.14367E+01   0.21950E+22
   0.21480E+04   0.77007E+03   0.14369E+01   0.21953E+22
   0.21484E+04   0.77023E+03   0.14371E+01   0.21956E+22
   0.21488E+04   0.77040E+03   0.14373E+01   0.21959E+22
   0.21492E+04   0.77056E+03   0.14375E+01   0.21962E+22
   0.21496E+04   0.77072E+03   0.14377E+01   0.21965E+22
   0.21500E+04   0.77088E+03   0.14379E+01   0.21968E+22
   0.21504E+04   0.77104E+03   0.14381E+01   0.21971E+22
   0.21508E+04   0.77121E+03   0.14383E+01   0.21974E+22
   0.21512E+04   0.77137E+03   0.14385E+01   0.21977E+22
   0.21516E+04   0.77153E+03   0.14387E+01   0.21980E+22
   0.21520E+04   0.77169E+03   0.14389E+01   0.21983E+22
   0.21524E+04   0.77186E+03   0.14391E+01   0.21986E+22
   0.21528E+04   0.77202E+03   0.14393E+01   0.21989E+22
   0.21533E+04   0.77218E+03   0.14395E+01   0.21992E+22
   0.21537E+04   0.77234E+03   0.14397E+01   0.21995E+22
   0.21541E+04   0.77250E+03   0.14399E+01   0.21998E+22
   0.21545E+04   0.77267E+03   0.14401E+01   0.22001E+22
   0.21549E+04   0.77283E+03   0.14403E+01   0.22004E+22
   0.21553E+04   0.77299E+03   0.14405E+01   0.22007E+22
   0.21557E+04   0.77315E+03   0.14407E+01   0.22010E+22
   0.21561E+04   0.77332E+03   0.14409E+01   0.22013E+22
   0.21565E+04   0.77348E+03   0.14411E+01   0.22016E+22
   0.21569E+04   0.77364E+03   0.14413E+01   0.22019E+22
   0.21573E+04   0.77380E+03   0.14415E+01   0.22022E+22
   0.21577E+04   0.77396E+03   0.14417E+01   0.22025E+22
   0.21581E+04   0.77413E+03   0.14419E+01   0.22028E+22
   0.21585E+04   0.77429E+03   0.14421E+01   0.22031E+22
   0.21589E+04   0.77445E+03   0.14423E+01   0.22034E+22
   0.21594E+04   0.77461E+03   0.14425E+01   0.22037E+22
   0.21598E+04   0.77478E+03   0.14427E+01   0.22040E+22
   0.21602E+04   0.77494E+03   0.14429E+01   0.22043E+22
   0.21606E+04   0.77510E+03   0.14431E+01   0.22046E+22
   0.21610E+04   0.77526E+03   0.14433E+01   0.22049E+22
   0.21614E+04   0.77543E+03   0.14435E+01   0.22052E+22
   0.21618E+04   0.77559E+03   0.14437E+01   0.22055E+22
   0.21622E+04   0.77575E+03   0.14439E+01   0.22058E+22
   0.21626E+04   0.77591E+03   0.14441E+01   0.22061E+22
   0.21630E+04   0.77608E+03   0.14443E+01   0.22064E+22
   0.21634E+04   0.77624E+03   0.14445E+01   0.22067E+22
   0.21638E+04   0.77640E+03   0.14447E+01   0.22070E+22
   0.21642E+04   0.77656E+03   0.14449E+01   0.22072E+22
   0.21646E+04   0.77672E+03   0.14451E+01   0.22075E+22
   0.21650E+04   0.77689E+03   0.14453E+01   0.22078E+22
   0.21655E+04   0.77705E+03   0.14455E+01   0.22081E+22
   0.21659E+04   0.77721E+03   0.14457E+01   0.22084E+22
   0.21663E+04   0.77737E+03   0.14459E+01   0.22087E+22
   0.21667E+04   0.77754E+03   0.14461E+01   0.22090E+22
   0.21671E+04   0.77770E+03   0.14463E+01   0.22093E+22
   0.21675E+04   0.77786E+03   0.14465E+01   0.22096E+22
   0.21679E+04   0.77802E+03   0.14467E+01   0.22099E+22
   0.21683E+04   0.77819E+03   0.14469E+01   0.22102E+22
   0.21687E+04   0.77835E+03   0.14471E+01   0.22105E+22
   0.21691E+04   0.77851E+03   0.14473E+01   0.22108E+22
   0.21695E+04   0.77867E+03   0.14475E+01   0.22111E+22
   0.21699E+04   0.77884E+03   0.14477E+01   0.22114E+22
   0.21703E+04   0.77900E+03   0.14479E+01   0.22117E+22
   0.21707E+04   0.77916E+03   0.14481E+01   0.22120E+22
   0.21712E+04   0.77932E+03   0.14483E+01   0.22123E+22
   0.21716E+04   0.77949E+03   0.14485E+01   0.22126E+22
   0.21720E+04   0.77965E+03   0.14487E+01   0.22129E+22
   0.21724E+04   0.77981E+03   0.14489E+01   0.22132E+22
   0.21728E+04   0.77997E+03   0.14491E+01   0.22135E+22
   0.21732E+04   0.78014E+03   0.14493E+01   0.22138E+22
   0.21736E+04   0.78030E+03   0.14495E+01   0.22141E+22
   0.21740E+04   0.78046E+03   0.14497E+01   0.22144E+22
   0.21744E+04   0.78062E+03   0.14499E+01   0.22147E+22
   0.21748E+04   0.78079E+03   0.14501E+01   0.22150E+22
   0.21752E+04   0.78095E+03   0.14503E+01   0.22153E+22
   0.21756E+04   0.78111E+03   0.14505E+01   0.22156E+22
   0.21760E+04   0.78128E+03   0.14507E+01   0.22159E+22
   0.21765E+04   0.78144E+03   0.14509E+01   0.22162E+22
   0.21769E+04   0.78160E+03   0.14511E+01   0.22165E+22
   0.21773E+04   0.78176E+03   0.14513E+01   0.22168E+22
   0.21777E+04   0.78193E+03   0.14515E+01   0.22171E+22
   0.21781E+04   0.78209E+03   0.14517E+01   0.22174E+22
   0.21785E+04   0.78225E+03   0.14519E+01   0.22177E+22
   0.21789E+04   0.78241E+03   0.14521E+01   0.22180E+22
   0.21793E+04   0.78258E+03   0.14523E+01   0.22183E+22
   0.21797E+04   0.78274E+03   0.14525E+01   0.22186E+22
   0.21801E+04   0.78290E+03   0.14527E+01   0.22189E+22
   0.21805E+04   0.78306E+03   0.14529E+01   0.22192E+22
   0.21809E+04   0.78323E+03   0.14531E+01   0.22195E+22
   0.21814E+04   0.78339E+03   0.14533E+01   0.22198E+22
   0.21818E+04   0.78355E+03   0.14535E+01   0.22201E+22
   0.21822E+04   0.78372E+03   0.14537E+01   0.22204E+22
   0.21826E+04   0.78388E+03   0.14539E+01   0.22207E+22
   0.21830E+04   0.78404E+03   0.14541E+01   0.22210E+22
   0.21834E+04   0.78420E+03   0.14543E+01   0.22213E+22
   0.21838E+04   0.78437E+03   0.14545E+01   0.22216E+22
   0.21842E+04   0.78453E+03   0.14547E+01   0.22219E+22
   0.21846E+04   0.78469E+03   0.14549E+01   0.22222E+22
   0.21850E+04   0.78485E+03   0.14551E+01   0.22225E+22
   0.21854E+04   0.78502E+03   0.14553E+01   0.22228E+22
   0.21858E+04   0.78518E+03   0.14555E+01   0.22231E+22
   0.21862E+04   0.78534E+03   0.14557E+01   0.22234E+22
   0.21867E+04   0.78551E+03   0.14559E+01   0.22237E+22
   0.21871E+04   0.78567E+03   0.14561E+01   0.22240E+22
   0.21875E+04   0.78583E+03   0.14563E+01   0.22243E+22
   0.21879E+04   0.78599E+03   0.14565E+01   0.22246E+22
   0.21883E+04   0.78616E+03   0.14567E+01   0.22249E+22
   0.21887E+04   0.78632E+03   0.14569E+01   0.22252E+22
   0.21891E+04   0.78648E+03   0.14571E+01   0.22255E+22
   0.21895E+04   0.78665E+03   0.14573E+01   0.22258E+22
   0.21899E+04   0.78681E+03   0.14575E+01   0.22261E+22
   0.21903E+04   0.78697E+03   0.14577E+01   0.22264E+22
   0.21907E+04   0.78713E+03   0.14579E+01   0.22267E+22
   0.21911E+04   0.78730E+03   0.14581E+01   0.22270E+22
   0.21916E+04   0.78746E+03   0.14583E+01   0.22273E+22
   0.21920E+04   0.78762E+03   0.14585E+01   0.22276E+22
   0.21924E+04   0.78779E+03   0.14587E+01   0.22279E+22
   0.21928E+04   0.78795E+03   0.14589E+01   0.22282E+22
   0.21932E+04   0.78811E+03   0.14591E+01   0.22285E+22
   0.21936E+04   0.78827E+03   0.14593E+01   0.22288E+22
   0.21940E+04   0.78844E+03   0.14595E+01   0.22291E+22
   0.21944E+04   0.78860E+03   0.14597E+01   0.22294E+22
   0.21948E+04   0.78876E+03   0.14599E+01   0.22297E+22
   0.21952E+04   0.78893E+03   0.14601E+01   0.22300E+22
   0.21956E+04   0.78909E+03   0.14603E+01   0.22303E+22
   0.21961E+04   0.78925E+03   0.14605E+01   0.22306E+22
   0.21965E+04   0.78941E+03   0.14607E+01   0.22308E+22
   0.21969E+04   0.78958E+03   0.14609E+01   0.22311E+22
   0.21973E+04   0.78974E+03   0.14611E+01   0.22314E+22
   0.21977E+04   0.78990E+03   0.14613E+01   0.22317E+22
   0.21981E+04   0.79007E+03   0.14615E+01   0.22320E+22
   0.21985E+04   0.79023E+03   0.14617E+01   0.22323E+22
   0.21989E+04   0.79039E+03   0.14619E+01   0.22326E+22
   0.21993E+04   0.79056E+03   0.14621E+01   0.22329E+22
   0.21997E+04   0.79072E+03   0.14623E+01   0.22332E+22
   0.22001E+04   0.79088E+03   0.14625E+01   0.22335E+22
   0.22006E+04   0.79104E+03   0.14627E+01   0.22338E+22
   0.22010E+04   0.79121E+03   0.14629E+01   0.22341E+22
   0.22014E+04   0.79137E+03   0.14631E+01   0.22344E+22
   0.22018E+04   0.79153E+03   0.14633E+01   0.22347E+22
   0.22022E+04   0.79170E+03   0.14635E+01   0.22350E+22
   0.22026E+04   0.79186E+03   0.14637E+01   0.22353E+22
   0.22030E+04   0.79202E+03   0.14639E+01   0.22356E+22
   0.22034E+04   0.79219E+03   0.14641E+01   0.22359E+22
   0.22038E+04   0.79235E+03   0.14643E+01   0.22362E+22
   0.22042E+04   0.79251E+03   0.14645E+01   0.22365E+22
   0.22046E+04   0.79268E+03   0.14647E+01   0.22368E+22
   0.22051E+04   0.79284E+03   0.14649E+01   0.22371E+22
   0.22055E+04   0.79300E+03   0.14651E+01   0.22374E+22
   0.22059E+04   0.79316E+03   0.14653E+01   0.22377E+22
   0.22063E+04   0.79333E+03   0.14655E+01   0.22380E+22
   0.22067E+04   0.79349E+03   0.14657E+01   0.22383E+22
   0.22071E+04   0.79365E+03   0.14659E+01   0.22386E+22
   0.22075E+04   0.79382E+03   0.14661E+01   0.22389E+22
   0.22079E+04   0.79398E+03   0.14663E+01   0.22392E+22
   0.22083E+04   0.79414E+03   0.14665E+01   0.22395E+22
   0.22087E+04   0.79431E+03   0.14667E+01   0.22398E+22
   0.22091E+04   0.79447E+03   0.14669E+01   0.22401E+22
   0.22096E+04   0.79463E+03   0.14671E+01   0.22404E+22
   0.22100E+04   0.79480E+03   0.14673E+01   0.22407E+22
   0.22104E+04   0.79496E+03   0.14675E+01   0.22410E+22
   0.22108E+04   0.79512E+03   0.14677E+01   0.22413E+22
   0.22112E+04   0.79529E+03   0.14679E+01   0.22416E+22
   0.22116E+04   0.79545E+03   0.14681E+01   0.22419E+22
   0.22120E+04   0.79561E+03   0.14683E+01   0.22422E+22
   0.22124E+04   0.79578E+03   0.14685E+01   0.22425E+22
   0.22128E+04   0.79594E+03   0.14687E+01   0.22428E+22
   0.22132E+04   0.79610E+03   0.14689E+01   0.22431E+22
   0.22137E+04   0.79627E+03   0.14691E+01   0.22434E+22
   0.22141E+04   0.79643E+03   0.14693E+01   0.22437E+22
   0.22145E+04   0.79659E+03   0.14695E+01   0.22440E+22
   0.22149E+04   0.79675E+03   0.14697E+01   0.22443E+22
   0.22153E+04   0.79692E+03   0.14699E+01   0.22446E+22
   0.22157E+04   0.79708E+03   0.14701E+01   0.22449E+22
   0.22161E+04   0.79724E+03   0.14703E+01   0.22452E+22
   0.22165E+04   0.79741E+03   0.14705E+01   0.22455E+22
   0.22169E+04   0.79757E+03   0.14707E+01   0.22458E+22
   0.22173E+04   0.79773E+03   0.14709E+01   0.22461E+22
   0.22177E+04   0.79790E+03   0.14711E+01   0.22464E+22
   0.22182E+04   0.79806E+03   0.14713E+01   0.22467E+22
   0.22186E+04   0.79822E+03   0.14715E+01   0.22470E+22
   0.22190E+04   0.79839E+03   0.14717E+01   0.22473E+22
   0.22194E+04   0.79855E+03   0.14719E+01   0.22476E+22
   0.22198E+04   0.79871E+03   0.14721E+01   0.22479E+22
   0.22202E+04   0.79888E+03   0.14723E+01   0.22482E+22
   0.22206E+04   0.79904E+03   0.14725E+01   0.22485E+22
   0.22210E+04   0.79920E+03   0.14727E+01   0.22488E+22
   0.22214E+04   0.79937E+03   0.14729E+01   0.22491E+22
   0.22219E+04   0.79953E+03   0.14731E+01   0.22494E+22
   0.22223E+04   0.79970E+03   0.14733E+01   0.22497E+22
   0.22227E+04   0.79986E+03   0.14735E+01   0.22500E+22
   0.22231E+04   0.80002E+03   0.14737E+01   0.22503E+22
   0.22235E+04   0.80019E+03   0.14739E+01   0.22506E+22
   0.22239E+04   0.80035E+03   0.14741E+01   0.22509E+22
   0.22243E+04   0.80051E+03   0.14743E+01   0.22512E+22
   0.22247E+04   0.80068E+03   0.14745E+01   0.22515E+22
   0.22251E+04   0.80084E+03   0.14747E+01   0.22518E+22
   0.22255E+04   0.80100E+03   0.14749E+01   0.22521E+22
   0.22260E+04   0.80117E+03   0.14751E+01   0.22524E+22
   0.22264E+04   0.80133E+03   0.14753E+01   0.22527E+22
   0.22268E+04   0.80149E+03   0.14755E+01   0.22530E+22
   0.22272E+04   0.80166E+03   0.14757E+01   0.22533E+22
   0.22276E+04   0.80182E+03   0.14759E+01   0.22536E+22
   0.22280E+04   0.80198E+03   0.14761E+01   0.22539E+22
   0.22284E+04   0.80215E+03   0.14763E+01   0.22542E+22
   0.22288E+04   0.80231E+03   0.14765E+01   0.22545E+22
   0.22292E+04   0.80247E+03   0.14767E+01   0.22548E+22
   0.22296E+04   0.80264E+03   0.14769E+01   0.22551E+22
   0.22301E+04   0.80280E+03   0.14771E+01   0.22554E+22
   0.22305E+04   0.80296E+03   0.14773E+01   0.22557E+22
   0.22309E+04   0.80313E+03   0.14775E+01   0.22560E+22
   0.22313E+04   0.80329E+03   0.14777E+01   0.22563E+22
   0.22317E+04   0.80346E+03   0.14779E+01   0.22566E+22
   0.22321E+04   0.80362E+03   0.14781E+01   0.22569E+22
   0.22325E+04   0.80378E+03   0.14783E+01   0.22572E+22
   0.22329E+04   0.80395E+03   0.14785E+01   0.22575E+22
   0.22333E+04   0.80411E+03   0.14787E+01   0.22578E+22
   0.22338E+04   0.80427E+03   0.14789E+01   0.22581E+22
   0.22342E+04   0.80444E+03   0.14791E+01   0.22584E+22
   0.22346E+04   0.80460E+03   0.14793E+01   0.22587E+22
   0.22350E+04   0.80476E+03   0.14795E+01   0.22590E+22
   0.22354E+04   0.80493E+03   0.14797E+01   0.22593E+22
   0.22358E+04   0.80509E+03   0.14799E+01   0.22596E+22
   0.22362E+04   0.80525E+03   0.14801E+01   0.22599E+22
   0.22366E+04   0.80542E+03   0.14803E+01   0.22602E+22
   0.22370E+04   0.80558E+03   0.14805E+01   0.22605E+22
   0.22375E+04   0.80575E+03   0.14807E+01   0.22608E+22
   0.22379E+04   0.80591E+03   0.14809E+01   0.22611E+22
   0.22383E+04   0.80607E+03   0.14811E+01   0.22614E+22
   0.22387E+04   0.80624E+03   0.14813E+01   0.22617E+22
   0.22391E+04   0.80640E+03   0.14815E+01   0.22620E+22
   0.22395E+04   0.80656E+03   0.14817E+01   0.22623E+22
   0.22399E+04   0.80673E+03   0.14819E+01   0.22626E+22
   0.22403E+04   0.80689E+03   0.14821E+01   0.22629E+22
   0.22407E+04   0.80706E+03   0.14823E+01   0.22632E+22
   0.22412E+04   0.80722E+03   0.14825E+01   0.22634E+22
   0.22416E+04   0.80738E+03   0.14827E+01   0.22637E+22
   0.22420E+04   0.80755E+03   0.14829E+01   0.22640E+22
   0.22424E+04   0.80771E+03   0.14831E+01   0.22643E+22
   0.22428E+04   0.80787E+03   0.14833E+01   0.22646E+22
   0.22432E+04   0.80804E+03   0.14835E+01   0.22649E+22
   0.22436E+04   0.80820E+03   0.14837E+01   0.22652E+22
   0.22440E+04   0.80837E+03   0.14839E+01   0.22655E+22
   0.22444E+04   0.80853E+03   0.14841E+01   0.22658E+22
   0.22449E+04   0.80869E+03   0.14843E+01   0.22661E+22
   0.22453E+04   0.80886E+03   0.14845E+01   0.22664E+22
   0.22457E+04   0.80902E+03   0.14847E+01   0.22667E+22
   0.22461E+04   0.80918E+03   0.14849E+01   0.22670E+22
   0.22465E+04   0.80935E+03   0.14851E+01   0.22673E+22
   0.22469E+04   0.80951E+03   0.14853E+01   0.22676E+22
   0.22473E+04   0.80968E+03   0.14855E+01   0.22679E+22
   0.22477E+04   0.80984E+03   0.14857E+01   0.22682E+22
   0.22481E+04   0.81000E+03   0.14859E+01   0.22685E+22
   0.22486E+04   0.81017E+03   0.14861E+01   0.22688E+22
   0.22490E+04   0.81033E+03   0.14863E+01   0.22691E+22
   0.22494E+04   0.81049E+03   0.14865E+01   0.22694E+22
   0.22498E+04   0.81066E+03   0.14867E+01   0.22697E+22
   0.22502E+04   0.81082E+03   0.14869E+01   0.22700E+22
   0.22506E+04   0.81099E+03   0.14871E+01   0.22703E+22
   0.22510E+04   0.81115E+03   0.14873E+01   0.22706E+22
   0.22514E+04   0.81131E+03   0.14875E+01   0.22709E+22
   0.22519E+04   0.81148E+03   0.14877E+01   0.22712E+22
   0.22523E+04   0.81164E+03   0.14879E+01   0.22715E+22
   0.22527E+04   0.81181E+03   0.14881E+01   0.22718E+22
   0.22531E+04   0.81197E+03   0.14883E+01   0.22721E+22
   0.22535E+04   0.81213E+03   0.14885E+01   0.22724E+22
   0.22539E+04   0.81230E+03   0.14887E+01   0.22727E+22
   0.22543E+04   0.81246E+03   0.14889E+01   0.22730E+22
   0.22547E+04   0.81263E+03   0.14891E+01   0.22733E+22
   0.22551E+04   0.81279E+03   0.14893E+01   0.22736E+22
   0.22556E+04   0.81295E+03   0.14895E+01   0.22739E+22
   0.22560E+04   0.81312E+03   0.14897E+01   0.22742E+22
   0.22564E+04   0.81328E+03   0.14899E+01   0.22745E+22
   0.22568E+04   0.81345E+03   0.14901E+01   0.22748E+22
   0.22572E+04   0.81361E+03   0.14903E+01   0.22751E+22
   0.22576E+04   0.81377E+03   0.14905E+01   0.22754E+22
   0.22580E+04   0.81394E+03   0.14907E+01   0.22757E+22
   0.22584E+04   0.81410E+03   0.14909E+01   0.22760E+22
   0.22589E+04   0.81427E+03   0.14911E+01   0.22763E+22
   0.22593E+04   0.81443E+03   0.14913E+01   0.22766E+22
   0.22597E+04   0.81459E+03   0.14915E+01   0.22769E+22
   0.22601E+04   0.81476E+03   0.14917E+01   0.22772E+22
   0.22605E+04   0.81492E+03   0.14919E+01   0.22775E+22
   0.22609E+04   0.81509E+03   0.14921E+01   0.22778E+22
   0.22613E+04   0.81525E+03   0.14923E+01   0.22781E+22
   0.22617E+04   0.81541E+03   0.14925E+01   0.22784E+22
   0.22622E+04   0.81558E+03   0.14927E+01   0.22787E+22
   0.22626E+04   0.81574E+03   0.14929E+01   0.22790E+22
   0.22630E+04   0.81591E+03   0.14931E+01   0.22793E+22
   0.22634E+04   0.81607E+03   0.14933E+01   0.22796E+22
   0.22638E+04   0.81623E+03   0.14935E+01   0.22799E+22
   0.22642E+04   0.81640E+03   0.14937E+01   0.22802E+22
   0.22646E+04   0.81656E+03   0.14939E+01   0.22805E+22
   0.22650E+04   0.81673E+03   0.14941E+01   0.22808E+22
   0.22655E+04   0.81689E+03   0.14943E+01   0.22811E+22
   0.22659E+04   0.81705E+03   0.14945E+01   0.22814E+22
   0.22663E+04   0.81722E+03   0.14947E+01   0.22817E+22
   0.22667E+04   0.81738E+03   0.14949E+01   0.22820E+22
   0.22671E+04   0.81755E+03   0.14951E+01   0.22823E+22
   0.22675E+04   0.81771E+03   0.14953E+01   0.22826E+22
   0.22679E+04   0.81788E+03   0.14955E+01   0.22829E+22
   0.22683E+04   0.81804E+03   0.14957E+01   0.22832E+22
   0.22688E+04   0.81820E+03   0.14959E+01   0.22835E+22
   0.22692E+04   0.81837E+03   0.14961E+01   0.22838E+22
   0.22696E+04   0.81853E+03   0.14963E+01   0.22841E+22
   0.22700E+04   0.81870E+03   0.14965E+01   0.22844E+22
   0.22704E+04   0.81886E+03   0.14967E+01   0.22847E+22
   0.22708E+04   0.81902E+03   0.14969E+01   0.22850E+22
   0.22712E+04   0.81919E+03   0.14971E+01   0.22853E+22
   0.22716E+04   0.81935E+03   0.14973E+01   0.22856E+22
   0.22721E+04   0.81952E+03   0.14975E+01   0.22859E+22
   0.22725E+04   0.81968E+03   0.14977E+01   0.22862E+22
   0.22729E+04   0.81985E+03   0.14979E+01   0.22865E+22
   0.22733E+04   0.82001E+03   0.14981E+01   0.22868E+22
   0.22737E+04   0.82017E+03   0.14983E+01   0.22871E+22
   0.22741E+04   0.82034E+03   0.14985E+01   0.22874E+22
   0.22745E+04   0.82050E+03   0.14987E+01   0.22877E+22
   0.22749E+04   0.82067E+03   0.14989E+01   0.22880E+22
   0.22754E+04   0.82083E+03   0.14991E+01   0.22883E+22
   0.22758E+04   0.82100E+03   0.14993E+01   0.22886E+22
   0.22762E+04   0.82116E+03   0.14995E+01   0.22889E+22
   0.22766E+04   0.82132E+03   0.14997E+01   0.22892E+22
   0.22770E+04   0.82149E+03   0.14999E+01   0.22895E+22
   0.22774E+04   0.82165E+03   0.15001E+01   0.22898E+22
   0.22778E+04   0.82182E+03   0.15003E+01   0.22901E+22
   0.22783E+04   0.82198E+03   0.15005E+01   0.22904E+22
   0.22787E+04   0.82215E+03   0.15007E+01   0.22907E+22
   0.22791E+04   0.82231E+03   0.15009E+01   0.22910E+22
   0.22795E+04   0.82248E+03   0.15011E+01   0.22913E+22
   0.22799E+04   0.82264E+03   0.15013E+01   0.22916E+22
   0.22803E+04   0.82280E+03   0.15015E+01   0.22919E+22
   0.22807E+04   0.82297E+03   0.15017E+01   0.22922E+22
   0.22811E+04   0.82313E+03   0.15019E+01   0.22925E+22
   0.22816E+04   0.82330E+03   0.15021E+01   0.22928E+22
   0.22820E+04   0.82346E+03   0.15023E+01   0.22931E+22
   0.22824E+04   0.82363E+03   0.15025E+01   0.22934E+22
   0.22828E+04   0.82379E+03   0.15027E+01   0.22937E+22
   0.22832E+04   0.82395E+03   0.15029E+01   0.22940E+22
   0.22836E+04   0.82412E+03   0.15031E+01   0.22943E+22
   0.22840E+04   0.82428E+03   0.15033E+01   0.22946E+22
   0.22845E+04   0.82445E+03   0.15035E+01   0.22949E+22
   0.22849E+04   0.82461E+03   0.15037E+01   0.22952E+22
   0.22853E+04   0.82478E+03   0.15039E+01   0.22955E+22
   0.22857E+04   0.82494E+03   0.15041E+01   0.22958E+22
   0.22861E+04   0.82511E+03   0.15043E+01   0.22961E+22
   0.22865E+04   0.82527E+03   0.15045E+01   0.22964E+22
   0.22869E+04   0.82543E+03   0.15047E+01   0.22967E+22
   0.22874E+04   0.82560E+03   0.15049E+01   0.22970E+22
   0.22878E+04   0.82576E+03   0.15051E+01   0.22973E+22
   0.22882E+04   0.82593E+03   0.15053E+01   0.22976E+22
   0.22886E+04   0.82609E+03   0.15055E+01   0.22979E+22
   0.22890E+04   0.82626E+03   0.15057E+01   0.22982E+22
   0.22894E+04   0.82642E+03   0.15059E+01   0.22985E+22
   0.22898E+04   0.82659E+03   0.15061E+01   0.22988E+22
   0.22902E+04   0.82675E+03   0.15063E+01   0.22991E+22
   0.22907E+04   0.82692E+03   0.15065E+01   0.22994E+22
   0.22911E+04   0.82708E+03   0.15067E+01   0.22997E+22
   0.22915E+04   0.82724E+03   0.15069E+01   0.23000E+22
   0.22919E+04   0.82741E+03   0.15071E+01   0.23003E+22
   0.22923E+04   0.82757E+03   0.15073E+01   0.23006E+22
   0.22927E+04   0.82774E+03   0.15075E+01   0.23009E+22
   0.22931E+04   0.82790E+03   0.15077E+01   0.23012E+22
   0.22936E+04   0.82807E+03   0.15079E+01   0.23015E+22
   0.22940E+04   0.82823E+03   0.15081E+01   0.23018E+22
   0.22944E+04   0.82840E+03   0.15083E+01   0.23021E+22
   0.22948E+04   0.82856E+03   0.15085E+01   0.23024E+22
   0.22952E+04   0.82873E+03   0.15087E+01   0.23027E+22
   0.22956E+04   0.82889E+03   0.15089E+01   0.23030E+22
   0.22960E+04   0.82906E+03   0.15091E+01   0.23033E+22
   0.22965E+04   0.82922E+03   0.15093E+01   0.23036E+22
   0.22969E+04   0.82938E+03   0.15095E+01   0.23039E+22
   0.22973E+04   0.82955E+03   0.15097E+01   0.23042E+22
   0.22977E+04   0.82971E+03   0.15099E+01   0.23045E+22
   0.22981E+04   0.82988E+03   0.15101E+01   0.23048E+22
   0.22985E+04   0.83004E+03   0.15103E+01   0.23051E+22
   0.22989E+04   0.83021E+03   0.15105E+01   0.23054E+22
   0.22994E+04   0.83037E+03   0.15107E+01   0.23057E+22
   0.22998E+04   0.83054E+03   0.15109E+01   0.23060E+22
   0.23002E+04   0.83070E+03   0.15111E+01   0.23063E+22
   0.23006E+04   0.83087E+03   0.15113E+01   0.23066E+22
   0.23010E+04   0.83103E+03   0.15115E+01   0.23069E+22
   0.23014E+04   0.83120E+03   0.15117E+01   0.23072E+22
   0.23018E+04   0.83136E+03   0.15119E+01   0.23075E+22
   0.23023E+04   0.83153E+03   0.15121E+01   0.23078E+22
   0.23027E+04   0.83169E+03   0.15123E+01   0.23081E+22
   0.23031E+04   0.83185E+03   0.15125E+01   0.23084E+22
   0.23035E+04   0.83202E+03   0.15127E+01   0.23087E+22
   0.23039E+04   0.83218E+03   0.15129E+01   0.23090E+22
   0.23043E+04   0.83235E+03   0.15131E+01   0.23093E+22
   0.23047E+04   0.83251E+03   0.15133E+01   0.23096E+22
   0.23052E+04   0.83268E+03   0.15135E+01   0.23099E+22
   0.23056E+04   0.83284E+03   0.15137E+01   0.23102E+22
   0.23060E+04   0.83301E+03   0.15139E+01   0.23105E+22
   0.23064E+04   0.83317E+03   0.15141E+01   0.23108E+22
   0.23068E+04   0.83334E+03   0.15143E+01   0.23111E+22
   0.23072E+04   0.83350E+03   0.15145E+01   0.23114E+22
   0.23076E+04   0.83367E+03   0.15147E+01   0.23117E+22
   0.23081E+04   0.83383E+03   0.15149E+01   0.23120E+22
   0.23085E+04   0.83400E+03   0.15151E+01   0.23123E+22
   0.23089E+04   0.83416E+03   0.15153E+01   0.23126E+22
   0.23093E+04   0.83433E+03   0.15155E+01   0.23129E+22
   0.23097E+04   0.83449E+03   0.15157E+01   0.23132E+22
   0.23101E+04   0.83466E+03   0.15159E+01   0.23135E+22
   0.23106E+04   0.83482E+03   0.15161E+01   0.23138E+22
   0.23110E+04   0.83499E+03   0.15163E+01   0.23141E+22
   0.23114E+04   0.83515E+03   0.15165E+01   0.23144E+22
   0.23118E+04   0.83532E+03   0.15167E+01   0.23147E+22
   0.23122E+04   0.83548E+03   0.15169E+01   0.23150E+22
   0.23126E+04   0.83565E+03   0.15171E+01   0.23153E+22
   0.23130E+04   0.83581E+03   0.15173E+01   0.23156E+22
   0.23135E+04   0.83598E+03   0.15175E+01   0.23159E+22
   0.23139E+04   0.83614E+03   0.15177E+01   0.23162E+22
   0.23143E+04   0.83631E+03   0.15179E+01   0.23165E+22
   0.23147E+04   0.83647E+03   0.15181E+01   0.23168E+22
   0.23151E+04   0.83664E+03   0.15183E+01   0.23171E+22
   0.23155E+04   0.83680E+03   0.15185E+01   0.23174E+22
   0.23159E+04   0.83697E+03   0.15187E+01   0.23177E+22
   0.23164E+04   0.83713E+03   0.15189E+01   0.23180E+22
   0.23168E+04   0.83730E+03   0.15191E+01   0.23183E+22
   0.23172E+04   0.83746E+03   0.15193E+01   0.23186E+22
   0.23176E+04   0.83763E+03   0.15195E+01   0.23189E+22
   0.23180E+04   0.83779E+03   0.15197E+01   0.23192E+22
   0.23184E+04   0.83796E+03   0.15199E+01   0.23195E+22
   0.23189E+04   0.83812E+03   0.15201E+01   0.23198E+22
   0.23193E+04   0.83829E+03   0.15203E+01   0.23201E+22
   0.23197E+04   0.83845E+03   0.15205E+01   0.23204E+22
   0.23201E+04   0.83862E+03   0.15207E+01   0.23207E+22
   0.23205E+04   0.83878E+03   0.15209E+01   0.23210E+22
   0.23209E+04   0.83895E+03   0.15211E+01   0.23213E+22
   0.23213E+04   0.83911E+03   0.15213E+01   0.23216E+22
   0.23218E+04   0.83928E+03   0.15215E+01   0.23219E+22
   0.23222E+04   0.83944E+03   0.15217E+01   0.23222E+22
   0.23226E+04   0.83961E+03   0.15219E+01   0.23225E+22
   0.23230E+04   0.83977E+03   0.15221E+01   0.23228E+22
   0.23234E+04   0.83994E+03   0.15223E+01   0.23231E+22
   0.23238E+04   0.84010E+03   0.15225E+01   0.23234E+22
   0.23243E+04   0.84027E+03   0.15227E+01   0.23237E+22
   0.23247E+04   0.84043E+03   0.15229E+01   0.23240E+22
   0.23251E+04   0.84060E+03   0.15231E+01   0.23243E+22
   0.23255E+04   0.84076E+03   0.15233E+01   0.23246E+22
   0.23259E+04   0.84093E+03   0.15235E+01   0.23249E+22
   0.23263E+04   0.84109E+03   0.15237E+01   0.23252E+22
   0.23268E+04   0.84126E+03   0.15239E+01   0.23255E+22
   0.23272E+04   0.84142E+03   0.15241E+01   0.23258E+22
   0.23276E+04   0.84159E+03   0.15243E+01   0.23261E+22
   0.23280E+04   0.84175E+03   0.15245E+01   0.23264E+22
   0.23284E+04   0.84192E+03   0.15247E+01   0.23267E+22
   0.23288E+04   0.84208E+03   0.15249E+01   0.23270E+22
   0.23292E+04   0.84225E+03   0.15251E+01   0.23273E+22
   0.23297E+04   0.84241E+03   0.15253E+01   0.23276E+22
   0.23301E+04   0.84258E+03   0.15255E+01   0.23279E+22
   0.23305E+04   0.84274E+03   0.15257E+01   0.23282E+22
   0.23309E+04   0.84291E+03   0.15259E+01   0.23285E+22
   0.23313E+04   0.84307E+03   0.15261E+01   0.23288E+22
   0.23317E+04   0.84324E+03   0.15263E+01   0.23291E+22
   0.23322E+04   0.84340E+03   0.15265E+01   0.23294E+22
   0.23326E+04   0.84357E+03   0.15267E+01   0.23297E+22
   0.23330E+04   0.84373E+03   0.15269E+01   0.23300E+22
   0.23334E+04   0.84390E+03   0.15271E+01   0.23303E+22
   0.23338E+04   0.84407E+03   0.15273E+01   0.23306E+22
   0.23342E+04   0.84423E+03   0.15275E+01   0.23309E+22
   0.23347E+04   0.84440E+03   0.15277E+01   0.23312E+22
   0.23351E+04   0.84456E+03   0.15279E+01   0.23315E+22
   0.23355E+04   0.84473E+03   0.15281E+01   0.23318E+22
   0.23359E+04   0.84489E+03   0.15283E+01   0.23321E+22
   0.23363E+04   0.84506E+03   0.15285E+01   0.23324E+22
   0.23367E+04   0.84522E+03   0.15287E+01   0.23327E+22
   0.23372E+04   0.84539E+03   0.15289E+01   0.23330E+22
   0.23376E+04   0.84555E+03   0.15291E+01   0.23333E+22
   0.23380E+04   0.84572E+03   0.15293E+01   0.23336E+22
   0.23384E+04   0.84588E+03   0.15295E+01   0.23339E+22
   0.23388E+04   0.84605E+03   0.15297E+01   0.23342E+22
   0.23392E+04   0.84621E+03   0.15299E+01   0.23345E+22
   0.23396E+04   0.84638E+03   0.15301E+01   0.23348E+22
   0.23401E+04   0.84654E+03   0.15303E+01   0.23351E+22
   0.23405E+04   0.84671E+03   0.15305E+01   0.23354E+22
   0.23409E+04   0.84688E+03   0.15307E+01   0.23357E+22
   0.23413E+04   0.84704E+03   0.15309E+01   0.23360E+22
   0.23417E+04   0.84721E+03   0.15311E+01   0.23363E+22
   0.23421E+04   0.84737E+03   0.15313E+01   0.23366E+22
   0.23426E+04   0.84754E+03   0.15315E+01   0.23369E+22
   0.23430E+04   0.84770E+03   0.15317E+01   0.23372E+22
   0.23434E+04   0.84787E+03   0.15319E+01   0.23375E+22
   0.23438E+04   0.84803E+03   0.15321E+01   0.23378E+22
   0.23442E+04   0.84820E+03   0.15323E+01   0.23381E+22
   0.23446E+04   0.84836E+03   0.15325E+01   0.23384E+22
   0.23451E+04   0.84853E+03   0.15327E+01   0.23387E+22
   0.23455E+04   0.84869E+03   0.15329E+01   0.23390E+22
   0.23459E+04   0.84886E+03   0.15331E+01   0.23393E+22
   0.23463E+04   0.84903E+03   0.15333E+01   0.23396E+22
   0.23467E+04   0.84919E+03   0.15335E+01   0.23399E+22
   0.23471E+04   0.84936E+03   0.15337E+01   0.23402E+22
   0.23476E+04   0.84952E+03   0.15339E+01   0.23405E+22
   0.23480E+04   0.84969E+03   0.15341E+01   0.23408E+22
   0.23484E+04   0.84985E+03   0.15343E+01   0.23411E+22
   0.23488E+04   0.85002E+03   0.15345E+01   0.23414E+22
   0.23492E+04   0.85018E+03   0.15347E+01   0.23417E+22
   0.23497E+04   0.85035E+03   0.15349E+01   0.23420E+22
   0.23501E+04   0.85052E+03   0.15351E+01   0.23423E+22
   0.23505E+04   0.85068E+03   0.15353E+01   0.23426E+22
   0.23509E+04   0.85085E+03   0.15355E+01   0.23429E+22
   0.23513E+04   0.85101E+03   0.15357E+01   0.23432E+22
   0.23517E+04   0.85118E+03   0.15359E+01   0.23435E+22
   0.23522E+04   0.85134E+03   0.15361E+01   0.23438E+22
   0.23526E+04   0.85151E+03   0.15363E+01   0.23441E+22
   0.23530E+04   0.85167E+03   0.15365E+01   0.23444E+22
   0.23534E+04   0.85184E+03   0.15367E+01   0.23447E+22
   0.23538E+04   0.85201E+03   0.15369E+01   0.23450E+22
   0.23542E+04   0.85217E+03   0.15371E+01   0.23453E+22
   0.23547E+04   0.85234E+03   0.15373E+01   0.23456E+22
   0.23551E+04   0.85250E+03   0.15375E+01   0.23459E+22
   0.23555E+04   0.85267E+03   0.15377E+01   0.23462E+22
   0.23559E+04   0.85283E+03   0.15379E+01   0.23465E+22
   0.23563E+04   0.85300E+03   0.15381E+01   0.23468E+22
   0.23567E+04   0.85316E+03   0.15383E+01   0.23471E+22
   0.23572E+04   0.85333E+03   0.15385E+01   0.23474E+22
   0.23576E+04   0.85350E+03   0.15387E+01   0.23477E+22
   0.23580E+04   0.85366E+03   0.15389E+01   0.23480E+22
   0.23584E+04   0.85383E+03   0.15391E+01   0.23483E+22
   0.23588E+04   0.85399E+03   0.15393E+01   0.23486E+22
   0.23592E+04   0.85416E+03   0.15395E+01   0.23489E+22
   0.23597E+04   0.85432E+03   0.15397E+01   0.23492E+22
   0.23601E+04   0.85449E+03   0.15399E+01   0.23495E+22
   0.23605E+04   0.85466E+03   0.15401E+01   0.23498E+22
   0.23609E+04   0.85482E+03   0.15403E+01   0.23501E+22
   0.23613E+04   0.85499E+03   0.15405E+01   0.23504E+22
   0.23618E+04   0.85515E+03   0.15407E+01   0.23507E+22
   0.23622E+04   0.85532E+03   0.15409E+01   0.23510E+22
   0.23626E+04   0.85548E+03   0.15411E+01   0.23513E+22
   0.23630E+04   0.85565E+03   0.15413E+01   0.23516E+22
   0.23634E+04   0.85582E+03   0.15415E+01   0.23519E+22
   0.23638E+04   0.85598E+03   0.15417E+01   0.23522E+22
   0.23643E+04   0.85615E+03   0.15419E+01   0.23525E+22
   0.23647E+04   0.85631E+03   0.15421E+01   0.23528E+22
   0.23651E+04   0.85648E+03   0.15423E+01   0.23531E+22
   0.23655E+04   0.85664E+03   0.15425E+01   0.23534E+22
   0.23659E+04   0.85681E+03   0.15427E+01   0.23537E+22
   0.23663E+04   0.85698E+03   0.15429E+01   0.23540E+22
   0.23668E+04   0.85714E+03   0.15431E+01   0.23543E+22
   0.23672E+04   0.85731E+03   0.15433E+01   0.23546E+22
   0.23676E+04   0.85747E+03   0.15435E+01   0.23549E+22
   0.23680E+04   0.85764E+03   0.15437E+01   0.23552E+22
   0.23684E+04   0.85780E+03   0.15439E+01   0.23555E+22
   0.23689E+04   0.85797E+03   0.15441E+01   0.23558E+22
   0.23693E+04   0.85814E+03   0.15443E+01   0.23561E+22
   0.23697E+04   0.85830E+03   0.15445E+01   0.23564E+22
   0.23701E+04   0.85847E+03   0.15447E+01   0.23567E+22
   0.23705E+04   0.85863E+03   0.15449E+01   0.23570E+22
   0.23709E+04   0.85880E+03   0.15451E+01   0.23573E+22
   0.23714E+04   0.85897E+03   0.15453E+01   0.23576E+22
   0.23718E+04   0.85913E+03   0.15455E+01   0.23579E+22
   0.23722E+04   0.85930E+03   0.15457E+01   0.23582E+22
   0.23726E+04   0.85946E+03   0.15459E+01   0.23585E+22
   0.23730E+04   0.85963E+03   0.15461E+01   0.23588E+22
   0.23735E+04   0.85979E+03   0.15463E+01   0.23591E+22
   0.23739E+04   0.85996E+03   0.15465E+01   0.23594E+22
   0.23743E+04   0.86013E+03   0.15467E+01   0.23597E+22
   0.23747E+04   0.86029E+03   0.15469E+01   0.23600E+22
   0.23751E+04   0.86046E+03   0.15471E+01   0.23603E+22
   0.23755E+04   0.86062E+03   0.15473E+01   0.23606E+22
   0.23760E+04   0.86079E+03   0.15475E+01   0.23609E+22
   0.23764E+04   0.86096E+03   0.15477E+01   0.23612E+22
   0.23768E+04   0.86112E+03   0.15479E+01   0.23615E+22
   0.23772E+04   0.86129E+03   0.15481E+01   0.23618E+22
   0.23776E+04   0.86145E+03   0.15483E+01   0.23621E+22
   0.23781E+04   0.86162E+03   0.15485E+01   0.23624E+22
   0.23785E+04   0.86179E+03   0.15487E+01   0.23627E+22
   0.23789E+04   0.86195E+03   0.15489E+01   0.23630E+22
   0.23793E+04   0.86212E+03   0.15491E+01   0.23633E+22
   0.23797E+04   0.86228E+03   0.15493E+01   0.23636E+22
   0.23801E+04   0.86245E+03   0.15495E+01   0.23639E+22
   0.23806E+04   0.86262E+03   0.15497E+01   0.23642E+22
   0.23810E+04   0.86278E+03   0.15499E+01   0.23645E+22
   0.23814E+04   0.86295E+03   0.15501E+01   0.23648E+22
   0.23818E+04   0.86311E+03   0.15503E+01   0.23651E+22
   0.23822E+04   0.86328E+03   0.15505E+01   0.23654E+22
   0.23827E+04   0.86345E+03   0.15507E+01   0.23657E+22
   0.23831E+04   0.86361E+03   0.15509E+01   0.23660E+22
   0.23835E+04   0.86378E+03   0.15511E+01   0.23663E+22
   0.23839E+04   0.86394E+03   0.15513E+01   0.23666E+22
   0.23843E+04   0.86411E+03   0.15515E+01   0.23669E+22
   0.23848E+04   0.86428E+03   0.15517E+01   0.23672E+22
   0.23852E+04   0.86444E+03   0.15519E+01   0.23675E+22
   0.23856E+04   0.86461E+03   0.15521E+01   0.23678E+22
   0.23860E+04   0.86477E+03   0.15523E+01   0.23681E+22
   0.23864E+04   0.86494E+03   0.15525E+01   0.23684E+22
   0.23868E+04   0.86511E+03   0.15527E+01   0.23687E+22
   0.23873E+04   0.86527E+03   0.15529E+01   0.23690E+22
   0.23877E+04   0.86544E+03   0.15531E+01   0.23693E+22
   0.23881E+04   0.86561E+03   0.15533E+01   0.23696E+22
   0.23885E+04   0.86577E+03   0.15535E+01   0.23699E+22
   0.23889E+04   0.86594E+03   0.15537E+01   0.23702E+22
   0.23894E+04   0.86610E+03   0.15539E+01   0.23705E+22
   0.23898E+04   0.86627E+03   0.15541E+01   0.23708E+22
   0.23902E+04   0.86644E+03   0.15543E+01   0.23711E+22
   0.23906E+04   0.86660E+03   0.15545E+01   0.23714E+22
   0.23910E+04   0.86677E+03   0.15547E+01   0.23717E+22
   0.23915E+04   0.86693E+03   0.15549E+01   0.23720E+22
   0.23919E+04   0.86710E+03   0.15551E+01   0.23723E+22
   0.23923E+04   0.86727E+03   0.15553E+01   0.23726E+22
   0.23927E+04   0.86743E+03   0.15555E+01   0.23729E+22
   0.23931E+04   0.86760E+03   0.15557E+01   0.23732E+22
   0.23935E+04   0.86777E+03   0.15559E+01   0.23735E+22
   0.23940E+04   0.86793E+03   0.15561E+01   0.23738E+22
   0.23944E+04   0.86810E+03   0.15563E+01   0.23741E+22
   0.23948E+04   0.86826E+03   0.15565E+01   0.23744E+22
   0.23952E+04   0.86843E+03   0.15567E+01   0.23747E+22
   0.23956E+04   0.86860E+03   0.15569E+01   0.23750E+22
   0.23961E+04   0.86876E+03   0.15571E+01   0.23753E+22
   0.23965E+04   0.86893E+03   0.15573E+01   0.23756E+22
   0.23969E+04   0.86910E+03   0.15575E+01   0.23759E+22
   0.23973E+04   0.86926E+03   0.15577E+01   0.23762E+22
   0.23977E+04   0.86943E+03   0.15579E+01   0.23765E+22
   0.23982E+04   0.86959E+03   0.15581E+01   0.23768E+22
   0.23986E+04   0.86976E+03   0.15583E+01   0.23771E+22
   0.23990E+04   0.86993E+03   0.15585E+01   0.23774E+22
   0.23994E+04   0.87009E+03   0.15587E+01   0.23777E+22
   0.23998E+04   0.87026E+03   0.15589E+01   0.23780E+22
   0.24003E+04   0.87043E+03   0.15591E+01   0.23783E+22
   0.24007E+04   0.87059E+03   0.15593E+01   0.23786E+22
   0.24011E+04   0.87076E+03   0.15595E+01   0.23789E+22
   0.24015E+04   0.87092E+03   0.15597E+01   0.23792E+22
   0.24019E+04   0.87109E+03   0.15599E+01   0.23795E+22
   0.24024E+04   0.87126E+03   0.15601E+01   0.23798E+22
   0.24028E+04   0.87142E+03   0.15603E+01   0.23801E+22
   0.24032E+04   0.87159E+03   0.15605E+01   0.23804E+22
   0.24036E+04   0.87176E+03   0.15607E+01   0.23807E+22
   0.24040E+04   0.87192E+03   0.15609E+01   0.23810E+22
   0.24045E+04   0.87209E+03   0.15611E+01   0.23813E+22
   0.24049E+04   0.87226E+03   0.15613E+01   0.23816E+22
   0.24053E+04   0.87242E+03   0.15615E+01   0.23819E+22
   0.24057E+04   0.87259E+03   0.15617E+01   0.23822E+22
   0.24061E+04   0.87275E+03   0.15619E+01   0.23825E+22
   0.24066E+04   0.87292E+03   0.15621E+01   0.23828E+22
   0.24070E+04   0.87309E+03   0.15623E+01   0.23831E+22
   0.24074E+04   0.87325E+03   0.15625E+01   0.23835E+22
   0.24078E+04   0.87342E+03   0.15627E+01   0.23838E+22
   0.24082E+04   0.87359E+03   0.15629E+01   0.23841E+22
   0.24087E+04   0.87375E+03   0.15631E+01   0.23844E+22
   0.24091E+04   0.87392E+03   0.15633E+01   0.23847E+22
   0.24095E+04   0.87409E+03   0.15635E+01   0.23850E+22
   0.24099E+04   0.87425E+03   0.15637E+01   0.23853E+22
   0.24103E+04   0.87442E+03   0.15639E+01   0.23856E+22
   0.24108E+04   0.87459E+03   0.15641E+01   0.23859E+22
   0.24112E+04   0.87475E+03   0.15643E+01   0.23862E+22
   0.24116E+04   0.87492E+03   0.15645E+01   0.23865E+22
   0.24120E+04   0.87509E+03   0.15647E+01   0.23868E+22
   0.24124E+04   0.87525E+03   0.15649E+01   0.23871E+22
   0.24129E+04   0.87542E+03   0.15651E+01   0.23874E+22
   0.24133E+04   0.87558E+03   0.15653E+01   0.23877E+22
   0.24137E+04   0.87575E+03   0.15655E+01   0.23880E+22
   0.24141E+04   0.87592E+03   0.15657E+01   0.23883E+22
   0.24145E+04   0.87608E+03   0.15659E+01   0.23886E+22
   0.24150E+04   0.87625E+03   0.15661E+01   0.23889E+22
   0.24154E+04   0.87642E+03   0.15663E+01   0.23892E+22
   0.24158E+04   0.87658E+03   0.15665E+01   0.23895E+22
   0.24162E+04   0.87675E+03   0.15667E+01   0.23898E+22
   0.24166E+04   0.87692E+03   0.15669E+01   0.23901E+22
   0.24171E+04   0.87708E+03   0.15671E+01   0.23904E+22
   0.24175E+04   0.87725E+03   0.15673E+01   0.23907E+22
   0.24179E+04   0.87742E+03   0.15675E+01   0.23910E+22
   0.24183E+04   0.87758E+03   0.15677E+01   0.23913E+22
   0.24187E+04   0.87775E+03   0.15679E+01   0.23916E+22
   0.24192E+04   0.87792E+03   0.15681E+01   0.23919E+22
   0.24196E+04   0.87808E+03   0.15683E+01   0.23922E+22
   0.24200E+04   0.87825E+03   0.15685E+01   0.23925E+22
   0.24204E+04   0.87842E+03   0.15687E+01   0.23928E+22
   0.24208E+04   0.87858E+03   0.15689E+01   0.23931E+22
   0.24213E+04   0.87875E+03   0.15691E+01   0.23934E+22
   0.24217E+04   0.87892E+03   0.15693E+01   0.23937E+22
   0.24221E+04   0.87908E+03   0.15695E+01   0.23940E+22
   0.24225E+04   0.87925E+03   0.15697E+01   0.23943E+22
   0.24229E+04   0.87942E+03   0.15699E+01   0.23946E+22
   0.24234E+04   0.87958E+03   0.15701E+01   0.23949E+22
   0.24238E+04   0.87975E+03   0.15703E+01   0.23952E+22
   0.24242E+04   0.87992E+03   0.15705E+01   0.23955E+22
   0.24246E+04   0.88008E+03   0.15707E+01   0.23958E+22
   0.24250E+04   0.88025E+03   0.15709E+01   0.23961E+22
   0.24255E+04   0.88042E+03   0.15711E+01   0.23964E+22
   0.24259E+04   0.88058E+03   0.15713E+01   0.23967E+22
   0.24263E+04   0.88075E+03   0.15715E+01   0.23970E+22
   0.24267E+04   0.88092E+03   0.15717E+01   0.23973E+22
   0.24272E+04   0.88108E+03   0.15719E+01   0.23976E+22
   0.24276E+04   0.88125E+03   0.15721E+01   0.23979E+22
   0.24280E+04   0.88142E+03   0.15723E+01   0.23982E+22
   0.24284E+04   0.88158E+03   0.15725E+01   0.23985E+22
   0.24288E+04   0.88175E+03   0.15727E+01   0.23988E+22
   0.24293E+04   0.88192E+03   0.15729E+01   0.23991E+22
   0.24297E+04   0.88208E+03   0.15731E+01   0.23994E+22
   0.24301E+04   0.88225E+03   0.15733E+01   0.23997E+22
   0.24305E+04   0.88242E+03   0.15735E+01   0.24000E+22
   0.24309E+04   0.88258E+03   0.15737E+01   0.24003E+22
   0.24314E+04   0.88275E+03   0.15739E+01   0.24006E+22
   0.24318E+04   0.88292E+03   0.15741E+01   0.24009E+22
   0.24322E+04   0.88309E+03   0.15743E+01   0.24012E+22
   0.24326E+04   0.88325E+03   0.15745E+01   0.24015E+22
   0.24330E+04   0.88342E+03   0.15747E+01   0.24018E+22
   0.24335E+04   0.88359E+03   0.15749E+01   0.24021E+22
   0.24339E+04   0.88375E+03   0.15751E+01   0.24024E+22
   0.24343E+04   0.88392E+03   0.15753E+01   0.24027E+22
   0.24347E+04   0.88409E+03   0.15755E+01   0.24030E+22
   0.24352E+04   0.88425E+03   0.15757E+01   0.24033E+22
   0.24356E+04   0.88442E+03   0.15759E+01   0.24036E+22
   0.24360E+04   0.88459E+03   0.15761E+01   0.24039E+22
   0.24364E+04   0.88475E+03   0.15763E+01   0.24042E+22
   0.24368E+04   0.88492E+03   0.15765E+01   0.24045E+22
   0.24373E+04   0.88509E+03   0.15767E+01   0.24048E+22
   0.24377E+04   0.88525E+03   0.15769E+01   0.24051E+22
   0.24381E+04   0.88542E+03   0.15771E+01   0.24054E+22
   0.24385E+04   0.88559E+03   0.15773E+01   0.24057E+22
   0.24389E+04   0.88576E+03   0.15775E+01   0.24060E+22
   0.24394E+04   0.88592E+03   0.15777E+01   0.24063E+22
   0.24398E+04   0.88609E+03   0.15779E+01   0.24066E+22
   0.24402E+04   0.88626E+03   0.15781E+01   0.24069E+22
   0.24406E+04   0.88642E+03   0.15783E+01   0.24072E+22
   0.24411E+04   0.88659E+03   0.15785E+01   0.24075E+22
   0.24415E+04   0.88676E+03   0.15787E+01   0.24078E+22
   0.24419E+04   0.88692E+03   0.15789E+01   0.24081E+22
   0.24423E+04   0.88709E+03   0.15791E+01   0.24084E+22
   0.24427E+04   0.88726E+03   0.15793E+01   0.24087E+22
   0.24432E+04   0.88742E+03   0.15795E+01   0.24090E+22
   0.24436E+04   0.88759E+03   0.15797E+01   0.24093E+22
   0.24440E+04   0.88776E+03   0.15799E+01   0.24096E+22
   0.24444E+04   0.88793E+03   0.15801E+01   0.24099E+22
   0.24449E+04   0.88809E+03   0.15803E+01   0.24102E+22
   0.24453E+04   0.88826E+03   0.15805E+01   0.24105E+22
   0.24457E+04   0.88843E+03   0.15807E+01   0.24108E+22
   0.24461E+04   0.88859E+03   0.15809E+01   0.24111E+22
   0.24465E+04   0.88876E+03   0.15811E+01   0.24114E+22
   0.24470E+04   0.88893E+03   0.15813E+01   0.24117E+22
   0.24474E+04   0.88910E+03   0.15815E+01   0.24120E+22
   0.24478E+04   0.88926E+03   0.15817E+01   0.24123E+22
   0.24482E+04   0.88943E+03   0.15819E+01   0.24126E+22
   0.24486E+04   0.88960E+03   0.15821E+01   0.24129E+22
   0.24491E+04   0.88976E+03   0.15823E+01   0.24132E+22
   0.24495E+04   0.88993E+03   0.15825E+01   0.24135E+22
   0.24499E+04   0.89010E+03   0.15827E+01   0.24138E+22
   0.24503E+04   0.89026E+03   0.15829E+01   0.24141E+22
   0.24508E+04   0.89043E+03   0.15831E+01   0.24144E+22
   0.24512E+04   0.89060E+03   0.15833E+01   0.24147E+22
   0.24516E+04   0.89077E+03   0.15835E+01   0.24150E+22
   0.24520E+04   0.89093E+03   0.15837E+01   0.24153E+22
   0.24524E+04   0.89110E+03   0.15839E+01   0.24156E+22
   0.24529E+04   0.89127E+03   0.15841E+01   0.24159E+22
   0.24533E+04   0.89143E+03   0.15843E+01   0.24162E+22
   0.24537E+04   0.89160E+03   0.15845E+01   0.24165E+22
   0.24541E+04   0.89177E+03   0.15847E+01   0.24168E+22
   0.24546E+04   0.89194E+03   0.15849E+01   0.24171E+22
   0.24550E+04   0.89210E+03   0.15851E+01   0.24174E+22
   0.24554E+04   0.89227E+03   0.15853E+01   0.24177E+22
   0.24558E+04   0.89244E+03   0.15855E+01   0.24181E+22
   0.24562E+04   0.89260E+03   0.15857E+01   0.24184E+22
   0.24567E+04   0.89277E+03   0.15859E+01   0.24187E+22
   0.24571E+04   0.89294E+03   0.15861E+01   0.24190E+22
   0.24575E+04   0.89311E+03   0.15863E+01   0.24193E+22
   0.24579E+04   0.89327E+03   0.15865E+01   0.24196E+22
   0.24584E+04   0.89344E+03   0.15867E+01   0.24199E+22
   0.24588E+04   0.89361E+03   0.15869E+01   0.24202E+22
   0.24592E+04   0.89378E+03   0.15871E+01   0.24205E+22
   0.24596E+04   0.89394E+03   0.15873E+01   0.24208E+22
   0.24600E+04   0.89411E+03   0.15875E+01   0.24211E+22
   0.24605E+04   0.89428E+03   0.15877E+01   0.24214E+22
   0.24609E+04   0.89444E+03   0.15879E+01   0.24217E+22
   0.24613E+04   0.89461E+03   0.15881E+01   0.24220E+22
   0.24617E+04   0.89478E+03   0.15883E+01   0.24223E+22
   0.24622E+04   0.89495E+03   0.15885E+01   0.24226E+22
   0.24626E+04   0.89511E+03   0.15887E+01   0.24229E+22
   0.24630E+04   0.89528E+03   0.15889E+01   0.24232E+22
   0.24634E+04   0.89545E+03   0.15891E+01   0.24235E+22
   0.24639E+04   0.89562E+03   0.15893E+01   0.24238E+22
   0.24643E+04   0.89578E+03   0.15895E+01   0.24241E+22
   0.24647E+04   0.89595E+03   0.15897E+01   0.24244E+22
   0.24651E+04   0.89612E+03   0.15899E+01   0.24247E+22
   0.24655E+04   0.89628E+03   0.15901E+01   0.24250E+22
   0.24660E+04   0.89645E+03   0.15903E+01   0.24253E+22
   0.24664E+04   0.89662E+03   0.15905E+01   0.24256E+22
   0.24668E+04   0.89679E+03   0.15907E+01   0.24259E+22
   0.24672E+04   0.89695E+03   0.15909E+01   0.24262E+22
   0.24677E+04   0.89712E+03   0.15911E+01   0.24265E+22
   0.24681E+04   0.89729E+03   0.15913E+01   0.24268E+22
   0.24685E+04   0.89746E+03   0.15915E+01   0.24271E+22
   0.24689E+04   0.89762E+03   0.15917E+01   0.24274E+22
   0.24694E+04   0.89779E+03   0.15919E+01   0.24277E+22
   0.24698E+04   0.89796E+03   0.15921E+01   0.24280E+22
   0.24702E+04   0.89813E+03   0.15923E+01   0.24283E+22
   0.24706E+04   0.89829E+03   0.15925E+01   0.24286E+22
   0.24710E+04   0.89846E+03   0.15927E+01   0.24289E+22
   0.24715E+04   0.89863E+03   0.15929E+01   0.24292E+22
   0.24719E+04   0.89880E+03   0.15931E+01   0.24295E+22
   0.24723E+04   0.89896E+03   0.15933E+01   0.24298E+22
   0.24727E+04   0.89913E+03   0.15935E+01   0.24301E+22
   0.24732E+04   0.89930E+03   0.15937E+01   0.24304E+22
   0.24736E+04   0.89947E+03   0.15939E+01   0.24307E+22
   0.24740E+04   0.89963E+03   0.15941E+01   0.24310E+22
   0.24744E+04   0.89980E+03   0.15943E+01   0.24313E+22
   0.24749E+04   0.89997E+03   0.15945E+01   0.24316E+22
   0.24753E+04   0.90014E+03   0.15947E+01   0.24319E+22
   0.24757E+04   0.90030E+03   0.15949E+01   0.24322E+22
   0.24761E+04   0.90047E+03   0.15951E+01   0.24325E+22
   0.24765E+04   0.90064E+03   0.15953E+01   0.24328E+22
   0.24770E+04   0.90081E+03   0.15955E+01   0.24331E+22
   0.24774E+04   0.90097E+03   0.15957E+01   0.24334E+22
   0.24778E+04   0.90114E+03   0.15959E+01   0.24337E+22
   0.24782E+04   0.90131E+03   0.15961E+01   0.24340E+22
   0.24787E+04   0.90148E+03   0.15963E+01   0.24343E+22
   0.24791E+04   0.90164E+03   0.15965E+01   0.24346E+22
   0.24795E+04   0.90181E+03   0.15967E+01   0.24349E+22
   0.24799E+04   0.90198E+03   0.15969E+01   0.24352E+22
   0.24804E+04   0.90215E+03   0.15971E+01   0.24355E+22
   0.24808E+04   0.90231E+03   0.15973E+01   0.24358E+22
   0.24812E+04   0.90248E+03   0.15975E+01   0.24361E+22
   0.24816E+04   0.90265E+03   0.15977E+01   0.24364E+22
   0.24821E+04   0.90282E+03   0.15979E+01   0.24367E+22
   0.24825E+04   0.90298E+03   0.15981E+01   0.24370E+22
   0.24829E+04   0.90315E+03   0.15983E+01   0.24373E+22
   0.24833E+04   0.90332E+03   0.15985E+01   0.24376E+22
   0.24837E+04   0.90349E+03   0.15987E+01   0.24379E+22
   0.24842E+04   0.90365E+03   0.15989E+01   0.24382E+22
   0.24846E+04   0.90382E+03   0.15991E+01   0.24385E+22
   0.24850E+04   0.90399E+03   0.15993E+01   0.24388E+22
   0.24854E+04   0.90416E+03   0.15995E+01   0.24391E+22
   0.24859E+04   0.90432E+03   0.15997E+01   0.24394E+22
   0.24863E+04   0.90449E+03   0.15999E+01   0.24397E+22
   0.24867E+04   0.90466E+03   0.16001E+01   0.24400E+22
   0.24871E+04   0.90483E+03   0.16003E+01   0.24403E+22
   0.24876E+04   0.90500E+03   0.16005E+01   0.24406E+22
   0.24880E+04   0.90516E+03   0.16007E+01   0.24409E+22
   0.24884E+04   0.90533E+03   0.16009E+01   0.24412E+22
   0.24888E+04   0.90550E+03   0.16011E+01   0.24415E+22
   0.24893E+04   0.90567E+03   0.16013E+01   0.24418E+22
   0.24897E+04   0.90583E+03   0.16015E+01   0.24421E+22
   0.24901E+04   0.90600E+03   0.16017E+01   0.24424E+22
   0.24905E+04   0.90617E+03   0.16019E+01   0.24427E+22
   0.24910E+04   0.90634E+03   0.16021E+01   0.24430E+22
   0.24914E+04   0.90650E+03   0.16023E+01   0.24433E+22
   0.24918E+04   0.90667E+03   0.16025E+01   0.24437E+22
   0.24922E+04   0.90684E+03   0.16027E+01   0.24440E+22
   0.24926E+04   0.90701E+03   0.16029E+01   0.24443E+22
   0.24931E+04   0.90718E+03   0.16031E+01   0.24446E+22
   0.24935E+04   0.90734E+03   0.16033E+01   0.24449E+22
   0.24939E+04   0.90751E+03   0.16035E+01   0.24452E+22
   0.24943E+04   0.90768E+03   0.16037E+01   0.24455E+22
   0.24948E+04   0.90785E+03   0.16039E+01   0.24458E+22
   0.24952E+04   0.90801E+03   0.16041E+01   0.24461E+22
   0.24956E+04   0.90818E+03   0.16043E+01   0.24464E+22
   0.24960E+04   0.90835E+03   0.16045E+01   0.24467E+22
   0.24965E+04   0.90852E+03   0.16047E+01   0.24470E+22
   0.24969E+04   0.90869E+03   0.16049E+01   0.24473E+22
   0.24973E+04   0.90885E+03   0.16051E+01   0.24476E+22
   0.24977E+04   0.90902E+03   0.16053E+01   0.24479E+22
   0.24982E+04   0.90919E+03   0.16055E+01   0.24482E+22
   0.24986E+04   0.90936E+03   0.16057E+01   0.24485E+22
   0.24990E+04   0.90953E+03   0.16059E+01   0.24488E+22
   0.24994E+04   0.90969E+03   0.16061E+01   0.24491E+22
   0.24999E+04   0.90986E+03   0.16063E+01   0.24494E+22
   0.25003E+04   0.91003E+03   0.16065E+01   0.24497E+22
   0.25007E+04   0.91020E+03   0.16067E+01   0.24500E+22
   0.25011E+04   0.91036E+03   0.16069E+01   0.24503E+22
   0.25016E+04   0.91053E+03   0.16071E+01   0.24506E+22
   0.25020E+04   0.91070E+03   0.16073E+01   0.24509E+22
   0.25024E+04   0.91087E+03   0.16075E+01   0.24512E+22
   0.25028E+04   0.91104E+03   0.16077E+01   0.24515E+22
   0.25033E+04   0.91120E+03   0.16079E+01   0.24518E+22
   0.25037E+04   0.91137E+03   0.16081E+01   0.24521E+22
   0.25041E+04   0.91154E+03   0.16083E+01   0.24524E+22
   0.25045E+04   0.91171E+03   0.16085E+01   0.24527E+22
   0.25050E+04   0.91188E+03   0.16087E+01   0.24530E+22
   0.25054E+04   0.91204E+03   0.16089E+01   0.24533E+22
   0.25058E+04   0.91221E+03   0.16091E+01   0.24536E+22
   0.25062E+04   0.91238E+03   0.16093E+01   0.24539E+22
   0.25067E+04   0.91255E+03   0.16095E+01   0.24542E+22
   0.25071E+04   0.91272E+03   0.16097E+01   0.24545E+22
   0.25075E+04   0.91288E+03   0.16099E+01   0.24548E+22
   0.25079E+04   0.91305E+03   0.16101E+01   0.24551E+22
   0.25084E+04   0.91322E+03   0.16103E+01   0.24554E+22
   0.25088E+04   0.91339E+03   0.16105E+01   0.24557E+22
   0.25092E+04   0.91356E+03   0.16107E+01   0.24560E+22
   0.25096E+04   0.91372E+03   0.16109E+01   0.24563E+22
   0.25101E+04   0.91389E+03   0.16111E+01   0.24566E+22
   0.25105E+04   0.91406E+03   0.16113E+01   0.24569E+22
   0.25109E+04   0.91423E+03   0.16115E+01   0.24572E+22
   0.25113E+04   0.91440E+03   0.16117E+01   0.24575E+22
   0.25118E+04   0.91456E+03   0.16119E+01   0.24578E+22
   0.25122E+04   0.91473E+03   0.16121E+01   0.24581E+22
   0.25126E+04   0.91490E+03   0.16123E+01   0.24584E+22
   0.25130E+04   0.91507E+03   0.16125E+01   0.24587E+22
   0.25135E+04   0.91524E+03   0.16127E+01   0.24590E+22
   0.25139E+04   0.91540E+03   0.16129E+01   0.24593E+22
   0.25143E+04   0.91557E+03   0.16131E+01   0.24596E+22
   0.25147E+04   0.91574E+03   0.16133E+01   0.24599E+22
   0.25152E+04   0.91591E+03   0.16135E+01   0.24602E+22
   0.25156E+04   0.91608E+03   0.16137E+01   0.24605E+22
   0.25160E+04   0.91624E+03   0.16139E+01   0.24608E+22
   0.25164E+04   0.91641E+03   0.16141E+01   0.24611E+22
   0.25169E+04   0.91658E+03   0.16143E+01   0.24614E+22
   0.25173E+04   0.91675E+03   0.16145E+01   0.24617E+22
   0.25177E+04   0.91692E+03   0.16147E+01   0.24620E+22
   0.25181E+04   0.91709E+03   0.16149E+01   0.24623E+22
   0.25186E+04   0.91725E+03   0.16151E+01   0.24626E+22
   0.25190E+04   0.91742E+03   0.16153E+01   0.24629E+22
   0.25194E+04   0.91759E+03   0.16155E+01   0.24632E+22
   0.25198E+04   0.91776E+03   0.16157E+01   0.24635E+22
   0.25203E+04   0.91793E+03   0.16159E+01   0.24638E+22
   0.25207E+04   0.91809E+03   0.16161E+01   0.24641E+22
   0.25211E+04   0.91826E+03   0.16163E+01   0.24644E+22
   0.25215E+04   0.91843E+03   0.16165E+01   0.24647E+22
   0.25220E+04   0.91860E+03   0.16167E+01   0.24651E+22
   0.25224E+04   0.91877E+03   0.16169E+01   0.24654E+22
   0.25228E+04   0.91894E+03   0.16171E+01   0.24657E+22
   0.25232E+04   0.91910E+03   0.16173E+01   0.24660E+22
   0.25237E+04   0.91927E+03   0.16175E+01   0.24663E+22
   0.25241E+04   0.91944E+03   0.16177E+01   0.24666E+22
   0.25245E+04   0.91961E+03   0.16179E+01   0.24669E+22
   0.25249E+04   0.91978E+03   0.16181E+01   0.24672E+22
   0.25254E+04   0.91994E+03   0.16183E+01   0.24675E+22
   0.25258E+04   0.92011E+03   0.16185E+01   0.24678E+22
   0.25262E+04   0.92028E+03   0.16187E+01   0.24681E+22
   0.25266E+04   0.92045E+03   0.16189E+01   0.24684E+22
   0.25271E+04   0.92062E+03   0.16191E+01   0.24687E+22
   0.25275E+04   0.92079E+03   0.16193E+01   0.24690E+22
   0.25279E+04   0.92095E+03   0.16195E+01   0.24693E+22
   0.25284E+04   0.92112E+03   0.16197E+01   0.24696E+22
   0.25288E+04   0.92129E+03   0.16199E+01   0.24699E+22
   0.25292E+04   0.92146E+03   0.16201E+01   0.24702E+22
   0.25296E+04   0.92163E+03   0.16203E+01   0.24705E+22
   0.25301E+04   0.92180E+03   0.16205E+01   0.24708E+22
   0.25305E+04   0.92196E+03   0.16207E+01   0.24711E+22
   0.25309E+04   0.92213E+03   0.16209E+01   0.24714E+22
   0.25313E+04   0.92230E+03   0.16211E+01   0.24717E+22
   0.25318E+04   0.92247E+03   0.16213E+01   0.24720E+22
   0.25322E+04   0.92264E+03   0.16215E+01   0.24723E+22
   0.25326E+04   0.92281E+03   0.16217E+01   0.24726E+22
   0.25330E+04   0.92297E+03   0.16219E+01   0.24729E+22
   0.25335E+04   0.92314E+03   0.16221E+01   0.24732E+22
   0.25339E+04   0.92331E+03   0.16223E+01   0.24735E+22
   0.25343E+04   0.92348E+03   0.16225E+01   0.24738E+22
   0.25347E+04   0.92365E+03   0.16227E+01   0.24741E+22
   0.25352E+04   0.92382E+03   0.16229E+01   0.24744E+22
   0.25356E+04   0.92398E+03   0.16231E+01   0.24747E+22
   0.25360E+04   0.92415E+03   0.16233E+01   0.24750E+22
   0.25364E+04   0.92432E+03   0.16235E+01   0.24753E+22
   0.25369E+04   0.92449E+03   0.16237E+01   0.24756E+22
   0.25373E+04   0.92466E+03   0.16239E+01   0.24759E+22
   0.25377E+04   0.92483E+03   0.16241E+01   0.24762E+22
   0.25382E+04   0.92500E+03   0.16243E+01   0.24765E+22
   0.25386E+04   0.92516E+03   0.16245E+01   0.24768E+22
   0.25390E+04   0.92533E+03   0.16247E+01   0.24771E+22
   0.25394E+04   0.92550E+03   0.16249E+01   0.24774E+22
   0.25399E+04   0.92567E+03   0.16251E+01   0.24777E+22
   0.25403E+04   0.92584E+03   0.16253E+01   0.24780E+22
   0.25407E+04   0.92601E+03   0.16255E+01   0.24783E+22
   0.25411E+04   0.92617E+03   0.16257E+01   0.24786E+22
   0.25416E+04   0.92634E+03   0.16259E+01   0.24789E+22
   0.25420E+04   0.92651E+03   0.16261E+01   0.24792E+22
   0.25424E+04   0.92668E+03   0.16263E+01   0.24795E+22
   0.25428E+04   0.92685E+03   0.16265E+01   0.24798E+22
   0.25433E+04   0.92702E+03   0.16267E+01   0.24801E+22
   0.25437E+04   0.92719E+03   0.16269E+01   0.24804E+22
   0.25441E+04   0.92735E+03   0.16271E+01   0.24807E+22
   0.25446E+04   0.92752E+03   0.16273E+01   0.24810E+22
   0.25450E+04   0.92769E+03   0.16275E+01   0.24813E+22
   0.25454E+04   0.92786E+03   0.16277E+01   0.24816E+22
   0.25458E+04   0.92803E+03   0.16279E+01   0.24819E+22
   0.25463E+04   0.92820E+03   0.16281E+01   0.24822E+22
   0.25467E+04   0.92837E+03   0.16283E+01   0.24825E+22
   0.25471E+04   0.92853E+03   0.16285E+01   0.24828E+22
   0.25475E+04   0.92870E+03   0.16287E+01   0.24831E+22
   0.25480E+04   0.92887E+03   0.16289E+01   0.24834E+22
   0.25484E+04   0.92904E+03   0.16291E+01   0.24838E+22
   0.25488E+04   0.92921E+03   0.16293E+01   0.24841E+22
   0.25492E+04   0.92938E+03   0.16295E+01   0.24844E+22
   0.25497E+04   0.92955E+03   0.16297E+01   0.24847E+22
   0.25501E+04   0.92971E+03   0.16299E+01   0.24850E+22
   0.25505E+04   0.92988E+03   0.16301E+01   0.24853E+22
   0.25510E+04   0.93005E+03   0.16303E+01   0.24856E+22
   0.25514E+04   0.93022E+03   0.16305E+01   0.24859E+22
   0.25518E+04   0.93039E+03   0.16307E+01   0.24862E+22
   0.25522E+04   0.93056E+03   0.16309E+01   0.24865E+22
   0.25527E+04   0.93073E+03   0.16311E+01   0.24868E+22
   0.25531E+04   0.93090E+03   0.16313E+01   0.24871E+22
   0.25535E+04   0.93106E+03   0.16315E+01   0.24874E+22
   0.25539E+04   0.93123E+03   0.16317E+01   0.24877E+22
   0.25544E+04   0.93140E+03   0.16319E+01   0.24880E+22
   0.25548E+04   0.93157E+03   0.16321E+01   0.24883E+22
   0.25552E+04   0.93174E+03   0.16323E+01   0.24886E+22
   0.25557E+04   0.93191E+03   0.16325E+01   0.24889E+22
   0.25561E+04   0.93208E+03   0.16327E+01   0.24892E+22
   0.25565E+04   0.93224E+03   0.16329E+01   0.24895E+22
   0.25569E+04   0.93241E+03   0.16331E+01   0.24898E+22
   0.25574E+04   0.93258E+03   0.16333E+01   0.24901E+22
   0.25578E+04   0.93275E+03   0.16335E+01   0.24904E+22
   0.25582E+04   0.93292E+03   0.16337E+01   0.24907E+22
   0.25586E+04   0.93309E+03   0.16339E+01   0.24910E+22
   0.25591E+04   0.93326E+03   0.16341E+01   0.24913E+22
   0.25595E+04   0.93343E+03   0.16343E+01   0.24916E+22
   0.25599E+04   0.93359E+03   0.16345E+01   0.24919E+22
   0.25604E+04   0.93376E+03   0.16347E+01   0.24922E+22
   0.25608E+04   0.93393E+03   0.16349E+01   0.24925E+22
   0.25612E+04   0.93410E+03   0.16351E+01   0.24928E+22
   0.25616E+04   0.93427E+03   0.16353E+01   0.24931E+22
   0.25621E+04   0.93444E+03   0.16355E+01   0.24934E+22
   0.25625E+04   0.93461E+03   0.16357E+01   0.24937E+22
   0.25629E+04   0.93478E+03   0.16359E+01   0.24940E+22
   0.25633E+04   0.93495E+03   0.16361E+01   0.24943E+22
   0.25638E+04   0.93511E+03   0.16363E+01   0.24946E+22
   0.25642E+04   0.93528E+03   0.16365E+01   0.24949E+22
   0.25646E+04   0.93545E+03   0.16367E+01   0.24952E+22
   0.25651E+04   0.93562E+03   0.16369E+01   0.24955E+22
   0.25655E+04   0.93579E+03   0.16371E+01   0.24958E+22
   0.25659E+04   0.93596E+03   0.16373E+01   0.24961E+22
   0.25663E+04   0.93613E+03   0.16375E+01   0.24964E+22
   0.25668E+04   0.93630E+03   0.16377E+01   0.24967E+22
   0.25672E+04   0.93647E+03   0.16379E+01   0.24970E+22
   0.25676E+04   0.93663E+03   0.16381E+01   0.24973E+22
   0.25681E+04   0.93680E+03   0.16383E+01   0.24976E+22
   0.25685E+04   0.93697E+03   0.16385E+01   0.24979E+22
   0.25689E+04   0.93714E+03   0.16387E+01   0.24982E+22
   0.25693E+04   0.93731E+03   0.16389E+01   0.24985E+22
   0.25698E+04   0.93748E+03   0.16391E+01   0.24988E+22
   0.25702E+04   0.93765E+03   0.16393E+01   0.24991E+22
   0.25706E+04   0.93782E+03   0.16395E+01   0.24994E+22
   0.25710E+04   0.93799E+03   0.16397E+01   0.24997E+22
   0.25715E+04   0.93815E+03   0.16399E+01   0.25000E+22
   0.25719E+04   0.93832E+03   0.16401E+01   0.25003E+22
   0.25723E+04   0.93849E+03   0.16403E+01   0.25007E+22
   0.25728E+04   0.93866E+03   0.16405E+01   0.25010E+22
   0.25732E+04   0.93883E+03   0.16407E+01   0.25013E+22
   0.25736E+04   0.93900E+03   0.16409E+01   0.25016E+22
   0.25740E+04   0.93917E+03   0.16411E+01   0.25019E+22
   0.25745E+04   0.93934E+03   0.16413E+01   0.25022E+22
   0.25749E+04   0.93951E+03   0.16415E+01   0.25025E+22
   0.25753E+04   0.93968E+03   0.16417E+01   0.25028E+22
   0.25758E+04   0.93984E+03   0.16419E+01   0.25031E+22
   0.25762E+04   0.94001E+03   0.16421E+01   0.25034E+22
   0.25766E+04   0.94018E+03   0.16423E+01   0.25037E+22
   0.25770E+04   0.94035E+03   0.16425E+01   0.25040E+22
   0.25775E+04   0.94052E+03   0.16427E+01   0.25043E+22
   0.25779E+04   0.94069E+03   0.16429E+01   0.25046E+22
   0.25783E+04   0.94086E+03   0.16431E+01   0.25049E+22
   0.25788E+04   0.94103E+03   0.16433E+01   0.25052E+22
   0.25792E+04   0.94120E+03   0.16435E+01   0.25055E+22
   0.25796E+04   0.94137E+03   0.16437E+01   0.25058E+22
   0.25800E+04   0.94153E+03   0.16439E+01   0.25061E+22
   0.25805E+04   0.94170E+03   0.16441E+01   0.25064E+22
   0.25809E+04   0.94187E+03   0.16443E+01   0.25067E+22
   0.25813E+04   0.94204E+03   0.16445E+01   0.25070E+22
   0.25818E+04   0.94221E+03   0.16447E+01   0.25073E+22
   0.25822E+04   0.94238E+03   0.16449E+01   0.25076E+22
   0.25826E+04   0.94255E+03   0.16451E+01   0.25079E+22
   0.25830E+04   0.94272E+03   0.16453E+01   0.25082E+22
   0.25835E+04   0.94289E+03   0.16455E+01   0.25085E+22
   0.25839E+04   0.94306E+03   0.16457E+01   0.25088E+22
   0.25843E+04   0.94323E+03   0.16459E+01   0.25091E+22
   0.25848E+04   0.94339E+03   0.16461E+01   0.25094E+22
   0.25852E+04   0.94356E+03   0.16463E+01   0.25097E+22
   0.25856E+04   0.94373E+03   0.16465E+01   0.25100E+22
   0.25860E+04   0.94390E+03   0.16467E+01   0.25103E+22
   0.25865E+04   0.94407E+03   0.16469E+01   0.25106E+22
   0.25869E+04   0.94424E+03   0.16471E+01   0.25109E+22
   0.25873E+04   0.94441E+03   0.16473E+01   0.25112E+22
   0.25878E+04   0.94458E+03   0.16475E+01   0.25115E+22
   0.25882E+04   0.94475E+03   0.16477E+01   0.25118E+22
   0.25886E+04   0.94492E+03   0.16479E+01   0.25121E+22
   0.25890E+04   0.94509E+03   0.16481E+01   0.25124E+22
   0.25895E+04   0.94526E+03   0.16483E+01   0.25127E+22
   0.25899E+04   0.94543E+03   0.16485E+01   0.25130E+22
   0.25903E+04   0.94559E+03   0.16487E+01   0.25133E+22
   0.25908E+04   0.94576E+03   0.16489E+01   0.25136E+22
   0.25912E+04   0.94593E+03   0.16491E+01   0.25139E+22
   0.25916E+04   0.94610E+03   0.16493E+01   0.25142E+22
   0.25920E+04   0.94627E+03   0.16495E+01   0.25145E+22
   0.25925E+04   0.94644E+03   0.16497E+01   0.25148E+22
   0.25929E+04   0.94661E+03   0.16499E+01   0.25151E+22
   0.25933E+04   0.94678E+03   0.16501E+01   0.25154E+22
   0.25938E+04   0.94695E+03   0.16503E+01   0.25157E+22
   0.25942E+04   0.94712E+03   0.16505E+01   0.25160E+22
   0.25946E+04   0.94729E+03   0.16507E+01   0.25164E+22
   0.25950E+04   0.94746E+03   0.16509E+01   0.25167E+22
   0.25955E+04   0.94763E+03   0.16511E+01   0.25170E+22
   0.25959E+04   0.94779E+03   0.16513E+01   0.25173E+22
   0.25963E+04   0.94796E+03   0.16515E+01   0.25176E+22
   0.25968E+04   0.94813E+03   0.16517E+01   0.25179E+22
   0.25972E+04   0.94830E+03   0.16519E+01   0.25182E+22
   0.25976E+04   0.94847E+03   0.16521E+01   0.25185E+22
   0.25981E+04   0.94864E+03   0.16523E+01   0.25188E+22
   0.25985E+04   0.94881E+03   0.16525E+01   0.25191E+22
   0.25989E+04   0.94898E+03   0.16527E+01   0.25194E+22
   0.25993E+04   0.94915E+03   0.16529E+01   0.25197E+22
   0.25998E+04   0.94932E+03   0.16531E+01   0.25200E+22
   0.26002E+04   0.94949E+03   0.16533E+01   0.25203E+22
   0.26006E+04   0.94966E+03   0.16535E+01   0.25206E+22
   0.26011E+04   0.94983E+03   0.16537E+01   0.25209E+22
   0.26015E+04   0.95000E+03   0.16539E+01   0.25212E+22
   0.26019E+04   0.95017E+03   0.16541E+01   0.25215E+22
   0.26023E+04   0.95034E+03   0.16543E+01   0.25218E+22
   0.26028E+04   0.95050E+03   0.16545E+01   0.25221E+22
   0.26032E+04   0.95067E+03   0.16547E+01   0.25224E+22
   0.26036E+04   0.95084E+03   0.16549E+01   0.25227E+22
   0.26041E+04   0.95101E+03   0.16551E+01   0.25230E+22
   0.26045E+04   0.95118E+03   0.16553E+01   0.25233E+22
   0.26049E+04   0.95135E+03   0.16555E+01   0.25236E+22
   0.26054E+04   0.95152E+03   0.16557E+01   0.25239E+22
   0.26058E+04   0.95169E+03   0.16559E+01   0.25242E+22
   0.26062E+04   0.95186E+03   0.16561E+01   0.25245E+22
   0.26066E+04   0.95203E+03   0.16563E+01   0.25248E+22
   0.26071E+04   0.95220E+03   0.16565E+01   0.25251E+22
   0.26075E+04   0.95237E+03   0.16567E+01   0.25254E+22
   0.26079E+04   0.95254E+03   0.16569E+01   0.25257E+22
   0.26084E+04   0.95271E+03   0.16571E+01   0.25260E+22
   0.26088E+04   0.95288E+03   0.16573E+01   0.25263E+22
   0.26092E+04   0.95305E+03   0.16575E+01   0.25266E+22
   0.26097E+04   0.95322E+03   0.16577E+01   0.25269E+22
   0.26101E+04   0.95339E+03   0.16579E+01   0.25272E+22
   0.26105E+04   0.95356E+03   0.16581E+01   0.25275E+22
   0.26109E+04   0.95372E+03   0.16583E+01   0.25278E+22
   0.26114E+04   0.95389E+03   0.16585E+01   0.25281E+22
   0.26118E+04   0.95406E+03   0.16587E+01   0.25284E+22
   0.26122E+04   0.95423E+03   0.16589E+01   0.25287E+22
   0.26127E+04   0.95440E+03   0.16591E+01   0.25290E+22
   0.26131E+04   0.95457E+03   0.16593E+01   0.25293E+22
   0.26135E+04   0.95474E+03   0.16595E+01   0.25296E+22
   0.26140E+04   0.95491E+03   0.16597E+01   0.25299E+22
   0.26144E+04   0.95508E+03   0.16599E+01   0.25302E+22
   0.26148E+04   0.95525E+03   0.16601E+01   0.25305E+22
   0.26152E+04   0.95542E+03   0.16603E+01   0.25309E+22
   0.26157E+04   0.95559E+03   0.16605E+01   0.25312E+22
   0.26161E+04   0.95576E+03   0.16607E+01   0.25315E+22
   0.26165E+04   0.95593E+03   0.16609E+01   0.25318E+22
   0.26170E+04   0.95610E+03   0.16611E+01   0.25321E+22
   0.26174E+04   0.95627E+03   0.16613E+01   0.25324E+22
   0.26178E+04   0.95644E+03   0.16615E+01   0.25327E+22
   0.26183E+04   0.95661E+03   0.16617E+01   0.25330E+22
   0.26187E+04   0.95678E+03   0.16619E+01   0.25333E+22
   0.26191E+04   0.95695E+03   0.16621E+01   0.25336E+22
   0.26195E+04   0.95712E+03   0.16623E+01   0.25339E+22
   0.26200E+04   0.95729E+03   0.16625E+01   0.25342E+22
   0.26204E+04   0.95746E+03   0.16627E+01   0.25345E+22
   0.26208E+04   0.95763E+03   0.16629E+01   0.25348E+22
   0.26213E+04   0.95780E+03   0.16631E+01   0.25351E+22
   0.26217E+04   0.95797E+03   0.16633E+01   0.25354E+22
   0.26221E+04   0.95813E+03   0.16635E+01   0.25357E+22
   0.26226E+04   0.95830E+03   0.16637E+01   0.25360E+22
   0.26230E+04   0.95847E+03   0.16639E+01   0.25363E+22
   0.26234E+04   0.95864E+03   0.16641E+01   0.25366E+22
   0.26238E+04   0.95881E+03   0.16643E+01   0.25369E+22
   0.26243E+04   0.95898E+03   0.16645E+01   0.25372E+22
   0.26247E+04   0.95915E+03   0.16647E+01   0.25375E+22
   0.26251E+04   0.95932E+03   0.16649E+01   0.25378E+22
   0.26256E+04   0.95949E+03   0.16651E+01   0.25381E+22
   0.26260E+04   0.95966E+03   0.16653E+01   0.25384E+22
   0.26264E+04   0.95983E+03   0.16655E+01   0.25387E+22
   0.26269E+04   0.96000E+03   0.16657E+01   0.25390E+22
   0.26273E+04   0.96017E+03   0.16659E+01   0.25393E+22
   0.26277E+04   0.96034E+03   0.16661E+01   0.25396E+22
   0.26282E+04   0.96051E+03   0.16663E+01   0.25399E+22
   0.26286E+04   0.96068E+03   0.16665E+01   0.25402E+22
   0.26290E+04   0.96085E+03   0.16667E+01   0.25405E+22
   0.26294E+04   0.96102E+03   0.16669E+01   0.25408E+22
   0.26299E+04   0.96119E+03   0.16671E+01   0.25411E+22
   0.26303E+04   0.96136E+03   0.16673E+01   0.25414E+22
   0.26307E+04   0.96153E+03   0.16675E+01   0.25417E+22
   0.26312E+04   0.96170E+03   0.16677E+01   0.25420E+22
   0.26316E+04   0.96187E+03   0.16679E+01   0.25423E+22
   0.26320E+04   0.96204E+03   0.16681E+01   0.25426E+22
   0.26325E+04   0.96221E+03   0.16683E+01   0.25429E+22
   0.26329E+04   0.96238E+03   0.16685E+01   0.25432E+22
   0.26333E+04   0.96255E+03   0.16687E+01   0.25435E+22
   0.26338E+04   0.96272E+03   0.16689E+01   0.25438E+22
   0.26342E+04   0.96289E+03   0.16691E+01   0.25441E+22
   0.26346E+04   0.96306E+03   0.16693E+01   0.25445E+22
   0.26350E+04   0.96323E+03   0.16695E+01   0.25448E+22
   0.26355E+04   0.96340E+03   0.16697E+01   0.25451E+22
   0.26359E+04   0.96357E+03   0.16699E+01   0.25454E+22
   0.26363E+04   0.96374E+03   0.16701E+01   0.25457E+22
   0.26368E+04   0.96391E+03   0.16703E+01   0.25460E+22
   0.26372E+04   0.96408E+03   0.16705E+01   0.25463E+22
   0.26376E+04   0.96425E+03   0.16707E+01   0.25466E+22
   0.26381E+04   0.96442E+03   0.16709E+01   0.25469E+22
   0.26385E+04   0.96459E+03   0.16711E+01   0.25472E+22
   0.26389E+04   0.96476E+03   0.16713E+01   0.25475E+22
   0.26394E+04   0.96493E+03   0.16715E+01   0.25478E+22
   0.26398E+04   0.96510E+03   0.16717E+01   0.25481E+22
   0.26402E+04   0.96527E+03   0.16719E+01   0.25484E+22
   0.26407E+04   0.96544E+03   0.16721E+01   0.25487E+22
   0.26411E+04   0.96561E+03   0.16723E+01   0.25490E+22
   0.26415E+04   0.96578E+03   0.16725E+01   0.25493E+22
   0.26419E+04   0.96595E+03   0.16727E+01   0.25496E+22
   0.26424E+04   0.96612E+03   0.16729E+01   0.25499E+22
   0.26428E+04   0.96629E+03   0.16731E+01   0.25502E+22
   0.26432E+04   0.96646E+03   0.16733E+01   0.25505E+22
   0.26437E+04   0.96663E+03   0.16735E+01   0.25508E+22
   0.26441E+04   0.96680E+03   0.16737E+01   0.25511E+22
   0.26445E+04   0.96697E+03   0.16739E+01   0.25514E+22
   0.26450E+04   0.96714E+03   0.16741E+01   0.25517E+22
   0.26454E+04   0.96731E+03   0.16743E+01   0.25520E+22
   0.26458E+04   0.96748E+03   0.16745E+01   0.25523E+22
   0.26463E+04   0.96765E+03   0.16747E+01   0.25526E+22
   0.26467E+04   0.96782E+03   0.16749E+01   0.25529E+22
   0.26471E+04   0.96799E+03   0.16751E+01   0.25532E+22
   0.26476E+04   0.96816E+03   0.16753E+01   0.25535E+22
   0.26480E+04   0.96833E+03   0.16755E+01   0.25538E+22
   0.26484E+04   0.96850E+03   0.16757E+01   0.25541E+22
   0.26489E+04   0.96867E+03   0.16759E+01   0.25544E+22
   0.26493E+04   0.96884E+03   0.16761E+01   0.25547E+22
   0.26497E+04   0.96901E+03   0.16763E+01   0.25550E+22
   0.26501E+04   0.96918E+03   0.16765E+01   0.25553E+22
   0.26506E+04   0.96935E+03   0.16767E+01   0.25556E+22
   0.26510E+04   0.96952E+03   0.16769E+01   0.25559E+22
   0.26514E+04   0.96969E+03   0.16771E+01   0.25562E+22
   0.26519E+04   0.96986E+03   0.16773E+01   0.25565E+22
   0.26523E+04   0.97003E+03   0.16775E+01   0.25568E+22
   0.26527E+04   0.97020E+03   0.16777E+01   0.25571E+22
   0.26532E+04   0.97037E+03   0.16779E+01   0.25575E+22
   0.26536E+04   0.97054E+03   0.16781E+01   0.25578E+22
   0.26540E+04   0.97071E+03   0.16783E+01   0.25581E+22
   0.26545E+04   0.97088E+03   0.16785E+01   0.25584E+22
   0.26549E+04   0.97105E+03   0.16787E+01   0.25587E+22
   0.26553E+04   0.97122E+03   0.16789E+01   0.25590E+22
   0.26558E+04   0.97139E+03   0.16791E+01   0.25593E+22
   0.26562E+04   0.97156E+03   0.16793E+01   0.25596E+22
   0.26566E+04   0.97173E+03   0.16795E+01   0.25599E+22
   0.26571E+04   0.97190E+03   0.16797E+01   0.25602E+22
   0.26575E+04   0.97207E+03   0.16799E+01   0.25605E+22
   0.26579E+04   0.97224E+03   0.16801E+01   0.25608E+22
   0.26584E+04   0.97241E+03   0.16803E+01   0.25611E+22
   0.26588E+04   0.97258E+03   0.16805E+01   0.25614E+22
   0.26592E+04   0.97275E+03   0.16807E+01   0.25617E+22
   0.26597E+04   0.97292E+03   0.16809E+01   0.25620E+22
   0.26601E+04   0.97309E+03   0.16811E+01   0.25623E+22
   0.26605E+04   0.97326E+03   0.16813E+01   0.25626E+22
   0.26609E+04   0.97343E+03   0.16815E+01   0.25629E+22
   0.26614E+04   0.97360E+03   0.16817E+01   0.25632E+22
   0.26618E+04   0.97377E+03   0.16819E+01   0.25635E+22
   0.26622E+04   0.97394E+03   0.16821E+01   0.25638E+22
   0.26627E+04   0.97411E+03   0.16823E+01   0.25641E+22
   0.26631E+04   0.97428E+03   0.16825E+01   0.25644E+22
   0.26635E+04   0.97446E+03   0.16827E+01   0.25647E+22
   0.26640E+04   0.97463E+03   0.16829E+01   0.25650E+22
   0.26644E+04   0.97480E+03   0.16831E+01   0.25653E+22
   0.26648E+04   0.97497E+03   0.16833E+01   0.25656E+22
   0.26653E+04   0.97514E+03   0.16835E+01   0.25659E+22
   0.26657E+04   0.97531E+03   0.16837E+01   0.25662E+22
   0.26661E+04   0.97548E+03   0.16839E+01   0.25665E+22
   0.26666E+04   0.97565E+03   0.16841E+01   0.25668E+22
   0.26670E+04   0.97582E+03   0.16843E+01   0.25671E+22
   0.26674E+04   0.97599E+03   0.16845E+01   0.25674E+22
   0.26679E+04   0.97616E+03   0.16847E+01   0.25677E+22
   0.26683E+04   0.97633E+03   0.16849E+01   0.25680E+22
   0.26687E+04   0.97650E+03   0.16851E+01   0.25683E+22
   0.26692E+04   0.97667E+03   0.16853E+01   0.25686E+22
   0.26696E+04   0.97684E+03   0.16855E+01   0.25689E+22
   0.26700E+04   0.97701E+03   0.16857E+01   0.25692E+22
   0.26705E+04   0.97718E+03   0.16859E+01   0.25695E+22
   0.26709E+04   0.97735E+03   0.16861E+01   0.25699E+22
   0.26713E+04   0.97752E+03   0.16863E+01   0.25702E+22
   0.26718E+04   0.97769E+03   0.16865E+01   0.25705E+22
   0.26722E+04   0.97786E+03   0.16867E+01   0.25708E+22
   0.26726E+04   0.97803E+03   0.16869E+01   0.25711E+22
   0.26731E+04   0.97820E+03   0.16871E+01   0.25714E+22
   0.26735E+04   0.97837E+03   0.16873E+01   0.25717E+22
   0.26739E+04   0.97854E+03   0.16875E+01   0.25720E+22
   0.26744E+04   0.97871E+03   0.16877E+01   0.25723E+22
   0.26748E+04   0.97889E+03   0.16879E+01   0.25726E+22
   0.26752E+04   0.97906E+03   0.16881E+01   0.25729E+22
   0.26757E+04   0.97923E+03   0.16883E+01   0.25732E+22
   0.26761E+04   0.97940E+03   0.16885E+01   0.25735E+22
   0.26765E+04   0.97957E+03   0.16887E+01   0.25738E+22
   0.26770E+04   0.97974E+03   0.16889E+01   0.25741E+22
   0.26774E+04   0.97991E+03   0.16891E+01   0.25744E+22
   0.26778E+04   0.98008E+03   0.16893E+01   0.25747E+22
   0.26783E+04   0.98025E+03   0.16895E+01   0.25750E+22
   0.26787E+04   0.98042E+03   0.16897E+01   0.25753E+22
   0.26791E+04   0.98059E+03   0.16899E+01   0.25756E+22
   0.26796E+04   0.98076E+03   0.16901E+01   0.25759E+22
   0.26800E+04   0.98093E+03   0.16903E+01   0.25762E+22
   0.26804E+04   0.98110E+03   0.16905E+01   0.25765E+22
   0.26809E+04   0.98127E+03   0.16907E+01   0.25768E+22
   0.26813E+04   0.98144E+03   0.16909E+01   0.25771E+22
   0.26817E+04   0.98161E+03   0.16911E+01   0.25774E+22
   0.26822E+04   0.98178E+03   0.16913E+01   0.25777E+22
   0.26826E+04   0.98195E+03   0.16915E+01   0.25780E+22
   0.26830E+04   0.98213E+03   0.16917E+01   0.25783E+22
   0.26835E+04   0.98230E+03   0.16919E+01   0.25786E+22
   0.26839E+04   0.98247E+03   0.16921E+01   0.25789E+22
   0.26843E+04   0.98264E+03   0.16923E+01   0.25792E+22
   0.26848E+04   0.98281E+03   0.16925E+01   0.25795E+22
   0.26852E+04   0.98298E+03   0.16927E+01   0.25798E+22
   0.26856E+04   0.98315E+03   0.16929E+01   0.25801E+22
   0.26861E+04   0.98332E+03   0.16931E+01   0.25804E+22
   0.26865E+04   0.98349E+03   0.16933E+01   0.25807E+22
   0.26869E+04   0.98366E+03   0.16935E+01   0.25810E+22
   0.26874E+04   0.98383E+03   0.16937E+01   0.25813E+22
   0.26878E+04   0.98400E+03   0.16939E+01   0.25816E+22
   0.26882E+04   0.98417E+03   0.16941E+01   0.25820E+22
   0.26887E+04   0.98434E+03   0.16943E+01   0.25823E+22
   0.26891E+04   0.98451E+03   0.16945E+01   0.25826E+22
   0.26895E+04   0.98468E+03   0.16947E+01   0.25829E+22
   0.26900E+04   0.98486E+03   0.16949E+01   0.25832E+22
   0.26904E+04   0.98503E+03   0.16951E+01   0.25835E+22
   0.26908E+04   0.98520E+03   0.16953E+01   0.25838E+22
   0.26913E+04   0.98537E+03   0.16955E+01   0.25841E+22
   0.26917E+04   0.98554E+03   0.16957E+01   0.25844E+22
   0.26921E+04   0.98571E+03   0.16959E+01   0.25847E+22
   0.26926E+04   0.98588E+03   0.16961E+01   0.25850E+22
   0.26930E+04   0.98605E+03   0.16963E+01   0.25853E+22
   0.26934E+04   0.98622E+03   0.16965E+01   0.25856E+22
   0.26939E+04   0.98639E+03   0.16967E+01   0.25859E+22
   0.26943E+04   0.98656E+03   0.16969E+01   0.25862E+22
   0.26947E+04   0.98673E+03   0.16971E+01   0.25865E+22
   0.26952E+04   0.98690E+03   0.16973E+01   0.25868E+22
   0.26956E+04   0.98707E+03   0.16975E+01   0.25871E+22
   0.26960E+04   0.98725E+03   0.16977E+01   0.25874E+22
   0.26965E+04   0.98742E+03   0.16979E+01   0.25877E+22
   0.26969E+04   0.98759E+03   0.16981E+01   0.25880E+22
   0.26973E+04   0.98776E+03   0.16983E+01   0.25883E+22
   0.26978E+04   0.98793E+03   0.16985E+01   0.25886E+22
   0.26982E+04   0.98810E+03   0.16987E+01   0.25889E+22
   0.26986E+04   0.98827E+03   0.16989E+01   0.25892E+22
   0.26991E+04   0.98844E+03   0.16991E+01   0.25895E+22
   0.26995E+04   0.98861E+03   0.16993E+01   0.25898E+22
   0.26999E+04   0.98878E+03   0.16995E+01   0.25901E+22
   0.27004E+04   0.98895E+03   0.16997E+01   0.25904E+22
   0.27008E+04   0.98912E+03   0.16999E+01   0.25907E+22
   0.27012E+04   0.98930E+03   0.17001E+01   0.25910E+22
   0.27017E+04   0.98947E+03   0.17003E+01   0.25913E+22
   0.27021E+04   0.98964E+03   0.17005E+01   0.25916E+22
   0.27025E+04   0.98981E+03   0.17007E+01   0.25919E+22
   0.27030E+04   0.98998E+03   0.17009E+01   0.25922E+22
   0.27034E+04   0.99015E+03   0.17011E+01   0.25925E+22
   0.27038E+04   0.99032E+03   0.17013E+01   0.25928E+22
   0.27043E+04   0.99049E+03   0.17015E+01   0.25932E+22
   0.27047E+04   0.99066E+03   0.17017E+01   0.25935E+22
   0.27051E+04   0.99083E+03   0.17019E+01   0.25938E+22
   0.27056E+04   0.99100E+03   0.17021E+01   0.25941E+22
   0.27060E+04   0.99117E+03   0.17023E+01   0.25944E+22
   0.27064E+04   0.99135E+03   0.17025E+01   0.25947E+22
   0.27069E+04   0.99152E+03   0.17027E+01   0.25950E+22
   0.27073E+04   0.99169E+03   0.17029E+01   0.25953E+22
   0.27078E+04   0.99186E+03   0.17031E+01   0.25956E+22
   0.27082E+04   0.99203E+03   0.17033E+01   0.25959E+22
   0.27086E+04   0.99220E+03   0.17035E+01   0.25962E+22
   0.27091E+04   0.99237E+03   0.17037E+01   0.25965E+22
   0.27095E+04   0.99254E+03   0.17039E+01   0.25968E+22
   0.27099E+04   0.99271E+03   0.17041E+01   0.25971E+22
   0.27104E+04   0.99288E+03   0.17043E+01   0.25974E+22
   0.27108E+04   0.99306E+03   0.17045E+01   0.25977E+22
   0.27112E+04   0.99323E+03   0.17047E+01   0.25980E+22
   0.27117E+04   0.99340E+03   0.17049E+01   0.25983E+22
   0.27121E+04   0.99357E+03   0.17051E+01   0.25986E+22
   0.27125E+04   0.99374E+03   0.17053E+01   0.25989E+22
   0.27130E+04   0.99391E+03   0.17055E+01   0.25992E+22
   0.27134E+04   0.99408E+03   0.17057E+01   0.25995E+22
   0.27138E+04   0.99425E+03   0.17059E+01   0.25998E+22
   0.27143E+04   0.99442E+03   0.17061E+01   0.26001E+22
   0.27147E+04   0.99459E+03   0.17063E+01   0.26004E+22
   0.27151E+04   0.99477E+03   0.17065E+01   0.26007E+22
   0.27156E+04   0.99494E+03   0.17067E+01   0.26010E+22
   0.27160E+04   0.99511E+03   0.17069E+01   0.26013E+22
   0.27164E+04   0.99528E+03   0.17071E+01   0.26016E+22
   0.27169E+04   0.99545E+03   0.17073E+01   0.26019E+22
   0.27173E+04   0.99562E+03   0.17075E+01   0.26022E+22
   0.27177E+04   0.99579E+03   0.17077E+01   0.26025E+22
   0.27182E+04   0.99596E+03   0.17079E+01   0.26028E+22
   0.27186E+04   0.99613E+03   0.17081E+01   0.26031E+22
   0.27191E+04   0.99631E+03   0.17083E+01   0.26034E+22
   0.27195E+04   0.99648E+03   0.17085E+01   0.26037E+22
   0.27199E+04   0.99665E+03   0.17087E+01   0.26040E+22
   0.27204E+04   0.99682E+03   0.17089E+01   0.26044E+22
   0.27208E+04   0.99699E+03   0.17091E+01   0.26047E+22
   0.27212E+04   0.99716E+03   0.17093E+01   0.26050E+22
   0.27217E+04   0.99733E+03   0.17095E+01   0.26053E+22
   0.27221E+04   0.99750E+03   0.17097E+01   0.26056E+22
   0.27225E+04   0.99767E+03   0.17099E+01   0.26059E+22
   0.27230E+04   0.99785E+03   0.17101E+01   0.26062E+22
   0.27234E+04   0.99802E+03   0.17103E+01   0.26065E+22
   0.27238E+04   0.99819E+03   0.17105E+01   0.26068E+22
   0.27243E+04   0.99836E+03   0.17107E+01   0.26071E+22
   0.27247E+04   0.99853E+03   0.17109E+01   0.26074E+22
   0.27251E+04   0.99870E+03   0.17111E+01   0.26077E+22
   0.27256E+04   0.99887E+03   0.17113E+01   0.26080E+22
   0.27260E+04   0.99904E+03   0.17115E+01   0.26083E+22
   0.27265E+04   0.99921E+03   0.17117E+01   0.26086E+22
   0.27269E+04   0.99939E+03   0.17119E+01   0.26089E+22
   0.27273E+04   0.99956E+03   0.17121E+01   0.26092E+22
   0.27278E+04   0.99973E+03   0.17123E+01   0.26095E+22
   0.27282E+04   0.99990E+03   0.17125E+01   0.26098E+22
   0.27286E+04   0.10001E+04   0.17127E+01   0.26101E+22
   0.27291E+04   0.10002E+04   0.17129E+01   0.26104E+22
   0.27295E+04   0.10004E+04   0.17131E+01   0.26107E+22
   0.27299E+04   0.10006E+04   0.17133E+01   0.26110E+22
   0.27304E+04   0.10008E+04   0.17135E+01   0.26113E+22
   0.27308E+04   0.10009E+04   0.17137E+01   0.26116E+22
   0.27312E+04   0.10011E+04   0.17139E+01   0.26119E+22
   0.27317E+04   0.10013E+04   0.17141E+01   0.26122E+22
   0.27321E+04   0.10014E+04   0.17143E+01   0.26125E+22
   0.27325E+04   0.10016E+04   0.17145E+01   0.26128E+22
   0.27330E+04   0.10018E+04   0.17147E+01   0.26131E+22
   0.27334E+04   0.10020E+04   0.17149E+01   0.26134E+22
   0.27339E+04   0.10021E+04   0.17151E+01   0.26137E+22
   0.27343E+04   0.10023E+04   0.17153E+01   0.26140E+22
   0.27347E+04   0.10025E+04   0.17155E+01   0.26143E+22
   0.27352E+04   0.10026E+04   0.17157E+01   0.26146E+22
   0.27356E+04   0.10028E+04   0.17159E+01   0.26150E+22
   0.27360E+04   0.10030E+04   0.17161E+01   0.26153E+22
   0.27365E+04   0.10032E+04   0.17163E+01   0.26156E+22
   0.27369E+04   0.10033E+04   0.17165E+01   0.26159E+22
   0.27373E+04   0.10035E+04   0.17167E+01   0.26162E+22
   0.27378E+04   0.10037E+04   0.17169E+01   0.26165E+22
   0.27382E+04   0.10038E+04   0.17171E+01   0.26168E+22
   0.27386E+04   0.10040E+04   0.17173E+01   0.26171E+22
   0.27391E+04   0.10042E+04   0.17175E+01   0.26174E+22
   0.27395E+04   0.10044E+04   0.17177E+01   0.26177E+22
   0.27400E+04   0.10045E+04   0.17179E+01   0.26180E+22
   0.27404E+04   0.10047E+04   0.17181E+01   0.26183E+22
   0.27408E+04   0.10049E+04   0.17183E+01   0.26186E+22
   0.27413E+04   0.10050E+04   0.17185E+01   0.26189E+22
   0.27417E+04   0.10052E+04   0.17187E+01   0.26192E+22
   0.27421E+04   0.10054E+04   0.17189E+01   0.26195E+22
   0.27426E+04   0.10056E+04   0.17191E+01   0.26198E+22
   0.27430E+04   0.10057E+04   0.17193E+01   0.26201E+22
   0.27434E+04   0.10059E+04   0.17195E+01   0.26204E+22
   0.27439E+04   0.10061E+04   0.17197E+01   0.26207E+22
   0.27443E+04   0.10062E+04   0.17199E+01   0.26210E+22
   0.27448E+04   0.10064E+04   0.17201E+01   0.26213E+22
   0.27452E+04   0.10066E+04   0.17203E+01   0.26216E+22
   0.27456E+04   0.10068E+04   0.17205E+01   0.26219E+22
   0.27461E+04   0.10069E+04   0.17207E+01   0.26222E+22
   0.27465E+04   0.10071E+04   0.17209E+01   0.26225E+22
   0.27469E+04   0.10073E+04   0.17211E+01   0.26228E+22
   0.27474E+04   0.10074E+04   0.17213E+01   0.26231E+22
   0.27478E+04   0.10076E+04   0.17215E+01   0.26234E+22
   0.27482E+04   0.10078E+04   0.17217E+01   0.26237E+22
   0.27487E+04   0.10080E+04   0.17219E+01   0.26240E+22
   0.27491E+04   0.10081E+04   0.17221E+01   0.26243E+22
   0.27496E+04   0.10083E+04   0.17223E+01   0.26246E+22
   0.27500E+04   0.10085E+04   0.17225E+01   0.26249E+22
   0.27504E+04   0.10086E+04   0.17227E+01   0.26253E+22
   0.27509E+04   0.10088E+04   0.17229E+01   0.26256E+22
   0.27513E+04   0.10090E+04   0.17231E+01   0.26259E+22
   0.27517E+04   0.10092E+04   0.17233E+01   0.26262E+22
   0.27522E+04   0.10093E+04   0.17235E+01   0.26265E+22
   0.27526E+04   0.10095E+04   0.17237E+01   0.26268E+22
   0.27530E+04   0.10097E+04   0.17239E+01   0.26271E+22
   0.27535E+04   0.10098E+04   0.17241E+01   0.26274E+22
   0.27539E+04   0.10100E+04   0.17243E+01   0.26277E+22
   0.27544E+04   0.10102E+04   0.17245E+01   0.26280E+22
   0.27548E+04   0.10104E+04   0.17247E+01   0.26283E+22
   0.27552E+04   0.10105E+04   0.17249E+01   0.26286E+22
   0.27557E+04   0.10107E+04   0.17251E+01   0.26289E+22
   0.27561E+04   0.10109E+04   0.17253E+01   0.26292E+22
   0.27565E+04   0.10110E+04   0.17255E+01   0.26295E+22
   0.27570E+04   0.10112E+04   0.17257E+01   0.26298E+22
   0.27574E+04   0.10114E+04   0.17259E+01   0.26301E+22
   0.27578E+04   0.10116E+04   0.17261E+01   0.26304E+22
   0.27583E+04   0.10117E+04   0.17263E+01   0.26307E+22
   0.27587E+04   0.10119E+04   0.17265E+01   0.26310E+22
   0.27592E+04   0.10121E+04   0.17267E+01   0.26313E+22
   0.27596E+04   0.10122E+04   0.17269E+01   0.26316E+22
   0.27600E+04   0.10124E+04   0.17271E+01   0.26319E+22
   0.27605E+04   0.10126E+04   0.17273E+01   0.26322E+22
   0.27609E+04   0.10128E+04   0.17275E+01   0.26325E+22
   0.27613E+04   0.10129E+04   0.17277E+01   0.26328E+22
   0.27618E+04   0.10131E+04   0.17279E+01   0.26331E+22
   0.27622E+04   0.10133E+04   0.17281E+01   0.26334E+22
   0.27627E+04   0.10134E+04   0.17283E+01   0.26337E+22
   0.27631E+04   0.10136E+04   0.17285E+01   0.26340E+22
   0.27635E+04   0.10138E+04   0.17287E+01   0.26343E+22
   0.27640E+04   0.10140E+04   0.17289E+01   0.26346E+22
   0.27644E+04   0.10141E+04   0.17291E+01   0.26349E+22
   0.27648E+04   0.10143E+04   0.17293E+01   0.26353E+22
   0.27653E+04   0.10145E+04   0.17295E+01   0.26356E+22
   0.27657E+04   0.10146E+04   0.17297E+01   0.26359E+22
   0.27661E+04   0.10148E+04   0.17299E+01   0.26362E+22
   0.27666E+04   0.10150E+04   0.17301E+01   0.26365E+22
   0.27670E+04   0.10152E+04   0.17303E+01   0.26368E+22
   0.27675E+04   0.10153E+04   0.17305E+01   0.26371E+22
   0.27679E+04   0.10155E+04   0.17307E+01   0.26374E+22
   0.27683E+04   0.10157E+04   0.17309E+01   0.26377E+22
   0.27688E+04   0.10159E+04   0.17311E+01   0.26380E+22
   0.27692E+04   0.10160E+04   0.17313E+01   0.26383E+22
   0.27696E+04   0.10162E+04   0.17315E+01   0.26386E+22
   0.27701E+04   0.10164E+04   0.17317E+01   0.26389E+22
   0.27705E+04   0.10165E+04   0.17319E+01   0.26392E+22
   0.27710E+04   0.10167E+04   0.17321E+01   0.26395E+22
   0.27714E+04   0.10169E+04   0.17323E+01   0.26398E+22
   0.27718E+04   0.10171E+04   0.17325E+01   0.26401E+22
   0.27723E+04   0.10172E+04   0.17327E+01   0.26404E+22
   0.27727E+04   0.10174E+04   0.17329E+01   0.26407E+22
   0.27731E+04   0.10176E+04   0.17331E+01   0.26410E+22
   0.27736E+04   0.10177E+04   0.17333E+01   0.26413E+22
   0.27740E+04   0.10179E+04   0.17335E+01   0.26416E+22
   0.27745E+04   0.10181E+04   0.17337E+01   0.26419E+22
   0.27749E+04   0.10183E+04   0.17339E+01   0.26422E+22
   0.27753E+04   0.10184E+04   0.17341E+01   0.26425E+22
   0.27758E+04   0.10186E+04   0.17343E+01   0.26428E+22
   0.27762E+04   0.10188E+04   0.17345E+01   0.26431E+22
   0.27766E+04   0.10189E+04   0.17347E+01   0.26434E+22
   0.27771E+04   0.10191E+04   0.17349E+01   0.26437E+22
   0.27775E+04   0.10193E+04   0.17351E+01   0.26440E+22
   0.27780E+04   0.10195E+04   0.17353E+01   0.26443E+22
   0.27784E+04   0.10196E+04   0.17355E+01   0.26446E+22
   0.27788E+04   0.10198E+04   0.17357E+01   0.26449E+22
   0.27793E+04   0.10200E+04   0.17359E+01   0.26453E+22
   0.27797E+04   0.10201E+04   0.17361E+01   0.26456E+22
   0.27801E+04   0.10203E+04   0.17363E+01   0.26459E+22
   0.27806E+04   0.10205E+04   0.17365E+01   0.26462E+22
   0.27810E+04   0.10207E+04   0.17367E+01   0.26465E+22
   0.27815E+04   0.10208E+04   0.17369E+01   0.26468E+22
   0.27819E+04   0.10210E+04   0.17371E+01   0.26471E+22
   0.27823E+04   0.10212E+04   0.17373E+01   0.26474E+22
   0.27828E+04   0.10214E+04   0.17375E+01   0.26477E+22
   0.27832E+04   0.10215E+04   0.17377E+01   0.26480E+22
   0.27836E+04   0.10217E+04   0.17379E+01   0.26483E+22
   0.27841E+04   0.10219E+04   0.17381E+01   0.26486E+22
   0.27845E+04   0.10220E+04   0.17383E+01   0.26489E+22
   0.27850E+04   0.10222E+04   0.17385E+01   0.26492E+22
   0.27854E+04   0.10224E+04   0.17387E+01   0.26495E+22
   0.27858E+04   0.10226E+04   0.17389E+01   0.26498E+22
   0.27863E+04   0.10227E+04   0.17391E+01   0.26501E+22
   0.27867E+04   0.10229E+04   0.17393E+01   0.26504E+22
   0.27872E+04   0.10231E+04   0.17395E+01   0.26507E+22
   0.27876E+04   0.10232E+04   0.17397E+01   0.26510E+22
   0.27880E+04   0.10234E+04   0.17399E+01   0.26513E+22
   0.27885E+04   0.10236E+04   0.17401E+01   0.26516E+22
   0.27889E+04   0.10238E+04   0.17403E+01   0.26519E+22
   0.27893E+04   0.10239E+04   0.17405E+01   0.26522E+22
   0.27898E+04   0.10241E+04   0.17407E+01   0.26525E+22
   0.27902E+04   0.10243E+04   0.17409E+01   0.26528E+22
   0.27907E+04   0.10244E+04   0.17411E+01   0.26531E+22
   0.27911E+04   0.10246E+04   0.17413E+01   0.26534E+22
   0.27915E+04   0.10248E+04   0.17415E+01   0.26537E+22
   0.27920E+04   0.10250E+04   0.17417E+01   0.26540E+22
   0.27924E+04   0.10251E+04   0.17419E+01   0.26543E+22
   0.27928E+04   0.10253E+04   0.17421E+01   0.26547E+22
   0.27933E+04   0.10255E+04   0.17423E+01   0.26550E+22
   0.27937E+04   0.10257E+04   0.17425E+01   0.26553E+22
   0.27942E+04   0.10258E+04   0.17427E+01   0.26556E+22
   0.27946E+04   0.10260E+04   0.17429E+01   0.26559E+22
   0.27950E+04   0.10262E+04   0.17431E+01   0.26562E+22
   0.27955E+04   0.10263E+04   0.17433E+01   0.26565E+22
   0.27959E+04   0.10265E+04   0.17435E+01   0.26568E+22
   0.27964E+04   0.10267E+04   0.17437E+01   0.26571E+22
   0.27968E+04   0.10269E+04   0.17439E+01   0.26574E+22
   0.27972E+04   0.10270E+04   0.17441E+01   0.26577E+22
   0.27977E+04   0.10272E+04   0.17443E+01   0.26580E+22
   0.27981E+04   0.10274E+04   0.17445E+01   0.26583E+22
   0.27985E+04   0.10275E+04   0.17447E+01   0.26586E+22
   0.27990E+04   0.10277E+04   0.17449E+01   0.26589E+22
   0.27994E+04   0.10279E+04   0.17451E+01   0.26592E+22
   0.27999E+04   0.10281E+04   0.17453E+01   0.26595E+22
   0.28003E+04   0.10282E+04   0.17455E+01   0.26598E+22
   0.28007E+04   0.10284E+04   0.17457E+01   0.26601E+22
   0.28012E+04   0.10286E+04   0.17459E+01   0.26604E+22
   0.28016E+04   0.10288E+04   0.17461E+01   0.26607E+22
   0.28021E+04   0.10289E+04   0.17463E+01   0.26610E+22
   0.28025E+04   0.10291E+04   0.17465E+01   0.26613E+22
   0.28029E+04   0.10293E+04   0.17467E+01   0.26616E+22
   0.28034E+04   0.10294E+04   0.17469E+01   0.26619E+22
   0.28038E+04   0.10296E+04   0.17471E+01   0.26622E+22
   0.28043E+04   0.10298E+04   0.17473E+01   0.26625E+22
   0.28047E+04   0.10300E+04   0.17475E+01   0.26628E+22
   0.28051E+04   0.10301E+04   0.17477E+01   0.26631E+22
   0.28056E+04   0.10303E+04   0.17479E+01   0.26634E+22
   0.28060E+04   0.10305E+04   0.17481E+01   0.26637E+22
   0.28064E+04   0.10306E+04   0.17483E+01   0.26641E+22
   0.28069E+04   0.10308E+04   0.17485E+01   0.26644E+22
   0.28073E+04   0.10310E+04   0.17487E+01   0.26647E+22
   0.28078E+04   0.10312E+04   0.17489E+01   0.26650E+22
   0.28082E+04   0.10313E+04   0.17491E+01   0.26653E+22
   0.28086E+04   0.10315E+04   0.17493E+01   0.26656E+22
   0.28091E+04   0.10317E+04   0.17495E+01   0.26659E+22
   0.28095E+04   0.10319E+04   0.17497E+01   0.26662E+22
   0.28100E+04   0.10320E+04   0.17499E+01   0.26665E+22
   0.28104E+04   0.10322E+04   0.17501E+01   0.26668E+22
   0.28108E+04   0.10324E+04   0.17503E+01   0.26671E+22
   0.28113E+04   0.10325E+04   0.17505E+01   0.26674E+22
   0.28117E+04   0.10327E+04   0.17507E+01   0.26677E+22
   0.28122E+04   0.10329E+04   0.17509E+01   0.26680E+22
   0.28126E+04   0.10331E+04   0.17511E+01   0.26683E+22
   0.28130E+04   0.10332E+04   0.17513E+01   0.26686E+22
   0.28135E+04   0.10334E+04   0.17515E+01   0.26689E+22
   0.28139E+04   0.10336E+04   0.17517E+01   0.26692E+22
   0.28143E+04   0.10338E+04   0.17519E+01   0.26695E+22
   0.28148E+04   0.10339E+04   0.17521E+01   0.26698E+22
   0.28152E+04   0.10341E+04   0.17523E+01   0.26701E+22
   0.28157E+04   0.10343E+04   0.17525E+01   0.26704E+22
   0.28161E+04   0.10344E+04   0.17527E+01   0.26707E+22
   0.28165E+04   0.10346E+04   0.17529E+01   0.26710E+22
   0.28170E+04   0.10348E+04   0.17531E+01   0.26713E+22
   0.28174E+04   0.10350E+04   0.17533E+01   0.26716E+22
   0.28179E+04   0.10351E+04   0.17535E+01   0.26719E+22
   0.28183E+04   0.10353E+04   0.17537E+01   0.26722E+22
   0.28187E+04   0.10355E+04   0.17539E+01   0.26725E+22
   0.28192E+04   0.10356E+04   0.17541E+01   0.26728E+22
   0.28196E+04   0.10358E+04   0.17543E+01   0.26732E+22
   0.28201E+04   0.10360E+04   0.17545E+01   0.26735E+22
   0.28205E+04   0.10362E+04   0.17547E+01   0.26738E+22
   0.28209E+04   0.10363E+04   0.17549E+01   0.26741E+22
   0.28214E+04   0.10365E+04   0.17551E+01   0.26744E+22
   0.28218E+04   0.10367E+04   0.17553E+01   0.26747E+22
   0.28223E+04   0.10369E+04   0.17555E+01   0.26750E+22
   0.28227E+04   0.10370E+04   0.17557E+01   0.26753E+22
   0.28231E+04   0.10372E+04   0.17559E+01   0.26756E+22
   0.28236E+04   0.10374E+04   0.17561E+01   0.26759E+22
   0.28240E+04   0.10375E+04   0.17563E+01   0.26762E+22
   0.28245E+04   0.10377E+04   0.17565E+01   0.26765E+22
   0.28249E+04   0.10379E+04   0.17567E+01   0.26768E+22
   0.28253E+04   0.10381E+04   0.17569E+01   0.26771E+22
   0.28258E+04   0.10382E+04   0.17571E+01   0.26774E+22
   0.28262E+04   0.10384E+04   0.17573E+01   0.26777E+22
   0.28267E+04   0.10386E+04   0.17575E+01   0.26780E+22
   0.28271E+04   0.10388E+04   0.17577E+01   0.26783E+22
   0.28275E+04   0.10389E+04   0.17579E+01   0.26786E+22
   0.28280E+04   0.10391E+04   0.17581E+01   0.26789E+22
   0.28284E+04   0.10393E+04   0.17583E+01   0.26792E+22
   0.28289E+04   0.10394E+04   0.17585E+01   0.26795E+22
   0.28293E+04   0.10396E+04   0.17587E+01   0.26798E+22
   0.28297E+04   0.10398E+04   0.17589E+01   0.26801E+22
   0.28302E+04   0.10400E+04   0.17591E+01   0.26804E+22
   0.28306E+04   0.10401E+04   0.17593E+01   0.26807E+22
   0.28311E+04   0.10403E+04   0.17595E+01   0.26810E+22
   0.28315E+04   0.10405E+04   0.17597E+01   0.26813E+22
   0.28319E+04   0.10407E+04   0.17599E+01   0.26816E+22
   0.28324E+04   0.10408E+04   0.17601E+01   0.26820E+22
   0.28328E+04   0.10410E+04   0.17603E+01   0.26823E+22
   0.28333E+04   0.10412E+04   0.17605E+01   0.26826E+22
   0.28337E+04   0.10413E+04   0.17607E+01   0.26829E+22
   0.28341E+04   0.10415E+04   0.17609E+01   0.26832E+22
   0.28346E+04   0.10417E+04   0.17611E+01   0.26835E+22
   0.28350E+04   0.10419E+04   0.17613E+01   0.26838E+22
   0.28355E+04   0.10420E+04   0.17615E+01   0.26841E+22
   0.28359E+04   0.10422E+04   0.17617E+01   0.26844E+22
   0.28363E+04   0.10424E+04   0.17619E+01   0.26847E+22
   0.28368E+04   0.10426E+04   0.17621E+01   0.26850E+22
   0.28372E+04   0.10427E+04   0.17623E+01   0.26853E+22
   0.28377E+04   0.10429E+04   0.17625E+01   0.26856E+22
   0.28381E+04   0.10431E+04   0.17627E+01   0.26859E+22
   0.28385E+04   0.10432E+04   0.17629E+01   0.26862E+22
   0.28390E+04   0.10434E+04   0.17631E+01   0.26865E+22
   0.28394E+04   0.10436E+04   0.17633E+01   0.26868E+22
   0.28399E+04   0.10438E+04   0.17635E+01   0.26871E+22
   0.28403E+04   0.10439E+04   0.17637E+01   0.26874E+22
   0.28407E+04   0.10441E+04   0.17639E+01   0.26877E+22
   0.28412E+04   0.10443E+04   0.17641E+01   0.26880E+22
   0.28416E+04   0.10445E+04   0.17643E+01   0.26883E+22
   0.28421E+04   0.10446E+04   0.17645E+01   0.26886E+22
   0.28425E+04   0.10448E+04   0.17647E+01   0.26889E+22
   0.28429E+04   0.10450E+04   0.17649E+01   0.26892E+22
   0.28434E+04   0.10451E+04   0.17651E+01   0.26895E+22
   0.28438E+04   0.10453E+04   0.17653E+01   0.26898E+22
   0.28443E+04   0.10455E+04   0.17655E+01   0.26901E+22
   0.28447E+04   0.10457E+04   0.17657E+01   0.26904E+22
   0.28451E+04   0.10458E+04   0.17659E+01   0.26908E+22
   0.28456E+04   0.10460E+04   0.17661E+01   0.26911E+22
   0.28460E+04   0.10462E+04   0.17663E+01   0.26914E+22
   0.28465E+04   0.10464E+04   0.17665E+01   0.26917E+22
   0.28469E+04   0.10465E+04   0.17667E+01   0.26920E+22
   0.28474E+04   0.10467E+04   0.17669E+01   0.26923E+22
   0.28478E+04   0.10469E+04   0.17671E+01   0.26926E+22
   0.28482E+04   0.10470E+04   0.17673E+01   0.26929E+22
   0.28487E+04   0.10472E+04   0.17675E+01   0.26932E+22
   0.28491E+04   0.10474E+04   0.17677E+01   0.26935E+22
   0.28496E+04   0.10476E+04   0.17679E+01   0.26938E+22
   0.28500E+04   0.10477E+04   0.17681E+01   0.26941E+22
   0.28504E+04   0.10479E+04   0.17683E+01   0.26944E+22
   0.28509E+04   0.10481E+04   0.17685E+01   0.26947E+22
   0.28513E+04   0.10483E+04   0.17687E+01   0.26950E+22
   0.28518E+04   0.10484E+04   0.17689E+01   0.26953E+22
   0.28522E+04   0.10486E+04   0.17691E+01   0.26956E+22
   0.28526E+04   0.10488E+04   0.17693E+01   0.26959E+22
   0.28531E+04   0.10489E+04   0.17695E+01   0.26962E+22
   0.28535E+04   0.10491E+04   0.17697E+01   0.26965E+22
   0.28540E+04   0.10493E+04   0.17699E+01   0.26968E+22
   0.28544E+04   0.10495E+04   0.17701E+01   0.26971E+22
   0.28548E+04   0.10496E+04   0.17703E+01   0.26974E+22
   0.28553E+04   0.10498E+04   0.17705E+01   0.26977E+22
   0.28557E+04   0.10500E+04   0.17707E+01   0.26980E+22
   0.28562E+04   0.10502E+04   0.17709E+01   0.26983E+22
   0.28566E+04   0.10503E+04   0.17711E+01   0.26986E+22
   0.28571E+04   0.10505E+04   0.17713E+01   0.26989E+22
   0.28575E+04   0.10507E+04   0.17715E+01   0.26992E+22
   0.28579E+04   0.10509E+04   0.17717E+01   0.26996E+22
   0.28584E+04   0.10510E+04   0.17719E+01   0.26999E+22
   0.28588E+04   0.10512E+04   0.17721E+01   0.27002E+22
   0.28593E+04   0.10514E+04   0.17723E+01   0.27005E+22
   0.28597E+04   0.10515E+04   0.17725E+01   0.27008E+22
   0.28601E+04   0.10517E+04   0.17727E+01   0.27011E+22
   0.28606E+04   0.10519E+04   0.17729E+01   0.27014E+22
   0.28610E+04   0.10521E+04   0.17731E+01   0.27017E+22
   0.28615E+04   0.10522E+04   0.17733E+01   0.27020E+22
   0.28619E+04   0.10524E+04   0.17735E+01   0.27023E+22
   0.28623E+04   0.10526E+04   0.17737E+01   0.27026E+22
   0.28628E+04   0.10528E+04   0.17739E+01   0.27029E+22
   0.28632E+04   0.10529E+04   0.17741E+01   0.27032E+22
   0.28637E+04   0.10531E+04   0.17743E+01   0.27035E+22
   0.28641E+04   0.10533E+04   0.17745E+01   0.27038E+22
   0.28646E+04   0.10534E+04   0.17747E+01   0.27041E+22
   0.28650E+04   0.10536E+04   0.17749E+01   0.27044E+22
   0.28654E+04   0.10538E+04   0.17751E+01   0.27047E+22
   0.28659E+04   0.10540E+04   0.17753E+01   0.27050E+22
   0.28663E+04   0.10541E+04   0.17755E+01   0.27053E+22
   0.28668E+04   0.10543E+04   0.17757E+01   0.27056E+22
   0.28672E+04   0.10545E+04   0.17759E+01   0.27059E+22
   0.28676E+04   0.10547E+04   0.17761E+01   0.27062E+22
   0.28681E+04   0.10548E+04   0.17763E+01   0.27065E+22
   0.28685E+04   0.10550E+04   0.17765E+01   0.27068E+22
   0.28690E+04   0.10552E+04   0.17767E+01   0.27071E+22
   0.28694E+04   0.10554E+04   0.17769E+01   0.27074E+22
   0.28699E+04   0.10555E+04   0.17771E+01   0.27078E+22
   0.28703E+04   0.10557E+04   0.17773E+01   0.27081E+22
   0.28707E+04   0.10559E+04   0.17775E+01   0.27084E+22
   0.28712E+04   0.10560E+04   0.17777E+01   0.27087E+22
   0.28716E+04   0.10562E+04   0.17779E+01   0.27090E+22
   0.28721E+04   0.10564E+04   0.17781E+01   0.27093E+22
   0.28725E+04   0.10566E+04   0.17783E+01   0.27096E+22
   0.28729E+04   0.10567E+04   0.17785E+01   0.27099E+22
   0.28734E+04   0.10569E+04   0.17787E+01   0.27102E+22
   0.28738E+04   0.10571E+04   0.17789E+01   0.27105E+22
   0.28743E+04   0.10573E+04   0.17791E+01   0.27108E+22
   0.28747E+04   0.10574E+04   0.17793E+01   0.27111E+22
   0.28752E+04   0.10576E+04   0.17795E+01   0.27114E+22
   0.28756E+04   0.10578E+04   0.17797E+01   0.27117E+22
   0.28760E+04   0.10580E+04   0.17799E+01   0.27120E+22
   0.28765E+04   0.10581E+04   0.17801E+01   0.27123E+22
   0.28769E+04   0.10583E+04   0.17803E+01   0.27126E+22
   0.28774E+04   0.10585E+04   0.17805E+01   0.27129E+22
   0.28778E+04   0.10586E+04   0.17807E+01   0.27132E+22
   0.28783E+04   0.10588E+04   0.17809E+01   0.27135E+22
   0.28787E+04   0.10590E+04   0.17811E+01   0.27138E+22
   0.28791E+04   0.10592E+04   0.17813E+01   0.27141E+22
   0.28796E+04   0.10593E+04   0.17815E+01   0.27144E+22
   0.28800E+04   0.10595E+04   0.17817E+01   0.27147E+22
   0.28805E+04   0.10597E+04   0.17819E+01   0.27150E+22
   0.28809E+04   0.10599E+04   0.17821E+01   0.27153E+22
   0.28813E+04   0.10600E+04   0.17823E+01   0.27156E+22
   0.28818E+04   0.10602E+04   0.17825E+01   0.27159E+22
   0.28822E+04   0.10604E+04   0.17827E+01   0.27163E+22
   0.28827E+04   0.10606E+04   0.17829E+01   0.27166E+22
   0.28831E+04   0.10607E+04   0.17831E+01   0.27169E+22
   0.28836E+04   0.10609E+04   0.17833E+01   0.27172E+22
   0.28840E+04   0.10611E+04   0.17835E+01   0.27175E+22
   0.28844E+04   0.10612E+04   0.17837E+01   0.27178E+22
   0.28849E+04   0.10614E+04   0.17839E+01   0.27181E+22
   0.28853E+04   0.10616E+04   0.17841E+01   0.27184E+22
   0.28858E+04   0.10618E+04   0.17843E+01   0.27187E+22
   0.28862E+04   0.10619E+04   0.17845E+01   0.27190E+22
   0.28867E+04   0.10621E+04   0.17847E+01   0.27193E+22
   0.28871E+04   0.10623E+04   0.17849E+01   0.27196E+22
   0.28875E+04   0.10625E+04   0.17851E+01   0.27199E+22
   0.28880E+04   0.10626E+04   0.17853E+01   0.27202E+22
   0.28884E+04   0.10628E+04   0.17855E+01   0.27205E+22
   0.28889E+04   0.10630E+04   0.17857E+01   0.27208E+22
   0.28893E+04   0.10632E+04   0.17859E+01   0.27211E+22
   0.28898E+04   0.10633E+04   0.17861E+01   0.27214E+22
   0.28902E+04   0.10635E+04   0.17863E+01   0.27217E+22
   0.28906E+04   0.10637E+04   0.17865E+01   0.27220E+22
   0.28911E+04   0.10638E+04   0.17867E+01   0.27223E+22
   0.28915E+04   0.10640E+04   0.17869E+01   0.27226E+22
   0.28920E+04   0.10642E+04   0.17871E+01   0.27229E+22
   0.28924E+04   0.10644E+04   0.17873E+01   0.27232E+22
   0.28929E+04   0.10645E+04   0.17875E+01   0.27235E+22
   0.28933E+04   0.10647E+04   0.17877E+01   0.27238E+22
   0.28937E+04   0.10649E+04   0.17879E+01   0.27241E+22
   0.28942E+04   0.10651E+04   0.17881E+01   0.27245E+22
   0.28946E+04   0.10652E+04   0.17883E+01   0.27248E+22
   0.28951E+04   0.10654E+04   0.17885E+01   0.27251E+22
   0.28955E+04   0.10656E+04   0.17887E+01   0.27254E+22
   0.28960E+04   0.10658E+04   0.17889E+01   0.27257E+22
   0.28964E+04   0.10659E+04   0.17891E+01   0.27260E+22
   0.28968E+04   0.10661E+04   0.17893E+01   0.27263E+22
   0.28973E+04   0.10663E+04   0.17895E+01   0.27266E+22
   0.28977E+04   0.10664E+04   0.17897E+01   0.27269E+22
   0.28982E+04   0.10666E+04   0.17899E+01   0.27272E+22
   0.28986E+04   0.10668E+04   0.17901E+01   0.27275E+22
   0.28991E+04   0.10670E+04   0.17903E+01   0.27278E+22
   0.28995E+04   0.10671E+04   0.17905E+01   0.27281E+22
   0.28999E+04   0.10673E+04   0.17907E+01   0.27284E+22
   0.29004E+04   0.10675E+04   0.17909E+01   0.27287E+22
   0.29008E+04   0.10677E+04   0.17911E+01   0.27290E+22
   0.29013E+04   0.10678E+04   0.17913E+01   0.27293E+22
   0.29017E+04   0.10680E+04   0.17915E+01   0.27296E+22
   0.29022E+04   0.10682E+04   0.17917E+01   0.27299E+22
   0.29026E+04   0.10684E+04   0.17919E+01   0.27302E+22
   0.29030E+04   0.10685E+04   0.17921E+01   0.27305E+22
   0.29035E+04   0.10687E+04   0.17923E+01   0.27308E+22
   0.29039E+04   0.10689E+04   0.17925E+01   0.27311E+22
   0.29044E+04   0.10691E+04   0.17927E+01   0.27314E+22
   0.29048E+04   0.10692E+04   0.17929E+01   0.27317E+22
   0.29053E+04   0.10694E+04   0.17931E+01   0.27320E+22
   0.29057E+04   0.10696E+04   0.17933E+01   0.27324E+22
   0.29061E+04   0.10697E+04   0.17935E+01   0.27327E+22
   0.29066E+04   0.10699E+04   0.17937E+01   0.27330E+22
   0.29070E+04   0.10701E+04   0.17939E+01   0.27333E+22
   0.29075E+04   0.10703E+04   0.17941E+01   0.27336E+22
   0.29079E+04   0.10704E+04   0.17943E+01   0.27339E+22
   0.29084E+04   0.10706E+04   0.17945E+01   0.27342E+22
   0.29088E+04   0.10708E+04   0.17947E+01   0.27345E+22
   0.29093E+04   0.10710E+04   0.17949E+01   0.27348E+22
   0.29097E+04   0.10711E+04   0.17951E+01   0.27351E+22
   0.29101E+04   0.10713E+04   0.17953E+01   0.27354E+22
   0.29106E+04   0.10715E+04   0.17955E+01   0.27357E+22
   0.29110E+04   0.10717E+04   0.17957E+01   0.27360E+22
   0.29115E+04   0.10718E+04   0.17959E+01   0.27363E+22
   0.29119E+04   0.10720E+04   0.17961E+01   0.27366E+22
   0.29124E+04   0.10722E+04   0.17963E+01   0.27369E+22
   0.29128E+04   0.10724E+04   0.17965E+01   0.27372E+22
   0.29132E+04   0.10725E+04   0.17967E+01   0.27375E+22
   0.29137E+04   0.10727E+04   0.17969E+01   0.27378E+22
   0.29141E+04   0.10729E+04   0.17971E+01   0.27381E+22
   0.29146E+04   0.10730E+04   0.17973E+01   0.27384E+22
   0.29150E+04   0.10732E+04   0.17975E+01   0.27387E+22
   0.29155E+04   0.10734E+04   0.17977E+01   0.27390E+22
   0.29159E+04   0.10736E+04   0.17979E+01   0.27393E+22
   0.29163E+04   0.10737E+04   0.17981E+01   0.27396E+22
   0.29168E+04   0.10739E+04   0.17983E+01   0.27399E+22
   0.29172E+04   0.10741E+04   0.17985E+01   0.27403E+22
   0.29177E+04   0.10743E+04   0.17987E+01   0.27406E+22
   0.29181E+04   0.10744E+04   0.17989E+01   0.27409E+22
   0.29186E+04   0.10746E+04   0.17991E+01   0.27412E+22
   0.29190E+04   0.10748E+04   0.17993E+01   0.27415E+22
   0.29195E+04   0.10750E+04   0.17995E+01   0.27418E+22
   0.29199E+04   0.10751E+04   0.17997E+01   0.27421E+22
   0.29203E+04   0.10753E+04   0.17999E+01   0.27424E+22
   0.29208E+04   0.10755E+04   0.18001E+01   0.27427E+22
   0.29212E+04   0.10757E+04   0.18003E+01   0.27430E+22
   0.29217E+04   0.10758E+04   0.18005E+01   0.27433E+22
   0.29221E+04   0.10760E+04   0.18007E+01   0.27436E+22
   0.29226E+04   0.10762E+04   0.18009E+01   0.27439E+22
   0.29230E+04   0.10764E+04   0.18011E+01   0.27442E+22
   0.29235E+04   0.10765E+04   0.18013E+01   0.27445E+22
   0.29239E+04   0.10767E+04   0.18015E+01   0.27448E+22
   0.29243E+04   0.10769E+04   0.18017E+01   0.27451E+22
   0.29248E+04   0.10770E+04   0.18019E+01   0.27454E+22
   0.29252E+04   0.10772E+04   0.18021E+01   0.27457E+22
   0.29257E+04   0.10774E+04   0.18023E+01   0.27460E+22
   0.29261E+04   0.10776E+04   0.18025E+01   0.27463E+22
   0.29266E+04   0.10777E+04   0.18027E+01   0.27466E+22
   0.29270E+04   0.10779E+04   0.18029E+01   0.27469E+22
   0.29275E+04   0.10781E+04   0.18031E+01   0.27472E+22
   0.29279E+04   0.10783E+04   0.18033E+01   0.27475E+22
   0.29283E+04   0.10784E+04   0.18035E+01   0.27479E+22
   0.29288E+04   0.10786E+04   0.18037E+01   0.27482E+22
   0.29292E+04   0.10788E+04   0.18039E+01   0.27485E+22
   0.29297E+04   0.10790E+04   0.18041E+01   0.27488E+22
   0.29301E+04   0.10791E+04   0.18043E+01   0.27491E+22
   0.29306E+04   0.10793E+04   0.18045E+01   0.27494E+22
   0.29310E+04   0.10795E+04   0.18047E+01   0.27497E+22
   0.29314E+04   0.10797E+04   0.18049E+01   0.27500E+22
   0.29319E+04   0.10798E+04   0.18051E+01   0.27503E+22
   0.29323E+04   0.10800E+04   0.18053E+01   0.27506E+22
   0.29328E+04   0.10802E+04   0.18055E+01   0.27509E+22
   0.29332E+04   0.10804E+04   0.18057E+01   0.27512E+22
   0.29337E+04   0.10805E+04   0.18059E+01   0.27515E+22
   0.29341E+04   0.10807E+04   0.18061E+01   0.27518E+22
   0.29346E+04   0.10809E+04   0.18063E+01   0.27521E+22
   0.29350E+04   0.10810E+04   0.18065E+01   0.27524E+22
   0.29355E+04   0.10812E+04   0.18067E+01   0.27527E+22
   0.29359E+04   0.10814E+04   0.18069E+01   0.27530E+22
   0.29363E+04   0.10816E+04   0.18071E+01   0.27533E+22
   0.29368E+04   0.10817E+04   0.18073E+01   0.27536E+22
   0.29372E+04   0.10819E+04   0.18075E+01   0.27539E+22
   0.29377E+04   0.10821E+04   0.18077E+01   0.27542E+22
   0.29381E+04   0.10823E+04   0.18079E+01   0.27545E+22
   0.29386E+04   0.10824E+04   0.18081E+01   0.27548E+22
   0.29390E+04   0.10826E+04   0.18083E+01   0.27551E+22
   0.29395E+04   0.10828E+04   0.18085E+01   0.27554E+22
   0.29399E+04   0.10830E+04   0.18087E+01   0.27558E+22
   0.29403E+04   0.10831E+04   0.18089E+01   0.27561E+22
   0.29408E+04   0.10833E+04   0.18091E+01   0.27564E+22
   0.29412E+04   0.10835E+04   0.18093E+01   0.27567E+22
   0.29417E+04   0.10837E+04   0.18095E+01   0.27570E+22
   0.29421E+04   0.10838E+04   0.18097E+01   0.27573E+22
   0.29426E+04   0.10840E+04   0.18099E+01   0.27576E+22
   0.29430E+04   0.10842E+04   0.18101E+01   0.27579E+22
   0.29435E+04   0.10844E+04   0.18103E+01   0.27582E+22
   0.29439E+04   0.10845E+04   0.18105E+01   0.27585E+22
   0.29443E+04   0.10847E+04   0.18107E+01   0.27588E+22
   0.29448E+04   0.10849E+04   0.18109E+01   0.27591E+22
   0.29452E+04   0.10851E+04   0.18111E+01   0.27594E+22
   0.29457E+04   0.10852E+04   0.18113E+01   0.27597E+22
   0.29461E+04   0.10854E+04   0.18115E+01   0.27600E+22
   0.29466E+04   0.10856E+04   0.18117E+01   0.27603E+22
   0.29470E+04   0.10858E+04   0.18119E+01   0.27606E+22
   0.29475E+04   0.10859E+04   0.18121E+01   0.27609E+22
   0.29479E+04   0.10861E+04   0.18123E+01   0.27612E+22
   0.29484E+04   0.10863E+04   0.18125E+01   0.27615E+22
   0.29488E+04   0.10864E+04   0.18127E+01   0.27618E+22
   0.29492E+04   0.10866E+04   0.18129E+01   0.27621E+22
   0.29497E+04   0.10868E+04   0.18131E+01   0.27624E+22
   0.29501E+04   0.10870E+04   0.18133E+01   0.27627E+22
   0.29506E+04   0.10871E+04   0.18135E+01   0.27630E+22
   0.29510E+04   0.10873E+04   0.18137E+01   0.27634E+22
   0.29515E+04   0.10875E+04   0.18139E+01   0.27637E+22
   0.29519E+04   0.10877E+04   0.18141E+01   0.27640E+22
   0.29524E+04   0.10878E+04   0.18143E+01   0.27643E+22
   0.29528E+04   0.10880E+04   0.18145E+01   0.27646E+22
   0.29533E+04   0.10882E+04   0.18147E+01   0.27649E+22
   0.29537E+04   0.10884E+04   0.18149E+01   0.27652E+22
   0.29541E+04   0.10885E+04   0.18151E+01   0.27655E+22
   0.29546E+04   0.10887E+04   0.18153E+01   0.27658E+22
   0.29550E+04   0.10889E+04   0.18155E+01   0.27661E+22
   0.29555E+04   0.10891E+04   0.18157E+01   0.27664E+22
   0.29559E+04   0.10892E+04   0.18159E+01   0.27667E+22
   0.29564E+04   0.10894E+04   0.18161E+01   0.27670E+22
   0.29568E+04   0.10896E+04   0.18163E+01   0.27673E+22
   0.29573E+04   0.10898E+04   0.18165E+01   0.27676E+22
   0.29577E+04   0.10899E+04   0.18167E+01   0.27679E+22
   0.29582E+04   0.10901E+04   0.18169E+01   0.27682E+22
   0.29586E+04   0.10903E+04   0.18171E+01   0.27685E+22
   0.29590E+04   0.10905E+04   0.18173E+01   0.27688E+22
   0.29595E+04   0.10906E+04   0.18175E+01   0.27691E+22
   0.29599E+04   0.10908E+04   0.18177E+01   0.27694E+22
   0.29604E+04   0.10910E+04   0.18179E+01   0.27697E+22
   0.29608E+04   0.10912E+04   0.18181E+01   0.27700E+22
   0.29613E+04   0.10913E+04   0.18183E+01   0.27703E+22
   0.29617E+04   0.10915E+04   0.18185E+01   0.27707E+22
   0.29622E+04   0.10917E+04   0.18187E+01   0.27710E+22
   0.29626E+04   0.10919E+04   0.18189E+01   0.27713E+22
   0.29631E+04   0.10920E+04   0.18191E+01   0.27716E+22
   0.29635E+04   0.10922E+04   0.18193E+01   0.27719E+22
   0.29639E+04   0.10924E+04   0.18195E+01   0.27722E+22
   0.29644E+04   0.10926E+04   0.18197E+01   0.27725E+22
   0.29648E+04   0.10927E+04   0.18199E+01   0.27728E+22
   0.29653E+04   0.10929E+04   0.18201E+01   0.27731E+22
   0.29657E+04   0.10931E+04   0.18203E+01   0.27734E+22
   0.29662E+04   0.10932E+04   0.18205E+01   0.27737E+22
   0.29666E+04   0.10934E+04   0.18207E+01   0.27740E+22
   0.29671E+04   0.10936E+04   0.18209E+01   0.27743E+22
   0.29675E+04   0.10938E+04   0.18211E+01   0.27746E+22
   0.29680E+04   0.10939E+04   0.18213E+01   0.27749E+22
   0.29684E+04   0.10941E+04   0.18215E+01   0.27752E+22
   0.29689E+04   0.10943E+04   0.18217E+01   0.27755E+22
   0.29693E+04   0.10945E+04   0.18219E+01   0.27758E+22
   0.29697E+04   0.10946E+04   0.18221E+01   0.27761E+22
   0.29702E+04   0.10948E+04   0.18223E+01   0.27764E+22
   0.29706E+04   0.10950E+04   0.18225E+01   0.27767E+22
   0.29711E+04   0.10952E+04   0.18227E+01   0.27770E+22
   0.29715E+04   0.10953E+04   0.18229E+01   0.27773E+22
   0.29720E+04   0.10955E+04   0.18231E+01   0.27776E+22
   0.29724E+04   0.10957E+04   0.18233E+01   0.27780E+22
   0.29729E+04   0.10959E+04   0.18235E+01   0.27783E+22
   0.29733E+04   0.10960E+04   0.18237E+01   0.27786E+22
   0.29738E+04   0.10962E+04   0.18239E+01   0.27789E+22
   0.29742E+04   0.10964E+04   0.18241E+01   0.27792E+22
   0.29747E+04   0.10966E+04   0.18243E+01   0.27795E+22
   0.29751E+04   0.10967E+04   0.18245E+01   0.27798E+22
   0.29755E+04   0.10969E+04   0.18247E+01   0.27801E+22
   0.29760E+04   0.10971E+04   0.18249E+01   0.27804E+22
   0.29764E+04   0.10973E+04   0.18251E+01   0.27807E+22
   0.29769E+04   0.10974E+04   0.18253E+01   0.27810E+22
   0.29773E+04   0.10976E+04   0.18255E+01   0.27813E+22
   0.29778E+04   0.10978E+04   0.18257E+01   0.27816E+22
   0.29782E+04   0.10980E+04   0.18259E+01   0.27819E+22
   0.29787E+04   0.10981E+04   0.18261E+01   0.27822E+22
   0.29791E+04   0.10983E+04   0.18263E+01   0.27825E+22
   0.29796E+04   0.10985E+04   0.18265E+01   0.27828E+22
   0.29800E+04   0.10987E+04   0.18267E+01   0.27831E+22
   0.29805E+04   0.10988E+04   0.18269E+01   0.27834E+22
   0.29809E+04   0.10990E+04   0.18271E+01   0.27837E+22
   0.29813E+04   0.10992E+04   0.18273E+01   0.27840E+22
   0.29818E+04   0.10994E+04   0.18275E+01   0.27843E+22
   0.29822E+04   0.10995E+04   0.18277E+01   0.27846E+22
   0.29827E+04   0.10997E+04   0.18279E+01   0.27849E+22
   0.29831E+04   0.10999E+04   0.18281E+01   0.27853E+22
   0.29836E+04   0.11001E+04   0.18283E+01   0.27856E+22
   0.29840E+04   0.11002E+04   0.18285E+01   0.27859E+22
   0.29845E+04   0.11004E+04   0.18287E+01   0.27862E+22
   0.29849E+04   0.11006E+04   0.18289E+01   0.27865E+22
   0.29854E+04   0.11008E+04   0.18291E+01   0.27868E+22
   0.29858E+04   0.11009E+04   0.18293E+01   0.27871E+22
   0.29863E+04   0.11011E+04   0.18295E+01   0.27874E+22
   0.29867E+04   0.11013E+04   0.18297E+01   0.27877E+22
   0.29872E+04   0.11015E+04   0.18299E+01   0.27880E+22
   0.29876E+04   0.11016E+04   0.18301E+01   0.27883E+22
   0.29881E+04   0.11018E+04   0.18303E+01   0.27886E+22
   0.29885E+04   0.11020E+04   0.18305E+01   0.27889E+22
   0.29889E+04   0.11022E+04   0.18307E+01   0.27892E+22
   0.29894E+04   0.11023E+04   0.18309E+01   0.27895E+22
   0.29898E+04   0.11025E+04   0.18311E+01   0.27898E+22
   0.29903E+04   0.11027E+04   0.18313E+01   0.27901E+22
   0.29907E+04   0.11029E+04   0.18315E+01   0.27904E+22
   0.29912E+04   0.11030E+04   0.18317E+01   0.27907E+22
   0.29916E+04   0.11032E+04   0.18319E+01   0.27910E+22
   0.29921E+04   0.11034E+04   0.18321E+01   0.27913E+22
   0.29925E+04   0.11036E+04   0.18323E+01   0.27916E+22
   0.29930E+04   0.11037E+04   0.18325E+01   0.27919E+22
   0.29934E+04   0.11039E+04   0.18327E+01   0.27922E+22
   0.29939E+04   0.11041E+04   0.18329E+01   0.27926E+22
   0.29943E+04   0.11043E+04   0.18331E+01   0.27929E+22
   0.29948E+04   0.11044E+04   0.18333E+01   0.27932E+22
   0.29952E+04   0.11046E+04   0.18335E+01   0.27935E+22
   0.29957E+04   0.11048E+04   0.18337E+01   0.27938E+22
   0.29961E+04   0.11050E+04   0.18339E+01   0.27941E+22
   0.29965E+04   0.11051E+04   0.18341E+01   0.27944E+22
   0.29970E+04   0.11053E+04   0.18343E+01   0.27947E+22
   0.29974E+04   0.11055E+04   0.18345E+01   0.27950E+22
   0.29979E+04   0.11057E+04   0.18347E+01   0.27953E+22
   0.29983E+04   0.11058E+04   0.18349E+01   0.27956E+22
   0.29988E+04   0.11060E+04   0.18351E+01   0.27959E+22
   0.29992E+04   0.11062E+04   0.18353E+01   0.27962E+22
   0.29997E+04   0.11064E+04   0.18355E+01   0.27965E+22
   0.30001E+04   0.11065E+04   0.18357E+01   0.27968E+22
   0.30006E+04   0.11067E+04   0.18359E+01   0.27971E+22
   0.30010E+04   0.11069E+04   0.18361E+01   0.27974E+22
   0.30015E+04   0.11071E+04   0.18363E+01   0.27977E+22
   0.30019E+04   0.11072E+04   0.18365E+01   0.27980E+22
   0.30024E+04   0.11074E+04   0.18367E+01   0.27983E+22
   0.30028E+04   0.11076E+04   0.18369E+01   0.27986E+22
   0.30033E+04   0.11078E+04   0.18371E+01   0.27989E+22
   0.30037E+04   0.11079E+04   0.18373E+01   0.27992E+22
   0.30042E+04   0.11081E+04   0.18375E+01   0.27996E+22
   0.30046E+04   0.11083E+04   0.18377E+01   0.27999E+22
   0.30050E+04   0.11085E+04   0.18379E+01   0.28002E+22
   0.30055E+04   0.11086E+04   0.18381E+01   0.28005E+22
   0.30059E+04   0.11088E+04   0.18383E+01   0.28008E+22
   0.30064E+04   0.11090E+04   0.18385E+01   0.28011E+22
   0.30068E+04   0.11092E+04   0.18387E+01   0.28014E+22
   0.30073E+04   0.11093E+04   0.18389E+01   0.28017E+22
   0.30077E+04   0.11095E+04   0.18391E+01   0.28020E+22
   0.30082E+04   0.11097E+04   0.18393E+01   0.28023E+22
   0.30086E+04   0.11099E+04   0.18395E+01   0.28026E+22
   0.30091E+04   0.11100E+04   0.18397E+01   0.28029E+22
   0.30095E+04   0.11102E+04   0.18399E+01   0.28032E+22
   0.30100E+04   0.11104E+04   0.18401E+01   0.28035E+22
   0.30104E+04   0.11106E+04   0.18403E+01   0.28038E+22
   0.30109E+04   0.11107E+04   0.18405E+01   0.28041E+22
   0.30113E+04   0.11109E+04   0.18407E+01   0.28044E+22
   0.30118E+04   0.11111E+04   0.18409E+01   0.28047E+22
   0.30122E+04   0.11113E+04   0.18411E+01   0.28050E+22
   0.30127E+04   0.11114E+04   0.18413E+01   0.28053E+22
   0.30131E+04   0.11116E+04   0.18415E+01   0.28056E+22
   0.30136E+04   0.11118E+04   0.18417E+01   0.28059E+22
   0.30140E+04   0.11120E+04   0.18419E+01   0.28062E+22
   0.30145E+04   0.11121E+04   0.18421E+01   0.28066E+22
   0.30149E+04   0.11123E+04   0.18423E+01   0.28069E+22
   0.30153E+04   0.11125E+04   0.18425E+01   0.28072E+22
   0.30158E+04   0.11127E+04   0.18427E+01   0.28075E+22
   0.30162E+04   0.11128E+04   0.18429E+01   0.28078E+22
   0.30167E+04   0.11130E+04   0.18431E+01   0.28081E+22
   0.30171E+04   0.11132E+04   0.18433E+01   0.28084E+22
   0.30176E+04   0.11134E+04   0.18435E+01   0.28087E+22
   0.30180E+04   0.11135E+04   0.18437E+01   0.28090E+22
   0.30185E+04   0.11137E+04   0.18439E+01   0.28093E+22
   0.30189E+04   0.11139E+04   0.18441E+01   0.28096E+22
   0.30194E+04   0.11141E+04   0.18443E+01   0.28099E+22
   0.30198E+04   0.11142E+04   0.18445E+01   0.28102E+22
   0.30203E+04   0.11144E+04   0.18447E+01   0.28105E+22
   0.30207E+04   0.11146E+04   0.18449E+01   0.28108E+22
   0.30212E+04   0.11148E+04   0.18451E+01   0.28111E+22
   0.30216E+04   0.11149E+04   0.18453E+01   0.28114E+22
   0.30221E+04   0.11151E+04   0.18455E+01   0.28117E+22
   0.30225E+04   0.11153E+04   0.18457E+01   0.28120E+22
   0.30230E+04   0.11155E+04   0.18459E+01   0.28123E+22
   0.30234E+04   0.11156E+04   0.18461E+01   0.28126E+22
   0.30239E+04   0.11158E+04   0.18463E+01   0.28129E+22
   0.30243E+04   0.11160E+04   0.18465E+01   0.28132E+22
   0.30248E+04   0.11162E+04   0.18467E+01   0.28136E+22
   0.30252E+04   0.11163E+04   0.18469E+01   0.28139E+22
   0.30257E+04   0.11165E+04   0.18471E+01   0.28142E+22
   0.30261E+04   0.11167E+04   0.18473E+01   0.28145E+22
   0.30266E+04   0.11169E+04   0.18475E+01   0.28148E+22
   0.30270E+04   0.11170E+04   0.18477E+01   0.28151E+22
   0.30275E+04   0.11172E+04   0.18479E+01   0.28154E+22
   0.30279E+04   0.11174E+04   0.18481E+01   0.28157E+22
   0.30283E+04   0.11176E+04   0.18483E+01   0.28160E+22
   0.30288E+04   0.11177E+04   0.18485E+01   0.28163E+22
   0.30292E+04   0.11179E+04   0.18487E+01   0.28166E+22
   0.30297E+04   0.11181E+04   0.18489E+01   0.28169E+22
   0.30301E+04   0.11183E+04   0.18491E+01   0.28172E+22
   0.30306E+04   0.11184E+04   0.18493E+01   0.28175E+22
   0.30310E+04   0.11186E+04   0.18495E+01   0.28178E+22
   0.30315E+04   0.11188E+04   0.18497E+01   0.28181E+22
   0.30319E+04   0.11190E+04   0.18499E+01   0.28184E+22
   0.30324E+04   0.11191E+04   0.18501E+01   0.28187E+22
   0.30328E+04   0.11193E+04   0.18503E+01   0.28190E+22
   0.30333E+04   0.11195E+04   0.18505E+01   0.28193E+22
   0.30337E+04   0.11197E+04   0.18507E+01   0.28196E+22
   0.30342E+04   0.11198E+04   0.18509E+01   0.28199E+22
   0.30346E+04   0.11200E+04   0.18511E+01   0.28202E+22
   0.30351E+04   0.11202E+04   0.18513E+01   0.28206E+22
   0.30355E+04   0.11204E+04   0.18515E+01   0.28209E+22
   0.30360E+04   0.11205E+04   0.18517E+01   0.28212E+22
   0.30364E+04   0.11207E+04   0.18519E+01   0.28215E+22
   0.30369E+04   0.11209E+04   0.18521E+01   0.28218E+22
   0.30373E+04   0.11211E+04   0.18523E+01   0.28221E+22
   0.30378E+04   0.11212E+04   0.18525E+01   0.28224E+22
   0.30382E+04   0.11214E+04   0.18527E+01   0.28227E+22
   0.30387E+04   0.11216E+04   0.18529E+01   0.28230E+22
   0.30391E+04   0.11218E+04   0.18531E+01   0.28233E+22
   0.30396E+04   0.11219E+04   0.18533E+01   0.28236E+22
   0.30400E+04   0.11221E+04   0.18535E+01   0.28239E+22
   0.30405E+04   0.11223E+04   0.18537E+01   0.28242E+22
   0.30409E+04   0.11225E+04   0.18539E+01   0.28245E+22
   0.30414E+04   0.11226E+04   0.18541E+01   0.28248E+22
   0.30418E+04   0.11228E+04   0.18543E+01   0.28251E+22
   0.30423E+04   0.11230E+04   0.18545E+01   0.28254E+22
   0.30427E+04   0.11232E+04   0.18547E+01   0.28257E+22
   0.30432E+04   0.11233E+04   0.18549E+01   0.28260E+22
   0.30436E+04   0.11235E+04   0.18551E+01   0.28263E+22
   0.30441E+04   0.11237E+04   0.18553E+01   0.28266E+22
   0.30445E+04   0.11239E+04   0.18555E+01   0.28269E+22
   0.30450E+04   0.11240E+04   0.18557E+01   0.28273E+22
   0.30454E+04   0.11242E+04   0.18559E+01   0.28276E+22
   0.30459E+04   0.11244E+04   0.18561E+01   0.28279E+22
   0.30463E+04   0.11246E+04   0.18563E+01   0.28282E+22
   0.30468E+04   0.11248E+04   0.18565E+01   0.28285E+22
   0.30472E+04   0.11249E+04   0.18567E+01   0.28288E+22
   0.30477E+04   0.11251E+04   0.18569E+01   0.28291E+22
   0.30481E+04   0.11253E+04   0.18571E+01   0.28294E+22
   0.30486E+04   0.11255E+04   0.18573E+01   0.28297E+22
   0.30490E+04   0.11256E+04   0.18575E+01   0.28300E+22
   0.30495E+04   0.11258E+04   0.18577E+01   0.28303E+22
   0.30499E+04   0.11260E+04   0.18579E+01   0.28306E+22
   0.30504E+04   0.11262E+04   0.18581E+01   0.28309E+22
   0.30508E+04   0.11263E+04   0.18583E+01   0.28312E+22
   0.30513E+04   0.11265E+04   0.18585E+01   0.28315E+22
   0.30517E+04   0.11267E+04   0.18587E+01   0.28318E+22
   0.30522E+04   0.11269E+04   0.18589E+01   0.28321E+22
   0.30526E+04   0.11270E+04   0.18591E+01   0.28324E+22
   0.30531E+04   0.11272E+04   0.18593E+01   0.28327E+22
   0.30535E+04   0.11274E+04   0.18595E+01   0.28330E+22
   0.30540E+04   0.11276E+04   0.18597E+01   0.28333E+22
   0.30544E+04   0.11277E+04   0.18599E+01   0.28336E+22
   0.30548E+04   0.11279E+04   0.18601E+01   0.28340E+22
   0.30553E+04   0.11281E+04   0.18603E+01   0.28343E+22
   0.30557E+04   0.11283E+04   0.18605E+01   0.28346E+22
   0.30562E+04   0.11284E+04   0.18607E+01   0.28349E+22
   0.30566E+04   0.11286E+04   0.18609E+01   0.28352E+22
   0.30571E+04   0.11288E+04   0.18611E+01   0.28355E+22
   0.30575E+04   0.11290E+04   0.18613E+01   0.28358E+22
   0.30580E+04   0.11291E+04   0.18615E+01   0.28361E+22
   0.30584E+04   0.11293E+04   0.18617E+01   0.28364E+22
   0.30589E+04   0.11295E+04   0.18619E+01   0.28367E+22
   0.30593E+04   0.11297E+04   0.18621E+01   0.28370E+22
   0.30598E+04   0.11298E+04   0.18623E+01   0.28373E+22
   0.30602E+04   0.11300E+04   0.18625E+01   0.28376E+22
   0.30607E+04   0.11302E+04   0.18627E+01   0.28379E+22
   0.30611E+04   0.11304E+04   0.18629E+01   0.28382E+22
   0.30616E+04   0.11305E+04   0.18631E+01   0.28385E+22
   0.30620E+04   0.11307E+04   0.18633E+01   0.28388E+22
   0.30625E+04   0.11309E+04   0.18635E+01   0.28391E+22
   0.30629E+04   0.11311E+04   0.18637E+01   0.28394E+22
   0.30634E+04   0.11312E+04   0.18639E+01   0.28397E+22
   0.30638E+04   0.11314E+04   0.18641E+01   0.28400E+22
   0.30643E+04   0.11316E+04   0.18643E+01   0.28403E+22
   0.30647E+04   0.11318E+04   0.18645E+01   0.28407E+22
   0.30652E+04   0.11320E+04   0.18647E+01   0.28410E+22
   0.30656E+04   0.11321E+04   0.18649E+01   0.28413E+22
   0.30661E+04   0.11323E+04   0.18651E+01   0.28416E+22
   0.30665E+04   0.11325E+04   0.18653E+01   0.28419E+22
   0.30670E+04   0.11327E+04   0.18655E+01   0.28422E+22
   0.30674E+04   0.11328E+04   0.18657E+01   0.28425E+22
   0.30679E+04   0.11330E+04   0.18659E+01   0.28428E+22
   0.30683E+04   0.11332E+04   0.18661E+01   0.28431E+22
   0.30688E+04   0.11334E+04   0.18663E+01   0.28434E+22
   0.30693E+04   0.11335E+04   0.18665E+01   0.28437E+22
   0.30697E+04   0.11337E+04   0.18667E+01   0.28440E+22
   0.30702E+04   0.11339E+04   0.18669E+01   0.28443E+22
   0.30706E+04   0.11341E+04   0.18671E+01   0.28446E+22
   0.30711E+04   0.11342E+04   0.18673E+01   0.28449E+22
   0.30715E+04   0.11344E+04   0.18675E+01   0.28452E+22
   0.30720E+04   0.11346E+04   0.18677E+01   0.28455E+22
   0.30724E+04   0.11348E+04   0.18679E+01   0.28458E+22
   0.30729E+04   0.11349E+04   0.18681E+01   0.28461E+22
   0.30733E+04   0.11351E+04   0.18683E+01   0.28464E+22
   0.30738E+04   0.11353E+04   0.18685E+01   0.28467E+22
   0.30742E+04   0.11355E+04   0.18687E+01   0.28470E+22
   0.30747E+04   0.11356E+04   0.18689E+01   0.28474E+22
   0.30751E+04   0.11358E+04   0.18691E+01   0.28477E+22
   0.30756E+04   0.11360E+04   0.18693E+01   0.28480E+22
   0.30760E+04   0.11362E+04   0.18695E+01   0.28483E+22
   0.30765E+04   0.11363E+04   0.18697E+01   0.28486E+22
   0.30769E+04   0.11365E+04   0.18699E+01   0.28489E+22
   0.30774E+04   0.11367E+04   0.18701E+01   0.28492E+22
   0.30778E+04   0.11369E+04   0.18703E+01   0.28495E+22
   0.30783E+04   0.11371E+04   0.18705E+01   0.28498E+22
   0.30787E+04   0.11372E+04   0.18707E+01   0.28501E+22
   0.30792E+04   0.11374E+04   0.18709E+01   0.28504E+22
   0.30796E+04   0.11376E+04   0.18711E+01   0.28507E+22
   0.30801E+04   0.11378E+04   0.18713E+01   0.28510E+22
   0.30805E+04   0.11379E+04   0.18715E+01   0.28513E+22
   0.30810E+04   0.11381E+04   0.18717E+01   0.28516E+22
   0.30814E+04   0.11383E+04   0.18719E+01   0.28519E+22
   0.30819E+04   0.11385E+04   0.18721E+01   0.28522E+22
   0.30823E+04   0.11386E+04   0.18723E+01   0.28525E+22
   0.30828E+04   0.11388E+04   0.18725E+01   0.28528E+22
   0.30832E+04   0.11390E+04   0.18727E+01   0.28531E+22
   0.30837E+04   0.11392E+04   0.18729E+01   0.28534E+22
   0.30841E+04   0.11393E+04   0.18731E+01   0.28538E+22
   0.30846E+04   0.11395E+04   0.18733E+01   0.28541E+22
   0.30850E+04   0.11397E+04   0.18735E+01   0.28544E+22
   0.30855E+04   0.11399E+04   0.18737E+01   0.28547E+22
   0.30859E+04   0.11400E+04   0.18739E+01   0.28550E+22
   0.30864E+04   0.11402E+04   0.18741E+01   0.28553E+22
   0.30868E+04   0.11404E+04   0.18743E+01   0.28556E+22
   0.30873E+04   0.11406E+04   0.18745E+01   0.28559E+22
   0.30877E+04   0.11407E+04   0.18747E+01   0.28562E+22
   0.30882E+04   0.11409E+04   0.18749E+01   0.28565E+22
   0.30886E+04   0.11411E+04   0.18751E+01   0.28568E+22
   0.30891E+04   0.11413E+04   0.18753E+01   0.28571E+22
   0.30895E+04   0.11415E+04   0.18755E+01   0.28574E+22
   0.30900E+04   0.11416E+04   0.18757E+01   0.28577E+22
   0.30904E+04   0.11418E+04   0.18759E+01   0.28580E+22
   0.30909E+04   0.11420E+04   0.18761E+01   0.28583E+22
   0.30913E+04   0.11422E+04   0.18763E+01   0.28586E+22
   0.30918E+04   0.11423E+04   0.18765E+01   0.28589E+22
   0.30922E+04   0.11425E+04   0.18767E+01   0.28592E+22
   0.30927E+04   0.11427E+04   0.18769E+01   0.28595E+22
   0.30931E+04   0.11429E+04   0.18771E+01   0.28598E+22
   0.30936E+04   0.11430E+04   0.18773E+01   0.28602E+22
   0.30940E+04   0.11432E+04   0.18775E+01   0.28605E+22
   0.30945E+04   0.11434E+04   0.18777E+01   0.28608E+22
   0.30949E+04   0.11436E+04   0.18779E+01   0.28611E+22
   0.30954E+04   0.11437E+04   0.18781E+01   0.28614E+22
   0.30959E+04   0.11439E+04   0.18783E+01   0.28617E+22
   0.30963E+04   0.11441E+04   0.18785E+01   0.28620E+22
   0.30968E+04   0.11443E+04   0.18787E+01   0.28623E+22
   0.30972E+04   0.11444E+04   0.18789E+01   0.28626E+22
   0.30977E+04   0.11446E+04   0.18791E+01   0.28629E+22
   0.30981E+04   0.11448E+04   0.18793E+01   0.28632E+22
   0.30986E+04   0.11450E+04   0.18795E+01   0.28635E+22
   0.30990E+04   0.11452E+04   0.18797E+01   0.28638E+22
   0.30995E+04   0.11453E+04   0.18799E+01   0.28641E+22
   0.30999E+04   0.11455E+04   0.18801E+01   0.28644E+22
   0.31004E+04   0.11457E+04   0.18803E+01   0.28647E+22
   0.31008E+04   0.11459E+04   0.18805E+01   0.28650E+22
   0.31013E+04   0.11460E+04   0.18807E+01   0.28653E+22
   0.31017E+04   0.11462E+04   0.18809E+01   0.28656E+22
   0.31022E+04   0.11464E+04   0.18811E+01   0.28659E+22
   0.31026E+04   0.11466E+04   0.18813E+01   0.28662E+22
   0.31031E+04   0.11467E+04   0.18815E+01   0.28666E+22
   0.31035E+04   0.11469E+04   0.18817E+01   0.28669E+22
   0.31040E+04   0.11471E+04   0.18819E+01   0.28672E+22
   0.31044E+04   0.11473E+04   0.18821E+01   0.28675E+22
   0.31049E+04   0.11474E+04   0.18823E+01   0.28678E+22
   0.31053E+04   0.11476E+04   0.18825E+01   0.28681E+22
   0.31058E+04   0.11478E+04   0.18827E+01   0.28684E+22
   0.31062E+04   0.11480E+04   0.18829E+01   0.28687E+22
   0.31067E+04   0.11481E+04   0.18831E+01   0.28690E+22
   0.31071E+04   0.11483E+04   0.18833E+01   0.28693E+22
   0.31076E+04   0.11485E+04   0.18835E+01   0.28696E+22
   0.31080E+04   0.11487E+04   0.18837E+01   0.28699E+22
   0.31085E+04   0.11489E+04   0.18839E+01   0.28702E+22
   0.31090E+04   0.11490E+04   0.18841E+01   0.28705E+22
   0.31094E+04   0.11492E+04   0.18843E+01   0.28708E+22
   0.31099E+04   0.11494E+04   0.18845E+01   0.28711E+22
   0.31103E+04   0.11496E+04   0.18847E+01   0.28714E+22
   0.31108E+04   0.11497E+04   0.18849E+01   0.28717E+22
   0.31112E+04   0.11499E+04   0.18851E+01   0.28720E+22
   0.31117E+04   0.11501E+04   0.18853E+01   0.28723E+22
   0.31121E+04   0.11503E+04   0.18855E+01   0.28726E+22
   0.31126E+04   0.11504E+04   0.18857E+01   0.28730E+22
   0.31130E+04   0.11506E+04   0.18859E+01   0.28733E+22
   0.31135E+04   0.11508E+04   0.18861E+01   0.28736E+22
   0.31139E+04   0.11510E+04   0.18863E+01   0.28739E+22
   0.31144E+04   0.11511E+04   0.18865E+01   0.28742E+22
   0.31148E+04   0.11513E+04   0.18867E+01   0.28745E+22
   0.31153E+04   0.11515E+04   0.18869E+01   0.28748E+22
   0.31157E+04   0.11517E+04   0.18871E+01   0.28751E+22
   0.31162E+04   0.11519E+04   0.18873E+01   0.28754E+22
   0.31166E+04   0.11520E+04   0.18875E+01   0.28757E+22
   0.31171E+04   0.11522E+04   0.18877E+01   0.28760E+22
   0.31175E+04   0.11524E+04   0.18879E+01   0.28763E+22
   0.31180E+04   0.11526E+04   0.18881E+01   0.28766E+22
   0.31184E+04   0.11527E+04   0.18883E+01   0.28769E+22
   0.31189E+04   0.11529E+04   0.18885E+01   0.28772E+22
   0.31194E+04   0.11531E+04   0.18887E+01   0.28775E+22
   0.31198E+04   0.11533E+04   0.18889E+01   0.28778E+22
   0.31203E+04   0.11534E+04   0.18891E+01   0.28781E+22
   0.31207E+04   0.11536E+04   0.18893E+01   0.28784E+22
   0.31212E+04   0.11538E+04   0.18895E+01   0.28787E+22
   0.31216E+04   0.11540E+04   0.18897E+01   0.28790E+22
   0.31221E+04   0.11541E+04   0.18899E+01   0.28794E+22
   0.31225E+04   0.11543E+04   0.18901E+01   0.28797E+22
   0.31230E+04   0.11545E+04   0.18903E+01   0.28800E+22
   0.31234E+04   0.11547E+04   0.18905E+01   0.28803E+22
   0.31239E+04   0.11549E+04   0.18907E+01   0.28806E+22
   0.31243E+04   0.11550E+04   0.18909E+01   0.28809E+22
   0.31248E+04   0.11552E+04   0.18911E+01   0.28812E+22
   0.31252E+04   0.11554E+04   0.18913E+01   0.28815E+22
   0.31257E+04   0.11556E+04   0.18915E+01   0.28818E+22
   0.31261E+04   0.11557E+04   0.18917E+01   0.28821E+22
   0.31266E+04   0.11559E+04   0.18919E+01   0.28824E+22
   0.31270E+04   0.11561E+04   0.18921E+01   0.28827E+22
   0.31275E+04   0.11563E+04   0.18923E+01   0.28830E+22
   0.31280E+04   0.11564E+04   0.18925E+01   0.28833E+22
   0.31284E+04   0.11566E+04   0.18927E+01   0.28836E+22
   0.31289E+04   0.11568E+04   0.18929E+01   0.28839E+22
   0.31293E+04   0.11570E+04   0.18931E+01   0.28842E+22
   0.31298E+04   0.11571E+04   0.18933E+01   0.28845E+22
   0.31302E+04   0.11573E+04   0.18935E+01   0.28848E+22
   0.31307E+04   0.11575E+04   0.18937E+01   0.28851E+22
   0.31311E+04   0.11577E+04   0.18939E+01   0.28855E+22
   0.31316E+04   0.11579E+04   0.18941E+01   0.28858E+22
   0.31320E+04   0.11580E+04   0.18943E+01   0.28861E+22
   0.31325E+04   0.11582E+04   0.18945E+01   0.28864E+22
   0.31329E+04   0.11584E+04   0.18947E+01   0.28867E+22
   0.31334E+04   0.11586E+04   0.18949E+01   0.28870E+22
   0.31338E+04   0.11587E+04   0.18951E+01   0.28873E+22
   0.31343E+04   0.11589E+04   0.18953E+01   0.28876E+22
   0.31347E+04   0.11591E+04   0.18955E+01   0.28879E+22
   0.31352E+04   0.11593E+04   0.18957E+01   0.28882E+22
   0.31357E+04   0.11594E+04   0.18959E+01   0.28885E+22
   0.31361E+04   0.11596E+04   0.18961E+01   0.28888E+22
   0.31366E+04   0.11598E+04   0.18963E+01   0.28891E+22
   0.31370E+04   0.11600E+04   0.18965E+01   0.28894E+22
   0.31375E+04   0.11601E+04   0.18967E+01   0.28897E+22
   0.31379E+04   0.11603E+04   0.18969E+01   0.28900E+22
   0.31384E+04   0.11605E+04   0.18971E+01   0.28903E+22
   0.31388E+04   0.11607E+04   0.18973E+01   0.28906E+22
   0.31393E+04   0.11609E+04   0.18975E+01   0.28909E+22
   0.31397E+04   0.11610E+04   0.18977E+01   0.28912E+22
   0.31402E+04   0.11612E+04   0.18979E+01   0.28915E+22
   0.31406E+04   0.11614E+04   0.18981E+01   0.28919E+22
   0.31411E+04   0.11616E+04   0.18983E+01   0.28922E+22
   0.31415E+04   0.11617E+04   0.18985E+01   0.28925E+22
   0.31420E+04   0.11619E+04   0.18987E+01   0.28928E+22
   0.31424E+04   0.11621E+04   0.18989E+01   0.28931E+22
   0.31429E+04   0.11623E+04   0.18991E+01   0.28934E+22
   0.31434E+04   0.11624E+04   0.18993E+01   0.28937E+22
   0.31438E+04   0.11626E+04   0.18995E+01   0.28940E+22
   0.31443E+04   0.11628E+04   0.18997E+01   0.28943E+22
   0.31447E+04   0.11630E+04   0.18999E+01   0.28946E+22
   0.31452E+04   0.11632E+04   0.19001E+01   0.28949E+22
   0.31456E+04   0.11633E+04   0.19003E+01   0.28952E+22
   0.31461E+04   0.11635E+04   0.19005E+01   0.28955E+22
   0.31465E+04   0.11637E+04   0.19007E+01   0.28958E+22
   0.31470E+04   0.11639E+04   0.19009E+01   0.28961E+22
   0.31474E+04   0.11640E+04   0.19011E+01   0.28964E+22
   0.31479E+04   0.11642E+04   0.19013E+01   0.28967E+22
   0.31483E+04   0.11644E+04   0.19015E+01   0.28970E+22
   0.31488E+04   0.11646E+04   0.19017E+01   0.28973E+22
   0.31493E+04   0.11647E+04   0.19019E+01   0.28976E+22
   0.31497E+04   0.11649E+04   0.19021E+01   0.28980E+22
   0.31502E+04   0.11651E+04   0.19023E+01   0.28983E+22
   0.31506E+04   0.11653E+04   0.19025E+01   0.28986E+22
   0.31511E+04   0.11655E+04   0.19027E+01   0.28989E+22
   0.31515E+04   0.11656E+04   0.19029E+01   0.28992E+22
   0.31520E+04   0.11658E+04   0.19031E+01   0.28995E+22
   0.31524E+04   0.11660E+04   0.19033E+01   0.28998E+22
   0.31529E+04   0.11662E+04   0.19035E+01   0.29001E+22
   0.31533E+04   0.11663E+04   0.19037E+01   0.29004E+22
   0.31538E+04   0.11665E+04   0.19039E+01   0.29007E+22
   0.31542E+04   0.11667E+04   0.19041E+01   0.29010E+22
   0.31547E+04   0.11669E+04   0.19043E+01   0.29013E+22
   0.31552E+04   0.11670E+04   0.19045E+01   0.29016E+22
   0.31556E+04   0.11672E+04   0.19047E+01   0.29019E+22
   0.31561E+04   0.11674E+04   0.19049E+01   0.29022E+22
   0.31565E+04   0.11676E+04   0.19051E+01   0.29025E+22
   0.31570E+04   0.11678E+04   0.19053E+01   0.29028E+22
   0.31574E+04   0.11679E+04   0.19055E+01   0.29031E+22
   0.31579E+04   0.11681E+04   0.19057E+01   0.29034E+22
   0.31583E+04   0.11683E+04   0.19059E+01   0.29037E+22
   0.31588E+04   0.11685E+04   0.19061E+01   0.29041E+22
   0.31592E+04   0.11686E+04   0.19063E+01   0.29044E+22
   0.31597E+04   0.11688E+04   0.19065E+01   0.29047E+22
   0.31601E+04   0.11690E+04   0.19067E+01   0.29050E+22
   0.31606E+04   0.11692E+04   0.19069E+01   0.29053E+22
   0.31611E+04   0.11693E+04   0.19071E+01   0.29056E+22
   0.31615E+04   0.11695E+04   0.19073E+01   0.29059E+22
   0.31620E+04   0.11697E+04   0.19075E+01   0.29062E+22
   0.31624E+04   0.11699E+04   0.19077E+01   0.29065E+22
   0.31629E+04   0.11701E+04   0.19079E+01   0.29068E+22
   0.31633E+04   0.11702E+04   0.19081E+01   0.29071E+22
   0.31638E+04   0.11704E+04   0.19083E+01   0.29074E+22
   0.31642E+04   0.11706E+04   0.19085E+01   0.29077E+22
   0.31647E+04   0.11708E+04   0.19087E+01   0.29080E+22
   0.31651E+04   0.11709E+04   0.19089E+01   0.29083E+22
   0.31656E+04   0.11711E+04   0.19091E+01   0.29086E+22
   0.31660E+04   0.11713E+04   0.19093E+01   0.29089E+22
   0.31665E+04   0.11715E+04   0.19095E+01   0.29092E+22
   0.31670E+04   0.11716E+04   0.19097E+01   0.29095E+22
   0.31674E+04   0.11718E+04   0.19099E+01   0.29098E+22
   0.31679E+04   0.11720E+04   0.19101E+01   0.29102E+22
   0.31683E+04   0.11722E+04   0.19103E+01   0.29105E+22
   0.31688E+04   0.11724E+04   0.19105E+01   0.29108E+22
   0.31692E+04   0.11725E+04   0.19107E+01   0.29111E+22
   0.31697E+04   0.11727E+04   0.19109E+01   0.29114E+22
   0.31701E+04   0.11729E+04   0.19111E+01   0.29117E+22
   0.31706E+04   0.11731E+04   0.19113E+01   0.29120E+22
   0.31710E+04   0.11732E+04   0.19115E+01   0.29123E+22
   0.31715E+04   0.11734E+04   0.19117E+01   0.29126E+22
   0.31720E+04   0.11736E+04   0.19119E+01   0.29129E+22
   0.31724E+04   0.11738E+04   0.19121E+01   0.29132E+22
   0.31729E+04   0.11739E+04   0.19123E+01   0.29135E+22
   0.31733E+04   0.11741E+04   0.19125E+01   0.29138E+22
   0.31738E+04   0.11743E+04   0.19127E+01   0.29141E+22
   0.31742E+04   0.11745E+04   0.19129E+01   0.29144E+22
   0.31747E+04   0.11747E+04   0.19131E+01   0.29147E+22
   0.31751E+04   0.11748E+04   0.19133E+01   0.29150E+22
   0.31756E+04   0.11750E+04   0.19135E+01   0.29153E+22
   0.31760E+04   0.11752E+04   0.19137E+01   0.29156E+22
   0.31765E+04   0.11754E+04   0.19139E+01   0.29159E+22
   0.31770E+04   0.11755E+04   0.19141E+01   0.29163E+22
   0.31774E+04   0.11757E+04   0.19143E+01   0.29166E+22
   0.31779E+04   0.11759E+04   0.19145E+01   0.29169E+22
   0.31783E+04   0.11761E+04   0.19147E+01   0.29172E+22
   0.31788E+04   0.11763E+04   0.19149E+01   0.29175E+22
   0.31792E+04   0.11764E+04   0.19151E+01   0.29178E+22
   0.31797E+04   0.11766E+04   0.19153E+01   0.29181E+22
   0.31801E+04   0.11768E+04   0.19155E+01   0.29184E+22
   0.31806E+04   0.11770E+04   0.19157E+01   0.29187E+22
   0.31811E+04   0.11771E+04   0.19159E+01   0.29190E+22
   0.31815E+04   0.11773E+04   0.19161E+01   0.29193E+22
   0.31820E+04   0.11775E+04   0.19163E+01   0.29196E+22
   0.31824E+04   0.11777E+04   0.19165E+01   0.29199E+22
   0.31829E+04   0.11778E+04   0.19167E+01   0.29202E+22
   0.31833E+04   0.11780E+04   0.19169E+01   0.29205E+22
   0.31838E+04   0.11782E+04   0.19171E+01   0.29208E+22
   0.31842E+04   0.11784E+04   0.19173E+01   0.29211E+22
   0.31847E+04   0.11786E+04   0.19175E+01   0.29214E+22
   0.31851E+04   0.11787E+04   0.19177E+01   0.29217E+22
   0.31856E+04   0.11789E+04   0.19179E+01   0.29221E+22
   0.31861E+04   0.11791E+04   0.19181E+01   0.29224E+22
   0.31865E+04   0.11793E+04   0.19183E+01   0.29227E+22
   0.31870E+04   0.11794E+04   0.19185E+01   0.29230E+22
   0.31874E+04   0.11796E+04   0.19187E+01   0.29233E+22
   0.31879E+04   0.11798E+04   0.19189E+01   0.29236E+22
   0.31883E+04   0.11800E+04   0.19191E+01   0.29239E+22
   0.31888E+04   0.11802E+04   0.19193E+01   0.29242E+22
   0.31892E+04   0.11803E+04   0.19195E+01   0.29245E+22
   0.31897E+04   0.11805E+04   0.19197E+01   0.29248E+22
   0.31902E+04   0.11807E+04   0.19199E+01   0.29251E+22
   0.31906E+04   0.11809E+04   0.19201E+01   0.29254E+22
   0.31911E+04   0.11810E+04   0.19203E+01   0.29257E+22
   0.31915E+04   0.11812E+04   0.19205E+01   0.29260E+22
   0.31920E+04   0.11814E+04   0.19207E+01   0.29263E+22
   0.31924E+04   0.11816E+04   0.19209E+01   0.29266E+22
   0.31929E+04   0.11817E+04   0.19211E+01   0.29269E+22
   0.31933E+04   0.11819E+04   0.19213E+01   0.29272E+22
   0.31938E+04   0.11821E+04   0.19215E+01   0.29275E+22
   0.31943E+04   0.11823E+04   0.19217E+01   0.29279E+22
   0.31947E+04   0.11825E+04   0.19219E+01   0.29282E+22
   0.31952E+04   0.11826E+04   0.19221E+01   0.29285E+22
   0.31956E+04   0.11828E+04   0.19223E+01   0.29288E+22
   0.31961E+04   0.11830E+04   0.19225E+01   0.29291E+22
   0.31965E+04   0.11832E+04   0.19227E+01   0.29294E+22
   0.31970E+04   0.11833E+04   0.19229E+01   0.29297E+22
   0.31974E+04   0.11835E+04   0.19231E+01   0.29300E+22
   0.31979E+04   0.11837E+04   0.19233E+01   0.29303E+22
   0.31984E+04   0.11839E+04   0.19235E+01   0.29306E+22
   0.31988E+04   0.11841E+04   0.19237E+01   0.29309E+22
   0.31993E+04   0.11842E+04   0.19239E+01   0.29312E+22
   0.31997E+04   0.11844E+04   0.19241E+01   0.29315E+22
   0.32002E+04   0.11846E+04   0.19243E+01   0.29318E+22
   0.32006E+04   0.11848E+04   0.19245E+01   0.29321E+22
   0.32011E+04   0.11849E+04   0.19247E+01   0.29324E+22
   0.32015E+04   0.11851E+04   0.19249E+01   0.29327E+22
   0.32020E+04   0.11853E+04   0.19251E+01   0.29330E+22
   0.32025E+04   0.11855E+04   0.19253E+01   0.29333E+22
   0.32029E+04   0.11857E+04   0.19255E+01   0.29336E+22
   0.32034E+04   0.11858E+04   0.19257E+01   0.29340E+22
   0.32038E+04   0.11860E+04   0.19259E+01   0.29343E+22
   0.32043E+04   0.11862E+04   0.19261E+01   0.29346E+22
   0.32047E+04   0.11864E+04   0.19263E+01   0.29349E+22
   0.32052E+04   0.11865E+04   0.19265E+01   0.29352E+22
   0.32056E+04   0.11867E+04   0.19267E+01   0.29355E+22
   0.32061E+04   0.11869E+04   0.19269E+01   0.29358E+22
   0.32066E+04   0.11871E+04   0.19271E+01   0.29361E+22
   0.32070E+04   0.11872E+04   0.19273E+01   0.29364E+22
   0.32075E+04   0.11874E+04   0.19275E+01   0.29367E+22
   0.32079E+04   0.11876E+04   0.19277E+01   0.29370E+22
   0.32084E+04   0.11878E+04   0.19279E+01   0.29373E+22
   0.32088E+04   0.11880E+04   0.19281E+01   0.29376E+22
   0.32093E+04   0.11881E+04   0.19283E+01   0.29379E+22
   0.32098E+04   0.11883E+04   0.19285E+01   0.29382E+22
   0.32102E+04   0.11885E+04   0.19287E+01   0.29385E+22
   0.32107E+04   0.11887E+04   0.19289E+01   0.29388E+22
   0.32111E+04   0.11888E+04   0.19291E+01   0.29391E+22
   0.32116E+04   0.11890E+04   0.19293E+01   0.29394E+22
   0.32120E+04   0.11892E+04   0.19295E+01   0.29398E+22
   0.32125E+04   0.11894E+04   0.19297E+01   0.29401E+22
   0.32129E+04   0.11896E+04   0.19299E+01   0.29404E+22
   0.32134E+04   0.11897E+04   0.19301E+01   0.29407E+22
   0.32139E+04   0.11899E+04   0.19303E+01   0.29410E+22
   0.32143E+04   0.11901E+04   0.19305E+01   0.29413E+22
   0.32148E+04   0.11903E+04   0.19307E+01   0.29416E+22
   0.32152E+04   0.11904E+04   0.19309E+01   0.29419E+22
   0.32157E+04   0.11906E+04   0.19311E+01   0.29422E+22
   0.32161E+04   0.11908E+04   0.19313E+01   0.29425E+22
   0.32166E+04   0.11910E+04   0.19315E+01   0.29428E+22
   0.32171E+04   0.11912E+04   0.19317E+01   0.29431E+22
   0.32175E+04   0.11913E+04   0.19319E+01   0.29434E+22
   0.32180E+04   0.11915E+04   0.19321E+01   0.29437E+22
   0.32184E+04   0.11917E+04   0.19323E+01   0.29440E+22
   0.32189E+04   0.11919E+04   0.19325E+01   0.29443E+22
   0.32193E+04   0.11920E+04   0.19327E+01   0.29446E+22
   0.32198E+04   0.11922E+04   0.19329E+01   0.29449E+22
   0.32202E+04   0.11924E+04   0.19331E+01   0.29452E+22
   0.32207E+04   0.11926E+04   0.19333E+01   0.29456E+22
   0.32212E+04   0.11928E+04   0.19335E+01   0.29459E+22
   0.32216E+04   0.11929E+04   0.19337E+01   0.29462E+22
   0.32221E+04   0.11931E+04   0.19339E+01   0.29465E+22
   0.32225E+04   0.11933E+04   0.19341E+01   0.29468E+22
   0.32230E+04   0.11935E+04   0.19343E+01   0.29471E+22
   0.32234E+04   0.11936E+04   0.19345E+01   0.29474E+22
   0.32239E+04   0.11938E+04   0.19347E+01   0.29477E+22
   0.32244E+04   0.11940E+04   0.19349E+01   0.29480E+22
   0.32248E+04   0.11942E+04   0.19351E+01   0.29483E+22
   0.32253E+04   0.11944E+04   0.19353E+01   0.29486E+22
   0.32257E+04   0.11945E+04   0.19355E+01   0.29489E+22
   0.32262E+04   0.11947E+04   0.19357E+01   0.29492E+22
   0.32266E+04   0.11949E+04   0.19359E+01   0.29495E+22
   0.32271E+04   0.11951E+04   0.19361E+01   0.29498E+22
   0.32276E+04   0.11952E+04   0.19363E+01   0.29501E+22
   0.32280E+04   0.11954E+04   0.19365E+01   0.29504E+22
   0.32285E+04   0.11956E+04   0.19367E+01   0.29507E+22
   0.32289E+04   0.11958E+04   0.19369E+01   0.29510E+22
   0.32294E+04   0.11960E+04   0.19371E+01   0.29514E+22
   0.32298E+04   0.11961E+04   0.19373E+01   0.29517E+22
   0.32303E+04   0.11963E+04   0.19375E+01   0.29520E+22
   0.32308E+04   0.11965E+04   0.19377E+01   0.29523E+22
   0.32312E+04   0.11967E+04   0.19379E+01   0.29526E+22
   0.32317E+04   0.11968E+04   0.19381E+01   0.29529E+22
   0.32321E+04   0.11970E+04   0.19383E+01   0.29532E+22
   0.32326E+04   0.11972E+04   0.19385E+01   0.29535E+22
   0.32330E+04   0.11974E+04   0.19387E+01   0.29538E+22
   0.32335E+04   0.11976E+04   0.19389E+01   0.29541E+22
   0.32339E+04   0.11977E+04   0.19391E+01   0.29544E+22
   0.32344E+04   0.11979E+04   0.19393E+01   0.29547E+22
   0.32349E+04   0.11981E+04   0.19395E+01   0.29550E+22
   0.32353E+04   0.11983E+04   0.19397E+01   0.29553E+22
   0.32358E+04   0.11984E+04   0.19399E+01   0.29556E+22
   0.32362E+04   0.11986E+04   0.19401E+01   0.29559E+22
   0.32367E+04   0.11988E+04   0.19403E+01   0.29562E+22
   0.32371E+04   0.11990E+04   0.19405E+01   0.29565E+22
   0.32376E+04   0.11992E+04   0.19407E+01   0.29568E+22
   0.32381E+04   0.11993E+04   0.19409E+01   0.29572E+22
   0.32385E+04   0.11995E+04   0.19411E+01   0.29575E+22
   0.32390E+04   0.11997E+04   0.19413E+01   0.29578E+22
   0.32394E+04   0.11999E+04   0.19415E+01   0.29581E+22
   0.32399E+04   0.12000E+04   0.19417E+01   0.29584E+22
   0.32404E+04   0.12002E+04   0.19419E+01   0.29587E+22
   0.32408E+04   0.12004E+04   0.19421E+01   0.29590E+22
   0.32413E+04   0.12006E+04   0.19423E+01   0.29593E+22
   0.32417E+04   0.12008E+04   0.19425E+01   0.29596E+22
   0.32422E+04   0.12009E+04   0.19427E+01   0.29599E+22
   0.32426E+04   0.12011E+04   0.19429E+01   0.29602E+22
   0.32431E+04   0.12013E+04   0.19431E+01   0.29605E+22
   0.32436E+04   0.12015E+04   0.19433E+01   0.29608E+22
   0.32440E+04   0.12017E+04   0.19435E+01   0.29611E+22
   0.32445E+04   0.12018E+04   0.19437E+01   0.29614E+22
   0.32449E+04   0.12020E+04   0.19439E+01   0.29617E+22
   0.32454E+04   0.12022E+04   0.19441E+01   0.29620E+22
   0.32458E+04   0.12024E+04   0.19443E+01   0.29623E+22
   0.32463E+04   0.12025E+04   0.19445E+01   0.29627E+22
   0.32468E+04   0.12027E+04   0.19447E+01   0.29630E+22
   0.32472E+04   0.12029E+04   0.19449E+01   0.29633E+22
   0.32477E+04   0.12031E+04   0.19451E+01   0.29636E+22
   0.32481E+04   0.12033E+04   0.19453E+01   0.29639E+22
   0.32486E+04   0.12034E+04   0.19455E+01   0.29642E+22
   0.32490E+04   0.12036E+04   0.19457E+01   0.29645E+22
   0.32495E+04   0.12038E+04   0.19459E+01   0.29648E+22
   0.32500E+04   0.12040E+04   0.19461E+01   0.29651E+22
   0.32504E+04   0.12041E+04   0.19463E+01   0.29654E+22
   0.32509E+04   0.12043E+04   0.19465E+01   0.29657E+22
   0.32513E+04   0.12045E+04   0.19467E+01   0.29660E+22
   0.32518E+04   0.12047E+04   0.19469E+01   0.29663E+22
   0.32522E+04   0.12049E+04   0.19471E+01   0.29666E+22
   0.32527E+04   0.12050E+04   0.19473E+01   0.29669E+22
   0.32532E+04   0.12052E+04   0.19475E+01   0.29672E+22
   0.32536E+04   0.12054E+04   0.19477E+01   0.29675E+22
   0.32541E+04   0.12056E+04   0.19479E+01   0.29678E+22
   0.32545E+04   0.12057E+04   0.19481E+01   0.29681E+22
   0.32550E+04   0.12059E+04   0.19483E+01   0.29685E+22
   0.32555E+04   0.12061E+04   0.19485E+01   0.29688E+22
   0.32559E+04   0.12063E+04   0.19487E+01   0.29691E+22
   0.32564E+04   0.12065E+04   0.19489E+01   0.29694E+22
   0.32568E+04   0.12066E+04   0.19491E+01   0.29697E+22
   0.32573E+04   0.12068E+04   0.19493E+01   0.29700E+22
   0.32577E+04   0.12070E+04   0.19495E+01   0.29703E+22
   0.32582E+04   0.12072E+04   0.19497E+01   0.29706E+22
   0.32587E+04   0.12073E+04   0.19499E+01   0.29709E+22
   0.32591E+04   0.12075E+04   0.19501E+01   0.29712E+22
   0.32596E+04   0.12077E+04   0.19503E+01   0.29715E+22
   0.32600E+04   0.12079E+04   0.19505E+01   0.29718E+22
   0.32605E+04   0.12081E+04   0.19507E+01   0.29721E+22
   0.32609E+04   0.12082E+04   0.19509E+01   0.29724E+22
   0.32614E+04   0.12084E+04   0.19511E+01   0.29727E+22
   0.32619E+04   0.12086E+04   0.19513E+01   0.29730E+22
   0.32623E+04   0.12088E+04   0.19515E+01   0.29733E+22
   0.32628E+04   0.12090E+04   0.19517E+01   0.29736E+22
   0.32632E+04   0.12091E+04   0.19519E+01   0.29740E+22
   0.32637E+04   0.12093E+04   0.19521E+01   0.29743E+22
   0.32642E+04   0.12095E+04   0.19523E+01   0.29746E+22
   0.32646E+04   0.12097E+04   0.19525E+01   0.29749E+22
   0.32651E+04   0.12098E+04   0.19527E+01   0.29752E+22
   0.32655E+04   0.12100E+04   0.19529E+01   0.29755E+22
   0.32660E+04   0.12102E+04   0.19531E+01   0.29758E+22
   0.32664E+04   0.12104E+04   0.19533E+01   0.29761E+22
   0.32669E+04   0.12106E+04   0.19535E+01   0.29764E+22
   0.32674E+04   0.12107E+04   0.19537E+01   0.29767E+22
   0.32678E+04   0.12109E+04   0.19539E+01   0.29770E+22
   0.32683E+04   0.12111E+04   0.19541E+01   0.29773E+22
   0.32687E+04   0.12113E+04   0.19543E+01   0.29776E+22
   0.32692E+04   0.12114E+04   0.19545E+01   0.29779E+22
   0.32697E+04   0.12116E+04   0.19547E+01   0.29782E+22
   0.32701E+04   0.12118E+04   0.19549E+01   0.29785E+22
   0.32706E+04   0.12120E+04   0.19551E+01   0.29788E+22
   0.32710E+04   0.12122E+04   0.19553E+01   0.29791E+22
   0.32715E+04   0.12123E+04   0.19555E+01   0.29795E+22
   0.32720E+04   0.12125E+04   0.19557E+01   0.29798E+22
   0.32724E+04   0.12127E+04   0.19559E+01   0.29801E+22
   0.32729E+04   0.12129E+04   0.19561E+01   0.29804E+22
   0.32733E+04   0.12131E+04   0.19563E+01   0.29807E+22
   0.32738E+04   0.12132E+04   0.19565E+01   0.29810E+22
   0.32742E+04   0.12134E+04   0.19567E+01   0.29813E+22
   0.32747E+04   0.12136E+04   0.19569E+01   0.29816E+22
   0.32752E+04   0.12138E+04   0.19571E+01   0.29819E+22
   0.32756E+04   0.12139E+04   0.19573E+01   0.29822E+22
   0.32761E+04   0.12141E+04   0.19575E+01   0.29825E+22
   0.32765E+04   0.12143E+04   0.19577E+01   0.29828E+22
   0.32770E+04   0.12145E+04   0.19579E+01   0.29831E+22
   0.32775E+04   0.12147E+04   0.19581E+01   0.29834E+22
   0.32779E+04   0.12148E+04   0.19583E+01   0.29837E+22
   0.32784E+04   0.12150E+04   0.19585E+01   0.29840E+22
   0.32788E+04   0.12152E+04   0.19587E+01   0.29843E+22
   0.32793E+04   0.12154E+04   0.19589E+01   0.29846E+22
   0.32797E+04   0.12156E+04   0.19591E+01   0.29850E+22
   0.32802E+04   0.12157E+04   0.19593E+01   0.29853E+22
   0.32807E+04   0.12159E+04   0.19595E+01   0.29856E+22
   0.32811E+04   0.12161E+04   0.19597E+01   0.29859E+22
   0.32816E+04   0.12163E+04   0.19599E+01   0.29862E+22
   0.32820E+04   0.12164E+04   0.19601E+01   0.29865E+22
   0.32825E+04   0.12166E+04   0.19603E+01   0.29868E+22
   0.32830E+04   0.12168E+04   0.19605E+01   0.29871E+22
   0.32834E+04   0.12170E+04   0.19607E+01   0.29874E+22
   0.32839E+04   0.12172E+04   0.19609E+01   0.29877E+22
   0.32843E+04   0.12173E+04   0.19611E+01   0.29880E+22
   0.32848E+04   0.12175E+04   0.19613E+01   0.29883E+22
   0.32853E+04   0.12177E+04   0.19615E+01   0.29886E+22
   0.32857E+04   0.12179E+04   0.19617E+01   0.29889E+22
   0.32862E+04   0.12181E+04   0.19619E+01   0.29892E+22
   0.32866E+04   0.12182E+04   0.19621E+01   0.29895E+22
   0.32871E+04   0.12184E+04   0.19623E+01   0.29898E+22
   0.32876E+04   0.12186E+04   0.19625E+01   0.29901E+22
   0.32880E+04   0.12188E+04   0.19627E+01   0.29904E+22
   0.32885E+04   0.12189E+04   0.19629E+01   0.29908E+22
   0.32889E+04   0.12191E+04   0.19631E+01   0.29911E+22
   0.32894E+04   0.12193E+04   0.19633E+01   0.29914E+22
   0.32898E+04   0.12195E+04   0.19635E+01   0.29917E+22
   0.32903E+04   0.12197E+04   0.19637E+01   0.29920E+22
   0.32908E+04   0.12198E+04   0.19639E+01   0.29923E+22
   0.32912E+04   0.12200E+04   0.19641E+01   0.29926E+22
   0.32917E+04   0.12202E+04   0.19643E+01   0.29929E+22
   0.32921E+04   0.12204E+04   0.19645E+01   0.29932E+22
   0.32926E+04   0.12206E+04   0.19647E+01   0.29935E+22
   0.32931E+04   0.12207E+04   0.19649E+01   0.29938E+22
   0.32935E+04   0.12209E+04   0.19651E+01   0.29941E+22
   0.32940E+04   0.12211E+04   0.19653E+01   0.29944E+22
   0.32944E+04   0.12213E+04   0.19655E+01   0.29947E+22
   0.32949E+04   0.12214E+04   0.19657E+01   0.29950E+22
   0.32954E+04   0.12216E+04   0.19659E+01   0.29953E+22
   0.32958E+04   0.12218E+04   0.19661E+01   0.29956E+22
   0.32963E+04   0.12220E+04   0.19663E+01   0.29960E+22
   0.32967E+04   0.12222E+04   0.19665E+01   0.29963E+22
   0.32972E+04   0.12223E+04   0.19667E+01   0.29966E+22
   0.32977E+04   0.12225E+04   0.19669E+01   0.29969E+22
   0.32981E+04   0.12227E+04   0.19671E+01   0.29972E+22
   0.32986E+04   0.12229E+04   0.19673E+01   0.29975E+22
   0.32990E+04   0.12231E+04   0.19675E+01   0.29978E+22
   0.32995E+04   0.12232E+04   0.19677E+01   0.29981E+22
   0.33000E+04   0.12234E+04   0.19679E+01   0.29984E+22
   0.33004E+04   0.12236E+04   0.19681E+01   0.29987E+22
   0.33009E+04   0.12238E+04   0.19683E+01   0.29990E+22
   0.33013E+04   0.12239E+04   0.19685E+01   0.29993E+22
   0.33018E+04   0.12241E+04   0.19687E+01   0.29996E+22
   0.33023E+04   0.12243E+04   0.19689E+01   0.29999E+22
   0.33027E+04   0.12245E+04   0.19691E+01   0.30002E+22
   0.33032E+04   0.12247E+04   0.19693E+01   0.30005E+22
   0.33036E+04   0.12248E+04   0.19695E+01   0.30008E+22
   0.33041E+04   0.12250E+04   0.19697E+01   0.30011E+22
   0.33046E+04   0.12252E+04   0.19699E+01   0.30015E+22
   0.33050E+04   0.12254E+04   0.19701E+01   0.30018E+22
   0.33055E+04   0.12256E+04   0.19703E+01   0.30021E+22
   0.33059E+04   0.12257E+04   0.19705E+01   0.30024E+22
   0.33064E+04   0.12259E+04   0.19707E+01   0.30027E+22
   0.33069E+04   0.12261E+04   0.19709E+01   0.30030E+22
   0.33073E+04   0.12263E+04   0.19711E+01   0.30033E+22
   0.33078E+04   0.12264E+04   0.19713E+01   0.30036E+22
   0.33082E+04   0.12266E+04   0.19715E+01   0.30039E+22
   0.33087E+04   0.12268E+04   0.19717E+01   0.30042E+22
   0.33092E+04   0.12270E+04   0.19719E+01   0.30045E+22
   0.33096E+04   0.12272E+04   0.19721E+01   0.30048E+22
   0.33101E+04   0.12273E+04   0.19723E+01   0.30051E+22
   0.33105E+04   0.12275E+04   0.19725E+01   0.30054E+22
   0.33110E+04   0.12277E+04   0.19727E+01   0.30057E+22
   0.33115E+04   0.12279E+04   0.19729E+01   0.30060E+22
   0.33119E+04   0.12281E+04   0.19731E+01   0.30063E+22
   0.33124E+04   0.12282E+04   0.19733E+01   0.30066E+22
   0.33128E+04   0.12284E+04   0.19735E+01   0.30070E+22
   0.33133E+04   0.12286E+04   0.19737E+01   0.30073E+22
   0.33138E+04   0.12288E+04   0.19739E+01   0.30076E+22
   0.33142E+04   0.12290E+04   0.19741E+01   0.30079E+22
   0.33147E+04   0.12291E+04   0.19743E+01   0.30082E+22
   0.33151E+04   0.12293E+04   0.19745E+01   0.30085E+22
   0.33156E+04   0.12295E+04   0.19747E+01   0.30088E+22
   0.33161E+04   0.12297E+04   0.19749E+01   0.30091E+22
   0.33165E+04   0.12298E+04   0.19751E+01   0.30094E+22
   0.33170E+04   0.12300E+04   0.19753E+01   0.30097E+22
   0.33174E+04   0.12302E+04   0.19755E+01   0.30100E+22
   0.33179E+04   0.12304E+04   0.19757E+01   0.30103E+22
   0.33184E+04   0.12306E+04   0.19759E+01   0.30106E+22
   0.33188E+04   0.12307E+04   0.19761E+01   0.30109E+22
   0.33193E+04   0.12309E+04   0.19763E+01   0.30112E+22
   0.33197E+04   0.12311E+04   0.19765E+01   0.30115E+22
   0.33202E+04   0.12313E+04   0.19767E+01   0.30118E+22
   0.33207E+04   0.12315E+04   0.19769E+01   0.30121E+22
   0.33211E+04   0.12316E+04   0.19771E+01   0.30125E+22
   0.33216E+04   0.12318E+04   0.19773E+01   0.30128E+22
   0.33220E+04   0.12320E+04   0.19775E+01   0.30131E+22
   0.33225E+04   0.12322E+04   0.19777E+01   0.30134E+22
   0.33230E+04   0.12324E+04   0.19779E+01   0.30137E+22
   0.33234E+04   0.12325E+04   0.19781E+01   0.30140E+22
   0.33239E+04   0.12327E+04   0.19783E+01   0.30143E+22
   0.33243E+04   0.12329E+04   0.19785E+01   0.30146E+22
   0.33248E+04   0.12331E+04   0.19787E+01   0.30149E+22
   0.33253E+04   0.12332E+04   0.19789E+01   0.30152E+22
   0.33257E+04   0.12334E+04   0.19791E+01   0.30155E+22
   0.33262E+04   0.12336E+04   0.19793E+01   0.30158E+22
   0.33267E+04   0.12338E+04   0.19795E+01   0.30161E+22
   0.33271E+04   0.12340E+04   0.19797E+01   0.30164E+22
   0.33276E+04   0.12341E+04   0.19799E+01   0.30167E+22
   0.33280E+04   0.12343E+04   0.19801E+01   0.30170E+22
   0.33285E+04   0.12345E+04   0.19803E+01   0.30173E+22
   0.33290E+04   0.12347E+04   0.19805E+01   0.30177E+22
   0.33294E+04   0.12349E+04   0.19807E+01   0.30180E+22
   0.33299E+04   0.12350E+04   0.19809E+01   0.30183E+22
   0.33303E+04   0.12352E+04   0.19811E+01   0.30186E+22
   0.33308E+04   0.12354E+04   0.19813E+01   0.30189E+22
   0.33313E+04   0.12356E+04   0.19815E+01   0.30192E+22
   0.33317E+04   0.12358E+04   0.19817E+01   0.30195E+22
   0.33322E+04   0.12359E+04   0.19819E+01   0.30198E+22
   0.33326E+04   0.12361E+04   0.19821E+01   0.30201E+22
   0.33331E+04   0.12363E+04   0.19823E+01   0.30204E+22
   0.33336E+04   0.12365E+04   0.19825E+01   0.30207E+22
   0.33340E+04   0.12366E+04   0.19827E+01   0.30210E+22
   0.33345E+04   0.12368E+04   0.19829E+01   0.30213E+22
   0.33349E+04   0.12370E+04   0.19831E+01   0.30216E+22
   0.33354E+04   0.12372E+04   0.19833E+01   0.30219E+22
   0.33359E+04   0.12374E+04   0.19835E+01   0.30222E+22
   0.33363E+04   0.12375E+04   0.19837E+01   0.30225E+22
   0.33368E+04   0.12377E+04   0.19839E+01   0.30228E+22
   0.33373E+04   0.12379E+04   0.19841E+01   0.30232E+22
   0.33377E+04   0.12381E+04   0.19843E+01   0.30235E+22
   0.33382E+04   0.12383E+04   0.19845E+01   0.30238E+22
   0.33386E+04   0.12384E+04   0.19847E+01   0.30241E+22
   0.33391E+04   0.12386E+04   0.19849E+01   0.30244E+22
   0.33396E+04   0.12388E+04   0.19851E+01   0.30247E+22
   0.33400E+04   0.12390E+04   0.19853E+01   0.30250E+22
   0.33405E+04   0.12392E+04   0.19855E+01   0.30253E+22
   0.33409E+04   0.12393E+04   0.19857E+01   0.30256E+22
   0.33414E+04   0.12395E+04   0.19859E+01   0.30259E+22
   0.33419E+04   0.12397E+04   0.19861E+01   0.30262E+22
   0.33423E+04   0.12399E+04   0.19863E+01   0.30265E+22
   0.33428E+04   0.12401E+04   0.19865E+01   0.30268E+22
   0.33433E+04   0.12402E+04   0.19867E+01   0.30271E+22
   0.33437E+04   0.12404E+04   0.19869E+01   0.30274E+22
   0.33442E+04   0.12406E+04   0.19871E+01   0.30277E+22
   0.33446E+04   0.12408E+04   0.19873E+01   0.30280E+22
   0.33451E+04   0.12409E+04   0.19875E+01   0.30284E+22
   0.33456E+04   0.12411E+04   0.19877E+01   0.30287E+22
   0.33460E+04   0.12413E+04   0.19879E+01   0.30290E+22
   0.33465E+04   0.12415E+04   0.19881E+01   0.30293E+22
   0.33469E+04   0.12417E+04   0.19883E+01   0.30296E+22
   0.33474E+04   0.12418E+04   0.19885E+01   0.30299E+22
   0.33479E+04   0.12420E+04   0.19887E+01   0.30302E+22
   0.33483E+04   0.12422E+04   0.19889E+01   0.30305E+22
   0.33488E+04   0.12424E+04   0.19891E+01   0.30308E+22
   0.33493E+04   0.12426E+04   0.19893E+01   0.30311E+22
   0.33497E+04   0.12427E+04   0.19895E+01   0.30314E+22
   0.33502E+04   0.12429E+04   0.19897E+01   0.30317E+22
   0.33506E+04   0.12431E+04   0.19899E+01   0.30320E+22
   0.33511E+04   0.12433E+04   0.19901E+01   0.30323E+22
   0.33516E+04   0.12435E+04   0.19903E+01   0.30326E+22
   0.33520E+04   0.12436E+04   0.19905E+01   0.30329E+22
   0.33525E+04   0.12438E+04   0.19907E+01   0.30332E+22
   0.33529E+04   0.12440E+04   0.19909E+01   0.30336E+22
   0.33534E+04   0.12442E+04   0.19911E+01   0.30339E+22
   0.33539E+04   0.12444E+04   0.19913E+01   0.30342E+22
   0.33543E+04   0.12445E+04   0.19915E+01   0.30345E+22
   0.33548E+04   0.12447E+04   0.19917E+01   0.30348E+22
   0.33553E+04   0.12449E+04   0.19919E+01   0.30351E+22
   0.33557E+04   0.12451E+04   0.19921E+01   0.30354E+22
   0.33562E+04   0.12453E+04   0.19923E+01   0.30357E+22
   0.33566E+04   0.12454E+04   0.19925E+01   0.30360E+22
   0.33571E+04   0.12456E+04   0.19927E+01   0.30363E+22
   0.33576E+04   0.12458E+04   0.19929E+01   0.30366E+22
   0.33580E+04   0.12460E+04   0.19931E+01   0.30369E+22
   0.33585E+04   0.12461E+04   0.19933E+01   0.30372E+22
   0.33589E+04   0.12463E+04   0.19935E+01   0.30375E+22
   0.33594E+04   0.12465E+04   0.19937E+01   0.30378E+22
   0.33599E+04   0.12467E+04   0.19939E+01   0.30381E+22
   0.33603E+04   0.12469E+04   0.19941E+01   0.30384E+22
   0.33608E+04   0.12470E+04   0.19943E+01   0.30388E+22
   0.33613E+04   0.12472E+04   0.19945E+01   0.30391E+22
   0.33617E+04   0.12474E+04   0.19947E+01   0.30394E+22
   0.33622E+04   0.12476E+04   0.19949E+01   0.30397E+22
   0.33626E+04   0.12478E+04   0.19951E+01   0.30400E+22
   0.33631E+04   0.12479E+04   0.19953E+01   0.30403E+22
   0.33636E+04   0.12481E+04   0.19955E+01   0.30406E+22
   0.33640E+04   0.12483E+04   0.19957E+01   0.30409E+22
   0.33645E+04   0.12485E+04   0.19959E+01   0.30412E+22
   0.33650E+04   0.12487E+04   0.19961E+01   0.30415E+22
   0.33654E+04   0.12488E+04   0.19963E+01   0.30418E+22
   0.33659E+04   0.12490E+04   0.19965E+01   0.30421E+22
   0.33663E+04   0.12492E+04   0.19967E+01   0.30424E+22
   0.33668E+04   0.12494E+04   0.19969E+01   0.30427E+22
   0.33673E+04   0.12496E+04   0.19971E+01   0.30430E+22
   0.33677E+04   0.12497E+04   0.19973E+01   0.30433E+22
   0.33682E+04   0.12499E+04   0.19975E+01   0.30436E+22
   0.33687E+04   0.12501E+04   0.19977E+01   0.30439E+22
   0.33691E+04   0.12503E+04   0.19979E+01   0.30443E+22
   0.33696E+04   0.12505E+04   0.19981E+01   0.30446E+22
   0.33700E+04   0.12506E+04   0.19983E+01   0.30449E+22
   0.33705E+04   0.12508E+04   0.19985E+01   0.30452E+22
   0.33710E+04   0.12510E+04   0.19987E+01   0.30455E+22
   0.33714E+04   0.12512E+04   0.19989E+01   0.30458E+22
   0.33719E+04   0.12514E+04   0.19991E+01   0.30461E+22
   0.33724E+04   0.12515E+04   0.19993E+01   0.30464E+22
   0.33728E+04   0.12517E+04   0.19995E+01   0.30467E+22
   0.33733E+04   0.12519E+04   0.19997E+01   0.30470E+22
   0.33737E+04   0.12521E+04   0.19999E+01   0.30473E+22
   0.33742E+04   0.12523E+04   0.20001E+01   0.30476E+22
   0.33747E+04   0.12524E+04   0.20003E+01   0.30479E+22
   0.33751E+04   0.12526E+04   0.20005E+01   0.30482E+22
   0.33756E+04   0.12528E+04   0.20007E+01   0.30485E+22
   0.33761E+04   0.12530E+04   0.20009E+01   0.30488E+22
   0.33765E+04   0.12531E+04   0.20011E+01   0.30491E+22
   0.33770E+04   0.12533E+04   0.20013E+01   0.30495E+22
   0.33774E+04   0.12535E+04   0.20015E+01   0.30498E+22
   0.33779E+04   0.12537E+04   0.20017E+01   0.30501E+22
   0.33784E+04   0.12539E+04   0.20019E+01   0.30504E+22
   0.33788E+04   0.12540E+04   0.20021E+01   0.30507E+22
   0.33793E+04   0.12542E+04   0.20023E+01   0.30510E+22
   0.33798E+04   0.12544E+04   0.20025E+01   0.30513E+22
   0.33802E+04   0.12546E+04   0.20027E+01   0.30516E+22
   0.33807E+04   0.12548E+04   0.20029E+01   0.30519E+22
   0.33811E+04   0.12549E+04   0.20031E+01   0.30522E+22
   0.33816E+04   0.12551E+04   0.20033E+01   0.30525E+22
   0.33821E+04   0.12553E+04   0.20035E+01   0.30528E+22
   0.33825E+04   0.12555E+04   0.20037E+01   0.30531E+22
   0.33830E+04   0.12557E+04   0.20039E+01   0.30534E+22
   0.33835E+04   0.12558E+04   0.20041E+01   0.30537E+22
   0.33839E+04   0.12560E+04   0.20043E+01   0.30540E+22
   0.33844E+04   0.12562E+04   0.20045E+01   0.30544E+22
   0.33849E+04   0.12564E+04   0.20047E+01   0.30547E+22
   0.33853E+04   0.12566E+04   0.20049E+01   0.30550E+22
   0.33858E+04   0.12567E+04   0.20051E+01   0.30553E+22
   0.33862E+04   0.12569E+04   0.20053E+01   0.30556E+22
   0.33867E+04   0.12571E+04   0.20055E+01   0.30559E+22
   0.33872E+04   0.12573E+04   0.20057E+01   0.30562E+22
   0.33876E+04   0.12575E+04   0.20059E+01   0.30565E+22
   0.33881E+04   0.12576E+04   0.20061E+01   0.30568E+22
   0.33886E+04   0.12578E+04   0.20063E+01   0.30571E+22
   0.33890E+04   0.12580E+04   0.20065E+01   0.30574E+22
   0.33895E+04   0.12582E+04   0.20067E+01   0.30577E+22
   0.33899E+04   0.12584E+04   0.20069E+01   0.30580E+22
   0.33904E+04   0.12585E+04   0.20071E+01   0.30583E+22
   0.33909E+04   0.12587E+04   0.20073E+01   0.30586E+22
   0.33913E+04   0.12589E+04   0.20075E+01   0.30589E+22
   0.33918E+04   0.12591E+04   0.20077E+01   0.30592E+22
   0.33923E+04   0.12593E+04   0.20079E+01   0.30596E+22
   0.33927E+04   0.12594E+04   0.20081E+01   0.30599E+22
   0.33932E+04   0.12596E+04   0.20083E+01   0.30602E+22
   0.33937E+04   0.12598E+04   0.20085E+01   0.30605E+22
   0.33941E+04   0.12600E+04   0.20087E+01   0.30608E+22
   0.33946E+04   0.12602E+04   0.20089E+01   0.30611E+22
   0.33950E+04   0.12603E+04   0.20091E+01   0.30614E+22
   0.33955E+04   0.12605E+04   0.20093E+01   0.30617E+22
   0.33960E+04   0.12607E+04   0.20095E+01   0.30620E+22
   0.33964E+04   0.12609E+04   0.20097E+01   0.30623E+22
   0.33969E+04   0.12611E+04   0.20099E+01   0.30626E+22
   0.33974E+04   0.12612E+04   0.20101E+01   0.30629E+22
   0.33978E+04   0.12614E+04   0.20103E+01   0.30632E+22
   0.33983E+04   0.12616E+04   0.20105E+01   0.30635E+22
   0.33987E+04   0.12618E+04   0.20107E+01   0.30638E+22
   0.33992E+04   0.12620E+04   0.20109E+01   0.30641E+22
   0.33997E+04   0.12621E+04   0.20111E+01   0.30644E+22
   0.34001E+04   0.12623E+04   0.20113E+01   0.30648E+22
   0.34006E+04   0.12625E+04   0.20115E+01   0.30651E+22
   0.34011E+04   0.12627E+04   0.20117E+01   0.30654E+22
   0.34015E+04   0.12629E+04   0.20119E+01   0.30657E+22
   0.34020E+04   0.12630E+04   0.20121E+01   0.30660E+22
   0.34025E+04   0.12632E+04   0.20123E+01   0.30663E+22
   0.34029E+04   0.12634E+04   0.20125E+01   0.30666E+22
   0.34034E+04   0.12636E+04   0.20127E+01   0.30669E+22
   0.34038E+04   0.12638E+04   0.20129E+01   0.30672E+22
   0.34043E+04   0.12639E+04   0.20131E+01   0.30675E+22
   0.34048E+04   0.12641E+04   0.20133E+01   0.30678E+22
   0.34052E+04   0.12643E+04   0.20135E+01   0.30681E+22
   0.34057E+04   0.12645E+04   0.20137E+01   0.30684E+22
   0.34062E+04   0.12647E+04   0.20139E+01   0.30687E+22
   0.34066E+04   0.12648E+04   0.20141E+01   0.30690E+22
   0.34071E+04   0.12650E+04   0.20143E+01   0.30693E+22
   0.34076E+04   0.12652E+04   0.20145E+01   0.30696E+22
   0.34080E+04   0.12654E+04   0.20147E+01   0.30700E+22
   0.34085E+04   0.12656E+04   0.20149E+01   0.30703E+22
   0.34090E+04   0.12657E+04   0.20151E+01   0.30706E+22
   0.34094E+04   0.12659E+04   0.20153E+01   0.30709E+22
   0.34099E+04   0.12661E+04   0.20155E+01   0.30712E+22
   0.34103E+04   0.12663E+04   0.20157E+01   0.30715E+22
   0.34108E+04   0.12665E+04   0.20159E+01   0.30718E+22
   0.34113E+04   0.12666E+04   0.20161E+01   0.30721E+22
   0.34117E+04   0.12668E+04   0.20163E+01   0.30724E+22
   0.34122E+04   0.12670E+04   0.20165E+01   0.30727E+22
   0.34127E+04   0.12672E+04   0.20167E+01   0.30730E+22
   0.34131E+04   0.12674E+04   0.20169E+01   0.30733E+22
   0.34136E+04   0.12675E+04   0.20171E+01   0.30736E+22
   0.34141E+04   0.12677E+04   0.20173E+01   0.30739E+22
   0.34145E+04   0.12679E+04   0.20175E+01   0.30742E+22
   0.34150E+04   0.12681E+04   0.20177E+01   0.30745E+22
   0.34154E+04   0.12683E+04   0.20179E+01   0.30749E+22
   0.34159E+04   0.12684E+04   0.20181E+01   0.30752E+22
   0.34164E+04   0.12686E+04   0.20183E+01   0.30755E+22
   0.34168E+04   0.12688E+04   0.20185E+01   0.30758E+22
   0.34173E+04   0.12690E+04   0.20187E+01   0.30761E+22
   0.34178E+04   0.12692E+04   0.20189E+01   0.30764E+22
   0.34182E+04   0.12693E+04   0.20191E+01   0.30767E+22
   0.34187E+04   0.12695E+04   0.20193E+01   0.30770E+22
   0.34192E+04   0.12697E+04   0.20195E+01   0.30773E+22
   0.34196E+04   0.12699E+04   0.20197E+01   0.30776E+22
   0.34201E+04   0.12701E+04   0.20199E+01   0.30779E+22
   0.34206E+04   0.12702E+04   0.20201E+01   0.30782E+22
   0.34210E+04   0.12704E+04   0.20203E+01   0.30785E+22
   0.34215E+04   0.12706E+04   0.20205E+01   0.30788E+22
   0.34219E+04   0.12708E+04   0.20207E+01   0.30791E+22
   0.34224E+04   0.12710E+04   0.20209E+01   0.30794E+22
   0.34229E+04   0.12711E+04   0.20211E+01   0.30797E+22
   0.34233E+04   0.12713E+04   0.20213E+01   0.30801E+22
   0.34238E+04   0.12715E+04   0.20215E+01   0.30804E+22
   0.34243E+04   0.12717E+04   0.20217E+01   0.30807E+22
   0.34247E+04   0.12719E+04   0.20219E+01   0.30810E+22
   0.34252E+04   0.12720E+04   0.20221E+01   0.30813E+22
   0.34257E+04   0.12722E+04   0.20223E+01   0.30816E+22
   0.34261E+04   0.12724E+04   0.20225E+01   0.30819E+22
   0.34266E+04   0.12726E+04   0.20227E+01   0.30822E+22
   0.34271E+04   0.12728E+04   0.20229E+01   0.30825E+22
   0.34275E+04   0.12729E+04   0.20231E+01   0.30828E+22
   0.34280E+04   0.12731E+04   0.20233E+01   0.30831E+22
   0.34285E+04   0.12733E+04   0.20235E+01   0.30834E+22
   0.34289E+04   0.12735E+04   0.20237E+01   0.30837E+22
   0.34294E+04   0.12737E+04   0.20239E+01   0.30840E+22
   0.34298E+04   0.12738E+04   0.20241E+01   0.30843E+22
   0.34303E+04   0.12740E+04   0.20243E+01   0.30846E+22
   0.34308E+04   0.12742E+04   0.20245E+01   0.30850E+22
   0.34312E+04   0.12744E+04   0.20247E+01   0.30853E+22
   0.34317E+04   0.12746E+04   0.20249E+01   0.30856E+22
   0.34322E+04   0.12747E+04   0.20251E+01   0.30859E+22
   0.34326E+04   0.12749E+04   0.20253E+01   0.30862E+22
   0.34331E+04   0.12751E+04   0.20255E+01   0.30865E+22
   0.34336E+04   0.12753E+04   0.20257E+01   0.30868E+22
   0.34340E+04   0.12755E+04   0.20259E+01   0.30871E+22
   0.34345E+04   0.12756E+04   0.20261E+01   0.30874E+22
   0.34350E+04   0.12758E+04   0.20263E+01   0.30877E+22
   0.34354E+04   0.12760E+04   0.20265E+01   0.30880E+22
   0.34359E+04   0.12762E+04   0.20267E+01   0.30883E+22
   0.34364E+04   0.12764E+04   0.20269E+01   0.30886E+22
   0.34368E+04   0.12765E+04   0.20271E+01   0.30889E+22
   0.34373E+04   0.12767E+04   0.20273E+01   0.30892E+22
   0.34378E+04   0.12769E+04   0.20275E+01   0.30895E+22
   0.34382E+04   0.12771E+04   0.20277E+01   0.30898E+22
   0.34387E+04   0.12773E+04   0.20279E+01   0.30902E+22
   0.34391E+04   0.12774E+04   0.20281E+01   0.30905E+22
   0.34396E+04   0.12776E+04   0.20283E+01   0.30908E+22
   0.34401E+04   0.12778E+04   0.20285E+01   0.30911E+22
   0.34405E+04   0.12780E+04   0.20287E+01   0.30914E+22
   0.34410E+04   0.12782E+04   0.20289E+01   0.30917E+22
   0.34415E+04   0.12783E+04   0.20291E+01   0.30920E+22
   0.34419E+04   0.12785E+04   0.20293E+01   0.30923E+22
   0.34424E+04   0.12787E+04   0.20295E+01   0.30926E+22
   0.34429E+04   0.12789E+04   0.20297E+01   0.30929E+22
   0.34433E+04   0.12791E+04   0.20299E+01   0.30932E+22
   0.34438E+04   0.12792E+04   0.20301E+01   0.30935E+22
   0.34443E+04   0.12794E+04   0.20303E+01   0.30938E+22
   0.34447E+04   0.12796E+04   0.20305E+01   0.30941E+22
   0.34452E+04   0.12798E+04   0.20307E+01   0.30944E+22
   0.34457E+04   0.12800E+04   0.20309E+01   0.30947E+22
   0.34461E+04   0.12802E+04   0.20311E+01   0.30951E+22
   0.34466E+04   0.12803E+04   0.20313E+01   0.30954E+22
   0.34471E+04   0.12805E+04   0.20315E+01   0.30957E+22
   0.34475E+04   0.12807E+04   0.20317E+01   0.30960E+22
   0.34480E+04   0.12809E+04   0.20319E+01   0.30963E+22
   0.34485E+04   0.12811E+04   0.20321E+01   0.30966E+22
   0.34489E+04   0.12812E+04   0.20323E+01   0.30969E+22
   0.34494E+04   0.12814E+04   0.20325E+01   0.30972E+22
   0.34498E+04   0.12816E+04   0.20327E+01   0.30975E+22
   0.34503E+04   0.12818E+04   0.20329E+01   0.30978E+22
   0.34508E+04   0.12820E+04   0.20331E+01   0.30981E+22
   0.34512E+04   0.12821E+04   0.20333E+01   0.30984E+22
   0.34517E+04   0.12823E+04   0.20335E+01   0.30987E+22
   0.34522E+04   0.12825E+04   0.20337E+01   0.30990E+22
   0.34526E+04   0.12827E+04   0.20339E+01   0.30993E+22
   0.34531E+04   0.12829E+04   0.20341E+01   0.30996E+22
   0.34536E+04   0.12830E+04   0.20343E+01   0.31000E+22
   0.34540E+04   0.12832E+04   0.20345E+01   0.31003E+22
   0.34545E+04   0.12834E+04   0.20347E+01   0.31006E+22
   0.34550E+04   0.12836E+04   0.20349E+01   0.31009E+22
   0.34554E+04   0.12838E+04   0.20351E+01   0.31012E+22
   0.34559E+04   0.12839E+04   0.20353E+01   0.31015E+22
   0.34564E+04   0.12841E+04   0.20355E+01   0.31018E+22
   0.34568E+04   0.12843E+04   0.20357E+01   0.31021E+22
   0.34573E+04   0.12845E+04   0.20359E+01   0.31024E+22
   0.34578E+04   0.12847E+04   0.20361E+01   0.31027E+22
   0.34582E+04   0.12848E+04   0.20363E+01   0.31030E+22
   0.34587E+04   0.12850E+04   0.20365E+01   0.31033E+22
   0.34592E+04   0.12852E+04   0.20367E+01   0.31036E+22
   0.34596E+04   0.12854E+04   0.20369E+01   0.31039E+22
   0.34601E+04   0.12856E+04   0.20371E+01   0.31042E+22
   0.34606E+04   0.12857E+04   0.20373E+01   0.31045E+22
   0.34610E+04   0.12859E+04   0.20375E+01   0.31049E+22
   0.34615E+04   0.12861E+04   0.20377E+01   0.31052E+22
   0.34620E+04   0.12863E+04   0.20379E+01   0.31055E+22
   0.34624E+04   0.12865E+04   0.20381E+01   0.31058E+22
   0.34629E+04   0.12867E+04   0.20383E+01   0.31061E+22
   0.34634E+04   0.12868E+04   0.20385E+01   0.31064E+22
   0.34638E+04   0.12870E+04   0.20387E+01   0.31067E+22
   0.34643E+04   0.12872E+04   0.20389E+01   0.31070E+22
   0.34648E+04   0.12874E+04   0.20391E+01   0.31073E+22
   0.34652E+04   0.12876E+04   0.20393E+01   0.31076E+22
   0.34657E+04   0.12877E+04   0.20395E+01   0.31079E+22
   0.34662E+04   0.12879E+04   0.20397E+01   0.31082E+22
   0.34666E+04   0.12881E+04   0.20399E+01   0.31085E+22
   0.34671E+04   0.12883E+04   0.20401E+01   0.31088E+22
   0.34676E+04   0.12885E+04   0.20403E+01   0.31091E+22
   0.34680E+04   0.12886E+04   0.20405E+01   0.31094E+22
   0.34685E+04   0.12888E+04   0.20407E+01   0.31098E+22
   0.34690E+04   0.12890E+04   0.20409E+01   0.31101E+22
   0.34694E+04   0.12892E+04   0.20411E+01   0.31104E+22
   0.34699E+04   0.12894E+04   0.20413E+01   0.31107E+22
   0.34703E+04   0.12895E+04   0.20415E+01   0.31110E+22
   0.34708E+04   0.12897E+04   0.20417E+01   0.31113E+22
   0.34713E+04   0.12899E+04   0.20419E+01   0.31116E+22
   0.34717E+04   0.12901E+04   0.20421E+01   0.31119E+22
   0.34722E+04   0.12903E+04   0.20423E+01   0.31122E+22
   0.34727E+04   0.12904E+04   0.20425E+01   0.31125E+22
   0.34731E+04   0.12906E+04   0.20427E+01   0.31128E+22
   0.34736E+04   0.12908E+04   0.20429E+01   0.31131E+22
   0.34741E+04   0.12910E+04   0.20431E+01   0.31134E+22
   0.34745E+04   0.12912E+04   0.20433E+01   0.31137E+22
   0.34750E+04   0.12913E+04   0.20435E+01   0.31140E+22
   0.34755E+04   0.12915E+04   0.20437E+01   0.31143E+22
   0.34759E+04   0.12917E+04   0.20439E+01   0.31147E+22
   0.34764E+04   0.12919E+04   0.20441E+01   0.31150E+22
   0.34769E+04   0.12921E+04   0.20443E+01   0.31153E+22
   0.34773E+04   0.12923E+04   0.20445E+01   0.31156E+22
   0.34778E+04   0.12924E+04   0.20447E+01   0.31159E+22
   0.34783E+04   0.12926E+04   0.20449E+01   0.31162E+22
   0.34787E+04   0.12928E+04   0.20451E+01   0.31165E+22
   0.34792E+04   0.12930E+04   0.20453E+01   0.31168E+22
   0.34797E+04   0.12932E+04   0.20455E+01   0.31171E+22
   0.34801E+04   0.12933E+04   0.20457E+01   0.31174E+22
   0.34806E+04   0.12935E+04   0.20459E+01   0.31177E+22
   0.34811E+04   0.12937E+04   0.20461E+01   0.31180E+22
   0.34815E+04   0.12939E+04   0.20463E+01   0.31183E+22
   0.34820E+04   0.12941E+04   0.20465E+01   0.31186E+22
   0.34825E+04   0.12942E+04   0.20467E+01   0.31189E+22
   0.34829E+04   0.12944E+04   0.20469E+01   0.31192E+22
   0.34834E+04   0.12946E+04   0.20471E+01   0.31196E+22
   0.34839E+04   0.12948E+04   0.20473E+01   0.31199E+22
   0.34843E+04   0.12950E+04   0.20475E+01   0.31202E+22
   0.34848E+04   0.12951E+04   0.20477E+01   0.31205E+22
   0.34853E+04   0.12953E+04   0.20479E+01   0.31208E+22
   0.34857E+04   0.12955E+04   0.20481E+01   0.31211E+22
   0.34862E+04   0.12957E+04   0.20483E+01   0.31214E+22
   0.34867E+04   0.12959E+04   0.20485E+01   0.31217E+22
   0.34871E+04   0.12961E+04   0.20487E+01   0.31220E+22
   0.34876E+04   0.12962E+04   0.20489E+01   0.31223E+22
   0.34881E+04   0.12964E+04   0.20491E+01   0.31226E+22
   0.34885E+04   0.12966E+04   0.20493E+01   0.31229E+22
   0.34890E+04   0.12968E+04   0.20495E+01   0.31232E+22
   0.34895E+04   0.12970E+04   0.20497E+01   0.31235E+22
   0.34899E+04   0.12971E+04   0.20499E+01   0.31238E+22
   0.34904E+04   0.12973E+04   0.20501E+01   0.31241E+22
   0.34909E+04   0.12975E+04   0.20503E+01   0.31245E+22
   0.34914E+04   0.12977E+04   0.20505E+01   0.31248E+22
