 ========================================================
       E/V           P              n           eps      
    (MeV/fm3)     (MeV/fm3)      (#/fm3)    (erg/cm^3/s) 
 ========================================================
   0.43755E-11   0.63039E-25   0.47000E-14   0.00000E+00
   0.44091E-11   0.63039E-24   0.47300E-14   0.00000E+00
   0.44316E-11   0.63039E-23   0.47600E-14   0.00000E+00
   0.45718E-11   0.63039E-22   0.49100E-14   0.00000E+00
   0.65071E-11   0.75522E-21   0.69900E-14   0.00000E+00
   0.91997E-11   0.87381E-20   0.99000E-14   0.00000E+00
   0.25299E-10   0.10611E-18   0.27200E-13   0.00000E+00
   0.11892E-09   0.36326E-17   0.12700E-12   0.00000E+00
   0.64510E-09   0.11859E-15   0.69300E-12   0.00000E+00
   0.58564E-08   0.60817E-14   0.62950E-11   0.00000E+00
   0.14708E-07   0.31008E-13   0.15810E-10   0.00000E+00
   0.36950E-07   0.15173E-12   0.39720E-10   0.00000E+00
   0.92783E-07   0.71840E-12   0.99760E-10   0.00000E+00
   0.23313E-06   0.32868E-11   0.25060E-09   0.00000E+00
   0.58564E-06   0.14468E-10   0.62940E-09   0.00000E+00
   0.14708E-05   0.60886E-10   0.15810E-08   0.00000E+00
   0.36956E-05   0.24411E-09   0.39720E-08   0.00000E+00
   0.46520E-05   0.32824E-09   0.50000E-08   0.00000E+00
   0.92839E-05   0.89566E-09   0.99760E-08   0.00000E+00
   0.18523E-04   0.23924E-08   0.19900E-07   0.00000E+00
   0.36962E-04   0.62790E-08   0.39720E-07   0.00000E+00
   0.73766E-04   0.16253E-07   0.79240E-07   0.00000E+00
   0.14720E-03   0.41668E-07   0.15810E-06   0.00000E+00
   0.18534E-03   0.54538E-07   0.19900E-06   0.00000E+00
   0.29377E-03   0.10167E-06   0.31550E-06   0.00000E+00
   0.46565E-03   0.18906E-06   0.50000E-06   0.00000E+00
   0.58620E-03   0.25771E-06   0.62940E-06   0.00000E+00
   0.72252E-03   0.31432E-06   0.77530E-06   0.00000E+00
   0.90931E-03   0.42817E-06   0.97610E-06   0.00000E+00
   0.14417E-02   0.79392E-06   0.15470E-05   0.00000E+00
   0.22853E-02   0.14705E-05   0.24520E-05   0.00000E+00
   0.37035E-02   0.27225E-05   0.39710E-05   0.00000E+00
   0.45017E-02   0.35339E-05   0.48270E-05   0.00000E+00
   0.56713E-02   0.48072E-05   0.60770E-05   0.00000E+00
   0.71410E-02   0.65411E-05   0.76530E-05   0.00000E+00
   0.93119E-02   0.88942E-05   0.99810E-05   0.00000E+00
   0.11878E-01   0.12096E-04   0.12725E-04   0.00000E+00
   0.14759E-01   0.15622E-04   0.15810E-04   0.00000E+00
   0.18590E-01   0.21246E-04   0.19900E-04   0.00000E+00
   0.23403E-01   0.28886E-04   0.25060E-04   0.00000E+00
   0.29478E-01   0.37131E-04   0.31545E-04   0.00000E+00
   0.37119E-01   0.50488E-04   0.39710E-04   0.00000E+00
   0.46756E-01   0.68657E-04   0.50014E-04   0.00000E+00
   0.60359E-01   0.93311E-04   0.64550E-04   0.00000E+00
   0.77973E-01   0.12689E-03   0.83310E-04   0.00000E+00
   0.95980E-01   0.16209E-03   0.10250E-03   0.00000E+00
   0.10406E+00   0.18050E-03   0.11115E-03   0.00000E+00
   0.11466E+00   0.20535E-03   0.12240E-03   0.00000E+00
   0.14781E+00   0.27918E-03   0.15780E-03   0.00000E+00
   0.18427E+00   0.36301E-03   0.19660E-03   0.00000E+00
   0.22074E+00   0.43684E-03   0.23550E-03   0.00000E+00
   0.37539E+00   0.54551E-03   0.40000E-03   0.00000E+00
   0.56320E+00   0.78705E-03   0.60000E-03   0.00000E+00
   0.82573E+00   0.10579E-02   0.87900E-03   0.00000E+00
   0.14950E+01   0.16459E-02   0.15900E-02   0.00000E+00
   0.35099E+01   0.38654E-02   0.37300E-02   0.00000E+00
   0.54329E+01   0.69094E-02   0.57700E-02   0.00000E+00
   0.83919E+01   0.13082E-01   0.89100E-02   0.00000E+00
   0.19252E+02   0.46349E-01   0.20400E-01   0.00000E+00
   0.44938E+02   0.17133E+00   0.47500E-01   0.00000E+00
   0.79647E+02   0.23130E+00   0.83922E-01   0.00000E+00
   0.80123E+02   0.23502E+00   0.84422E-01   0.00000E+00
   0.80599E+02   0.23886E+00   0.84922E-01   0.00000E+00
   0.81075E+02   0.24281E+00   0.85422E-01   0.00000E+00
   0.81551E+02   0.24688E+00   0.85922E-01   0.00000E+00
   0.82027E+02   0.25107E+00   0.86422E-01   0.00000E+00
   0.82503E+02   0.25539E+00   0.86922E-01   0.00000E+00
   0.82979E+02   0.25982E+00   0.87422E-01   0.00000E+00
   0.83455E+02   0.26438E+00   0.87922E-01   0.00000E+00
   0.83931E+02   0.26907E+00   0.88422E-01   0.00000E+00
   0.84407E+02   0.27389E+00   0.88922E-01   0.00000E+00
   0.84883E+02   0.27883E+00   0.89422E-01   0.00000E+00
   0.85360E+02   0.28391E+00   0.89922E-01   0.00000E+00
   0.85836E+02   0.28912E+00   0.90422E-01   0.00000E+00
   0.86312E+02   0.29446E+00   0.90922E-01   0.00000E+00
   0.86788E+02   0.29994E+00   0.91422E-01   0.00000E+00
   0.87265E+02   0.30556E+00   0.91922E-01   0.00000E+00
   0.87741E+02   0.31131E+00   0.92422E-01   0.00000E+00
   0.88217E+02   0.31720E+00   0.92922E-01   0.00000E+00
   0.88694E+02   0.32324E+00   0.93422E-01   0.00000E+00
   0.89170E+02   0.32942E+00   0.93922E-01   0.00000E+00
   0.89647E+02   0.33574E+00   0.94422E-01   0.00000E+00
   0.90123E+02   0.34221E+00   0.94922E-01   0.00000E+00
   0.90600E+02   0.34883E+00   0.95422E-01   0.00000E+00
   0.91076E+02   0.35559E+00   0.95922E-01   0.00000E+00
   0.91553E+02   0.36251E+00   0.96422E-01   0.00000E+00
   0.92030E+02   0.36958E+00   0.96922E-01   0.00000E+00
   0.92506E+02   0.37680E+00   0.97422E-01   0.00000E+00
   0.92983E+02   0.38417E+00   0.97922E-01   0.00000E+00
   0.93460E+02   0.39170E+00   0.98422E-01   0.00000E+00
   0.93937E+02   0.39939E+00   0.98922E-01   0.00000E+00
   0.94413E+02   0.40723E+00   0.99422E-01   0.00000E+00
   0.94890E+02   0.41523E+00   0.99922E-01   0.00000E+00
   0.95367E+02   0.42340E+00   0.10042E+00   0.00000E+00
   0.95844E+02   0.43173E+00   0.10092E+00   0.00000E+00
   0.96321E+02   0.44022E+00   0.10142E+00   0.00000E+00
   0.96798E+02   0.44887E+00   0.10192E+00   0.00000E+00
   0.97275E+02   0.45769E+00   0.10242E+00   0.00000E+00
   0.97752E+02   0.46668E+00   0.10292E+00   0.00000E+00
   0.98230E+02   0.47583E+00   0.10342E+00   0.00000E+00
   0.98707E+02   0.48515E+00   0.10392E+00   0.00000E+00
   0.99184E+02   0.49464E+00   0.10442E+00   0.00000E+00
   0.99661E+02   0.50430E+00   0.10492E+00   0.00000E+00
   0.10014E+03   0.51413E+00   0.10542E+00   0.00000E+00
   0.10062E+03   0.52412E+00   0.10592E+00   0.00000E+00
   0.10109E+03   0.53429E+00   0.10642E+00   0.00000E+00
   0.10157E+03   0.54464E+00   0.10692E+00   0.00000E+00
   0.10205E+03   0.55515E+00   0.10742E+00   0.00000E+00
   0.10253E+03   0.56585E+00   0.10792E+00   0.00000E+00
   0.10300E+03   0.57672E+00   0.10842E+00   0.00000E+00
   0.10348E+03   0.58778E+00   0.10892E+00   0.00000E+00
   0.10396E+03   0.59901E+00   0.10942E+00   0.00000E+00
   0.10444E+03   0.61042E+00   0.10992E+00   0.00000E+00
   0.10492E+03   0.62202E+00   0.11042E+00   0.00000E+00
   0.10539E+03   0.63380E+00   0.11092E+00   0.00000E+00
   0.10587E+03   0.64576E+00   0.11142E+00   0.00000E+00
   0.10635E+03   0.65786E+00   0.11192E+00   0.00000E+00
   0.10683E+03   0.67012E+00   0.11242E+00   0.00000E+00
   0.10731E+03   0.68254E+00   0.11292E+00   0.00000E+00
   0.10778E+03   0.69514E+00   0.11342E+00   0.00000E+00
   0.10826E+03   0.70791E+00   0.11392E+00   0.00000E+00
   0.10874E+03   0.72086E+00   0.11442E+00   0.00000E+00
   0.10922E+03   0.73399E+00   0.11492E+00   0.00000E+00
   0.10970E+03   0.74730E+00   0.11542E+00   0.00000E+00
   0.11018E+03   0.76080E+00   0.11592E+00   0.00000E+00
   0.11065E+03   0.77448E+00   0.11642E+00   0.00000E+00
   0.11113E+03   0.78835E+00   0.11692E+00   0.00000E+00
   0.11161E+03   0.80240E+00   0.11742E+00   0.00000E+00
   0.11209E+03   0.81665E+00   0.11792E+00   0.00000E+00
   0.11257E+03   0.83108E+00   0.11842E+00   0.00000E+00
   0.11305E+03   0.84571E+00   0.11892E+00   0.00000E+00
   0.11353E+03   0.86053E+00   0.11942E+00   0.00000E+00
   0.11400E+03   0.87554E+00   0.11992E+00   0.00000E+00
   0.11448E+03   0.89075E+00   0.12042E+00   0.00000E+00
   0.11496E+03   0.90615E+00   0.12092E+00   0.00000E+00
   0.11544E+03   0.92175E+00   0.12142E+00   0.00000E+00
   0.11592E+03   0.93755E+00   0.12192E+00   0.00000E+00
   0.11640E+03   0.95354E+00   0.12242E+00   0.00000E+00
   0.11688E+03   0.96973E+00   0.12292E+00   0.00000E+00
   0.11736E+03   0.98613E+00   0.12342E+00   0.00000E+00
   0.11784E+03   0.10027E+01   0.12392E+00   0.00000E+00
   0.11832E+03   0.10195E+01   0.12442E+00   0.00000E+00
   0.11880E+03   0.10365E+01   0.12492E+00   0.00000E+00
   0.11928E+03   0.10537E+01   0.12542E+00   0.00000E+00
   0.11976E+03   0.10711E+01   0.12592E+00   0.00000E+00
   0.12024E+03   0.10887E+01   0.12642E+00   0.00000E+00
   0.12072E+03   0.11066E+01   0.12692E+00   0.00000E+00
   0.12120E+03   0.11246E+01   0.12742E+00   0.00000E+00
   0.12168E+03   0.11428E+01   0.12792E+00   0.00000E+00
   0.12216E+03   0.11612E+01   0.12842E+00   0.00000E+00
   0.12264E+03   0.11799E+01   0.12892E+00   0.00000E+00
   0.12312E+03   0.11988E+01   0.12942E+00   0.00000E+00
   0.12360E+03   0.12178E+01   0.12992E+00   0.00000E+00
   0.12408E+03   0.12371E+01   0.13042E+00   0.00000E+00
   0.12456E+03   0.12566E+01   0.13092E+00   0.00000E+00
   0.12504E+03   0.12763E+01   0.13142E+00   0.00000E+00
   0.12552E+03   0.12962E+01   0.13192E+00   0.00000E+00
   0.12600E+03   0.13164E+01   0.13242E+00   0.00000E+00
   0.12648E+03   0.13367E+01   0.13292E+00   0.00000E+00
   0.12696E+03   0.13573E+01   0.13342E+00   0.00000E+00
   0.12744E+03   0.13780E+01   0.13392E+00   0.00000E+00
   0.12792E+03   0.13990E+01   0.13442E+00   0.00000E+00
   0.12841E+03   0.14203E+01   0.13492E+00   0.00000E+00
   0.12889E+03   0.14417E+01   0.13542E+00   0.00000E+00
   0.12937E+03   0.14634E+01   0.13592E+00   0.00000E+00
   0.12985E+03   0.14852E+01   0.13642E+00   0.00000E+00
   0.13033E+03   0.15073E+01   0.13692E+00   0.00000E+00
   0.13081E+03   0.15297E+01   0.13742E+00   0.00000E+00
   0.13129E+03   0.15522E+01   0.13792E+00   0.00000E+00
   0.13177E+03   0.15750E+01   0.13842E+00   0.00000E+00
   0.13226E+03   0.15980E+01   0.13892E+00   0.00000E+00
   0.13274E+03   0.16212E+01   0.13942E+00   0.00000E+00
   0.13322E+03   0.16446E+01   0.13992E+00   0.00000E+00
   0.13370E+03   0.16683E+01   0.14042E+00   0.00000E+00
   0.13418E+03   0.16922E+01   0.14092E+00   0.00000E+00
   0.13467E+03   0.17163E+01   0.14142E+00   0.00000E+00
   0.13515E+03   0.17407E+01   0.14192E+00   0.00000E+00
   0.13563E+03   0.17652E+01   0.14242E+00   0.00000E+00
   0.13611E+03   0.17901E+01   0.14292E+00   0.00000E+00
   0.13660E+03   0.18151E+01   0.14342E+00   0.00000E+00
   0.13708E+03   0.18404E+01   0.14392E+00   0.00000E+00
   0.13756E+03   0.18659E+01   0.14442E+00   0.00000E+00
   0.13804E+03   0.18916E+01   0.14492E+00   0.00000E+00
   0.13853E+03   0.19176E+01   0.14542E+00   0.00000E+00
   0.13901E+03   0.19438E+01   0.14592E+00   0.00000E+00
   0.13949E+03   0.19702E+01   0.14642E+00   0.00000E+00
   0.13998E+03   0.19969E+01   0.14692E+00   0.00000E+00
   0.14046E+03   0.20238E+01   0.14742E+00   0.00000E+00
   0.14094E+03   0.20509E+01   0.14792E+00   0.00000E+00
   0.14143E+03   0.20783E+01   0.14842E+00   0.00000E+00
   0.14191E+03   0.21059E+01   0.14892E+00   0.00000E+00
   0.14239E+03   0.21338E+01   0.14942E+00   0.00000E+00
   0.14288E+03   0.21619E+01   0.14992E+00   0.00000E+00
   0.14336E+03   0.21902E+01   0.15042E+00   0.00000E+00
   0.14384E+03   0.22188E+01   0.15092E+00   0.00000E+00
   0.14433E+03   0.22476E+01   0.15142E+00   0.00000E+00
   0.14481E+03   0.22767E+01   0.15192E+00   0.00000E+00
   0.14530E+03   0.23060E+01   0.15242E+00   0.00000E+00
   0.14578E+03   0.23355E+01   0.15292E+00   0.00000E+00
   0.14626E+03   0.23653E+01   0.15342E+00   0.00000E+00
   0.14675E+03   0.23953E+01   0.15392E+00   0.00000E+00
   0.14723E+03   0.24256E+01   0.15442E+00   0.00000E+00
   0.14772E+03   0.24561E+01   0.15492E+00   0.00000E+00
   0.14820E+03   0.24868E+01   0.15542E+00   0.00000E+00
   0.14869E+03   0.25179E+01   0.15592E+00   0.00000E+00
   0.14917E+03   0.25491E+01   0.15642E+00   0.00000E+00
   0.14966E+03   0.25806E+01   0.15692E+00   0.00000E+00
   0.15014E+03   0.26124E+01   0.15742E+00   0.00000E+00
   0.15063E+03   0.26443E+01   0.15792E+00   0.00000E+00
   0.15111E+03   0.26766E+01   0.15842E+00   0.00000E+00
   0.15160E+03   0.27091E+01   0.15892E+00   0.00000E+00
   0.15208E+03   0.27418E+01   0.15942E+00   0.00000E+00
   0.15257E+03   0.27748E+01   0.15992E+00   0.00000E+00
   0.15306E+03   0.28081E+01   0.16042E+00   0.00000E+00
   0.15354E+03   0.28416E+01   0.16092E+00   0.00000E+00
   0.15403E+03   0.28753E+01   0.16142E+00   0.00000E+00
   0.15451E+03   0.29093E+01   0.16192E+00   0.00000E+00
   0.15500E+03   0.29436E+01   0.16242E+00   0.00000E+00
   0.15549E+03   0.29781E+01   0.16292E+00   0.00000E+00
   0.15597E+03   0.30129E+01   0.16342E+00   0.00000E+00
   0.15646E+03   0.30479E+01   0.16392E+00   0.00000E+00
   0.15695E+03   0.30832E+01   0.16442E+00   0.00000E+00
   0.15743E+03   0.31187E+01   0.16492E+00   0.00000E+00
   0.15792E+03   0.31545E+01   0.16542E+00   0.00000E+00
   0.15841E+03   0.31906E+01   0.16592E+00   0.00000E+00
   0.15889E+03   0.32269E+01   0.16642E+00   0.00000E+00
   0.15938E+03   0.32635E+01   0.16692E+00   0.00000E+00
   0.15987E+03   0.33003E+01   0.16742E+00   0.00000E+00
   0.16035E+03   0.33374E+01   0.16792E+00   0.00000E+00
   0.16084E+03   0.33747E+01   0.16842E+00   0.00000E+00
   0.16133E+03   0.34123E+01   0.16892E+00   0.00000E+00
   0.16182E+03   0.34502E+01   0.16942E+00   0.00000E+00
   0.16231E+03   0.34884E+01   0.16992E+00   0.00000E+00
   0.16279E+03   0.35268E+01   0.17042E+00   0.00000E+00
   0.16328E+03   0.35654E+01   0.17092E+00   0.00000E+00
   0.16377E+03   0.36044E+01   0.17142E+00   0.00000E+00
   0.16426E+03   0.36436E+01   0.17192E+00   0.00000E+00
   0.16475E+03   0.36830E+01   0.17242E+00   0.00000E+00
   0.16523E+03   0.37227E+01   0.17292E+00   0.00000E+00
   0.16572E+03   0.37627E+01   0.17342E+00   0.00000E+00
   0.16621E+03   0.38030E+01   0.17392E+00   0.00000E+00
   0.16670E+03   0.38435E+01   0.17442E+00   0.00000E+00
   0.16719E+03   0.38843E+01   0.17492E+00   0.00000E+00
   0.16768E+03   0.39254E+01   0.17542E+00   0.00000E+00
   0.16817E+03   0.39667E+01   0.17592E+00   0.00000E+00
   0.16866E+03   0.40083E+01   0.17642E+00   0.00000E+00
   0.16915E+03   0.40502E+01   0.17692E+00   0.00000E+00
   0.16964E+03   0.40924E+01   0.17742E+00   0.00000E+00
   0.17013E+03   0.41348E+01   0.17792E+00   0.00000E+00
   0.17062E+03   0.41775E+01   0.17842E+00   0.00000E+00
   0.17111E+03   0.42204E+01   0.17892E+00   0.00000E+00
   0.17160E+03   0.42637E+01   0.17942E+00   0.00000E+00
   0.17209E+03   0.43072E+01   0.17992E+00   0.00000E+00
   0.17258E+03   0.43510E+01   0.18042E+00   0.00000E+00
   0.17307E+03   0.43950E+01   0.18092E+00   0.00000E+00
   0.17356E+03   0.44394E+01   0.18142E+00   0.00000E+00
   0.17405E+03   0.44840E+01   0.18192E+00   0.00000E+00
   0.17454E+03   0.45289E+01   0.18242E+00   0.00000E+00
   0.17503E+03   0.45741E+01   0.18292E+00   0.00000E+00
   0.17552E+03   0.46195E+01   0.18342E+00   0.00000E+00
   0.17601E+03   0.46652E+01   0.18392E+00   0.00000E+00
   0.17650E+03   0.47112E+01   0.18442E+00   0.00000E+00
   0.17699E+03   0.47575E+01   0.18492E+00   0.00000E+00
   0.17748E+03   0.48041E+01   0.18542E+00   0.00000E+00
   0.17798E+03   0.48510E+01   0.18592E+00   0.00000E+00
   0.17847E+03   0.48981E+01   0.18642E+00   0.00000E+00
   0.17896E+03   0.49455E+01   0.18692E+00   0.00000E+00
   0.17945E+03   0.49932E+01   0.18742E+00   0.00000E+00
   0.17994E+03   0.50412E+01   0.18792E+00   0.00000E+00
   0.18044E+03   0.50894E+01   0.18842E+00   0.00000E+00
   0.18093E+03   0.51380E+01   0.18892E+00   0.00000E+00
   0.18142E+03   0.51868E+01   0.18942E+00   0.00000E+00
   0.18191E+03   0.52359E+01   0.18992E+00   0.00000E+00
   0.18241E+03   0.52853E+01   0.19042E+00   0.00000E+00
   0.18290E+03   0.53350E+01   0.19092E+00   0.00000E+00
   0.18339E+03   0.53850E+01   0.19142E+00   0.00000E+00
   0.18389E+03   0.54352E+01   0.19192E+00   0.00000E+00
   0.18438E+03   0.54858E+01   0.19242E+00   0.00000E+00
   0.18487E+03   0.55366E+01   0.19292E+00   0.00000E+00
   0.18537E+03   0.55877E+01   0.19342E+00   0.00000E+00
   0.18586E+03   0.56392E+01   0.19392E+00   0.00000E+00
   0.18635E+03   0.56909E+01   0.19442E+00   0.00000E+00
   0.18685E+03   0.57429E+01   0.19492E+00   0.00000E+00
   0.18734E+03   0.57951E+01   0.19542E+00   0.00000E+00
   0.18784E+03   0.58477E+01   0.19592E+00   0.00000E+00
   0.18833E+03   0.59006E+01   0.19642E+00   0.00000E+00
   0.18882E+03   0.59537E+01   0.19692E+00   0.00000E+00
   0.18932E+03   0.60072E+01   0.19742E+00   0.00000E+00
   0.18981E+03   0.60609E+01   0.19792E+00   0.00000E+00
   0.19031E+03   0.61150E+01   0.19842E+00   0.00000E+00
   0.19080E+03   0.61693E+01   0.19892E+00   0.00000E+00
   0.19130E+03   0.62239E+01   0.19942E+00   0.00000E+00
   0.19179E+03   0.62789E+01   0.19992E+00   0.00000E+00
   0.19229E+03   0.63341E+01   0.20042E+00   0.00000E+00
   0.19279E+03   0.63896E+01   0.20092E+00   0.00000E+00
   0.19328E+03   0.64454E+01   0.20142E+00   0.00000E+00
   0.19378E+03   0.65015E+01   0.20192E+00   0.00000E+00
   0.19427E+03   0.65579E+01   0.20242E+00   0.00000E+00
   0.19477E+03   0.66146E+01   0.20292E+00   0.00000E+00
   0.19527E+03   0.66717E+01   0.20342E+00   0.00000E+00
   0.19576E+03   0.67290E+01   0.20392E+00   0.00000E+00
   0.19626E+03   0.67866E+01   0.20442E+00   0.00000E+00
   0.19676E+03   0.68445E+01   0.20492E+00   0.00000E+00
   0.19725E+03   0.69027E+01   0.20542E+00   0.00000E+00
   0.19775E+03   0.69612E+01   0.20592E+00   0.00000E+00
   0.19825E+03   0.70200E+01   0.20642E+00   0.00000E+00
   0.19874E+03   0.70791E+01   0.20692E+00   0.00000E+00
   0.19924E+03   0.71385E+01   0.20742E+00   0.00000E+00
   0.19974E+03   0.71982E+01   0.20792E+00   0.00000E+00
   0.20024E+03   0.72582E+01   0.20842E+00   0.00000E+00
   0.20073E+03   0.73185E+01   0.20892E+00   0.00000E+00
   0.20123E+03   0.73792E+01   0.20942E+00   0.00000E+00
   0.20173E+03   0.74401E+01   0.20992E+00   0.00000E+00
   0.20223E+03   0.75013E+01   0.21042E+00   0.00000E+00
   0.20273E+03   0.75629E+01   0.21092E+00   0.00000E+00
   0.20323E+03   0.76247E+01   0.21142E+00   0.00000E+00
   0.20372E+03   0.76869E+01   0.21192E+00   0.00000E+00
   0.20422E+03   0.77493E+01   0.21242E+00   0.00000E+00
   0.20472E+03   0.78121E+01   0.21292E+00   0.00000E+00
   0.20522E+03   0.78752E+01   0.21342E+00   0.00000E+00
   0.20572E+03   0.79385E+01   0.21392E+00   0.00000E+00
   0.20622E+03   0.80022E+01   0.21442E+00   0.00000E+00
   0.20672E+03   0.80662E+01   0.21492E+00   0.00000E+00
   0.20722E+03   0.81305E+01   0.21542E+00   0.00000E+00
   0.20772E+03   0.81951E+01   0.21592E+00   0.00000E+00
   0.20822E+03   0.82601E+01   0.21642E+00   0.00000E+00
   0.20872E+03   0.83253E+01   0.21692E+00   0.00000E+00
   0.20922E+03   0.83908E+01   0.21742E+00   0.00000E+00
   0.20972E+03   0.84567E+01   0.21792E+00   0.00000E+00
   0.21022E+03   0.85229E+01   0.21842E+00   0.00000E+00
   0.21072E+03   0.85893E+01   0.21892E+00   0.00000E+00
   0.21122E+03   0.86561E+01   0.21942E+00   0.00000E+00
   0.21172E+03   0.87232E+01   0.21992E+00   0.00000E+00
   0.21223E+03   0.87906E+01   0.22042E+00   0.00000E+00
   0.21273E+03   0.88584E+01   0.22092E+00   0.00000E+00
   0.21323E+03   0.89264E+01   0.22142E+00   0.00000E+00
   0.21373E+03   0.89948E+01   0.22192E+00   0.00000E+00
   0.21423E+03   0.90634E+01   0.22242E+00   0.00000E+00
   0.21473E+03   0.91324E+01   0.22292E+00   0.00000E+00
   0.21524E+03   0.92017E+01   0.22342E+00   0.00000E+00
   0.21574E+03   0.92713E+01   0.22392E+00   0.00000E+00
   0.21624E+03   0.93413E+01   0.22442E+00   0.00000E+00
   0.21674E+03   0.94115E+01   0.22492E+00   0.00000E+00
   0.21725E+03   0.94821E+01   0.22542E+00   0.00000E+00
   0.21775E+03   0.95529E+01   0.22592E+00   0.00000E+00
   0.21825E+03   0.96241E+01   0.22642E+00   0.00000E+00
   0.21876E+03   0.96956E+01   0.22692E+00   0.00000E+00
   0.21926E+03   0.97675E+01   0.22742E+00   0.00000E+00
   0.21976E+03   0.98396E+01   0.22792E+00   0.00000E+00
   0.22027E+03   0.99121E+01   0.22842E+00   0.00000E+00
   0.22077E+03   0.99849E+01   0.22892E+00   0.00000E+00
   0.22127E+03   0.10058E+02   0.22942E+00   0.00000E+00
   0.22178E+03   0.10131E+02   0.22992E+00   0.00000E+00
   0.22228E+03   0.10205E+02   0.23042E+00   0.00000E+00
   0.22279E+03   0.10279E+02   0.23092E+00   0.00000E+00
   0.22329E+03   0.10354E+02   0.23142E+00   0.00000E+00
   0.22380E+03   0.10428E+02   0.23192E+00   0.00000E+00
   0.22430E+03   0.10503E+02   0.23242E+00   0.00000E+00
   0.22481E+03   0.10579E+02   0.23292E+00   0.00000E+00
   0.22531E+03   0.10654E+02   0.23342E+00   0.00000E+00
   0.22582E+03   0.10730E+02   0.23392E+00   0.00000E+00
   0.22632E+03   0.10807E+02   0.23442E+00   0.00000E+00
   0.22683E+03   0.10883E+02   0.23492E+00   0.00000E+00
   0.22734E+03   0.10960E+02   0.23542E+00   0.00000E+00
   0.22784E+03   0.11037E+02   0.23592E+00   0.00000E+00
   0.22835E+03   0.11115E+02   0.23642E+00   0.00000E+00
   0.22886E+03   0.11193E+02   0.23692E+00   0.00000E+00
   0.22936E+03   0.11271E+02   0.23742E+00   0.00000E+00
   0.22987E+03   0.11350E+02   0.23792E+00   0.00000E+00
   0.23038E+03   0.11429E+02   0.23842E+00   0.00000E+00
   0.23088E+03   0.11508E+02   0.23892E+00   0.00000E+00
   0.23139E+03   0.11587E+02   0.23942E+00   0.00000E+00
   0.23190E+03   0.11667E+02   0.23992E+00   0.00000E+00
   0.23241E+03   0.11747E+02   0.24042E+00   0.00000E+00
   0.23291E+03   0.11828E+02   0.24092E+00   0.00000E+00
   0.23342E+03   0.11909E+02   0.24142E+00   0.00000E+00
   0.23393E+03   0.11990E+02   0.24192E+00   0.00000E+00
   0.23444E+03   0.12071E+02   0.24242E+00   0.00000E+00
   0.23495E+03   0.12153E+02   0.24292E+00   0.00000E+00
   0.23545E+03   0.12235E+02   0.24342E+00   0.00000E+00
   0.23596E+03   0.12318E+02   0.24392E+00   0.00000E+00
   0.23647E+03   0.12401E+02   0.24442E+00   0.00000E+00
   0.23698E+03   0.12484E+02   0.24492E+00   0.00000E+00
   0.23749E+03   0.12567E+02   0.24542E+00   0.00000E+00
   0.23800E+03   0.12651E+02   0.24592E+00   0.00000E+00
   0.23851E+03   0.12735E+02   0.24642E+00   0.00000E+00
   0.23902E+03   0.12819E+02   0.24692E+00   0.00000E+00
   0.23953E+03   0.12904E+02   0.24742E+00   0.00000E+00
   0.24004E+03   0.12989E+02   0.24792E+00   0.00000E+00
   0.24055E+03   0.13075E+02   0.24842E+00   0.00000E+00
   0.24106E+03   0.13160E+02   0.24892E+00   0.00000E+00
   0.24157E+03   0.13246E+02   0.24942E+00   0.00000E+00
   0.24208E+03   0.13333E+02   0.24992E+00   0.00000E+00
   0.24259E+03   0.13419E+02   0.25042E+00   0.00000E+00
   0.24311E+03   0.13506E+02   0.25092E+00   0.00000E+00
   0.24362E+03   0.13594E+02   0.25142E+00   0.00000E+00
   0.24413E+03   0.13681E+02   0.25192E+00   0.00000E+00
   0.24464E+03   0.13770E+02   0.25242E+00   0.00000E+00
   0.24515E+03   0.13858E+02   0.25292E+00   0.00000E+00
   0.24566E+03   0.13947E+02   0.25342E+00   0.00000E+00
   0.24618E+03   0.14036E+02   0.25392E+00   0.00000E+00
   0.24669E+03   0.14125E+02   0.25442E+00   0.00000E+00
   0.24720E+03   0.14215E+02   0.25492E+00   0.00000E+00
   0.24771E+03   0.14305E+02   0.25542E+00   0.00000E+00
   0.24823E+03   0.14395E+02   0.25592E+00   0.00000E+00
   0.24874E+03   0.14485E+02   0.25642E+00   0.00000E+00
   0.24925E+03   0.14576E+02   0.25692E+00   0.00000E+00
   0.24977E+03   0.14668E+02   0.25742E+00   0.00000E+00
   0.25028E+03   0.14759E+02   0.25792E+00   0.00000E+00
   0.25080E+03   0.14851E+02   0.25842E+00   0.00000E+00
   0.25131E+03   0.14944E+02   0.25892E+00   0.00000E+00
   0.25182E+03   0.15036E+02   0.25942E+00   0.00000E+00
   0.25234E+03   0.15129E+02   0.25992E+00   0.00000E+00
   0.25285E+03   0.15223E+02   0.26042E+00   0.00000E+00
   0.25337E+03   0.15316E+02   0.26092E+00   0.00000E+00
   0.25388E+03   0.15410E+02   0.26142E+00   0.00000E+00
   0.25440E+03   0.15504E+02   0.26192E+00   0.00000E+00
   0.25491E+03   0.15599E+02   0.26242E+00   0.00000E+00
   0.25543E+03   0.15694E+02   0.26292E+00   0.00000E+00
   0.25594E+03   0.15789E+02   0.26342E+00   0.00000E+00
   0.25646E+03   0.15885E+02   0.26392E+00   0.00000E+00
   0.25698E+03   0.15981E+02   0.26442E+00   0.00000E+00
   0.25749E+03   0.16077E+02   0.26492E+00   0.00000E+00
   0.25801E+03   0.16174E+02   0.26542E+00   0.00000E+00
   0.25853E+03   0.16270E+02   0.26592E+00   0.00000E+00
   0.25904E+03   0.16368E+02   0.26642E+00   0.00000E+00
   0.25956E+03   0.16465E+02   0.26692E+00   0.00000E+00
   0.26008E+03   0.16563E+02   0.26742E+00   0.00000E+00
   0.26059E+03   0.16661E+02   0.26792E+00   0.00000E+00
   0.26111E+03   0.16760E+02   0.26842E+00   0.00000E+00
   0.26163E+03   0.16859E+02   0.26892E+00   0.00000E+00
   0.26215E+03   0.16958E+02   0.26942E+00   0.00000E+00
   0.26266E+03   0.17058E+02   0.26992E+00   0.00000E+00
   0.26318E+03   0.17158E+02   0.27042E+00   0.00000E+00
   0.26370E+03   0.17258E+02   0.27092E+00   0.00000E+00
   0.26422E+03   0.17358E+02   0.27142E+00   0.00000E+00
   0.26474E+03   0.17459E+02   0.27192E+00   0.00000E+00
   0.26526E+03   0.17560E+02   0.27242E+00   0.00000E+00
   0.26578E+03   0.17662E+02   0.27292E+00   0.00000E+00
   0.26630E+03   0.17764E+02   0.27342E+00   0.00000E+00
   0.26682E+03   0.17866E+02   0.27392E+00   0.00000E+00
   0.26734E+03   0.17968E+02   0.27442E+00   0.00000E+00
   0.26786E+03   0.18071E+02   0.27492E+00   0.00000E+00
   0.26838E+03   0.18175E+02   0.27542E+00   0.00000E+00
   0.26890E+03   0.18278E+02   0.27592E+00   0.00000E+00
   0.26942E+03   0.18382E+02   0.27642E+00   0.00000E+00
   0.26994E+03   0.18486E+02   0.27692E+00   0.00000E+00
   0.27046E+03   0.18591E+02   0.27742E+00   0.00000E+00
   0.27098E+03   0.18695E+02   0.27792E+00   0.00000E+00
   0.27150E+03   0.18801E+02   0.27842E+00   0.00000E+00
   0.27202E+03   0.18906E+02   0.27892E+00   0.00000E+00
   0.27254E+03   0.19012E+02   0.27942E+00   0.00000E+00
   0.27306E+03   0.19118E+02   0.27992E+00   0.00000E+00
   0.27359E+03   0.19224E+02   0.28042E+00   0.00000E+00
   0.27411E+03   0.19331E+02   0.28092E+00   0.00000E+00
   0.27463E+03   0.19438E+02   0.28142E+00   0.00000E+00
   0.27515E+03   0.19546E+02   0.28192E+00   0.00000E+00
   0.27568E+03   0.19654E+02   0.28242E+00   0.00000E+00
   0.27620E+03   0.19762E+02   0.28292E+00   0.00000E+00
   0.27672E+03   0.19870E+02   0.28342E+00   0.00000E+00
   0.27725E+03   0.19979E+02   0.28392E+00   0.00000E+00
   0.27777E+03   0.20088E+02   0.28442E+00   0.00000E+00
   0.27829E+03   0.20198E+02   0.28492E+00   0.00000E+00
   0.27882E+03   0.20307E+02   0.28542E+00   0.00000E+00
   0.27934E+03   0.20417E+02   0.28592E+00   0.00000E+00
   0.27987E+03   0.20528E+02   0.28642E+00   0.00000E+00
   0.28039E+03   0.20639E+02   0.28692E+00   0.00000E+00
   0.28091E+03   0.20750E+02   0.28742E+00   0.00000E+00
   0.28144E+03   0.20861E+02   0.28792E+00   0.00000E+00
   0.28196E+03   0.20973E+02   0.28842E+00   0.00000E+00
   0.28249E+03   0.21085E+02   0.28892E+00   0.00000E+00
   0.28302E+03   0.21197E+02   0.28942E+00   0.00000E+00
   0.28354E+03   0.21310E+02   0.28992E+00   0.00000E+00
   0.28407E+03   0.21423E+02   0.29042E+00   0.00000E+00
   0.28459E+03   0.21536E+02   0.29092E+00   0.00000E+00
   0.28512E+03   0.21650E+02   0.29142E+00   0.00000E+00
   0.28565E+03   0.21764E+02   0.29192E+00   0.00000E+00
   0.28617E+03   0.21878E+02   0.29242E+00   0.00000E+00
   0.28670E+03   0.21993E+02   0.29292E+00   0.00000E+00
   0.28723E+03   0.22108E+02   0.29342E+00   0.00000E+00
   0.28775E+03   0.22223E+02   0.29392E+00   0.00000E+00
   0.28828E+03   0.22339E+02   0.29442E+00   0.00000E+00
   0.28881E+03   0.22455E+02   0.29492E+00   0.00000E+00
   0.28934E+03   0.22571E+02   0.29542E+00   0.00000E+00
   0.28986E+03   0.22688E+02   0.29592E+00   0.00000E+00
   0.29039E+03   0.22805E+02   0.29642E+00   0.00000E+00
   0.29092E+03   0.22922E+02   0.29692E+00   0.00000E+00
   0.29145E+03   0.23040E+02   0.29742E+00   0.00000E+00
   0.29198E+03   0.23157E+02   0.29792E+00   0.00000E+00
   0.29251E+03   0.23276E+02   0.29842E+00   0.00000E+00
   0.29304E+03   0.23394E+02   0.29892E+00   0.00000E+00
   0.29357E+03   0.23513E+02   0.29942E+00   0.00000E+00
   0.29410E+03   0.23632E+02   0.29992E+00   0.00000E+00
   0.29463E+03   0.23752E+02   0.30042E+00   0.00000E+00
   0.29516E+03   0.23872E+02   0.30092E+00   0.00000E+00
   0.29569E+03   0.23992E+02   0.30142E+00   0.00000E+00
   0.29622E+03   0.24112E+02   0.30192E+00   0.00000E+00
   0.29675E+03   0.24233E+02   0.30242E+00   0.00000E+00
   0.29728E+03   0.24354E+02   0.30292E+00   0.00000E+00
   0.29781E+03   0.24476E+02   0.30342E+00   0.00000E+00
   0.29834E+03   0.24598E+02   0.30392E+00   0.00000E+00
   0.29887E+03   0.24720E+02   0.30442E+00   0.00000E+00
   0.29940E+03   0.24842E+02   0.30492E+00   0.00000E+00
   0.29993E+03   0.24965E+02   0.30542E+00   0.00000E+00
   0.30047E+03   0.25088E+02   0.30592E+00   0.00000E+00
   0.30100E+03   0.25211E+02   0.30642E+00   0.00000E+00
   0.30153E+03   0.25335E+02   0.30692E+00   0.00000E+00
   0.30206E+03   0.25459E+02   0.30742E+00   0.00000E+00
   0.30260E+03   0.25583E+02   0.30792E+00   0.00000E+00
   0.30313E+03   0.25708E+02   0.30842E+00   0.00000E+00
   0.30366E+03   0.25833E+02   0.30892E+00   0.00000E+00
   0.30420E+03   0.25958E+02   0.30942E+00   0.00000E+00
   0.30473E+03   0.26084E+02   0.30992E+00   0.00000E+00
   0.30526E+03   0.26210E+02   0.31042E+00   0.00000E+00
   0.30580E+03   0.26336E+02   0.31092E+00   0.00000E+00
   0.30633E+03   0.26463E+02   0.31142E+00   0.00000E+00
   0.30687E+03   0.26589E+02   0.31192E+00   0.00000E+00
   0.30740E+03   0.26717E+02   0.31242E+00   0.00000E+00
   0.30794E+03   0.26844E+02   0.31292E+00   0.00000E+00
   0.30847E+03   0.26972E+02   0.31342E+00   0.00000E+00
   0.30901E+03   0.27100E+02   0.31392E+00   0.00000E+00
   0.30954E+03   0.27229E+02   0.31442E+00   0.00000E+00
   0.31008E+03   0.27357E+02   0.31492E+00   0.00000E+00
   0.31061E+03   0.27487E+02   0.31542E+00   0.00000E+00
   0.31115E+03   0.27616E+02   0.31592E+00   0.00000E+00
   0.31168E+03   0.27746E+02   0.31642E+00   0.00000E+00
   0.31222E+03   0.27876E+02   0.31692E+00   0.00000E+00
   0.31276E+03   0.28006E+02   0.31742E+00   0.00000E+00
   0.31329E+03   0.28137E+02   0.31792E+00   0.00000E+00
   0.31383E+03   0.28268E+02   0.31842E+00   0.00000E+00
   0.31437E+03   0.28399E+02   0.31892E+00   0.00000E+00
   0.31491E+03   0.28531E+02   0.31942E+00   0.00000E+00
   0.31544E+03   0.28663E+02   0.31992E+00   0.00000E+00
   0.31598E+03   0.28795E+02   0.32042E+00   0.00000E+00
   0.31652E+03   0.28927E+02   0.32092E+00   0.00000E+00
   0.31706E+03   0.29060E+02   0.32142E+00   0.00000E+00
   0.31760E+03   0.29193E+02   0.32192E+00   0.00000E+00
   0.31814E+03   0.29327E+02   0.32242E+00   0.00000E+00
   0.31867E+03   0.29461E+02   0.32292E+00   0.00000E+00
   0.31921E+03   0.29595E+02   0.32342E+00   0.00000E+00
   0.31975E+03   0.29729E+02   0.32392E+00   0.00000E+00
   0.32029E+03   0.29864E+02   0.32442E+00   0.00000E+00
   0.32083E+03   0.29999E+02   0.32492E+00   0.00000E+00
   0.32137E+03   0.30134E+02   0.32542E+00   0.00000E+00
   0.32191E+03   0.30270E+02   0.32592E+00   0.00000E+00
   0.32245E+03   0.30406E+02   0.32642E+00   0.00000E+00
   0.32299E+03   0.30542E+02   0.32692E+00   0.00000E+00
   0.32353E+03   0.30679E+02   0.32742E+00   0.00000E+00
   0.32408E+03   0.30815E+02   0.32792E+00   0.00000E+00
   0.32462E+03   0.30953E+02   0.32842E+00   0.00000E+00
   0.32516E+03   0.31090E+02   0.32892E+00   0.00000E+00
   0.32570E+03   0.31228E+02   0.32942E+00   0.00000E+00
   0.32624E+03   0.31366E+02   0.32992E+00   0.00000E+00
   0.32678E+03   0.31504E+02   0.33042E+00   0.00000E+00
   0.32733E+03   0.31643E+02   0.33092E+00   0.00000E+00
   0.32787E+03   0.31782E+02   0.33142E+00   0.00000E+00
   0.32841E+03   0.31922E+02   0.33192E+00   0.00000E+00
   0.32895E+03   0.32061E+02   0.33242E+00   0.00000E+00
   0.32950E+03   0.32201E+02   0.33292E+00   0.00000E+00
   0.33004E+03   0.32341E+02   0.33342E+00   0.00000E+00
   0.33058E+03   0.32482E+02   0.33392E+00   0.00000E+00
   0.33113E+03   0.32623E+02   0.33442E+00   0.00000E+00
   0.33167E+03   0.32764E+02   0.33492E+00   0.00000E+00
   0.33222E+03   0.32905E+02   0.33542E+00   0.00000E+00
   0.33276E+03   0.33047E+02   0.33592E+00   0.00000E+00
   0.33330E+03   0.33189E+02   0.33642E+00   0.00000E+00
   0.33385E+03   0.33331E+02   0.33692E+00   0.00000E+00
   0.33439E+03   0.33474E+02   0.33742E+00   0.00000E+00
   0.33494E+03   0.33617E+02   0.33792E+00   0.00000E+00
   0.33549E+03   0.33760E+02   0.33842E+00   0.00000E+00
   0.33603E+03   0.33904E+02   0.33892E+00   0.00000E+00
   0.33658E+03   0.34048E+02   0.33942E+00   0.00000E+00
   0.33712E+03   0.34192E+02   0.33992E+00   0.00000E+00
   0.33767E+03   0.34336E+02   0.34042E+00   0.00000E+00
   0.33822E+03   0.34481E+02   0.34092E+00   0.00000E+00
   0.33876E+03   0.34626E+02   0.34142E+00   0.00000E+00
   0.33931E+03   0.34771E+02   0.34192E+00   0.00000E+00
   0.33986E+03   0.34917E+02   0.34242E+00   0.00000E+00
   0.34040E+03   0.35063E+02   0.34292E+00   0.00000E+00
   0.34095E+03   0.35209E+02   0.34342E+00   0.00000E+00
   0.34150E+03   0.35356E+02   0.34392E+00   0.00000E+00
   0.34205E+03   0.35503E+02   0.34442E+00   0.00000E+00
   0.34260E+03   0.35650E+02   0.34492E+00   0.00000E+00
   0.34314E+03   0.35797E+02   0.34542E+00   0.00000E+00
   0.34369E+03   0.35945E+02   0.34592E+00   0.00000E+00
   0.34424E+03   0.36093E+02   0.34642E+00   0.00000E+00
   0.34479E+03   0.36241E+02   0.34692E+00   0.00000E+00
   0.34534E+03   0.36390E+02   0.34742E+00   0.00000E+00
   0.34589E+03   0.36539E+02   0.34792E+00   0.00000E+00
   0.34644E+03   0.36688E+02   0.34842E+00   0.00000E+00
   0.34699E+03   0.36837E+02   0.34892E+00   0.00000E+00
   0.34754E+03   0.36987E+02   0.34942E+00   0.00000E+00
   0.34809E+03   0.37137E+02   0.34992E+00   0.00000E+00
   0.34864E+03   0.37287E+02   0.35042E+00   0.00000E+00
   0.34919E+03   0.37438E+02   0.35092E+00   0.00000E+00
   0.34974E+03   0.37589E+02   0.35142E+00   0.00000E+00
   0.35029E+03   0.37740E+02   0.35192E+00   0.00000E+00
   0.35084E+03   0.37892E+02   0.35242E+00   0.00000E+00
   0.35140E+03   0.38043E+02   0.35292E+00   0.00000E+00
   0.35195E+03   0.38196E+02   0.35342E+00   0.00000E+00
   0.35250E+03   0.38348E+02   0.35392E+00   0.00000E+00
   0.35305E+03   0.38501E+02   0.35442E+00   0.00000E+00
   0.35360E+03   0.38653E+02   0.35492E+00   0.00000E+00
   0.35416E+03   0.38807E+02   0.35542E+00   0.00000E+00
   0.35471E+03   0.38960E+02   0.35592E+00   0.00000E+00
   0.35526E+03   0.39114E+02   0.35642E+00   0.00000E+00
   0.35582E+03   0.39268E+02   0.35692E+00   0.00000E+00
   0.35637E+03   0.39422E+02   0.35742E+00   0.00000E+00
   0.35692E+03   0.39577E+02   0.35792E+00   0.00000E+00
   0.35748E+03   0.39732E+02   0.35842E+00   0.00000E+00
   0.35803E+03   0.39887E+02   0.35892E+00   0.00000E+00
   0.35859E+03   0.40043E+02   0.35942E+00   0.00000E+00
   0.35914E+03   0.40199E+02   0.35992E+00   0.00000E+00
   0.35970E+03   0.40355E+02   0.36042E+00   0.00000E+00
   0.36025E+03   0.40511E+02   0.36092E+00   0.00000E+00
   0.36081E+03   0.40668E+02   0.36142E+00   0.00000E+00
   0.36136E+03   0.40825E+02   0.36192E+00   0.00000E+00
   0.36192E+03   0.40982E+02   0.36242E+00   0.00000E+00
   0.36247E+03   0.41139E+02   0.36292E+00   0.00000E+00
   0.36303E+03   0.41297E+02   0.36342E+00   0.00000E+00
   0.36359E+03   0.41455E+02   0.36392E+00   0.00000E+00
   0.36414E+03   0.41613E+02   0.36442E+00   0.00000E+00
   0.36470E+03   0.41772E+02   0.36492E+00   0.00000E+00
   0.36526E+03   0.41931E+02   0.36542E+00   0.00000E+00
   0.36581E+03   0.42090E+02   0.36592E+00   0.00000E+00
   0.36637E+03   0.42249E+02   0.36642E+00   0.00000E+00
   0.36693E+03   0.42409E+02   0.36692E+00   0.00000E+00
   0.36749E+03   0.42569E+02   0.36742E+00   0.00000E+00
   0.36804E+03   0.42729E+02   0.36792E+00   0.00000E+00
   0.36860E+03   0.42890E+02   0.36842E+00   0.00000E+00
   0.36916E+03   0.43051E+02   0.36892E+00   0.00000E+00
   0.36972E+03   0.43212E+02   0.36942E+00   0.00000E+00
   0.37028E+03   0.43373E+02   0.36992E+00   0.00000E+00
   0.37084E+03   0.43535E+02   0.37042E+00   0.00000E+00
   0.37140E+03   0.43697E+02   0.37092E+00   0.00000E+00
   0.37196E+03   0.43859E+02   0.37142E+00   0.00000E+00
   0.37252E+03   0.44021E+02   0.37192E+00   0.00000E+00
   0.37308E+03   0.44184E+02   0.37242E+00   0.00000E+00
   0.37364E+03   0.44347E+02   0.37292E+00   0.00000E+00
   0.37420E+03   0.44510E+02   0.37342E+00   0.00000E+00
   0.37476E+03   0.44674E+02   0.37392E+00   0.00000E+00
   0.37532E+03   0.44838E+02   0.37442E+00   0.00000E+00
   0.37588E+03   0.45002E+02   0.37492E+00   0.00000E+00
   0.37644E+03   0.45166E+02   0.37542E+00   0.00000E+00
   0.37700E+03   0.45331E+02   0.37592E+00   0.00000E+00
   0.37757E+03   0.45496E+02   0.37642E+00   0.00000E+00
   0.37813E+03   0.45661E+02   0.37692E+00   0.00000E+00
   0.37869E+03   0.45826E+02   0.37742E+00   0.00000E+00
   0.37925E+03   0.45992E+02   0.37792E+00   0.00000E+00
   0.37982E+03   0.46158E+02   0.37842E+00   0.00000E+00
   0.38038E+03   0.46324E+02   0.37892E+00   0.00000E+00
   0.38094E+03   0.46491E+02   0.37942E+00   0.00000E+00
   0.38151E+03   0.46658E+02   0.37992E+00   0.00000E+00
   0.38207E+03   0.46825E+02   0.38042E+00   0.00000E+00
   0.38263E+03   0.46992E+02   0.38092E+00   0.00000E+00
   0.38320E+03   0.47159E+02   0.38142E+00   0.00000E+00
   0.38376E+03   0.47327E+02   0.38192E+00   0.00000E+00
   0.38433E+03   0.47495E+02   0.38242E+00   0.00000E+00
   0.38489E+03   0.47664E+02   0.38292E+00   0.00000E+00
   0.38546E+03   0.47832E+02   0.38342E+00   0.00000E+00
   0.38602E+03   0.48001E+02   0.38392E+00   0.00000E+00
   0.38659E+03   0.48170E+02   0.38442E+00   0.00000E+00
   0.38715E+03   0.48340E+02   0.38492E+00   0.00000E+00
   0.38772E+03   0.48510E+02   0.38542E+00   0.00000E+00
   0.38828E+03   0.48680E+02   0.38592E+00   0.00000E+00
   0.38885E+03   0.48850E+02   0.38642E+00   0.00000E+00
   0.38942E+03   0.49020E+02   0.38692E+00   0.00000E+00
   0.38998E+03   0.49191E+02   0.38742E+00   0.00000E+00
   0.39055E+03   0.49362E+02   0.38792E+00   0.00000E+00
   0.39112E+03   0.49533E+02   0.38842E+00   0.00000E+00
   0.39168E+03   0.49705E+02   0.38892E+00   0.00000E+00
   0.39225E+03   0.49876E+02   0.38942E+00   0.00000E+00
   0.39282E+03   0.50048E+02   0.38992E+00   0.00000E+00
   0.39339E+03   0.50221E+02   0.39042E+00   0.00000E+00
   0.39396E+03   0.50393E+02   0.39092E+00   0.00000E+00
   0.39452E+03   0.50566E+02   0.39142E+00   0.00000E+00
   0.39509E+03   0.50739E+02   0.39192E+00   0.00000E+00
   0.39566E+03   0.50912E+02   0.39242E+00   0.00000E+00
   0.39623E+03   0.51086E+02   0.39292E+00   0.00000E+00
   0.39680E+03   0.51260E+02   0.39342E+00   0.00000E+00
   0.39737E+03   0.51434E+02   0.39392E+00   0.00000E+00
   0.39794E+03   0.51608E+02   0.39442E+00   0.00000E+00
   0.39851E+03   0.51783E+02   0.39492E+00   0.00000E+00
   0.39908E+03   0.51957E+02   0.39542E+00   0.00000E+00
   0.39965E+03   0.52133E+02   0.39592E+00   0.00000E+00
   0.40022E+03   0.52308E+02   0.39642E+00   0.00000E+00
   0.40079E+03   0.52483E+02   0.39692E+00   0.00000E+00
   0.40136E+03   0.52659E+02   0.39742E+00   0.00000E+00
   0.40193E+03   0.52835E+02   0.39792E+00   0.00000E+00
   0.40251E+03   0.53012E+02   0.39842E+00   0.00000E+00
   0.40308E+03   0.53188E+02   0.39892E+00   0.00000E+00
   0.40365E+03   0.53365E+02   0.39942E+00   0.00000E+00
   0.40422E+03   0.53542E+02   0.39992E+00   0.00000E+00
   0.40479E+03   0.53720E+02   0.40042E+00   0.00000E+00
   0.40537E+03   0.53897E+02   0.40092E+00   0.00000E+00
   0.40594E+03   0.54075E+02   0.40142E+00   0.00000E+00
   0.40651E+03   0.54253E+02   0.40192E+00   0.00000E+00
   0.40709E+03   0.54431E+02   0.40242E+00   0.00000E+00
   0.40766E+03   0.54610E+02   0.40292E+00   0.00000E+00
   0.40823E+03   0.54789E+02   0.40342E+00   0.00000E+00
   0.40881E+03   0.54968E+02   0.40392E+00   0.00000E+00
   0.40938E+03   0.55147E+02   0.40442E+00   0.00000E+00
   0.40996E+03   0.55327E+02   0.40492E+00   0.00000E+00
   0.41053E+03   0.55507E+02   0.40542E+00   0.00000E+00
   0.41110E+03   0.55687E+02   0.40592E+00   0.00000E+00
   0.41168E+03   0.55867E+02   0.40642E+00   0.00000E+00
   0.41226E+03   0.56047E+02   0.40692E+00   0.00000E+00
   0.41283E+03   0.56228E+02   0.40742E+00   0.00000E+00
   0.41341E+03   0.56409E+02   0.40792E+00   0.00000E+00
   0.41398E+03   0.56591E+02   0.40842E+00   0.00000E+00
   0.41456E+03   0.56772E+02   0.40892E+00   0.00000E+00
   0.41514E+03   0.56954E+02   0.40942E+00   0.00000E+00
   0.41571E+03   0.57136E+02   0.40992E+00   0.00000E+00
   0.41629E+03   0.57318E+02   0.41042E+00   0.00000E+00
   0.41687E+03   0.57501E+02   0.41092E+00   0.00000E+00
   0.41744E+03   0.57683E+02   0.41142E+00   0.00000E+00
   0.41802E+03   0.57866E+02   0.41192E+00   0.00000E+00
   0.41860E+03   0.58049E+02   0.41242E+00   0.00000E+00
   0.41918E+03   0.58233E+02   0.41292E+00   0.00000E+00
   0.41975E+03   0.58416E+02   0.41342E+00   0.00000E+00
   0.42033E+03   0.58600E+02   0.41392E+00   0.00000E+00
   0.42091E+03   0.58785E+02   0.41442E+00   0.00000E+00
   0.42149E+03   0.58969E+02   0.41492E+00   0.00000E+00
   0.42207E+03   0.59154E+02   0.41542E+00   0.00000E+00
   0.42265E+03   0.59338E+02   0.41592E+00   0.00000E+00
   0.42323E+03   0.59523E+02   0.41642E+00   0.00000E+00
   0.42381E+03   0.59709E+02   0.41692E+00   0.00000E+00
   0.42439E+03   0.59894E+02   0.41742E+00   0.00000E+00
   0.42497E+03   0.60080E+02   0.41792E+00   0.00000E+00
   0.42555E+03   0.60266E+02   0.41842E+00   0.00000E+00
   0.42613E+03   0.60452E+02   0.41892E+00   0.00000E+00
   0.42671E+03   0.60639E+02   0.41942E+00   0.00000E+00
   0.42729E+03   0.60826E+02   0.41992E+00   0.00000E+00
   0.42787E+03   0.61013E+02   0.42042E+00   0.00000E+00
   0.42845E+03   0.61200E+02   0.42092E+00   0.00000E+00
   0.42904E+03   0.61387E+02   0.42142E+00   0.00000E+00
   0.42962E+03   0.61575E+02   0.42192E+00   0.00000E+00
   0.43020E+03   0.61763E+02   0.42242E+00   0.00000E+00
   0.43078E+03   0.61951E+02   0.42292E+00   0.00000E+00
   0.43137E+03   0.62139E+02   0.42342E+00   0.00000E+00
   0.43195E+03   0.62328E+02   0.42392E+00   0.00000E+00
   0.43253E+03   0.62517E+02   0.42442E+00   0.00000E+00
   0.43311E+03   0.62706E+02   0.42492E+00   0.00000E+00
   0.43370E+03   0.62895E+02   0.42542E+00   0.00000E+00
   0.43428E+03   0.63084E+02   0.42592E+00   0.00000E+00
   0.43487E+03   0.63274E+02   0.42642E+00   0.00000E+00
   0.43545E+03   0.63464E+02   0.42692E+00   0.00000E+00
   0.43603E+03   0.63654E+02   0.42742E+00   0.00000E+00
   0.43662E+03   0.63845E+02   0.42792E+00   0.00000E+00
   0.43720E+03   0.64035E+02   0.42842E+00   0.00000E+00
   0.43779E+03   0.64226E+02   0.42892E+00   0.00000E+00
   0.43837E+03   0.64417E+02   0.42942E+00   0.00000E+00
   0.43896E+03   0.64609E+02   0.42992E+00   0.00000E+00
   0.43955E+03   0.64800E+02   0.43042E+00   0.00000E+00
   0.44013E+03   0.64992E+02   0.43092E+00   0.00000E+00
   0.44072E+03   0.65184E+02   0.43142E+00   0.00000E+00
   0.44130E+03   0.65376E+02   0.43192E+00   0.00000E+00
   0.44189E+03   0.65568E+02   0.43242E+00   0.00000E+00
   0.44248E+03   0.65761E+02   0.43292E+00   0.00000E+00
   0.44306E+03   0.65954E+02   0.43342E+00   0.00000E+00
   0.44365E+03   0.66147E+02   0.43392E+00   0.00000E+00
   0.44424E+03   0.66340E+02   0.43442E+00   0.00000E+00
   0.44483E+03   0.66534E+02   0.43492E+00   0.00000E+00
   0.44542E+03   0.66728E+02   0.43542E+00   0.00000E+00
   0.44600E+03   0.66922E+02   0.43592E+00   0.00000E+00
   0.44659E+03   0.67116E+02   0.43642E+00   0.00000E+00
   0.44718E+03   0.67310E+02   0.43692E+00   0.00000E+00
   0.44777E+03   0.67505E+02   0.43742E+00   0.00000E+00
   0.44836E+03   0.67700E+02   0.43792E+00   0.00000E+00
   0.44895E+03   0.67895E+02   0.43842E+00   0.00000E+00
   0.44954E+03   0.68090E+02   0.43892E+00   0.00000E+00
   0.45013E+03   0.68286E+02   0.43942E+00   0.00000E+00
   0.45072E+03   0.68481E+02   0.43992E+00   0.00000E+00
   0.45131E+03   0.68677E+02   0.44042E+00   0.00000E+00
   0.45190E+03   0.68873E+02   0.44092E+00   0.00000E+00
   0.45249E+03   0.69070E+02   0.44142E+00   0.00000E+00
   0.45308E+03   0.69266E+02   0.44192E+00   0.00000E+00
   0.45367E+03   0.69463E+02   0.44242E+00   0.00000E+00
   0.45426E+03   0.69660E+02   0.44292E+00   0.00000E+00
   0.45485E+03   0.69857E+02   0.44342E+00   0.00000E+00
   0.45545E+03   0.70055E+02   0.44392E+00   0.00000E+00
   0.45604E+03   0.70252E+02   0.44442E+00   0.00000E+00
   0.45663E+03   0.70450E+02   0.44492E+00   0.00000E+00
   0.45722E+03   0.70648E+02   0.44542E+00   0.00000E+00
   0.45781E+03   0.70847E+02   0.44592E+00   0.00000E+00
   0.45841E+03   0.71045E+02   0.44642E+00   0.00000E+00
   0.45900E+03   0.71244E+02   0.44692E+00   0.00000E+00
   0.45959E+03   0.71443E+02   0.44742E+00   0.00000E+00
   0.46019E+03   0.71642E+02   0.44792E+00   0.00000E+00
   0.46078E+03   0.71841E+02   0.44842E+00   0.00000E+00
   0.46138E+03   0.72041E+02   0.44892E+00   0.00000E+00
   0.46197E+03   0.72241E+02   0.44942E+00   0.00000E+00
   0.46256E+03   0.72441E+02   0.44992E+00   0.00000E+00
   0.46316E+03   0.72641E+02   0.45042E+00   0.00000E+00
   0.46375E+03   0.72841E+02   0.45092E+00   0.00000E+00
   0.46435E+03   0.73042E+02   0.45142E+00   0.00000E+00
   0.46494E+03   0.73243E+02   0.45192E+00   0.00000E+00
   0.46554E+03   0.73444E+02   0.45242E+00   0.00000E+00
   0.46614E+03   0.73645E+02   0.45292E+00   0.00000E+00
   0.46673E+03   0.73846E+02   0.45342E+00   0.00000E+00
   0.46733E+03   0.74048E+02   0.45392E+00   0.00000E+00
   0.46792E+03   0.74250E+02   0.45442E+00   0.00000E+00
   0.46852E+03   0.74452E+02   0.45492E+00   0.00000E+00
   0.46912E+03   0.74654E+02   0.45542E+00   0.00000E+00
   0.46971E+03   0.74857E+02   0.45592E+00   0.00000E+00
   0.47031E+03   0.75059E+02   0.45642E+00   0.00000E+00
   0.47091E+03   0.75262E+02   0.45692E+00   0.00000E+00
   0.47151E+03   0.75465E+02   0.45742E+00   0.00000E+00
   0.47211E+03   0.75669E+02   0.45792E+00   0.00000E+00
   0.47270E+03   0.75872E+02   0.45842E+00   0.00000E+00
   0.47330E+03   0.76076E+02   0.45892E+00   0.00000E+00
   0.47390E+03   0.76280E+02   0.45942E+00   0.00000E+00
   0.47450E+03   0.76484E+02   0.45992E+00   0.00000E+00
   0.47510E+03   0.76688E+02   0.46042E+00   0.00000E+00
   0.47570E+03   0.76893E+02   0.46092E+00   0.00000E+00
   0.47630E+03   0.77097E+02   0.46142E+00   0.00000E+00
   0.47690E+03   0.77302E+02   0.46192E+00   0.00000E+00
   0.47750E+03   0.77507E+02   0.46242E+00   0.00000E+00
   0.47810E+03   0.77713E+02   0.46292E+00   0.00000E+00
   0.47870E+03   0.77918E+02   0.46342E+00   0.00000E+00
   0.47930E+03   0.78124E+02   0.46392E+00   0.00000E+00
   0.47990E+03   0.78330E+02   0.46442E+00   0.00000E+00
   0.48050E+03   0.78536E+02   0.46492E+00   0.00000E+00
   0.48110E+03   0.78742E+02   0.46542E+00   0.00000E+00
   0.48170E+03   0.78949E+02   0.46592E+00   0.00000E+00
   0.48231E+03   0.79155E+02   0.46642E+00   0.00000E+00
   0.48291E+03   0.79362E+02   0.46692E+00   0.00000E+00
   0.48351E+03   0.79569E+02   0.46742E+00   0.00000E+00
   0.48411E+03   0.79777E+02   0.46792E+00   0.00000E+00
   0.48471E+03   0.79984E+02   0.46842E+00   0.00000E+00
   0.48532E+03   0.80192E+02   0.46892E+00   0.00000E+00
   0.48592E+03   0.80400E+02   0.46942E+00   0.00000E+00
   0.48652E+03   0.80608E+02   0.46992E+00   0.00000E+00
   0.48713E+03   0.80816E+02   0.47042E+00   0.00000E+00
   0.48773E+03   0.81024E+02   0.47092E+00   0.00000E+00
   0.48833E+03   0.81233E+02   0.47142E+00   0.00000E+00
   0.48894E+03   0.81442E+02   0.47192E+00   0.00000E+00
   0.48954E+03   0.81651E+02   0.47242E+00   0.00000E+00
   0.49015E+03   0.81860E+02   0.47292E+00   0.00000E+00
   0.49075E+03   0.82070E+02   0.47342E+00   0.00000E+00
   0.49136E+03   0.82279E+02   0.47392E+00   0.00000E+00
   0.49196E+03   0.82489E+02   0.47442E+00   0.00000E+00
   0.49257E+03   0.82699E+02   0.47492E+00   0.00000E+00
   0.49317E+03   0.82909E+02   0.47542E+00   0.00000E+00
   0.49378E+03   0.83120E+02   0.47592E+00   0.00000E+00
   0.49439E+03   0.83330E+02   0.47642E+00   0.00000E+00
   0.49499E+03   0.83541E+02   0.47692E+00   0.00000E+00
   0.49560E+03   0.83752E+02   0.47742E+00   0.00000E+00
   0.49621E+03   0.83963E+02   0.47792E+00   0.00000E+00
   0.49681E+03   0.84174E+02   0.47842E+00   0.00000E+00
   0.49742E+03   0.84386E+02   0.47892E+00   0.00000E+00
   0.49803E+03   0.84598E+02   0.47942E+00   0.00000E+00
   0.49864E+03   0.84810E+02   0.47992E+00   0.00000E+00
   0.49924E+03   0.85022E+02   0.48042E+00   0.00000E+00
   0.49985E+03   0.85234E+02   0.48092E+00   0.00000E+00
   0.50046E+03   0.85446E+02   0.48142E+00   0.00000E+00
   0.50107E+03   0.85659E+02   0.48192E+00   0.00000E+00
   0.50168E+03   0.85872E+02   0.48242E+00   0.00000E+00
   0.50229E+03   0.86085E+02   0.48292E+00   0.00000E+00
   0.50290E+03   0.86298E+02   0.48342E+00   0.00000E+00
   0.50351E+03   0.86512E+02   0.48392E+00   0.00000E+00
   0.50412E+03   0.86725E+02   0.48442E+00   0.00000E+00
   0.50473E+03   0.86939E+02   0.48492E+00   0.00000E+00
   0.50534E+03   0.87153E+02   0.48542E+00   0.00000E+00
   0.50595E+03   0.87367E+02   0.48592E+00   0.00000E+00
   0.50656E+03   0.87581E+02   0.48642E+00   0.00000E+00
   0.50717E+03   0.87796E+02   0.48692E+00   0.00000E+00
   0.50778E+03   0.88011E+02   0.48742E+00   0.00000E+00
   0.50839E+03   0.88226E+02   0.48792E+00   0.00000E+00
   0.50900E+03   0.88441E+02   0.48842E+00   0.00000E+00
   0.50961E+03   0.88656E+02   0.48892E+00   0.00000E+00
   0.51023E+03   0.88871E+02   0.48942E+00   0.00000E+00
   0.51084E+03   0.89087E+02   0.48992E+00   0.00000E+00
   0.51145E+03   0.89303E+02   0.49042E+00   0.00000E+00
   0.51206E+03   0.89519E+02   0.49092E+00   0.00000E+00
   0.51268E+03   0.89735E+02   0.49142E+00   0.00000E+00
   0.51329E+03   0.89951E+02   0.49192E+00   0.00000E+00
   0.51390E+03   0.90168E+02   0.49242E+00   0.00000E+00
   0.51452E+03   0.90384E+02   0.49292E+00   0.00000E+00
   0.51513E+03   0.90601E+02   0.49342E+00   0.00000E+00
   0.51574E+03   0.90818E+02   0.49392E+00   0.00000E+00
   0.51636E+03   0.91035E+02   0.49442E+00   0.00000E+00
   0.51697E+03   0.91253E+02   0.49492E+00   0.00000E+00
   0.51759E+03   0.91470E+02   0.49542E+00   0.00000E+00
   0.51820E+03   0.91688E+02   0.49592E+00   0.00000E+00
   0.51882E+03   0.91906E+02   0.49642E+00   0.00000E+00
   0.51943E+03   0.92124E+02   0.49692E+00   0.00000E+00
   0.52005E+03   0.92343E+02   0.49742E+00   0.00000E+00
   0.52066E+03   0.92561E+02   0.49792E+00   0.00000E+00
   0.52128E+03   0.92780E+02   0.49842E+00   0.00000E+00
   0.52189E+03   0.92999E+02   0.49892E+00   0.00000E+00
   0.52251E+03   0.93218E+02   0.49942E+00   0.00000E+00
   0.52313E+03   0.93437E+02   0.49992E+00   0.00000E+00
   0.52374E+03   0.93656E+02   0.50042E+00   0.00000E+00
   0.52436E+03   0.93876E+02   0.50092E+00   0.00000E+00
   0.52498E+03   0.94095E+02   0.50142E+00   0.00000E+00
   0.52560E+03   0.94315E+02   0.50192E+00   0.00000E+00
   0.52621E+03   0.94535E+02   0.50242E+00   0.00000E+00
   0.52683E+03   0.94756E+02   0.50292E+00   0.00000E+00
   0.52745E+03   0.94976E+02   0.50342E+00   0.00000E+00
   0.52807E+03   0.95197E+02   0.50392E+00   0.00000E+00
   0.52869E+03   0.95417E+02   0.50442E+00   0.00000E+00
   0.52930E+03   0.95638E+02   0.50492E+00   0.00000E+00
   0.52992E+03   0.95859E+02   0.50542E+00   0.00000E+00
   0.53054E+03   0.96081E+02   0.50592E+00   0.00000E+00
   0.53116E+03   0.96302E+02   0.50642E+00   0.00000E+00
   0.53178E+03   0.96524E+02   0.50692E+00   0.00000E+00
   0.53240E+03   0.96746E+02   0.50742E+00   0.00000E+00
   0.53302E+03   0.96967E+02   0.50792E+00   0.00000E+00
   0.53364E+03   0.97190E+02   0.50842E+00   0.00000E+00
   0.53426E+03   0.97412E+02   0.50892E+00   0.00000E+00
   0.53488E+03   0.97634E+02   0.50942E+00   0.00000E+00
   0.53550E+03   0.97857E+02   0.50992E+00   0.00000E+00
   0.53613E+03   0.98080E+02   0.51042E+00   0.00000E+00
   0.53675E+03   0.98303E+02   0.51092E+00   0.00000E+00
   0.53737E+03   0.98526E+02   0.51142E+00   0.00000E+00
   0.53799E+03   0.98749E+02   0.51192E+00   0.00000E+00
   0.53861E+03   0.98973E+02   0.51242E+00   0.00000E+00
   0.53923E+03   0.99196E+02   0.51292E+00   0.00000E+00
   0.53986E+03   0.99420E+02   0.51342E+00   0.00000E+00
   0.54048E+03   0.99644E+02   0.51392E+00   0.00000E+00
   0.54110E+03   0.99868E+02   0.51442E+00   0.00000E+00
   0.54173E+03   0.10009E+03   0.51492E+00   0.00000E+00
   0.54235E+03   0.10032E+03   0.51542E+00   0.00000E+00
   0.54297E+03   0.10054E+03   0.51592E+00   0.00000E+00
   0.54360E+03   0.10077E+03   0.51642E+00   0.00000E+00
   0.54422E+03   0.10099E+03   0.51692E+00   0.00000E+00
   0.54484E+03   0.10122E+03   0.51742E+00   0.00000E+00
   0.54547E+03   0.10144E+03   0.51792E+00   0.00000E+00
   0.54609E+03   0.10167E+03   0.51842E+00   0.00000E+00
   0.54672E+03   0.10189E+03   0.51892E+00   0.00000E+00
   0.54734E+03   0.10212E+03   0.51942E+00   0.00000E+00
   0.54797E+03   0.10235E+03   0.51992E+00   0.00000E+00
   0.54859E+03   0.10257E+03   0.52042E+00   0.00000E+00
   0.54922E+03   0.10280E+03   0.52092E+00   0.00000E+00
   0.54985E+03   0.10302E+03   0.52142E+00   0.00000E+00
   0.55047E+03   0.10325E+03   0.52192E+00   0.00000E+00
   0.55110E+03   0.10348E+03   0.52242E+00   0.00000E+00
   0.55172E+03   0.10370E+03   0.52292E+00   0.00000E+00
   0.55235E+03   0.10393E+03   0.52342E+00   0.00000E+00
   0.55298E+03   0.10416E+03   0.52392E+00   0.00000E+00
   0.55361E+03   0.10439E+03   0.52442E+00   0.00000E+00
   0.55423E+03   0.10461E+03   0.52492E+00   0.00000E+00
   0.55486E+03   0.10484E+03   0.52542E+00   0.00000E+00
   0.55549E+03   0.10507E+03   0.52592E+00   0.00000E+00
   0.55612E+03   0.10530E+03   0.52642E+00   0.00000E+00
   0.55675E+03   0.10553E+03   0.52692E+00   0.00000E+00
   0.55737E+03   0.10575E+03   0.52742E+00   0.00000E+00
   0.55800E+03   0.10598E+03   0.52792E+00   0.00000E+00
   0.55863E+03   0.10621E+03   0.52842E+00   0.00000E+00
   0.55926E+03   0.10644E+03   0.52892E+00   0.00000E+00
   0.55989E+03   0.10667E+03   0.52942E+00   0.00000E+00
   0.56052E+03   0.10690E+03   0.52992E+00   0.00000E+00
   0.56115E+03   0.10713E+03   0.53042E+00   0.00000E+00
   0.56178E+03   0.10736E+03   0.53092E+00   0.00000E+00
   0.56241E+03   0.10759E+03   0.53142E+00   0.00000E+00
   0.56304E+03   0.10782E+03   0.53192E+00   0.00000E+00
   0.56367E+03   0.10805E+03   0.53242E+00   0.00000E+00
   0.56430E+03   0.10828E+03   0.53292E+00   0.00000E+00
   0.56493E+03   0.10851E+03   0.53342E+00   0.00000E+00
   0.56556E+03   0.10874E+03   0.53392E+00   0.00000E+00
   0.56620E+03   0.10897E+03   0.53442E+00   0.00000E+00
   0.56683E+03   0.10920E+03   0.53492E+00   0.00000E+00
   0.56746E+03   0.10943E+03   0.53542E+00   0.00000E+00
   0.56809E+03   0.10966E+03   0.53592E+00   0.00000E+00
   0.56872E+03   0.10989E+03   0.53642E+00   0.00000E+00
   0.56936E+03   0.11012E+03   0.53692E+00   0.00000E+00
   0.56999E+03   0.11036E+03   0.53742E+00   0.00000E+00
   0.57062E+03   0.11059E+03   0.53792E+00   0.00000E+00
   0.57126E+03   0.11082E+03   0.53842E+00   0.00000E+00
   0.57189E+03   0.11105E+03   0.53892E+00   0.00000E+00
   0.57252E+03   0.11128E+03   0.53942E+00   0.00000E+00
   0.57316E+03   0.11152E+03   0.53992E+00   0.00000E+00
   0.57379E+03   0.11175E+03   0.54042E+00   0.00000E+00
   0.57443E+03   0.11198E+03   0.54092E+00   0.00000E+00
   0.57506E+03   0.11221E+03   0.54142E+00   0.00000E+00
   0.57570E+03   0.11245E+03   0.54192E+00   0.00000E+00
   0.57633E+03   0.11268E+03   0.54242E+00   0.00000E+00
   0.57697E+03   0.11291E+03   0.54292E+00   0.00000E+00
   0.57760E+03   0.11315E+03   0.54342E+00   0.00000E+00
   0.57824E+03   0.11338E+03   0.54392E+00   0.00000E+00
   0.57887E+03   0.11361E+03   0.54442E+00   0.00000E+00
   0.57951E+03   0.11385E+03   0.54492E+00   0.00000E+00
   0.58015E+03   0.11408E+03   0.54542E+00   0.00000E+00
   0.58078E+03   0.11432E+03   0.54592E+00   0.00000E+00
   0.58142E+03   0.11455E+03   0.54642E+00   0.00000E+00
   0.58206E+03   0.11479E+03   0.54692E+00   0.00000E+00
   0.58269E+03   0.11502E+03   0.54742E+00   0.00000E+00
   0.58333E+03   0.11525E+03   0.54792E+00   0.00000E+00
   0.58397E+03   0.11549E+03   0.54842E+00   0.00000E+00
   0.58461E+03   0.11572E+03   0.54892E+00   0.00000E+00
   0.58524E+03   0.11596E+03   0.54942E+00   0.00000E+00
   0.58588E+03   0.11620E+03   0.54992E+00   0.00000E+00
   0.58652E+03   0.11643E+03   0.55042E+00   0.00000E+00
   0.58716E+03   0.11667E+03   0.55092E+00   0.00000E+00
   0.58780E+03   0.11690E+03   0.55142E+00   0.00000E+00
   0.58844E+03   0.11714E+03   0.55192E+00   0.00000E+00
   0.58908E+03   0.11737E+03   0.55242E+00   0.00000E+00
   0.58972E+03   0.11761E+03   0.55292E+00   0.00000E+00
   0.59036E+03   0.11785E+03   0.55342E+00   0.00000E+00
   0.59100E+03   0.11808E+03   0.55392E+00   0.00000E+00
   0.59164E+03   0.11832E+03   0.55442E+00   0.00000E+00
   0.59228E+03   0.11856E+03   0.55492E+00   0.00000E+00
   0.59292E+03   0.11879E+03   0.55542E+00   0.00000E+00
   0.59356E+03   0.11903E+03   0.55592E+00   0.00000E+00
   0.59420E+03   0.11927E+03   0.55642E+00   0.00000E+00
   0.59484E+03   0.11951E+03   0.55692E+00   0.00000E+00
   0.59548E+03   0.11974E+03   0.55742E+00   0.00000E+00
   0.59612E+03   0.11998E+03   0.55792E+00   0.00000E+00
   0.59676E+03   0.12022E+03   0.55842E+00   0.00000E+00
   0.59741E+03   0.12046E+03   0.55892E+00   0.00000E+00
   0.59805E+03   0.12070E+03   0.55942E+00   0.00000E+00
   0.59869E+03   0.12093E+03   0.55992E+00   0.00000E+00
   0.59933E+03   0.12117E+03   0.56042E+00   0.00000E+00
   0.59998E+03   0.12141E+03   0.56092E+00   0.00000E+00
   0.60062E+03   0.12165E+03   0.56142E+00   0.00000E+00
   0.60126E+03   0.12189E+03   0.56192E+00   0.00000E+00
   0.60191E+03   0.12213E+03   0.56242E+00   0.00000E+00
   0.60255E+03   0.12237E+03   0.56292E+00   0.00000E+00
   0.60319E+03   0.12261E+03   0.56342E+00   0.00000E+00
   0.60384E+03   0.12285E+03   0.56392E+00   0.00000E+00
   0.60448E+03   0.12308E+03   0.56442E+00   0.00000E+00
   0.60513E+03   0.12332E+03   0.56492E+00   0.00000E+00
   0.60577E+03   0.12356E+03   0.56542E+00   0.00000E+00
   0.60642E+03   0.12380E+03   0.56592E+00   0.00000E+00
   0.60706E+03   0.12404E+03   0.56642E+00   0.00000E+00
   0.60771E+03   0.12428E+03   0.56692E+00   0.00000E+00
   0.60835E+03   0.12453E+03   0.56742E+00   0.00000E+00
   0.60900E+03   0.12477E+03   0.56792E+00   0.00000E+00
   0.60965E+03   0.12501E+03   0.56842E+00   0.00000E+00
   0.61029E+03   0.12525E+03   0.56892E+00   0.00000E+00
   0.61094E+03   0.12549E+03   0.56942E+00   0.00000E+00
   0.61159E+03   0.12573E+03   0.56992E+00   0.00000E+00
   0.61223E+03   0.12597E+03   0.57042E+00   0.00000E+00
   0.61288E+03   0.12621E+03   0.57092E+00   0.00000E+00
   0.61353E+03   0.12645E+03   0.57142E+00   0.00000E+00
   0.61417E+03   0.12670E+03   0.57192E+00   0.00000E+00
   0.61482E+03   0.12694E+03   0.57242E+00   0.00000E+00
   0.61547E+03   0.12718E+03   0.57292E+00   0.00000E+00
   0.61612E+03   0.12742E+03   0.57342E+00   0.00000E+00
   0.61677E+03   0.12766E+03   0.57392E+00   0.00000E+00
   0.61742E+03   0.12791E+03   0.57442E+00   0.00000E+00
   0.61806E+03   0.12815E+03   0.57492E+00   0.00000E+00
   0.61871E+03   0.12839E+03   0.57542E+00   0.00000E+00
   0.61936E+03   0.12863E+03   0.57592E+00   0.00000E+00
   0.62001E+03   0.12888E+03   0.57642E+00   0.00000E+00
   0.62066E+03   0.12912E+03   0.57692E+00   0.00000E+00
   0.62131E+03   0.12936E+03   0.57742E+00   0.10979E+22
   0.62196E+03   0.12961E+03   0.57792E+00   0.10983E+22
   0.62261E+03   0.12985E+03   0.57842E+00   0.10988E+22
   0.62326E+03   0.13009E+03   0.57892E+00   0.10992E+22
   0.62391E+03   0.13034E+03   0.57942E+00   0.10997E+22
   0.62457E+03   0.13058E+03   0.57992E+00   0.11002E+22
   0.62522E+03   0.13083E+03   0.58042E+00   0.11006E+22
   0.62587E+03   0.13107E+03   0.58092E+00   0.11011E+22
   0.62652E+03   0.13131E+03   0.58142E+00   0.11015E+22
   0.62717E+03   0.13156E+03   0.58192E+00   0.11020E+22
   0.62782E+03   0.13180E+03   0.58242E+00   0.11025E+22
   0.62848E+03   0.13205E+03   0.58292E+00   0.11029E+22
   0.62913E+03   0.13229E+03   0.58342E+00   0.11034E+22
   0.62978E+03   0.13254E+03   0.58392E+00   0.11039E+22
   0.63043E+03   0.13278E+03   0.58442E+00   0.11043E+22
   0.63109E+03   0.13303E+03   0.58492E+00   0.11048E+22
   0.63174E+03   0.13327E+03   0.58542E+00   0.11053E+22
   0.63239E+03   0.13352E+03   0.58592E+00   0.11057E+22
   0.63305E+03   0.13376E+03   0.58642E+00   0.11062E+22
   0.63370E+03   0.13401E+03   0.58692E+00   0.11067E+22
   0.63435E+03   0.13426E+03   0.58742E+00   0.11071E+22
   0.63501E+03   0.13450E+03   0.58792E+00   0.11076E+22
   0.63566E+03   0.13475E+03   0.58842E+00   0.11081E+22
   0.63632E+03   0.13499E+03   0.58892E+00   0.11085E+22
   0.63697E+03   0.13524E+03   0.58942E+00   0.11090E+22
   0.63763E+03   0.13549E+03   0.58992E+00   0.11095E+22
   0.63828E+03   0.13573E+03   0.59042E+00   0.11100E+22
   0.63894E+03   0.13598E+03   0.59092E+00   0.11104E+22
   0.63960E+03   0.13623E+03   0.59142E+00   0.11109E+22
   0.64025E+03   0.13648E+03   0.59192E+00   0.11114E+22
   0.64091E+03   0.13672E+03   0.59242E+00   0.11118E+22
   0.64156E+03   0.13697E+03   0.59292E+00   0.11123E+22
   0.64222E+03   0.13722E+03   0.59342E+00   0.11128E+22
   0.64288E+03   0.13747E+03   0.59392E+00   0.11133E+22
   0.64353E+03   0.13771E+03   0.59442E+00   0.11137E+22
   0.64419E+03   0.13796E+03   0.59492E+00   0.11142E+22
   0.64485E+03   0.13821E+03   0.59542E+00   0.11147E+22
   0.64551E+03   0.13846E+03   0.59592E+00   0.11152E+22
   0.64616E+03   0.13871E+03   0.59642E+00   0.11156E+22
   0.64682E+03   0.13895E+03   0.59692E+00   0.11161E+22
   0.64748E+03   0.13920E+03   0.59742E+00   0.11166E+22
   0.64814E+03   0.13945E+03   0.59792E+00   0.11171E+22
   0.64880E+03   0.13970E+03   0.59842E+00   0.11176E+22
   0.64946E+03   0.13995E+03   0.59892E+00   0.11180E+22
   0.65012E+03   0.14020E+03   0.59942E+00   0.11185E+22
   0.65078E+03   0.14045E+03   0.59992E+00   0.11190E+22
   0.65144E+03   0.14070E+03   0.60042E+00   0.11195E+22
   0.65210E+03   0.14095E+03   0.60092E+00   0.11200E+22
   0.65276E+03   0.14120E+03   0.60142E+00   0.11204E+22
   0.65342E+03   0.14145E+03   0.60192E+00   0.11209E+22
   0.65408E+03   0.14169E+03   0.60242E+00   0.11214E+22
   0.65474E+03   0.14194E+03   0.60292E+00   0.11219E+22
   0.65540E+03   0.14219E+03   0.60342E+00   0.11224E+22
   0.65606E+03   0.14245E+03   0.60392E+00   0.11229E+22
   0.65672E+03   0.14270E+03   0.60442E+00   0.11233E+22
   0.65738E+03   0.14295E+03   0.60492E+00   0.11238E+22
   0.65804E+03   0.14320E+03   0.60542E+00   0.11243E+22
   0.65870E+03   0.14345E+03   0.60592E+00   0.11248E+22
   0.65937E+03   0.14370E+03   0.60642E+00   0.11253E+22
   0.66003E+03   0.14395E+03   0.60692E+00   0.11258E+22
   0.66069E+03   0.14420E+03   0.60742E+00   0.11263E+22
   0.66135E+03   0.14445E+03   0.60792E+00   0.11267E+22
   0.66202E+03   0.14470E+03   0.60842E+00   0.11272E+22
   0.66268E+03   0.14495E+03   0.60892E+00   0.11277E+22
   0.66334E+03   0.14521E+03   0.60942E+00   0.11282E+22
   0.66401E+03   0.14546E+03   0.60992E+00   0.11287E+22
   0.66467E+03   0.14571E+03   0.61042E+00   0.11292E+22
   0.66533E+03   0.14596E+03   0.61092E+00   0.11297E+22
   0.66600E+03   0.14621E+03   0.61142E+00   0.11302E+22
   0.66666E+03   0.14647E+03   0.61192E+00   0.11307E+22
   0.66733E+03   0.14672E+03   0.61242E+00   0.11312E+22
   0.66799E+03   0.14697E+03   0.61292E+00   0.11316E+22
   0.66866E+03   0.14722E+03   0.61342E+00   0.11321E+22
   0.66932E+03   0.14748E+03   0.61392E+00   0.11326E+22
   0.66999E+03   0.14773E+03   0.61442E+00   0.11331E+22
   0.67065E+03   0.14798E+03   0.61492E+00   0.11336E+22
   0.67132E+03   0.14823E+03   0.61542E+00   0.11341E+22
   0.67198E+03   0.14849E+03   0.61592E+00   0.11346E+22
   0.67265E+03   0.14874E+03   0.61642E+00   0.11351E+22
   0.67332E+03   0.14899E+03   0.61692E+00   0.11356E+22
   0.67398E+03   0.14925E+03   0.61742E+00   0.11361E+22
   0.67465E+03   0.14950E+03   0.61792E+00   0.11366E+22
   0.67532E+03   0.14976E+03   0.61842E+00   0.11371E+22
   0.67598E+03   0.15001E+03   0.61892E+00   0.11376E+22
   0.67665E+03   0.15026E+03   0.61942E+00   0.11381E+22
   0.67732E+03   0.15052E+03   0.61992E+00   0.11386E+22
   0.67799E+03   0.15077E+03   0.62042E+00   0.11391E+22
   0.67865E+03   0.15103E+03   0.62092E+00   0.11396E+22
   0.67932E+03   0.15128E+03   0.62142E+00   0.11401E+22
   0.67999E+03   0.15154E+03   0.62192E+00   0.11406E+22
   0.68066E+03   0.15179E+03   0.62242E+00   0.11411E+22
   0.68133E+03   0.15204E+03   0.62292E+00   0.11416E+22
   0.68200E+03   0.15230E+03   0.62342E+00   0.11421E+22
   0.68267E+03   0.15256E+03   0.62392E+00   0.11426E+22
   0.68334E+03   0.15281E+03   0.62442E+00   0.11431E+22
   0.68401E+03   0.15307E+03   0.62492E+00   0.11436E+22
   0.68468E+03   0.15332E+03   0.62542E+00   0.11441E+22
   0.68535E+03   0.15358E+03   0.62592E+00   0.11446E+22
   0.68602E+03   0.15383E+03   0.62642E+00   0.11451E+22
   0.68669E+03   0.15409E+03   0.62692E+00   0.11456E+22
   0.68736E+03   0.15434E+03   0.62742E+00   0.11461E+22
   0.68803E+03   0.15460E+03   0.62792E+00   0.11466E+22
   0.68870E+03   0.15486E+03   0.62842E+00   0.11471E+22
   0.68937E+03   0.15511E+03   0.62892E+00   0.11476E+22
   0.69004E+03   0.15537E+03   0.62942E+00   0.11481E+22
   0.69071E+03   0.15563E+03   0.62992E+00   0.11486E+22
   0.69139E+03   0.15588E+03   0.63042E+00   0.11491E+22
   0.69206E+03   0.15614E+03   0.63092E+00   0.11496E+22
   0.69273E+03   0.15640E+03   0.63142E+00   0.11501E+22
   0.69340E+03   0.15665E+03   0.63192E+00   0.11507E+22
   0.69408E+03   0.15691E+03   0.63242E+00   0.11512E+22
   0.69475E+03   0.15717E+03   0.63292E+00   0.11517E+22
   0.69542E+03   0.15743E+03   0.63342E+00   0.11522E+22
   0.69609E+03   0.15768E+03   0.63392E+00   0.11527E+22
   0.69677E+03   0.15794E+03   0.63442E+00   0.11532E+22
   0.69744E+03   0.15820E+03   0.63492E+00   0.11537E+22
   0.69812E+03   0.15846E+03   0.63542E+00   0.11542E+22
   0.69879E+03   0.15871E+03   0.63592E+00   0.11547E+22
   0.69946E+03   0.15897E+03   0.63642E+00   0.11552E+22
   0.70014E+03   0.15923E+03   0.63692E+00   0.11557E+22
   0.70081E+03   0.15949E+03   0.63742E+00   0.11563E+22
   0.70149E+03   0.15975E+03   0.63792E+00   0.11568E+22
   0.70216E+03   0.16001E+03   0.63842E+00   0.11573E+22
   0.70284E+03   0.16026E+03   0.63892E+00   0.11578E+22
   0.70351E+03   0.16052E+03   0.63942E+00   0.11583E+22
   0.70419E+03   0.16078E+03   0.63992E+00   0.11588E+22
   0.70487E+03   0.16104E+03   0.64042E+00   0.11593E+22
   0.70554E+03   0.16130E+03   0.64092E+00   0.11599E+22
   0.70622E+03   0.16156E+03   0.64142E+00   0.11604E+22
   0.70689E+03   0.16182E+03   0.64192E+00   0.11609E+22
   0.70757E+03   0.16208E+03   0.64242E+00   0.11614E+22
   0.70825E+03   0.16234E+03   0.64292E+00   0.11619E+22
   0.70893E+03   0.16260E+03   0.64342E+00   0.11624E+22
   0.70960E+03   0.16286E+03   0.64392E+00   0.11629E+22
   0.71028E+03   0.16312E+03   0.64442E+00   0.11635E+22
   0.71096E+03   0.16338E+03   0.64492E+00   0.11640E+22
   0.71164E+03   0.16364E+03   0.64542E+00   0.11645E+22
   0.71231E+03   0.16390E+03   0.64592E+00   0.11650E+22
   0.71299E+03   0.16416E+03   0.64642E+00   0.11655E+22
   0.71367E+03   0.16442E+03   0.64692E+00   0.11661E+22
   0.71435E+03   0.16468E+03   0.64742E+00   0.11666E+22
   0.71503E+03   0.16494E+03   0.64792E+00   0.11671E+22
   0.71571E+03   0.16520E+03   0.64842E+00   0.11676E+22
   0.71639E+03   0.16546E+03   0.64892E+00   0.11681E+22
   0.71707E+03   0.16572E+03   0.64942E+00   0.11687E+22
   0.71775E+03   0.16598E+03   0.64992E+00   0.11692E+22
   0.71843E+03   0.16624E+03   0.65042E+00   0.11697E+22
   0.71911E+03   0.16651E+03   0.65092E+00   0.11702E+22
   0.71979E+03   0.16677E+03   0.65142E+00   0.11707E+22
   0.72047E+03   0.16703E+03   0.65192E+00   0.11713E+22
   0.72115E+03   0.16729E+03   0.65242E+00   0.11718E+22
   0.72183E+03   0.16755E+03   0.65292E+00   0.11723E+22
   0.72251E+03   0.16781E+03   0.65342E+00   0.11728E+22
   0.72319E+03   0.16808E+03   0.65392E+00   0.11734E+22
   0.72387E+03   0.16834E+03   0.65442E+00   0.11739E+22
   0.72456E+03   0.16860E+03   0.65492E+00   0.11744E+22
   0.72524E+03   0.16886E+03   0.65542E+00   0.11749E+22
   0.72592E+03   0.16913E+03   0.65592E+00   0.11754E+22
   0.72660E+03   0.16939E+03   0.65642E+00   0.11760E+22
   0.72728E+03   0.16965E+03   0.65692E+00   0.11765E+22
   0.72797E+03   0.16991E+03   0.65742E+00   0.11770E+22
   0.72865E+03   0.17018E+03   0.65792E+00   0.11776E+22
   0.72933E+03   0.17044E+03   0.65842E+00   0.11781E+22
   0.73002E+03   0.17070E+03   0.65892E+00   0.11786E+22
   0.73070E+03   0.17097E+03   0.65942E+00   0.11791E+22
   0.73138E+03   0.17123E+03   0.65992E+00   0.11797E+22
   0.73207E+03   0.17149E+03   0.66042E+00   0.11802E+22
   0.73275E+03   0.17176E+03   0.66092E+00   0.11807E+22
   0.73344E+03   0.17202E+03   0.66142E+00   0.11812E+22
   0.73412E+03   0.17228E+03   0.66192E+00   0.11818E+22
   0.73481E+03   0.17255E+03   0.66242E+00   0.11823E+22
   0.73549E+03   0.17281E+03   0.66292E+00   0.11828E+22
   0.73618E+03   0.17308E+03   0.66342E+00   0.11834E+22
   0.73686E+03   0.17334E+03   0.66392E+00   0.11839E+22
   0.73755E+03   0.17360E+03   0.66442E+00   0.11844E+22
   0.73823E+03   0.17387E+03   0.66492E+00   0.11850E+22
   0.73892E+03   0.17413E+03   0.66542E+00   0.11855E+22
   0.73961E+03   0.17440E+03   0.66592E+00   0.11860E+22
   0.74029E+03   0.17466E+03   0.66642E+00   0.11865E+22
   0.74098E+03   0.17493E+03   0.66692E+00   0.11871E+22
   0.74167E+03   0.17519E+03   0.66742E+00   0.11876E+22
   0.74235E+03   0.17546E+03   0.66792E+00   0.11881E+22
   0.74304E+03   0.17572E+03   0.66842E+00   0.11887E+22
   0.74373E+03   0.17599E+03   0.66892E+00   0.11892E+22
   0.74441E+03   0.17625E+03   0.66942E+00   0.11897E+22
   0.74510E+03   0.17652E+03   0.66992E+00   0.11903E+22
   0.74579E+03   0.17678E+03   0.67042E+00   0.11908E+22
   0.74648E+03   0.17705E+03   0.67092E+00   0.11914E+22
   0.74717E+03   0.17732E+03   0.67142E+00   0.11919E+22
   0.74786E+03   0.17758E+03   0.67192E+00   0.11924E+22
   0.74854E+03   0.17785E+03   0.67242E+00   0.11930E+22
   0.74923E+03   0.17811E+03   0.67292E+00   0.11935E+22
   0.74992E+03   0.17838E+03   0.67342E+00   0.11940E+22
   0.75061E+03   0.17865E+03   0.67392E+00   0.11946E+22
   0.75130E+03   0.17891E+03   0.67442E+00   0.11951E+22
   0.75199E+03   0.17918E+03   0.67492E+00   0.11956E+22
   0.75268E+03   0.17945E+03   0.67542E+00   0.11962E+22
   0.75337E+03   0.17971E+03   0.67592E+00   0.11967E+22
   0.75406E+03   0.17998E+03   0.67642E+00   0.11973E+22
   0.75475E+03   0.18025E+03   0.67692E+00   0.11978E+22
   0.75544E+03   0.18051E+03   0.67742E+00   0.11983E+22
   0.75613E+03   0.18078E+03   0.67792E+00   0.11989E+22
   0.75682E+03   0.18105E+03   0.67842E+00   0.11994E+22
   0.75752E+03   0.18132E+03   0.67892E+00   0.12000E+22
   0.75821E+03   0.18158E+03   0.67942E+00   0.12005E+22
   0.75890E+03   0.18185E+03   0.67992E+00   0.12010E+22
   0.75959E+03   0.18212E+03   0.68042E+00   0.12016E+22
   0.76028E+03   0.18239E+03   0.68092E+00   0.12021E+22
   0.76098E+03   0.18265E+03   0.68142E+00   0.12027E+22
   0.76167E+03   0.18292E+03   0.68192E+00   0.12032E+22
   0.76236E+03   0.18319E+03   0.68242E+00   0.12037E+22
   0.76305E+03   0.18346E+03   0.68292E+00   0.12043E+22
   0.76375E+03   0.18373E+03   0.68342E+00   0.12048E+22
   0.76444E+03   0.18400E+03   0.68392E+00   0.12054E+22
   0.76513E+03   0.18426E+03   0.68442E+00   0.12059E+22
   0.76583E+03   0.18453E+03   0.68492E+00   0.12065E+22
   0.76652E+03   0.18480E+03   0.68542E+00   0.12070E+22
   0.76721E+03   0.18507E+03   0.68592E+00   0.12075E+22
   0.76791E+03   0.18534E+03   0.68642E+00   0.12081E+22
   0.76860E+03   0.18561E+03   0.68692E+00   0.12086E+22
   0.76930E+03   0.18588E+03   0.68742E+00   0.12092E+22
   0.76999E+03   0.18615E+03   0.68792E+00   0.12097E+22
   0.77069E+03   0.18642E+03   0.68842E+00   0.12103E+22
   0.77138E+03   0.18669E+03   0.68892E+00   0.12108E+22
   0.77208E+03   0.18696E+03   0.68942E+00   0.12114E+22
   0.77277E+03   0.18723E+03   0.68992E+00   0.12119E+22
   0.77347E+03   0.18750E+03   0.69042E+00   0.12124E+22
   0.77417E+03   0.18777E+03   0.69092E+00   0.12130E+22
   0.77486E+03   0.18803E+03   0.69142E+00   0.12135E+22
   0.77556E+03   0.18831E+03   0.69192E+00   0.12141E+22
   0.77626E+03   0.18858E+03   0.69242E+00   0.12146E+22
   0.77695E+03   0.18885E+03   0.69292E+00   0.12152E+22
   0.77765E+03   0.18912E+03   0.69342E+00   0.12157E+22
   0.77835E+03   0.18939E+03   0.69392E+00   0.12163E+22
   0.77904E+03   0.18966E+03   0.69442E+00   0.12168E+22
   0.77974E+03   0.18993E+03   0.69492E+00   0.12174E+22
   0.78044E+03   0.19020E+03   0.69542E+00   0.12179E+22
   0.78114E+03   0.19047E+03   0.69592E+00   0.12185E+22
   0.78184E+03   0.19074E+03   0.69642E+00   0.12190E+22
   0.78253E+03   0.19101E+03   0.69692E+00   0.12196E+22
   0.78323E+03   0.19128E+03   0.69742E+00   0.12201E+22
   0.78393E+03   0.19155E+03   0.69792E+00   0.12207E+22
   0.78463E+03   0.19183E+03   0.69842E+00   0.12212E+22
   0.78533E+03   0.19210E+03   0.69892E+00   0.12218E+22
   0.78603E+03   0.19237E+03   0.69942E+00   0.12223E+22
   0.78673E+03   0.19264E+03   0.69992E+00   0.12229E+22
   0.78743E+03   0.19291E+03   0.70042E+00   0.12234E+22
   0.78813E+03   0.19318E+03   0.70092E+00   0.12240E+22
   0.78883E+03   0.19346E+03   0.70142E+00   0.12245E+22
   0.78953E+03   0.19373E+03   0.70192E+00   0.12251E+22
   0.79023E+03   0.19400E+03   0.70242E+00   0.12256E+22
   0.79093E+03   0.19427E+03   0.70292E+00   0.12262E+22
   0.79163E+03   0.19454E+03   0.70342E+00   0.12268E+22
   0.79233E+03   0.19482E+03   0.70392E+00   0.12273E+22
   0.79303E+03   0.19509E+03   0.70442E+00   0.12279E+22
   0.79373E+03   0.19536E+03   0.70492E+00   0.12284E+22
   0.79444E+03   0.19563E+03   0.70542E+00   0.12290E+22
   0.79514E+03   0.19591E+03   0.70592E+00   0.12295E+22
   0.79584E+03   0.19618E+03   0.70642E+00   0.12301E+22
   0.79654E+03   0.19645E+03   0.70692E+00   0.12306E+22
   0.79724E+03   0.19673E+03   0.70742E+00   0.12312E+22
   0.79795E+03   0.19700E+03   0.70792E+00   0.12318E+22
   0.79865E+03   0.19727E+03   0.70842E+00   0.12323E+22
   0.79935E+03   0.19755E+03   0.70892E+00   0.12329E+22
   0.80006E+03   0.19782E+03   0.70942E+00   0.12334E+22
   0.80076E+03   0.19809E+03   0.70992E+00   0.12340E+22
   0.80146E+03   0.19837E+03   0.71042E+00   0.12345E+22
   0.80217E+03   0.19864E+03   0.71092E+00   0.12351E+22
   0.80287E+03   0.19892E+03   0.71142E+00   0.12357E+22
   0.80357E+03   0.19919E+03   0.71192E+00   0.12362E+22
   0.80428E+03   0.19946E+03   0.71242E+00   0.12368E+22
   0.80498E+03   0.19974E+03   0.71292E+00   0.12373E+22
   0.80569E+03   0.20001E+03   0.71342E+00   0.12379E+22
   0.80639E+03   0.20029E+03   0.71392E+00   0.12384E+22
   0.80710E+03   0.20056E+03   0.71442E+00   0.12390E+22
   0.80780E+03   0.20084E+03   0.71492E+00   0.12396E+22
   0.80851E+03   0.20111E+03   0.71542E+00   0.12401E+22
   0.80921E+03   0.20138E+03   0.71592E+00   0.12407E+22
   0.80992E+03   0.20166E+03   0.71642E+00   0.12412E+22
   0.81063E+03   0.20193E+03   0.71692E+00   0.12418E+22
   0.81133E+03   0.20221E+03   0.71742E+00   0.12424E+22
   0.81204E+03   0.20248E+03   0.71792E+00   0.12429E+22
   0.81275E+03   0.20276E+03   0.71842E+00   0.12435E+22
   0.81345E+03   0.20304E+03   0.71892E+00   0.12440E+22
   0.81416E+03   0.20331E+03   0.71942E+00   0.12446E+22
   0.81487E+03   0.20359E+03   0.71992E+00   0.12452E+22
   0.81557E+03   0.20386E+03   0.72042E+00   0.12457E+22
   0.81628E+03   0.20414E+03   0.72092E+00   0.12463E+22
   0.81699E+03   0.20441E+03   0.72142E+00   0.12469E+22
   0.81770E+03   0.20469E+03   0.72192E+00   0.12474E+22
   0.81841E+03   0.20497E+03   0.72242E+00   0.12480E+22
   0.81911E+03   0.20524E+03   0.72292E+00   0.12486E+22
   0.81982E+03   0.20552E+03   0.72342E+00   0.12491E+22
   0.82053E+03   0.20579E+03   0.72392E+00   0.12497E+22
   0.82124E+03   0.20607E+03   0.72442E+00   0.12502E+22
   0.82195E+03   0.20635E+03   0.72492E+00   0.12508E+22
   0.82266E+03   0.20662E+03   0.72542E+00   0.12514E+22
   0.82337E+03   0.20690E+03   0.72592E+00   0.12519E+22
   0.82408E+03   0.20718E+03   0.72642E+00   0.12525E+22
   0.82479E+03   0.20745E+03   0.72692E+00   0.12531E+22
   0.82550E+03   0.20773E+03   0.72742E+00   0.12536E+22
   0.82621E+03   0.20801E+03   0.72792E+00   0.12542E+22
   0.82692E+03   0.20829E+03   0.72842E+00   0.12548E+22
   0.82763E+03   0.20856E+03   0.72892E+00   0.12553E+22
   0.82834E+03   0.20884E+03   0.72942E+00   0.12559E+22
   0.82905E+03   0.20912E+03   0.72992E+00   0.12565E+22
   0.82976E+03   0.20939E+03   0.73042E+00   0.12570E+22
   0.83047E+03   0.20967E+03   0.73092E+00   0.12576E+22
   0.83119E+03   0.20995E+03   0.73142E+00   0.12582E+22
   0.83190E+03   0.21023E+03   0.73192E+00   0.12587E+22
   0.83261E+03   0.21051E+03   0.73242E+00   0.12593E+22
   0.83332E+03   0.21078E+03   0.73292E+00   0.12599E+22
   0.83404E+03   0.21106E+03   0.73342E+00   0.12604E+22
   0.83475E+03   0.21134E+03   0.73392E+00   0.12610E+22
   0.83546E+03   0.21162E+03   0.73442E+00   0.12616E+22
   0.83617E+03   0.21190E+03   0.73492E+00   0.12622E+22
   0.83689E+03   0.21217E+03   0.73542E+00   0.12627E+22
   0.83760E+03   0.21245E+03   0.73592E+00   0.12633E+22
   0.83831E+03   0.21273E+03   0.73642E+00   0.12639E+22
   0.83903E+03   0.21301E+03   0.73692E+00   0.12644E+22
   0.83974E+03   0.21329E+03   0.73742E+00   0.12650E+22
   0.84046E+03   0.21357E+03   0.73792E+00   0.12656E+22
   0.84117E+03   0.21385E+03   0.73842E+00   0.12661E+22
   0.84188E+03   0.21413E+03   0.73892E+00   0.12667E+22
   0.84260E+03   0.21441E+03   0.73942E+00   0.12673E+22
   0.84331E+03   0.21468E+03   0.73992E+00   0.12679E+22
   0.84403E+03   0.21496E+03   0.74042E+00   0.12684E+22
   0.84474E+03   0.21524E+03   0.74092E+00   0.12690E+22
   0.84546E+03   0.21552E+03   0.74142E+00   0.12696E+22
   0.84617E+03   0.21580E+03   0.74192E+00   0.12701E+22
   0.84689E+03   0.21608E+03   0.74242E+00   0.12707E+22
   0.84761E+03   0.21636E+03   0.74292E+00   0.12713E+22
   0.84832E+03   0.21664E+03   0.74342E+00   0.12719E+22
   0.84904E+03   0.21692E+03   0.74392E+00   0.12724E+22
   0.84976E+03   0.21720E+03   0.74442E+00   0.12730E+22
   0.85047E+03   0.21748E+03   0.74492E+00   0.12736E+22
   0.85119E+03   0.21776E+03   0.74542E+00   0.12742E+22
   0.85191E+03   0.21804E+03   0.74592E+00   0.12747E+22
   0.85262E+03   0.21832E+03   0.74642E+00   0.12753E+22
   0.85334E+03   0.21860E+03   0.74692E+00   0.12759E+22
   0.85406E+03   0.21888E+03   0.74742E+00   0.12765E+22
   0.85478E+03   0.21917E+03   0.74792E+00   0.12770E+22
   0.85549E+03   0.21945E+03   0.74842E+00   0.12776E+22
   0.85621E+03   0.21973E+03   0.74892E+00   0.12782E+22
   0.85693E+03   0.22001E+03   0.74942E+00   0.12788E+22
   0.85765E+03   0.22029E+03   0.74992E+00   0.12793E+22
   0.85837E+03   0.22057E+03   0.75042E+00   0.12799E+22
   0.85909E+03   0.22085E+03   0.75092E+00   0.12805E+22
   0.85981E+03   0.22113E+03   0.75142E+00   0.12811E+22
   0.86053E+03   0.22141E+03   0.75192E+00   0.12816E+22
   0.86125E+03   0.22170E+03   0.75242E+00   0.12822E+22
   0.86197E+03   0.22198E+03   0.75292E+00   0.12828E+22
   0.86269E+03   0.22226E+03   0.75342E+00   0.12834E+22
   0.86341E+03   0.22254E+03   0.75392E+00   0.12839E+22
   0.86413E+03   0.22282E+03   0.75442E+00   0.12845E+22
   0.86485E+03   0.22310E+03   0.75492E+00   0.12851E+22
   0.86557E+03   0.22339E+03   0.75542E+00   0.12857E+22
   0.86629E+03   0.22367E+03   0.75592E+00   0.12863E+22
   0.86701E+03   0.22395E+03   0.75642E+00   0.12868E+22
   0.86773E+03   0.22423E+03   0.75692E+00   0.12874E+22
   0.86845E+03   0.22452E+03   0.75742E+00   0.12880E+22
   0.86917E+03   0.22480E+03   0.75792E+00   0.12886E+22
   0.86989E+03   0.22508E+03   0.75842E+00   0.12892E+22
   0.87062E+03   0.22536E+03   0.75892E+00   0.12897E+22
   0.87134E+03   0.22565E+03   0.75942E+00   0.12903E+22
   0.87206E+03   0.22593E+03   0.75992E+00   0.12909E+22
   0.87278E+03   0.22621E+03   0.76042E+00   0.12915E+22
   0.87351E+03   0.22649E+03   0.76092E+00   0.12921E+22
   0.87423E+03   0.22678E+03   0.76142E+00   0.12926E+22
   0.87495E+03   0.22706E+03   0.76192E+00   0.12932E+22
   0.87568E+03   0.22734E+03   0.76242E+00   0.12938E+22
   0.87640E+03   0.22763E+03   0.76292E+00   0.12944E+22
   0.87712E+03   0.22791E+03   0.76342E+00   0.12950E+22
   0.87785E+03   0.22819E+03   0.76392E+00   0.12955E+22
   0.87857E+03   0.22848E+03   0.76442E+00   0.12961E+22
   0.87929E+03   0.22876E+03   0.76492E+00   0.12967E+22
   0.88002E+03   0.22905E+03   0.76542E+00   0.12973E+22
   0.88074E+03   0.22933E+03   0.76592E+00   0.12979E+22
   0.88147E+03   0.22961E+03   0.76642E+00   0.12985E+22
   0.88219E+03   0.22990E+03   0.76692E+00   0.12990E+22
   0.88292E+03   0.23018E+03   0.76742E+00   0.12996E+22
   0.88364E+03   0.23047E+03   0.76792E+00   0.13002E+22
   0.88437E+03   0.23075E+03   0.76842E+00   0.13008E+22
   0.88510E+03   0.23103E+03   0.76892E+00   0.13014E+22
   0.88582E+03   0.23132E+03   0.76942E+00   0.13020E+22
   0.88655E+03   0.23160E+03   0.76992E+00   0.13025E+22
   0.88727E+03   0.23189E+03   0.77042E+00   0.13031E+22
   0.88800E+03   0.23217E+03   0.77092E+00   0.13037E+22
   0.88873E+03   0.23246E+03   0.77142E+00   0.13043E+22
   0.88945E+03   0.23274E+03   0.77192E+00   0.13049E+22
   0.89018E+03   0.23303E+03   0.77242E+00   0.13055E+22
   0.89091E+03   0.23331E+03   0.77292E+00   0.13060E+22
   0.89163E+03   0.23360E+03   0.77342E+00   0.13066E+22
   0.89236E+03   0.23388E+03   0.77392E+00   0.13072E+22
   0.89309E+03   0.23417E+03   0.77442E+00   0.13078E+22
   0.89382E+03   0.23445E+03   0.77492E+00   0.13084E+22
   0.89455E+03   0.23474E+03   0.77542E+00   0.13090E+22
   0.89527E+03   0.23502E+03   0.77592E+00   0.13096E+22
   0.89600E+03   0.23531E+03   0.77642E+00   0.13102E+22
   0.89673E+03   0.23560E+03   0.77692E+00   0.13107E+22
   0.89746E+03   0.23588E+03   0.77742E+00   0.13113E+22
   0.89819E+03   0.23617E+03   0.77792E+00   0.13119E+22
   0.89892E+03   0.23645E+03   0.77842E+00   0.13125E+22
   0.89965E+03   0.23674E+03   0.77892E+00   0.13131E+22
   0.90038E+03   0.23703E+03   0.77942E+00   0.13137E+22
   0.90111E+03   0.23731E+03   0.77992E+00   0.13143E+22
   0.90184E+03   0.23760E+03   0.78042E+00   0.13149E+22
   0.90257E+03   0.23788E+03   0.78092E+00   0.13154E+22
   0.90330E+03   0.23817E+03   0.78142E+00   0.13160E+22
   0.90403E+03   0.23846E+03   0.78192E+00   0.13166E+22
   0.90476E+03   0.23874E+03   0.78242E+00   0.13172E+22
   0.90549E+03   0.23903E+03   0.78292E+00   0.13178E+22
   0.90622E+03   0.23932E+03   0.78342E+00   0.13184E+22
   0.90695E+03   0.23960E+03   0.78392E+00   0.13190E+22
   0.90768E+03   0.23989E+03   0.78442E+00   0.13196E+22
   0.90841E+03   0.24018E+03   0.78492E+00   0.13202E+22
   0.90915E+03   0.24047E+03   0.78542E+00   0.13207E+22
   0.90988E+03   0.24075E+03   0.78592E+00   0.13213E+22
   0.91061E+03   0.24104E+03   0.78642E+00   0.13219E+22
   0.91134E+03   0.24133E+03   0.78692E+00   0.13225E+22
   0.91207E+03   0.24162E+03   0.78742E+00   0.13231E+22
   0.91281E+03   0.24190E+03   0.78792E+00   0.13237E+22
   0.91354E+03   0.24219E+03   0.78842E+00   0.13243E+22
   0.91427E+03   0.24248E+03   0.78892E+00   0.13249E+22
   0.91501E+03   0.24277E+03   0.78942E+00   0.13255E+22
   0.91574E+03   0.24305E+03   0.78992E+00   0.13261E+22
   0.91647E+03   0.24334E+03   0.79042E+00   0.13267E+22
   0.91721E+03   0.24363E+03   0.79092E+00   0.13272E+22
   0.91794E+03   0.24392E+03   0.79142E+00   0.13278E+22
   0.91868E+03   0.24421E+03   0.79192E+00   0.13284E+22
   0.91941E+03   0.24449E+03   0.79242E+00   0.13290E+22
   0.92014E+03   0.24478E+03   0.79292E+00   0.13296E+22
   0.92088E+03   0.24507E+03   0.79342E+00   0.13302E+22
   0.92161E+03   0.24536E+03   0.79392E+00   0.13308E+22
   0.92235E+03   0.24565E+03   0.79442E+00   0.13314E+22
   0.92308E+03   0.24594E+03   0.79492E+00   0.13320E+22
   0.92382E+03   0.24623E+03   0.79542E+00   0.13326E+22
   0.92455E+03   0.24651E+03   0.79592E+00   0.13332E+22
   0.92529E+03   0.24680E+03   0.79642E+00   0.13338E+22
   0.92603E+03   0.24709E+03   0.79692E+00   0.13344E+22
   0.92676E+03   0.24738E+03   0.79742E+00   0.13350E+22
   0.92750E+03   0.24767E+03   0.79792E+00   0.13355E+22
   0.92824E+03   0.24796E+03   0.79842E+00   0.13361E+22
   0.92897E+03   0.24825E+03   0.79892E+00   0.13367E+22
   0.92971E+03   0.24854E+03   0.79942E+00   0.13373E+22
   0.93045E+03   0.24883E+03   0.79992E+00   0.13379E+22
   0.93118E+03   0.24912E+03   0.80042E+00   0.13385E+22
   0.93192E+03   0.24941E+03   0.80092E+00   0.13391E+22
   0.93266E+03   0.24970E+03   0.80142E+00   0.13397E+22
   0.93340E+03   0.24999E+03   0.80192E+00   0.13403E+22
   0.93413E+03   0.25028E+03   0.80242E+00   0.13409E+22
   0.93487E+03   0.25057E+03   0.80292E+00   0.13415E+22
   0.93561E+03   0.25086E+03   0.80342E+00   0.13421E+22
   0.93635E+03   0.25115E+03   0.80392E+00   0.13427E+22
   0.93709E+03   0.25144E+03   0.80442E+00   0.13433E+22
   0.93783E+03   0.25173E+03   0.80492E+00   0.13439E+22
   0.93857E+03   0.25202E+03   0.80542E+00   0.13445E+22
   0.93930E+03   0.25231E+03   0.80592E+00   0.13451E+22
   0.94004E+03   0.25260E+03   0.80642E+00   0.13457E+22
   0.94078E+03   0.25289E+03   0.80692E+00   0.13463E+22
   0.94152E+03   0.25318E+03   0.80742E+00   0.13469E+22
   0.94226E+03   0.25347E+03   0.80792E+00   0.13475E+22
   0.94300E+03   0.25376E+03   0.80842E+00   0.13481E+22
   0.94374E+03   0.25405E+03   0.80892E+00   0.13487E+22
   0.94448E+03   0.25435E+03   0.80942E+00   0.13493E+22
   0.94522E+03   0.25464E+03   0.80992E+00   0.13499E+22
   0.94597E+03   0.25493E+03   0.81042E+00   0.13505E+22
   0.94671E+03   0.25522E+03   0.81092E+00   0.13511E+22
   0.94745E+03   0.25551E+03   0.81142E+00   0.13517E+22
   0.94819E+03   0.25580E+03   0.81192E+00   0.13523E+22
   0.94893E+03   0.25609E+03   0.81242E+00   0.13529E+22
   0.94967E+03   0.25638E+03   0.81292E+00   0.13535E+22
   0.95041E+03   0.25668E+03   0.81342E+00   0.13541E+22
   0.95116E+03   0.25697E+03   0.81392E+00   0.13547E+22
   0.95190E+03   0.25726E+03   0.81442E+00   0.13553E+22
   0.95264E+03   0.25755E+03   0.81492E+00   0.13559E+22
   0.95338E+03   0.25784E+03   0.81542E+00   0.13565E+22
   0.95413E+03   0.25814E+03   0.81592E+00   0.13571E+22
   0.95487E+03   0.25843E+03   0.81642E+00   0.13577E+22
   0.95561E+03   0.25872E+03   0.81692E+00   0.13583E+22
   0.95636E+03   0.25901E+03   0.81742E+00   0.13589E+22
   0.95710E+03   0.25931E+03   0.81792E+00   0.13595E+22
   0.95784E+03   0.25960E+03   0.81842E+00   0.13601E+22
   0.95859E+03   0.25989E+03   0.81892E+00   0.13607E+22
   0.95933E+03   0.26018E+03   0.81942E+00   0.13613E+22
   0.96007E+03   0.26048E+03   0.81992E+00   0.13619E+22
   0.96082E+03   0.26077E+03   0.82042E+00   0.13625E+22
   0.96156E+03   0.26106E+03   0.82092E+00   0.13631E+22
   0.96231E+03   0.26135E+03   0.82142E+00   0.13637E+22
   0.96305E+03   0.26165E+03   0.82192E+00   0.13643E+22
   0.96380E+03   0.26194E+03   0.82242E+00   0.13649E+22
   0.96454E+03   0.26223E+03   0.82292E+00   0.13655E+22
   0.96529E+03   0.26253E+03   0.82342E+00   0.13661E+22
   0.96604E+03   0.26282E+03   0.82392E+00   0.13667E+22
   0.96678E+03   0.26311E+03   0.82442E+00   0.13673E+22
   0.96753E+03   0.26341E+03   0.82492E+00   0.13679E+22
   0.96827E+03   0.26370E+03   0.82542E+00   0.13685E+22
   0.96902E+03   0.26399E+03   0.82592E+00   0.13691E+22
   0.96977E+03   0.26429E+03   0.82642E+00   0.13697E+22
   0.97051E+03   0.26458E+03   0.82692E+00   0.13703E+22
   0.97126E+03   0.26488E+03   0.82742E+00   0.13709E+22
   0.97201E+03   0.26517E+03   0.82792E+00   0.13715E+22
   0.97275E+03   0.26546E+03   0.82842E+00   0.13721E+22
   0.97350E+03   0.26576E+03   0.82892E+00   0.13727E+22
   0.97425E+03   0.26605E+03   0.82942E+00   0.13733E+22
   0.97500E+03   0.26635E+03   0.82992E+00   0.13739E+22
   0.97574E+03   0.26664E+03   0.83042E+00   0.13745E+22
   0.97649E+03   0.26693E+03   0.83092E+00   0.13751E+22
   0.97724E+03   0.26723E+03   0.83142E+00   0.13757E+22
   0.97799E+03   0.26752E+03   0.83192E+00   0.13763E+22
   0.97874E+03   0.26782E+03   0.83242E+00   0.13769E+22
   0.97949E+03   0.26811E+03   0.83292E+00   0.13776E+22
   0.98024E+03   0.26841E+03   0.83342E+00   0.13782E+22
   0.98099E+03   0.26870E+03   0.83392E+00   0.13788E+22
   0.98173E+03   0.26900E+03   0.83442E+00   0.13794E+22
   0.98248E+03   0.26929E+03   0.83492E+00   0.13800E+22
   0.98323E+03   0.26959E+03   0.83542E+00   0.13806E+22
   0.98398E+03   0.26988E+03   0.83592E+00   0.13812E+22
   0.98473E+03   0.27018E+03   0.83642E+00   0.13818E+22
   0.98548E+03   0.27047E+03   0.83692E+00   0.13824E+22
   0.98623E+03   0.27077E+03   0.83742E+00   0.13830E+22
   0.98699E+03   0.27106E+03   0.83792E+00   0.13836E+22
   0.98774E+03   0.27136E+03   0.83842E+00   0.13842E+22
   0.98849E+03   0.27166E+03   0.83892E+00   0.13848E+22
   0.98924E+03   0.27195E+03   0.83942E+00   0.13854E+22
   0.98999E+03   0.27225E+03   0.83992E+00   0.13860E+22
   0.99074E+03   0.27254E+03   0.84042E+00   0.13867E+22
   0.99149E+03   0.27284E+03   0.84092E+00   0.13873E+22
   0.99224E+03   0.27313E+03   0.84142E+00   0.13879E+22
   0.99300E+03   0.27343E+03   0.84192E+00   0.13885E+22
   0.99375E+03   0.27373E+03   0.84242E+00   0.13891E+22
   0.99450E+03   0.27402E+03   0.84292E+00   0.13897E+22
   0.99525E+03   0.27432E+03   0.84342E+00   0.13903E+22
   0.99601E+03   0.27462E+03   0.84392E+00   0.13909E+22
   0.99676E+03   0.27491E+03   0.84442E+00   0.13915E+22
   0.99751E+03   0.27521E+03   0.84492E+00   0.13921E+22
   0.99827E+03   0.27551E+03   0.84542E+00   0.13927E+22
   0.99902E+03   0.27580E+03   0.84592E+00   0.13933E+22
   0.99977E+03   0.27610E+03   0.84642E+00   0.13940E+22
   0.10005E+04   0.27640E+03   0.84692E+00   0.13946E+22
   0.10013E+04   0.27669E+03   0.84742E+00   0.13952E+22
   0.10020E+04   0.27699E+03   0.84792E+00   0.13958E+22
   0.10028E+04   0.27729E+03   0.84842E+00   0.13964E+22
   0.10035E+04   0.27758E+03   0.84892E+00   0.13970E+22
   0.10043E+04   0.27788E+03   0.84942E+00   0.13976E+22
   0.10051E+04   0.27818E+03   0.84992E+00   0.13982E+22
   0.10058E+04   0.27848E+03   0.85042E+00   0.13988E+22
   0.10066E+04   0.27877E+03   0.85092E+00   0.13994E+22
   0.10073E+04   0.27907E+03   0.85142E+00   0.14001E+22
   0.10081E+04   0.27937E+03   0.85192E+00   0.14007E+22
   0.10088E+04   0.27967E+03   0.85242E+00   0.14013E+22
   0.10096E+04   0.27996E+03   0.85292E+00   0.14019E+22
   0.10103E+04   0.28026E+03   0.85342E+00   0.14025E+22
   0.10111E+04   0.28056E+03   0.85392E+00   0.14031E+22
   0.10119E+04   0.28086E+03   0.85442E+00   0.14037E+22
   0.10126E+04   0.28115E+03   0.85492E+00   0.14043E+22
   0.10134E+04   0.28145E+03   0.85542E+00   0.14049E+22
   0.10141E+04   0.28175E+03   0.85592E+00   0.14056E+22
   0.10149E+04   0.28205E+03   0.85642E+00   0.14062E+22
   0.10156E+04   0.28235E+03   0.85692E+00   0.14068E+22
   0.10164E+04   0.28265E+03   0.85742E+00   0.14074E+22
   0.10172E+04   0.28294E+03   0.85792E+00   0.14080E+22
   0.10179E+04   0.28324E+03   0.85842E+00   0.14086E+22
   0.10187E+04   0.28354E+03   0.85892E+00   0.14092E+22
   0.10194E+04   0.28384E+03   0.85942E+00   0.14098E+22
   0.10202E+04   0.28414E+03   0.85992E+00   0.14105E+22
   0.10209E+04   0.28444E+03   0.86042E+00   0.14111E+22
   0.10217E+04   0.28474E+03   0.86092E+00   0.14117E+22
   0.10225E+04   0.28504E+03   0.86142E+00   0.14123E+22
   0.10232E+04   0.28533E+03   0.86192E+00   0.14129E+22
   0.10240E+04   0.28563E+03   0.86242E+00   0.14135E+22
   0.10247E+04   0.28593E+03   0.86292E+00   0.14141E+22
   0.10255E+04   0.28623E+03   0.86342E+00   0.14148E+22
   0.10263E+04   0.28653E+03   0.86392E+00   0.14154E+22
   0.10270E+04   0.28683E+03   0.86442E+00   0.14160E+22
   0.10278E+04   0.28713E+03   0.86492E+00   0.14166E+22
   0.10285E+04   0.28743E+03   0.86542E+00   0.14172E+22
   0.10293E+04   0.28773E+03   0.86592E+00   0.14178E+22
   0.10301E+04   0.28803E+03   0.86642E+00   0.14184E+22
   0.10308E+04   0.28833E+03   0.86692E+00   0.14191E+22
   0.10316E+04   0.28863E+03   0.86742E+00   0.14197E+22
   0.10323E+04   0.28893E+03   0.86792E+00   0.14203E+22
   0.10331E+04   0.28923E+03   0.86842E+00   0.14209E+22
   0.10339E+04   0.28953E+03   0.86892E+00   0.14215E+22
   0.10346E+04   0.28983E+03   0.86942E+00   0.14221E+22
   0.10354E+04   0.29013E+03   0.86992E+00   0.14227E+22
   0.10362E+04   0.29043E+03   0.87042E+00   0.14234E+22
   0.10369E+04   0.29073E+03   0.87092E+00   0.14240E+22
   0.10377E+04   0.29103E+03   0.87142E+00   0.14246E+22
   0.10384E+04   0.29133E+03   0.87192E+00   0.14252E+22
   0.10392E+04   0.29163E+03   0.87242E+00   0.14258E+22
   0.10400E+04   0.29193E+03   0.87292E+00   0.14264E+22
   0.10407E+04   0.29223E+03   0.87342E+00   0.14271E+22
   0.10415E+04   0.29253E+03   0.87392E+00   0.14277E+22
   0.10423E+04   0.29283E+03   0.87442E+00   0.14283E+22
   0.10430E+04   0.29313E+03   0.87492E+00   0.14289E+22
   0.10438E+04   0.29344E+03   0.87542E+00   0.14295E+22
   0.10445E+04   0.29374E+03   0.87592E+00   0.14301E+22
   0.10453E+04   0.29404E+03   0.87642E+00   0.14308E+22
   0.10461E+04   0.29434E+03   0.87692E+00   0.14314E+22
   0.10468E+04   0.29464E+03   0.87742E+00   0.14320E+22
   0.10476E+04   0.29494E+03   0.87792E+00   0.14326E+22
   0.10484E+04   0.29524E+03   0.87842E+00   0.14332E+22
   0.10491E+04   0.29554E+03   0.87892E+00   0.14338E+22
   0.10499E+04   0.29585E+03   0.87942E+00   0.14345E+22
   0.10507E+04   0.29615E+03   0.87992E+00   0.14351E+22
   0.10514E+04   0.29645E+03   0.88042E+00   0.14357E+22
   0.10522E+04   0.29675E+03   0.88092E+00   0.14363E+22
   0.10530E+04   0.29705E+03   0.88142E+00   0.14369E+22
   0.10537E+04   0.29735E+03   0.88192E+00   0.14376E+22
   0.10545E+04   0.29766E+03   0.88242E+00   0.14382E+22
   0.10553E+04   0.29796E+03   0.88292E+00   0.14388E+22
   0.10560E+04   0.29826E+03   0.88342E+00   0.14394E+22
   0.10568E+04   0.29856E+03   0.88392E+00   0.14400E+22
   0.10576E+04   0.29887E+03   0.88442E+00   0.14406E+22
   0.10583E+04   0.29917E+03   0.88492E+00   0.14413E+22
   0.10591E+04   0.29947E+03   0.88542E+00   0.14419E+22
   0.10599E+04   0.29977E+03   0.88592E+00   0.14425E+22
   0.10606E+04   0.30008E+03   0.88642E+00   0.14431E+22
   0.10614E+04   0.30038E+03   0.88692E+00   0.14437E+22
   0.10622E+04   0.30068E+03   0.88742E+00   0.14444E+22
   0.10629E+04   0.30098E+03   0.88792E+00   0.14450E+22
   0.10637E+04   0.30129E+03   0.88842E+00   0.14456E+22
   0.10645E+04   0.30159E+03   0.88892E+00   0.14462E+22
   0.10652E+04   0.30189E+03   0.88942E+00   0.14468E+22
   0.10660E+04   0.30219E+03   0.88992E+00   0.14475E+22
   0.10668E+04   0.30250E+03   0.89042E+00   0.14481E+22
   0.10675E+04   0.30280E+03   0.89092E+00   0.14487E+22
   0.10683E+04   0.30310E+03   0.89142E+00   0.14493E+22
   0.10691E+04   0.30341E+03   0.89192E+00   0.14499E+22
   0.10698E+04   0.30371E+03   0.89242E+00   0.14506E+22
   0.10706E+04   0.30401E+03   0.89292E+00   0.14512E+22
   0.10714E+04   0.30432E+03   0.89342E+00   0.14518E+22
   0.10722E+04   0.30462E+03   0.89392E+00   0.14524E+22
   0.10729E+04   0.30493E+03   0.89442E+00   0.14531E+22
   0.10737E+04   0.30523E+03   0.89492E+00   0.14537E+22
   0.10745E+04   0.30553E+03   0.89542E+00   0.14543E+22
   0.10752E+04   0.30584E+03   0.89592E+00   0.14549E+22
   0.10760E+04   0.30614E+03   0.89642E+00   0.14555E+22
   0.10768E+04   0.30644E+03   0.89692E+00   0.14562E+22
   0.10775E+04   0.30675E+03   0.89742E+00   0.14568E+22
   0.10783E+04   0.30705E+03   0.89792E+00   0.14574E+22
   0.10791E+04   0.30736E+03   0.89842E+00   0.14580E+22
   0.10799E+04   0.30766E+03   0.89892E+00   0.14587E+22
   0.10806E+04   0.30797E+03   0.89942E+00   0.14593E+22
   0.10814E+04   0.30827E+03   0.89992E+00   0.14599E+22
   0.10822E+04   0.30857E+03   0.90042E+00   0.14605E+22
   0.10830E+04   0.30888E+03   0.90092E+00   0.14611E+22
   0.10837E+04   0.30918E+03   0.90142E+00   0.14618E+22
   0.10845E+04   0.30949E+03   0.90192E+00   0.14624E+22
   0.10853E+04   0.30979E+03   0.90242E+00   0.14630E+22
   0.10860E+04   0.31010E+03   0.90292E+00   0.14636E+22
   0.10868E+04   0.31040E+03   0.90342E+00   0.14643E+22
   0.10876E+04   0.31071E+03   0.90392E+00   0.14649E+22
   0.10884E+04   0.31101E+03   0.90442E+00   0.14655E+22
   0.10891E+04   0.31132E+03   0.90492E+00   0.14661E+22
   0.10899E+04   0.31162E+03   0.90542E+00   0.14668E+22
   0.10907E+04   0.31193E+03   0.90592E+00   0.14674E+22
   0.10915E+04   0.31223E+03   0.90642E+00   0.14680E+22
   0.10922E+04   0.31254E+03   0.90692E+00   0.14686E+22
   0.10930E+04   0.31284E+03   0.90742E+00   0.14693E+22
   0.10938E+04   0.31315E+03   0.90792E+00   0.14699E+22
   0.10946E+04   0.31346E+03   0.90842E+00   0.14705E+22
   0.10953E+04   0.31376E+03   0.90892E+00   0.14711E+22
   0.10961E+04   0.31407E+03   0.90942E+00   0.14718E+22
   0.10969E+04   0.31437E+03   0.90992E+00   0.14724E+22
   0.10977E+04   0.31468E+03   0.91042E+00   0.14730E+22
   0.10984E+04   0.31498E+03   0.91092E+00   0.14736E+22
   0.10992E+04   0.31529E+03   0.91142E+00   0.14743E+22
   0.11000E+04   0.31560E+03   0.91192E+00   0.14749E+22
   0.11008E+04   0.31590E+03   0.91242E+00   0.14755E+22
   0.11015E+04   0.31621E+03   0.91292E+00   0.14761E+22
   0.11023E+04   0.31651E+03   0.91342E+00   0.14768E+22
   0.11031E+04   0.31682E+03   0.91392E+00   0.14774E+22
   0.11039E+04   0.31713E+03   0.91442E+00   0.14780E+22
   0.11046E+04   0.31743E+03   0.91492E+00   0.14786E+22
   0.11054E+04   0.31774E+03   0.91542E+00   0.14793E+22
   0.11062E+04   0.31805E+03   0.91592E+00   0.14799E+22
   0.11070E+04   0.31835E+03   0.91642E+00   0.14805E+22
   0.11078E+04   0.31866E+03   0.91692E+00   0.14811E+22
   0.11085E+04   0.31897E+03   0.91742E+00   0.14818E+22
   0.11093E+04   0.31927E+03   0.91792E+00   0.14824E+22
   0.11101E+04   0.31958E+03   0.91842E+00   0.14830E+22
   0.11109E+04   0.31989E+03   0.91892E+00   0.14836E+22
   0.11116E+04   0.32019E+03   0.91942E+00   0.14843E+22
   0.11124E+04   0.32050E+03   0.91992E+00   0.14849E+22
   0.11132E+04   0.32081E+03   0.92042E+00   0.14855E+22
   0.11140E+04   0.32112E+03   0.92092E+00   0.14862E+22
   0.11148E+04   0.32142E+03   0.92142E+00   0.14868E+22
   0.11155E+04   0.32173E+03   0.92192E+00   0.14874E+22
   0.11163E+04   0.32204E+03   0.92242E+00   0.14880E+22
   0.11171E+04   0.32235E+03   0.92292E+00   0.14887E+22
   0.11179E+04   0.32265E+03   0.92342E+00   0.14893E+22
   0.11187E+04   0.32296E+03   0.92392E+00   0.14899E+22
   0.11194E+04   0.32327E+03   0.92442E+00   0.14905E+22
   0.11202E+04   0.32358E+03   0.92492E+00   0.14912E+22
   0.11210E+04   0.32388E+03   0.92542E+00   0.14918E+22
   0.11218E+04   0.32419E+03   0.92592E+00   0.14924E+22
   0.11226E+04   0.32450E+03   0.92642E+00   0.14931E+22
   0.11233E+04   0.32481E+03   0.92692E+00   0.14937E+22
   0.11241E+04   0.32512E+03   0.92742E+00   0.14943E+22
   0.11249E+04   0.32542E+03   0.92792E+00   0.14949E+22
   0.11257E+04   0.32573E+03   0.92842E+00   0.14956E+22
   0.11265E+04   0.32604E+03   0.92892E+00   0.14962E+22
   0.11273E+04   0.32635E+03   0.92942E+00   0.14968E+22
   0.11280E+04   0.32666E+03   0.92992E+00   0.14975E+22
   0.11288E+04   0.32697E+03   0.93042E+00   0.14981E+22
   0.11296E+04   0.32728E+03   0.93092E+00   0.14987E+22
   0.11304E+04   0.32758E+03   0.93142E+00   0.14993E+22
   0.11312E+04   0.32789E+03   0.93192E+00   0.15000E+22
   0.11320E+04   0.32820E+03   0.93242E+00   0.15006E+22
   0.11327E+04   0.32851E+03   0.93292E+00   0.15012E+22
   0.11335E+04   0.32882E+03   0.93342E+00   0.15019E+22
   0.11343E+04   0.32913E+03   0.93392E+00   0.15025E+22
   0.11351E+04   0.32944E+03   0.93442E+00   0.15031E+22
   0.11359E+04   0.32975E+03   0.93492E+00   0.15038E+22
   0.11367E+04   0.33006E+03   0.93542E+00   0.15044E+22
   0.11374E+04   0.33036E+03   0.93592E+00   0.15050E+22
   0.11382E+04   0.33067E+03   0.93642E+00   0.15056E+22
   0.11390E+04   0.33098E+03   0.93692E+00   0.15063E+22
   0.11398E+04   0.33129E+03   0.93742E+00   0.15069E+22
   0.11406E+04   0.33160E+03   0.93792E+00   0.15075E+22
   0.11414E+04   0.33191E+03   0.93842E+00   0.15082E+22
   0.11421E+04   0.33222E+03   0.93892E+00   0.15088E+22
   0.11429E+04   0.33253E+03   0.93942E+00   0.15094E+22
   0.11437E+04   0.33284E+03   0.93992E+00   0.15101E+22
   0.11445E+04   0.33315E+03   0.94042E+00   0.15107E+22
   0.11453E+04   0.33346E+03   0.94092E+00   0.15113E+22
   0.11461E+04   0.33377E+03   0.94142E+00   0.15120E+22
   0.11469E+04   0.33408E+03   0.94192E+00   0.15126E+22
   0.11476E+04   0.33439E+03   0.94242E+00   0.15132E+22
   0.11484E+04   0.33470E+03   0.94292E+00   0.15138E+22
   0.11492E+04   0.33501E+03   0.94342E+00   0.15145E+22
   0.11500E+04   0.33532E+03   0.94392E+00   0.15151E+22
   0.11508E+04   0.33563E+03   0.94442E+00   0.15157E+22
   0.11516E+04   0.33594E+03   0.94492E+00   0.15164E+22
   0.11524E+04   0.33625E+03   0.94542E+00   0.15170E+22
   0.11532E+04   0.33656E+03   0.94592E+00   0.15176E+22
   0.11539E+04   0.33687E+03   0.94642E+00   0.15183E+22
   0.11547E+04   0.33718E+03   0.94692E+00   0.15189E+22
   0.11555E+04   0.33749E+03   0.94742E+00   0.15195E+22
   0.11563E+04   0.33781E+03   0.94792E+00   0.15202E+22
   0.11571E+04   0.33812E+03   0.94842E+00   0.15208E+22
   0.11579E+04   0.33843E+03   0.94892E+00   0.15214E+22
   0.11587E+04   0.33874E+03   0.94942E+00   0.15221E+22
   0.11595E+04   0.33905E+03   0.94992E+00   0.15227E+22
   0.11602E+04   0.33936E+03   0.95042E+00   0.15233E+22
   0.11610E+04   0.33967E+03   0.95092E+00   0.15240E+22
   0.11618E+04   0.33998E+03   0.95142E+00   0.15246E+22
   0.11626E+04   0.34029E+03   0.95192E+00   0.15252E+22
   0.11634E+04   0.34061E+03   0.95242E+00   0.15259E+22
   0.11642E+04   0.34092E+03   0.95292E+00   0.15265E+22
   0.11650E+04   0.34123E+03   0.95342E+00   0.15271E+22
   0.11658E+04   0.34154E+03   0.95392E+00   0.15278E+22
   0.11666E+04   0.34185E+03   0.95442E+00   0.15284E+22
   0.11674E+04   0.34216E+03   0.95492E+00   0.15290E+22
   0.11681E+04   0.34247E+03   0.95542E+00   0.15297E+22
   0.11689E+04   0.34279E+03   0.95592E+00   0.15303E+22
   0.11697E+04   0.34310E+03   0.95642E+00   0.15309E+22
   0.11705E+04   0.34341E+03   0.95692E+00   0.15316E+22
   0.11713E+04   0.34372E+03   0.95742E+00   0.15322E+22
   0.11721E+04   0.34403E+03   0.95792E+00   0.15328E+22
   0.11729E+04   0.34435E+03   0.95842E+00   0.15335E+22
   0.11737E+04   0.34466E+03   0.95892E+00   0.15341E+22
   0.11745E+04   0.34497E+03   0.95942E+00   0.15347E+22
   0.11753E+04   0.34528E+03   0.95992E+00   0.15354E+22
   0.11761E+04   0.34560E+03   0.96042E+00   0.15360E+22
   0.11768E+04   0.34591E+03   0.96092E+00   0.15366E+22
   0.11776E+04   0.34622E+03   0.96142E+00   0.15373E+22
   0.11784E+04   0.34653E+03   0.96192E+00   0.15379E+22
   0.11792E+04   0.34685E+03   0.96242E+00   0.15386E+22
   0.11800E+04   0.34716E+03   0.96292E+00   0.15392E+22
   0.11808E+04   0.34747E+03   0.96342E+00   0.15398E+22
   0.11816E+04   0.34778E+03   0.96392E+00   0.15405E+22
   0.11824E+04   0.34810E+03   0.96442E+00   0.15411E+22
   0.11832E+04   0.34841E+03   0.96492E+00   0.15417E+22
   0.11840E+04   0.34872E+03   0.96542E+00   0.15424E+22
   0.11848E+04   0.34904E+03   0.96592E+00   0.15430E+22
   0.11856E+04   0.34935E+03   0.96642E+00   0.15436E+22
   0.11864E+04   0.34966E+03   0.96692E+00   0.15443E+22
   0.11872E+04   0.34998E+03   0.96742E+00   0.15449E+22
   0.11880E+04   0.35029E+03   0.96792E+00   0.15455E+22
   0.11888E+04   0.35060E+03   0.96842E+00   0.15462E+22
   0.11895E+04   0.35092E+03   0.96892E+00   0.15468E+22
   0.11903E+04   0.35123E+03   0.96942E+00   0.15475E+22
   0.11911E+04   0.35154E+03   0.96992E+00   0.15481E+22
   0.11919E+04   0.35186E+03   0.97042E+00   0.15487E+22
   0.11927E+04   0.35217E+03   0.97092E+00   0.15494E+22
   0.11935E+04   0.35248E+03   0.97142E+00   0.15500E+22
   0.11943E+04   0.35280E+03   0.97192E+00   0.15506E+22
   0.11951E+04   0.35311E+03   0.97242E+00   0.15513E+22
   0.11959E+04   0.35343E+03   0.97292E+00   0.15519E+22
   0.11967E+04   0.35374E+03   0.97342E+00   0.15525E+22
   0.11975E+04   0.35405E+03   0.97392E+00   0.15532E+22
   0.11983E+04   0.35437E+03   0.97442E+00   0.15538E+22
   0.11991E+04   0.35468E+03   0.97492E+00   0.15545E+22
   0.11999E+04   0.35500E+03   0.97542E+00   0.15551E+22
   0.12007E+04   0.35531E+03   0.97592E+00   0.15557E+22
   0.12015E+04   0.35562E+03   0.97642E+00   0.15564E+22
   0.12023E+04   0.35594E+03   0.97692E+00   0.15570E+22
   0.12031E+04   0.35625E+03   0.97742E+00   0.15576E+22
   0.12039E+04   0.35657E+03   0.97792E+00   0.15583E+22
   0.12047E+04   0.35688E+03   0.97842E+00   0.15589E+22
   0.12055E+04   0.35720E+03   0.97892E+00   0.15596E+22
   0.12063E+04   0.35751E+03   0.97942E+00   0.15602E+22
   0.12071E+04   0.35783E+03   0.97992E+00   0.15608E+22
   0.12079E+04   0.35814E+03   0.98042E+00   0.15615E+22
   0.12087E+04   0.35846E+03   0.98092E+00   0.15621E+22
   0.12095E+04   0.35877E+03   0.98142E+00   0.15628E+22
   0.12103E+04   0.35909E+03   0.98192E+00   0.15634E+22
   0.12111E+04   0.35940E+03   0.98242E+00   0.15640E+22
   0.12119E+04   0.35972E+03   0.98292E+00   0.15647E+22
   0.12127E+04   0.36003E+03   0.98342E+00   0.15653E+22
   0.12135E+04   0.36035E+03   0.98392E+00   0.15659E+22
   0.12143E+04   0.36066E+03   0.98442E+00   0.15666E+22
   0.12151E+04   0.36098E+03   0.98492E+00   0.15672E+22
   0.12159E+04   0.36129E+03   0.98542E+00   0.15679E+22
   0.12167E+04   0.36161E+03   0.98592E+00   0.15685E+22
   0.12175E+04   0.36193E+03   0.98642E+00   0.15691E+22
   0.12183E+04   0.36224E+03   0.98692E+00   0.15698E+22
   0.12191E+04   0.36256E+03   0.98742E+00   0.15704E+22
   0.12199E+04   0.36287E+03   0.98792E+00   0.15711E+22
   0.12207E+04   0.36319E+03   0.98842E+00   0.15717E+22
   0.12215E+04   0.36350E+03   0.98892E+00   0.15723E+22
   0.12223E+04   0.36382E+03   0.98942E+00   0.15730E+22
   0.12231E+04   0.36414E+03   0.98992E+00   0.15736E+22
   0.12239E+04   0.36445E+03   0.99042E+00   0.15743E+22
   0.12247E+04   0.36477E+03   0.99092E+00   0.15749E+22
   0.12255E+04   0.36508E+03   0.99142E+00   0.15755E+22
   0.12263E+04   0.36540E+03   0.99192E+00   0.15762E+22
   0.12271E+04   0.36572E+03   0.99242E+00   0.15768E+22
   0.12279E+04   0.36603E+03   0.99292E+00   0.15775E+22
   0.12287E+04   0.36635E+03   0.99342E+00   0.15781E+22
   0.12295E+04   0.36667E+03   0.99392E+00   0.15787E+22
   0.12303E+04   0.36698E+03   0.99442E+00   0.15794E+22
   0.12311E+04   0.36730E+03   0.99492E+00   0.15800E+22
   0.12319E+04   0.36762E+03   0.99542E+00   0.15807E+22
   0.12327E+04   0.36793E+03   0.99592E+00   0.15813E+22
   0.12335E+04   0.36825E+03   0.99642E+00   0.15819E+22
   0.12343E+04   0.36857E+03   0.99692E+00   0.15826E+22
   0.12351E+04   0.36888E+03   0.99742E+00   0.15832E+22
   0.12359E+04   0.36920E+03   0.99792E+00   0.15839E+22
   0.12367E+04   0.36952E+03   0.99842E+00   0.15845E+22
   0.12375E+04   0.36984E+03   0.99892E+00   0.15851E+22
   0.12383E+04   0.37015E+03   0.99942E+00   0.15858E+22
   0.12391E+04   0.37047E+03   0.99992E+00   0.15864E+22
   0.12399E+04   0.37079E+03   0.10004E+01   0.15871E+22
   0.12408E+04   0.37110E+03   0.10009E+01   0.15877E+22
   0.12416E+04   0.37142E+03   0.10014E+01   0.15884E+22
   0.12424E+04   0.37174E+03   0.10019E+01   0.15890E+22
   0.12432E+04   0.37206E+03   0.10024E+01   0.15896E+22
   0.12440E+04   0.37237E+03   0.10029E+01   0.15903E+22
   0.12448E+04   0.37269E+03   0.10034E+01   0.15909E+22
   0.12456E+04   0.37301E+03   0.10039E+01   0.15916E+22
   0.12464E+04   0.37333E+03   0.10044E+01   0.15922E+22
   0.12472E+04   0.37365E+03   0.10049E+01   0.15928E+22
   0.12480E+04   0.37396E+03   0.10054E+01   0.15935E+22
   0.12488E+04   0.37428E+03   0.10059E+01   0.15941E+22
   0.12496E+04   0.37460E+03   0.10064E+01   0.15948E+22
   0.12504E+04   0.37492E+03   0.10069E+01   0.15954E+22
   0.12512E+04   0.37524E+03   0.10074E+01   0.15961E+22
   0.12520E+04   0.37555E+03   0.10079E+01   0.15967E+22
   0.12528E+04   0.37587E+03   0.10084E+01   0.15973E+22
   0.12537E+04   0.37619E+03   0.10089E+01   0.15980E+22
   0.12545E+04   0.37651E+03   0.10094E+01   0.15986E+22
   0.12553E+04   0.37683E+03   0.10099E+01   0.15993E+22
   0.12561E+04   0.37715E+03   0.10104E+01   0.15999E+22
   0.12569E+04   0.37746E+03   0.10109E+01   0.16006E+22
   0.12577E+04   0.37778E+03   0.10114E+01   0.16012E+22
   0.12585E+04   0.37810E+03   0.10119E+01   0.16018E+22
   0.12593E+04   0.37842E+03   0.10124E+01   0.16025E+22
   0.12601E+04   0.37874E+03   0.10129E+01   0.16031E+22
   0.12609E+04   0.37906E+03   0.10134E+01   0.16038E+22
   0.12617E+04   0.37938E+03   0.10139E+01   0.16044E+22
   0.12625E+04   0.37970E+03   0.10144E+01   0.16051E+22
   0.12634E+04   0.38002E+03   0.10149E+01   0.16057E+22
   0.12642E+04   0.38033E+03   0.10154E+01   0.16064E+22
   0.12650E+04   0.38065E+03   0.10159E+01   0.16070E+22
   0.12658E+04   0.38097E+03   0.10164E+01   0.16076E+22
   0.12666E+04   0.38129E+03   0.10169E+01   0.16083E+22
   0.12674E+04   0.38161E+03   0.10174E+01   0.16089E+22
   0.12682E+04   0.38193E+03   0.10179E+01   0.16096E+22
   0.12690E+04   0.38225E+03   0.10184E+01   0.16102E+22
   0.12698E+04   0.38257E+03   0.10189E+01   0.16109E+22
   0.12707E+04   0.38289E+03   0.10194E+01   0.16115E+22
   0.12715E+04   0.38321E+03   0.10199E+01   0.16121E+22
   0.12723E+04   0.38353E+03   0.10204E+01   0.16128E+22
   0.12731E+04   0.38385E+03   0.10209E+01   0.16134E+22
   0.12739E+04   0.38417E+03   0.10214E+01   0.16141E+22
   0.12747E+04   0.38449E+03   0.10219E+01   0.16147E+22
   0.12755E+04   0.38481E+03   0.10224E+01   0.16154E+22
   0.12763E+04   0.38513E+03   0.10229E+01   0.16160E+22
   0.12771E+04   0.38545E+03   0.10234E+01   0.16167E+22
   0.12780E+04   0.38577E+03   0.10239E+01   0.16173E+22
   0.12788E+04   0.38609E+03   0.10244E+01   0.16180E+22
   0.12796E+04   0.38641E+03   0.10249E+01   0.16186E+22
   0.12804E+04   0.38673E+03   0.10254E+01   0.16192E+22
   0.12812E+04   0.38705E+03   0.10259E+01   0.16199E+22
   0.12820E+04   0.38737E+03   0.10264E+01   0.16205E+22
   0.12828E+04   0.38769E+03   0.10269E+01   0.16212E+22
   0.12836E+04   0.38801E+03   0.10274E+01   0.16218E+22
   0.12845E+04   0.38833E+03   0.10279E+01   0.16225E+22
   0.12853E+04   0.38865E+03   0.10284E+01   0.16231E+22
   0.12861E+04   0.38897E+03   0.10289E+01   0.16238E+22
   0.12869E+04   0.38929E+03   0.10294E+01   0.16244E+22
   0.12877E+04   0.38961E+03   0.10299E+01   0.16251E+22
   0.12885E+04   0.38993E+03   0.10304E+01   0.16257E+22
   0.12893E+04   0.39026E+03   0.10309E+01   0.16263E+22
   0.12902E+04   0.39058E+03   0.10314E+01   0.16270E+22
   0.12910E+04   0.39090E+03   0.10319E+01   0.16276E+22
   0.12918E+04   0.39122E+03   0.10324E+01   0.16283E+22
   0.12926E+04   0.39154E+03   0.10329E+01   0.16289E+22
   0.12934E+04   0.39186E+03   0.10334E+01   0.16296E+22
   0.12942E+04   0.39218E+03   0.10339E+01   0.16302E+22
   0.12951E+04   0.39250E+03   0.10344E+01   0.16309E+22
   0.12959E+04   0.39282E+03   0.10349E+01   0.16315E+22
   0.12967E+04   0.39315E+03   0.10354E+01   0.16322E+22
   0.12975E+04   0.39347E+03   0.10359E+01   0.16328E+22
   0.12983E+04   0.39379E+03   0.10364E+01   0.16335E+22
   0.12991E+04   0.39411E+03   0.10369E+01   0.16341E+22
   0.12999E+04   0.39443E+03   0.10374E+01   0.16347E+22
   0.13008E+04   0.39475E+03   0.10379E+01   0.16354E+22
   0.13016E+04   0.39508E+03   0.10384E+01   0.16360E+22
   0.13024E+04   0.39540E+03   0.10389E+01   0.16367E+22
   0.13032E+04   0.39572E+03   0.10394E+01   0.16373E+22
   0.13040E+04   0.39604E+03   0.10399E+01   0.16380E+22
   0.13049E+04   0.39636E+03   0.10404E+01   0.16386E+22
   0.13057E+04   0.39669E+03   0.10409E+01   0.16393E+22
   0.13065E+04   0.39701E+03   0.10414E+01   0.16399E+22
   0.13073E+04   0.39733E+03   0.10419E+01   0.16406E+22
   0.13081E+04   0.39765E+03   0.10424E+01   0.16412E+22
   0.13089E+04   0.39797E+03   0.10429E+01   0.16419E+22
   0.13098E+04   0.39830E+03   0.10434E+01   0.16425E+22
   0.13106E+04   0.39862E+03   0.10439E+01   0.16432E+22
   0.13114E+04   0.39894E+03   0.10444E+01   0.16438E+22
   0.13122E+04   0.39926E+03   0.10449E+01   0.16445E+22
   0.13130E+04   0.39959E+03   0.10454E+01   0.16451E+22
   0.13139E+04   0.39991E+03   0.10459E+01   0.16458E+22
   0.13147E+04   0.40023E+03   0.10464E+01   0.16464E+22
   0.13155E+04   0.40056E+03   0.10469E+01   0.16471E+22
   0.13163E+04   0.40088E+03   0.10474E+01   0.16477E+22
   0.13171E+04   0.40120E+03   0.10479E+01   0.16483E+22
   0.13180E+04   0.40152E+03   0.10484E+01   0.16490E+22
   0.13188E+04   0.40185E+03   0.10489E+01   0.16496E+22
   0.13196E+04   0.40217E+03   0.10494E+01   0.16503E+22
   0.13204E+04   0.40249E+03   0.10499E+01   0.16509E+22
   0.13212E+04   0.40282E+03   0.10504E+01   0.16516E+22
   0.13221E+04   0.40314E+03   0.10509E+01   0.16522E+22
   0.13229E+04   0.40346E+03   0.10514E+01   0.16529E+22
   0.13237E+04   0.40379E+03   0.10519E+01   0.16535E+22
   0.13245E+04   0.40411E+03   0.10524E+01   0.16542E+22
   0.13253E+04   0.40443E+03   0.10529E+01   0.16548E+22
   0.13262E+04   0.40476E+03   0.10534E+01   0.16555E+22
   0.13270E+04   0.40508E+03   0.10539E+01   0.16561E+22
   0.13278E+04   0.40540E+03   0.10544E+01   0.16568E+22
   0.13286E+04   0.40573E+03   0.10549E+01   0.16574E+22
   0.13294E+04   0.40605E+03   0.10554E+01   0.16581E+22
   0.13303E+04   0.40637E+03   0.10559E+01   0.16587E+22
   0.13311E+04   0.40670E+03   0.10564E+01   0.16594E+22
   0.13319E+04   0.40702E+03   0.10569E+01   0.16600E+22
   0.13327E+04   0.40735E+03   0.10574E+01   0.16607E+22
   0.13336E+04   0.40767E+03   0.10579E+01   0.16613E+22
   0.13344E+04   0.40799E+03   0.10584E+01   0.16620E+22
   0.13352E+04   0.40832E+03   0.10589E+01   0.16626E+22
   0.13360E+04   0.40864E+03   0.10594E+01   0.16633E+22
   0.13369E+04   0.40897E+03   0.10599E+01   0.16639E+22
   0.13377E+04   0.40929E+03   0.10604E+01   0.16646E+22
   0.13385E+04   0.40962E+03   0.10609E+01   0.16652E+22
   0.13393E+04   0.40994E+03   0.10614E+01   0.16659E+22
   0.13401E+04   0.41026E+03   0.10619E+01   0.16665E+22
   0.13410E+04   0.41059E+03   0.10624E+01   0.16672E+22
   0.13418E+04   0.41091E+03   0.10629E+01   0.16678E+22
   0.13426E+04   0.41124E+03   0.10634E+01   0.16685E+22
   0.13434E+04   0.41156E+03   0.10639E+01   0.16691E+22
   0.13443E+04   0.41189E+03   0.10644E+01   0.16698E+22
   0.13451E+04   0.41221E+03   0.10649E+01   0.16704E+22
   0.13459E+04   0.41254E+03   0.10654E+01   0.16711E+22
   0.13467E+04   0.41286E+03   0.10659E+01   0.16717E+22
   0.13476E+04   0.41319E+03   0.10664E+01   0.16724E+22
   0.13484E+04   0.41351E+03   0.10669E+01   0.16730E+22
   0.13492E+04   0.41384E+03   0.10674E+01   0.16737E+22
   0.13501E+04   0.41416E+03   0.10679E+01   0.16743E+22
   0.13509E+04   0.41449E+03   0.10684E+01   0.16750E+22
   0.13517E+04   0.41481E+03   0.10689E+01   0.16756E+22
   0.13525E+04   0.41514E+03   0.10694E+01   0.16763E+22
   0.13534E+04   0.41546E+03   0.10699E+01   0.16769E+22
   0.13542E+04   0.41579E+03   0.10704E+01   0.16776E+22
   0.13550E+04   0.41611E+03   0.10709E+01   0.16782E+22
   0.13558E+04   0.41644E+03   0.10714E+01   0.16789E+22
   0.13567E+04   0.41676E+03   0.10719E+01   0.16795E+22
   0.13575E+04   0.41709E+03   0.10724E+01   0.16802E+22
   0.13583E+04   0.41742E+03   0.10729E+01   0.16808E+22
   0.13591E+04   0.41774E+03   0.10734E+01   0.16815E+22
   0.13600E+04   0.41807E+03   0.10739E+01   0.16821E+22
   0.13608E+04   0.41839E+03   0.10744E+01   0.16828E+22
   0.13616E+04   0.41872E+03   0.10749E+01   0.16834E+22
   0.13625E+04   0.41905E+03   0.10754E+01   0.16841E+22
   0.13633E+04   0.41937E+03   0.10759E+01   0.16848E+22
   0.13641E+04   0.41970E+03   0.10764E+01   0.16854E+22
   0.13649E+04   0.42002E+03   0.10769E+01   0.16861E+22
   0.13658E+04   0.42035E+03   0.10774E+01   0.16867E+22
   0.13666E+04   0.42068E+03   0.10779E+01   0.16874E+22
   0.13674E+04   0.42100E+03   0.10784E+01   0.16880E+22
   0.13683E+04   0.42133E+03   0.10789E+01   0.16887E+22
   0.13691E+04   0.42166E+03   0.10794E+01   0.16893E+22
   0.13699E+04   0.42198E+03   0.10799E+01   0.16900E+22
   0.13707E+04   0.42231E+03   0.10804E+01   0.16906E+22
   0.13716E+04   0.42263E+03   0.10809E+01   0.16913E+22
   0.13724E+04   0.42296E+03   0.10814E+01   0.16919E+22
   0.13732E+04   0.42329E+03   0.10819E+01   0.16926E+22
   0.13741E+04   0.42361E+03   0.10824E+01   0.16932E+22
   0.13749E+04   0.42394E+03   0.10829E+01   0.16939E+22
   0.13757E+04   0.42427E+03   0.10834E+01   0.16945E+22
   0.13766E+04   0.42460E+03   0.10839E+01   0.16952E+22
   0.13774E+04   0.42492E+03   0.10844E+01   0.16958E+22
   0.13782E+04   0.42525E+03   0.10849E+01   0.16965E+22
   0.13791E+04   0.42558E+03   0.10854E+01   0.16971E+22
   0.13799E+04   0.42590E+03   0.10859E+01   0.16978E+22
   0.13807E+04   0.42623E+03   0.10864E+01   0.16985E+22
   0.13815E+04   0.42656E+03   0.10869E+01   0.16991E+22
   0.13824E+04   0.42689E+03   0.10874E+01   0.16998E+22
   0.13832E+04   0.42721E+03   0.10879E+01   0.17004E+22
   0.13840E+04   0.42754E+03   0.10884E+01   0.17011E+22
   0.13849E+04   0.42787E+03   0.10889E+01   0.17017E+22
   0.13857E+04   0.42819E+03   0.10894E+01   0.17024E+22
   0.13865E+04   0.42852E+03   0.10899E+01   0.17030E+22
   0.13874E+04   0.42885E+03   0.10904E+01   0.17037E+22
   0.13882E+04   0.42918E+03   0.10909E+01   0.17043E+22
   0.13890E+04   0.42951E+03   0.10914E+01   0.17050E+22
   0.13899E+04   0.42983E+03   0.10919E+01   0.17056E+22
   0.13907E+04   0.43016E+03   0.10924E+01   0.17063E+22
   0.13915E+04   0.43049E+03   0.10929E+01   0.17069E+22
   0.13924E+04   0.43082E+03   0.10934E+01   0.17076E+22
   0.13932E+04   0.43114E+03   0.10939E+01   0.17083E+22
   0.13940E+04   0.43147E+03   0.10944E+01   0.17089E+22
   0.13949E+04   0.43180E+03   0.10949E+01   0.17096E+22
   0.13957E+04   0.43213E+03   0.10954E+01   0.17102E+22
   0.13965E+04   0.43246E+03   0.10959E+01   0.17109E+22
   0.13974E+04   0.43279E+03   0.10964E+01   0.17115E+22
   0.13982E+04   0.43311E+03   0.10969E+01   0.17122E+22
   0.13990E+04   0.43344E+03   0.10974E+01   0.17128E+22
   0.13999E+04   0.43377E+03   0.10979E+01   0.17135E+22
   0.14007E+04   0.43410E+03   0.10984E+01   0.17141E+22
   0.14016E+04   0.43443E+03   0.10989E+01   0.17148E+22
   0.14024E+04   0.43476E+03   0.10994E+01   0.17155E+22
   0.14032E+04   0.43508E+03   0.10999E+01   0.17161E+22
   0.14041E+04   0.43541E+03   0.11004E+01   0.17168E+22
   0.14049E+04   0.43574E+03   0.11009E+01   0.17174E+22
   0.14057E+04   0.43607E+03   0.11014E+01   0.17181E+22
   0.14066E+04   0.43640E+03   0.11019E+01   0.17187E+22
   0.14074E+04   0.43673E+03   0.11024E+01   0.17194E+22
   0.14082E+04   0.43706E+03   0.11029E+01   0.17200E+22
   0.14091E+04   0.43739E+03   0.11034E+01   0.17207E+22
   0.14099E+04   0.43772E+03   0.11039E+01   0.17213E+22
   0.14108E+04   0.43804E+03   0.11044E+01   0.17220E+22
   0.14116E+04   0.43837E+03   0.11049E+01   0.17227E+22
   0.14124E+04   0.43870E+03   0.11054E+01   0.17233E+22
   0.14133E+04   0.43903E+03   0.11059E+01   0.17240E+22
   0.14141E+04   0.43936E+03   0.11064E+01   0.17246E+22
   0.14149E+04   0.43969E+03   0.11069E+01   0.17253E+22
   0.14158E+04   0.44002E+03   0.11074E+01   0.17259E+22
   0.14166E+04   0.44035E+03   0.11079E+01   0.17266E+22
   0.14175E+04   0.44068E+03   0.11084E+01   0.17272E+22
   0.14183E+04   0.44101E+03   0.11089E+01   0.17279E+22
   0.14191E+04   0.44134E+03   0.11094E+01   0.17286E+22
   0.14200E+04   0.44167E+03   0.11099E+01   0.17292E+22
   0.14208E+04   0.44200E+03   0.11104E+01   0.17299E+22
   0.14216E+04   0.44233E+03   0.11109E+01   0.17305E+22
   0.14225E+04   0.44266E+03   0.11114E+01   0.17312E+22
   0.14233E+04   0.44299E+03   0.11119E+01   0.17318E+22
   0.14242E+04   0.44332E+03   0.11124E+01   0.17325E+22
   0.14250E+04   0.44365E+03   0.11129E+01   0.17331E+22
   0.14258E+04   0.44398E+03   0.11134E+01   0.17338E+22
   0.14267E+04   0.44431E+03   0.11139E+01   0.17345E+22
   0.14275E+04   0.44464E+03   0.11144E+01   0.17351E+22
   0.14284E+04   0.44497E+03   0.11149E+01   0.17358E+22
   0.14292E+04   0.44530E+03   0.11154E+01   0.17364E+22
   0.14300E+04   0.44563E+03   0.11159E+01   0.17371E+22
   0.14309E+04   0.44596E+03   0.11164E+01   0.17377E+22
   0.14317E+04   0.44629E+03   0.11169E+01   0.17384E+22
   0.14326E+04   0.44662E+03   0.11174E+01   0.17390E+22
   0.14334E+04   0.44695E+03   0.11179E+01   0.17397E+22
   0.14342E+04   0.44728E+03   0.11184E+01   0.17404E+22
   0.14351E+04   0.44761E+03   0.11189E+01   0.17410E+22
   0.14359E+04   0.44794E+03   0.11194E+01   0.17417E+22
   0.14368E+04   0.44827E+03   0.11199E+01   0.17423E+22
   0.14376E+04   0.44860E+03   0.11204E+01   0.17430E+22
   0.14385E+04   0.44894E+03   0.11209E+01   0.17436E+22
   0.14393E+04   0.44927E+03   0.11214E+01   0.17443E+22
   0.14401E+04   0.44960E+03   0.11219E+01   0.17450E+22
   0.14410E+04   0.44993E+03   0.11224E+01   0.17456E+22
   0.14418E+04   0.45026E+03   0.11229E+01   0.17463E+22
   0.14427E+04   0.45059E+03   0.11234E+01   0.17469E+22
   0.14435E+04   0.45092E+03   0.11239E+01   0.17476E+22
   0.14443E+04   0.45125E+03   0.11244E+01   0.17482E+22
   0.14452E+04   0.45158E+03   0.11249E+01   0.17489E+22
   0.14460E+04   0.45192E+03   0.11254E+01   0.17496E+22
   0.14469E+04   0.45225E+03   0.11259E+01   0.17502E+22
   0.14477E+04   0.45258E+03   0.11264E+01   0.17509E+22
   0.14486E+04   0.45291E+03   0.11269E+01   0.17515E+22
   0.14494E+04   0.45324E+03   0.11274E+01   0.17522E+22
   0.14503E+04   0.45357E+03   0.11279E+01   0.17528E+22
   0.14511E+04   0.45391E+03   0.11284E+01   0.17535E+22
   0.14519E+04   0.45424E+03   0.11289E+01   0.17542E+22
   0.14528E+04   0.45457E+03   0.11294E+01   0.17548E+22
   0.14536E+04   0.45490E+03   0.11299E+01   0.17555E+22
   0.14545E+04   0.45523E+03   0.11304E+01   0.17561E+22
   0.14553E+04   0.45556E+03   0.11309E+01   0.17568E+22
   0.14562E+04   0.45590E+03   0.11314E+01   0.17575E+22
   0.14570E+04   0.45623E+03   0.11319E+01   0.17581E+22
   0.14579E+04   0.45656E+03   0.11324E+01   0.17588E+22
   0.14587E+04   0.45689E+03   0.11329E+01   0.17594E+22
   0.14595E+04   0.45722E+03   0.11334E+01   0.17601E+22
   0.14604E+04   0.45756E+03   0.11339E+01   0.17607E+22
   0.14612E+04   0.45789E+03   0.11344E+01   0.17614E+22
   0.14621E+04   0.45822E+03   0.11349E+01   0.17621E+22
   0.14629E+04   0.45855E+03   0.11354E+01   0.17627E+22
   0.14638E+04   0.45889E+03   0.11359E+01   0.17634E+22
   0.14646E+04   0.45922E+03   0.11364E+01   0.17640E+22
   0.14655E+04   0.45955E+03   0.11369E+01   0.17647E+22
   0.14663E+04   0.45988E+03   0.11374E+01   0.17653E+22
   0.14672E+04   0.46022E+03   0.11379E+01   0.17660E+22
   0.14680E+04   0.46055E+03   0.11384E+01   0.17667E+22
   0.14689E+04   0.46088E+03   0.11389E+01   0.17673E+22
   0.14697E+04   0.46122E+03   0.11394E+01   0.17680E+22
   0.14706E+04   0.46155E+03   0.11399E+01   0.17686E+22
   0.14714E+04   0.46188E+03   0.11404E+01   0.17693E+22
   0.14722E+04   0.46221E+03   0.11409E+01   0.17700E+22
   0.14731E+04   0.46255E+03   0.11414E+01   0.17706E+22
   0.14739E+04   0.46288E+03   0.11419E+01   0.17713E+22
   0.14748E+04   0.46321E+03   0.11424E+01   0.17719E+22
   0.14756E+04   0.46355E+03   0.11429E+01   0.17726E+22
   0.14765E+04   0.46388E+03   0.11434E+01   0.17733E+22
   0.14773E+04   0.46421E+03   0.11439E+01   0.17739E+22
   0.14782E+04   0.46455E+03   0.11444E+01   0.17746E+22
   0.14790E+04   0.46488E+03   0.11449E+01   0.17752E+22
   0.14799E+04   0.46521E+03   0.11454E+01   0.17759E+22
   0.14807E+04   0.46555E+03   0.11459E+01   0.17766E+22
   0.14816E+04   0.46588E+03   0.11464E+01   0.17772E+22
   0.14824E+04   0.46621E+03   0.11469E+01   0.17779E+22
   0.14833E+04   0.46655E+03   0.11474E+01   0.17785E+22
   0.14841E+04   0.46688E+03   0.11479E+01   0.17792E+22
   0.14850E+04   0.46721E+03   0.11484E+01   0.17798E+22
   0.14858E+04   0.46755E+03   0.11489E+01   0.17805E+22
   0.14867E+04   0.46788E+03   0.11494E+01   0.17812E+22
   0.14875E+04   0.46822E+03   0.11499E+01   0.17818E+22
   0.14884E+04   0.46855E+03   0.11504E+01   0.17825E+22
   0.14892E+04   0.46888E+03   0.11509E+01   0.17831E+22
   0.14901E+04   0.46922E+03   0.11514E+01   0.17838E+22
   0.14909E+04   0.46955E+03   0.11519E+01   0.17845E+22
   0.14918E+04   0.46989E+03   0.11524E+01   0.17851E+22
   0.14926E+04   0.47022E+03   0.11529E+01   0.17858E+22
   0.14935E+04   0.47056E+03   0.11534E+01   0.17864E+22
   0.14943E+04   0.47089E+03   0.11539E+01   0.17871E+22
   0.14952E+04   0.47122E+03   0.11544E+01   0.17878E+22
   0.14960E+04   0.47156E+03   0.11549E+01   0.17884E+22
   0.14969E+04   0.47189E+03   0.11554E+01   0.17891E+22
   0.14977E+04   0.47223E+03   0.11559E+01   0.17897E+22
   0.14986E+04   0.47256E+03   0.11564E+01   0.17904E+22
   0.14994E+04   0.47290E+03   0.11569E+01   0.17911E+22
   0.15003E+04   0.47323E+03   0.11574E+01   0.17917E+22
   0.15012E+04   0.47357E+03   0.11579E+01   0.17924E+22
   0.15020E+04   0.47390E+03   0.11584E+01   0.17931E+22
   0.15029E+04   0.47424E+03   0.11589E+01   0.17937E+22
   0.15037E+04   0.47457E+03   0.11594E+01   0.17944E+22
   0.15046E+04   0.47491E+03   0.11599E+01   0.17950E+22
   0.15054E+04   0.47524E+03   0.11604E+01   0.17957E+22
   0.15063E+04   0.47558E+03   0.11609E+01   0.17964E+22
   0.15071E+04   0.47591E+03   0.11614E+01   0.17970E+22
   0.15080E+04   0.47625E+03   0.11619E+01   0.17977E+22
   0.15088E+04   0.47658E+03   0.11624E+01   0.17983E+22
   0.15097E+04   0.47692E+03   0.11629E+01   0.17990E+22
   0.15105E+04   0.47725E+03   0.11634E+01   0.17997E+22
   0.15114E+04   0.47759E+03   0.11639E+01   0.18003E+22
   0.15123E+04   0.47792E+03   0.11644E+01   0.18010E+22
   0.15131E+04   0.47826E+03   0.11649E+01   0.18016E+22
   0.15140E+04   0.47859E+03   0.11654E+01   0.18023E+22
   0.15148E+04   0.47893E+03   0.11659E+01   0.18030E+22
   0.15157E+04   0.47926E+03   0.11664E+01   0.18036E+22
   0.15165E+04   0.47960E+03   0.11669E+01   0.18043E+22
   0.15174E+04   0.47994E+03   0.11674E+01   0.18049E+22
   0.15182E+04   0.48027E+03   0.11679E+01   0.18056E+22
   0.15191E+04   0.48061E+03   0.11684E+01   0.18063E+22
   0.15199E+04   0.48094E+03   0.11689E+01   0.18069E+22
   0.15208E+04   0.48128E+03   0.11694E+01   0.18076E+22
   0.15217E+04   0.48161E+03   0.11699E+01   0.18083E+22
   0.15225E+04   0.48195E+03   0.11704E+01   0.18089E+22
   0.15234E+04   0.48229E+03   0.11709E+01   0.18096E+22
   0.15242E+04   0.48262E+03   0.11714E+01   0.18102E+22
   0.15251E+04   0.48296E+03   0.11719E+01   0.18109E+22
   0.15259E+04   0.48329E+03   0.11724E+01   0.18116E+22
   0.15268E+04   0.48363E+03   0.11729E+01   0.18122E+22
   0.15277E+04   0.48397E+03   0.11734E+01   0.18129E+22
   0.15285E+04   0.48430E+03   0.11739E+01   0.18135E+22
   0.15294E+04   0.48464E+03   0.11744E+01   0.18142E+22
   0.15302E+04   0.48498E+03   0.11749E+01   0.18149E+22
   0.15311E+04   0.48531E+03   0.11754E+01   0.18155E+22
   0.15319E+04   0.48565E+03   0.11759E+01   0.18162E+22
   0.15328E+04   0.48599E+03   0.11764E+01   0.18169E+22
   0.15337E+04   0.48632E+03   0.11769E+01   0.18175E+22
   0.15345E+04   0.48666E+03   0.11774E+01   0.18182E+22
   0.15354E+04   0.48700E+03   0.11779E+01   0.18188E+22
   0.15362E+04   0.48733E+03   0.11784E+01   0.18195E+22
   0.15371E+04   0.48767E+03   0.11789E+01   0.18202E+22
   0.15380E+04   0.48801E+03   0.11794E+01   0.18208E+22
   0.15388E+04   0.48834E+03   0.11799E+01   0.18215E+22
   0.15397E+04   0.48868E+03   0.11804E+01   0.18222E+22
   0.15405E+04   0.48902E+03   0.11809E+01   0.18228E+22
   0.15414E+04   0.48935E+03   0.11814E+01   0.18235E+22
   0.15422E+04   0.48969E+03   0.11819E+01   0.18241E+22
   0.15431E+04   0.49003E+03   0.11824E+01   0.18248E+22
   0.15440E+04   0.49037E+03   0.11829E+01   0.18255E+22
   0.15448E+04   0.49070E+03   0.11834E+01   0.18261E+22
   0.15457E+04   0.49104E+03   0.11839E+01   0.18268E+22
   0.15465E+04   0.49138E+03   0.11844E+01   0.18275E+22
   0.15474E+04   0.49172E+03   0.11849E+01   0.18281E+22
   0.15483E+04   0.49205E+03   0.11854E+01   0.18288E+22
   0.15491E+04   0.49239E+03   0.11859E+01   0.18294E+22
   0.15500E+04   0.49273E+03   0.11864E+01   0.18301E+22
   0.15509E+04   0.49307E+03   0.11869E+01   0.18308E+22
   0.15517E+04   0.49340E+03   0.11874E+01   0.18314E+22
   0.15526E+04   0.49374E+03   0.11879E+01   0.18321E+22
   0.15534E+04   0.49408E+03   0.11884E+01   0.18328E+22
   0.15543E+04   0.49442E+03   0.11889E+01   0.18334E+22
   0.15552E+04   0.49476E+03   0.11894E+01   0.18341E+22
   0.15560E+04   0.49509E+03   0.11899E+01   0.18348E+22
   0.15569E+04   0.49543E+03   0.11904E+01   0.18354E+22
   0.15577E+04   0.49577E+03   0.11909E+01   0.18361E+22
   0.15586E+04   0.49611E+03   0.11914E+01   0.18367E+22
   0.15595E+04   0.49645E+03   0.11919E+01   0.18374E+22
   0.15603E+04   0.49678E+03   0.11924E+01   0.18381E+22
   0.15612E+04   0.49712E+03   0.11929E+01   0.18387E+22
   0.15621E+04   0.49746E+03   0.11934E+01   0.18394E+22
   0.15629E+04   0.49780E+03   0.11939E+01   0.18401E+22
   0.15638E+04   0.49814E+03   0.11944E+01   0.18407E+22
   0.15646E+04   0.49848E+03   0.11949E+01   0.18414E+22
   0.15655E+04   0.49881E+03   0.11954E+01   0.18421E+22
   0.15664E+04   0.49915E+03   0.11959E+01   0.18427E+22
   0.15672E+04   0.49949E+03   0.11964E+01   0.18434E+22
   0.15681E+04   0.49983E+03   0.11969E+01   0.18440E+22
   0.15690E+04   0.50017E+03   0.11974E+01   0.18447E+22
   0.15698E+04   0.50051E+03   0.11979E+01   0.18454E+22
   0.15707E+04   0.50085E+03   0.11984E+01   0.18460E+22
   0.15716E+04   0.50118E+03   0.11989E+01   0.18467E+22
   0.15724E+04   0.50152E+03   0.11994E+01   0.18474E+22
   0.15733E+04   0.50186E+03   0.11999E+01   0.18480E+22
   0.15742E+04   0.50220E+03   0.12004E+01   0.18487E+22
   0.15750E+04   0.50254E+03   0.12009E+01   0.18494E+22
   0.15759E+04   0.50288E+03   0.12014E+01   0.18500E+22
   0.15767E+04   0.50322E+03   0.12019E+01   0.18507E+22
   0.15776E+04   0.50356E+03   0.12024E+01   0.18513E+22
   0.15785E+04   0.50390E+03   0.12029E+01   0.18520E+22
   0.15793E+04   0.50424E+03   0.12034E+01   0.18527E+22
   0.15802E+04   0.50458E+03   0.12039E+01   0.18533E+22
   0.15811E+04   0.50491E+03   0.12044E+01   0.18540E+22
   0.15819E+04   0.50525E+03   0.12049E+01   0.18547E+22
   0.15828E+04   0.50559E+03   0.12054E+01   0.18553E+22
   0.15837E+04   0.50593E+03   0.12059E+01   0.18560E+22
   0.15845E+04   0.50627E+03   0.12064E+01   0.18567E+22
   0.15854E+04   0.50661E+03   0.12069E+01   0.18573E+22
   0.15863E+04   0.50695E+03   0.12074E+01   0.18580E+22
   0.15871E+04   0.50729E+03   0.12079E+01   0.18587E+22
   0.15880E+04   0.50763E+03   0.12084E+01   0.18593E+22
   0.15889E+04   0.50797E+03   0.12089E+01   0.18600E+22
   0.15897E+04   0.50831E+03   0.12094E+01   0.18607E+22
   0.15906E+04   0.50865E+03   0.12099E+01   0.18613E+22
   0.15915E+04   0.50899E+03   0.12104E+01   0.18620E+22
   0.15923E+04   0.50933E+03   0.12109E+01   0.18626E+22
   0.15932E+04   0.50967E+03   0.12114E+01   0.18633E+22
   0.15941E+04   0.51001E+03   0.12119E+01   0.18640E+22
   0.15949E+04   0.51035E+03   0.12124E+01   0.18646E+22
   0.15958E+04   0.51069E+03   0.12129E+01   0.18653E+22
   0.15967E+04   0.51103E+03   0.12134E+01   0.18660E+22
   0.15976E+04   0.51137E+03   0.12139E+01   0.18666E+22
   0.15984E+04   0.51171E+03   0.12144E+01   0.18673E+22
   0.15993E+04   0.51205E+03   0.12149E+01   0.18680E+22
   0.16002E+04   0.51239E+03   0.12154E+01   0.18686E+22
   0.16010E+04   0.51273E+03   0.12159E+01   0.18693E+22
   0.16019E+04   0.51307E+03   0.12164E+01   0.18700E+22
   0.16028E+04   0.51342E+03   0.12169E+01   0.18706E+22
   0.16036E+04   0.51376E+03   0.12174E+01   0.18713E+22
   0.16045E+04   0.51410E+03   0.12179E+01   0.18720E+22
   0.16054E+04   0.51444E+03   0.12184E+01   0.18726E+22
   0.16062E+04   0.51478E+03   0.12189E+01   0.18733E+22
   0.16071E+04   0.51512E+03   0.12194E+01   0.18740E+22
   0.16080E+04   0.51546E+03   0.12199E+01   0.18746E+22
   0.16089E+04   0.51580E+03   0.12204E+01   0.18753E+22
   0.16097E+04   0.51614E+03   0.12209E+01   0.18760E+22
   0.16106E+04   0.51648E+03   0.12214E+01   0.18766E+22
   0.16115E+04   0.51682E+03   0.12219E+01   0.18773E+22
   0.16123E+04   0.51716E+03   0.12224E+01   0.18780E+22
   0.16132E+04   0.51751E+03   0.12229E+01   0.18786E+22
   0.16141E+04   0.51785E+03   0.12234E+01   0.18793E+22
   0.16150E+04   0.51819E+03   0.12239E+01   0.18800E+22
   0.16158E+04   0.51853E+03   0.12244E+01   0.18806E+22
   0.16167E+04   0.51887E+03   0.12249E+01   0.18813E+22
   0.16176E+04   0.51921E+03   0.12254E+01   0.18820E+22
   0.16184E+04   0.51955E+03   0.12259E+01   0.18826E+22
   0.16193E+04   0.51990E+03   0.12264E+01   0.18833E+22
   0.16202E+04   0.52024E+03   0.12269E+01   0.18840E+22
   0.16211E+04   0.52058E+03   0.12274E+01   0.18846E+22
   0.16219E+04   0.52092E+03   0.12279E+01   0.18853E+22
   0.16228E+04   0.52126E+03   0.12284E+01   0.18860E+22
   0.16237E+04   0.52160E+03   0.12289E+01   0.18866E+22
   0.16245E+04   0.52195E+03   0.12294E+01   0.18873E+22
   0.16254E+04   0.52229E+03   0.12299E+01   0.18880E+22
   0.16263E+04   0.52263E+03   0.12304E+01   0.18886E+22
   0.16272E+04   0.52297E+03   0.12309E+01   0.18893E+22
   0.16280E+04   0.52331E+03   0.12314E+01   0.18900E+22
   0.16289E+04   0.52366E+03   0.12319E+01   0.18906E+22
   0.16298E+04   0.52400E+03   0.12324E+01   0.18913E+22
   0.16307E+04   0.52434E+03   0.12329E+01   0.18920E+22
   0.16315E+04   0.52468E+03   0.12334E+01   0.18926E+22
   0.16324E+04   0.52502E+03   0.12339E+01   0.18933E+22
   0.16333E+04   0.52537E+03   0.12344E+01   0.18940E+22
   0.16342E+04   0.52571E+03   0.12349E+01   0.18946E+22
   0.16350E+04   0.52605E+03   0.12354E+01   0.18953E+22
   0.16359E+04   0.52639E+03   0.12359E+01   0.18960E+22
   0.16368E+04   0.52674E+03   0.12364E+01   0.18966E+22
   0.16377E+04   0.52708E+03   0.12369E+01   0.18973E+22
   0.16385E+04   0.52742E+03   0.12374E+01   0.18980E+22
   0.16394E+04   0.52776E+03   0.12379E+01   0.18986E+22
   0.16403E+04   0.52811E+03   0.12384E+01   0.18993E+22
   0.16412E+04   0.52845E+03   0.12389E+01   0.19000E+22
   0.16420E+04   0.52879E+03   0.12394E+01   0.19006E+22
   0.16429E+04   0.52913E+03   0.12399E+01   0.19013E+22
   0.16438E+04   0.52948E+03   0.12404E+01   0.19020E+22
   0.16447E+04   0.52982E+03   0.12409E+01   0.19026E+22
   0.16455E+04   0.53016E+03   0.12414E+01   0.19033E+22
   0.16464E+04   0.53051E+03   0.12419E+01   0.19040E+22
   0.16473E+04   0.53085E+03   0.12424E+01   0.19046E+22
   0.16482E+04   0.53119E+03   0.12429E+01   0.19053E+22
   0.16490E+04   0.53154E+03   0.12434E+01   0.19060E+22
   0.16499E+04   0.53188E+03   0.12439E+01   0.19066E+22
   0.16508E+04   0.53222E+03   0.12444E+01   0.19073E+22
   0.16517E+04   0.53256E+03   0.12449E+01   0.19080E+22
   0.16526E+04   0.53291E+03   0.12454E+01   0.19086E+22
   0.16534E+04   0.53325E+03   0.12459E+01   0.19093E+22
   0.16543E+04   0.53359E+03   0.12464E+01   0.19100E+22
   0.16552E+04   0.53394E+03   0.12469E+01   0.19106E+22
   0.16561E+04   0.53428E+03   0.12474E+01   0.19113E+22
   0.16569E+04   0.53463E+03   0.12479E+01   0.19120E+22
   0.16578E+04   0.53497E+03   0.12484E+01   0.19126E+22
   0.16587E+04   0.53531E+03   0.12489E+01   0.19133E+22
   0.16596E+04   0.53566E+03   0.12494E+01   0.19140E+22
   0.16605E+04   0.53600E+03   0.12499E+01   0.19146E+22
   0.16613E+04   0.53634E+03   0.12504E+01   0.19153E+22
   0.16622E+04   0.53669E+03   0.12509E+01   0.19160E+22
   0.16631E+04   0.53703E+03   0.12514E+01   0.19166E+22
   0.16640E+04   0.53738E+03   0.12519E+01   0.19173E+22
   0.16649E+04   0.53772E+03   0.12524E+01   0.19180E+22
   0.16657E+04   0.53806E+03   0.12529E+01   0.19187E+22
   0.16666E+04   0.53841E+03   0.12534E+01   0.19193E+22
   0.16675E+04   0.53875E+03   0.12539E+01   0.19200E+22
   0.16684E+04   0.53910E+03   0.12544E+01   0.19207E+22
   0.16693E+04   0.53944E+03   0.12549E+01   0.19213E+22
   0.16701E+04   0.53978E+03   0.12554E+01   0.19220E+22
   0.16710E+04   0.54013E+03   0.12559E+01   0.19227E+22
   0.16719E+04   0.54047E+03   0.12564E+01   0.19233E+22
   0.16728E+04   0.54082E+03   0.12569E+01   0.19240E+22
   0.16737E+04   0.54116E+03   0.12574E+01   0.19247E+22
   0.16745E+04   0.54151E+03   0.12579E+01   0.19253E+22
   0.16754E+04   0.54185E+03   0.12584E+01   0.19260E+22
   0.16763E+04   0.54220E+03   0.12589E+01   0.19267E+22
   0.16772E+04   0.54254E+03   0.12594E+01   0.19273E+22
   0.16781E+04   0.54289E+03   0.12599E+01   0.19280E+22
   0.16789E+04   0.54323E+03   0.12604E+01   0.19287E+22
   0.16798E+04   0.54357E+03   0.12609E+01   0.19293E+22
   0.16807E+04   0.54392E+03   0.12614E+01   0.19300E+22
   0.16816E+04   0.54426E+03   0.12619E+01   0.19307E+22
   0.16825E+04   0.54461E+03   0.12624E+01   0.19314E+22
   0.16833E+04   0.54495E+03   0.12629E+01   0.19320E+22
   0.16842E+04   0.54530E+03   0.12634E+01   0.19327E+22
   0.16851E+04   0.54564E+03   0.12639E+01   0.19334E+22
   0.16860E+04   0.54599E+03   0.12644E+01   0.19340E+22
   0.16869E+04   0.54633E+03   0.12649E+01   0.19347E+22
   0.16878E+04   0.54668E+03   0.12654E+01   0.19354E+22
   0.16886E+04   0.54702E+03   0.12659E+01   0.19360E+22
   0.16895E+04   0.54737E+03   0.12664E+01   0.19367E+22
   0.16904E+04   0.54772E+03   0.12669E+01   0.19374E+22
   0.16913E+04   0.54806E+03   0.12674E+01   0.19380E+22
   0.16922E+04   0.54841E+03   0.12679E+01   0.19387E+22
   0.16931E+04   0.54875E+03   0.12684E+01   0.19394E+22
   0.16939E+04   0.54910E+03   0.12689E+01   0.19401E+22
   0.16948E+04   0.54944E+03   0.12694E+01   0.19407E+22
   0.16957E+04   0.54979E+03   0.12699E+01   0.19414E+22
   0.16966E+04   0.55013E+03   0.12704E+01   0.19421E+22
   0.16975E+04   0.55048E+03   0.12709E+01   0.19427E+22
   0.16984E+04   0.55083E+03   0.12714E+01   0.19434E+22
   0.16992E+04   0.55117E+03   0.12719E+01   0.19441E+22
   0.17001E+04   0.55152E+03   0.12724E+01   0.19447E+22
   0.17010E+04   0.55186E+03   0.12729E+01   0.19454E+22
   0.17019E+04   0.55221E+03   0.12734E+01   0.19461E+22
   0.17028E+04   0.55256E+03   0.12739E+01   0.19467E+22
   0.17037E+04   0.55290E+03   0.12744E+01   0.19474E+22
   0.17046E+04   0.55325E+03   0.12749E+01   0.19481E+22
   0.17054E+04   0.55359E+03   0.12754E+01   0.19488E+22
   0.17063E+04   0.55394E+03   0.12759E+01   0.19494E+22
   0.17072E+04   0.55429E+03   0.12764E+01   0.19501E+22
   0.17081E+04   0.55463E+03   0.12769E+01   0.19508E+22
   0.17090E+04   0.55498E+03   0.12774E+01   0.19514E+22
   0.17099E+04   0.55532E+03   0.12779E+01   0.19521E+22
   0.17108E+04   0.55567E+03   0.12784E+01   0.19528E+22
   0.17116E+04   0.55602E+03   0.12789E+01   0.19534E+22
   0.17125E+04   0.55636E+03   0.12794E+01   0.19541E+22
   0.17134E+04   0.55671E+03   0.12799E+01   0.19548E+22
   0.17143E+04   0.55706E+03   0.12804E+01   0.19555E+22
   0.17152E+04   0.55740E+03   0.12809E+01   0.19561E+22
   0.17161E+04   0.55775E+03   0.12814E+01   0.19568E+22
   0.17170E+04   0.55810E+03   0.12819E+01   0.19575E+22
   0.17179E+04   0.55844E+03   0.12824E+01   0.19581E+22
   0.17187E+04   0.55879E+03   0.12829E+01   0.19588E+22
   0.17196E+04   0.55914E+03   0.12834E+01   0.19595E+22
   0.17205E+04   0.55948E+03   0.12839E+01   0.19601E+22
   0.17214E+04   0.55983E+03   0.12844E+01   0.19608E+22
   0.17223E+04   0.56018E+03   0.12849E+01   0.19615E+22
   0.17232E+04   0.56053E+03   0.12854E+01   0.19622E+22
   0.17241E+04   0.56087E+03   0.12859E+01   0.19628E+22
   0.17250E+04   0.56122E+03   0.12864E+01   0.19635E+22
   0.17259E+04   0.56157E+03   0.12869E+01   0.19642E+22
   0.17267E+04   0.56191E+03   0.12874E+01   0.19648E+22
   0.17276E+04   0.56226E+03   0.12879E+01   0.19655E+22
   0.17285E+04   0.56261E+03   0.12884E+01   0.19662E+22
   0.17294E+04   0.56296E+03   0.12889E+01   0.19669E+22
   0.17303E+04   0.56330E+03   0.12894E+01   0.19675E+22
   0.17312E+04   0.56365E+03   0.12899E+01   0.19682E+22
   0.17321E+04   0.56400E+03   0.12904E+01   0.19689E+22
   0.17330E+04   0.56435E+03   0.12909E+01   0.19695E+22
   0.17339E+04   0.56469E+03   0.12914E+01   0.19702E+22
   0.17347E+04   0.56504E+03   0.12919E+01   0.19709E+22
   0.17356E+04   0.56539E+03   0.12924E+01   0.19715E+22
   0.17365E+04   0.56574E+03   0.12929E+01   0.19722E+22
   0.17374E+04   0.56608E+03   0.12934E+01   0.19729E+22
   0.17383E+04   0.56643E+03   0.12939E+01   0.19736E+22
   0.17392E+04   0.56678E+03   0.12944E+01   0.19742E+22
   0.17401E+04   0.56713E+03   0.12949E+01   0.19749E+22
   0.17410E+04   0.56748E+03   0.12954E+01   0.19756E+22
   0.17419E+04   0.56782E+03   0.12959E+01   0.19762E+22
   0.17428E+04   0.56817E+03   0.12964E+01   0.19769E+22
   0.17437E+04   0.56852E+03   0.12969E+01   0.19776E+22
   0.17445E+04   0.56887E+03   0.12974E+01   0.19783E+22
   0.17454E+04   0.56922E+03   0.12979E+01   0.19789E+22
   0.17463E+04   0.56957E+03   0.12984E+01   0.19796E+22
   0.17472E+04   0.56991E+03   0.12989E+01   0.19803E+22
   0.17481E+04   0.57026E+03   0.12994E+01   0.19809E+22
   0.17490E+04   0.57061E+03   0.12999E+01   0.19816E+22
   0.17499E+04   0.57096E+03   0.13004E+01   0.19823E+22
   0.17508E+04   0.57131E+03   0.13009E+01   0.19830E+22
   0.17517E+04   0.57166E+03   0.13014E+01   0.19836E+22
   0.17526E+04   0.57200E+03   0.13019E+01   0.19843E+22
   0.17535E+04   0.57235E+03   0.13024E+01   0.19850E+22
   0.17544E+04   0.57270E+03   0.13029E+01   0.19856E+22
   0.17553E+04   0.57305E+03   0.13034E+01   0.19863E+22
   0.17561E+04   0.57340E+03   0.13039E+01   0.19870E+22
   0.17570E+04   0.57375E+03   0.13044E+01   0.19877E+22
   0.17579E+04   0.57410E+03   0.13049E+01   0.19883E+22
   0.17588E+04   0.57445E+03   0.13054E+01   0.19890E+22
   0.17597E+04   0.57479E+03   0.13059E+01   0.19897E+22
   0.17606E+04   0.57514E+03   0.13064E+01   0.19903E+22
   0.17615E+04   0.57549E+03   0.13069E+01   0.19910E+22
   0.17624E+04   0.57584E+03   0.13074E+01   0.19917E+22
   0.17633E+04   0.57619E+03   0.13079E+01   0.19924E+22
   0.17642E+04   0.57654E+03   0.13084E+01   0.19930E+22
   0.17651E+04   0.57689E+03   0.13089E+01   0.19937E+22
   0.17660E+04   0.57724E+03   0.13094E+01   0.19944E+22
   0.17669E+04   0.57759E+03   0.13099E+01   0.19950E+22
   0.17678E+04   0.57794E+03   0.13104E+01   0.19957E+22
   0.17687E+04   0.57829E+03   0.13109E+01   0.19964E+22
   0.17696E+04   0.57864E+03   0.13114E+01   0.19971E+22
   0.17705E+04   0.57898E+03   0.13119E+01   0.19977E+22
   0.17713E+04   0.57933E+03   0.13124E+01   0.19984E+22
   0.17722E+04   0.57968E+03   0.13129E+01   0.19991E+22
   0.17731E+04   0.58003E+03   0.13134E+01   0.19998E+22
   0.17740E+04   0.58038E+03   0.13139E+01   0.20004E+22
   0.17749E+04   0.58073E+03   0.13144E+01   0.20011E+22
   0.17758E+04   0.58108E+03   0.13149E+01   0.20018E+22
   0.17767E+04   0.58143E+03   0.13154E+01   0.20024E+22
   0.17776E+04   0.58178E+03   0.13159E+01   0.20031E+22
   0.17785E+04   0.58213E+03   0.13164E+01   0.20038E+22
   0.17794E+04   0.58248E+03   0.13169E+01   0.20045E+22
   0.17803E+04   0.58283E+03   0.13174E+01   0.20051E+22
   0.17812E+04   0.58318E+03   0.13179E+01   0.20058E+22
   0.17821E+04   0.58353E+03   0.13184E+01   0.20065E+22
   0.17830E+04   0.58388E+03   0.13189E+01   0.20071E+22
   0.17839E+04   0.58423E+03   0.13194E+01   0.20078E+22
   0.17848E+04   0.58458E+03   0.13199E+01   0.20085E+22
   0.17857E+04   0.58493E+03   0.13204E+01   0.20092E+22
   0.17866E+04   0.58528E+03   0.13209E+01   0.20098E+22
   0.17875E+04   0.58563E+03   0.13214E+01   0.20105E+22
   0.17884E+04   0.58598E+03   0.13219E+01   0.20112E+22
   0.17893E+04   0.58633E+03   0.13224E+01   0.20119E+22
   0.17902E+04   0.58668E+03   0.13229E+01   0.20125E+22
   0.17911E+04   0.58703E+03   0.13234E+01   0.20132E+22
   0.17920E+04   0.58739E+03   0.13239E+01   0.20139E+22
   0.17929E+04   0.58774E+03   0.13244E+01   0.20145E+22
   0.17938E+04   0.58809E+03   0.13249E+01   0.20152E+22
   0.17947E+04   0.58844E+03   0.13254E+01   0.20159E+22
   0.17956E+04   0.58879E+03   0.13259E+01   0.20166E+22
   0.17965E+04   0.58914E+03   0.13264E+01   0.20172E+22
   0.17974E+04   0.58949E+03   0.13269E+01   0.20179E+22
   0.17983E+04   0.58984E+03   0.13274E+01   0.20186E+22
   0.17992E+04   0.59019E+03   0.13279E+01   0.20193E+22
   0.18001E+04   0.59054E+03   0.13284E+01   0.20199E+22
   0.18010E+04   0.59089E+03   0.13289E+01   0.20206E+22
   0.18019E+04   0.59124E+03   0.13294E+01   0.20213E+22
   0.18028E+04   0.59160E+03   0.13299E+01   0.20220E+22
   0.18037E+04   0.59195E+03   0.13304E+01   0.20226E+22
   0.18046E+04   0.59230E+03   0.13309E+01   0.20233E+22
   0.18055E+04   0.59265E+03   0.13314E+01   0.20240E+22
   0.18064E+04   0.59300E+03   0.13319E+01   0.20246E+22
   0.18073E+04   0.59335E+03   0.13324E+01   0.20253E+22
   0.18082E+04   0.59370E+03   0.13329E+01   0.20260E+22
   0.18091E+04   0.59405E+03   0.13334E+01   0.20267E+22
   0.18100E+04   0.59441E+03   0.13339E+01   0.20273E+22
   0.18109E+04   0.59476E+03   0.13344E+01   0.20280E+22
   0.18118E+04   0.59511E+03   0.13349E+01   0.20287E+22
   0.18127E+04   0.59546E+03   0.13354E+01   0.20294E+22
   0.18136E+04   0.59581E+03   0.13359E+01   0.20300E+22
   0.18145E+04   0.59616E+03   0.13364E+01   0.20307E+22
   0.18154E+04   0.59651E+03   0.13369E+01   0.20314E+22
   0.18163E+04   0.59687E+03   0.13374E+01   0.20321E+22
   0.18172E+04   0.59722E+03   0.13379E+01   0.20327E+22
   0.18181E+04   0.59757E+03   0.13384E+01   0.20334E+22
   0.18190E+04   0.59792E+03   0.13389E+01   0.20341E+22
   0.18199E+04   0.59827E+03   0.13394E+01   0.20347E+22
   0.18208E+04   0.59863E+03   0.13399E+01   0.20354E+22
   0.18217E+04   0.59898E+03   0.13404E+01   0.20361E+22
   0.18226E+04   0.59933E+03   0.13409E+01   0.20368E+22
   0.18235E+04   0.59968E+03   0.13414E+01   0.20374E+22
   0.18244E+04   0.60003E+03   0.13419E+01   0.20381E+22
   0.18253E+04   0.60039E+03   0.13424E+01   0.20388E+22
   0.18262E+04   0.60074E+03   0.13429E+01   0.20395E+22
   0.18271E+04   0.60109E+03   0.13434E+01   0.20401E+22
   0.18280E+04   0.60144E+03   0.13439E+01   0.20408E+22
   0.18289E+04   0.60180E+03   0.13444E+01   0.20415E+22
   0.18298E+04   0.60215E+03   0.13449E+01   0.20422E+22
   0.18307E+04   0.60250E+03   0.13454E+01   0.20428E+22
   0.18316E+04   0.60285E+03   0.13459E+01   0.20435E+22
   0.18326E+04   0.60321E+03   0.13464E+01   0.20442E+22
   0.18335E+04   0.60356E+03   0.13469E+01   0.20449E+22
   0.18344E+04   0.60391E+03   0.13474E+01   0.20455E+22
   0.18353E+04   0.60426E+03   0.13479E+01   0.20462E+22
   0.18362E+04   0.60462E+03   0.13484E+01   0.20469E+22
   0.18371E+04   0.60497E+03   0.13489E+01   0.20476E+22
   0.18380E+04   0.60532E+03   0.13494E+01   0.20482E+22
   0.18389E+04   0.60567E+03   0.13499E+01   0.20489E+22
   0.18398E+04   0.60603E+03   0.13504E+01   0.20496E+22
   0.18407E+04   0.60638E+03   0.13509E+01   0.20502E+22
   0.18416E+04   0.60673E+03   0.13514E+01   0.20509E+22
   0.18425E+04   0.60709E+03   0.13519E+01   0.20516E+22
   0.18434E+04   0.60744E+03   0.13524E+01   0.20523E+22
   0.18443E+04   0.60779E+03   0.13529E+01   0.20529E+22
   0.18452E+04   0.60815E+03   0.13534E+01   0.20536E+22
   0.18461E+04   0.60850E+03   0.13539E+01   0.20543E+22
   0.18470E+04   0.60885E+03   0.13544E+01   0.20550E+22
   0.18479E+04   0.60921E+03   0.13549E+01   0.20556E+22
   0.18489E+04   0.60956E+03   0.13554E+01   0.20563E+22
   0.18498E+04   0.60991E+03   0.13559E+01   0.20570E+22
   0.18507E+04   0.61027E+03   0.13564E+01   0.20577E+22
   0.18516E+04   0.61062E+03   0.13569E+01   0.20583E+22
   0.18525E+04   0.61097E+03   0.13574E+01   0.20590E+22
   0.18534E+04   0.61133E+03   0.13579E+01   0.20597E+22
   0.18543E+04   0.61168E+03   0.13584E+01   0.20604E+22
   0.18552E+04   0.61203E+03   0.13589E+01   0.20610E+22
   0.18561E+04   0.61239E+03   0.13594E+01   0.20617E+22
   0.18570E+04   0.61274E+03   0.13599E+01   0.20624E+22
   0.18579E+04   0.61309E+03   0.13604E+01   0.20631E+22
   0.18588E+04   0.61345E+03   0.13609E+01   0.20637E+22
   0.18597E+04   0.61380E+03   0.13614E+01   0.20644E+22
   0.18607E+04   0.61416E+03   0.13619E+01   0.20651E+22
   0.18616E+04   0.61451E+03   0.13624E+01   0.20658E+22
   0.18625E+04   0.61486E+03   0.13629E+01   0.20664E+22
   0.18634E+04   0.61522E+03   0.13634E+01   0.20671E+22
   0.18643E+04   0.61557E+03   0.13639E+01   0.20678E+22
   0.18652E+04   0.61593E+03   0.13644E+01   0.20685E+22
   0.18661E+04   0.61628E+03   0.13649E+01   0.20691E+22
   0.18670E+04   0.61663E+03   0.13654E+01   0.20698E+22
   0.18679E+04   0.61699E+03   0.13659E+01   0.20705E+22
   0.18688E+04   0.61734E+03   0.13664E+01   0.20712E+22
   0.18697E+04   0.61770E+03   0.13669E+01   0.20718E+22
   0.18707E+04   0.61805E+03   0.13674E+01   0.20725E+22
   0.18716E+04   0.61841E+03   0.13679E+01   0.20732E+22
   0.18725E+04   0.61876E+03   0.13684E+01   0.20739E+22
   0.18734E+04   0.61911E+03   0.13689E+01   0.20745E+22
   0.18743E+04   0.61947E+03   0.13694E+01   0.20752E+22
   0.18752E+04   0.61982E+03   0.13699E+01   0.20759E+22
   0.18761E+04   0.62018E+03   0.13704E+01   0.20766E+22
   0.18770E+04   0.62053E+03   0.13709E+01   0.20772E+22
   0.18779E+04   0.62089E+03   0.13714E+01   0.20779E+22
   0.18789E+04   0.62124E+03   0.13719E+01   0.20786E+22
   0.18798E+04   0.62160E+03   0.13724E+01   0.20793E+22
   0.18807E+04   0.62195E+03   0.13729E+01   0.20799E+22
   0.18816E+04   0.62231E+03   0.13734E+01   0.20806E+22
   0.18825E+04   0.62266E+03   0.13739E+01   0.20813E+22
   0.18834E+04   0.62302E+03   0.13744E+01   0.20820E+22
   0.18843E+04   0.62337E+03   0.13749E+01   0.20826E+22
   0.18852E+04   0.62373E+03   0.13754E+01   0.20833E+22
   0.18861E+04   0.62408E+03   0.13759E+01   0.20840E+22
   0.18871E+04   0.62444E+03   0.13764E+01   0.20847E+22
   0.18880E+04   0.62479E+03   0.13769E+01   0.20854E+22
   0.18889E+04   0.62515E+03   0.13774E+01   0.20860E+22
   0.18898E+04   0.62550E+03   0.13779E+01   0.20867E+22
   0.18907E+04   0.62586E+03   0.13784E+01   0.20874E+22
   0.18916E+04   0.62621E+03   0.13789E+01   0.20881E+22
   0.18925E+04   0.62657E+03   0.13794E+01   0.20887E+22
   0.18934E+04   0.62692E+03   0.13799E+01   0.20894E+22
   0.18944E+04   0.62728E+03   0.13804E+01   0.20901E+22
   0.18953E+04   0.62764E+03   0.13809E+01   0.20908E+22
   0.18962E+04   0.62799E+03   0.13814E+01   0.20914E+22
   0.18971E+04   0.62835E+03   0.13819E+01   0.20921E+22
   0.18980E+04   0.62870E+03   0.13824E+01   0.20928E+22
   0.18989E+04   0.62906E+03   0.13829E+01   0.20935E+22
   0.18998E+04   0.62941E+03   0.13834E+01   0.20941E+22
   0.19008E+04   0.62977E+03   0.13839E+01   0.20948E+22
   0.19017E+04   0.63012E+03   0.13844E+01   0.20955E+22
   0.19026E+04   0.63048E+03   0.13849E+01   0.20962E+22
   0.19035E+04   0.63084E+03   0.13854E+01   0.20968E+22
   0.19044E+04   0.63119E+03   0.13859E+01   0.20975E+22
   0.19053E+04   0.63155E+03   0.13864E+01   0.20982E+22
   0.19062E+04   0.63190E+03   0.13869E+01   0.20989E+22
   0.19072E+04   0.63226E+03   0.13874E+01   0.20995E+22
   0.19081E+04   0.63262E+03   0.13879E+01   0.21002E+22
   0.19090E+04   0.63297E+03   0.13884E+01   0.21009E+22
   0.19099E+04   0.63333E+03   0.13889E+01   0.21016E+22
   0.19108E+04   0.63369E+03   0.13894E+01   0.21023E+22
   0.19117E+04   0.63404E+03   0.13899E+01   0.21029E+22
   0.19127E+04   0.63440E+03   0.13904E+01   0.21036E+22
   0.19136E+04   0.63475E+03   0.13909E+01   0.21043E+22
   0.19145E+04   0.63511E+03   0.13914E+01   0.21050E+22
   0.19154E+04   0.63547E+03   0.13919E+01   0.21056E+22
   0.19163E+04   0.63582E+03   0.13924E+01   0.21063E+22
   0.19172E+04   0.63618E+03   0.13929E+01   0.21070E+22
   0.19182E+04   0.63654E+03   0.13934E+01   0.21077E+22
   0.19191E+04   0.63689E+03   0.13939E+01   0.21083E+22
   0.19200E+04   0.63725E+03   0.13944E+01   0.21090E+22
   0.19209E+04   0.63761E+03   0.13949E+01   0.21097E+22
   0.19218E+04   0.63796E+03   0.13954E+01   0.21104E+22
   0.19227E+04   0.63832E+03   0.13959E+01   0.21110E+22
   0.19237E+04   0.63868E+03   0.13964E+01   0.21117E+22
   0.19246E+04   0.63903E+03   0.13969E+01   0.21124E+22
   0.19255E+04   0.63939E+03   0.13974E+01   0.21131E+22
   0.19264E+04   0.63975E+03   0.13979E+01   0.21138E+22
   0.19273E+04   0.64011E+03   0.13984E+01   0.21144E+22
   0.19282E+04   0.64046E+03   0.13989E+01   0.21151E+22
   0.19292E+04   0.64082E+03   0.13994E+01   0.21158E+22
   0.19301E+04   0.64118E+03   0.13999E+01   0.21165E+22
   0.19310E+04   0.64153E+03   0.14004E+01   0.21171E+22
   0.19319E+04   0.64189E+03   0.14009E+01   0.21178E+22
   0.19328E+04   0.64225E+03   0.14014E+01   0.21185E+22
   0.19338E+04   0.64261E+03   0.14019E+01   0.21192E+22
   0.19347E+04   0.64296E+03   0.14024E+01   0.21198E+22
   0.19356E+04   0.64332E+03   0.14029E+01   0.21205E+22
   0.19365E+04   0.64368E+03   0.14034E+01   0.21212E+22
   0.19374E+04   0.64404E+03   0.14039E+01   0.21219E+22
   0.19384E+04   0.64439E+03   0.14044E+01   0.21226E+22
   0.19393E+04   0.64475E+03   0.14049E+01   0.21232E+22
   0.19402E+04   0.64511E+03   0.14054E+01   0.21239E+22
   0.19411E+04   0.64547E+03   0.14059E+01   0.21246E+22
   0.19420E+04   0.64582E+03   0.14064E+01   0.21253E+22
   0.19430E+04   0.64618E+03   0.14069E+01   0.21259E+22
   0.19439E+04   0.64654E+03   0.14074E+01   0.21266E+22
   0.19448E+04   0.64690E+03   0.14079E+01   0.21273E+22
   0.19457E+04   0.64725E+03   0.14084E+01   0.21280E+22
   0.19466E+04   0.64761E+03   0.14089E+01   0.21286E+22
   0.19476E+04   0.64797E+03   0.14094E+01   0.21293E+22
   0.19485E+04   0.64833E+03   0.14099E+01   0.21300E+22
   0.19494E+04   0.64869E+03   0.14104E+01   0.21307E+22
   0.19503E+04   0.64904E+03   0.14109E+01   0.21314E+22
   0.19512E+04   0.64940E+03   0.14114E+01   0.21320E+22
   0.19522E+04   0.64976E+03   0.14119E+01   0.21327E+22
   0.19531E+04   0.65012E+03   0.14124E+01   0.21334E+22
   0.19540E+04   0.65048E+03   0.14129E+01   0.21341E+22
   0.19549E+04   0.65084E+03   0.14134E+01   0.21347E+22
   0.19558E+04   0.65119E+03   0.14139E+01   0.21354E+22
   0.19568E+04   0.65155E+03   0.14144E+01   0.21361E+22
   0.19577E+04   0.65191E+03   0.14149E+01   0.21368E+22
   0.19586E+04   0.65227E+03   0.14154E+01   0.21375E+22
   0.19595E+04   0.65263E+03   0.14159E+01   0.21381E+22
   0.19605E+04   0.65299E+03   0.14164E+01   0.21388E+22
   0.19614E+04   0.65334E+03   0.14169E+01   0.21395E+22
   0.19623E+04   0.65370E+03   0.14174E+01   0.21402E+22
   0.19632E+04   0.65406E+03   0.14179E+01   0.21408E+22
   0.19641E+04   0.65442E+03   0.14184E+01   0.21415E+22
   0.19651E+04   0.65478E+03   0.14189E+01   0.21422E+22
   0.19660E+04   0.65514E+03   0.14194E+01   0.21429E+22
   0.19669E+04   0.65550E+03   0.14199E+01   0.21436E+22
   0.19678E+04   0.65586E+03   0.14204E+01   0.21442E+22
   0.19688E+04   0.65621E+03   0.14209E+01   0.21449E+22
   0.19697E+04   0.65657E+03   0.14214E+01   0.21456E+22
   0.19706E+04   0.65693E+03   0.14219E+01   0.21463E+22
   0.19715E+04   0.65729E+03   0.14224E+01   0.21469E+22
   0.19725E+04   0.65765E+03   0.14229E+01   0.21476E+22
   0.19734E+04   0.65801E+03   0.14234E+01   0.21483E+22
   0.19743E+04   0.65837E+03   0.14239E+01   0.21490E+22
   0.19752E+04   0.65873E+03   0.14244E+01   0.21497E+22
   0.19762E+04   0.65909E+03   0.14249E+01   0.21503E+22
   0.19771E+04   0.65945E+03   0.14254E+01   0.21510E+22
   0.19780E+04   0.65981E+03   0.14259E+01   0.21517E+22
   0.19789E+04   0.66017E+03   0.14264E+01   0.21524E+22
   0.19799E+04   0.66052E+03   0.14269E+01   0.21530E+22
   0.19808E+04   0.66088E+03   0.14274E+01   0.21537E+22
   0.19817E+04   0.66124E+03   0.14279E+01   0.21544E+22
   0.19826E+04   0.66160E+03   0.14284E+01   0.21551E+22
   0.19836E+04   0.66196E+03   0.14289E+01   0.21558E+22
   0.19845E+04   0.66232E+03   0.14294E+01   0.21564E+22
   0.19854E+04   0.66268E+03   0.14299E+01   0.21571E+22
   0.19863E+04   0.66304E+03   0.14304E+01   0.21578E+22
   0.19873E+04   0.66340E+03   0.14309E+01   0.21585E+22
   0.19882E+04   0.66376E+03   0.14314E+01   0.21592E+22
   0.19891E+04   0.66412E+03   0.14319E+01   0.21598E+22
   0.19900E+04   0.66448E+03   0.14324E+01   0.21605E+22
   0.19910E+04   0.66484E+03   0.14329E+01   0.21612E+22
   0.19919E+04   0.66520E+03   0.14334E+01   0.21619E+22
   0.19928E+04   0.66556E+03   0.14339E+01   0.21625E+22
   0.19937E+04   0.66592E+03   0.14344E+01   0.21632E+22
   0.19947E+04   0.66628E+03   0.14349E+01   0.21639E+22
   0.19956E+04   0.66664E+03   0.14354E+01   0.21646E+22
   0.19965E+04   0.66700E+03   0.14359E+01   0.21653E+22
   0.19975E+04   0.66736E+03   0.14364E+01   0.21659E+22
   0.19984E+04   0.66772E+03   0.14369E+01   0.21666E+22
   0.19993E+04   0.66808E+03   0.14374E+01   0.21673E+22
   0.20002E+04   0.66844E+03   0.14379E+01   0.21680E+22
   0.20012E+04   0.66880E+03   0.14384E+01   0.21687E+22
   0.20021E+04   0.66916E+03   0.14389E+01   0.21693E+22
   0.20030E+04   0.66952E+03   0.14394E+01   0.21700E+22
   0.20040E+04   0.66988E+03   0.14399E+01   0.21707E+22
   0.20049E+04   0.67024E+03   0.14404E+01   0.21714E+22
   0.20058E+04   0.67060E+03   0.14409E+01   0.21720E+22
   0.20067E+04   0.67097E+03   0.14414E+01   0.21727E+22
   0.20077E+04   0.67133E+03   0.14419E+01   0.21734E+22
   0.20086E+04   0.67169E+03   0.14424E+01   0.21741E+22
   0.20095E+04   0.67205E+03   0.14429E+01   0.21748E+22
   0.20105E+04   0.67241E+03   0.14434E+01   0.21754E+22
   0.20114E+04   0.67277E+03   0.14439E+01   0.21761E+22
   0.20123E+04   0.67313E+03   0.14444E+01   0.21768E+22
   0.20132E+04   0.67349E+03   0.14449E+01   0.21775E+22
   0.20142E+04   0.67385E+03   0.14454E+01   0.21782E+22
   0.20151E+04   0.67421E+03   0.14459E+01   0.21788E+22
   0.20160E+04   0.67457E+03   0.14464E+01   0.21795E+22
   0.20170E+04   0.67493E+03   0.14469E+01   0.21802E+22
   0.20179E+04   0.67530E+03   0.14474E+01   0.21809E+22
   0.20188E+04   0.67566E+03   0.14479E+01   0.21816E+22
   0.20198E+04   0.67602E+03   0.14484E+01   0.21822E+22
   0.20207E+04   0.67638E+03   0.14489E+01   0.21829E+22
   0.20216E+04   0.67674E+03   0.14494E+01   0.21836E+22
   0.20225E+04   0.67710E+03   0.14499E+01   0.21843E+22
   0.20235E+04   0.67746E+03   0.14504E+01   0.21849E+22
   0.20244E+04   0.67782E+03   0.14509E+01   0.21856E+22
   0.20253E+04   0.67819E+03   0.14514E+01   0.21863E+22
   0.20263E+04   0.67855E+03   0.14519E+01   0.21870E+22
   0.20272E+04   0.67891E+03   0.14524E+01   0.21877E+22
   0.20281E+04   0.67927E+03   0.14529E+01   0.21883E+22
   0.20291E+04   0.67963E+03   0.14534E+01   0.21890E+22
   0.20300E+04   0.67999E+03   0.14539E+01   0.21897E+22
   0.20309E+04   0.68036E+03   0.14544E+01   0.21904E+22
   0.20319E+04   0.68072E+03   0.14549E+01   0.21911E+22
   0.20328E+04   0.68108E+03   0.14554E+01   0.21917E+22
   0.20337E+04   0.68144E+03   0.14559E+01   0.21924E+22
   0.20347E+04   0.68180E+03   0.14564E+01   0.21931E+22
   0.20356E+04   0.68216E+03   0.14569E+01   0.21938E+22
   0.20365E+04   0.68253E+03   0.14574E+01   0.21945E+22
   0.20375E+04   0.68289E+03   0.14579E+01   0.21951E+22
   0.20384E+04   0.68325E+03   0.14584E+01   0.21958E+22
   0.20393E+04   0.68361E+03   0.14589E+01   0.21965E+22
   0.20403E+04   0.68397E+03   0.14594E+01   0.21972E+22
   0.20412E+04   0.68434E+03   0.14599E+01   0.21979E+22
   0.20421E+04   0.68470E+03   0.14604E+01   0.21985E+22
   0.20431E+04   0.68506E+03   0.14609E+01   0.21992E+22
   0.20440E+04   0.68542E+03   0.14614E+01   0.21999E+22
   0.20449E+04   0.68579E+03   0.14619E+01   0.22006E+22
   0.20459E+04   0.68615E+03   0.14624E+01   0.22013E+22
   0.20468E+04   0.68651E+03   0.14629E+01   0.22019E+22
   0.20477E+04   0.68687E+03   0.14634E+01   0.22026E+22
   0.20487E+04   0.68724E+03   0.14639E+01   0.22033E+22
   0.20496E+04   0.68760E+03   0.14644E+01   0.22040E+22
   0.20505E+04   0.68796E+03   0.14649E+01   0.22047E+22
   0.20515E+04   0.68832E+03   0.14654E+01   0.22053E+22
   0.20524E+04   0.68869E+03   0.14659E+01   0.22060E+22
   0.20533E+04   0.68905E+03   0.14664E+01   0.22067E+22
   0.20543E+04   0.68941E+03   0.14669E+01   0.22074E+22
   0.20552E+04   0.68977E+03   0.14674E+01   0.22081E+22
   0.20561E+04   0.69014E+03   0.14679E+01   0.22087E+22
   0.20571E+04   0.69050E+03   0.14684E+01   0.22094E+22
   0.20580E+04   0.69086E+03   0.14689E+01   0.22101E+22
   0.20590E+04   0.69123E+03   0.14694E+01   0.22108E+22
   0.20599E+04   0.69159E+03   0.14699E+01   0.22115E+22
   0.20608E+04   0.69195E+03   0.14704E+01   0.22121E+22
   0.20618E+04   0.69231E+03   0.14709E+01   0.22128E+22
   0.20627E+04   0.69268E+03   0.14714E+01   0.22135E+22
   0.20636E+04   0.69304E+03   0.14719E+01   0.22142E+22
   0.20646E+04   0.69340E+03   0.14724E+01   0.22149E+22
   0.20655E+04   0.69377E+03   0.14729E+01   0.22155E+22
   0.20664E+04   0.69413E+03   0.14734E+01   0.22162E+22
   0.20674E+04   0.69449E+03   0.14739E+01   0.22169E+22
   0.20683E+04   0.69486E+03   0.14744E+01   0.22176E+22
   0.20693E+04   0.69522E+03   0.14749E+01   0.22183E+22
   0.20702E+04   0.69558E+03   0.14754E+01   0.22189E+22
   0.20711E+04   0.69595E+03   0.14759E+01   0.22196E+22
   0.20721E+04   0.69631E+03   0.14764E+01   0.22203E+22
   0.20730E+04   0.69667E+03   0.14769E+01   0.22210E+22
   0.20739E+04   0.69704E+03   0.14774E+01   0.22217E+22
   0.20749E+04   0.69740E+03   0.14779E+01   0.22223E+22
   0.20758E+04   0.69776E+03   0.14784E+01   0.22230E+22
   0.20768E+04   0.69813E+03   0.14789E+01   0.22237E+22
   0.20777E+04   0.69849E+03   0.14794E+01   0.22244E+22
   0.20786E+04   0.69886E+03   0.14799E+01   0.22251E+22
   0.20796E+04   0.69922E+03   0.14804E+01   0.22257E+22
   0.20805E+04   0.69958E+03   0.14809E+01   0.22264E+22
   0.20814E+04   0.69995E+03   0.14814E+01   0.22271E+22
   0.20824E+04   0.70031E+03   0.14819E+01   0.22278E+22
   0.20833E+04   0.70067E+03   0.14824E+01   0.22285E+22
   0.20843E+04   0.70104E+03   0.14829E+01   0.22291E+22
   0.20852E+04   0.70140E+03   0.14834E+01   0.22298E+22
   0.20861E+04   0.70177E+03   0.14839E+01   0.22305E+22
   0.20871E+04   0.70213E+03   0.14844E+01   0.22312E+22
   0.20880E+04   0.70250E+03   0.14849E+01   0.22319E+22
   0.20890E+04   0.70286E+03   0.14854E+01   0.22325E+22
   0.20899E+04   0.70322E+03   0.14859E+01   0.22332E+22
   0.20908E+04   0.70359E+03   0.14864E+01   0.22339E+22
   0.20918E+04   0.70395E+03   0.14869E+01   0.22346E+22
   0.20927E+04   0.70432E+03   0.14874E+01   0.22353E+22
   0.20937E+04   0.70468E+03   0.14879E+01   0.22359E+22
   0.20946E+04   0.70505E+03   0.14884E+01   0.22366E+22
   0.20955E+04   0.70541E+03   0.14889E+01   0.22373E+22
   0.20965E+04   0.70577E+03   0.14894E+01   0.22380E+22
   0.20974E+04   0.70614E+03   0.14899E+01   0.22387E+22
   0.20984E+04   0.70650E+03   0.14904E+01   0.22393E+22
   0.20993E+04   0.70687E+03   0.14909E+01   0.22400E+22
   0.21002E+04   0.70723E+03   0.14914E+01   0.22407E+22
   0.21012E+04   0.70760E+03   0.14919E+01   0.22414E+22
   0.21021E+04   0.70796E+03   0.14924E+01   0.22421E+22
   0.21031E+04   0.70833E+03   0.14929E+01   0.22428E+22
   0.21040E+04   0.70869E+03   0.14934E+01   0.22434E+22
   0.21050E+04   0.70906E+03   0.14939E+01   0.22441E+22
   0.21059E+04   0.70942E+03   0.14944E+01   0.22448E+22
   0.21068E+04   0.70979E+03   0.14949E+01   0.22455E+22
   0.21078E+04   0.71015E+03   0.14954E+01   0.22462E+22
   0.21087E+04   0.71052E+03   0.14959E+01   0.22468E+22
   0.21097E+04   0.71088E+03   0.14964E+01   0.22475E+22
   0.21106E+04   0.71125E+03   0.14969E+01   0.22482E+22
   0.21115E+04   0.71161E+03   0.14974E+01   0.22489E+22
   0.21125E+04   0.71198E+03   0.14979E+01   0.22496E+22
   0.21134E+04   0.71234E+03   0.14984E+01   0.22502E+22
   0.21144E+04   0.71271E+03   0.14989E+01   0.22509E+22
   0.21153E+04   0.71307E+03   0.14994E+01   0.22516E+22
   0.21163E+04   0.71344E+03   0.14999E+01   0.22523E+22
   0.21172E+04   0.71380E+03   0.15004E+01   0.22530E+22
   0.21182E+04   0.71417E+03   0.15009E+01   0.22537E+22
   0.21191E+04   0.71453E+03   0.15014E+01   0.22543E+22
   0.21200E+04   0.71490E+03   0.15019E+01   0.22550E+22
   0.21210E+04   0.71527E+03   0.15024E+01   0.22557E+22
   0.21219E+04   0.71563E+03   0.15029E+01   0.22564E+22
   0.21229E+04   0.71600E+03   0.15034E+01   0.22571E+22
   0.21238E+04   0.71636E+03   0.15039E+01   0.22577E+22
   0.21248E+04   0.71673E+03   0.15044E+01   0.22584E+22
   0.21257E+04   0.71709E+03   0.15049E+01   0.22591E+22
   0.21266E+04   0.71746E+03   0.15054E+01   0.22598E+22
   0.21276E+04   0.71783E+03   0.15059E+01   0.22605E+22
   0.21285E+04   0.71819E+03   0.15064E+01   0.22611E+22
   0.21295E+04   0.71856E+03   0.15069E+01   0.22618E+22
   0.21304E+04   0.71892E+03   0.15074E+01   0.22625E+22
   0.21314E+04   0.71929E+03   0.15079E+01   0.22632E+22
   0.21323E+04   0.71966E+03   0.15084E+01   0.22639E+22
   0.21333E+04   0.72002E+03   0.15089E+01   0.22646E+22
   0.21342E+04   0.72039E+03   0.15094E+01   0.22652E+22
   0.21352E+04   0.72075E+03   0.15099E+01   0.22659E+22
   0.21361E+04   0.72112E+03   0.15104E+01   0.22666E+22
   0.21370E+04   0.72149E+03   0.15109E+01   0.22673E+22
   0.21380E+04   0.72185E+03   0.15114E+01   0.22680E+22
   0.21389E+04   0.72222E+03   0.15119E+01   0.22686E+22
   0.21399E+04   0.72258E+03   0.15124E+01   0.22693E+22
   0.21408E+04   0.72295E+03   0.15129E+01   0.22700E+22
   0.21418E+04   0.72332E+03   0.15134E+01   0.22707E+22
   0.21427E+04   0.72368E+03   0.15139E+01   0.22714E+22
   0.21437E+04   0.72405E+03   0.15144E+01   0.22721E+22
   0.21446E+04   0.72442E+03   0.15149E+01   0.22727E+22
   0.21456E+04   0.72478E+03   0.15154E+01   0.22734E+22
   0.21465E+04   0.72515E+03   0.15159E+01   0.22741E+22
   0.21475E+04   0.72552E+03   0.15164E+01   0.22748E+22
   0.21484E+04   0.72588E+03   0.15169E+01   0.22755E+22
   0.21494E+04   0.72625E+03   0.15174E+01   0.22761E+22
   0.21503E+04   0.72662E+03   0.15179E+01   0.22768E+22
   0.21512E+04   0.72698E+03   0.15184E+01   0.22775E+22
   0.21522E+04   0.72735E+03   0.15189E+01   0.22782E+22
   0.21531E+04   0.72772E+03   0.15194E+01   0.22789E+22
   0.21541E+04   0.72808E+03   0.15199E+01   0.22796E+22
   0.21550E+04   0.72845E+03   0.15204E+01   0.22802E+22
   0.21560E+04   0.72882E+03   0.15209E+01   0.22809E+22
   0.21569E+04   0.72919E+03   0.15214E+01   0.22816E+22
   0.21579E+04   0.72955E+03   0.15219E+01   0.22823E+22
   0.21588E+04   0.72992E+03   0.15224E+01   0.22830E+22
   0.21598E+04   0.73029E+03   0.15229E+01   0.22836E+22
   0.21607E+04   0.73065E+03   0.15234E+01   0.22843E+22
   0.21617E+04   0.73102E+03   0.15239E+01   0.22850E+22
   0.21626E+04   0.73139E+03   0.15244E+01   0.22857E+22
   0.21636E+04   0.73176E+03   0.15249E+01   0.22864E+22
   0.21645E+04   0.73212E+03   0.15254E+01   0.22871E+22
   0.21655E+04   0.73249E+03   0.15259E+01   0.22877E+22
   0.21664E+04   0.73286E+03   0.15264E+01   0.22884E+22
   0.21674E+04   0.73323E+03   0.15269E+01   0.22891E+22
   0.21683E+04   0.73359E+03   0.15274E+01   0.22898E+22
   0.21693E+04   0.73396E+03   0.15279E+01   0.22905E+22
   0.21702E+04   0.73433E+03   0.15284E+01   0.22911E+22
   0.21712E+04   0.73470E+03   0.15289E+01   0.22918E+22
   0.21721E+04   0.73506E+03   0.15294E+01   0.22925E+22
   0.21731E+04   0.73543E+03   0.15299E+01   0.22932E+22
   0.21740E+04   0.73580E+03   0.15304E+01   0.22939E+22
   0.21750E+04   0.73617E+03   0.15309E+01   0.22946E+22
   0.21759E+04   0.73653E+03   0.15314E+01   0.22952E+22
   0.21769E+04   0.73690E+03   0.15319E+01   0.22959E+22
   0.21778E+04   0.73727E+03   0.15324E+01   0.22966E+22
   0.21788E+04   0.73764E+03   0.15329E+01   0.22973E+22
   0.21797E+04   0.73801E+03   0.15334E+01   0.22980E+22
   0.21807E+04   0.73837E+03   0.15339E+01   0.22987E+22
   0.21816E+04   0.73874E+03   0.15344E+01   0.22993E+22
   0.21826E+04   0.73911E+03   0.15349E+01   0.23000E+22
   0.21835E+04   0.73948E+03   0.15354E+01   0.23007E+22
   0.21845E+04   0.73985E+03   0.15359E+01   0.23014E+22
   0.21854E+04   0.74022E+03   0.15364E+01   0.23021E+22
   0.21864E+04   0.74058E+03   0.15369E+01   0.23028E+22
   0.21874E+04   0.74095E+03   0.15374E+01   0.23034E+22
   0.21883E+04   0.74132E+03   0.15379E+01   0.23041E+22
   0.21893E+04   0.74169E+03   0.15384E+01   0.23048E+22
   0.21902E+04   0.74206E+03   0.15389E+01   0.23055E+22
   0.21912E+04   0.74243E+03   0.15394E+01   0.23062E+22
   0.21921E+04   0.74279E+03   0.15399E+01   0.23068E+22
   0.21931E+04   0.74316E+03   0.15404E+01   0.23075E+22
   0.21940E+04   0.74353E+03   0.15409E+01   0.23082E+22
   0.21950E+04   0.74390E+03   0.15414E+01   0.23089E+22
   0.21959E+04   0.74427E+03   0.15419E+01   0.23096E+22
   0.21969E+04   0.74464E+03   0.15424E+01   0.23103E+22
   0.21978E+04   0.74501E+03   0.15429E+01   0.23109E+22
   0.21988E+04   0.74537E+03   0.15434E+01   0.23116E+22
   0.21997E+04   0.74574E+03   0.15439E+01   0.23123E+22
   0.22007E+04   0.74611E+03   0.15444E+01   0.23130E+22
   0.22016E+04   0.74648E+03   0.15449E+01   0.23137E+22
   0.22026E+04   0.74685E+03   0.15454E+01   0.23144E+22
   0.22036E+04   0.74722E+03   0.15459E+01   0.23150E+22
   0.22045E+04   0.74759E+03   0.15464E+01   0.23157E+22
   0.22055E+04   0.74796E+03   0.15469E+01   0.23164E+22
   0.22064E+04   0.74833E+03   0.15474E+01   0.23171E+22
   0.22074E+04   0.74870E+03   0.15479E+01   0.23178E+22
   0.22083E+04   0.74906E+03   0.15484E+01   0.23185E+22
   0.22093E+04   0.74943E+03   0.15489E+01   0.23191E+22
   0.22102E+04   0.74980E+03   0.15494E+01   0.23198E+22
   0.22112E+04   0.75017E+03   0.15499E+01   0.23205E+22
   0.22122E+04   0.75054E+03   0.15504E+01   0.23212E+22
   0.22131E+04   0.75091E+03   0.15509E+01   0.23219E+22
   0.22141E+04   0.75128E+03   0.15514E+01   0.23226E+22
   0.22150E+04   0.75165E+03   0.15519E+01   0.23232E+22
   0.22160E+04   0.75202E+03   0.15524E+01   0.23239E+22
   0.22169E+04   0.75239E+03   0.15529E+01   0.23246E+22
   0.22179E+04   0.75276E+03   0.15534E+01   0.23253E+22
   0.22188E+04   0.75313E+03   0.15539E+01   0.23260E+22
   0.22198E+04   0.75350E+03   0.15544E+01   0.23267E+22
   0.22208E+04   0.75387E+03   0.15549E+01   0.23273E+22
   0.22217E+04   0.75424E+03   0.15554E+01   0.23280E+22
   0.22227E+04   0.75461E+03   0.15559E+01   0.23287E+22
   0.22236E+04   0.75498E+03   0.15564E+01   0.23294E+22
   0.22246E+04   0.75535E+03   0.15569E+01   0.23301E+22
   0.22255E+04   0.75572E+03   0.15574E+01   0.23308E+22
   0.22265E+04   0.75609E+03   0.15579E+01   0.23314E+22
   0.22275E+04   0.75646E+03   0.15584E+01   0.23321E+22
   0.22284E+04   0.75683E+03   0.15589E+01   0.23328E+22
   0.22294E+04   0.75720E+03   0.15594E+01   0.23335E+22
   0.22303E+04   0.75757E+03   0.15599E+01   0.23342E+22
   0.22313E+04   0.75794E+03   0.15604E+01   0.23349E+22
   0.22322E+04   0.75831E+03   0.15609E+01   0.23355E+22
   0.22332E+04   0.75868E+03   0.15614E+01   0.23362E+22
   0.22342E+04   0.75905E+03   0.15619E+01   0.23369E+22
   0.22351E+04   0.75942E+03   0.15624E+01   0.23376E+22
   0.22361E+04   0.75979E+03   0.15629E+01   0.23383E+22
   0.22370E+04   0.76016E+03   0.15634E+01   0.23390E+22
   0.22380E+04   0.76053E+03   0.15639E+01   0.23396E+22
   0.22390E+04   0.76090E+03   0.15644E+01   0.23403E+22
   0.22399E+04   0.76127E+03   0.15649E+01   0.23410E+22
   0.22409E+04   0.76164E+03   0.15654E+01   0.23417E+22
   0.22418E+04   0.76201E+03   0.15659E+01   0.23424E+22
   0.22428E+04   0.76238E+03   0.15664E+01   0.23431E+22
   0.22437E+04   0.76275E+03   0.15669E+01   0.23437E+22
   0.22447E+04   0.76312E+03   0.15674E+01   0.23444E+22
   0.22457E+04   0.76349E+03   0.15679E+01   0.23451E+22
   0.22466E+04   0.76386E+03   0.15684E+01   0.23458E+22
   0.22476E+04   0.76423E+03   0.15689E+01   0.23465E+22
   0.22485E+04   0.76460E+03   0.15694E+01   0.23472E+22
   0.22495E+04   0.76497E+03   0.15699E+01   0.23478E+22
   0.22505E+04   0.76535E+03   0.15704E+01   0.23485E+22
   0.22514E+04   0.76572E+03   0.15709E+01   0.23492E+22
   0.22524E+04   0.76609E+03   0.15714E+01   0.23499E+22
   0.22533E+04   0.76646E+03   0.15719E+01   0.23506E+22
   0.22543E+04   0.76683E+03   0.15724E+01   0.23513E+22
   0.22553E+04   0.76720E+03   0.15729E+01   0.23519E+22
   0.22562E+04   0.76757E+03   0.15734E+01   0.23526E+22
   0.22572E+04   0.76794E+03   0.15739E+01   0.23533E+22
   0.22582E+04   0.76831E+03   0.15744E+01   0.23540E+22
   0.22591E+04   0.76868E+03   0.15749E+01   0.23547E+22
   0.22601E+04   0.76906E+03   0.15754E+01   0.23554E+22
   0.22610E+04   0.76943E+03   0.15759E+01   0.23560E+22
   0.22620E+04   0.76980E+03   0.15764E+01   0.23567E+22
   0.22630E+04   0.77017E+03   0.15769E+01   0.23574E+22
   0.22639E+04   0.77054E+03   0.15774E+01   0.23581E+22
   0.22649E+04   0.77091E+03   0.15779E+01   0.23588E+22
   0.22658E+04   0.77128E+03   0.15784E+01   0.23595E+22
   0.22668E+04   0.77166E+03   0.15789E+01   0.23601E+22
   0.22678E+04   0.77203E+03   0.15794E+01   0.23608E+22
   0.22687E+04   0.77240E+03   0.15799E+01   0.23615E+22
   0.22697E+04   0.77277E+03   0.15804E+01   0.23622E+22
   0.22707E+04   0.77314E+03   0.15809E+01   0.23629E+22
   0.22716E+04   0.77351E+03   0.15814E+01   0.23636E+22
   0.22726E+04   0.77389E+03   0.15819E+01   0.23643E+22
   0.22735E+04   0.77426E+03   0.15824E+01   0.23649E+22
   0.22745E+04   0.77463E+03   0.15829E+01   0.23656E+22
   0.22755E+04   0.77500E+03   0.15834E+01   0.23663E+22
   0.22764E+04   0.77537E+03   0.15839E+01   0.23670E+22
   0.22774E+04   0.77574E+03   0.15844E+01   0.23677E+22
   0.22784E+04   0.77612E+03   0.15849E+01   0.23684E+22
   0.22793E+04   0.77649E+03   0.15854E+01   0.23690E+22
   0.22803E+04   0.77686E+03   0.15859E+01   0.23697E+22
   0.22813E+04   0.77723E+03   0.15864E+01   0.23704E+22
   0.22822E+04   0.77760E+03   0.15869E+01   0.23711E+22
   0.22832E+04   0.77798E+03   0.15874E+01   0.23718E+22
   0.22841E+04   0.77835E+03   0.15879E+01   0.23725E+22
   0.22851E+04   0.77872E+03   0.15884E+01   0.23731E+22
   0.22861E+04   0.77909E+03   0.15889E+01   0.23738E+22
   0.22870E+04   0.77947E+03   0.15894E+01   0.23745E+22
   0.22880E+04   0.77984E+03   0.15899E+01   0.23752E+22
   0.22890E+04   0.78021E+03   0.15904E+01   0.23759E+22
   0.22899E+04   0.78058E+03   0.15909E+01   0.23766E+22
   0.22909E+04   0.78096E+03   0.15914E+01   0.23773E+22
   0.22919E+04   0.78133E+03   0.15919E+01   0.23779E+22
   0.22928E+04   0.78170E+03   0.15924E+01   0.23786E+22
   0.22938E+04   0.78207E+03   0.15929E+01   0.23793E+22
   0.22948E+04   0.78245E+03   0.15934E+01   0.23800E+22
   0.22957E+04   0.78282E+03   0.15939E+01   0.23807E+22
   0.22967E+04   0.78319E+03   0.15944E+01   0.23814E+22
   0.22977E+04   0.78356E+03   0.15949E+01   0.23820E+22
   0.22986E+04   0.78394E+03   0.15954E+01   0.23827E+22
   0.22996E+04   0.78431E+03   0.15959E+01   0.23834E+22
   0.23006E+04   0.78468E+03   0.15964E+01   0.23841E+22
   0.23015E+04   0.78505E+03   0.15969E+01   0.23848E+22
   0.23025E+04   0.78543E+03   0.15974E+01   0.23855E+22
   0.23035E+04   0.78580E+03   0.15979E+01   0.23862E+22
   0.23044E+04   0.78617E+03   0.15984E+01   0.23868E+22
   0.23054E+04   0.78655E+03   0.15989E+01   0.23875E+22
   0.23064E+04   0.78692E+03   0.15994E+01   0.23882E+22
   0.23073E+04   0.78729E+03   0.15999E+01   0.23889E+22
   0.23083E+04   0.78767E+03   0.16004E+01   0.23896E+22
   0.23093E+04   0.78804E+03   0.16009E+01   0.23903E+22
   0.23102E+04   0.78841E+03   0.16014E+01   0.23909E+22
   0.23112E+04   0.78879E+03   0.16019E+01   0.23916E+22
   0.23122E+04   0.78916E+03   0.16024E+01   0.23923E+22
   0.23131E+04   0.78953E+03   0.16029E+01   0.23930E+22
   0.23141E+04   0.78991E+03   0.16034E+01   0.23937E+22
   0.23151E+04   0.79028E+03   0.16039E+01   0.23944E+22
   0.23160E+04   0.79065E+03   0.16044E+01   0.23951E+22
   0.23170E+04   0.79103E+03   0.16049E+01   0.23957E+22
   0.23180E+04   0.79140E+03   0.16054E+01   0.23964E+22
   0.23189E+04   0.79177E+03   0.16059E+01   0.23971E+22
   0.23199E+04   0.79215E+03   0.16064E+01   0.23978E+22
   0.23209E+04   0.79252E+03   0.16069E+01   0.23985E+22
   0.23218E+04   0.79289E+03   0.16074E+01   0.23992E+22
   0.23228E+04   0.79327E+03   0.16079E+01   0.23998E+22
   0.23238E+04   0.79364E+03   0.16084E+01   0.24005E+22
   0.23247E+04   0.79401E+03   0.16089E+01   0.24012E+22
   0.23257E+04   0.79439E+03   0.16094E+01   0.24019E+22
   0.23267E+04   0.79476E+03   0.16099E+01   0.24026E+22
   0.23277E+04   0.79514E+03   0.16104E+01   0.24033E+22
   0.23286E+04   0.79551E+03   0.16109E+01   0.24040E+22
   0.23296E+04   0.79588E+03   0.16114E+01   0.24046E+22
   0.23306E+04   0.79626E+03   0.16119E+01   0.24053E+22
   0.23315E+04   0.79663E+03   0.16124E+01   0.24060E+22
   0.23325E+04   0.79701E+03   0.16129E+01   0.24067E+22
   0.23335E+04   0.79738E+03   0.16134E+01   0.24074E+22
   0.23344E+04   0.79775E+03   0.16139E+01   0.24081E+22
   0.23354E+04   0.79813E+03   0.16144E+01   0.24088E+22
   0.23364E+04   0.79850E+03   0.16149E+01   0.24094E+22
   0.23374E+04   0.79888E+03   0.16154E+01   0.24101E+22
   0.23383E+04   0.79925E+03   0.16159E+01   0.24108E+22
   0.23393E+04   0.79963E+03   0.16164E+01   0.24115E+22
   0.23403E+04   0.80000E+03   0.16169E+01   0.24122E+22
   0.23412E+04   0.80037E+03   0.16174E+01   0.24129E+22
   0.23422E+04   0.80075E+03   0.16179E+01   0.24136E+22
   0.23432E+04   0.80112E+03   0.16184E+01   0.24142E+22
   0.23442E+04   0.80150E+03   0.16189E+01   0.24149E+22
   0.23451E+04   0.80187E+03   0.16194E+01   0.24156E+22
   0.23461E+04   0.80225E+03   0.16199E+01   0.24163E+22
   0.23471E+04   0.80262E+03   0.16204E+01   0.24170E+22
   0.23480E+04   0.80300E+03   0.16209E+01   0.24177E+22
   0.23490E+04   0.80337E+03   0.16214E+01   0.24183E+22
   0.23500E+04   0.80375E+03   0.16219E+01   0.24190E+22
   0.23510E+04   0.80412E+03   0.16224E+01   0.24197E+22
   0.23519E+04   0.80449E+03   0.16229E+01   0.24204E+22
   0.23529E+04   0.80487E+03   0.16234E+01   0.24211E+22
   0.23539E+04   0.80524E+03   0.16239E+01   0.24218E+22
   0.23548E+04   0.80562E+03   0.16244E+01   0.24225E+22
   0.23558E+04   0.80599E+03   0.16249E+01   0.24231E+22
   0.23568E+04   0.80637E+03   0.16254E+01   0.24238E+22
   0.23578E+04   0.80674E+03   0.16259E+01   0.24245E+22
   0.23587E+04   0.80712E+03   0.16264E+01   0.24252E+22
   0.23597E+04   0.80749E+03   0.16269E+01   0.24259E+22
   0.23607E+04   0.80787E+03   0.16274E+01   0.24266E+22
   0.23617E+04   0.80825E+03   0.16279E+01   0.24273E+22
   0.23626E+04   0.80862E+03   0.16284E+01   0.24279E+22
   0.23636E+04   0.80900E+03   0.16289E+01   0.24286E+22
   0.23646E+04   0.80937E+03   0.16294E+01   0.24293E+22
   0.23656E+04   0.80975E+03   0.16299E+01   0.24300E+22
   0.23665E+04   0.81012E+03   0.16304E+01   0.24307E+22
   0.23675E+04   0.81050E+03   0.16309E+01   0.24314E+22
   0.23685E+04   0.81087E+03   0.16314E+01   0.24321E+22
   0.23695E+04   0.81125E+03   0.16319E+01   0.24327E+22
   0.23704E+04   0.81162E+03   0.16324E+01   0.24334E+22
   0.23714E+04   0.81200E+03   0.16329E+01   0.24341E+22
   0.23724E+04   0.81237E+03   0.16334E+01   0.24348E+22
   0.23734E+04   0.81275E+03   0.16339E+01   0.24355E+22
   0.23743E+04   0.81313E+03   0.16344E+01   0.24362E+22
   0.23753E+04   0.81350E+03   0.16349E+01   0.24369E+22
   0.23763E+04   0.81388E+03   0.16354E+01   0.24375E+22
   0.23773E+04   0.81425E+03   0.16359E+01   0.24382E+22
   0.23782E+04   0.81463E+03   0.16364E+01   0.24389E+22
   0.23792E+04   0.81500E+03   0.16369E+01   0.24396E+22
   0.23802E+04   0.81538E+03   0.16374E+01   0.24403E+22
   0.23812E+04   0.81576E+03   0.16379E+01   0.24410E+22
   0.23821E+04   0.81613E+03   0.16384E+01   0.24417E+22
   0.23831E+04   0.81651E+03   0.16389E+01   0.24423E+22
   0.23841E+04   0.81688E+03   0.16394E+01   0.24430E+22
   0.23851E+04   0.81726E+03   0.16399E+01   0.24437E+22
   0.23860E+04   0.81764E+03   0.16404E+01   0.24444E+22
   0.23870E+04   0.81801E+03   0.16409E+01   0.24451E+22
   0.23880E+04   0.81839E+03   0.16414E+01   0.24458E+22
   0.23890E+04   0.81877E+03   0.16419E+01   0.24465E+22
   0.23899E+04   0.81914E+03   0.16424E+01   0.24471E+22
   0.23909E+04   0.81952E+03   0.16429E+01   0.24478E+22
   0.23919E+04   0.81989E+03   0.16434E+01   0.24485E+22
   0.23929E+04   0.82027E+03   0.16439E+01   0.24492E+22
   0.23939E+04   0.82065E+03   0.16444E+01   0.24499E+22
   0.23948E+04   0.82102E+03   0.16449E+01   0.24506E+22
   0.23958E+04   0.82140E+03   0.16454E+01   0.24513E+22
   0.23968E+04   0.82178E+03   0.16459E+01   0.24519E+22
   0.23978E+04   0.82215E+03   0.16464E+01   0.24526E+22
   0.23987E+04   0.82253E+03   0.16469E+01   0.24533E+22
   0.23997E+04   0.82291E+03   0.16474E+01   0.24540E+22
   0.24007E+04   0.82328E+03   0.16479E+01   0.24547E+22
   0.24017E+04   0.82366E+03   0.16484E+01   0.24554E+22
   0.24027E+04   0.82404E+03   0.16489E+01   0.24561E+22
   0.24036E+04   0.82441E+03   0.16494E+01   0.24567E+22
   0.24046E+04   0.82479E+03   0.16499E+01   0.24574E+22
   0.24056E+04   0.82517E+03   0.16504E+01   0.24581E+22
   0.24066E+04   0.82554E+03   0.16509E+01   0.24588E+22
   0.24075E+04   0.82592E+03   0.16514E+01   0.24595E+22
   0.24085E+04   0.82630E+03   0.16519E+01   0.24602E+22
   0.24095E+04   0.82667E+03   0.16524E+01   0.24609E+22
   0.24105E+04   0.82705E+03   0.16529E+01   0.24616E+22
   0.24115E+04   0.82743E+03   0.16534E+01   0.24622E+22
   0.24124E+04   0.82781E+03   0.16539E+01   0.24629E+22
   0.24134E+04   0.82818E+03   0.16544E+01   0.24636E+22
   0.24144E+04   0.82856E+03   0.16549E+01   0.24643E+22
   0.24154E+04   0.82894E+03   0.16554E+01   0.24650E+22
   0.24164E+04   0.82931E+03   0.16559E+01   0.24657E+22
   0.24173E+04   0.82969E+03   0.16564E+01   0.24664E+22
   0.24183E+04   0.83007E+03   0.16569E+01   0.24670E+22
   0.24193E+04   0.83045E+03   0.16574E+01   0.24677E+22
   0.24203E+04   0.83082E+03   0.16579E+01   0.24684E+22
   0.24213E+04   0.83120E+03   0.16584E+01   0.24691E+22
   0.24222E+04   0.83158E+03   0.16589E+01   0.24698E+22
   0.24232E+04   0.83196E+03   0.16594E+01   0.24705E+22
   0.24242E+04   0.83233E+03   0.16599E+01   0.24712E+22
   0.24252E+04   0.83271E+03   0.16604E+01   0.24718E+22
   0.24262E+04   0.83309E+03   0.16609E+01   0.24725E+22
   0.24272E+04   0.83347E+03   0.16614E+01   0.24732E+22
   0.24281E+04   0.83384E+03   0.16619E+01   0.24739E+22
   0.24291E+04   0.83422E+03   0.16624E+01   0.24746E+22
   0.24301E+04   0.83460E+03   0.16629E+01   0.24753E+22
   0.24311E+04   0.83498E+03   0.16634E+01   0.24760E+22
   0.24321E+04   0.83535E+03   0.16639E+01   0.24767E+22
   0.24330E+04   0.83573E+03   0.16644E+01   0.24773E+22
   0.24340E+04   0.83611E+03   0.16649E+01   0.24780E+22
   0.24350E+04   0.83649E+03   0.16654E+01   0.24787E+22
   0.24360E+04   0.83687E+03   0.16659E+01   0.24794E+22
   0.24370E+04   0.83724E+03   0.16664E+01   0.24801E+22
   0.24380E+04   0.83762E+03   0.16669E+01   0.24808E+22
   0.24389E+04   0.83800E+03   0.16674E+01   0.24815E+22
   0.24399E+04   0.83838E+03   0.16679E+01   0.24821E+22
   0.24409E+04   0.83876E+03   0.16684E+01   0.24828E+22
   0.24419E+04   0.83913E+03   0.16689E+01   0.24835E+22
   0.24429E+04   0.83951E+03   0.16694E+01   0.24842E+22
   0.24438E+04   0.83989E+03   0.16699E+01   0.24849E+22
   0.24448E+04   0.84027E+03   0.16704E+01   0.24856E+22
   0.24458E+04   0.84065E+03   0.16709E+01   0.24863E+22
   0.24468E+04   0.84103E+03   0.16714E+01   0.24870E+22
   0.24478E+04   0.84140E+03   0.16719E+01   0.24876E+22
   0.24488E+04   0.84178E+03   0.16724E+01   0.24883E+22
   0.24497E+04   0.84216E+03   0.16729E+01   0.24890E+22
   0.24507E+04   0.84254E+03   0.16734E+01   0.24897E+22
   0.24517E+04   0.84292E+03   0.16739E+01   0.24904E+22
   0.24527E+04   0.84330E+03   0.16744E+01   0.24911E+22
   0.24537E+04   0.84368E+03   0.16749E+01   0.24918E+22
   0.24547E+04   0.84405E+03   0.16754E+01   0.24924E+22
   0.24557E+04   0.84443E+03   0.16759E+01   0.24931E+22
   0.24566E+04   0.84481E+03   0.16764E+01   0.24938E+22
   0.24576E+04   0.84519E+03   0.16769E+01   0.24945E+22
   0.24586E+04   0.84557E+03   0.16774E+01   0.24952E+22
   0.24596E+04   0.84595E+03   0.16779E+01   0.24959E+22
   0.24606E+04   0.84633E+03   0.16784E+01   0.24966E+22
   0.24616E+04   0.84671E+03   0.16789E+01   0.24973E+22
   0.24625E+04   0.84709E+03   0.16794E+01   0.24979E+22
   0.24635E+04   0.84746E+03   0.16799E+01   0.24986E+22
   0.24645E+04   0.84784E+03   0.16804E+01   0.24993E+22
   0.24655E+04   0.84822E+03   0.16809E+01   0.25000E+22
   0.24665E+04   0.84860E+03   0.16814E+01   0.25007E+22
   0.24675E+04   0.84898E+03   0.16819E+01   0.25014E+22
   0.24685E+04   0.84936E+03   0.16824E+01   0.25021E+22
   0.24695E+04   0.84974E+03   0.16829E+01   0.25028E+22
   0.24704E+04   0.85012E+03   0.16834E+01   0.25034E+22
   0.24714E+04   0.85050E+03   0.16839E+01   0.25041E+22
   0.24724E+04   0.85088E+03   0.16844E+01   0.25048E+22
   0.24734E+04   0.85126E+03   0.16849E+01   0.25055E+22
   0.24744E+04   0.85164E+03   0.16854E+01   0.25062E+22
   0.24754E+04   0.85201E+03   0.16859E+01   0.25069E+22
   0.24764E+04   0.85239E+03   0.16864E+01   0.25076E+22
   0.24773E+04   0.85277E+03   0.16869E+01   0.25082E+22
   0.24783E+04   0.85315E+03   0.16874E+01   0.25089E+22
   0.24793E+04   0.85353E+03   0.16879E+01   0.25096E+22
   0.24803E+04   0.85391E+03   0.16884E+01   0.25103E+22
   0.24813E+04   0.85429E+03   0.16889E+01   0.25110E+22
   0.24823E+04   0.85467E+03   0.16894E+01   0.25117E+22
   0.24833E+04   0.85505E+03   0.16899E+01   0.25124E+22
   0.24843E+04   0.85543E+03   0.16904E+01   0.25131E+22
   0.24852E+04   0.85581E+03   0.16909E+01   0.25137E+22
   0.24862E+04   0.85619E+03   0.16914E+01   0.25144E+22
   0.24872E+04   0.85657E+03   0.16919E+01   0.25151E+22
   0.24882E+04   0.85695E+03   0.16924E+01   0.25158E+22
   0.24892E+04   0.85733E+03   0.16929E+01   0.25165E+22
   0.24902E+04   0.85771E+03   0.16934E+01   0.25172E+22
   0.24912E+04   0.85809E+03   0.16939E+01   0.25179E+22
   0.24922E+04   0.85847E+03   0.16944E+01   0.25186E+22
   0.24931E+04   0.85885E+03   0.16949E+01   0.25192E+22
   0.24941E+04   0.85923E+03   0.16954E+01   0.25199E+22
   0.24951E+04   0.85961E+03   0.16959E+01   0.25206E+22
   0.24961E+04   0.85999E+03   0.16964E+01   0.25213E+22
   0.24971E+04   0.86037E+03   0.16969E+01   0.25220E+22
   0.24981E+04   0.86075E+03   0.16974E+01   0.25227E+22
   0.24991E+04   0.86113E+03   0.16979E+01   0.25234E+22
   0.25001E+04   0.86151E+03   0.16984E+01   0.25241E+22
   0.25011E+04   0.86189E+03   0.16989E+01   0.25247E+22
   0.25021E+04   0.86227E+03   0.16994E+01   0.25254E+22
   0.25030E+04   0.86265E+03   0.16999E+01   0.25261E+22
   0.25040E+04   0.86303E+03   0.17004E+01   0.25268E+22
   0.25050E+04   0.86341E+03   0.17009E+01   0.25275E+22
   0.25060E+04   0.86379E+03   0.17014E+01   0.25282E+22
   0.25070E+04   0.86418E+03   0.17019E+01   0.25289E+22
   0.25080E+04   0.86456E+03   0.17024E+01   0.25296E+22
   0.25090E+04   0.86494E+03   0.17029E+01   0.25302E+22
   0.25100E+04   0.86532E+03   0.17034E+01   0.25309E+22
   0.25110E+04   0.86570E+03   0.17039E+01   0.25316E+22
   0.25120E+04   0.86608E+03   0.17044E+01   0.25323E+22
   0.25129E+04   0.86646E+03   0.17049E+01   0.25330E+22
   0.25139E+04   0.86684E+03   0.17054E+01   0.25337E+22
   0.25149E+04   0.86722E+03   0.17059E+01   0.25344E+22
   0.25159E+04   0.86760E+03   0.17064E+01   0.25351E+22
   0.25169E+04   0.86798E+03   0.17069E+01   0.25357E+22
   0.25179E+04   0.86836E+03   0.17074E+01   0.25364E+22
   0.25189E+04   0.86874E+03   0.17079E+01   0.25371E+22
   0.25199E+04   0.86913E+03   0.17084E+01   0.25378E+22
   0.25209E+04   0.86951E+03   0.17089E+01   0.25385E+22
   0.25219E+04   0.86989E+03   0.17094E+01   0.25392E+22
   0.25229E+04   0.87027E+03   0.17099E+01   0.25399E+22
   0.25239E+04   0.87065E+03   0.17104E+01   0.25406E+22
   0.25248E+04   0.87103E+03   0.17109E+01   0.25412E+22
   0.25258E+04   0.87141E+03   0.17114E+01   0.25419E+22
   0.25268E+04   0.87179E+03   0.17119E+01   0.25426E+22
   0.25278E+04   0.87218E+03   0.17124E+01   0.25433E+22
   0.25288E+04   0.87256E+03   0.17129E+01   0.25440E+22
   0.25298E+04   0.87294E+03   0.17134E+01   0.25447E+22
   0.25308E+04   0.87332E+03   0.17139E+01   0.25454E+22
   0.25318E+04   0.87370E+03   0.17144E+01   0.25461E+22
   0.25328E+04   0.87408E+03   0.17149E+01   0.25467E+22
   0.25338E+04   0.87446E+03   0.17154E+01   0.25474E+22
   0.25348E+04   0.87485E+03   0.17159E+01   0.25481E+22
   0.25358E+04   0.87523E+03   0.17164E+01   0.25488E+22
   0.25368E+04   0.87561E+03   0.17169E+01   0.25495E+22
   0.25378E+04   0.87599E+03   0.17174E+01   0.25502E+22
   0.25388E+04   0.87637E+03   0.17179E+01   0.25509E+22
   0.25397E+04   0.87675E+03   0.17184E+01   0.25516E+22
   0.25407E+04   0.87714E+03   0.17189E+01   0.25523E+22
   0.25417E+04   0.87752E+03   0.17194E+01   0.25529E+22
   0.25427E+04   0.87790E+03   0.17199E+01   0.25536E+22
   0.25437E+04   0.87828E+03   0.17204E+01   0.25543E+22
   0.25447E+04   0.87866E+03   0.17209E+01   0.25550E+22
   0.25457E+04   0.87904E+03   0.17214E+01   0.25557E+22
   0.25467E+04   0.87943E+03   0.17219E+01   0.25564E+22
   0.25477E+04   0.87981E+03   0.17224E+01   0.25571E+22
   0.25487E+04   0.88019E+03   0.17229E+01   0.25578E+22
   0.25497E+04   0.88057E+03   0.17234E+01   0.25584E+22
   0.25507E+04   0.88096E+03   0.17239E+01   0.25591E+22
   0.25517E+04   0.88134E+03   0.17244E+01   0.25598E+22
   0.25527E+04   0.88172E+03   0.17249E+01   0.25605E+22
   0.25537E+04   0.88210E+03   0.17254E+01   0.25612E+22
   0.25547E+04   0.88248E+03   0.17259E+01   0.25619E+22
   0.25557E+04   0.88287E+03   0.17264E+01   0.25626E+22
   0.25567E+04   0.88325E+03   0.17269E+01   0.25633E+22
   0.25577E+04   0.88363E+03   0.17274E+01   0.25639E+22
   0.25587E+04   0.88401E+03   0.17279E+01   0.25646E+22
   0.25597E+04   0.88440E+03   0.17284E+01   0.25653E+22
   0.25606E+04   0.88478E+03   0.17289E+01   0.25660E+22
   0.25616E+04   0.88516E+03   0.17294E+01   0.25667E+22
   0.25626E+04   0.88554E+03   0.17299E+01   0.25674E+22
   0.25636E+04   0.88593E+03   0.17304E+01   0.25681E+22
   0.25646E+04   0.88631E+03   0.17309E+01   0.25688E+22
   0.25656E+04   0.88669E+03   0.17314E+01   0.25695E+22
   0.25666E+04   0.88707E+03   0.17319E+01   0.25701E+22
   0.25676E+04   0.88746E+03   0.17324E+01   0.25708E+22
   0.25686E+04   0.88784E+03   0.17329E+01   0.25715E+22
   0.25696E+04   0.88822E+03   0.17334E+01   0.25722E+22
   0.25706E+04   0.88861E+03   0.17339E+01   0.25729E+22
   0.25716E+04   0.88899E+03   0.17344E+01   0.25736E+22
   0.25726E+04   0.88937E+03   0.17349E+01   0.25743E+22
   0.25736E+04   0.88975E+03   0.17354E+01   0.25750E+22
   0.25746E+04   0.89014E+03   0.17359E+01   0.25757E+22
   0.25756E+04   0.89052E+03   0.17364E+01   0.25763E+22
   0.25766E+04   0.89090E+03   0.17369E+01   0.25770E+22
   0.25776E+04   0.89129E+03   0.17374E+01   0.25777E+22
   0.25786E+04   0.89167E+03   0.17379E+01   0.25784E+22
   0.25796E+04   0.89205E+03   0.17384E+01   0.25791E+22
   0.25806E+04   0.89244E+03   0.17389E+01   0.25798E+22
   0.25816E+04   0.89282E+03   0.17394E+01   0.25805E+22
   0.25826E+04   0.89320E+03   0.17399E+01   0.25812E+22
   0.25836E+04   0.89359E+03   0.17404E+01   0.25818E+22
   0.25846E+04   0.89397E+03   0.17409E+01   0.25825E+22
   0.25856E+04   0.89435E+03   0.17414E+01   0.25832E+22
   0.25866E+04   0.89474E+03   0.17419E+01   0.25839E+22
   0.25876E+04   0.89512E+03   0.17424E+01   0.25846E+22
   0.25886E+04   0.89550E+03   0.17429E+01   0.25853E+22
   0.25896E+04   0.89589E+03   0.17434E+01   0.25860E+22
   0.25906E+04   0.89627E+03   0.17439E+01   0.25867E+22
   0.25916E+04   0.89665E+03   0.17444E+01   0.25874E+22
   0.25926E+04   0.89704E+03   0.17449E+01   0.25880E+22
   0.25936E+04   0.89742E+03   0.17454E+01   0.25887E+22
   0.25946E+04   0.89780E+03   0.17459E+01   0.25894E+22
   0.25956E+04   0.89819E+03   0.17464E+01   0.25901E+22
   0.25966E+04   0.89857E+03   0.17469E+01   0.25908E+22
   0.25976E+04   0.89896E+03   0.17474E+01   0.25915E+22
   0.25986E+04   0.89934E+03   0.17479E+01   0.25922E+22
   0.25996E+04   0.89972E+03   0.17484E+01   0.25929E+22
   0.26006E+04   0.90011E+03   0.17489E+01   0.25936E+22
   0.26016E+04   0.90049E+03   0.17494E+01   0.25942E+22
   0.26026E+04   0.90087E+03   0.17499E+01   0.25949E+22
   0.26036E+04   0.90126E+03   0.17504E+01   0.25956E+22
   0.26046E+04   0.90164E+03   0.17509E+01   0.25963E+22
   0.26056E+04   0.90203E+03   0.17514E+01   0.25970E+22
   0.26066E+04   0.90241E+03   0.17519E+01   0.25977E+22
   0.26076E+04   0.90279E+03   0.17524E+01   0.25984E+22
   0.26086E+04   0.90318E+03   0.17529E+01   0.25991E+22
   0.26096E+04   0.90356E+03   0.17534E+01   0.25998E+22
   0.26106E+04   0.90395E+03   0.17539E+01   0.26004E+22
   0.26116E+04   0.90433E+03   0.17544E+01   0.26011E+22
   0.26126E+04   0.90472E+03   0.17549E+01   0.26018E+22
   0.26136E+04   0.90510E+03   0.17554E+01   0.26025E+22
   0.26146E+04   0.90548E+03   0.17559E+01   0.26032E+22
   0.26156E+04   0.90587E+03   0.17564E+01   0.26039E+22
   0.26166E+04   0.90625E+03   0.17569E+01   0.26046E+22
   0.26176E+04   0.90664E+03   0.17574E+01   0.26053E+22
   0.26186E+04   0.90702E+03   0.17579E+01   0.26060E+22
   0.26196E+04   0.90741E+03   0.17584E+01   0.26066E+22
   0.26206E+04   0.90779E+03   0.17589E+01   0.26073E+22
   0.26216E+04   0.90818E+03   0.17594E+01   0.26080E+22
   0.26226E+04   0.90856E+03   0.17599E+01   0.26087E+22
   0.26236E+04   0.90895E+03   0.17604E+01   0.26094E+22
   0.26246E+04   0.90933E+03   0.17609E+01   0.26101E+22
   0.26256E+04   0.90972E+03   0.17614E+01   0.26108E+22
   0.26267E+04   0.91010E+03   0.17619E+01   0.26115E+22
   0.26277E+04   0.91048E+03   0.17624E+01   0.26122E+22
   0.26287E+04   0.91087E+03   0.17629E+01   0.26128E+22
   0.26297E+04   0.91125E+03   0.17634E+01   0.26135E+22
   0.26307E+04   0.91164E+03   0.17639E+01   0.26142E+22
   0.26317E+04   0.91202E+03   0.17644E+01   0.26149E+22
   0.26327E+04   0.91241E+03   0.17649E+01   0.26156E+22
   0.26337E+04   0.91279E+03   0.17654E+01   0.26163E+22
   0.26347E+04   0.91318E+03   0.17659E+01   0.26170E+22
   0.26357E+04   0.91356E+03   0.17664E+01   0.26177E+22
   0.26367E+04   0.91395E+03   0.17669E+01   0.26184E+22
   0.26377E+04   0.91433E+03   0.17674E+01   0.26190E+22
   0.26387E+04   0.91472E+03   0.17679E+01   0.26197E+22
   0.26397E+04   0.91511E+03   0.17684E+01   0.26204E+22
   0.26407E+04   0.91549E+03   0.17689E+01   0.26211E+22
   0.26417E+04   0.91588E+03   0.17694E+01   0.26218E+22
   0.26427E+04   0.91626E+03   0.17699E+01   0.26225E+22
   0.26437E+04   0.91665E+03   0.17704E+01   0.26232E+22
   0.26447E+04   0.91703E+03   0.17709E+01   0.26239E+22
   0.26457E+04   0.91742E+03   0.17714E+01   0.26246E+22
   0.26467E+04   0.91780E+03   0.17719E+01   0.26252E+22
   0.26478E+04   0.91819E+03   0.17724E+01   0.26259E+22
   0.26488E+04   0.91857E+03   0.17729E+01   0.26266E+22
   0.26498E+04   0.91896E+03   0.17734E+01   0.26273E+22
   0.26508E+04   0.91935E+03   0.17739E+01   0.26280E+22
   0.26518E+04   0.91973E+03   0.17744E+01   0.26287E+22
   0.26528E+04   0.92012E+03   0.17749E+01   0.26294E+22
   0.26538E+04   0.92050E+03   0.17754E+01   0.26301E+22
   0.26548E+04   0.92089E+03   0.17759E+01   0.26308E+22
   0.26558E+04   0.92127E+03   0.17764E+01   0.26314E+22
   0.26568E+04   0.92166E+03   0.17769E+01   0.26321E+22
   0.26578E+04   0.92205E+03   0.17774E+01   0.26328E+22
   0.26588E+04   0.92243E+03   0.17779E+01   0.26335E+22
   0.26598E+04   0.92282E+03   0.17784E+01   0.26342E+22
   0.26608E+04   0.92320E+03   0.17789E+01   0.26349E+22
   0.26618E+04   0.92359E+03   0.17794E+01   0.26356E+22
   0.26629E+04   0.92398E+03   0.17799E+01   0.26363E+22
   0.26639E+04   0.92436E+03   0.17804E+01   0.26370E+22
   0.26649E+04   0.92475E+03   0.17809E+01   0.26377E+22
   0.26659E+04   0.92513E+03   0.17814E+01   0.26383E+22
   0.26669E+04   0.92552E+03   0.17819E+01   0.26390E+22
   0.26679E+04   0.92591E+03   0.17824E+01   0.26397E+22
   0.26689E+04   0.92629E+03   0.17829E+01   0.26404E+22
   0.26699E+04   0.92668E+03   0.17834E+01   0.26411E+22
   0.26709E+04   0.92707E+03   0.17839E+01   0.26418E+22
   0.26719E+04   0.92745E+03   0.17844E+01   0.26425E+22
   0.26729E+04   0.92784E+03   0.17849E+01   0.26432E+22
   0.26739E+04   0.92822E+03   0.17854E+01   0.26439E+22
   0.26750E+04   0.92861E+03   0.17859E+01   0.26445E+22
   0.26760E+04   0.92900E+03   0.17864E+01   0.26452E+22
   0.26770E+04   0.92938E+03   0.17869E+01   0.26459E+22
   0.26780E+04   0.92977E+03   0.17874E+01   0.26466E+22
   0.26790E+04   0.93016E+03   0.17879E+01   0.26473E+22
   0.26800E+04   0.93054E+03   0.17884E+01   0.26480E+22
   0.26810E+04   0.93093E+03   0.17889E+01   0.26487E+22
   0.26820E+04   0.93132E+03   0.17894E+01   0.26494E+22
   0.26830E+04   0.93170E+03   0.17899E+01   0.26501E+22
   0.26840E+04   0.93209E+03   0.17904E+01   0.26508E+22
   0.26850E+04   0.93248E+03   0.17909E+01   0.26514E+22
   0.26861E+04   0.93286E+03   0.17914E+01   0.26521E+22
   0.26871E+04   0.93325E+03   0.17919E+01   0.26528E+22
   0.26881E+04   0.93364E+03   0.17924E+01   0.26535E+22
   0.26891E+04   0.93402E+03   0.17929E+01   0.26542E+22
   0.26901E+04   0.93441E+03   0.17934E+01   0.26549E+22
   0.26911E+04   0.93480E+03   0.17939E+01   0.26556E+22
   0.26921E+04   0.93519E+03   0.17944E+01   0.26563E+22
   0.26931E+04   0.93557E+03   0.17949E+01   0.26570E+22
   0.26941E+04   0.93596E+03   0.17954E+01   0.26576E+22
   0.26952E+04   0.93635E+03   0.17959E+01   0.26583E+22
   0.26962E+04   0.93673E+03   0.17964E+01   0.26590E+22
   0.26972E+04   0.93712E+03   0.17969E+01   0.26597E+22
   0.26982E+04   0.93751E+03   0.17974E+01   0.26604E+22
   0.26992E+04   0.93790E+03   0.17979E+01   0.26611E+22
   0.27002E+04   0.93828E+03   0.17984E+01   0.26618E+22
   0.27012E+04   0.93867E+03   0.17989E+01   0.26625E+22
   0.27022E+04   0.93906E+03   0.17994E+01   0.26632E+22
   0.27032E+04   0.93945E+03   0.17999E+01   0.26639E+22
   0.27043E+04   0.93983E+03   0.18004E+01   0.26645E+22
   0.27053E+04   0.94022E+03   0.18009E+01   0.26652E+22
   0.27063E+04   0.94061E+03   0.18014E+01   0.26659E+22
   0.27073E+04   0.94100E+03   0.18019E+01   0.26666E+22
   0.27083E+04   0.94138E+03   0.18024E+01   0.26673E+22
   0.27093E+04   0.94177E+03   0.18029E+01   0.26680E+22
   0.27103E+04   0.94216E+03   0.18034E+01   0.26687E+22
   0.27113E+04   0.94255E+03   0.18039E+01   0.26694E+22
   0.27124E+04   0.94293E+03   0.18044E+01   0.26701E+22
   0.27134E+04   0.94332E+03   0.18049E+01   0.26708E+22
   0.27144E+04   0.94371E+03   0.18054E+01   0.26714E+22
   0.27154E+04   0.94410E+03   0.18059E+01   0.26721E+22
   0.27164E+04   0.94448E+03   0.18064E+01   0.26728E+22
   0.27174E+04   0.94487E+03   0.18069E+01   0.26735E+22
   0.27184E+04   0.94526E+03   0.18074E+01   0.26742E+22
   0.27194E+04   0.94565E+03   0.18079E+01   0.26749E+22
   0.27205E+04   0.94604E+03   0.18084E+01   0.26756E+22
   0.27215E+04   0.94642E+03   0.18089E+01   0.26763E+22
   0.27225E+04   0.94681E+03   0.18094E+01   0.26770E+22
   0.27235E+04   0.94720E+03   0.18099E+01   0.26777E+22
   0.27245E+04   0.94759E+03   0.18104E+01   0.26783E+22
   0.27255E+04   0.94798E+03   0.18109E+01   0.26790E+22
   0.27265E+04   0.94837E+03   0.18114E+01   0.26797E+22
   0.27276E+04   0.94875E+03   0.18119E+01   0.26804E+22
   0.27286E+04   0.94914E+03   0.18124E+01   0.26811E+22
   0.27296E+04   0.94953E+03   0.18129E+01   0.26818E+22
   0.27306E+04   0.94992E+03   0.18134E+01   0.26825E+22
   0.27316E+04   0.95031E+03   0.18139E+01   0.26832E+22
   0.27326E+04   0.95070E+03   0.18144E+01   0.26839E+22
   0.27336E+04   0.95108E+03   0.18149E+01   0.26846E+22
   0.27347E+04   0.95147E+03   0.18154E+01   0.26852E+22
   0.27357E+04   0.95186E+03   0.18159E+01   0.26859E+22
   0.27367E+04   0.95225E+03   0.18164E+01   0.26866E+22
   0.27377E+04   0.95264E+03   0.18169E+01   0.26873E+22
   0.27387E+04   0.95303E+03   0.18174E+01   0.26880E+22
   0.27397E+04   0.95341E+03   0.18179E+01   0.26887E+22
   0.27408E+04   0.95380E+03   0.18184E+01   0.26894E+22
   0.27418E+04   0.95419E+03   0.18189E+01   0.26901E+22
   0.27428E+04   0.95458E+03   0.18194E+01   0.26908E+22
   0.27438E+04   0.95497E+03   0.18199E+01   0.26915E+22
   0.27448E+04   0.95536E+03   0.18204E+01   0.26921E+22
   0.27458E+04   0.95575E+03   0.18209E+01   0.26928E+22
   0.27469E+04   0.95614E+03   0.18214E+01   0.26935E+22
   0.27479E+04   0.95653E+03   0.18219E+01   0.26942E+22
   0.27489E+04   0.95691E+03   0.18224E+01   0.26949E+22
   0.27499E+04   0.95730E+03   0.18229E+01   0.26956E+22
   0.27509E+04   0.95769E+03   0.18234E+01   0.26963E+22
   0.27519E+04   0.95808E+03   0.18239E+01   0.26970E+22
   0.27530E+04   0.95847E+03   0.18244E+01   0.26977E+22
   0.27540E+04   0.95886E+03   0.18249E+01   0.26984E+22
   0.27550E+04   0.95925E+03   0.18254E+01   0.26990E+22
   0.27560E+04   0.95964E+03   0.18259E+01   0.26997E+22
   0.27570E+04   0.96003E+03   0.18264E+01   0.27004E+22
   0.27580E+04   0.96042E+03   0.18269E+01   0.27011E+22
   0.27591E+04   0.96081E+03   0.18274E+01   0.27018E+22
   0.27601E+04   0.96119E+03   0.18279E+01   0.27025E+22
   0.27611E+04   0.96158E+03   0.18284E+01   0.27032E+22
   0.27621E+04   0.96197E+03   0.18289E+01   0.27039E+22
   0.27631E+04   0.96236E+03   0.18294E+01   0.27046E+22
   0.27642E+04   0.96275E+03   0.18299E+01   0.27053E+22
   0.27652E+04   0.96314E+03   0.18304E+01   0.27060E+22
   0.27662E+04   0.96353E+03   0.18309E+01   0.27066E+22
   0.27672E+04   0.96392E+03   0.18314E+01   0.27073E+22
   0.27682E+04   0.96431E+03   0.18319E+01   0.27080E+22
   0.27692E+04   0.96470E+03   0.18324E+01   0.27087E+22
   0.27703E+04   0.96509E+03   0.18329E+01   0.27094E+22
   0.27713E+04   0.96548E+03   0.18334E+01   0.27101E+22
   0.27723E+04   0.96587E+03   0.18339E+01   0.27108E+22
   0.27733E+04   0.96626E+03   0.18344E+01   0.27115E+22
   0.27743E+04   0.96665E+03   0.18349E+01   0.27122E+22
   0.27754E+04   0.96704E+03   0.18354E+01   0.27129E+22
   0.27764E+04   0.96743E+03   0.18359E+01   0.27135E+22
   0.27774E+04   0.96782E+03   0.18364E+01   0.27142E+22
   0.27784E+04   0.96821E+03   0.18369E+01   0.27149E+22
   0.27794E+04   0.96860E+03   0.18374E+01   0.27156E+22
   0.27805E+04   0.96899E+03   0.18379E+01   0.27163E+22
   0.27815E+04   0.96938E+03   0.18384E+01   0.27170E+22
   0.27825E+04   0.96977E+03   0.18389E+01   0.27177E+22
   0.27835E+04   0.97016E+03   0.18394E+01   0.27184E+22
   0.27845E+04   0.97055E+03   0.18399E+01   0.27191E+22
   0.27856E+04   0.97094E+03   0.18404E+01   0.27198E+22
   0.27866E+04   0.97133E+03   0.18409E+01   0.27205E+22
   0.27876E+04   0.97172E+03   0.18414E+01   0.27211E+22
   0.27886E+04   0.97211E+03   0.18419E+01   0.27218E+22
   0.27896E+04   0.97250E+03   0.18424E+01   0.27225E+22
   0.27907E+04   0.97289E+03   0.18429E+01   0.27232E+22
   0.27917E+04   0.97328E+03   0.18434E+01   0.27239E+22
   0.27927E+04   0.97367E+03   0.18439E+01   0.27246E+22
   0.27937E+04   0.97406E+03   0.18444E+01   0.27253E+22
   0.27947E+04   0.97445E+03   0.18449E+01   0.27260E+22
   0.27958E+04   0.97484E+03   0.18454E+01   0.27267E+22
   0.27968E+04   0.97523E+03   0.18459E+01   0.27274E+22
   0.27978E+04   0.97562E+03   0.18464E+01   0.27281E+22
   0.27988E+04   0.97601E+03   0.18469E+01   0.27287E+22
   0.27999E+04   0.97640E+03   0.18474E+01   0.27294E+22
   0.28009E+04   0.97679E+03   0.18479E+01   0.27301E+22
   0.28019E+04   0.97719E+03   0.18484E+01   0.27308E+22
   0.28029E+04   0.97758E+03   0.18489E+01   0.27315E+22
   0.28039E+04   0.97797E+03   0.18494E+01   0.27322E+22
   0.28050E+04   0.97836E+03   0.18499E+01   0.27329E+22
   0.28060E+04   0.97875E+03   0.18504E+01   0.27336E+22
   0.28070E+04   0.97914E+03   0.18509E+01   0.27343E+22
   0.28080E+04   0.97953E+03   0.18514E+01   0.27350E+22
   0.28091E+04   0.97992E+03   0.18519E+01   0.27356E+22
   0.28101E+04   0.98031E+03   0.18524E+01   0.27363E+22
   0.28111E+04   0.98070E+03   0.18529E+01   0.27370E+22
   0.28121E+04   0.98109E+03   0.18534E+01   0.27377E+22
   0.28132E+04   0.98149E+03   0.18539E+01   0.27384E+22
   0.28142E+04   0.98188E+03   0.18544E+01   0.27391E+22
   0.28152E+04   0.98227E+03   0.18549E+01   0.27398E+22
   0.28162E+04   0.98266E+03   0.18554E+01   0.27405E+22
   0.28172E+04   0.98305E+03   0.18559E+01   0.27412E+22
   0.28183E+04   0.98344E+03   0.18564E+01   0.27419E+22
   0.28193E+04   0.98383E+03   0.18569E+01   0.27426E+22
   0.28203E+04   0.98422E+03   0.18574E+01   0.27432E+22
   0.28213E+04   0.98461E+03   0.18579E+01   0.27439E+22
   0.28224E+04   0.98501E+03   0.18584E+01   0.27446E+22
   0.28234E+04   0.98540E+03   0.18589E+01   0.27453E+22
   0.28244E+04   0.98579E+03   0.18594E+01   0.27460E+22
   0.28254E+04   0.98618E+03   0.18599E+01   0.27467E+22
   0.28265E+04   0.98657E+03   0.18604E+01   0.27474E+22
   0.28275E+04   0.98696E+03   0.18609E+01   0.27481E+22
   0.28285E+04   0.98736E+03   0.18614E+01   0.27488E+22
   0.28295E+04   0.98775E+03   0.18619E+01   0.27495E+22
   0.28306E+04   0.98814E+03   0.18624E+01   0.27502E+22
   0.28316E+04   0.98853E+03   0.18629E+01   0.27508E+22
   0.28326E+04   0.98892E+03   0.18634E+01   0.27515E+22
   0.28336E+04   0.98931E+03   0.18639E+01   0.27522E+22
   0.28347E+04   0.98971E+03   0.18644E+01   0.27529E+22
   0.28357E+04   0.99010E+03   0.18649E+01   0.27536E+22
   0.28367E+04   0.99049E+03   0.18654E+01   0.27543E+22
   0.28377E+04   0.99088E+03   0.18659E+01   0.27550E+22
   0.28388E+04   0.99127E+03   0.18664E+01   0.27557E+22
   0.28398E+04   0.99166E+03   0.18669E+01   0.27564E+22
   0.28408E+04   0.99206E+03   0.18674E+01   0.27571E+22
   0.28418E+04   0.99245E+03   0.18679E+01   0.27578E+22
   0.28429E+04   0.99284E+03   0.18684E+01   0.27585E+22
   0.28439E+04   0.99323E+03   0.18689E+01   0.27591E+22
   0.28449E+04   0.99362E+03   0.18694E+01   0.27598E+22
   0.28460E+04   0.99402E+03   0.18699E+01   0.27605E+22
   0.28470E+04   0.99441E+03   0.18704E+01   0.27612E+22
   0.28480E+04   0.99480E+03   0.18709E+01   0.27619E+22
   0.28490E+04   0.99519E+03   0.18714E+01   0.27626E+22
   0.28501E+04   0.99559E+03   0.18719E+01   0.27633E+22
   0.28511E+04   0.99598E+03   0.18724E+01   0.27640E+22
   0.28521E+04   0.99637E+03   0.18729E+01   0.27647E+22
   0.28531E+04   0.99676E+03   0.18734E+01   0.27654E+22
   0.28542E+04   0.99715E+03   0.18739E+01   0.27661E+22
   0.28552E+04   0.99755E+03   0.18744E+01   0.27667E+22
   0.28562E+04   0.99794E+03   0.18749E+01   0.27674E+22
   0.28573E+04   0.99833E+03   0.18754E+01   0.27681E+22
   0.28583E+04   0.99872E+03   0.18759E+01   0.27688E+22
   0.28593E+04   0.99912E+03   0.18764E+01   0.27695E+22
   0.28603E+04   0.99951E+03   0.18769E+01   0.27702E+22
   0.28614E+04   0.99990E+03   0.18774E+01   0.27709E+22
   0.28624E+04   0.10003E+04   0.18779E+01   0.27716E+22
   0.28634E+04   0.10007E+04   0.18784E+01   0.27723E+22
   0.28645E+04   0.10011E+04   0.18789E+01   0.27730E+22
   0.28655E+04   0.10015E+04   0.18794E+01   0.27737E+22
   0.28665E+04   0.10019E+04   0.18799E+01   0.27744E+22
   0.28675E+04   0.10023E+04   0.18804E+01   0.27750E+22
   0.28686E+04   0.10027E+04   0.18809E+01   0.27757E+22
   0.28696E+04   0.10030E+04   0.18814E+01   0.27764E+22
   0.28706E+04   0.10034E+04   0.18819E+01   0.27771E+22
   0.28717E+04   0.10038E+04   0.18824E+01   0.27778E+22
   0.28727E+04   0.10042E+04   0.18829E+01   0.27785E+22
   0.28737E+04   0.10046E+04   0.18834E+01   0.27792E+22
   0.28747E+04   0.10050E+04   0.18839E+01   0.27799E+22
   0.28758E+04   0.10054E+04   0.18844E+01   0.27806E+22
   0.28768E+04   0.10058E+04   0.18849E+01   0.27813E+22
   0.28778E+04   0.10062E+04   0.18854E+01   0.27820E+22
   0.28789E+04   0.10066E+04   0.18859E+01   0.27826E+22
   0.28799E+04   0.10070E+04   0.18864E+01   0.27833E+22
   0.28809E+04   0.10074E+04   0.18869E+01   0.27840E+22
   0.28820E+04   0.10078E+04   0.18874E+01   0.27847E+22
   0.28830E+04   0.10082E+04   0.18879E+01   0.27854E+22
   0.28840E+04   0.10085E+04   0.18884E+01   0.27861E+22
   0.28850E+04   0.10089E+04   0.18889E+01   0.27868E+22
   0.28861E+04   0.10093E+04   0.18894E+01   0.27875E+22
   0.28871E+04   0.10097E+04   0.18899E+01   0.27882E+22
   0.28881E+04   0.10101E+04   0.18904E+01   0.27889E+22
   0.28892E+04   0.10105E+04   0.18909E+01   0.27896E+22
   0.28902E+04   0.10109E+04   0.18914E+01   0.27903E+22
   0.28912E+04   0.10113E+04   0.18919E+01   0.27909E+22
   0.28923E+04   0.10117E+04   0.18924E+01   0.27916E+22
   0.28933E+04   0.10121E+04   0.18929E+01   0.27923E+22
   0.28943E+04   0.10125E+04   0.18934E+01   0.27930E+22
   0.28954E+04   0.10129E+04   0.18939E+01   0.27937E+22
   0.28964E+04   0.10133E+04   0.18944E+01   0.27944E+22
   0.28974E+04   0.10137E+04   0.18949E+01   0.27951E+22
   0.28985E+04   0.10141E+04   0.18954E+01   0.27958E+22
   0.28995E+04   0.10145E+04   0.18959E+01   0.27965E+22
   0.29005E+04   0.10148E+04   0.18964E+01   0.27972E+22
   0.29016E+04   0.10152E+04   0.18969E+01   0.27979E+22
   0.29026E+04   0.10156E+04   0.18974E+01   0.27986E+22
   0.29036E+04   0.10160E+04   0.18979E+01   0.27992E+22
   0.29047E+04   0.10164E+04   0.18984E+01   0.27999E+22
   0.29057E+04   0.10168E+04   0.18989E+01   0.28006E+22
   0.29067E+04   0.10172E+04   0.18994E+01   0.28013E+22
   0.29078E+04   0.10176E+04   0.18999E+01   0.28020E+22
   0.29088E+04   0.10180E+04   0.19004E+01   0.28027E+22
   0.29098E+04   0.10184E+04   0.19009E+01   0.28034E+22
   0.29108E+04   0.10188E+04   0.19014E+01   0.28041E+22
   0.29119E+04   0.10192E+04   0.19019E+01   0.28048E+22
   0.29129E+04   0.10196E+04   0.19024E+01   0.28055E+22
   0.29140E+04   0.10200E+04   0.19029E+01   0.28062E+22
   0.29150E+04   0.10204E+04   0.19034E+01   0.28069E+22
   0.29160E+04   0.10208E+04   0.19039E+01   0.28075E+22
   0.29171E+04   0.10212E+04   0.19044E+01   0.28082E+22
   0.29181E+04   0.10215E+04   0.19049E+01   0.28089E+22
   0.29191E+04   0.10219E+04   0.19054E+01   0.28096E+22
   0.29202E+04   0.10223E+04   0.19059E+01   0.28103E+22
   0.29212E+04   0.10227E+04   0.19064E+01   0.28110E+22
   0.29222E+04   0.10231E+04   0.19069E+01   0.28117E+22
   0.29233E+04   0.10235E+04   0.19074E+01   0.28124E+22
   0.29243E+04   0.10239E+04   0.19079E+01   0.28131E+22
   0.29253E+04   0.10243E+04   0.19084E+01   0.28138E+22
   0.29264E+04   0.10247E+04   0.19089E+01   0.28145E+22
   0.29274E+04   0.10251E+04   0.19094E+01   0.28152E+22
   0.29284E+04   0.10255E+04   0.19099E+01   0.28158E+22
   0.29295E+04   0.10259E+04   0.19104E+01   0.28165E+22
   0.29305E+04   0.10263E+04   0.19109E+01   0.28172E+22
   0.29315E+04   0.10267E+04   0.19114E+01   0.28179E+22
   0.29326E+04   0.10271E+04   0.19119E+01   0.28186E+22
   0.29336E+04   0.10275E+04   0.19124E+01   0.28193E+22
   0.29346E+04   0.10279E+04   0.19129E+01   0.28200E+22
   0.29357E+04   0.10283E+04   0.19134E+01   0.28207E+22
   0.29367E+04   0.10287E+04   0.19139E+01   0.28214E+22
   0.29378E+04   0.10290E+04   0.19144E+01   0.28221E+22
   0.29388E+04   0.10294E+04   0.19149E+01   0.28228E+22
   0.29398E+04   0.10298E+04   0.19154E+01   0.28235E+22
   0.29409E+04   0.10302E+04   0.19159E+01   0.28242E+22
   0.29419E+04   0.10306E+04   0.19164E+01   0.28248E+22
   0.29429E+04   0.10310E+04   0.19169E+01   0.28255E+22
   0.29440E+04   0.10314E+04   0.19174E+01   0.28262E+22
   0.29450E+04   0.10318E+04   0.19179E+01   0.28269E+22
   0.29460E+04   0.10322E+04   0.19184E+01   0.28276E+22
   0.29471E+04   0.10326E+04   0.19189E+01   0.28283E+22
   0.29481E+04   0.10330E+04   0.19194E+01   0.28290E+22
   0.29492E+04   0.10334E+04   0.19199E+01   0.28297E+22
   0.29502E+04   0.10338E+04   0.19204E+01   0.28304E+22
   0.29512E+04   0.10342E+04   0.19209E+01   0.28311E+22
   0.29523E+04   0.10346E+04   0.19214E+01   0.28318E+22
   0.29533E+04   0.10350E+04   0.19219E+01   0.28325E+22
   0.29543E+04   0.10354E+04   0.19224E+01   0.28331E+22
   0.29554E+04   0.10358E+04   0.19229E+01   0.28338E+22
   0.29564E+04   0.10362E+04   0.19234E+01   0.28345E+22
   0.29575E+04   0.10366E+04   0.19239E+01   0.28352E+22
   0.29585E+04   0.10370E+04   0.19244E+01   0.28359E+22
   0.29595E+04   0.10374E+04   0.19249E+01   0.28366E+22
   0.29606E+04   0.10377E+04   0.19254E+01   0.28373E+22
   0.29616E+04   0.10381E+04   0.19259E+01   0.28380E+22
   0.29626E+04   0.10385E+04   0.19264E+01   0.28387E+22
   0.29637E+04   0.10389E+04   0.19269E+01   0.28394E+22
   0.29647E+04   0.10393E+04   0.19274E+01   0.28401E+22
   0.29658E+04   0.10397E+04   0.19279E+01   0.28408E+22
   0.29668E+04   0.10401E+04   0.19284E+01   0.28415E+22
   0.29678E+04   0.10405E+04   0.19289E+01   0.28421E+22
   0.29689E+04   0.10409E+04   0.19294E+01   0.28428E+22
   0.29699E+04   0.10413E+04   0.19299E+01   0.28435E+22
   0.29710E+04   0.10417E+04   0.19304E+01   0.28442E+22
   0.29720E+04   0.10421E+04   0.19309E+01   0.28449E+22
   0.29730E+04   0.10425E+04   0.19314E+01   0.28456E+22
   0.29741E+04   0.10429E+04   0.19319E+01   0.28463E+22
   0.29751E+04   0.10433E+04   0.19324E+01   0.28470E+22
   0.29762E+04   0.10437E+04   0.19329E+01   0.28477E+22
   0.29772E+04   0.10441E+04   0.19334E+01   0.28484E+22
   0.29782E+04   0.10445E+04   0.19339E+01   0.28491E+22
   0.29793E+04   0.10449E+04   0.19344E+01   0.28498E+22
   0.29803E+04   0.10453E+04   0.19349E+01   0.28505E+22
   0.29814E+04   0.10457E+04   0.19354E+01   0.28511E+22
   0.29824E+04   0.10461E+04   0.19359E+01   0.28518E+22
   0.29834E+04   0.10465E+04   0.19364E+01   0.28525E+22
   0.29845E+04   0.10469E+04   0.19369E+01   0.28532E+22
   0.29855E+04   0.10473E+04   0.19374E+01   0.28539E+22
   0.29866E+04   0.10477E+04   0.19379E+01   0.28546E+22
   0.29876E+04   0.10480E+04   0.19384E+01   0.28553E+22
   0.29886E+04   0.10484E+04   0.19389E+01   0.28560E+22
   0.29897E+04   0.10488E+04   0.19394E+01   0.28567E+22
   0.29907E+04   0.10492E+04   0.19399E+01   0.28574E+22
   0.29918E+04   0.10496E+04   0.19404E+01   0.28581E+22
   0.29928E+04   0.10500E+04   0.19409E+01   0.28588E+22
   0.29938E+04   0.10504E+04   0.19414E+01   0.28595E+22
   0.29949E+04   0.10508E+04   0.19419E+01   0.28601E+22
   0.29959E+04   0.10512E+04   0.19424E+01   0.28608E+22
   0.29970E+04   0.10516E+04   0.19429E+01   0.28615E+22
   0.29980E+04   0.10520E+04   0.19434E+01   0.28622E+22
   0.29991E+04   0.10524E+04   0.19439E+01   0.28629E+22
   0.30001E+04   0.10528E+04   0.19444E+01   0.28636E+22
   0.30011E+04   0.10532E+04   0.19449E+01   0.28643E+22
   0.30022E+04   0.10536E+04   0.19454E+01   0.28650E+22
   0.30032E+04   0.10540E+04   0.19459E+01   0.28657E+22
   0.30043E+04   0.10544E+04   0.19464E+01   0.28664E+22
   0.30053E+04   0.10548E+04   0.19469E+01   0.28671E+22
   0.30064E+04   0.10552E+04   0.19474E+01   0.28678E+22
   0.30074E+04   0.10556E+04   0.19479E+01   0.28685E+22
   0.30084E+04   0.10560E+04   0.19484E+01   0.28691E+22
   0.30095E+04   0.10564E+04   0.19489E+01   0.28698E+22
   0.30105E+04   0.10568E+04   0.19494E+01   0.28705E+22
   0.30116E+04   0.10572E+04   0.19499E+01   0.28712E+22
   0.30126E+04   0.10576E+04   0.19504E+01   0.28719E+22
   0.30137E+04   0.10580E+04   0.19509E+01   0.28726E+22
   0.30147E+04   0.10584E+04   0.19514E+01   0.28733E+22
   0.30157E+04   0.10588E+04   0.19519E+01   0.28740E+22
   0.30168E+04   0.10592E+04   0.19524E+01   0.28747E+22
   0.30178E+04   0.10596E+04   0.19529E+01   0.28754E+22
   0.30189E+04   0.10600E+04   0.19534E+01   0.28761E+22
   0.30199E+04   0.10604E+04   0.19539E+01   0.28768E+22
   0.30210E+04   0.10608E+04   0.19544E+01   0.28775E+22
   0.30220E+04   0.10612E+04   0.19549E+01   0.28782E+22
   0.30231E+04   0.10616E+04   0.19554E+01   0.28788E+22
   0.30241E+04   0.10619E+04   0.19559E+01   0.28795E+22
   0.30251E+04   0.10623E+04   0.19564E+01   0.28802E+22
   0.30262E+04   0.10627E+04   0.19569E+01   0.28809E+22
   0.30272E+04   0.10631E+04   0.19574E+01   0.28816E+22
   0.30283E+04   0.10635E+04   0.19579E+01   0.28823E+22
   0.30293E+04   0.10639E+04   0.19584E+01   0.28830E+22
   0.30304E+04   0.10643E+04   0.19589E+01   0.28837E+22
   0.30314E+04   0.10647E+04   0.19594E+01   0.28844E+22
   0.30325E+04   0.10651E+04   0.19599E+01   0.28851E+22
   0.30335E+04   0.10655E+04   0.19604E+01   0.28858E+22
   0.30345E+04   0.10659E+04   0.19609E+01   0.28865E+22
   0.30356E+04   0.10663E+04   0.19614E+01   0.28872E+22
   0.30366E+04   0.10667E+04   0.19619E+01   0.28878E+22
   0.30377E+04   0.10671E+04   0.19624E+01   0.28885E+22
   0.30387E+04   0.10675E+04   0.19629E+01   0.28892E+22
   0.30398E+04   0.10679E+04   0.19634E+01   0.28899E+22
   0.30408E+04   0.10683E+04   0.19639E+01   0.28906E+22
   0.30419E+04   0.10687E+04   0.19644E+01   0.28913E+22
   0.30429E+04   0.10691E+04   0.19649E+01   0.28920E+22
   0.30440E+04   0.10695E+04   0.19654E+01   0.28927E+22
   0.30450E+04   0.10699E+04   0.19659E+01   0.28934E+22
   0.30461E+04   0.10703E+04   0.19664E+01   0.28941E+22
   0.30471E+04   0.10707E+04   0.19669E+01   0.28948E+22
   0.30481E+04   0.10711E+04   0.19674E+01   0.28955E+22
   0.30492E+04   0.10715E+04   0.19679E+01   0.28962E+22
   0.30502E+04   0.10719E+04   0.19684E+01   0.28969E+22
   0.30513E+04   0.10723E+04   0.19689E+01   0.28975E+22
   0.30523E+04   0.10727E+04   0.19694E+01   0.28982E+22
   0.30534E+04   0.10731E+04   0.19699E+01   0.28989E+22
   0.30544E+04   0.10735E+04   0.19704E+01   0.28996E+22
   0.30555E+04   0.10739E+04   0.19709E+01   0.29003E+22
   0.30565E+04   0.10743E+04   0.19714E+01   0.29010E+22
   0.30576E+04   0.10747E+04   0.19719E+01   0.29017E+22
   0.30586E+04   0.10751E+04   0.19724E+01   0.29024E+22
   0.30597E+04   0.10755E+04   0.19729E+01   0.29031E+22
   0.30607E+04   0.10759E+04   0.19734E+01   0.29038E+22
   0.30618E+04   0.10763E+04   0.19739E+01   0.29045E+22
   0.30628E+04   0.10767E+04   0.19744E+01   0.29052E+22
   0.30639E+04   0.10771E+04   0.19749E+01   0.29059E+22
   0.30649E+04   0.10775E+04   0.19754E+01   0.29066E+22
   0.30660E+04   0.10779E+04   0.19759E+01   0.29072E+22
   0.30670E+04   0.10783E+04   0.19764E+01   0.29079E+22
   0.30681E+04   0.10787E+04   0.19769E+01   0.29086E+22
   0.30691E+04   0.10791E+04   0.19774E+01   0.29093E+22
   0.30702E+04   0.10795E+04   0.19779E+01   0.29100E+22
   0.30712E+04   0.10799E+04   0.19784E+01   0.29107E+22
   0.30723E+04   0.10803E+04   0.19789E+01   0.29114E+22
   0.30733E+04   0.10807E+04   0.19794E+01   0.29121E+22
   0.30744E+04   0.10811E+04   0.19799E+01   0.29128E+22
   0.30754E+04   0.10815E+04   0.19804E+01   0.29135E+22
   0.30764E+04   0.10819E+04   0.19809E+01   0.29142E+22
   0.30775E+04   0.10823E+04   0.19814E+01   0.29149E+22
   0.30785E+04   0.10827E+04   0.19819E+01   0.29156E+22
   0.30796E+04   0.10831E+04   0.19824E+01   0.29163E+22
   0.30806E+04   0.10835E+04   0.19829E+01   0.29170E+22
   0.30817E+04   0.10839E+04   0.19834E+01   0.29176E+22
   0.30827E+04   0.10843E+04   0.19839E+01   0.29183E+22
   0.30838E+04   0.10847E+04   0.19844E+01   0.29190E+22
   0.30848E+04   0.10851E+04   0.19849E+01   0.29197E+22
   0.30859E+04   0.10855E+04   0.19854E+01   0.29204E+22
   0.30870E+04   0.10859E+04   0.19859E+01   0.29211E+22
   0.30880E+04   0.10863E+04   0.19864E+01   0.29218E+22
   0.30891E+04   0.10867E+04   0.19869E+01   0.29225E+22
   0.30901E+04   0.10871E+04   0.19874E+01   0.29232E+22
   0.30912E+04   0.10875E+04   0.19879E+01   0.29239E+22
   0.30922E+04   0.10879E+04   0.19884E+01   0.29246E+22
   0.30933E+04   0.10883E+04   0.19889E+01   0.29253E+22
   0.30943E+04   0.10887E+04   0.19894E+01   0.29260E+22
   0.30954E+04   0.10891E+04   0.19899E+01   0.29267E+22
   0.30964E+04   0.10895E+04   0.19904E+01   0.29273E+22
   0.30975E+04   0.10899E+04   0.19909E+01   0.29280E+22
   0.30985E+04   0.10903E+04   0.19914E+01   0.29287E+22
   0.30996E+04   0.10907E+04   0.19919E+01   0.29294E+22
   0.31006E+04   0.10911E+04   0.19924E+01   0.29301E+22
   0.31017E+04   0.10915E+04   0.19929E+01   0.29308E+22
   0.31027E+04   0.10919E+04   0.19934E+01   0.29315E+22
   0.31038E+04   0.10923E+04   0.19939E+01   0.29322E+22
   0.31048E+04   0.10927E+04   0.19944E+01   0.29329E+22
   0.31059E+04   0.10931E+04   0.19949E+01   0.29336E+22
   0.31069E+04   0.10935E+04   0.19954E+01   0.29343E+22
   0.31080E+04   0.10939E+04   0.19959E+01   0.29350E+22
   0.31090E+04   0.10943E+04   0.19964E+01   0.29357E+22
   0.31101E+04   0.10947E+04   0.19969E+01   0.29364E+22
   0.31111E+04   0.10951E+04   0.19974E+01   0.29371E+22
   0.31122E+04   0.10955E+04   0.19979E+01   0.29377E+22
   0.31132E+04   0.10959E+04   0.19984E+01   0.29384E+22
   0.31143E+04   0.10963E+04   0.19989E+01   0.29391E+22
   0.31154E+04   0.10967E+04   0.19994E+01   0.29398E+22
   0.31164E+04   0.10971E+04   0.19999E+01   0.29405E+22
   0.31175E+04   0.10975E+04   0.20004E+01   0.29412E+22
   0.31185E+04   0.10979E+04   0.20009E+01   0.29419E+22
   0.31196E+04   0.10983E+04   0.20014E+01   0.29426E+22
   0.31206E+04   0.10987E+04   0.20019E+01   0.29433E+22
   0.31217E+04   0.10991E+04   0.20024E+01   0.29440E+22
   0.31227E+04   0.10995E+04   0.20029E+01   0.29447E+22
   0.31238E+04   0.10999E+04   0.20034E+01   0.29454E+22
   0.31248E+04   0.11003E+04   0.20039E+01   0.29461E+22
   0.31259E+04   0.11007E+04   0.20044E+01   0.29468E+22
   0.31269E+04   0.11011E+04   0.20049E+01   0.29475E+22
   0.31280E+04   0.11015E+04   0.20054E+01   0.29481E+22
   0.31291E+04   0.11019E+04   0.20059E+01   0.29488E+22
   0.31301E+04   0.11023E+04   0.20064E+01   0.29495E+22
   0.31312E+04   0.11027E+04   0.20069E+01   0.29502E+22
   0.31322E+04   0.11031E+04   0.20074E+01   0.29509E+22
   0.31333E+04   0.11035E+04   0.20079E+01   0.29516E+22
   0.31343E+04   0.11039E+04   0.20084E+01   0.29523E+22
   0.31354E+04   0.11043E+04   0.20089E+01   0.29530E+22
   0.31364E+04   0.11047E+04   0.20094E+01   0.29537E+22
   0.31375E+04   0.11051E+04   0.20099E+01   0.29544E+22
   0.31385E+04   0.11055E+04   0.20104E+01   0.29551E+22
   0.31396E+04   0.11059E+04   0.20109E+01   0.29558E+22
   0.31407E+04   0.11063E+04   0.20114E+01   0.29565E+22
   0.31417E+04   0.11067E+04   0.20119E+01   0.29572E+22
   0.31428E+04   0.11071E+04   0.20124E+01   0.29579E+22
   0.31438E+04   0.11075E+04   0.20129E+01   0.29585E+22
   0.31449E+04   0.11079E+04   0.20134E+01   0.29592E+22
   0.31459E+04   0.11083E+04   0.20139E+01   0.29599E+22
   0.31470E+04   0.11087E+04   0.20144E+01   0.29606E+22
   0.31481E+04   0.11091E+04   0.20149E+01   0.29613E+22
   0.31491E+04   0.11095E+04   0.20154E+01   0.29620E+22
   0.31502E+04   0.11099E+04   0.20159E+01   0.29627E+22
   0.31512E+04   0.11103E+04   0.20164E+01   0.29634E+22
   0.31523E+04   0.11107E+04   0.20169E+01   0.29641E+22
   0.31533E+04   0.11111E+04   0.20174E+01   0.29648E+22
   0.31544E+04   0.11115E+04   0.20179E+01   0.29655E+22
   0.31555E+04   0.11119E+04   0.20184E+01   0.29662E+22
   0.31565E+04   0.11123E+04   0.20189E+01   0.29669E+22
   0.31576E+04   0.11127E+04   0.20194E+01   0.29676E+22
   0.31586E+04   0.11131E+04   0.20199E+01   0.29683E+22
   0.31597E+04   0.11135E+04   0.20204E+01   0.29690E+22
   0.31607E+04   0.11139E+04   0.20209E+01   0.29696E+22
   0.31618E+04   0.11143E+04   0.20214E+01   0.29703E+22
   0.31629E+04   0.11147E+04   0.20219E+01   0.29710E+22
   0.31639E+04   0.11151E+04   0.20224E+01   0.29717E+22
   0.31650E+04   0.11155E+04   0.20229E+01   0.29724E+22
   0.31660E+04   0.11159E+04   0.20234E+01   0.29731E+22
   0.31671E+04   0.11163E+04   0.20239E+01   0.29738E+22
   0.31681E+04   0.11167E+04   0.20244E+01   0.29745E+22
   0.31692E+04   0.11171E+04   0.20249E+01   0.29752E+22
   0.31703E+04   0.11175E+04   0.20254E+01   0.29759E+22
   0.31713E+04   0.11179E+04   0.20259E+01   0.29766E+22
   0.31724E+04   0.11183E+04   0.20264E+01   0.29773E+22
   0.31734E+04   0.11187E+04   0.20269E+01   0.29780E+22
   0.31745E+04   0.11191E+04   0.20274E+01   0.29787E+22
   0.31756E+04   0.11196E+04   0.20279E+01   0.29794E+22
   0.31766E+04   0.11200E+04   0.20284E+01   0.29801E+22
   0.31777E+04   0.11204E+04   0.20289E+01   0.29807E+22
   0.31787E+04   0.11208E+04   0.20294E+01   0.29814E+22
   0.31798E+04   0.11212E+04   0.20299E+01   0.29821E+22
   0.31808E+04   0.11216E+04   0.20304E+01   0.29828E+22
   0.31819E+04   0.11220E+04   0.20309E+01   0.29835E+22
   0.31830E+04   0.11224E+04   0.20314E+01   0.29842E+22
   0.31840E+04   0.11228E+04   0.20319E+01   0.29849E+22
   0.31851E+04   0.11232E+04   0.20324E+01   0.29856E+22
   0.31861E+04   0.11236E+04   0.20329E+01   0.29863E+22
   0.31872E+04   0.11240E+04   0.20334E+01   0.29870E+22
   0.31883E+04   0.11244E+04   0.20339E+01   0.29877E+22
   0.31893E+04   0.11248E+04   0.20344E+01   0.29884E+22
   0.31904E+04   0.11252E+04   0.20349E+01   0.29891E+22
   0.31914E+04   0.11256E+04   0.20354E+01   0.29898E+22
   0.31925E+04   0.11260E+04   0.20359E+01   0.29905E+22
   0.31936E+04   0.11264E+04   0.20364E+01   0.29912E+22
   0.31946E+04   0.11268E+04   0.20369E+01   0.29918E+22
   0.31957E+04   0.11272E+04   0.20374E+01   0.29925E+22
   0.31968E+04   0.11276E+04   0.20379E+01   0.29932E+22
   0.31978E+04   0.11280E+04   0.20384E+01   0.29939E+22
   0.31989E+04   0.11284E+04   0.20389E+01   0.29946E+22
   0.31999E+04   0.11288E+04   0.20394E+01   0.29953E+22
   0.32010E+04   0.11292E+04   0.20399E+01   0.29960E+22
   0.32021E+04   0.11296E+04   0.20404E+01   0.29967E+22
   0.32031E+04   0.11300E+04   0.20409E+01   0.29974E+22
   0.32042E+04   0.11304E+04   0.20414E+01   0.29981E+22
   0.32052E+04   0.11308E+04   0.20419E+01   0.29988E+22
   0.32063E+04   0.11312E+04   0.20424E+01   0.29995E+22
   0.32074E+04   0.11316E+04   0.20429E+01   0.30002E+22
   0.32084E+04   0.11320E+04   0.20434E+01   0.30009E+22
   0.32095E+04   0.11324E+04   0.20439E+01   0.30016E+22
   0.32106E+04   0.11328E+04   0.20444E+01   0.30023E+22
   0.32116E+04   0.11332E+04   0.20449E+01   0.30029E+22
   0.32127E+04   0.11336E+04   0.20454E+01   0.30036E+22
   0.32137E+04   0.11341E+04   0.20459E+01   0.30043E+22
   0.32148E+04   0.11345E+04   0.20464E+01   0.30050E+22
   0.32159E+04   0.11349E+04   0.20469E+01   0.30057E+22
   0.32169E+04   0.11353E+04   0.20474E+01   0.30064E+22
   0.32180E+04   0.11357E+04   0.20479E+01   0.30071E+22
   0.32191E+04   0.11361E+04   0.20484E+01   0.30078E+22
   0.32201E+04   0.11365E+04   0.20489E+01   0.30085E+22
   0.32212E+04   0.11369E+04   0.20494E+01   0.30092E+22
   0.32222E+04   0.11373E+04   0.20499E+01   0.30099E+22
   0.32233E+04   0.11377E+04   0.20504E+01   0.30106E+22
   0.32244E+04   0.11381E+04   0.20509E+01   0.30113E+22
   0.32254E+04   0.11385E+04   0.20514E+01   0.30120E+22
   0.32265E+04   0.11389E+04   0.20519E+01   0.30127E+22
   0.32276E+04   0.11393E+04   0.20524E+01   0.30134E+22
   0.32286E+04   0.11397E+04   0.20529E+01   0.30141E+22
   0.32297E+04   0.11401E+04   0.20534E+01   0.30147E+22
   0.32308E+04   0.11405E+04   0.20539E+01   0.30154E+22
   0.32318E+04   0.11409E+04   0.20544E+01   0.30161E+22
   0.32329E+04   0.11413E+04   0.20549E+01   0.30168E+22
   0.32339E+04   0.11417E+04   0.20554E+01   0.30175E+22
   0.32350E+04   0.11421E+04   0.20559E+01   0.30182E+22
   0.32361E+04   0.11425E+04   0.20564E+01   0.30189E+22
   0.32371E+04   0.11429E+04   0.20569E+01   0.30196E+22
   0.32382E+04   0.11433E+04   0.20574E+01   0.30203E+22
   0.32393E+04   0.11437E+04   0.20579E+01   0.30210E+22
   0.32403E+04   0.11441E+04   0.20584E+01   0.30217E+22
   0.32414E+04   0.11446E+04   0.20589E+01   0.30224E+22
   0.32425E+04   0.11450E+04   0.20594E+01   0.30231E+22
   0.32435E+04   0.11454E+04   0.20599E+01   0.30238E+22
   0.32446E+04   0.11458E+04   0.20604E+01   0.30245E+22
   0.32457E+04   0.11462E+04   0.20609E+01   0.30252E+22
   0.32467E+04   0.11466E+04   0.20614E+01   0.30259E+22
   0.32478E+04   0.11470E+04   0.20619E+01   0.30265E+22
   0.32489E+04   0.11474E+04   0.20624E+01   0.30272E+22
   0.32499E+04   0.11478E+04   0.20629E+01   0.30279E+22
   0.32510E+04   0.11482E+04   0.20634E+01   0.30286E+22
   0.32521E+04   0.11486E+04   0.20639E+01   0.30293E+22
   0.32531E+04   0.11490E+04   0.20644E+01   0.30300E+22
   0.32542E+04   0.11494E+04   0.20649E+01   0.30307E+22
   0.32553E+04   0.11498E+04   0.20654E+01   0.30314E+22
   0.32563E+04   0.11502E+04   0.20659E+01   0.30321E+22
   0.32574E+04   0.11506E+04   0.20664E+01   0.30328E+22
   0.32585E+04   0.11510E+04   0.20669E+01   0.30335E+22
   0.32595E+04   0.11514E+04   0.20674E+01   0.30342E+22
   0.32606E+04   0.11518E+04   0.20679E+01   0.30349E+22
   0.32617E+04   0.11522E+04   0.20684E+01   0.30356E+22
   0.32627E+04   0.11526E+04   0.20689E+01   0.30363E+22
   0.32638E+04   0.11530E+04   0.20694E+01   0.30370E+22
   0.32649E+04   0.11535E+04   0.20699E+01   0.30377E+22
   0.32659E+04   0.11539E+04   0.20704E+01   0.30383E+22
   0.32670E+04   0.11543E+04   0.20709E+01   0.30390E+22
   0.32681E+04   0.11547E+04   0.20714E+01   0.30397E+22
   0.32691E+04   0.11551E+04   0.20719E+01   0.30404E+22
   0.32702E+04   0.11555E+04   0.20724E+01   0.30411E+22
   0.32713E+04   0.11559E+04   0.20729E+01   0.30418E+22
   0.32723E+04   0.11563E+04   0.20734E+01   0.30425E+22
   0.32734E+04   0.11567E+04   0.20739E+01   0.30432E+22
   0.32745E+04   0.11571E+04   0.20744E+01   0.30439E+22
   0.32755E+04   0.11575E+04   0.20749E+01   0.30446E+22
   0.32766E+04   0.11579E+04   0.20754E+01   0.30453E+22
   0.32777E+04   0.11583E+04   0.20759E+01   0.30460E+22
   0.32787E+04   0.11587E+04   0.20764E+01   0.30467E+22
   0.32798E+04   0.11591E+04   0.20769E+01   0.30474E+22
   0.32809E+04   0.11595E+04   0.20774E+01   0.30481E+22
   0.32819E+04   0.11599E+04   0.20779E+01   0.30488E+22
   0.32830E+04   0.11603E+04   0.20784E+01   0.30495E+22
   0.32841E+04   0.11607E+04   0.20789E+01   0.30502E+22
   0.32852E+04   0.11611E+04   0.20794E+01   0.30508E+22
   0.32862E+04   0.11616E+04   0.20799E+01   0.30515E+22
   0.32873E+04   0.11620E+04   0.20804E+01   0.30522E+22
   0.32884E+04   0.11624E+04   0.20809E+01   0.30529E+22
   0.32894E+04   0.11628E+04   0.20814E+01   0.30536E+22
   0.32905E+04   0.11632E+04   0.20819E+01   0.30543E+22
   0.32916E+04   0.11636E+04   0.20824E+01   0.30550E+22
   0.32926E+04   0.11640E+04   0.20829E+01   0.30557E+22
   0.32937E+04   0.11644E+04   0.20834E+01   0.30564E+22
   0.32948E+04   0.11648E+04   0.20839E+01   0.30571E+22
   0.32958E+04   0.11652E+04   0.20844E+01   0.30578E+22
   0.32969E+04   0.11656E+04   0.20849E+01   0.30585E+22
   0.32980E+04   0.11660E+04   0.20854E+01   0.30592E+22
   0.32991E+04   0.11664E+04   0.20859E+01   0.30599E+22
   0.33001E+04   0.11668E+04   0.20864E+01   0.30606E+22
   0.33012E+04   0.11672E+04   0.20869E+01   0.30613E+22
   0.33023E+04   0.11676E+04   0.20874E+01   0.30620E+22
   0.33033E+04   0.11680E+04   0.20879E+01   0.30627E+22
   0.33044E+04   0.11685E+04   0.20884E+01   0.30633E+22
   0.33055E+04   0.11689E+04   0.20889E+01   0.30640E+22
   0.33066E+04   0.11693E+04   0.20894E+01   0.30647E+22
   0.33076E+04   0.11697E+04   0.20899E+01   0.30654E+22
   0.33087E+04   0.11701E+04   0.20904E+01   0.30661E+22
   0.33098E+04   0.11705E+04   0.20909E+01   0.30668E+22
   0.33108E+04   0.11709E+04   0.20914E+01   0.30675E+22
   0.33119E+04   0.11713E+04   0.20919E+01   0.30682E+22
   0.33130E+04   0.11717E+04   0.20924E+01   0.30689E+22
   0.33141E+04   0.11721E+04   0.20929E+01   0.30696E+22
   0.33151E+04   0.11725E+04   0.20934E+01   0.30703E+22
   0.33162E+04   0.11729E+04   0.20939E+01   0.30710E+22
   0.33173E+04   0.11733E+04   0.20944E+01   0.30717E+22
   0.33183E+04   0.11737E+04   0.20949E+01   0.30724E+22
   0.33194E+04   0.11741E+04   0.20954E+01   0.30731E+22
   0.33205E+04   0.11745E+04   0.20959E+01   0.30738E+22
   0.33216E+04   0.11750E+04   0.20964E+01   0.30745E+22
   0.33226E+04   0.11754E+04   0.20969E+01   0.30752E+22
   0.33237E+04   0.11758E+04   0.20974E+01   0.30759E+22
   0.33248E+04   0.11762E+04   0.20979E+01   0.30765E+22
   0.33258E+04   0.11766E+04   0.20984E+01   0.30772E+22
   0.33269E+04   0.11770E+04   0.20989E+01   0.30779E+22
   0.33280E+04   0.11774E+04   0.20994E+01   0.30786E+22
   0.33291E+04   0.11778E+04   0.20999E+01   0.30793E+22
   0.33301E+04   0.11782E+04   0.21004E+01   0.30800E+22
   0.33312E+04   0.11786E+04   0.21009E+01   0.30807E+22
   0.33323E+04   0.11790E+04   0.21014E+01   0.30814E+22
   0.33334E+04   0.11794E+04   0.21019E+01   0.30821E+22
   0.33344E+04   0.11798E+04   0.21024E+01   0.30828E+22
   0.33355E+04   0.11802E+04   0.21029E+01   0.30835E+22
   0.33366E+04   0.11806E+04   0.21034E+01   0.30842E+22
   0.33377E+04   0.11811E+04   0.21039E+01   0.30849E+22
   0.33387E+04   0.11815E+04   0.21044E+01   0.30856E+22
   0.33398E+04   0.11819E+04   0.21049E+01   0.30863E+22
   0.33409E+04   0.11823E+04   0.21054E+01   0.30870E+22
   0.33420E+04   0.11827E+04   0.21059E+01   0.30877E+22
   0.33430E+04   0.11831E+04   0.21064E+01   0.30884E+22
   0.33441E+04   0.11835E+04   0.21069E+01   0.30891E+22
   0.33452E+04   0.11839E+04   0.21074E+01   0.30897E+22
   0.33463E+04   0.11843E+04   0.21079E+01   0.30904E+22
   0.33473E+04   0.11847E+04   0.21084E+01   0.30911E+22
   0.33484E+04   0.11851E+04   0.21089E+01   0.30918E+22
   0.33495E+04   0.11855E+04   0.21094E+01   0.30925E+22
   0.33506E+04   0.11859E+04   0.21099E+01   0.30932E+22
   0.33516E+04   0.11863E+04   0.21104E+01   0.30939E+22
   0.33527E+04   0.11868E+04   0.21109E+01   0.30946E+22
   0.33538E+04   0.11872E+04   0.21114E+01   0.30953E+22
   0.33549E+04   0.11876E+04   0.21119E+01   0.30960E+22
   0.33559E+04   0.11880E+04   0.21124E+01   0.30967E+22
   0.33570E+04   0.11884E+04   0.21129E+01   0.30974E+22
   0.33581E+04   0.11888E+04   0.21134E+01   0.30981E+22
   0.33592E+04   0.11892E+04   0.21139E+01   0.30988E+22
   0.33602E+04   0.11896E+04   0.21144E+01   0.30995E+22
   0.33613E+04   0.11900E+04   0.21149E+01   0.31002E+22
   0.33624E+04   0.11904E+04   0.21154E+01   0.31009E+22
   0.33635E+04   0.11908E+04   0.21159E+01   0.31016E+22
   0.33645E+04   0.11912E+04   0.21164E+01   0.31023E+22
   0.33656E+04   0.11916E+04   0.21169E+01   0.31029E+22
   0.33667E+04   0.11921E+04   0.21174E+01   0.31036E+22
   0.33678E+04   0.11925E+04   0.21179E+01   0.31043E+22
   0.33688E+04   0.11929E+04   0.21184E+01   0.31050E+22
   0.33699E+04   0.11933E+04   0.21189E+01   0.31057E+22
   0.33710E+04   0.11937E+04   0.21194E+01   0.31064E+22
   0.33721E+04   0.11941E+04   0.21199E+01   0.31071E+22
   0.33731E+04   0.11945E+04   0.21204E+01   0.31078E+22
   0.33742E+04   0.11949E+04   0.21209E+01   0.31085E+22
   0.33753E+04   0.11953E+04   0.21214E+01   0.31092E+22
   0.33764E+04   0.11957E+04   0.21219E+01   0.31099E+22
   0.33775E+04   0.11961E+04   0.21224E+01   0.31106E+22
   0.33785E+04   0.11965E+04   0.21229E+01   0.31113E+22
   0.33796E+04   0.11969E+04   0.21234E+01   0.31120E+22
   0.33807E+04   0.11974E+04   0.21239E+01   0.31127E+22
   0.33818E+04   0.11978E+04   0.21244E+01   0.31134E+22
   0.33828E+04   0.11982E+04   0.21249E+01   0.31141E+22
   0.33839E+04   0.11986E+04   0.21254E+01   0.31148E+22
   0.33850E+04   0.11990E+04   0.21259E+01   0.31155E+22
   0.33861E+04   0.11994E+04   0.21264E+01   0.31162E+22
   0.33872E+04   0.11998E+04   0.21269E+01   0.31168E+22
   0.33882E+04   0.12002E+04   0.21274E+01   0.31175E+22
   0.33893E+04   0.12006E+04   0.21279E+01   0.31182E+22
   0.33904E+04   0.12010E+04   0.21284E+01   0.31189E+22
   0.33915E+04   0.12014E+04   0.21289E+01   0.31196E+22
   0.33925E+04   0.12018E+04   0.21294E+01   0.31203E+22
   0.33936E+04   0.12023E+04   0.21299E+01   0.31210E+22
   0.33947E+04   0.12027E+04   0.21304E+01   0.31217E+22
   0.33958E+04   0.12031E+04   0.21309E+01   0.31224E+22
   0.33969E+04   0.12035E+04   0.21314E+01   0.31231E+22
   0.33979E+04   0.12039E+04   0.21319E+01   0.31238E+22
   0.33990E+04   0.12043E+04   0.21324E+01   0.31245E+22
   0.34001E+04   0.12047E+04   0.21329E+01   0.31252E+22
   0.34012E+04   0.12051E+04   0.21334E+01   0.31259E+22
   0.34023E+04   0.12055E+04   0.21339E+01   0.31266E+22
   0.34033E+04   0.12059E+04   0.21344E+01   0.31273E+22
   0.34044E+04   0.12063E+04   0.21349E+01   0.31280E+22
   0.34055E+04   0.12068E+04   0.21354E+01   0.31287E+22
   0.34066E+04   0.12072E+04   0.21359E+01   0.31294E+22
   0.34077E+04   0.12076E+04   0.21364E+01   0.31301E+22
   0.34087E+04   0.12080E+04   0.21369E+01   0.31307E+22
   0.34098E+04   0.12084E+04   0.21374E+01   0.31314E+22
   0.34109E+04   0.12088E+04   0.21379E+01   0.31321E+22
   0.34120E+04   0.12092E+04   0.21384E+01   0.31328E+22
   0.34131E+04   0.12096E+04   0.21389E+01   0.31335E+22
   0.34141E+04   0.12100E+04   0.21394E+01   0.31342E+22
   0.34152E+04   0.12104E+04   0.21399E+01   0.31349E+22
   0.34163E+04   0.12108E+04   0.21404E+01   0.31356E+22
   0.34174E+04   0.12112E+04   0.21409E+01   0.31363E+22
   0.34185E+04   0.12117E+04   0.21414E+01   0.31370E+22
   0.34195E+04   0.12121E+04   0.21419E+01   0.31377E+22
   0.34206E+04   0.12125E+04   0.21424E+01   0.31384E+22
   0.34217E+04   0.12129E+04   0.21429E+01   0.31391E+22
   0.34228E+04   0.12133E+04   0.21434E+01   0.31398E+22
   0.34239E+04   0.12137E+04   0.21439E+01   0.31405E+22
   0.34250E+04   0.12141E+04   0.21444E+01   0.31412E+22
   0.34260E+04   0.12145E+04   0.21449E+01   0.31419E+22
   0.34271E+04   0.12149E+04   0.21454E+01   0.31426E+22
   0.34282E+04   0.12153E+04   0.21459E+01   0.31433E+22
   0.34293E+04   0.12158E+04   0.21464E+01   0.31440E+22
   0.34304E+04   0.12162E+04   0.21469E+01   0.31447E+22
   0.34314E+04   0.12166E+04   0.21474E+01   0.31453E+22
   0.34325E+04   0.12170E+04   0.21479E+01   0.31460E+22
   0.34336E+04   0.12174E+04   0.21484E+01   0.31467E+22
   0.34347E+04   0.12178E+04   0.21489E+01   0.31474E+22
   0.34358E+04   0.12182E+04   0.21494E+01   0.31481E+22
   0.34369E+04   0.12186E+04   0.21499E+01   0.31488E+22
   0.34379E+04   0.12190E+04   0.21504E+01   0.31495E+22
   0.34390E+04   0.12194E+04   0.21509E+01   0.31502E+22
   0.34401E+04   0.12198E+04   0.21514E+01   0.31509E+22
   0.34412E+04   0.12203E+04   0.21519E+01   0.31516E+22
   0.34423E+04   0.12207E+04   0.21524E+01   0.31523E+22
   0.34434E+04   0.12211E+04   0.21529E+01   0.31530E+22
   0.34444E+04   0.12215E+04   0.21534E+01   0.31537E+22
   0.34455E+04   0.12219E+04   0.21539E+01   0.31544E+22
   0.34466E+04   0.12223E+04   0.21544E+01   0.31551E+22
   0.34477E+04   0.12227E+04   0.21549E+01   0.31558E+22
   0.34488E+04   0.12231E+04   0.21554E+01   0.31565E+22
   0.34499E+04   0.12235E+04   0.21559E+01   0.31572E+22
   0.34509E+04   0.12239E+04   0.21564E+01   0.31579E+22
   0.34520E+04   0.12244E+04   0.21569E+01   0.31586E+22
   0.34531E+04   0.12248E+04   0.21574E+01   0.31593E+22
   0.34542E+04   0.12252E+04   0.21579E+01   0.31599E+22
   0.34553E+04   0.12256E+04   0.21584E+01   0.31606E+22
   0.34564E+04   0.12260E+04   0.21589E+01   0.31613E+22
   0.34574E+04   0.12264E+04   0.21594E+01   0.31620E+22
   0.34585E+04   0.12268E+04   0.21599E+01   0.31627E+22
   0.34596E+04   0.12272E+04   0.21604E+01   0.31634E+22
   0.34607E+04   0.12276E+04   0.21609E+01   0.31641E+22
   0.34618E+04   0.12281E+04   0.21614E+01   0.31648E+22
   0.34629E+04   0.12285E+04   0.21619E+01   0.31655E+22
   0.34640E+04   0.12289E+04   0.21624E+01   0.31662E+22
   0.34650E+04   0.12293E+04   0.21629E+01   0.31669E+22
   0.34661E+04   0.12297E+04   0.21634E+01   0.31676E+22
   0.34672E+04   0.12301E+04   0.21639E+01   0.31683E+22
   0.34683E+04   0.12305E+04   0.21644E+01   0.31690E+22
   0.34694E+04   0.12309E+04   0.21649E+01   0.31697E+22
   0.34705E+04   0.12313E+04   0.21654E+01   0.31704E+22
   0.34716E+04   0.12317E+04   0.21659E+01   0.31711E+22
   0.34726E+04   0.12322E+04   0.21664E+01   0.31718E+22
   0.34737E+04   0.12326E+04   0.21669E+01   0.31725E+22
   0.34748E+04   0.12330E+04   0.21674E+01   0.31732E+22
   0.34759E+04   0.12334E+04   0.21679E+01   0.31739E+22
   0.34770E+04   0.12338E+04   0.21684E+01   0.31746E+22
   0.34781E+04   0.12342E+04   0.21689E+01   0.31752E+22
   0.34792E+04   0.12346E+04   0.21694E+01   0.31759E+22
   0.34802E+04   0.12350E+04   0.21699E+01   0.31766E+22
   0.34813E+04   0.12354E+04   0.21704E+01   0.31773E+22
   0.34824E+04   0.12359E+04   0.21709E+01   0.31780E+22
   0.34835E+04   0.12363E+04   0.21714E+01   0.31787E+22
   0.34846E+04   0.12367E+04   0.21719E+01   0.31794E+22
   0.34857E+04   0.12371E+04   0.21724E+01   0.31801E+22
   0.34868E+04   0.12375E+04   0.21729E+01   0.31808E+22
   0.34879E+04   0.12379E+04   0.21734E+01   0.31815E+22
   0.34889E+04   0.12383E+04   0.21739E+01   0.31822E+22
   0.34900E+04   0.12387E+04   0.21744E+01   0.31829E+22
   0.34911E+04   0.12391E+04   0.21749E+01   0.31836E+22
   0.34922E+04   0.12396E+04   0.21754E+01   0.31843E+22
   0.34933E+04   0.12400E+04   0.21759E+01   0.31850E+22
   0.34944E+04   0.12404E+04   0.21764E+01   0.31857E+22
   0.34955E+04   0.12408E+04   0.21769E+01   0.31864E+22
   0.34966E+04   0.12412E+04   0.21774E+01   0.31871E+22
   0.34976E+04   0.12416E+04   0.21779E+01   0.31878E+22
   0.34987E+04   0.12420E+04   0.21784E+01   0.31885E+22
   0.34998E+04   0.12424E+04   0.21789E+01   0.31892E+22
   0.35009E+04   0.12428E+04   0.21794E+01   0.31899E+22
   0.35020E+04   0.12433E+04   0.21799E+01   0.31906E+22
   0.35031E+04   0.12437E+04   0.21804E+01   0.31912E+22
   0.35042E+04   0.12441E+04   0.21809E+01   0.31919E+22
   0.35053E+04   0.12445E+04   0.21814E+01   0.31926E+22
   0.35063E+04   0.12449E+04   0.21819E+01   0.31933E+22
   0.35074E+04   0.12453E+04   0.21824E+01   0.31940E+22
   0.35085E+04   0.12457E+04   0.21829E+01   0.31947E+22
   0.35096E+04   0.12461E+04   0.21834E+01   0.31954E+22
   0.35107E+04   0.12465E+04   0.21839E+01   0.31961E+22
   0.35118E+04   0.12470E+04   0.21844E+01   0.31968E+22
   0.35129E+04   0.12474E+04   0.21849E+01   0.31975E+22
   0.35140E+04   0.12478E+04   0.21854E+01   0.31982E+22
   0.35151E+04   0.12482E+04   0.21859E+01   0.31989E+22
   0.35162E+04   0.12486E+04   0.21864E+01   0.31996E+22
   0.35172E+04   0.12490E+04   0.21869E+01   0.32003E+22
   0.35183E+04   0.12494E+04   0.21874E+01   0.32010E+22
   0.35194E+04   0.12498E+04   0.21879E+01   0.32017E+22
   0.35205E+04   0.12503E+04   0.21884E+01   0.32024E+22
   0.35216E+04   0.12507E+04   0.21889E+01   0.32031E+22
   0.35227E+04   0.12511E+04   0.21894E+01   0.32038E+22
   0.35238E+04   0.12515E+04   0.21899E+01   0.32045E+22
   0.35249E+04   0.12519E+04   0.21904E+01   0.32052E+22
   0.35260E+04   0.12523E+04   0.21909E+01   0.32059E+22
   0.35271E+04   0.12527E+04   0.21914E+01   0.32066E+22
   0.35281E+04   0.12531E+04   0.21919E+01   0.32072E+22
   0.35292E+04   0.12536E+04   0.21924E+01   0.32079E+22
   0.35303E+04   0.12540E+04   0.21929E+01   0.32086E+22
   0.35314E+04   0.12544E+04   0.21934E+01   0.32093E+22
   0.35325E+04   0.12548E+04   0.21939E+01   0.32100E+22
   0.35336E+04   0.12552E+04   0.21944E+01   0.32107E+22
   0.35347E+04   0.12556E+04   0.21949E+01   0.32114E+22
   0.35358E+04   0.12560E+04   0.21954E+01   0.32121E+22
   0.35369E+04   0.12564E+04   0.21959E+01   0.32128E+22
   0.35380E+04   0.12568E+04   0.21964E+01   0.32135E+22
   0.35391E+04   0.12573E+04   0.21969E+01   0.32142E+22
   0.35401E+04   0.12577E+04   0.21974E+01   0.32149E+22
   0.35412E+04   0.12581E+04   0.21979E+01   0.32156E+22
   0.35423E+04   0.12585E+04   0.21984E+01   0.32163E+22
   0.35434E+04   0.12589E+04   0.21989E+01   0.32170E+22
   0.35445E+04   0.12593E+04   0.21994E+01   0.32177E+22
   0.35456E+04   0.12597E+04   0.21999E+01   0.32184E+22
   0.35467E+04   0.12602E+04   0.22004E+01   0.32191E+22
   0.35478E+04   0.12606E+04   0.22009E+01   0.32198E+22
   0.35489E+04   0.12610E+04   0.22014E+01   0.32205E+22
   0.35500E+04   0.12614E+04   0.22019E+01   0.32212E+22
   0.35511E+04   0.12618E+04   0.22024E+01   0.32219E+22
   0.35522E+04   0.12622E+04   0.22029E+01   0.32226E+22
   0.35533E+04   0.12626E+04   0.22034E+01   0.32233E+22
   0.35543E+04   0.12630E+04   0.22039E+01   0.32239E+22
   0.35554E+04   0.12635E+04   0.22044E+01   0.32246E+22
   0.35565E+04   0.12639E+04   0.22049E+01   0.32253E+22
   0.35576E+04   0.12643E+04   0.22054E+01   0.32260E+22
   0.35587E+04   0.12647E+04   0.22059E+01   0.32267E+22
   0.35598E+04   0.12651E+04   0.22064E+01   0.32274E+22
   0.35609E+04   0.12655E+04   0.22069E+01   0.32281E+22
   0.35620E+04   0.12659E+04   0.22074E+01   0.32288E+22
   0.35631E+04   0.12663E+04   0.22079E+01   0.32295E+22
   0.35642E+04   0.12668E+04   0.22084E+01   0.32302E+22
   0.35653E+04   0.12672E+04   0.22089E+01   0.32309E+22
   0.35664E+04   0.12676E+04   0.22094E+01   0.32316E+22
   0.35675E+04   0.12680E+04   0.22099E+01   0.32323E+22
   0.35686E+04   0.12684E+04   0.22104E+01   0.32330E+22
   0.35697E+04   0.12688E+04   0.22109E+01   0.32337E+22
   0.35707E+04   0.12692E+04   0.22114E+01   0.32344E+22
   0.35718E+04   0.12696E+04   0.22119E+01   0.32351E+22
   0.35729E+04   0.12701E+04   0.22124E+01   0.32358E+22
   0.35740E+04   0.12705E+04   0.22129E+01   0.32365E+22
   0.35751E+04   0.12709E+04   0.22134E+01   0.32372E+22
   0.35762E+04   0.12713E+04   0.22139E+01   0.32379E+22
   0.35773E+04   0.12717E+04   0.22144E+01   0.32386E+22
   0.35784E+04   0.12721E+04   0.22149E+01   0.32393E+22
   0.35795E+04   0.12725E+04   0.22154E+01   0.32400E+22
   0.35806E+04   0.12730E+04   0.22159E+01   0.32407E+22
   0.35817E+04   0.12734E+04   0.22164E+01   0.32413E+22
   0.35828E+04   0.12738E+04   0.22169E+01   0.32420E+22
   0.35839E+04   0.12742E+04   0.22174E+01   0.32427E+22
   0.35850E+04   0.12746E+04   0.22179E+01   0.32434E+22
   0.35861E+04   0.12750E+04   0.22184E+01   0.32441E+22
   0.35872E+04   0.12754E+04   0.22189E+01   0.32448E+22
   0.35883E+04   0.12759E+04   0.22194E+01   0.32455E+22
   0.35894E+04   0.12763E+04   0.22199E+01   0.32462E+22
   0.35905E+04   0.12767E+04   0.22204E+01   0.32469E+22
   0.35916E+04   0.12771E+04   0.22209E+01   0.32476E+22
   0.35927E+04   0.12775E+04   0.22214E+01   0.32483E+22
   0.35938E+04   0.12779E+04   0.22219E+01   0.32490E+22
   0.35948E+04   0.12783E+04   0.22224E+01   0.32497E+22
   0.35959E+04   0.12788E+04   0.22229E+01   0.32504E+22
   0.35970E+04   0.12792E+04   0.22234E+01   0.32511E+22
   0.35981E+04   0.12796E+04   0.22239E+01   0.32518E+22
   0.35992E+04   0.12800E+04   0.22244E+01   0.32525E+22
   0.36003E+04   0.12804E+04   0.22249E+01   0.32532E+22
   0.36014E+04   0.12808E+04   0.22254E+01   0.32539E+22
   0.36025E+04   0.12812E+04   0.22259E+01   0.32546E+22
   0.36036E+04   0.12816E+04   0.22264E+01   0.32553E+22
   0.36047E+04   0.12821E+04   0.22269E+01   0.32560E+22
   0.36058E+04   0.12825E+04   0.22274E+01   0.32567E+22
   0.36069E+04   0.12829E+04   0.22279E+01   0.32574E+22
   0.36080E+04   0.12833E+04   0.22284E+01   0.32581E+22
   0.36091E+04   0.12837E+04   0.22289E+01   0.32587E+22
   0.36102E+04   0.12841E+04   0.22294E+01   0.32594E+22
   0.36113E+04   0.12845E+04   0.22299E+01   0.32601E+22
   0.36124E+04   0.12850E+04   0.22304E+01   0.32608E+22
   0.36135E+04   0.12854E+04   0.22309E+01   0.32615E+22
   0.36146E+04   0.12858E+04   0.22314E+01   0.32622E+22
   0.36157E+04   0.12862E+04   0.22319E+01   0.32629E+22
   0.36168E+04   0.12866E+04   0.22324E+01   0.32636E+22
   0.36179E+04   0.12870E+04   0.22329E+01   0.32643E+22
   0.36190E+04   0.12875E+04   0.22334E+01   0.32650E+22
   0.36201E+04   0.12879E+04   0.22339E+01   0.32657E+22
   0.36212E+04   0.12883E+04   0.22344E+01   0.32664E+22
   0.36223E+04   0.12887E+04   0.22349E+01   0.32671E+22
   0.36234E+04   0.12891E+04   0.22354E+01   0.32678E+22
   0.36245E+04   0.12895E+04   0.22359E+01   0.32685E+22
   0.36256E+04   0.12899E+04   0.22364E+01   0.32692E+22
   0.36267E+04   0.12904E+04   0.22369E+01   0.32699E+22
   0.36278E+04   0.12908E+04   0.22374E+01   0.32706E+22
   0.36289E+04   0.12912E+04   0.22379E+01   0.32713E+22
   0.36300E+04   0.12916E+04   0.22384E+01   0.32720E+22
   0.36311E+04   0.12920E+04   0.22389E+01   0.32727E+22
   0.36322E+04   0.12924E+04   0.22394E+01   0.32734E+22
   0.36333E+04   0.12928E+04   0.22399E+01   0.32741E+22
   0.36344E+04   0.12933E+04   0.22404E+01   0.32748E+22
   0.36355E+04   0.12937E+04   0.22409E+01   0.32755E+22
   0.36366E+04   0.12941E+04   0.22414E+01   0.32762E+22
   0.36377E+04   0.12945E+04   0.22419E+01   0.32769E+22
   0.36388E+04   0.12949E+04   0.22424E+01   0.32775E+22
   0.36399E+04   0.12953E+04   0.22429E+01   0.32782E+22
   0.36410E+04   0.12957E+04   0.22434E+01   0.32789E+22
   0.36421E+04   0.12962E+04   0.22439E+01   0.32796E+22
   0.36432E+04   0.12966E+04   0.22444E+01   0.32803E+22
   0.36443E+04   0.12970E+04   0.22449E+01   0.32810E+22
   0.36454E+04   0.12974E+04   0.22454E+01   0.32817E+22
   0.36465E+04   0.12978E+04   0.22459E+01   0.32824E+22
   0.36476E+04   0.12982E+04   0.22464E+01   0.32831E+22
   0.36487E+04   0.12987E+04   0.22469E+01   0.32838E+22
   0.36498E+04   0.12991E+04   0.22474E+01   0.32845E+22
   0.36509E+04   0.12995E+04   0.22479E+01   0.32852E+22
   0.36520E+04   0.12999E+04   0.22484E+01   0.32859E+22
   0.36531E+04   0.13003E+04   0.22489E+01   0.32866E+22
   0.36542E+04   0.13007E+04   0.22494E+01   0.32873E+22
   0.36553E+04   0.13011E+04   0.22499E+01   0.32880E+22
   0.36564E+04   0.13016E+04   0.22504E+01   0.32887E+22
   0.36575E+04   0.13020E+04   0.22509E+01   0.32894E+22
   0.36586E+04   0.13024E+04   0.22514E+01   0.32901E+22
   0.36597E+04   0.13028E+04   0.22519E+01   0.32908E+22
   0.36608E+04   0.13032E+04   0.22524E+01   0.32915E+22
   0.36619E+04   0.13036E+04   0.22529E+01   0.32922E+22
   0.36630E+04   0.13041E+04   0.22534E+01   0.32929E+22
   0.36641E+04   0.13045E+04   0.22539E+01   0.32936E+22
   0.36652E+04   0.13049E+04   0.22544E+01   0.32943E+22
   0.36663E+04   0.13053E+04   0.22549E+01   0.32950E+22
   0.36674E+04   0.13057E+04   0.22554E+01   0.32957E+22
   0.36685E+04   0.13061E+04   0.22559E+01   0.32963E+22
   0.36696E+04   0.13066E+04   0.22564E+01   0.32970E+22
   0.36707E+04   0.13070E+04   0.22569E+01   0.32977E+22
   0.36718E+04   0.13074E+04   0.22574E+01   0.32984E+22
   0.36729E+04   0.13078E+04   0.22579E+01   0.32991E+22
   0.36740E+04   0.13082E+04   0.22584E+01   0.32998E+22
   0.36751E+04   0.13086E+04   0.22589E+01   0.33005E+22
   0.36762E+04   0.13090E+04   0.22594E+01   0.33012E+22
   0.36773E+04   0.13095E+04   0.22599E+01   0.33019E+22
   0.36784E+04   0.13099E+04   0.22604E+01   0.33026E+22
   0.36795E+04   0.13103E+04   0.22609E+01   0.33033E+22
   0.36806E+04   0.13107E+04   0.22614E+01   0.33040E+22
   0.36817E+04   0.13111E+04   0.22619E+01   0.33047E+22
   0.36829E+04   0.13115E+04   0.22624E+01   0.33054E+22
   0.36840E+04   0.13120E+04   0.22629E+01   0.33061E+22
   0.36851E+04   0.13124E+04   0.22634E+01   0.33068E+22
   0.36862E+04   0.13128E+04   0.22639E+01   0.33075E+22
   0.36873E+04   0.13132E+04   0.22644E+01   0.33082E+22
   0.36884E+04   0.13136E+04   0.22649E+01   0.33089E+22
   0.36895E+04   0.13140E+04   0.22654E+01   0.33096E+22
   0.36906E+04   0.13145E+04   0.22659E+01   0.33103E+22
   0.36917E+04   0.13149E+04   0.22664E+01   0.33110E+22
   0.36928E+04   0.13153E+04   0.22669E+01   0.33117E+22
   0.36939E+04   0.13157E+04   0.22674E+01   0.33124E+22
   0.36950E+04   0.13161E+04   0.22679E+01   0.33131E+22
   0.36961E+04   0.13165E+04   0.22684E+01   0.33138E+22
   0.36972E+04   0.13170E+04   0.22689E+01   0.33145E+22
   0.36983E+04   0.13174E+04   0.22694E+01   0.33152E+22
   0.36994E+04   0.13178E+04   0.22699E+01   0.33159E+22
   0.37005E+04   0.13182E+04   0.22704E+01   0.33165E+22
   0.37016E+04   0.13186E+04   0.22709E+01   0.33172E+22
   0.37027E+04   0.13190E+04   0.22714E+01   0.33179E+22
   0.37038E+04   0.13195E+04   0.22719E+01   0.33186E+22
   0.37049E+04   0.13199E+04   0.22724E+01   0.33193E+22
   0.37061E+04   0.13203E+04   0.22729E+01   0.33200E+22
   0.37072E+04   0.13207E+04   0.22734E+01   0.33207E+22
   0.37083E+04   0.13211E+04   0.22739E+01   0.33214E+22
   0.37094E+04   0.13215E+04   0.22744E+01   0.33221E+22
   0.37105E+04   0.13220E+04   0.22749E+01   0.33228E+22
   0.37116E+04   0.13224E+04   0.22754E+01   0.33235E+22
   0.37127E+04   0.13228E+04   0.22759E+01   0.33242E+22
   0.37138E+04   0.13232E+04   0.22764E+01   0.33249E+22
   0.37149E+04   0.13236E+04   0.22769E+01   0.33256E+22
   0.37160E+04   0.13240E+04   0.22774E+01   0.33263E+22
   0.37171E+04   0.13245E+04   0.22779E+01   0.33270E+22
   0.37182E+04   0.13249E+04   0.22784E+01   0.33277E+22
   0.37193E+04   0.13253E+04   0.22789E+01   0.33284E+22
   0.37204E+04   0.13257E+04   0.22794E+01   0.33291E+22
   0.37215E+04   0.13261E+04   0.22799E+01   0.33298E+22
   0.37226E+04   0.13266E+04   0.22804E+01   0.33305E+22
   0.37238E+04   0.13270E+04   0.22809E+01   0.33312E+22
   0.37249E+04   0.13274E+04   0.22814E+01   0.33319E+22
   0.37260E+04   0.13278E+04   0.22819E+01   0.33326E+22
   0.37271E+04   0.13282E+04   0.22824E+01   0.33333E+22
   0.37282E+04   0.13286E+04   0.22829E+01   0.33340E+22
   0.37293E+04   0.13291E+04   0.22834E+01   0.33347E+22
   0.37304E+04   0.13295E+04   0.22839E+01   0.33354E+22
   0.37315E+04   0.13299E+04   0.22844E+01   0.33361E+22
   0.37326E+04   0.13303E+04   0.22849E+01   0.33368E+22
   0.37337E+04   0.13307E+04   0.22854E+01   0.33374E+22
   0.37348E+04   0.13311E+04   0.22859E+01   0.33381E+22
   0.37359E+04   0.13316E+04   0.22864E+01   0.33388E+22
   0.37370E+04   0.13320E+04   0.22869E+01   0.33395E+22
   0.37382E+04   0.13324E+04   0.22874E+01   0.33402E+22
   0.37393E+04   0.13328E+04   0.22879E+01   0.33409E+22
   0.37404E+04   0.13332E+04   0.22884E+01   0.33416E+22
   0.37415E+04   0.13336E+04   0.22889E+01   0.33423E+22
   0.37426E+04   0.13341E+04   0.22894E+01   0.33430E+22
   0.37437E+04   0.13345E+04   0.22899E+01   0.33437E+22
   0.37448E+04   0.13349E+04   0.22904E+01   0.33444E+22
   0.37459E+04   0.13353E+04   0.22909E+01   0.33451E+22
   0.37470E+04   0.13357E+04   0.22914E+01   0.33458E+22
   0.37481E+04   0.13362E+04   0.22919E+01   0.33465E+22
   0.37492E+04   0.13366E+04   0.22924E+01   0.33472E+22
   0.37504E+04   0.13370E+04   0.22929E+01   0.33479E+22
   0.37515E+04   0.13374E+04   0.22934E+01   0.33486E+22
   0.37526E+04   0.13378E+04   0.22939E+01   0.33493E+22
   0.37537E+04   0.13382E+04   0.22944E+01   0.33500E+22
   0.37548E+04   0.13387E+04   0.22949E+01   0.33507E+22
   0.37559E+04   0.13391E+04   0.22954E+01   0.33514E+22
   0.37570E+04   0.13395E+04   0.22959E+01   0.33521E+22
   0.37581E+04   0.13399E+04   0.22964E+01   0.33528E+22
   0.37592E+04   0.13403E+04   0.22969E+01   0.33535E+22
   0.37603E+04   0.13408E+04   0.22974E+01   0.33542E+22
   0.37615E+04   0.13412E+04   0.22979E+01   0.33549E+22
   0.37626E+04   0.13416E+04   0.22984E+01   0.33556E+22
   0.37637E+04   0.13420E+04   0.22989E+01   0.33563E+22
   0.37648E+04   0.13424E+04   0.22994E+01   0.33570E+22
   0.37659E+04   0.13428E+04   0.22999E+01   0.33577E+22
   0.37670E+04   0.13433E+04   0.23004E+01   0.33584E+22
   0.37681E+04   0.13437E+04   0.23009E+01   0.33590E+22
   0.37692E+04   0.13441E+04   0.23014E+01   0.33597E+22
   0.37703E+04   0.13445E+04   0.23019E+01   0.33604E+22
   0.37714E+04   0.13449E+04   0.23024E+01   0.33611E+22
   0.37726E+04   0.13454E+04   0.23029E+01   0.33618E+22
   0.37737E+04   0.13458E+04   0.23034E+01   0.33625E+22
   0.37748E+04   0.13462E+04   0.23039E+01   0.33632E+22
   0.37759E+04   0.13466E+04   0.23044E+01   0.33639E+22
   0.37770E+04   0.13470E+04   0.23049E+01   0.33646E+22
   0.37781E+04   0.13475E+04   0.23054E+01   0.33653E+22
   0.37792E+04   0.13479E+04   0.23059E+01   0.33660E+22
   0.37803E+04   0.13483E+04   0.23064E+01   0.33667E+22
   0.37815E+04   0.13487E+04   0.23069E+01   0.33674E+22
   0.37826E+04   0.13491E+04   0.23074E+01   0.33681E+22
   0.37837E+04   0.13495E+04   0.23079E+01   0.33688E+22
   0.37848E+04   0.13500E+04   0.23084E+01   0.33695E+22
   0.37859E+04   0.13504E+04   0.23089E+01   0.33702E+22
   0.37870E+04   0.13508E+04   0.23094E+01   0.33709E+22
   0.37881E+04   0.13512E+04   0.23099E+01   0.33716E+22
   0.37892E+04   0.13516E+04   0.23104E+01   0.33723E+22
   0.37904E+04   0.13521E+04   0.23109E+01   0.33730E+22
   0.37915E+04   0.13525E+04   0.23114E+01   0.33737E+22
   0.37926E+04   0.13529E+04   0.23119E+01   0.33744E+22
   0.37937E+04   0.13533E+04   0.23124E+01   0.33751E+22
   0.37948E+04   0.13537E+04   0.23129E+01   0.33758E+22
   0.37959E+04   0.13542E+04   0.23134E+01   0.33765E+22
   0.37970E+04   0.13546E+04   0.23139E+01   0.33772E+22
   0.37981E+04   0.13550E+04   0.23144E+01   0.33779E+22
   0.37993E+04   0.13554E+04   0.23149E+01   0.33786E+22
   0.38004E+04   0.13558E+04   0.23154E+01   0.33793E+22
   0.38015E+04   0.13563E+04   0.23159E+01   0.33800E+22
   0.38026E+04   0.13567E+04   0.23164E+01   0.33807E+22
   0.38037E+04   0.13571E+04   0.23169E+01   0.33813E+22
   0.38048E+04   0.13575E+04   0.23174E+01   0.33820E+22
   0.38059E+04   0.13579E+04   0.23179E+01   0.33827E+22
   0.38070E+04   0.13583E+04   0.23184E+01   0.33834E+22
   0.38082E+04   0.13588E+04   0.23189E+01   0.33841E+22
   0.38093E+04   0.13592E+04   0.23194E+01   0.33848E+22
   0.38104E+04   0.13596E+04   0.23199E+01   0.33855E+22
   0.38115E+04   0.13600E+04   0.23204E+01   0.33862E+22
   0.38126E+04   0.13604E+04   0.23209E+01   0.33869E+22
   0.38137E+04   0.13609E+04   0.23214E+01   0.33876E+22
   0.38149E+04   0.13613E+04   0.23219E+01   0.33883E+22
   0.38160E+04   0.13617E+04   0.23224E+01   0.33890E+22
   0.38171E+04   0.13621E+04   0.23229E+01   0.33897E+22
   0.38182E+04   0.13625E+04   0.23234E+01   0.33904E+22
   0.38193E+04   0.13630E+04   0.23239E+01   0.33911E+22
   0.38204E+04   0.13634E+04   0.23244E+01   0.33918E+22
   0.38215E+04   0.13638E+04   0.23249E+01   0.33925E+22
   0.38227E+04   0.13642E+04   0.23254E+01   0.33932E+22
   0.38238E+04   0.13646E+04   0.23259E+01   0.33939E+22
   0.38249E+04   0.13651E+04   0.23264E+01   0.33946E+22
   0.38260E+04   0.13655E+04   0.23269E+01   0.33953E+22
   0.38271E+04   0.13659E+04   0.23274E+01   0.33960E+22
   0.38282E+04   0.13663E+04   0.23279E+01   0.33967E+22
   0.38293E+04   0.13667E+04   0.23284E+01   0.33974E+22
   0.38305E+04   0.13672E+04   0.23289E+01   0.33981E+22
   0.38316E+04   0.13676E+04   0.23294E+01   0.33988E+22
   0.38327E+04   0.13680E+04   0.23299E+01   0.33995E+22
   0.38338E+04   0.13684E+04   0.23304E+01   0.34002E+22
   0.38349E+04   0.13688E+04   0.23309E+01   0.34009E+22
   0.38360E+04   0.13693E+04   0.23314E+01   0.34016E+22
   0.38372E+04   0.13697E+04   0.23319E+01   0.34023E+22
   0.38383E+04   0.13701E+04   0.23324E+01   0.34030E+22
   0.38394E+04   0.13705E+04   0.23329E+01   0.34037E+22
   0.38405E+04   0.13709E+04   0.23334E+01   0.34044E+22
   0.38416E+04   0.13714E+04   0.23339E+01   0.34051E+22
   0.38427E+04   0.13718E+04   0.23344E+01   0.34057E+22
   0.38439E+04   0.13722E+04   0.23349E+01   0.34064E+22
   0.38450E+04   0.13726E+04   0.23354E+01   0.34071E+22
   0.38461E+04   0.13730E+04   0.23359E+01   0.34078E+22
   0.38472E+04   0.13735E+04   0.23364E+01   0.34085E+22
   0.38483E+04   0.13739E+04   0.23369E+01   0.34092E+22
   0.38494E+04   0.13743E+04   0.23374E+01   0.34099E+22
   0.38506E+04   0.13747E+04   0.23379E+01   0.34106E+22
   0.38517E+04   0.13751E+04   0.23384E+01   0.34113E+22
   0.38528E+04   0.13756E+04   0.23389E+01   0.34120E+22
   0.38539E+04   0.13760E+04   0.23394E+01   0.34127E+22
   0.38550E+04   0.13764E+04   0.23399E+01   0.34134E+22
   0.38562E+04   0.13768E+04   0.23404E+01   0.34141E+22
   0.38573E+04   0.13773E+04   0.23409E+01   0.34148E+22
   0.38584E+04   0.13777E+04   0.23414E+01   0.34155E+22
   0.38595E+04   0.13781E+04   0.23419E+01   0.34162E+22
   0.38606E+04   0.13785E+04   0.23424E+01   0.34169E+22
   0.38617E+04   0.13789E+04   0.23429E+01   0.34176E+22
   0.38629E+04   0.13794E+04   0.23434E+01   0.34183E+22
   0.38640E+04   0.13798E+04   0.23439E+01   0.34190E+22
   0.38651E+04   0.13802E+04   0.23444E+01   0.34197E+22
   0.38662E+04   0.13806E+04   0.23449E+01   0.34204E+22
   0.38673E+04   0.13810E+04   0.23454E+01   0.34211E+22
   0.38685E+04   0.13815E+04   0.23459E+01   0.34218E+22
   0.38696E+04   0.13819E+04   0.23464E+01   0.34225E+22
   0.38707E+04   0.13823E+04   0.23469E+01   0.34232E+22
   0.38718E+04   0.13827E+04   0.23474E+01   0.34239E+22
   0.38729E+04   0.13831E+04   0.23479E+01   0.34246E+22
   0.38741E+04   0.13836E+04   0.23484E+01   0.34253E+22
   0.38752E+04   0.13840E+04   0.23489E+01   0.34260E+22
   0.38763E+04   0.13844E+04   0.23494E+01   0.34267E+22
   0.38774E+04   0.13848E+04   0.23499E+01   0.34274E+22
   0.38785E+04   0.13853E+04   0.23504E+01   0.34281E+22
   0.38796E+04   0.13857E+04   0.23509E+01   0.34288E+22
   0.38808E+04   0.13861E+04   0.23514E+01   0.34295E+22
   0.38819E+04   0.13865E+04   0.23519E+01   0.34302E+22
   0.38830E+04   0.13869E+04   0.23524E+01   0.34308E+22
   0.38841E+04   0.13874E+04   0.23529E+01   0.34315E+22
   0.38853E+04   0.13878E+04   0.23534E+01   0.34322E+22
   0.38864E+04   0.13882E+04   0.23539E+01   0.34329E+22
   0.38875E+04   0.13886E+04   0.23544E+01   0.34336E+22
   0.38886E+04   0.13890E+04   0.23549E+01   0.34343E+22
   0.38897E+04   0.13895E+04   0.23554E+01   0.34350E+22
   0.38909E+04   0.13899E+04   0.23559E+01   0.34357E+22
   0.38920E+04   0.13903E+04   0.23564E+01   0.34364E+22
   0.38931E+04   0.13907E+04   0.23569E+01   0.34371E+22
   0.38942E+04   0.13912E+04   0.23574E+01   0.34378E+22
   0.38953E+04   0.13916E+04   0.23579E+01   0.34385E+22
   0.38965E+04   0.13920E+04   0.23584E+01   0.34392E+22
   0.38976E+04   0.13924E+04   0.23589E+01   0.34399E+22
   0.38987E+04   0.13928E+04   0.23594E+01   0.34406E+22
   0.38998E+04   0.13933E+04   0.23599E+01   0.34413E+22
   0.39009E+04   0.13937E+04   0.23604E+01   0.34420E+22
   0.39021E+04   0.13941E+04   0.23609E+01   0.34427E+22
   0.39032E+04   0.13945E+04   0.23614E+01   0.34434E+22
   0.39043E+04   0.13949E+04   0.23619E+01   0.34441E+22
   0.39054E+04   0.13954E+04   0.23624E+01   0.34448E+22
   0.39066E+04   0.13958E+04   0.23629E+01   0.34455E+22
   0.39077E+04   0.13962E+04   0.23634E+01   0.34462E+22
   0.39088E+04   0.13966E+04   0.23639E+01   0.34469E+22
   0.39099E+04   0.13971E+04   0.23644E+01   0.34476E+22
   0.39110E+04   0.13975E+04   0.23649E+01   0.34483E+22
   0.39122E+04   0.13979E+04   0.23654E+01   0.34490E+22
   0.39133E+04   0.13983E+04   0.23659E+01   0.34497E+22
   0.39144E+04   0.13987E+04   0.23664E+01   0.34504E+22
   0.39155E+04   0.13992E+04   0.23669E+01   0.34511E+22
   0.39167E+04   0.13996E+04   0.23674E+01   0.34518E+22
   0.39178E+04   0.14000E+04   0.23679E+01   0.34525E+22
   0.39189E+04   0.14004E+04   0.23684E+01   0.34532E+22
   0.39200E+04   0.14009E+04   0.23689E+01   0.34539E+22
   0.39211E+04   0.14013E+04   0.23694E+01   0.34546E+22
   0.39223E+04   0.14017E+04   0.23699E+01   0.34553E+22
   0.39234E+04   0.14021E+04   0.23704E+01   0.34560E+22
   0.39245E+04   0.14025E+04   0.23709E+01   0.34567E+22
   0.39256E+04   0.14030E+04   0.23714E+01   0.34573E+22
   0.39268E+04   0.14034E+04   0.23719E+01   0.34580E+22
   0.39279E+04   0.14038E+04   0.23724E+01   0.34587E+22
   0.39290E+04   0.14042E+04   0.23729E+01   0.34594E+22
   0.39301E+04   0.14047E+04   0.23734E+01   0.34601E+22
   0.39313E+04   0.14051E+04   0.23739E+01   0.34608E+22
   0.39324E+04   0.14055E+04   0.23744E+01   0.34615E+22
   0.39335E+04   0.14059E+04   0.23749E+01   0.34622E+22
   0.39346E+04   0.14063E+04   0.23754E+01   0.34629E+22
   0.39358E+04   0.14068E+04   0.23759E+01   0.34636E+22
   0.39369E+04   0.14072E+04   0.23764E+01   0.34643E+22
   0.39380E+04   0.14076E+04   0.23769E+01   0.34650E+22
   0.39391E+04   0.14080E+04   0.23774E+01   0.34657E+22
   0.39403E+04   0.14085E+04   0.23779E+01   0.34664E+22
   0.39414E+04   0.14089E+04   0.23784E+01   0.34671E+22
   0.39425E+04   0.14093E+04   0.23789E+01   0.34678E+22
   0.39436E+04   0.14097E+04   0.23794E+01   0.34685E+22
   0.39448E+04   0.14102E+04   0.23799E+01   0.34692E+22
   0.39459E+04   0.14106E+04   0.23804E+01   0.34699E+22
   0.39470E+04   0.14110E+04   0.23809E+01   0.34706E+22
   0.39481E+04   0.14114E+04   0.23814E+01   0.34713E+22
   0.39493E+04   0.14118E+04   0.23819E+01   0.34720E+22
   0.39504E+04   0.14123E+04   0.23824E+01   0.34727E+22
   0.39515E+04   0.14127E+04   0.23829E+01   0.34734E+22
   0.39526E+04   0.14131E+04   0.23834E+01   0.34741E+22
   0.39538E+04   0.14135E+04   0.23839E+01   0.34748E+22
   0.39549E+04   0.14140E+04   0.23844E+01   0.34755E+22
   0.39560E+04   0.14144E+04   0.23849E+01   0.34762E+22
   0.39571E+04   0.14148E+04   0.23854E+01   0.34769E+22
   0.39583E+04   0.14152E+04   0.23859E+01   0.34776E+22
   0.39594E+04   0.14157E+04   0.23864E+01   0.34783E+22
   0.39605E+04   0.14161E+04   0.23869E+01   0.34790E+22
   0.39616E+04   0.14165E+04   0.23874E+01   0.34797E+22
   0.39628E+04   0.14169E+04   0.23879E+01   0.34804E+22
   0.39639E+04   0.14173E+04   0.23884E+01   0.34811E+22
   0.39650E+04   0.14178E+04   0.23889E+01   0.34818E+22
   0.39661E+04   0.14182E+04   0.23894E+01   0.34825E+22
   0.39673E+04   0.14186E+04   0.23899E+01   0.34832E+22
   0.39684E+04   0.14190E+04   0.23904E+01   0.34839E+22
   0.39695E+04   0.14195E+04   0.23909E+01   0.34846E+22
   0.39706E+04   0.14199E+04   0.23914E+01   0.34853E+22
   0.39718E+04   0.14203E+04   0.23919E+01   0.34860E+22
   0.39729E+04   0.14207E+04   0.23924E+01   0.34866E+22
   0.39740E+04   0.14212E+04   0.23929E+01   0.34873E+22
   0.39752E+04   0.14216E+04   0.23934E+01   0.34880E+22
   0.39763E+04   0.14220E+04   0.23939E+01   0.34887E+22
   0.39774E+04   0.14224E+04   0.23944E+01   0.34894E+22
   0.39785E+04   0.14229E+04   0.23949E+01   0.34901E+22
   0.39797E+04   0.14233E+04   0.23954E+01   0.34908E+22
   0.39808E+04   0.14237E+04   0.23959E+01   0.34915E+22
   0.39819E+04   0.14241E+04   0.23964E+01   0.34922E+22
   0.39831E+04   0.14245E+04   0.23969E+01   0.34929E+22
   0.39842E+04   0.14250E+04   0.23974E+01   0.34936E+22
   0.39853E+04   0.14254E+04   0.23979E+01   0.34943E+22
   0.39864E+04   0.14258E+04   0.23984E+01   0.34950E+22
   0.39876E+04   0.14262E+04   0.23989E+01   0.34957E+22
   0.39887E+04   0.14267E+04   0.23994E+01   0.34964E+22
   0.39898E+04   0.14271E+04   0.23999E+01   0.34971E+22
   0.39910E+04   0.14275E+04   0.24004E+01   0.34978E+22
   0.39921E+04   0.14279E+04   0.24009E+01   0.34985E+22
   0.39932E+04   0.14284E+04   0.24014E+01   0.34992E+22
   0.39943E+04   0.14288E+04   0.24019E+01   0.34999E+22
   0.39955E+04   0.14292E+04   0.24024E+01   0.35006E+22
   0.39966E+04   0.14296E+04   0.24029E+01   0.35013E+22
   0.39977E+04   0.14301E+04   0.24034E+01   0.35020E+22
   0.39989E+04   0.14305E+04   0.24039E+01   0.35027E+22
   0.40000E+04   0.14309E+04   0.24044E+01   0.35034E+22
   0.40011E+04   0.14313E+04   0.24049E+01   0.35041E+22
   0.40022E+04   0.14318E+04   0.24054E+01   0.35048E+22
   0.40034E+04   0.14322E+04   0.24059E+01   0.35055E+22
   0.40045E+04   0.14326E+04   0.24064E+01   0.35062E+22
   0.40056E+04   0.14330E+04   0.24069E+01   0.35069E+22
   0.40068E+04   0.14335E+04   0.24074E+01   0.35076E+22
   0.40079E+04   0.14339E+04   0.24079E+01   0.35083E+22
   0.40090E+04   0.14343E+04   0.24084E+01   0.35090E+22
   0.40102E+04   0.14347E+04   0.24089E+01   0.35097E+22
   0.40113E+04   0.14352E+04   0.24094E+01   0.35104E+22
   0.40124E+04   0.14356E+04   0.24099E+01   0.35111E+22
   0.40135E+04   0.14360E+04   0.24104E+01   0.35118E+22
   0.40147E+04   0.14364E+04   0.24109E+01   0.35125E+22
   0.40158E+04   0.14368E+04   0.24114E+01   0.35132E+22
   0.40169E+04   0.14373E+04   0.24119E+01   0.35139E+22
   0.40181E+04   0.14377E+04   0.24124E+01   0.35146E+22
   0.40192E+04   0.14381E+04   0.24129E+01   0.35153E+22
   0.40203E+04   0.14385E+04   0.24134E+01   0.35160E+22
   0.40215E+04   0.14390E+04   0.24139E+01   0.35167E+22
   0.40226E+04   0.14394E+04   0.24144E+01   0.35173E+22
   0.40237E+04   0.14398E+04   0.24149E+01   0.35180E+22
   0.40249E+04   0.14402E+04   0.24154E+01   0.35187E+22
   0.40260E+04   0.14407E+04   0.24159E+01   0.35194E+22
   0.40271E+04   0.14411E+04   0.24164E+01   0.35201E+22
   0.40282E+04   0.14415E+04   0.24169E+01   0.35208E+22
   0.40294E+04   0.14419E+04   0.24174E+01   0.35215E+22
   0.40305E+04   0.14424E+04   0.24179E+01   0.35222E+22
   0.40316E+04   0.14428E+04   0.24184E+01   0.35229E+22
   0.40328E+04   0.14432E+04   0.24189E+01   0.35236E+22
   0.40339E+04   0.14436E+04   0.24194E+01   0.35243E+22
   0.40350E+04   0.14441E+04   0.24199E+01   0.35250E+22
   0.40362E+04   0.14445E+04   0.24204E+01   0.35257E+22
   0.40373E+04   0.14449E+04   0.24209E+01   0.35264E+22
   0.40384E+04   0.14453E+04   0.24214E+01   0.35271E+22
   0.40396E+04   0.14458E+04   0.24219E+01   0.35278E+22
   0.40407E+04   0.14462E+04   0.24224E+01   0.35285E+22
   0.40418E+04   0.14466E+04   0.24229E+01   0.35292E+22
   0.40430E+04   0.14470E+04   0.24234E+01   0.35299E+22
   0.40441E+04   0.14475E+04   0.24239E+01   0.35306E+22
   0.40452E+04   0.14479E+04   0.24244E+01   0.35313E+22
   0.40464E+04   0.14483E+04   0.24249E+01   0.35320E+22
   0.40475E+04   0.14487E+04   0.24254E+01   0.35327E+22
   0.40486E+04   0.14492E+04   0.24259E+01   0.35334E+22
   0.40498E+04   0.14496E+04   0.24264E+01   0.35341E+22
   0.40509E+04   0.14500E+04   0.24269E+01   0.35348E+22
   0.40520E+04   0.14505E+04   0.24274E+01   0.35355E+22
   0.40532E+04   0.14509E+04   0.24279E+01   0.35362E+22
   0.40543E+04   0.14513E+04   0.24284E+01   0.35369E+22
   0.40554E+04   0.14517E+04   0.24289E+01   0.35376E+22
   0.40566E+04   0.14522E+04   0.24294E+01   0.35383E+22
   0.40577E+04   0.14526E+04   0.24299E+01   0.35390E+22
   0.40588E+04   0.14530E+04   0.24304E+01   0.35397E+22
   0.40600E+04   0.14534E+04   0.24309E+01   0.35404E+22
   0.40611E+04   0.14539E+04   0.24314E+01   0.35411E+22
   0.40622E+04   0.14543E+04   0.24319E+01   0.35418E+22
   0.40634E+04   0.14547E+04   0.24324E+01   0.35425E+22
   0.40645E+04   0.14551E+04   0.24329E+01   0.35432E+22
   0.40656E+04   0.14556E+04   0.24334E+01   0.35439E+22
   0.40668E+04   0.14560E+04   0.24339E+01   0.35446E+22
   0.40679E+04   0.14564E+04   0.24344E+01   0.35453E+22
   0.40690E+04   0.14568E+04   0.24349E+01   0.35460E+22
   0.40702E+04   0.14573E+04   0.24354E+01   0.35467E+22
   0.40713E+04   0.14577E+04   0.24359E+01   0.35474E+22
   0.40724E+04   0.14581E+04   0.24364E+01   0.35481E+22
   0.40736E+04   0.14585E+04   0.24369E+01   0.35488E+22
   0.40747E+04   0.14590E+04   0.24374E+01   0.35495E+22
   0.40758E+04   0.14594E+04   0.24379E+01   0.35502E+22
   0.40770E+04   0.14598E+04   0.24384E+01   0.35508E+22
   0.40781E+04   0.14602E+04   0.24389E+01   0.35515E+22
   0.40793E+04   0.14607E+04   0.24394E+01   0.35522E+22
   0.40804E+04   0.14611E+04   0.24399E+01   0.35529E+22
   0.40815E+04   0.14615E+04   0.24404E+01   0.35536E+22
   0.40827E+04   0.14619E+04   0.24409E+01   0.35543E+22
   0.40838E+04   0.14624E+04   0.24414E+01   0.35550E+22
   0.40849E+04   0.14628E+04   0.24419E+01   0.35557E+22
   0.40861E+04   0.14632E+04   0.24424E+01   0.35564E+22
   0.40872E+04   0.14637E+04   0.24429E+01   0.35571E+22
   0.40883E+04   0.14641E+04   0.24434E+01   0.35578E+22
   0.40895E+04   0.14645E+04   0.24439E+01   0.35585E+22
   0.40906E+04   0.14649E+04   0.24444E+01   0.35592E+22
   0.40917E+04   0.14654E+04   0.24449E+01   0.35599E+22
   0.40929E+04   0.14658E+04   0.24454E+01   0.35606E+22
   0.40940E+04   0.14662E+04   0.24459E+01   0.35613E+22
   0.40952E+04   0.14666E+04   0.24464E+01   0.35620E+22
   0.40963E+04   0.14671E+04   0.24469E+01   0.35627E+22
   0.40974E+04   0.14675E+04   0.24474E+01   0.35634E+22
   0.40986E+04   0.14679E+04   0.24479E+01   0.35641E+22
   0.40997E+04   0.14683E+04   0.24484E+01   0.35648E+22
   0.41008E+04   0.14688E+04   0.24489E+01   0.35655E+22
   0.41020E+04   0.14692E+04   0.24494E+01   0.35662E+22
   0.41031E+04   0.14696E+04   0.24499E+01   0.35669E+22
   0.41043E+04   0.14701E+04   0.24504E+01   0.35676E+22
   0.41054E+04   0.14705E+04   0.24509E+01   0.35683E+22
   0.41065E+04   0.14709E+04   0.24514E+01   0.35690E+22
   0.41077E+04   0.14713E+04   0.24519E+01   0.35697E+22
   0.41088E+04   0.14718E+04   0.24524E+01   0.35704E+22
   0.41099E+04   0.14722E+04   0.24529E+01   0.35711E+22
   0.41111E+04   0.14726E+04   0.24534E+01   0.35718E+22
   0.41122E+04   0.14730E+04   0.24539E+01   0.35725E+22
   0.41134E+04   0.14735E+04   0.24544E+01   0.35732E+22
   0.41145E+04   0.14739E+04   0.24549E+01   0.35739E+22
   0.41156E+04   0.14743E+04   0.24554E+01   0.35746E+22
   0.41168E+04   0.14747E+04   0.24559E+01   0.35753E+22
   0.41179E+04   0.14752E+04   0.24564E+01   0.35760E+22
   0.41190E+04   0.14756E+04   0.24569E+01   0.35767E+22
   0.41202E+04   0.14760E+04   0.24574E+01   0.35774E+22
   0.41213E+04   0.14765E+04   0.24579E+01   0.35781E+22
   0.41225E+04   0.14769E+04   0.24584E+01   0.35788E+22
   0.41236E+04   0.14773E+04   0.24589E+01   0.35795E+22
   0.41247E+04   0.14777E+04   0.24594E+01   0.35802E+22
   0.41259E+04   0.14782E+04   0.24599E+01   0.35809E+22
   0.41270E+04   0.14786E+04   0.24604E+01   0.35816E+22
   0.41282E+04   0.14790E+04   0.24609E+01   0.35823E+22
   0.41293E+04   0.14794E+04   0.24614E+01   0.35830E+22
   0.41304E+04   0.14799E+04   0.24619E+01   0.35837E+22
   0.41316E+04   0.14803E+04   0.24624E+01   0.35844E+22
   0.41327E+04   0.14807E+04   0.24629E+01   0.35851E+22
   0.41339E+04   0.14812E+04   0.24634E+01   0.35858E+22
   0.41350E+04   0.14816E+04   0.24639E+01   0.35865E+22
   0.41361E+04   0.14820E+04   0.24644E+01   0.35872E+22
   0.41373E+04   0.14824E+04   0.24649E+01   0.35879E+22
   0.41384E+04   0.14829E+04   0.24654E+01   0.35885E+22
   0.41396E+04   0.14833E+04   0.24659E+01   0.35892E+22
   0.41407E+04   0.14837E+04   0.24664E+01   0.35899E+22
   0.41418E+04   0.14841E+04   0.24669E+01   0.35906E+22
   0.41430E+04   0.14846E+04   0.24674E+01   0.35913E+22
   0.41441E+04   0.14850E+04   0.24679E+01   0.35920E+22
   0.41453E+04   0.14854E+04   0.24684E+01   0.35927E+22
   0.41464E+04   0.14859E+04   0.24689E+01   0.35934E+22
   0.41475E+04   0.14863E+04   0.24694E+01   0.35941E+22
   0.41487E+04   0.14867E+04   0.24699E+01   0.35948E+22
   0.41498E+04   0.14871E+04   0.24704E+01   0.35955E+22
   0.41510E+04   0.14876E+04   0.24709E+01   0.35962E+22
   0.41521E+04   0.14880E+04   0.24714E+01   0.35969E+22
   0.41532E+04   0.14884E+04   0.24719E+01   0.35976E+22
   0.41544E+04   0.14889E+04   0.24724E+01   0.35983E+22
   0.41555E+04   0.14893E+04   0.24729E+01   0.35990E+22
   0.41567E+04   0.14897E+04   0.24734E+01   0.35997E+22
   0.41578E+04   0.14901E+04   0.24739E+01   0.36004E+22
   0.41590E+04   0.14906E+04   0.24744E+01   0.36011E+22
   0.41601E+04   0.14910E+04   0.24749E+01   0.36018E+22
   0.41612E+04   0.14914E+04   0.24754E+01   0.36025E+22
   0.41624E+04   0.14919E+04   0.24759E+01   0.36032E+22
   0.41635E+04   0.14923E+04   0.24764E+01   0.36039E+22
   0.41647E+04   0.14927E+04   0.24769E+01   0.36046E+22
   0.41658E+04   0.14931E+04   0.24774E+01   0.36053E+22
   0.41669E+04   0.14936E+04   0.24779E+01   0.36060E+22
   0.41681E+04   0.14940E+04   0.24784E+01   0.36067E+22
   0.41692E+04   0.14944E+04   0.24789E+01   0.36074E+22
   0.41704E+04   0.14948E+04   0.24794E+01   0.36081E+22
   0.41715E+04   0.14953E+04   0.24799E+01   0.36088E+22
   0.41727E+04   0.14957E+04   0.24804E+01   0.36095E+22
   0.41738E+04   0.14961E+04   0.24809E+01   0.36102E+22
   0.41749E+04   0.14966E+04   0.24814E+01   0.36109E+22
   0.41761E+04   0.14970E+04   0.24819E+01   0.36116E+22
   0.41772E+04   0.14974E+04   0.24824E+01   0.36123E+22
   0.41784E+04   0.14978E+04   0.24829E+01   0.36130E+22
   0.41795E+04   0.14983E+04   0.24834E+01   0.36137E+22
   0.41807E+04   0.14987E+04   0.24839E+01   0.36144E+22
   0.41818E+04   0.14991E+04   0.24844E+01   0.36151E+22
   0.41829E+04   0.14996E+04   0.24849E+01   0.36158E+22
   0.41841E+04   0.15000E+04   0.24854E+01   0.36165E+22
   0.41852E+04   0.15004E+04   0.24859E+01   0.36172E+22
   0.41864E+04   0.15008E+04   0.24864E+01   0.36179E+22
   0.41875E+04   0.15013E+04   0.24869E+01   0.36186E+22
   0.41887E+04   0.15017E+04   0.24874E+01   0.36193E+22
   0.41898E+04   0.15021E+04   0.24879E+01   0.36200E+22
   0.41909E+04   0.15026E+04   0.24884E+01   0.36207E+22
   0.41921E+04   0.15030E+04   0.24889E+01   0.36214E+22
   0.41932E+04   0.15034E+04   0.24894E+01   0.36221E+22
   0.41944E+04   0.15038E+04   0.24899E+01   0.36228E+22
   0.41955E+04   0.15043E+04   0.24904E+01   0.36235E+22
   0.41967E+04   0.15047E+04   0.24909E+01   0.36242E+22
   0.41978E+04   0.15051E+04   0.24914E+01   0.36249E+22
   0.41990E+04   0.15056E+04   0.24919E+01   0.36256E+22
   0.42001E+04   0.15060E+04   0.24924E+01   0.36263E+22
   0.42012E+04   0.15064E+04   0.24929E+01   0.36270E+22
   0.42024E+04   0.15069E+04   0.24934E+01   0.36277E+22
   0.42035E+04   0.15073E+04   0.24939E+01   0.36284E+22
   0.42047E+04   0.15077E+04   0.24944E+01   0.36291E+22
   0.42058E+04   0.15081E+04   0.24949E+01   0.36298E+22
   0.42070E+04   0.15086E+04   0.24954E+01   0.36304E+22
   0.42081E+04   0.15090E+04   0.24959E+01   0.36311E+22
   0.42093E+04   0.15094E+04   0.24964E+01   0.36318E+22
   0.42104E+04   0.15099E+04   0.24969E+01   0.36325E+22
   0.42116E+04   0.15103E+04   0.24974E+01   0.36332E+22
   0.42127E+04   0.15107E+04   0.24979E+01   0.36339E+22
   0.42138E+04   0.15111E+04   0.24984E+01   0.36346E+22
   0.42150E+04   0.15116E+04   0.24989E+01   0.36353E+22
   0.42161E+04   0.15120E+04   0.24994E+01   0.36360E+22
   0.42173E+04   0.15124E+04   0.24999E+01   0.36367E+22
   0.42184E+04   0.15129E+04   0.25004E+01   0.36374E+22
   0.42196E+04   0.15133E+04   0.25009E+01   0.36381E+22
   0.42207E+04   0.15137E+04   0.25014E+01   0.36388E+22
   0.42219E+04   0.15141E+04   0.25019E+01   0.36395E+22
   0.42230E+04   0.15146E+04   0.25024E+01   0.36402E+22
   0.42242E+04   0.15150E+04   0.25029E+01   0.36409E+22
   0.42253E+04   0.15154E+04   0.25034E+01   0.36416E+22
   0.42265E+04   0.15159E+04   0.25039E+01   0.36423E+22
   0.42276E+04   0.15163E+04   0.25044E+01   0.36430E+22
   0.42287E+04   0.15167E+04   0.25049E+01   0.36437E+22
   0.42299E+04   0.15172E+04   0.25054E+01   0.36444E+22
   0.42310E+04   0.15176E+04   0.25059E+01   0.36451E+22
   0.42322E+04   0.15180E+04   0.25064E+01   0.36458E+22
   0.42333E+04   0.15184E+04   0.25069E+01   0.36465E+22
   0.42345E+04   0.15189E+04   0.25074E+01   0.36472E+22
   0.42356E+04   0.15193E+04   0.25079E+01   0.36479E+22
   0.42368E+04   0.15197E+04   0.25084E+01   0.36486E+22
   0.42379E+04   0.15202E+04   0.25089E+01   0.36493E+22
   0.42391E+04   0.15206E+04   0.25094E+01   0.36500E+22
   0.42402E+04   0.15210E+04   0.25099E+01   0.36507E+22
   0.42414E+04   0.15215E+04   0.25104E+01   0.36514E+22
   0.42425E+04   0.15219E+04   0.25109E+01   0.36521E+22
   0.42437E+04   0.15223E+04   0.25114E+01   0.36528E+22
   0.42448E+04   0.15227E+04   0.25119E+01   0.36535E+22
   0.42460E+04   0.15232E+04   0.25124E+01   0.36542E+22
   0.42471E+04   0.15236E+04   0.25129E+01   0.36549E+22
   0.42483E+04   0.15240E+04   0.25134E+01   0.36556E+22
   0.42494E+04   0.15245E+04   0.25139E+01   0.36563E+22
   0.42506E+04   0.15249E+04   0.25144E+01   0.36570E+22
   0.42517E+04   0.15253E+04   0.25149E+01   0.36577E+22
   0.42529E+04   0.15258E+04   0.25154E+01   0.36584E+22
   0.42540E+04   0.15262E+04   0.25159E+01   0.36591E+22
   0.42551E+04   0.15266E+04   0.25164E+01   0.36598E+22
   0.42563E+04   0.15270E+04   0.25169E+01   0.36605E+22
   0.42574E+04   0.15275E+04   0.25174E+01   0.36612E+22
   0.42586E+04   0.15279E+04   0.25179E+01   0.36619E+22
   0.42597E+04   0.15283E+04   0.25184E+01   0.36626E+22
   0.42609E+04   0.15288E+04   0.25189E+01   0.36633E+22
   0.42620E+04   0.15292E+04   0.25194E+01   0.36640E+22
   0.42632E+04   0.15296E+04   0.25199E+01   0.36647E+22
   0.42643E+04   0.15301E+04   0.25204E+01   0.36654E+22
   0.42655E+04   0.15305E+04   0.25209E+01   0.36661E+22
   0.42666E+04   0.15309E+04   0.25214E+01   0.36668E+22
   0.42678E+04   0.15313E+04   0.25219E+01   0.36675E+22
   0.42689E+04   0.15318E+04   0.25224E+01   0.36682E+22
   0.42701E+04   0.15322E+04   0.25229E+01   0.36689E+22
   0.42712E+04   0.15326E+04   0.25234E+01   0.36696E+22
   0.42724E+04   0.15331E+04   0.25239E+01   0.36703E+22
   0.42735E+04   0.15335E+04   0.25244E+01   0.36710E+22
   0.42747E+04   0.15339E+04   0.25249E+01   0.36717E+22
   0.42758E+04   0.15344E+04   0.25254E+01   0.36724E+22
   0.42770E+04   0.15348E+04   0.25259E+01   0.36731E+22
   0.42781E+04   0.15352E+04   0.25264E+01   0.36738E+22
   0.42793E+04   0.15357E+04   0.25269E+01   0.36745E+22
   0.42804E+04   0.15361E+04   0.25274E+01   0.36752E+22
   0.42816E+04   0.15365E+04   0.25279E+01   0.36759E+22
   0.42827E+04   0.15369E+04   0.25284E+01   0.36766E+22
   0.42839E+04   0.15374E+04   0.25289E+01   0.36773E+22
   0.42850E+04   0.15378E+04   0.25294E+01   0.36780E+22
   0.42862E+04   0.15382E+04   0.25299E+01   0.36787E+22
   0.42873E+04   0.15387E+04   0.25304E+01   0.36793E+22
   0.42885E+04   0.15391E+04   0.25309E+01   0.36800E+22
   0.42897E+04   0.15395E+04   0.25314E+01   0.36807E+22
   0.42908E+04   0.15400E+04   0.25319E+01   0.36814E+22
   0.42920E+04   0.15404E+04   0.25324E+01   0.36821E+22
   0.42931E+04   0.15408E+04   0.25329E+01   0.36828E+22
   0.42943E+04   0.15413E+04   0.25334E+01   0.36835E+22
   0.42954E+04   0.15417E+04   0.25339E+01   0.36842E+22
   0.42966E+04   0.15421E+04   0.25344E+01   0.36849E+22
   0.42977E+04   0.15426E+04   0.25349E+01   0.36856E+22
   0.42989E+04   0.15430E+04   0.25354E+01   0.36863E+22
   0.43000E+04   0.15434E+04   0.25359E+01   0.36870E+22
   0.43012E+04   0.15438E+04   0.25364E+01   0.36877E+22
   0.43023E+04   0.15443E+04   0.25369E+01   0.36884E+22
   0.43035E+04   0.15447E+04   0.25374E+01   0.36891E+22
   0.43046E+04   0.15451E+04   0.25379E+01   0.36898E+22
   0.43058E+04   0.15456E+04   0.25384E+01   0.36905E+22
   0.43069E+04   0.15460E+04   0.25389E+01   0.36912E+22
   0.43081E+04   0.15464E+04   0.25394E+01   0.36919E+22
   0.43092E+04   0.15469E+04   0.25399E+01   0.36926E+22
   0.43104E+04   0.15473E+04   0.25404E+01   0.36933E+22
   0.43115E+04   0.15477E+04   0.25409E+01   0.36940E+22
   0.43127E+04   0.15482E+04   0.25414E+01   0.36947E+22
   0.43138E+04   0.15486E+04   0.25419E+01   0.36954E+22
   0.43150E+04   0.15490E+04   0.25424E+01   0.36961E+22
   0.43162E+04   0.15495E+04   0.25429E+01   0.36968E+22
   0.43173E+04   0.15499E+04   0.25434E+01   0.36975E+22
   0.43185E+04   0.15503E+04   0.25439E+01   0.36982E+22
   0.43196E+04   0.15508E+04   0.25444E+01   0.36989E+22
   0.43208E+04   0.15512E+04   0.25449E+01   0.36996E+22
   0.43219E+04   0.15516E+04   0.25454E+01   0.37003E+22
   0.43231E+04   0.15520E+04   0.25459E+01   0.37010E+22
   0.43242E+04   0.15525E+04   0.25464E+01   0.37017E+22
   0.43254E+04   0.15529E+04   0.25469E+01   0.37024E+22
   0.43265E+04   0.15533E+04   0.25474E+01   0.37031E+22
   0.43277E+04   0.15538E+04   0.25479E+01   0.37038E+22
   0.43288E+04   0.15542E+04   0.25484E+01   0.37045E+22
   0.43300E+04   0.15546E+04   0.25489E+01   0.37052E+22
   0.43312E+04   0.15551E+04   0.25494E+01   0.37059E+22
   0.43323E+04   0.15555E+04   0.25499E+01   0.37066E+22
   0.43335E+04   0.15559E+04   0.25504E+01   0.37073E+22
   0.43346E+04   0.15564E+04   0.25509E+01   0.37080E+22
   0.43358E+04   0.15568E+04   0.25514E+01   0.37087E+22
   0.43369E+04   0.15572E+04   0.25519E+01   0.37094E+22
   0.43381E+04   0.15577E+04   0.25524E+01   0.37101E+22
   0.43392E+04   0.15581E+04   0.25529E+01   0.37108E+22
   0.43404E+04   0.15585E+04   0.25534E+01   0.37115E+22
   0.43415E+04   0.15590E+04   0.25539E+01   0.37122E+22
   0.43427E+04   0.15594E+04   0.25544E+01   0.37129E+22
   0.43439E+04   0.15598E+04   0.25549E+01   0.37136E+22
   0.43450E+04   0.15603E+04   0.25554E+01   0.37143E+22
   0.43462E+04   0.15607E+04   0.25559E+01   0.37150E+22
   0.43473E+04   0.15611E+04   0.25564E+01   0.37157E+22
   0.43485E+04   0.15616E+04   0.25569E+01   0.37164E+22
   0.43496E+04   0.15620E+04   0.25574E+01   0.37171E+22
   0.43508E+04   0.15624E+04   0.25579E+01   0.37178E+22
   0.43519E+04   0.15629E+04   0.25584E+01   0.37185E+22
   0.43531E+04   0.15633E+04   0.25589E+01   0.37192E+22
   0.43543E+04   0.15637E+04   0.25594E+01   0.37199E+22
   0.43554E+04   0.15641E+04   0.25599E+01   0.37206E+22
   0.43566E+04   0.15646E+04   0.25604E+01   0.37213E+22
   0.43577E+04   0.15650E+04   0.25609E+01   0.37220E+22
   0.43589E+04   0.15654E+04   0.25614E+01   0.37227E+22
   0.43600E+04   0.15659E+04   0.25619E+01   0.37234E+22
   0.43612E+04   0.15663E+04   0.25624E+01   0.37241E+22
   0.43624E+04   0.15667E+04   0.25629E+01   0.37248E+22
   0.43635E+04   0.15672E+04   0.25634E+01   0.37255E+22
   0.43647E+04   0.15676E+04   0.25639E+01   0.37262E+22
   0.43658E+04   0.15680E+04   0.25644E+01   0.37269E+22
   0.43670E+04   0.15685E+04   0.25649E+01   0.37276E+22
   0.43681E+04   0.15689E+04   0.25654E+01   0.37283E+22
   0.43693E+04   0.15693E+04   0.25659E+01   0.37290E+22
   0.43705E+04   0.15698E+04   0.25664E+01   0.37297E+22
   0.43716E+04   0.15702E+04   0.25669E+01   0.37304E+22
   0.43728E+04   0.15706E+04   0.25674E+01   0.37311E+22
   0.43739E+04   0.15711E+04   0.25679E+01   0.37318E+22
   0.43751E+04   0.15715E+04   0.25684E+01   0.37325E+22
   0.43762E+04   0.15719E+04   0.25689E+01   0.37332E+22
   0.43774E+04   0.15724E+04   0.25694E+01   0.37339E+22
   0.43786E+04   0.15728E+04   0.25699E+01   0.37346E+22
   0.43797E+04   0.15732E+04   0.25704E+01   0.37353E+22
   0.43809E+04   0.15737E+04   0.25709E+01   0.37360E+22
   0.43820E+04   0.15741E+04   0.25714E+01   0.37367E+22
   0.43832E+04   0.15745E+04   0.25719E+01   0.37374E+22
   0.43843E+04   0.15750E+04   0.25724E+01   0.37381E+22
   0.43855E+04   0.15754E+04   0.25729E+01   0.37387E+22
   0.43867E+04   0.15758E+04   0.25734E+01   0.37394E+22
   0.43878E+04   0.15763E+04   0.25739E+01   0.37401E+22
   0.43890E+04   0.15767E+04   0.25744E+01   0.37408E+22
   0.43901E+04   0.15771E+04   0.25749E+01   0.37415E+22
   0.43913E+04   0.15776E+04   0.25754E+01   0.37422E+22
   0.43925E+04   0.15780E+04   0.25759E+01   0.37429E+22
   0.43936E+04   0.15784E+04   0.25764E+01   0.37436E+22
   0.43948E+04   0.15789E+04   0.25769E+01   0.37443E+22
   0.43959E+04   0.15793E+04   0.25774E+01   0.37450E+22
   0.43971E+04   0.15797E+04   0.25779E+01   0.37457E+22
   0.43983E+04   0.15802E+04   0.25784E+01   0.37464E+22
   0.43994E+04   0.15806E+04   0.25789E+01   0.37471E+22
   0.44006E+04   0.15810E+04   0.25794E+01   0.37478E+22
   0.44017E+04   0.15815E+04   0.25799E+01   0.37485E+22
   0.44029E+04   0.15819E+04   0.25804E+01   0.37492E+22
   0.44041E+04   0.15823E+04   0.25809E+01   0.37499E+22
   0.44052E+04   0.15828E+04   0.25814E+01   0.37506E+22
   0.44064E+04   0.15832E+04   0.25819E+01   0.37513E+22
   0.44075E+04   0.15836E+04   0.25824E+01   0.37520E+22
   0.44087E+04   0.15841E+04   0.25829E+01   0.37527E+22
   0.44099E+04   0.15845E+04   0.25834E+01   0.37534E+22
   0.44110E+04   0.15849E+04   0.25839E+01   0.37541E+22
   0.44122E+04   0.15854E+04   0.25844E+01   0.37548E+22
   0.44133E+04   0.15858E+04   0.25849E+01   0.37555E+22
   0.44145E+04   0.15862E+04   0.25854E+01   0.37562E+22
   0.44157E+04   0.15867E+04   0.25859E+01   0.37569E+22
   0.44168E+04   0.15871E+04   0.25864E+01   0.37576E+22
   0.44180E+04   0.15875E+04   0.25869E+01   0.37583E+22
   0.44191E+04   0.15880E+04   0.25874E+01   0.37590E+22
   0.44203E+04   0.15884E+04   0.25879E+01   0.37597E+22
   0.44215E+04   0.15888E+04   0.25884E+01   0.37604E+22
   0.44226E+04   0.15893E+04   0.25889E+01   0.37611E+22
   0.44238E+04   0.15897E+04   0.25894E+01   0.37618E+22
   0.44249E+04   0.15902E+04   0.25899E+01   0.37625E+22
   0.44261E+04   0.15906E+04   0.25904E+01   0.37632E+22
   0.44273E+04   0.15910E+04   0.25909E+01   0.37639E+22
   0.44284E+04   0.15915E+04   0.25914E+01   0.37646E+22
   0.44296E+04   0.15919E+04   0.25919E+01   0.37653E+22
   0.44307E+04   0.15923E+04   0.25924E+01   0.37660E+22
   0.44319E+04   0.15928E+04   0.25929E+01   0.37667E+22
   0.44331E+04   0.15932E+04   0.25934E+01   0.37674E+22
   0.44342E+04   0.15936E+04   0.25939E+01   0.37681E+22
   0.44354E+04   0.15941E+04   0.25944E+01   0.37688E+22
   0.44366E+04   0.15945E+04   0.25949E+01   0.37695E+22
   0.44377E+04   0.15949E+04   0.25954E+01   0.37702E+22
   0.44389E+04   0.15954E+04   0.25959E+01   0.37709E+22
   0.44400E+04   0.15958E+04   0.25964E+01   0.37716E+22
   0.44412E+04   0.15962E+04   0.25969E+01   0.37723E+22
   0.44424E+04   0.15967E+04   0.25974E+01   0.37730E+22
   0.44435E+04   0.15971E+04   0.25979E+01   0.37737E+22
   0.44447E+04   0.15975E+04   0.25984E+01   0.37744E+22
   0.44459E+04   0.15980E+04   0.25989E+01   0.37751E+22
   0.44470E+04   0.15984E+04   0.25994E+01   0.37758E+22
   0.44482E+04   0.15988E+04   0.25999E+01   0.37765E+22
   0.44493E+04   0.15993E+04   0.26004E+01   0.37772E+22
   0.44505E+04   0.15997E+04   0.26009E+01   0.37779E+22
   0.44517E+04   0.16001E+04   0.26014E+01   0.37786E+22
   0.44528E+04   0.16006E+04   0.26019E+01   0.37793E+22
   0.44540E+04   0.16010E+04   0.26024E+01   0.37800E+22
   0.44552E+04   0.16014E+04   0.26029E+01   0.37807E+22
   0.44563E+04   0.16019E+04   0.26034E+01   0.37814E+22
   0.44575E+04   0.16023E+04   0.26039E+01   0.37821E+22
   0.44587E+04   0.16028E+04   0.26044E+01   0.37828E+22
   0.44598E+04   0.16032E+04   0.26049E+01   0.37835E+22
   0.44610E+04   0.16036E+04   0.26054E+01   0.37842E+22
   0.44621E+04   0.16041E+04   0.26059E+01   0.37849E+22
   0.44633E+04   0.16045E+04   0.26064E+01   0.37856E+22
   0.44645E+04   0.16049E+04   0.26069E+01   0.37863E+22
   0.44656E+04   0.16054E+04   0.26074E+01   0.37870E+22
   0.44668E+04   0.16058E+04   0.26079E+01   0.37877E+22
   0.44680E+04   0.16062E+04   0.26084E+01   0.37884E+22
   0.44691E+04   0.16067E+04   0.26089E+01   0.37891E+22
   0.44703E+04   0.16071E+04   0.26094E+01   0.37898E+22
   0.44715E+04   0.16075E+04   0.26099E+01   0.37905E+22
   0.44726E+04   0.16080E+04   0.26104E+01   0.37912E+22
   0.44738E+04   0.16084E+04   0.26109E+01   0.37919E+22
   0.44750E+04   0.16088E+04   0.26114E+01   0.37926E+22
   0.44761E+04   0.16093E+04   0.26119E+01   0.37933E+22
   0.44773E+04   0.16097E+04   0.26124E+01   0.37940E+22
   0.44784E+04   0.16101E+04   0.26129E+01   0.37947E+22
   0.44796E+04   0.16106E+04   0.26134E+01   0.37954E+22
   0.44808E+04   0.16110E+04   0.26139E+01   0.37961E+22
   0.44819E+04   0.16115E+04   0.26144E+01   0.37968E+22
   0.44831E+04   0.16119E+04   0.26149E+01   0.37975E+22
   0.44843E+04   0.16123E+04   0.26154E+01   0.37982E+22
   0.44854E+04   0.16128E+04   0.26159E+01   0.37989E+22
   0.44866E+04   0.16132E+04   0.26164E+01   0.37996E+22
   0.44878E+04   0.16136E+04   0.26169E+01   0.38003E+22
   0.44889E+04   0.16141E+04   0.26174E+01   0.38010E+22
   0.44901E+04   0.16145E+04   0.26179E+01   0.38017E+22
   0.44913E+04   0.16149E+04   0.26184E+01   0.38024E+22
   0.44924E+04   0.16154E+04   0.26189E+01   0.38031E+22
   0.44936E+04   0.16158E+04   0.26194E+01   0.38038E+22
   0.44948E+04   0.16162E+04   0.26199E+01   0.38045E+22
   0.44959E+04   0.16167E+04   0.26204E+01   0.38052E+22
   0.44971E+04   0.16171E+04   0.26209E+01   0.38059E+22
   0.44983E+04   0.16176E+04   0.26214E+01   0.38066E+22
   0.44994E+04   0.16180E+04   0.26219E+01   0.38073E+22
   0.45006E+04   0.16184E+04   0.26224E+01   0.38080E+22
   0.45018E+04   0.16189E+04   0.26229E+01   0.38087E+22
   0.45029E+04   0.16193E+04   0.26234E+01   0.38094E+22
   0.45041E+04   0.16197E+04   0.26239E+01   0.38101E+22
   0.45053E+04   0.16202E+04   0.26244E+01   0.38108E+22
   0.45064E+04   0.16206E+04   0.26249E+01   0.38115E+22
   0.45076E+04   0.16210E+04   0.26254E+01   0.38122E+22
   0.45088E+04   0.16215E+04   0.26259E+01   0.38129E+22
   0.45099E+04   0.16219E+04   0.26264E+01   0.38136E+22
   0.45111E+04   0.16223E+04   0.26269E+01   0.38143E+22
   0.45123E+04   0.16228E+04   0.26274E+01   0.38150E+22
   0.45134E+04   0.16232E+04   0.26279E+01   0.38157E+22
   0.45146E+04   0.16237E+04   0.26284E+01   0.38164E+22
   0.45158E+04   0.16241E+04   0.26289E+01   0.38171E+22
   0.45169E+04   0.16245E+04   0.26294E+01   0.38178E+22
   0.45181E+04   0.16250E+04   0.26299E+01   0.38185E+22
   0.45193E+04   0.16254E+04   0.26304E+01   0.38192E+22
   0.45204E+04   0.16258E+04   0.26309E+01   0.38199E+22
   0.45216E+04   0.16263E+04   0.26314E+01   0.38206E+22
   0.45228E+04   0.16267E+04   0.26319E+01   0.38213E+22
   0.45239E+04   0.16271E+04   0.26324E+01   0.38219E+22
   0.45251E+04   0.16276E+04   0.26329E+01   0.38226E+22
   0.45263E+04   0.16280E+04   0.26334E+01   0.38233E+22
   0.45275E+04   0.16285E+04   0.26339E+01   0.38240E+22
   0.45286E+04   0.16289E+04   0.26344E+01   0.38247E+22
   0.45298E+04   0.16293E+04   0.26349E+01   0.38254E+22
   0.45310E+04   0.16298E+04   0.26354E+01   0.38261E+22
   0.45321E+04   0.16302E+04   0.26359E+01   0.38268E+22
   0.45333E+04   0.16306E+04   0.26364E+01   0.38275E+22
   0.45345E+04   0.16311E+04   0.26369E+01   0.38282E+22
   0.45356E+04   0.16315E+04   0.26374E+01   0.38289E+22
   0.45368E+04   0.16319E+04   0.26379E+01   0.38296E+22
   0.45380E+04   0.16324E+04   0.26384E+01   0.38303E+22
   0.45391E+04   0.16328E+04   0.26389E+01   0.38310E+22
   0.45403E+04   0.16333E+04   0.26394E+01   0.38317E+22
   0.45415E+04   0.16337E+04   0.26399E+01   0.38324E+22
   0.45427E+04   0.16341E+04   0.26404E+01   0.38331E+22
   0.45438E+04   0.16346E+04   0.26409E+01   0.38338E+22
   0.45450E+04   0.16350E+04   0.26414E+01   0.38345E+22
   0.45462E+04   0.16354E+04   0.26419E+01   0.38352E+22
   0.45473E+04   0.16359E+04   0.26424E+01   0.38359E+22
   0.45485E+04   0.16363E+04   0.26429E+01   0.38366E+22
   0.45497E+04   0.16368E+04   0.26434E+01   0.38373E+22
   0.45508E+04   0.16372E+04   0.26439E+01   0.38380E+22
   0.45520E+04   0.16376E+04   0.26444E+01   0.38387E+22
   0.45532E+04   0.16381E+04   0.26449E+01   0.38394E+22
   0.45544E+04   0.16385E+04   0.26454E+01   0.38401E+22
   0.45555E+04   0.16389E+04   0.26459E+01   0.38408E+22
   0.45567E+04   0.16394E+04   0.26464E+01   0.38415E+22
   0.45579E+04   0.16398E+04   0.26469E+01   0.38422E+22
   0.45590E+04   0.16402E+04   0.26474E+01   0.38429E+22
   0.45602E+04   0.16407E+04   0.26479E+01   0.38436E+22
   0.45614E+04   0.16411E+04   0.26484E+01   0.38443E+22
   0.45625E+04   0.16416E+04   0.26489E+01   0.38450E+22
   0.45637E+04   0.16420E+04   0.26494E+01   0.38457E+22
   0.45649E+04   0.16424E+04   0.26499E+01   0.38464E+22
   0.45661E+04   0.16429E+04   0.26504E+01   0.38471E+22
   0.45672E+04   0.16433E+04   0.26509E+01   0.38478E+22
   0.45684E+04   0.16437E+04   0.26514E+01   0.38485E+22
   0.45696E+04   0.16442E+04   0.26519E+01   0.38492E+22
   0.45707E+04   0.16446E+04   0.26524E+01   0.38499E+22
   0.45719E+04   0.16451E+04   0.26529E+01   0.38506E+22
   0.45731E+04   0.16455E+04   0.26534E+01   0.38513E+22
   0.45743E+04   0.16459E+04   0.26539E+01   0.38520E+22
   0.45754E+04   0.16464E+04   0.26544E+01   0.38527E+22
   0.45766E+04   0.16468E+04   0.26549E+01   0.38534E+22
   0.45778E+04   0.16472E+04   0.26554E+01   0.38541E+22
   0.45790E+04   0.16477E+04   0.26559E+01   0.38548E+22
   0.45801E+04   0.16481E+04   0.26564E+01   0.38555E+22
   0.45813E+04   0.16486E+04   0.26569E+01   0.38562E+22
   0.45825E+04   0.16490E+04   0.26574E+01   0.38569E+22
   0.45836E+04   0.16494E+04   0.26579E+01   0.38576E+22
   0.45848E+04   0.16499E+04   0.26584E+01   0.38583E+22
   0.45860E+04   0.16503E+04   0.26589E+01   0.38590E+22
   0.45872E+04   0.16507E+04   0.26594E+01   0.38597E+22
   0.45883E+04   0.16512E+04   0.26599E+01   0.38604E+22
   0.45895E+04   0.16516E+04   0.26604E+01   0.38611E+22
   0.45907E+04   0.16521E+04   0.26609E+01   0.38618E+22
   0.45919E+04   0.16525E+04   0.26614E+01   0.38625E+22
   0.45930E+04   0.16529E+04   0.26619E+01   0.38632E+22
   0.45942E+04   0.16534E+04   0.26624E+01   0.38639E+22
   0.45954E+04   0.16538E+04   0.26629E+01   0.38646E+22
   0.45965E+04   0.16542E+04   0.26634E+01   0.38653E+22
   0.45977E+04   0.16547E+04   0.26639E+01   0.38660E+22
   0.45989E+04   0.16551E+04   0.26644E+01   0.38667E+22
   0.46001E+04   0.16556E+04   0.26649E+01   0.38674E+22
   0.46012E+04   0.16560E+04   0.26654E+01   0.38681E+22
   0.46024E+04   0.16564E+04   0.26659E+01   0.38688E+22
   0.46036E+04   0.16569E+04   0.26664E+01   0.38695E+22
   0.46048E+04   0.16573E+04   0.26669E+01   0.38702E+22
   0.46059E+04   0.16578E+04   0.26674E+01   0.38709E+22
   0.46071E+04   0.16582E+04   0.26679E+01   0.38716E+22
   0.46083E+04   0.16586E+04   0.26684E+01   0.38723E+22
   0.46095E+04   0.16591E+04   0.26689E+01   0.38730E+22
   0.46106E+04   0.16595E+04   0.26694E+01   0.38737E+22
   0.46118E+04   0.16599E+04   0.26699E+01   0.38744E+22
   0.46130E+04   0.16604E+04   0.26704E+01   0.38751E+22
   0.46142E+04   0.16608E+04   0.26709E+01   0.38758E+22
   0.46153E+04   0.16613E+04   0.26714E+01   0.38765E+22
   0.46165E+04   0.16617E+04   0.26719E+01   0.38772E+22
   0.46177E+04   0.16621E+04   0.26724E+01   0.38779E+22
   0.46189E+04   0.16626E+04   0.26729E+01   0.38786E+22
   0.46200E+04   0.16630E+04   0.26734E+01   0.38793E+22
   0.46212E+04   0.16634E+04   0.26739E+01   0.38800E+22
   0.46224E+04   0.16639E+04   0.26744E+01   0.38807E+22
   0.46236E+04   0.16643E+04   0.26749E+01   0.38814E+22
   0.46247E+04   0.16648E+04   0.26754E+01   0.38821E+22
   0.46259E+04   0.16652E+04   0.26759E+01   0.38828E+22
   0.46271E+04   0.16656E+04   0.26764E+01   0.38835E+22
   0.46283E+04   0.16661E+04   0.26769E+01   0.38842E+22
   0.46294E+04   0.16665E+04   0.26774E+01   0.38849E+22
   0.46306E+04   0.16670E+04   0.26779E+01   0.38856E+22
   0.46318E+04   0.16674E+04   0.26784E+01   0.38863E+22
   0.46330E+04   0.16678E+04   0.26789E+01   0.38870E+22
   0.46341E+04   0.16683E+04   0.26794E+01   0.38877E+22
   0.46353E+04   0.16687E+04   0.26799E+01   0.38884E+22
   0.46365E+04   0.16692E+04   0.26804E+01   0.38891E+22
   0.46377E+04   0.16696E+04   0.26809E+01   0.38898E+22
   0.46388E+04   0.16700E+04   0.26814E+01   0.38905E+22
   0.46400E+04   0.16705E+04   0.26819E+01   0.38912E+22
   0.46412E+04   0.16709E+04   0.26824E+01   0.38919E+22
   0.46424E+04   0.16713E+04   0.26829E+01   0.38926E+22
   0.46435E+04   0.16718E+04   0.26834E+01   0.38933E+22
   0.46447E+04   0.16722E+04   0.26839E+01   0.38940E+22
   0.46459E+04   0.16727E+04   0.26844E+01   0.38947E+22
   0.46471E+04   0.16731E+04   0.26849E+01   0.38954E+22
   0.46483E+04   0.16735E+04   0.26854E+01   0.38961E+22
   0.46494E+04   0.16740E+04   0.26859E+01   0.38968E+22
   0.46506E+04   0.16744E+04   0.26864E+01   0.38975E+22
   0.46518E+04   0.16749E+04   0.26869E+01   0.38982E+22
   0.46530E+04   0.16753E+04   0.26874E+01   0.38989E+22
   0.46541E+04   0.16757E+04   0.26879E+01   0.38996E+22
   0.46553E+04   0.16762E+04   0.26884E+01   0.39003E+22
   0.46565E+04   0.16766E+04   0.26889E+01   0.39010E+22
   0.46577E+04   0.16771E+04   0.26894E+01   0.39017E+22
   0.46589E+04   0.16775E+04   0.26899E+01   0.39024E+22
   0.46600E+04   0.16779E+04   0.26904E+01   0.39031E+22
   0.46612E+04   0.16784E+04   0.26909E+01   0.39038E+22
   0.46624E+04   0.16788E+04   0.26914E+01   0.39045E+22
   0.46636E+04   0.16792E+04   0.26919E+01   0.39052E+22
   0.46647E+04   0.16797E+04   0.26924E+01   0.39059E+22
   0.46659E+04   0.16801E+04   0.26929E+01   0.39066E+22
   0.46671E+04   0.16806E+04   0.26934E+01   0.39073E+22
   0.46683E+04   0.16810E+04   0.26939E+01   0.39080E+22
   0.46695E+04   0.16814E+04   0.26944E+01   0.39087E+22
   0.46706E+04   0.16819E+04   0.26949E+01   0.39094E+22
   0.46718E+04   0.16823E+04   0.26954E+01   0.39101E+22
   0.46730E+04   0.16828E+04   0.26959E+01   0.39108E+22
   0.46742E+04   0.16832E+04   0.26964E+01   0.39115E+22
   0.46753E+04   0.16836E+04   0.26969E+01   0.39122E+22
   0.46765E+04   0.16841E+04   0.26974E+01   0.39129E+22
   0.46777E+04   0.16845E+04   0.26979E+01   0.39136E+22
   0.46789E+04   0.16850E+04   0.26984E+01   0.39143E+22
   0.46801E+04   0.16854E+04   0.26989E+01   0.39150E+22
   0.46812E+04   0.16858E+04   0.26994E+01   0.39157E+22
   0.46824E+04   0.16863E+04   0.26999E+01   0.39164E+22
   0.46836E+04   0.16867E+04   0.27004E+01   0.39171E+22
   0.46848E+04   0.16872E+04   0.27009E+01   0.39178E+22
   0.46860E+04   0.16876E+04   0.27014E+01   0.39185E+22
   0.46871E+04   0.16880E+04   0.27019E+01   0.39192E+22
   0.46883E+04   0.16885E+04   0.27024E+01   0.39199E+22
   0.46895E+04   0.16889E+04   0.27029E+01   0.39206E+22
   0.46907E+04   0.16894E+04   0.27034E+01   0.39213E+22
   0.46919E+04   0.16898E+04   0.27039E+01   0.39220E+22
   0.46930E+04   0.16902E+04   0.27044E+01   0.39227E+22
   0.46942E+04   0.16907E+04   0.27049E+01   0.39234E+22
   0.46954E+04   0.16911E+04   0.27054E+01   0.39241E+22
   0.46966E+04   0.16916E+04   0.27059E+01   0.39248E+22
   0.46978E+04   0.16920E+04   0.27064E+01   0.39255E+22
   0.46989E+04   0.16924E+04   0.27069E+01   0.39262E+22
   0.47001E+04   0.16929E+04   0.27074E+01   0.39269E+22
   0.47013E+04   0.16933E+04   0.27079E+01   0.39276E+22
   0.47025E+04   0.16938E+04   0.27084E+01   0.39283E+22
   0.47037E+04   0.16942E+04   0.27089E+01   0.39290E+22
   0.47048E+04   0.16946E+04   0.27094E+01   0.39297E+22
   0.47060E+04   0.16951E+04   0.27099E+01   0.39304E+22
   0.47072E+04   0.16955E+04   0.27104E+01   0.39311E+22
   0.47084E+04   0.16960E+04   0.27109E+01   0.39318E+22
   0.47096E+04   0.16964E+04   0.27114E+01   0.39325E+22
   0.47108E+04   0.16968E+04   0.27119E+01   0.39332E+22
   0.47119E+04   0.16973E+04   0.27124E+01   0.39339E+22
   0.47131E+04   0.16977E+04   0.27129E+01   0.39346E+22
   0.47143E+04   0.16982E+04   0.27134E+01   0.39353E+22
   0.47155E+04   0.16986E+04   0.27139E+01   0.39360E+22
   0.47167E+04   0.16990E+04   0.27144E+01   0.39367E+22
   0.47178E+04   0.16995E+04   0.27149E+01   0.39374E+22
   0.47190E+04   0.16999E+04   0.27154E+01   0.39381E+22
   0.47202E+04   0.17004E+04   0.27159E+01   0.39388E+22
   0.47214E+04   0.17008E+04   0.27164E+01   0.39395E+22
   0.47226E+04   0.17012E+04   0.27169E+01   0.39402E+22
   0.47238E+04   0.17017E+04   0.27174E+01   0.39409E+22
   0.47249E+04   0.17021E+04   0.27179E+01   0.39416E+22
   0.47261E+04   0.17026E+04   0.27184E+01   0.39423E+22
   0.47273E+04   0.17030E+04   0.27189E+01   0.39430E+22
   0.47285E+04   0.17035E+04   0.27194E+01   0.39437E+22
   0.47297E+04   0.17039E+04   0.27199E+01   0.39444E+22
   0.47308E+04   0.17043E+04   0.27204E+01   0.39451E+22
   0.47320E+04   0.17048E+04   0.27209E+01   0.39458E+22
   0.47332E+04   0.17052E+04   0.27214E+01   0.39465E+22
   0.47344E+04   0.17057E+04   0.27219E+01   0.39472E+22
   0.47356E+04   0.17061E+04   0.27224E+01   0.39479E+22
   0.47368E+04   0.17065E+04   0.27229E+01   0.39486E+22
   0.47379E+04   0.17070E+04   0.27234E+01   0.39493E+22
   0.47391E+04   0.17074E+04   0.27239E+01   0.39500E+22
   0.47403E+04   0.17079E+04   0.27244E+01   0.39507E+22
   0.47415E+04   0.17083E+04   0.27249E+01   0.39514E+22
   0.47427E+04   0.17087E+04   0.27254E+01   0.39521E+22
   0.47439E+04   0.17092E+04   0.27259E+01   0.39528E+22
   0.47450E+04   0.17096E+04   0.27264E+01   0.39535E+22
   0.47462E+04   0.17101E+04   0.27269E+01   0.39542E+22
   0.47474E+04   0.17105E+04   0.27274E+01   0.39549E+22
   0.47486E+04   0.17109E+04   0.27279E+01   0.39556E+22
   0.47498E+04   0.17114E+04   0.27284E+01   0.39563E+22
   0.47510E+04   0.17118E+04   0.27289E+01   0.39570E+22
   0.47522E+04   0.17123E+04   0.27294E+01   0.39577E+22
   0.47533E+04   0.17127E+04   0.27299E+01   0.39584E+22
   0.47545E+04   0.17132E+04   0.27304E+01   0.39591E+22
   0.47557E+04   0.17136E+04   0.27309E+01   0.39598E+22
   0.47569E+04   0.17140E+04   0.27314E+01   0.39605E+22
   0.47581E+04   0.17145E+04   0.27319E+01   0.39612E+22
   0.47593E+04   0.17149E+04   0.27324E+01   0.39619E+22
   0.47604E+04   0.17154E+04   0.27329E+01   0.39626E+22
   0.47616E+04   0.17158E+04   0.27334E+01   0.39633E+22
   0.47628E+04   0.17162E+04   0.27339E+01   0.39640E+22
   0.47640E+04   0.17167E+04   0.27344E+01   0.39647E+22
   0.47652E+04   0.17171E+04   0.27349E+01   0.39654E+22
   0.47664E+04   0.17176E+04   0.27354E+01   0.39661E+22
   0.47676E+04   0.17180E+04   0.27359E+01   0.39668E+22
   0.47687E+04   0.17185E+04   0.27364E+01   0.39675E+22
   0.47699E+04   0.17189E+04   0.27369E+01   0.39682E+22
   0.47711E+04   0.17193E+04   0.27374E+01   0.39689E+22
   0.47723E+04   0.17198E+04   0.27379E+01   0.39696E+22
   0.47735E+04   0.17202E+04   0.27384E+01   0.39703E+22
   0.47747E+04   0.17207E+04   0.27389E+01   0.39710E+22
   0.47759E+04   0.17211E+04   0.27394E+01   0.39717E+22
   0.47770E+04   0.17215E+04   0.27399E+01   0.39724E+22
   0.47782E+04   0.17220E+04   0.27404E+01   0.39731E+22
   0.47794E+04   0.17224E+04   0.27409E+01   0.39738E+22
   0.47806E+04   0.17229E+04   0.27414E+01   0.39745E+22
   0.47818E+04   0.17233E+04   0.27419E+01   0.39752E+22
   0.47830E+04   0.17238E+04   0.27424E+01   0.39759E+22
   0.47842E+04   0.17242E+04   0.27429E+01   0.39766E+22
   0.47853E+04   0.17246E+04   0.27434E+01   0.39773E+22
   0.47865E+04   0.17251E+04   0.27439E+01   0.39780E+22
   0.47877E+04   0.17255E+04   0.27444E+01   0.39787E+22
   0.47889E+04   0.17260E+04   0.27449E+01   0.39794E+22
   0.47901E+04   0.17264E+04   0.27454E+01   0.39801E+22
   0.47913E+04   0.17268E+04   0.27459E+01   0.39808E+22
   0.47925E+04   0.17273E+04   0.27464E+01   0.39815E+22
   0.47936E+04   0.17277E+04   0.27469E+01   0.39822E+22
   0.47948E+04   0.17282E+04   0.27474E+01   0.39829E+22
   0.47960E+04   0.17286E+04   0.27479E+01   0.39836E+22
   0.47972E+04   0.17291E+04   0.27484E+01   0.39843E+22
   0.47984E+04   0.17295E+04   0.27489E+01   0.39850E+22
   0.47996E+04   0.17299E+04   0.27494E+01   0.39857E+22
   0.48008E+04   0.17304E+04   0.27499E+01   0.39864E+22
   0.48020E+04   0.17308E+04   0.27504E+01   0.39871E+22
   0.48031E+04   0.17313E+04   0.27509E+01   0.39878E+22
   0.48043E+04   0.17317E+04   0.27514E+01   0.39885E+22
   0.48055E+04   0.17322E+04   0.27519E+01   0.39892E+22
   0.48067E+04   0.17326E+04   0.27524E+01   0.39899E+22
   0.48079E+04   0.17330E+04   0.27529E+01   0.39906E+22
   0.48091E+04   0.17335E+04   0.27534E+01   0.39913E+22
   0.48103E+04   0.17339E+04   0.27539E+01   0.39920E+22
   0.48115E+04   0.17344E+04   0.27544E+01   0.39927E+22
   0.48127E+04   0.17348E+04   0.27549E+01   0.39934E+22
   0.48138E+04   0.17353E+04   0.27554E+01   0.39941E+22
   0.48150E+04   0.17357E+04   0.27559E+01   0.39948E+22
   0.48162E+04   0.17361E+04   0.27564E+01   0.39955E+22
   0.48174E+04   0.17366E+04   0.27569E+01   0.39962E+22
   0.48186E+04   0.17370E+04   0.27574E+01   0.39969E+22
   0.48198E+04   0.17375E+04   0.27579E+01   0.39976E+22
   0.48210E+04   0.17379E+04   0.27584E+01   0.39983E+22
   0.48222E+04   0.17383E+04   0.27589E+01   0.39990E+22
   0.48233E+04   0.17388E+04   0.27594E+01   0.39997E+22
   0.48245E+04   0.17392E+04   0.27599E+01   0.40004E+22
   0.48257E+04   0.17397E+04   0.27604E+01   0.40011E+22
   0.48269E+04   0.17401E+04   0.27609E+01   0.40018E+22
   0.48281E+04   0.17406E+04   0.27614E+01   0.40025E+22
   0.48293E+04   0.17410E+04   0.27619E+01   0.40032E+22
   0.48305E+04   0.17414E+04   0.27624E+01   0.40039E+22
   0.48317E+04   0.17419E+04   0.27629E+01   0.40046E+22
   0.48329E+04   0.17423E+04   0.27634E+01   0.40053E+22
   0.48341E+04   0.17428E+04   0.27639E+01   0.40060E+22
   0.48352E+04   0.17432E+04   0.27644E+01   0.40067E+22
   0.48364E+04   0.17437E+04   0.27649E+01   0.40074E+22
   0.48376E+04   0.17441E+04   0.27654E+01   0.40081E+22
   0.48388E+04   0.17446E+04   0.27659E+01   0.40088E+22
   0.48400E+04   0.17450E+04   0.27664E+01   0.40095E+22
   0.48412E+04   0.17454E+04   0.27669E+01   0.40102E+22
   0.48424E+04   0.17459E+04   0.27674E+01   0.40109E+22
   0.48436E+04   0.17463E+04   0.27679E+01   0.40116E+22
   0.48448E+04   0.17468E+04   0.27684E+01   0.40123E+22
   0.48460E+04   0.17472E+04   0.27689E+01   0.40130E+22
   0.48471E+04   0.17477E+04   0.27694E+01   0.40137E+22
   0.48483E+04   0.17481E+04   0.27699E+01   0.40144E+22
   0.48495E+04   0.17485E+04   0.27704E+01   0.40151E+22
   0.48507E+04   0.17490E+04   0.27709E+01   0.40158E+22
   0.48519E+04   0.17494E+04   0.27714E+01   0.40165E+22
   0.48531E+04   0.17499E+04   0.27719E+01   0.40172E+22
   0.48543E+04   0.17503E+04   0.27724E+01   0.40179E+22
   0.48555E+04   0.17508E+04   0.27729E+01   0.40186E+22
   0.48567E+04   0.17512E+04   0.27734E+01   0.40193E+22
   0.48579E+04   0.17516E+04   0.27739E+01   0.40200E+22
   0.48591E+04   0.17521E+04   0.27744E+01   0.40207E+22
   0.48602E+04   0.17525E+04   0.27749E+01   0.40214E+22
   0.48614E+04   0.17530E+04   0.27754E+01   0.40221E+22
   0.48626E+04   0.17534E+04   0.27759E+01   0.40228E+22
   0.48638E+04   0.17539E+04   0.27764E+01   0.40235E+22
   0.48650E+04   0.17543E+04   0.27769E+01   0.40242E+22
   0.48662E+04   0.17547E+04   0.27774E+01   0.40249E+22
   0.48674E+04   0.17552E+04   0.27779E+01   0.40256E+22
   0.48686E+04   0.17556E+04   0.27784E+01   0.40263E+22
   0.48698E+04   0.17561E+04   0.27789E+01   0.40270E+22
   0.48710E+04   0.17565E+04   0.27794E+01   0.40277E+22
   0.48722E+04   0.17570E+04   0.27799E+01   0.40284E+22
   0.48734E+04   0.17574E+04   0.27804E+01   0.40291E+22
   0.48746E+04   0.17579E+04   0.27809E+01   0.40298E+22
   0.48757E+04   0.17583E+04   0.27814E+01   0.40305E+22
   0.48769E+04   0.17587E+04   0.27819E+01   0.40312E+22
   0.48781E+04   0.17592E+04   0.27824E+01   0.40319E+22
   0.48793E+04   0.17596E+04   0.27829E+01   0.40326E+22
   0.48805E+04   0.17601E+04   0.27834E+01   0.40333E+22
   0.48817E+04   0.17605E+04   0.27839E+01   0.40340E+22
   0.48829E+04   0.17610E+04   0.27844E+01   0.40347E+22
   0.48841E+04   0.17614E+04   0.27849E+01   0.40354E+22
   0.48853E+04   0.17618E+04   0.27854E+01   0.40361E+22
   0.48865E+04   0.17623E+04   0.27859E+01   0.40368E+22
   0.48877E+04   0.17627E+04   0.27864E+01   0.40375E+22
   0.48889E+04   0.17632E+04   0.27869E+01   0.40382E+22
   0.48901E+04   0.17636E+04   0.27874E+01   0.40389E+22
   0.48913E+04   0.17641E+04   0.27879E+01   0.40396E+22
   0.48924E+04   0.17645E+04   0.27884E+01   0.40403E+22
   0.48936E+04   0.17650E+04   0.27889E+01   0.40410E+22
   0.48948E+04   0.17654E+04   0.27894E+01   0.40417E+22
   0.48960E+04   0.17658E+04   0.27899E+01   0.40424E+22
   0.48972E+04   0.17663E+04   0.27904E+01   0.40431E+22
   0.48984E+04   0.17667E+04   0.27909E+01   0.40438E+22
   0.48996E+04   0.17672E+04   0.27914E+01   0.40445E+22
   0.49008E+04   0.17676E+04   0.27919E+01   0.40452E+22
   0.49020E+04   0.17681E+04   0.27924E+01   0.40459E+22
   0.49032E+04   0.17685E+04   0.27929E+01   0.40466E+22
   0.49044E+04   0.17690E+04   0.27934E+01   0.40473E+22
   0.49056E+04   0.17694E+04   0.27939E+01   0.40480E+22
   0.49068E+04   0.17698E+04   0.27944E+01   0.40487E+22
   0.49080E+04   0.17703E+04   0.27949E+01   0.40494E+22
   0.49092E+04   0.17707E+04   0.27954E+01   0.40501E+22
   0.49104E+04   0.17712E+04   0.27959E+01   0.40508E+22
   0.49116E+04   0.17716E+04   0.27964E+01   0.40515E+22
   0.49128E+04   0.17721E+04   0.27969E+01   0.40522E+22
   0.49139E+04   0.17725E+04   0.27974E+01   0.40529E+22
   0.49151E+04   0.17730E+04   0.27979E+01   0.40536E+22
   0.49163E+04   0.17734E+04   0.27984E+01   0.40543E+22
   0.49175E+04   0.17738E+04   0.27989E+01   0.40550E+22
   0.49187E+04   0.17743E+04   0.27994E+01   0.40557E+22
   0.49199E+04   0.17747E+04   0.27999E+01   0.40564E+22
   0.49211E+04   0.17752E+04   0.28004E+01   0.40571E+22
   0.49223E+04   0.17756E+04   0.28009E+01   0.40578E+22
   0.49235E+04   0.17761E+04   0.28014E+01   0.40585E+22
   0.49247E+04   0.17765E+04   0.28019E+01   0.40592E+22
   0.49259E+04   0.17770E+04   0.28024E+01   0.40599E+22
   0.49271E+04   0.17774E+04   0.28029E+01   0.40606E+22
   0.49283E+04   0.17778E+04   0.28034E+01   0.40613E+22
   0.49295E+04   0.17783E+04   0.28039E+01   0.40620E+22
   0.49307E+04   0.17787E+04   0.28044E+01   0.40627E+22
   0.49319E+04   0.17792E+04   0.28049E+01   0.40634E+22
   0.49331E+04   0.17796E+04   0.28054E+01   0.40641E+22
   0.49343E+04   0.17801E+04   0.28059E+01   0.40648E+22
   0.49355E+04   0.17805E+04   0.28064E+01   0.40655E+22
   0.49367E+04   0.17810E+04   0.28069E+01   0.40662E+22
   0.49379E+04   0.17814E+04   0.28074E+01   0.40669E+22
   0.49391E+04   0.17819E+04   0.28079E+01   0.40676E+22
   0.49403E+04   0.17823E+04   0.28084E+01   0.40683E+22
   0.49415E+04   0.17827E+04   0.28089E+01   0.40690E+22
   0.49427E+04   0.17832E+04   0.28094E+01   0.40697E+22
   0.49439E+04   0.17836E+04   0.28099E+01   0.40704E+22
   0.49450E+04   0.17841E+04   0.28104E+01   0.40711E+22
   0.49462E+04   0.17845E+04   0.28109E+01   0.40718E+22
   0.49474E+04   0.17850E+04   0.28114E+01   0.40725E+22
   0.49486E+04   0.17854E+04   0.28119E+01   0.40732E+22
   0.49498E+04   0.17859E+04   0.28124E+01   0.40739E+22
   0.49510E+04   0.17863E+04   0.28129E+01   0.40746E+22
   0.49522E+04   0.17868E+04   0.28134E+01   0.40753E+22
   0.49534E+04   0.17872E+04   0.28139E+01   0.40760E+22
   0.49546E+04   0.17876E+04   0.28144E+01   0.40767E+22
   0.49558E+04   0.17881E+04   0.28149E+01   0.40774E+22
   0.49570E+04   0.17885E+04   0.28154E+01   0.40781E+22
   0.49582E+04   0.17890E+04   0.28159E+01   0.40788E+22
   0.49594E+04   0.17894E+04   0.28164E+01   0.40795E+22
   0.49606E+04   0.17899E+04   0.28169E+01   0.40802E+22
   0.49618E+04   0.17903E+04   0.28174E+01   0.40809E+22
   0.49630E+04   0.17908E+04   0.28179E+01   0.40816E+22
   0.49642E+04   0.17912E+04   0.28184E+01   0.40823E+22
   0.49654E+04   0.17917E+04   0.28189E+01   0.40830E+22
   0.49666E+04   0.17921E+04   0.28194E+01   0.40837E+22
   0.49678E+04   0.17925E+04   0.28199E+01   0.40844E+22
   0.49690E+04   0.17930E+04   0.28204E+01   0.40851E+22
   0.49702E+04   0.17934E+04   0.28209E+01   0.40858E+22
   0.49714E+04   0.17939E+04   0.28214E+01   0.40865E+22
   0.49726E+04   0.17943E+04   0.28219E+01   0.40872E+22
   0.49738E+04   0.17948E+04   0.28224E+01   0.40879E+22
   0.49750E+04   0.17952E+04   0.28229E+01   0.40886E+22
   0.49762E+04   0.17957E+04   0.28234E+01   0.40893E+22
   0.49774E+04   0.17961E+04   0.28239E+01   0.40900E+22
   0.49786E+04   0.17966E+04   0.28244E+01   0.40907E+22
   0.49798E+04   0.17970E+04   0.28249E+01   0.40914E+22
   0.49810E+04   0.17975E+04   0.28254E+01   0.40921E+22
   0.49822E+04   0.17979E+04   0.28259E+01   0.40928E+22
   0.49834E+04   0.17983E+04   0.28264E+01   0.40935E+22
   0.49846E+04   0.17988E+04   0.28269E+01   0.40942E+22
   0.49858E+04   0.17992E+04   0.28274E+01   0.40949E+22
   0.49870E+04   0.17997E+04   0.28279E+01   0.40956E+22
   0.49882E+04   0.18001E+04   0.28284E+01   0.40963E+22
   0.49894E+04   0.18006E+04   0.28289E+01   0.40970E+22
   0.49906E+04   0.18010E+04   0.28294E+01   0.40977E+22
   0.49918E+04   0.18015E+04   0.28299E+01   0.40984E+22
   0.49930E+04   0.18019E+04   0.28304E+01   0.40991E+22
   0.49942E+04   0.18024E+04   0.28309E+01   0.40998E+22
   0.49954E+04   0.18028E+04   0.28314E+01   0.41005E+22
   0.49966E+04   0.18033E+04   0.28319E+01   0.41012E+22
   0.49978E+04   0.18037E+04   0.28324E+01   0.41019E+22
   0.49990E+04   0.18041E+04   0.28329E+01   0.41026E+22
   0.50002E+04   0.18046E+04   0.28334E+01   0.41033E+22
   0.50014E+04   0.18050E+04   0.28339E+01   0.41040E+22
   0.50026E+04   0.18055E+04   0.28344E+01   0.41047E+22
   0.50038E+04   0.18059E+04   0.28349E+01   0.41054E+22
   0.50050E+04   0.18064E+04   0.28354E+01   0.41061E+22
   0.50062E+04   0.18068E+04   0.28359E+01   0.41068E+22
   0.50074E+04   0.18073E+04   0.28364E+01   0.41075E+22
   0.50086E+04   0.18077E+04   0.28369E+01   0.41082E+22
   0.50098E+04   0.18082E+04   0.28374E+01   0.41089E+22
   0.50110E+04   0.18086E+04   0.28379E+01   0.41096E+22
   0.50122E+04   0.18091E+04   0.28384E+01   0.41103E+22
   0.50134E+04   0.18095E+04   0.28389E+01   0.41110E+22
   0.50146E+04   0.18099E+04   0.28394E+01   0.41117E+22
   0.50158E+04   0.18104E+04   0.28399E+01   0.41124E+22
   0.50170E+04   0.18108E+04   0.28404E+01   0.41131E+22
   0.50182E+04   0.18113E+04   0.28409E+01   0.41138E+22
   0.50194E+04   0.18117E+04   0.28414E+01   0.41145E+22
   0.50206E+04   0.18122E+04   0.28419E+01   0.41152E+22
   0.50218E+04   0.18126E+04   0.28424E+01   0.41159E+22
   0.50230E+04   0.18131E+04   0.28429E+01   0.41166E+22
   0.50242E+04   0.18135E+04   0.28434E+01   0.41173E+22
   0.50254E+04   0.18140E+04   0.28439E+01   0.41180E+22
   0.50266E+04   0.18144E+04   0.28444E+01   0.41187E+22
   0.50278E+04   0.18149E+04   0.28449E+01   0.41194E+22
   0.50290E+04   0.18153E+04   0.28454E+01   0.41201E+22
   0.50302E+04   0.18158E+04   0.28459E+01   0.41208E+22
   0.50314E+04   0.18162E+04   0.28464E+01   0.41215E+22
   0.50327E+04   0.18167E+04   0.28469E+01   0.41222E+22
   0.50339E+04   0.18171E+04   0.28474E+01   0.41229E+22
   0.50351E+04   0.18175E+04   0.28479E+01   0.41236E+22
   0.50363E+04   0.18180E+04   0.28484E+01   0.41243E+22
   0.50375E+04   0.18184E+04   0.28489E+01   0.41250E+22
   0.50387E+04   0.18189E+04   0.28494E+01   0.41257E+22
   0.50399E+04   0.18193E+04   0.28499E+01   0.41264E+22
   0.50411E+04   0.18198E+04   0.28504E+01   0.41271E+22
   0.50423E+04   0.18202E+04   0.28509E+01   0.41278E+22
   0.50435E+04   0.18207E+04   0.28514E+01   0.41285E+22
   0.50447E+04   0.18211E+04   0.28519E+01   0.41292E+22
   0.50459E+04   0.18216E+04   0.28524E+01   0.41299E+22
   0.50471E+04   0.18220E+04   0.28529E+01   0.41306E+22
   0.50483E+04   0.18225E+04   0.28534E+01   0.41313E+22
   0.50495E+04   0.18229E+04   0.28539E+01   0.41320E+22
   0.50507E+04   0.18234E+04   0.28544E+01   0.41327E+22
   0.50519E+04   0.18238E+04   0.28549E+01   0.41334E+22
   0.50531E+04   0.18243E+04   0.28554E+01   0.41341E+22
   0.50543E+04   0.18247E+04   0.28559E+01   0.41348E+22
   0.50555E+04   0.18251E+04   0.28564E+01   0.41355E+22
   0.50567E+04   0.18256E+04   0.28569E+01   0.41362E+22
   0.50579E+04   0.18260E+04   0.28574E+01   0.41369E+22
   0.50591E+04   0.18265E+04   0.28579E+01   0.41376E+22
   0.50603E+04   0.18269E+04   0.28584E+01   0.41383E+22
   0.50615E+04   0.18274E+04   0.28589E+01   0.41390E+22
   0.50627E+04   0.18278E+04   0.28594E+01   0.41397E+22
   0.50640E+04   0.18283E+04   0.28599E+01   0.41404E+22
   0.50652E+04   0.18287E+04   0.28604E+01   0.41411E+22
   0.50664E+04   0.18292E+04   0.28609E+01   0.41418E+22
   0.50676E+04   0.18296E+04   0.28614E+01   0.41425E+22
   0.50688E+04   0.18301E+04   0.28619E+01   0.41432E+22
   0.50700E+04   0.18305E+04   0.28624E+01   0.41439E+22
   0.50712E+04   0.18310E+04   0.28629E+01   0.41446E+22
   0.50724E+04   0.18314E+04   0.28634E+01   0.41453E+22
   0.50736E+04   0.18319E+04   0.28639E+01   0.41460E+22
   0.50748E+04   0.18323E+04   0.28644E+01   0.41467E+22
   0.50760E+04   0.18328E+04   0.28649E+01   0.41474E+22
   0.50772E+04   0.18332E+04   0.28654E+01   0.41481E+22
   0.50784E+04   0.18337E+04   0.28659E+01   0.41488E+22
   0.50796E+04   0.18341E+04   0.28664E+01   0.41495E+22
   0.50808E+04   0.18346E+04   0.28669E+01   0.41502E+22
   0.50820E+04   0.18350E+04   0.28674E+01   0.41509E+22
   0.50832E+04   0.18354E+04   0.28679E+01   0.41516E+22
   0.50845E+04   0.18359E+04   0.28684E+01   0.41523E+22
   0.50857E+04   0.18363E+04   0.28689E+01   0.41530E+22
   0.50869E+04   0.18368E+04   0.28694E+01   0.41537E+22
   0.50881E+04   0.18372E+04   0.28699E+01   0.41544E+22
   0.50893E+04   0.18377E+04   0.28704E+01   0.41551E+22
   0.50905E+04   0.18381E+04   0.28709E+01   0.41558E+22
   0.50917E+04   0.18386E+04   0.28714E+01   0.41565E+22
   0.50929E+04   0.18390E+04   0.28719E+01   0.41572E+22
   0.50941E+04   0.18395E+04   0.28724E+01   0.41579E+22
   0.50953E+04   0.18399E+04   0.28729E+01   0.41586E+22
   0.50965E+04   0.18404E+04   0.28734E+01   0.41593E+22
   0.50977E+04   0.18408E+04   0.28739E+01   0.41600E+22
   0.50989E+04   0.18413E+04   0.28744E+01   0.41607E+22
   0.51001E+04   0.18417E+04   0.28749E+01   0.41614E+22
   0.51013E+04   0.18422E+04   0.28754E+01   0.41621E+22
   0.51026E+04   0.18426E+04   0.28759E+01   0.41628E+22
   0.51038E+04   0.18431E+04   0.28764E+01   0.41636E+22
   0.51050E+04   0.18435E+04   0.28769E+01   0.41643E+22
   0.51062E+04   0.18440E+04   0.28774E+01   0.41650E+22
   0.51074E+04   0.18444E+04   0.28779E+01   0.41657E+22
   0.51086E+04   0.18449E+04   0.28784E+01   0.41664E+22
   0.51098E+04   0.18453E+04   0.28789E+01   0.41671E+22
   0.51110E+04   0.18458E+04   0.28794E+01   0.41678E+22
   0.51122E+04   0.18462E+04   0.28799E+01   0.41685E+22
   0.51134E+04   0.18467E+04   0.28804E+01   0.41692E+22
   0.51146E+04   0.18471E+04   0.28809E+01   0.41699E+22
   0.51158E+04   0.18476E+04   0.28814E+01   0.41706E+22
   0.51170E+04   0.18480E+04   0.28819E+01   0.41713E+22
   0.51183E+04   0.18485E+04   0.28824E+01   0.41720E+22
   0.51195E+04   0.18489E+04   0.28829E+01   0.41727E+22
   0.51207E+04   0.18493E+04   0.28834E+01   0.41734E+22
   0.51219E+04   0.18498E+04   0.28839E+01   0.41741E+22
   0.51231E+04   0.18502E+04   0.28844E+01   0.41748E+22
   0.51243E+04   0.18507E+04   0.28849E+01   0.41755E+22
   0.51255E+04   0.18511E+04   0.28854E+01   0.41762E+22
   0.51267E+04   0.18516E+04   0.28859E+01   0.41769E+22
   0.51279E+04   0.18520E+04   0.28864E+01   0.41776E+22
   0.51291E+04   0.18525E+04   0.28869E+01   0.41783E+22
   0.51303E+04   0.18529E+04   0.28874E+01   0.41790E+22
   0.51316E+04   0.18534E+04   0.28879E+01   0.41797E+22
   0.51328E+04   0.18538E+04   0.28884E+01   0.41804E+22
   0.51340E+04   0.18543E+04   0.28889E+01   0.41811E+22
   0.51352E+04   0.18547E+04   0.28894E+01   0.41818E+22
   0.51364E+04   0.18552E+04   0.28899E+01   0.41825E+22
   0.51376E+04   0.18556E+04   0.28904E+01   0.41832E+22
   0.51388E+04   0.18561E+04   0.28909E+01   0.41839E+22
   0.51400E+04   0.18565E+04   0.28914E+01   0.41846E+22
   0.51412E+04   0.18570E+04   0.28919E+01   0.41853E+22
   0.51424E+04   0.18574E+04   0.28924E+01   0.41860E+22
   0.51437E+04   0.18579E+04   0.28929E+01   0.41867E+22
   0.51449E+04   0.18583E+04   0.28934E+01   0.41874E+22
   0.51461E+04   0.18588E+04   0.28939E+01   0.41881E+22
   0.51473E+04   0.18592E+04   0.28944E+01   0.41888E+22
   0.51485E+04   0.18597E+04   0.28949E+01   0.41895E+22
   0.51497E+04   0.18601E+04   0.28954E+01   0.41902E+22
   0.51509E+04   0.18606E+04   0.28959E+01   0.41909E+22
   0.51521E+04   0.18610E+04   0.28964E+01   0.41916E+22
   0.51533E+04   0.18615E+04   0.28969E+01   0.41923E+22
   0.51545E+04   0.18619E+04   0.28974E+01   0.41930E+22
   0.51558E+04   0.18624E+04   0.28979E+01   0.41937E+22
   0.51570E+04   0.18628E+04   0.28984E+01   0.41944E+22
   0.51582E+04   0.18633E+04   0.28989E+01   0.41951E+22
   0.51594E+04   0.18637E+04   0.28994E+01   0.41958E+22
   0.51606E+04   0.18642E+04   0.28999E+01   0.41965E+22
   0.51618E+04   0.18646E+04   0.29004E+01   0.41972E+22
   0.51630E+04   0.18651E+04   0.29009E+01   0.41979E+22
   0.51642E+04   0.18655E+04   0.29014E+01   0.41986E+22
   0.51654E+04   0.18660E+04   0.29019E+01   0.41993E+22
   0.51667E+04   0.18664E+04   0.29024E+01   0.42000E+22
   0.51679E+04   0.18669E+04   0.29029E+01   0.42007E+22
   0.51691E+04   0.18673E+04   0.29034E+01   0.42014E+22
   0.51703E+04   0.18678E+04   0.29039E+01   0.42021E+22
   0.51715E+04   0.18682E+04   0.29044E+01   0.42028E+22
   0.51727E+04   0.18687E+04   0.29049E+01   0.42035E+22
   0.51739E+04   0.18691E+04   0.29054E+01   0.42042E+22
   0.51751E+04   0.18696E+04   0.29059E+01   0.42049E+22
   0.51764E+04   0.18700E+04   0.29064E+01   0.42056E+22
   0.51776E+04   0.18705E+04   0.29069E+01   0.42063E+22
   0.51788E+04   0.18709E+04   0.29074E+01   0.42070E+22
   0.51800E+04   0.18714E+04   0.29079E+01   0.42077E+22
   0.51812E+04   0.18718E+04   0.29084E+01   0.42084E+22
   0.51824E+04   0.18723E+04   0.29089E+01   0.42091E+22
   0.51836E+04   0.18727E+04   0.29094E+01   0.42098E+22
   0.51848E+04   0.18732E+04   0.29099E+01   0.42105E+22
   0.51861E+04   0.18736E+04   0.29104E+01   0.42112E+22
   0.51873E+04   0.18741E+04   0.29109E+01   0.42119E+22
   0.51885E+04   0.18745E+04   0.29114E+01   0.42126E+22
   0.51897E+04   0.18750E+04   0.29119E+01   0.42133E+22
   0.51909E+04   0.18754E+04   0.29124E+01   0.42140E+22
   0.51921E+04   0.18759E+04   0.29129E+01   0.42147E+22
   0.51933E+04   0.18763E+04   0.29134E+01   0.42154E+22
   0.51945E+04   0.18768E+04   0.29139E+01   0.42161E+22
   0.51958E+04   0.18772E+04   0.29144E+01   0.42168E+22
   0.51970E+04   0.18777E+04   0.29149E+01   0.42175E+22
   0.51982E+04   0.18781E+04   0.29154E+01   0.42182E+22
   0.51994E+04   0.18786E+04   0.29159E+01   0.42189E+22
   0.52006E+04   0.18790E+04   0.29164E+01   0.42196E+22
   0.52018E+04   0.18795E+04   0.29169E+01   0.42203E+22
   0.52030E+04   0.18799E+04   0.29174E+01   0.42210E+22
   0.52043E+04   0.18804E+04   0.29179E+01   0.42217E+22
   0.52055E+04   0.18808E+04   0.29184E+01   0.42224E+22
   0.52067E+04   0.18813E+04   0.29189E+01   0.42231E+22
   0.52079E+04   0.18817E+04   0.29194E+01   0.42238E+22
   0.52091E+04   0.18822E+04   0.29199E+01   0.42245E+22
   0.52103E+04   0.18826E+04   0.29204E+01   0.42252E+22
   0.52115E+04   0.18831E+04   0.29209E+01   0.42259E+22
   0.52128E+04   0.18835E+04   0.29214E+01   0.42266E+22
   0.52140E+04   0.18840E+04   0.29219E+01   0.42273E+22
   0.52152E+04   0.18844E+04   0.29224E+01   0.42280E+22
   0.52164E+04   0.18849E+04   0.29229E+01   0.42287E+22
   0.52176E+04   0.18853E+04   0.29234E+01   0.42294E+22
   0.52188E+04   0.18858E+04   0.29239E+01   0.42301E+22
   0.52200E+04   0.18862E+04   0.29244E+01   0.42308E+22
   0.52213E+04   0.18867E+04   0.29249E+01   0.42315E+22
   0.52225E+04   0.18871E+04   0.29254E+01   0.42322E+22
   0.52237E+04   0.18876E+04   0.29259E+01   0.42329E+22
   0.52249E+04   0.18880E+04   0.29264E+01   0.42336E+22
   0.52261E+04   0.18885E+04   0.29269E+01   0.42343E+22
   0.52273E+04   0.18889E+04   0.29274E+01   0.42350E+22
   0.52286E+04   0.18894E+04   0.29279E+01   0.42357E+22
   0.52298E+04   0.18898E+04   0.29284E+01   0.42364E+22
   0.52310E+04   0.18903E+04   0.29289E+01   0.42371E+22
   0.52322E+04   0.18907E+04   0.29294E+01   0.42378E+22
   0.52334E+04   0.18912E+04   0.29299E+01   0.42385E+22
   0.52346E+04   0.18916E+04   0.29304E+01   0.42392E+22
   0.52358E+04   0.18921E+04   0.29309E+01   0.42399E+22
   0.52371E+04   0.18925E+04   0.29314E+01   0.42406E+22
   0.52383E+04   0.18930E+04   0.29319E+01   0.42413E+22
   0.52395E+04   0.18934E+04   0.29324E+01   0.42420E+22
   0.52407E+04   0.18939E+04   0.29329E+01   0.42427E+22
   0.52419E+04   0.18944E+04   0.29334E+01   0.42434E+22
   0.52431E+04   0.18948E+04   0.29339E+01   0.42441E+22
   0.52444E+04   0.18953E+04   0.29344E+01   0.42448E+22
   0.52456E+04   0.18957E+04   0.29349E+01   0.42455E+22
   0.52468E+04   0.18962E+04   0.29354E+01   0.42462E+22
   0.52480E+04   0.18966E+04   0.29359E+01   0.42469E+22
   0.52492E+04   0.18971E+04   0.29364E+01   0.42476E+22
   0.52504E+04   0.18975E+04   0.29369E+01   0.42483E+22
   0.52517E+04   0.18980E+04   0.29374E+01   0.42490E+22
   0.52529E+04   0.18984E+04   0.29379E+01   0.42497E+22
   0.52541E+04   0.18989E+04   0.29384E+01   0.42504E+22
   0.52553E+04   0.18993E+04   0.29389E+01   0.42511E+22
   0.52565E+04   0.18998E+04   0.29394E+01   0.42518E+22
   0.52577E+04   0.19002E+04   0.29399E+01   0.42525E+22
   0.52590E+04   0.19007E+04   0.29404E+01   0.42532E+22
   0.52602E+04   0.19011E+04   0.29409E+01   0.42539E+22
   0.52614E+04   0.19016E+04   0.29414E+01   0.42546E+22
   0.52626E+04   0.19020E+04   0.29419E+01   0.42553E+22
   0.52638E+04   0.19025E+04   0.29424E+01   0.42560E+22
   0.52651E+04   0.19029E+04   0.29429E+01   0.42567E+22
   0.52663E+04   0.19034E+04   0.29434E+01   0.42575E+22
   0.52675E+04   0.19038E+04   0.29439E+01   0.42582E+22
   0.52687E+04   0.19043E+04   0.29444E+01   0.42589E+22
   0.52699E+04   0.19047E+04   0.29449E+01   0.42596E+22
   0.52711E+04   0.19052E+04   0.29454E+01   0.42603E+22
   0.52724E+04   0.19056E+04   0.29459E+01   0.42610E+22
   0.52736E+04   0.19061E+04   0.29464E+01   0.42617E+22
   0.52748E+04   0.19065E+04   0.29469E+01   0.42624E+22
   0.52760E+04   0.19070E+04   0.29474E+01   0.42631E+22
   0.52772E+04   0.19074E+04   0.29479E+01   0.42638E+22
   0.52785E+04   0.19079E+04   0.29484E+01   0.42645E+22
   0.52797E+04   0.19084E+04   0.29489E+01   0.42652E+22
   0.52809E+04   0.19088E+04   0.29494E+01   0.42659E+22
   0.52821E+04   0.19093E+04   0.29499E+01   0.42666E+22
   0.52833E+04   0.19097E+04   0.29504E+01   0.42673E+22
   0.52845E+04   0.19102E+04   0.29509E+01   0.42680E+22
   0.52858E+04   0.19106E+04   0.29514E+01   0.42687E+22
   0.52870E+04   0.19111E+04   0.29519E+01   0.42694E+22
   0.52882E+04   0.19115E+04   0.29524E+01   0.42701E+22
   0.52894E+04   0.19120E+04   0.29529E+01   0.42708E+22
   0.52906E+04   0.19124E+04   0.29534E+01   0.42715E+22
   0.52919E+04   0.19129E+04   0.29539E+01   0.42722E+22
   0.52931E+04   0.19133E+04   0.29544E+01   0.42729E+22
   0.52943E+04   0.19138E+04   0.29549E+01   0.42736E+22
   0.52955E+04   0.19142E+04   0.29554E+01   0.42743E+22
   0.52967E+04   0.19147E+04   0.29559E+01   0.42750E+22
   0.52980E+04   0.19151E+04   0.29564E+01   0.42757E+22
   0.52992E+04   0.19156E+04   0.29569E+01   0.42764E+22
   0.53004E+04   0.19160E+04   0.29574E+01   0.42771E+22
   0.53016E+04   0.19165E+04   0.29579E+01   0.42778E+22
   0.53028E+04   0.19169E+04   0.29584E+01   0.42785E+22
   0.53041E+04   0.19174E+04   0.29589E+01   0.42792E+22
   0.53053E+04   0.19178E+04   0.29594E+01   0.42799E+22
   0.53065E+04   0.19183E+04   0.29599E+01   0.42806E+22
   0.53077E+04   0.19188E+04   0.29604E+01   0.42813E+22
   0.53089E+04   0.19192E+04   0.29609E+01   0.42820E+22
   0.53102E+04   0.19197E+04   0.29614E+01   0.42827E+22
   0.53114E+04   0.19201E+04   0.29619E+01   0.42834E+22
   0.53126E+04   0.19206E+04   0.29624E+01   0.42841E+22
   0.53138E+04   0.19210E+04   0.29629E+01   0.42848E+22
   0.53150E+04   0.19215E+04   0.29634E+01   0.42855E+22
   0.53163E+04   0.19219E+04   0.29639E+01   0.42862E+22
   0.53175E+04   0.19224E+04   0.29644E+01   0.42869E+22
   0.53187E+04   0.19228E+04   0.29649E+01   0.42876E+22
   0.53199E+04   0.19233E+04   0.29654E+01   0.42883E+22
   0.53212E+04   0.19237E+04   0.29659E+01   0.42890E+22
   0.53224E+04   0.19242E+04   0.29664E+01   0.42897E+22
   0.53236E+04   0.19246E+04   0.29669E+01   0.42904E+22
   0.53248E+04   0.19251E+04   0.29674E+01   0.42911E+22
   0.53260E+04   0.19255E+04   0.29679E+01   0.42918E+22
   0.53273E+04   0.19260E+04   0.29684E+01   0.42925E+22
   0.53285E+04   0.19264E+04   0.29689E+01   0.42932E+22
   0.53297E+04   0.19269E+04   0.29694E+01   0.42939E+22
   0.53309E+04   0.19274E+04   0.29699E+01   0.42946E+22
   0.53321E+04   0.19278E+04   0.29704E+01   0.42953E+22
   0.53334E+04   0.19283E+04   0.29709E+01   0.42960E+22
   0.53346E+04   0.19287E+04   0.29714E+01   0.42967E+22
   0.53358E+04   0.19292E+04   0.29719E+01   0.42974E+22
   0.53370E+04   0.19296E+04   0.29724E+01   0.42981E+22
   0.53383E+04   0.19301E+04   0.29729E+01   0.42988E+22
   0.53395E+04   0.19305E+04   0.29734E+01   0.42995E+22
   0.53407E+04   0.19310E+04   0.29739E+01   0.43002E+22
   0.53419E+04   0.19314E+04   0.29744E+01   0.43009E+22
   0.53431E+04   0.19319E+04   0.29749E+01   0.43016E+22
   0.53444E+04   0.19323E+04   0.29754E+01   0.43023E+22
   0.53456E+04   0.19328E+04   0.29759E+01   0.43030E+22
   0.53468E+04   0.19332E+04   0.29764E+01   0.43037E+22
   0.53480E+04   0.19337E+04   0.29769E+01   0.43044E+22
   0.53493E+04   0.19341E+04   0.29774E+01   0.43051E+22
   0.53505E+04   0.19346E+04   0.29779E+01   0.43058E+22
   0.53517E+04   0.19351E+04   0.29784E+01   0.43065E+22
   0.53529E+04   0.19355E+04   0.29789E+01   0.43072E+22
   0.53542E+04   0.19360E+04   0.29794E+01   0.43079E+22
   0.53554E+04   0.19364E+04   0.29799E+01   0.43086E+22
   0.53566E+04   0.19369E+04   0.29804E+01   0.43093E+22
   0.53578E+04   0.19373E+04   0.29809E+01   0.43100E+22
   0.53591E+04   0.19378E+04   0.29814E+01   0.43107E+22
   0.53603E+04   0.19382E+04   0.29819E+01   0.43114E+22
   0.53615E+04   0.19387E+04   0.29824E+01   0.43121E+22
   0.53627E+04   0.19391E+04   0.29829E+01   0.43128E+22
   0.53639E+04   0.19396E+04   0.29834E+01   0.43135E+22
   0.53652E+04   0.19400E+04   0.29839E+01   0.43142E+22
   0.53664E+04   0.19405E+04   0.29844E+01   0.43149E+22
   0.53676E+04   0.19410E+04   0.29849E+01   0.43156E+22
   0.53688E+04   0.19414E+04   0.29854E+01   0.43163E+22
   0.53701E+04   0.19419E+04   0.29859E+01   0.43170E+22
   0.53713E+04   0.19423E+04   0.29864E+01   0.43177E+22
   0.53725E+04   0.19428E+04   0.29869E+01   0.43184E+22
   0.53737E+04   0.19432E+04   0.29874E+01   0.43191E+22
   0.53750E+04   0.19437E+04   0.29879E+01   0.43198E+22
   0.53762E+04   0.19441E+04   0.29884E+01   0.43205E+22
   0.53774E+04   0.19446E+04   0.29889E+01   0.43212E+22
   0.53786E+04   0.19450E+04   0.29894E+01   0.43219E+22
   0.53799E+04   0.19455E+04   0.29899E+01   0.43226E+22
   0.53811E+04   0.19459E+04   0.29904E+01   0.43233E+22
   0.53823E+04   0.19464E+04   0.29909E+01   0.43240E+22
   0.53835E+04   0.19469E+04   0.29914E+01   0.43247E+22
   0.53848E+04   0.19473E+04   0.29919E+01   0.43254E+22
   0.53860E+04   0.19478E+04   0.29924E+01   0.43261E+22
   0.53872E+04   0.19482E+04   0.29929E+01   0.43268E+22
   0.53884E+04   0.19487E+04   0.29934E+01   0.43275E+22
   0.53897E+04   0.19491E+04   0.29939E+01   0.43283E+22
   0.53909E+04   0.19496E+04   0.29944E+01   0.43290E+22
   0.53921E+04   0.19500E+04   0.29949E+01   0.43297E+22
   0.53933E+04   0.19505E+04   0.29954E+01   0.43304E+22
   0.53946E+04   0.19509E+04   0.29959E+01   0.43311E+22
   0.53958E+04   0.19514E+04   0.29964E+01   0.43318E+22
   0.53970E+04   0.19518E+04   0.29969E+01   0.43325E+22
   0.53982E+04   0.19523E+04   0.29974E+01   0.43332E+22
   0.53995E+04   0.19528E+04   0.29979E+01   0.43339E+22
   0.54007E+04   0.19532E+04   0.29984E+01   0.43346E+22
   0.54019E+04   0.19537E+04   0.29989E+01   0.43353E+22
   0.54032E+04   0.19541E+04   0.29994E+01   0.43360E+22
   0.54044E+04   0.19546E+04   0.29999E+01   0.43367E+22
   0.54056E+04   0.19550E+04   0.30004E+01   0.43374E+22
   0.54068E+04   0.19555E+04   0.30009E+01   0.43381E+22
   0.54081E+04   0.19559E+04   0.30014E+01   0.43388E+22
   0.54093E+04   0.19564E+04   0.30019E+01   0.43395E+22
   0.54105E+04   0.19568E+04   0.30024E+01   0.43402E+22
   0.54117E+04   0.19573E+04   0.30029E+01   0.43409E+22
   0.54130E+04   0.19578E+04   0.30034E+01   0.43416E+22
   0.54142E+04   0.19582E+04   0.30039E+01   0.43423E+22
   0.54154E+04   0.19587E+04   0.30044E+01   0.43430E+22
   0.54166E+04   0.19591E+04   0.30049E+01   0.43437E+22
   0.54179E+04   0.19596E+04   0.30054E+01   0.43444E+22
   0.54191E+04   0.19600E+04   0.30059E+01   0.43451E+22
   0.54203E+04   0.19605E+04   0.30064E+01   0.43458E+22
   0.54216E+04   0.19609E+04   0.30069E+01   0.43465E+22
   0.54228E+04   0.19614E+04   0.30074E+01   0.43472E+22
   0.54240E+04   0.19618E+04   0.30079E+01   0.43479E+22
   0.54252E+04   0.19623E+04   0.30084E+01   0.43486E+22
   0.54265E+04   0.19628E+04   0.30089E+01   0.43493E+22
   0.54277E+04   0.19632E+04   0.30094E+01   0.43500E+22
   0.54289E+04   0.19637E+04   0.30099E+01   0.43507E+22
   0.54302E+04   0.19641E+04   0.30104E+01   0.43514E+22
   0.54314E+04   0.19646E+04   0.30109E+01   0.43521E+22
   0.54326E+04   0.19650E+04   0.30114E+01   0.43528E+22
   0.54338E+04   0.19655E+04   0.30119E+01   0.43535E+22
   0.54351E+04   0.19659E+04   0.30124E+01   0.43542E+22
   0.54363E+04   0.19664E+04   0.30129E+01   0.43549E+22
   0.54375E+04   0.19668E+04   0.30134E+01   0.43556E+22
   0.54388E+04   0.19673E+04   0.30139E+01   0.43563E+22
   0.54400E+04   0.19678E+04   0.30144E+01   0.43570E+22
   0.54412E+04   0.19682E+04   0.30149E+01   0.43577E+22
   0.54424E+04   0.19687E+04   0.30154E+01   0.43584E+22
   0.54437E+04   0.19691E+04   0.30159E+01   0.43591E+22
   0.54449E+04   0.19696E+04   0.30164E+01   0.43598E+22
   0.54461E+04   0.19700E+04   0.30169E+01   0.43605E+22
   0.54474E+04   0.19705E+04   0.30174E+01   0.43612E+22
   0.54486E+04   0.19709E+04   0.30179E+01   0.43619E+22
   0.54498E+04   0.19714E+04   0.30184E+01   0.43626E+22
   0.54510E+04   0.19719E+04   0.30189E+01   0.43633E+22
   0.54523E+04   0.19723E+04   0.30194E+01   0.43640E+22
   0.54535E+04   0.19728E+04   0.30199E+01   0.43647E+22
   0.54547E+04   0.19732E+04   0.30204E+01   0.43654E+22
   0.54560E+04   0.19737E+04   0.30209E+01   0.43661E+22
   0.54572E+04   0.19741E+04   0.30214E+01   0.43668E+22
   0.54584E+04   0.19746E+04   0.30219E+01   0.43675E+22
   0.54597E+04   0.19750E+04   0.30224E+01   0.43682E+22
   0.54609E+04   0.19755E+04   0.30229E+01   0.43689E+22
   0.54621E+04   0.19760E+04   0.30234E+01   0.43696E+22
   0.54633E+04   0.19764E+04   0.30239E+01   0.43703E+22
   0.54646E+04   0.19769E+04   0.30244E+01   0.43710E+22
   0.54658E+04   0.19773E+04   0.30249E+01   0.43717E+22
   0.54670E+04   0.19778E+04   0.30254E+01   0.43724E+22
   0.54683E+04   0.19782E+04   0.30259E+01   0.43731E+22
   0.54695E+04   0.19787E+04   0.30264E+01   0.43738E+22
   0.54707E+04   0.19791E+04   0.30269E+01   0.43745E+22
   0.54720E+04   0.19796E+04   0.30274E+01   0.43752E+22
   0.54732E+04   0.19801E+04   0.30279E+01   0.43759E+22
   0.54744E+04   0.19805E+04   0.30284E+01   0.43766E+22
   0.54756E+04   0.19810E+04   0.30289E+01   0.43773E+22
   0.54769E+04   0.19814E+04   0.30294E+01   0.43780E+22
   0.54781E+04   0.19819E+04   0.30299E+01   0.43787E+22
   0.54793E+04   0.19823E+04   0.30304E+01   0.43794E+22
   0.54806E+04   0.19828E+04   0.30309E+01   0.43801E+22
   0.54818E+04   0.19832E+04   0.30314E+01   0.43808E+22
   0.54830E+04   0.19837E+04   0.30319E+01   0.43815E+22
   0.54843E+04   0.19842E+04   0.30324E+01   0.43822E+22
   0.54855E+04   0.19846E+04   0.30329E+01   0.43829E+22
   0.54867E+04   0.19851E+04   0.30334E+01   0.43836E+22
   0.54880E+04   0.19855E+04   0.30339E+01   0.43843E+22
   0.54892E+04   0.19860E+04   0.30344E+01   0.43850E+22
   0.54904E+04   0.19864E+04   0.30349E+01   0.43857E+22
   0.54917E+04   0.19869E+04   0.30354E+01   0.43864E+22
   0.54929E+04   0.19873E+04   0.30359E+01   0.43871E+22
   0.54941E+04   0.19878E+04   0.30364E+01   0.43879E+22
   0.54953E+04   0.19883E+04   0.30369E+01   0.43886E+22
   0.54966E+04   0.19887E+04   0.30374E+01   0.43893E+22
   0.54978E+04   0.19892E+04   0.30379E+01   0.43900E+22
   0.54990E+04   0.19896E+04   0.30384E+01   0.43907E+22
   0.55003E+04   0.19901E+04   0.30389E+01   0.43914E+22
   0.55015E+04   0.19905E+04   0.30394E+01   0.43921E+22
   0.55027E+04   0.19910E+04   0.30399E+01   0.43928E+22
   0.55040E+04   0.19915E+04   0.30404E+01   0.43935E+22
   0.55052E+04   0.19919E+04   0.30409E+01   0.43942E+22
   0.55064E+04   0.19924E+04   0.30414E+01   0.43949E+22
   0.55077E+04   0.19928E+04   0.30419E+01   0.43956E+22
   0.55089E+04   0.19933E+04   0.30424E+01   0.43963E+22
   0.55101E+04   0.19937E+04   0.30429E+01   0.43970E+22
   0.55114E+04   0.19942E+04   0.30434E+01   0.43977E+22
   0.55126E+04   0.19946E+04   0.30439E+01   0.43984E+22
   0.55138E+04   0.19951E+04   0.30444E+01   0.43991E+22
   0.55151E+04   0.19956E+04   0.30449E+01   0.43998E+22
   0.55163E+04   0.19960E+04   0.30454E+01   0.44005E+22
   0.55175E+04   0.19965E+04   0.30459E+01   0.44012E+22
   0.55188E+04   0.19969E+04   0.30464E+01   0.44019E+22
   0.55200E+04   0.19974E+04   0.30469E+01   0.44026E+22
   0.55212E+04   0.19978E+04   0.30474E+01   0.44033E+22
   0.55225E+04   0.19983E+04   0.30479E+01   0.44040E+22
   0.55237E+04   0.19988E+04   0.30484E+01   0.44047E+22
   0.55249E+04   0.19992E+04   0.30489E+01   0.44054E+22
   0.55262E+04   0.19997E+04   0.30494E+01   0.44061E+22
   0.55274E+04   0.20001E+04   0.30499E+01   0.44068E+22
   0.55286E+04   0.20006E+04   0.30504E+01   0.44075E+22
   0.55299E+04   0.20010E+04   0.30509E+01   0.44082E+22
   0.55311E+04   0.20015E+04   0.30514E+01   0.44089E+22
   0.55323E+04   0.20020E+04   0.30519E+01   0.44096E+22
   0.55336E+04   0.20024E+04   0.30524E+01   0.44103E+22
   0.55348E+04   0.20029E+04   0.30529E+01   0.44110E+22
   0.55360E+04   0.20033E+04   0.30534E+01   0.44117E+22
   0.55373E+04   0.20038E+04   0.30539E+01   0.44124E+22
   0.55385E+04   0.20042E+04   0.30544E+01   0.44131E+22
   0.55398E+04   0.20047E+04   0.30549E+01   0.44138E+22
   0.55410E+04   0.20051E+04   0.30554E+01   0.44145E+22
   0.55422E+04   0.20056E+04   0.30559E+01   0.44152E+22
   0.55435E+04   0.20061E+04   0.30564E+01   0.44159E+22
   0.55447E+04   0.20065E+04   0.30569E+01   0.44166E+22
   0.55459E+04   0.20070E+04   0.30574E+01   0.44173E+22
   0.55472E+04   0.20074E+04   0.30579E+01   0.44180E+22
   0.55484E+04   0.20079E+04   0.30584E+01   0.44187E+22
   0.55496E+04   0.20083E+04   0.30589E+01   0.44194E+22
   0.55509E+04   0.20088E+04   0.30594E+01   0.44201E+22
   0.55521E+04   0.20093E+04   0.30599E+01   0.44208E+22
   0.55533E+04   0.20097E+04   0.30604E+01   0.44215E+22
   0.55546E+04   0.20102E+04   0.30609E+01   0.44222E+22
   0.55558E+04   0.20106E+04   0.30614E+01   0.44229E+22
   0.55570E+04   0.20111E+04   0.30619E+01   0.44236E+22
   0.55583E+04   0.20115E+04   0.30624E+01   0.44243E+22
   0.55595E+04   0.20120E+04   0.30629E+01   0.44250E+22
   0.55608E+04   0.20125E+04   0.30634E+01   0.44257E+22
   0.55620E+04   0.20129E+04   0.30639E+01   0.44264E+22
   0.55632E+04   0.20134E+04   0.30644E+01   0.44271E+22
   0.55645E+04   0.20138E+04   0.30649E+01   0.44278E+22
   0.55657E+04   0.20143E+04   0.30654E+01   0.44285E+22
   0.55669E+04   0.20147E+04   0.30659E+01   0.44292E+22
   0.55682E+04   0.20152E+04   0.30664E+01   0.44299E+22
   0.55694E+04   0.20157E+04   0.30669E+01   0.44306E+22
   0.55706E+04   0.20161E+04   0.30674E+01   0.44313E+22
   0.55719E+04   0.20166E+04   0.30679E+01   0.44320E+22
   0.55731E+04   0.20170E+04   0.30684E+01   0.44327E+22
   0.55744E+04   0.20175E+04   0.30689E+01   0.44334E+22
   0.55756E+04   0.20180E+04   0.30694E+01   0.44341E+22
   0.55768E+04   0.20184E+04   0.30699E+01   0.44348E+22
   0.55781E+04   0.20189E+04   0.30704E+01   0.44355E+22
   0.55793E+04   0.20193E+04   0.30709E+01   0.44362E+22
   0.55805E+04   0.20198E+04   0.30714E+01   0.44369E+22
   0.55818E+04   0.20202E+04   0.30719E+01   0.44376E+22
   0.55830E+04   0.20207E+04   0.30724E+01   0.44383E+22
   0.55843E+04   0.20212E+04   0.30729E+01   0.44390E+22
   0.55855E+04   0.20216E+04   0.30734E+01   0.44397E+22
   0.55867E+04   0.20221E+04   0.30739E+01   0.44404E+22
   0.55880E+04   0.20225E+04   0.30744E+01   0.44412E+22
   0.55892E+04   0.20230E+04   0.30749E+01   0.44419E+22
   0.55904E+04   0.20234E+04   0.30754E+01   0.44426E+22
   0.55917E+04   0.20239E+04   0.30759E+01   0.44433E+22
   0.55929E+04   0.20244E+04   0.30764E+01   0.44440E+22
   0.55942E+04   0.20248E+04   0.30769E+01   0.44447E+22
   0.55954E+04   0.20253E+04   0.30774E+01   0.44454E+22
   0.55966E+04   0.20257E+04   0.30779E+01   0.44461E+22
   0.55979E+04   0.20262E+04   0.30784E+01   0.44468E+22
   0.55991E+04   0.20267E+04   0.30789E+01   0.44475E+22
   0.56003E+04   0.20271E+04   0.30794E+01   0.44482E+22
   0.56016E+04   0.20276E+04   0.30799E+01   0.44489E+22
   0.56028E+04   0.20280E+04   0.30804E+01   0.44496E+22
   0.56041E+04   0.20285E+04   0.30809E+01   0.44503E+22
   0.56053E+04   0.20289E+04   0.30814E+01   0.44510E+22
   0.56065E+04   0.20294E+04   0.30819E+01   0.44517E+22
   0.56078E+04   0.20299E+04   0.30824E+01   0.44524E+22
   0.56090E+04   0.20303E+04   0.30829E+01   0.44531E+22
   0.56103E+04   0.20308E+04   0.30834E+01   0.44538E+22
   0.56115E+04   0.20312E+04   0.30839E+01   0.44545E+22
   0.56127E+04   0.20317E+04   0.30844E+01   0.44552E+22
   0.56140E+04   0.20321E+04   0.30849E+01   0.44559E+22
   0.56152E+04   0.20326E+04   0.30854E+01   0.44566E+22
   0.56165E+04   0.20331E+04   0.30859E+01   0.44573E+22
   0.56177E+04   0.20335E+04   0.30864E+01   0.44580E+22
   0.56189E+04   0.20340E+04   0.30869E+01   0.44587E+22
   0.56202E+04   0.20344E+04   0.30874E+01   0.44594E+22
   0.56214E+04   0.20349E+04   0.30879E+01   0.44601E+22
   0.56227E+04   0.20354E+04   0.30884E+01   0.44608E+22
   0.56239E+04   0.20358E+04   0.30889E+01   0.44615E+22
   0.56251E+04   0.20363E+04   0.30894E+01   0.44622E+22
   0.56264E+04   0.20367E+04   0.30899E+01   0.44629E+22
   0.56276E+04   0.20372E+04   0.30904E+01   0.44636E+22
   0.56289E+04   0.20376E+04   0.30909E+01   0.44643E+22
   0.56301E+04   0.20381E+04   0.30914E+01   0.44650E+22
   0.56313E+04   0.20386E+04   0.30919E+01   0.44657E+22
   0.56326E+04   0.20390E+04   0.30924E+01   0.44664E+22
   0.56338E+04   0.20395E+04   0.30929E+01   0.44671E+22
   0.56351E+04   0.20399E+04   0.30934E+01   0.44678E+22
   0.56363E+04   0.20404E+04   0.30939E+01   0.44685E+22
   0.56375E+04   0.20409E+04   0.30944E+01   0.44692E+22
   0.56388E+04   0.20413E+04   0.30949E+01   0.44699E+22
   0.56400E+04   0.20418E+04   0.30954E+01   0.44706E+22
   0.56413E+04   0.20422E+04   0.30959E+01   0.44713E+22
   0.56425E+04   0.20427E+04   0.30964E+01   0.44720E+22
   0.56437E+04   0.20432E+04   0.30969E+01   0.44727E+22
   0.56450E+04   0.20436E+04   0.30974E+01   0.44734E+22
   0.56462E+04   0.20441E+04   0.30979E+01   0.44741E+22
   0.56475E+04   0.20445E+04   0.30984E+01   0.44748E+22
   0.56487E+04   0.20450E+04   0.30989E+01   0.44755E+22
   0.56499E+04   0.20454E+04   0.30994E+01   0.44762E+22
   0.56512E+04   0.20459E+04   0.30999E+01   0.44769E+22
   0.56524E+04   0.20464E+04   0.31004E+01   0.44776E+22
   0.56537E+04   0.20468E+04   0.31009E+01   0.44783E+22
   0.56549E+04   0.20473E+04   0.31014E+01   0.44790E+22
   0.56562E+04   0.20477E+04   0.31019E+01   0.44797E+22
   0.56574E+04   0.20482E+04   0.31024E+01   0.44804E+22
   0.56586E+04   0.20487E+04   0.31029E+01   0.44811E+22
   0.56599E+04   0.20491E+04   0.31034E+01   0.44818E+22
   0.56611E+04   0.20496E+04   0.31039E+01   0.44825E+22
   0.56624E+04   0.20500E+04   0.31044E+01   0.44832E+22
   0.56636E+04   0.20505E+04   0.31049E+01   0.44839E+22
   0.56648E+04   0.20510E+04   0.31054E+01   0.44846E+22
   0.56661E+04   0.20514E+04   0.31059E+01   0.44853E+22
   0.56673E+04   0.20519E+04   0.31064E+01   0.44860E+22
   0.56686E+04   0.20523E+04   0.31069E+01   0.44867E+22
   0.56698E+04   0.20528E+04   0.31074E+01   0.44874E+22
   0.56711E+04   0.20533E+04   0.31079E+01   0.44881E+22
   0.56723E+04   0.20537E+04   0.31084E+01   0.44888E+22
   0.56735E+04   0.20542E+04   0.31089E+01   0.44896E+22
   0.56748E+04   0.20546E+04   0.31094E+01   0.44903E+22
   0.56760E+04   0.20551E+04   0.31099E+01   0.44910E+22
   0.56773E+04   0.20556E+04   0.31104E+01   0.44917E+22
   0.56785E+04   0.20560E+04   0.31109E+01   0.44924E+22
   0.56798E+04   0.20565E+04   0.31114E+01   0.44931E+22
   0.56810E+04   0.20569E+04   0.31119E+01   0.44938E+22
   0.56822E+04   0.20574E+04   0.31124E+01   0.44945E+22
   0.56835E+04   0.20578E+04   0.31129E+01   0.44952E+22
   0.56847E+04   0.20583E+04   0.31134E+01   0.44959E+22
   0.56860E+04   0.20588E+04   0.31139E+01   0.44966E+22
   0.56872E+04   0.20592E+04   0.31144E+01   0.44973E+22
   0.56885E+04   0.20597E+04   0.31149E+01   0.44980E+22
   0.56897E+04   0.20601E+04   0.31154E+01   0.44987E+22
   0.56910E+04   0.20606E+04   0.31159E+01   0.44994E+22
   0.56922E+04   0.20611E+04   0.31164E+01   0.45001E+22
   0.56934E+04   0.20615E+04   0.31169E+01   0.45008E+22
   0.56947E+04   0.20620E+04   0.31174E+01   0.45015E+22
   0.56959E+04   0.20624E+04   0.31179E+01   0.45022E+22
   0.56972E+04   0.20629E+04   0.31184E+01   0.45029E+22
   0.56984E+04   0.20634E+04   0.31189E+01   0.45036E+22
   0.56997E+04   0.20638E+04   0.31194E+01   0.45043E+22
   0.57009E+04   0.20643E+04   0.31199E+01   0.45050E+22
   0.57022E+04   0.20647E+04   0.31204E+01   0.45057E+22
   0.57034E+04   0.20652E+04   0.31209E+01   0.45064E+22
   0.57046E+04   0.20657E+04   0.31214E+01   0.45071E+22
   0.57059E+04   0.20661E+04   0.31219E+01   0.45078E+22
   0.57071E+04   0.20666E+04   0.31224E+01   0.45085E+22
   0.57084E+04   0.20670E+04   0.31229E+01   0.45092E+22
   0.57096E+04   0.20675E+04   0.31234E+01   0.45099E+22
   0.57109E+04   0.20680E+04   0.31239E+01   0.45106E+22
   0.57121E+04   0.20684E+04   0.31244E+01   0.45113E+22
   0.57134E+04   0.20689E+04   0.31249E+01   0.45120E+22
   0.57146E+04   0.20693E+04   0.31254E+01   0.45127E+22
   0.57158E+04   0.20698E+04   0.31259E+01   0.45134E+22
   0.57171E+04   0.20703E+04   0.31264E+01   0.45141E+22
   0.57183E+04   0.20707E+04   0.31269E+01   0.45148E+22
   0.57196E+04   0.20712E+04   0.31274E+01   0.45155E+22
   0.57208E+04   0.20716E+04   0.31279E+01   0.45162E+22
   0.57221E+04   0.20721E+04   0.31284E+01   0.45169E+22
   0.57233E+04   0.20726E+04   0.31289E+01   0.45176E+22
   0.57246E+04   0.20730E+04   0.31294E+01   0.45183E+22
   0.57258E+04   0.20735E+04   0.31299E+01   0.45190E+22
   0.57271E+04   0.20739E+04   0.31304E+01   0.45197E+22
   0.57283E+04   0.20744E+04   0.31309E+01   0.45204E+22
   0.57295E+04   0.20749E+04   0.31314E+01   0.45211E+22
   0.57308E+04   0.20753E+04   0.31319E+01   0.45218E+22
   0.57320E+04   0.20758E+04   0.31324E+01   0.45225E+22
   0.57333E+04   0.20763E+04   0.31329E+01   0.45232E+22
   0.57345E+04   0.20767E+04   0.31334E+01   0.45239E+22
   0.57358E+04   0.20772E+04   0.31339E+01   0.45246E+22
   0.57370E+04   0.20776E+04   0.31344E+01   0.45253E+22
   0.57383E+04   0.20781E+04   0.31349E+01   0.45260E+22
   0.57395E+04   0.20786E+04   0.31354E+01   0.45267E+22
   0.57408E+04   0.20790E+04   0.31359E+01   0.45274E+22
   0.57420E+04   0.20795E+04   0.31364E+01   0.45281E+22
   0.57433E+04   0.20799E+04   0.31369E+01   0.45288E+22
   0.57445E+04   0.20804E+04   0.31374E+01   0.45295E+22
   0.57458E+04   0.20809E+04   0.31379E+01   0.45302E+22
   0.57470E+04   0.20813E+04   0.31384E+01   0.45309E+22
   0.57482E+04   0.20818E+04   0.31389E+01   0.45316E+22
   0.57495E+04   0.20822E+04   0.31394E+01   0.45323E+22
   0.57507E+04   0.20827E+04   0.31399E+01   0.45330E+22
   0.57520E+04   0.20832E+04   0.31404E+01   0.45337E+22
   0.57532E+04   0.20836E+04   0.31409E+01   0.45345E+22
   0.57545E+04   0.20841E+04   0.31414E+01   0.45352E+22
   0.57557E+04   0.20845E+04   0.31419E+01   0.45359E+22
   0.57570E+04   0.20850E+04   0.31424E+01   0.45366E+22
   0.57582E+04   0.20855E+04   0.31429E+01   0.45373E+22
   0.57595E+04   0.20859E+04   0.31434E+01   0.45380E+22
   0.57607E+04   0.20864E+04   0.31439E+01   0.45387E+22
   0.57620E+04   0.20868E+04   0.31444E+01   0.45394E+22
   0.57632E+04   0.20873E+04   0.31449E+01   0.45401E+22
   0.57645E+04   0.20878E+04   0.31454E+01   0.45408E+22
   0.57657E+04   0.20882E+04   0.31459E+01   0.45415E+22
   0.57670E+04   0.20887E+04   0.31464E+01   0.45422E+22
   0.57682E+04   0.20892E+04   0.31469E+01   0.45429E+22
   0.57695E+04   0.20896E+04   0.31474E+01   0.45436E+22
   0.57707E+04   0.20901E+04   0.31479E+01   0.45443E+22
   0.57720E+04   0.20905E+04   0.31484E+01   0.45450E+22
   0.57732E+04   0.20910E+04   0.31489E+01   0.45457E+22
   0.57745E+04   0.20915E+04   0.31494E+01   0.45464E+22
   0.57757E+04   0.20919E+04   0.31499E+01   0.45471E+22
   0.57770E+04   0.20924E+04   0.31504E+01   0.45478E+22
   0.57782E+04   0.20928E+04   0.31509E+01   0.45485E+22
   0.57795E+04   0.20933E+04   0.31514E+01   0.45492E+22
   0.57807E+04   0.20938E+04   0.31519E+01   0.45499E+22
   0.57820E+04   0.20942E+04   0.31524E+01   0.45506E+22
   0.57832E+04   0.20947E+04   0.31529E+01   0.45513E+22
   0.57845E+04   0.20952E+04   0.31534E+01   0.45520E+22
   0.57857E+04   0.20956E+04   0.31539E+01   0.45527E+22
   0.57869E+04   0.20961E+04   0.31544E+01   0.45534E+22
   0.57882E+04   0.20965E+04   0.31549E+01   0.45541E+22
   0.57894E+04   0.20970E+04   0.31554E+01   0.45548E+22
   0.57907E+04   0.20975E+04   0.31559E+01   0.45555E+22
   0.57919E+04   0.20979E+04   0.31564E+01   0.45562E+22
   0.57932E+04   0.20984E+04   0.31569E+01   0.45569E+22
   0.57944E+04   0.20988E+04   0.31574E+01   0.45576E+22
   0.57957E+04   0.20993E+04   0.31579E+01   0.45583E+22
   0.57969E+04   0.20998E+04   0.31584E+01   0.45590E+22
   0.57982E+04   0.21002E+04   0.31589E+01   0.45597E+22
   0.57994E+04   0.21007E+04   0.31594E+01   0.45604E+22
   0.58007E+04   0.21012E+04   0.31599E+01   0.45611E+22
   0.58019E+04   0.21016E+04   0.31604E+01   0.45618E+22
   0.58032E+04   0.21021E+04   0.31609E+01   0.45625E+22
   0.58044E+04   0.21025E+04   0.31614E+01   0.45632E+22
   0.58057E+04   0.21030E+04   0.31619E+01   0.45639E+22
   0.58070E+04   0.21035E+04   0.31624E+01   0.45646E+22
   0.58082E+04   0.21039E+04   0.31629E+01   0.45653E+22
   0.58095E+04   0.21044E+04   0.31634E+01   0.45660E+22
   0.58107E+04   0.21048E+04   0.31639E+01   0.45667E+22
   0.58120E+04   0.21053E+04   0.31644E+01   0.45674E+22
   0.58132E+04   0.21058E+04   0.31649E+01   0.45681E+22
   0.58145E+04   0.21062E+04   0.31654E+01   0.45688E+22
   0.58157E+04   0.21067E+04   0.31659E+01   0.45695E+22
   0.58170E+04   0.21072E+04   0.31664E+01   0.45702E+22
   0.58182E+04   0.21076E+04   0.31669E+01   0.45709E+22
   0.58195E+04   0.21081E+04   0.31674E+01   0.45716E+22
   0.58207E+04   0.21085E+04   0.31679E+01   0.45723E+22
   0.58220E+04   0.21090E+04   0.31684E+01   0.45730E+22
   0.58232E+04   0.21095E+04   0.31689E+01   0.45737E+22
   0.58245E+04   0.21099E+04   0.31694E+01   0.45744E+22
   0.58257E+04   0.21104E+04   0.31699E+01   0.45751E+22
   0.58270E+04   0.21109E+04   0.31704E+01   0.45759E+22
   0.58282E+04   0.21113E+04   0.31709E+01   0.45766E+22
   0.58295E+04   0.21118E+04   0.31714E+01   0.45773E+22
   0.58307E+04   0.21122E+04   0.31719E+01   0.45780E+22
   0.58320E+04   0.21127E+04   0.31724E+01   0.45787E+22
   0.58332E+04   0.21132E+04   0.31729E+01   0.45794E+22
   0.58345E+04   0.21136E+04   0.31734E+01   0.45801E+22
   0.58357E+04   0.21141E+04   0.31739E+01   0.45808E+22
   0.58370E+04   0.21146E+04   0.31744E+01   0.45815E+22
   0.58382E+04   0.21150E+04   0.31749E+01   0.45822E+22
   0.58395E+04   0.21155E+04   0.31754E+01   0.45829E+22
   0.58407E+04   0.21159E+04   0.31759E+01   0.45836E+22
   0.58420E+04   0.21164E+04   0.31764E+01   0.45843E+22
   0.58433E+04   0.21169E+04   0.31769E+01   0.45850E+22
   0.58445E+04   0.21173E+04   0.31774E+01   0.45857E+22
   0.58458E+04   0.21178E+04   0.31779E+01   0.45864E+22
   0.58470E+04   0.21182E+04   0.31784E+01   0.45871E+22
   0.58483E+04   0.21187E+04   0.31789E+01   0.45878E+22
   0.58495E+04   0.21192E+04   0.31794E+01   0.45885E+22
   0.58508E+04   0.21196E+04   0.31799E+01   0.45892E+22
   0.58520E+04   0.21201E+04   0.31804E+01   0.45899E+22
   0.58533E+04   0.21206E+04   0.31809E+01   0.45906E+22
   0.58545E+04   0.21210E+04   0.31814E+01   0.45913E+22
   0.58558E+04   0.21215E+04   0.31819E+01   0.45920E+22
   0.58570E+04   0.21220E+04   0.31824E+01   0.45927E+22
   0.58583E+04   0.21224E+04   0.31829E+01   0.45934E+22
   0.58595E+04   0.21229E+04   0.31834E+01   0.45941E+22
   0.58608E+04   0.21233E+04   0.31839E+01   0.45948E+22
   0.58621E+04   0.21238E+04   0.31844E+01   0.45955E+22
   0.58633E+04   0.21243E+04   0.31849E+01   0.45962E+22
   0.58646E+04   0.21247E+04   0.31854E+01   0.45969E+22
   0.58658E+04   0.21252E+04   0.31859E+01   0.45976E+22
   0.58671E+04   0.21257E+04   0.31864E+01   0.45983E+22
   0.58683E+04   0.21261E+04   0.31869E+01   0.45990E+22
   0.58696E+04   0.21266E+04   0.31874E+01   0.45997E+22
   0.58708E+04   0.21270E+04   0.31879E+01   0.46004E+22
   0.58721E+04   0.21275E+04   0.31884E+01   0.46011E+22
   0.58733E+04   0.21280E+04   0.31889E+01   0.46018E+22
   0.58746E+04   0.21284E+04   0.31894E+01   0.46025E+22
   0.58758E+04   0.21289E+04   0.31899E+01   0.46032E+22
   0.58771E+04   0.21294E+04   0.31904E+01   0.46039E+22
   0.58784E+04   0.21298E+04   0.31909E+01   0.46046E+22
   0.58796E+04   0.21303E+04   0.31914E+01   0.46053E+22
   0.58809E+04   0.21307E+04   0.31919E+01   0.46060E+22
   0.58821E+04   0.21312E+04   0.31924E+01   0.46067E+22
   0.58834E+04   0.21317E+04   0.31929E+01   0.46074E+22
   0.58846E+04   0.21321E+04   0.31934E+01   0.46081E+22
   0.58859E+04   0.21326E+04   0.31939E+01   0.46088E+22
   0.58871E+04   0.21331E+04   0.31944E+01   0.46095E+22
   0.58884E+04   0.21335E+04   0.31949E+01   0.46102E+22
   0.58897E+04   0.21340E+04   0.31954E+01   0.46109E+22
   0.58909E+04   0.21345E+04   0.31959E+01   0.46116E+22
   0.58922E+04   0.21349E+04   0.31964E+01   0.46123E+22
   0.58934E+04   0.21354E+04   0.31969E+01   0.46130E+22
   0.58947E+04   0.21358E+04   0.31974E+01   0.46137E+22
   0.58959E+04   0.21363E+04   0.31979E+01   0.46144E+22
   0.58972E+04   0.21368E+04   0.31984E+01   0.46151E+22
   0.58984E+04   0.21372E+04   0.31989E+01   0.46159E+22
   0.58997E+04   0.21377E+04   0.31994E+01   0.46166E+22
   0.59010E+04   0.21382E+04   0.31999E+01   0.46173E+22
   0.59022E+04   0.21386E+04   0.32004E+01   0.46180E+22
   0.59035E+04   0.21391E+04   0.32009E+01   0.46187E+22
   0.59047E+04   0.21396E+04   0.32014E+01   0.46194E+22
   0.59060E+04   0.21400E+04   0.32019E+01   0.46201E+22
   0.59072E+04   0.21405E+04   0.32024E+01   0.46208E+22
   0.59085E+04   0.21409E+04   0.32029E+01   0.46215E+22
   0.59098E+04   0.21414E+04   0.32034E+01   0.46222E+22
   0.59110E+04   0.21419E+04   0.32039E+01   0.46229E+22
   0.59123E+04   0.21423E+04   0.32044E+01   0.46236E+22
   0.59135E+04   0.21428E+04   0.32049E+01   0.46243E+22
   0.59148E+04   0.21433E+04   0.32054E+01   0.46250E+22
   0.59160E+04   0.21437E+04   0.32059E+01   0.46257E+22
   0.59173E+04   0.21442E+04   0.32064E+01   0.46264E+22
   0.59186E+04   0.21447E+04   0.32069E+01   0.46271E+22
   0.59198E+04   0.21451E+04   0.32074E+01   0.46278E+22
   0.59211E+04   0.21456E+04   0.32079E+01   0.46285E+22
   0.59223E+04   0.21460E+04   0.32084E+01   0.46292E+22
   0.59236E+04   0.21465E+04   0.32089E+01   0.46299E+22
   0.59248E+04   0.21470E+04   0.32094E+01   0.46306E+22
   0.59261E+04   0.21474E+04   0.32099E+01   0.46313E+22
   0.59274E+04   0.21479E+04   0.32104E+01   0.46320E+22
   0.59286E+04   0.21484E+04   0.32109E+01   0.46327E+22
   0.59299E+04   0.21488E+04   0.32114E+01   0.46334E+22
   0.59311E+04   0.21493E+04   0.32119E+01   0.46341E+22
   0.59324E+04   0.21498E+04   0.32124E+01   0.46348E+22
   0.59336E+04   0.21502E+04   0.32129E+01   0.46355E+22
   0.59349E+04   0.21507E+04   0.32134E+01   0.46362E+22
   0.59362E+04   0.21511E+04   0.32139E+01   0.46369E+22
   0.59374E+04   0.21516E+04   0.32144E+01   0.46376E+22
   0.59387E+04   0.21521E+04   0.32149E+01   0.46383E+22
   0.59399E+04   0.21525E+04   0.32154E+01   0.46390E+22
   0.59412E+04   0.21530E+04   0.32159E+01   0.46397E+22
   0.59424E+04   0.21535E+04   0.32164E+01   0.46404E+22
   0.59437E+04   0.21539E+04   0.32169E+01   0.46411E+22
   0.59450E+04   0.21544E+04   0.32174E+01   0.46418E+22
   0.59462E+04   0.21549E+04   0.32179E+01   0.46425E+22
   0.59475E+04   0.21553E+04   0.32184E+01   0.46432E+22
   0.59487E+04   0.21558E+04   0.32189E+01   0.46439E+22
   0.59500E+04   0.21563E+04   0.32194E+01   0.46446E+22
   0.59513E+04   0.21567E+04   0.32199E+01   0.46453E+22
   0.59525E+04   0.21572E+04   0.32204E+01   0.46460E+22
   0.59538E+04   0.21576E+04   0.32209E+01   0.46467E+22
   0.59550E+04   0.21581E+04   0.32214E+01   0.46474E+22
   0.59563E+04   0.21586E+04   0.32219E+01   0.46481E+22
   0.59576E+04   0.21590E+04   0.32224E+01   0.46488E+22
   0.59588E+04   0.21595E+04   0.32229E+01   0.46495E+22
   0.59601E+04   0.21600E+04   0.32234E+01   0.46502E+22
   0.59613E+04   0.21604E+04   0.32239E+01   0.46509E+22
   0.59626E+04   0.21609E+04   0.32244E+01   0.46516E+22
   0.59639E+04   0.21614E+04   0.32249E+01   0.46523E+22
   0.59651E+04   0.21618E+04   0.32254E+01   0.46530E+22
   0.59664E+04   0.21623E+04   0.32259E+01   0.46538E+22
   0.59676E+04   0.21628E+04   0.32264E+01   0.46545E+22
   0.59689E+04   0.21632E+04   0.32269E+01   0.46552E+22
   0.59702E+04   0.21637E+04   0.32274E+01   0.46559E+22
   0.59714E+04   0.21642E+04   0.32279E+01   0.46566E+22
   0.59727E+04   0.21646E+04   0.32284E+01   0.46573E+22
   0.59739E+04   0.21651E+04   0.32289E+01   0.46580E+22
   0.59752E+04   0.21655E+04   0.32294E+01   0.46587E+22
   0.59765E+04   0.21660E+04   0.32299E+01   0.46594E+22
   0.59777E+04   0.21665E+04   0.32304E+01   0.46601E+22
   0.59790E+04   0.21669E+04   0.32309E+01   0.46608E+22
   0.59802E+04   0.21674E+04   0.32314E+01   0.46615E+22
   0.59815E+04   0.21679E+04   0.32319E+01   0.46622E+22
   0.59828E+04   0.21683E+04   0.32324E+01   0.46629E+22
   0.59840E+04   0.21688E+04   0.32329E+01   0.46636E+22
   0.59853E+04   0.21693E+04   0.32334E+01   0.46643E+22
   0.59865E+04   0.21697E+04   0.32339E+01   0.46650E+22
   0.59878E+04   0.21702E+04   0.32344E+01   0.46657E+22
   0.59891E+04   0.21707E+04   0.32349E+01   0.46664E+22
   0.59903E+04   0.21711E+04   0.32354E+01   0.46671E+22
   0.59916E+04   0.21716E+04   0.32359E+01   0.46678E+22
   0.59928E+04   0.21721E+04   0.32364E+01   0.46685E+22
   0.59941E+04   0.21725E+04   0.32369E+01   0.46692E+22
   0.59954E+04   0.21730E+04   0.32374E+01   0.46699E+22
   0.59966E+04   0.21735E+04   0.32379E+01   0.46706E+22
   0.59979E+04   0.21739E+04   0.32384E+01   0.46713E+22
   0.59992E+04   0.21744E+04   0.32389E+01   0.46720E+22
   0.60004E+04   0.21748E+04   0.32394E+01   0.46727E+22
   0.60017E+04   0.21753E+04   0.32399E+01   0.46734E+22
   0.60029E+04   0.21758E+04   0.32404E+01   0.46741E+22
   0.60042E+04   0.21762E+04   0.32409E+01   0.46748E+22
   0.60055E+04   0.21767E+04   0.32414E+01   0.46755E+22
   0.60067E+04   0.21772E+04   0.32419E+01   0.46762E+22
   0.60080E+04   0.21776E+04   0.32424E+01   0.46769E+22
   0.60093E+04   0.21781E+04   0.32429E+01   0.46776E+22
   0.60105E+04   0.21786E+04   0.32434E+01   0.46783E+22
   0.60118E+04   0.21790E+04   0.32439E+01   0.46790E+22
   0.60130E+04   0.21795E+04   0.32444E+01   0.46797E+22
   0.60143E+04   0.21800E+04   0.32449E+01   0.46804E+22
   0.60156E+04   0.21804E+04   0.32454E+01   0.46811E+22
   0.60168E+04   0.21809E+04   0.32459E+01   0.46818E+22
   0.60181E+04   0.21814E+04   0.32464E+01   0.46825E+22
   0.60194E+04   0.21818E+04   0.32469E+01   0.46832E+22
   0.60206E+04   0.21823E+04   0.32474E+01   0.46839E+22
   0.60219E+04   0.21828E+04   0.32479E+01   0.46846E+22
   0.60231E+04   0.21832E+04   0.32484E+01   0.46853E+22
   0.60244E+04   0.21837E+04   0.32489E+01   0.46860E+22
   0.60257E+04   0.21842E+04   0.32494E+01   0.46867E+22
   0.60269E+04   0.21846E+04   0.32499E+01   0.46874E+22
   0.60282E+04   0.21851E+04   0.32504E+01   0.46881E+22
   0.60295E+04   0.21856E+04   0.32509E+01   0.46888E+22
   0.60307E+04   0.21860E+04   0.32514E+01   0.46895E+22
   0.60320E+04   0.21865E+04   0.32519E+01   0.46903E+22
   0.60332E+04   0.21870E+04   0.32524E+01   0.46910E+22
   0.60345E+04   0.21874E+04   0.32529E+01   0.46917E+22
   0.60358E+04   0.21879E+04   0.32534E+01   0.46924E+22
   0.60370E+04   0.21884E+04   0.32539E+01   0.46931E+22
   0.60383E+04   0.21888E+04   0.32544E+01   0.46938E+22
   0.60396E+04   0.21893E+04   0.32549E+01   0.46945E+22
   0.60408E+04   0.21897E+04   0.32554E+01   0.46952E+22
   0.60421E+04   0.21902E+04   0.32559E+01   0.46959E+22
   0.60434E+04   0.21907E+04   0.32564E+01   0.46966E+22
   0.60446E+04   0.21911E+04   0.32569E+01   0.46973E+22
   0.60459E+04   0.21916E+04   0.32574E+01   0.46980E+22
   0.60472E+04   0.21921E+04   0.32579E+01   0.46987E+22
   0.60484E+04   0.21925E+04   0.32584E+01   0.46994E+22
   0.60497E+04   0.21930E+04   0.32589E+01   0.47001E+22
   0.60509E+04   0.21935E+04   0.32594E+01   0.47008E+22
   0.60522E+04   0.21939E+04   0.32599E+01   0.47015E+22
   0.60535E+04   0.21944E+04   0.32604E+01   0.47022E+22
   0.60547E+04   0.21949E+04   0.32609E+01   0.47029E+22
   0.60560E+04   0.21953E+04   0.32614E+01   0.47036E+22
   0.60573E+04   0.21958E+04   0.32619E+01   0.47043E+22
   0.60585E+04   0.21963E+04   0.32624E+01   0.47050E+22
   0.60598E+04   0.21967E+04   0.32629E+01   0.47057E+22
   0.60611E+04   0.21972E+04   0.32634E+01   0.47064E+22
   0.60623E+04   0.21977E+04   0.32639E+01   0.47071E+22
   0.60636E+04   0.21981E+04   0.32644E+01   0.47078E+22
   0.60649E+04   0.21986E+04   0.32649E+01   0.47085E+22
   0.60661E+04   0.21991E+04   0.32654E+01   0.47092E+22
   0.60674E+04   0.21995E+04   0.32659E+01   0.47099E+22
   0.60687E+04   0.22000E+04   0.32664E+01   0.47106E+22
   0.60699E+04   0.22005E+04   0.32669E+01   0.47113E+22
   0.60712E+04   0.22009E+04   0.32674E+01   0.47120E+22
   0.60725E+04   0.22014E+04   0.32679E+01   0.47127E+22
   0.60737E+04   0.22019E+04   0.32684E+01   0.47134E+22
   0.60750E+04   0.22023E+04   0.32689E+01   0.47141E+22
   0.60763E+04   0.22028E+04   0.32694E+01   0.47148E+22
   0.60775E+04   0.22033E+04   0.32699E+01   0.47155E+22
   0.60788E+04   0.22037E+04   0.32704E+01   0.47162E+22
   0.60801E+04   0.22042E+04   0.32709E+01   0.47169E+22
   0.60813E+04   0.22047E+04   0.32714E+01   0.47176E+22
   0.60826E+04   0.22051E+04   0.32719E+01   0.47183E+22
   0.60839E+04   0.22056E+04   0.32724E+01   0.47190E+22
   0.60851E+04   0.22061E+04   0.32729E+01   0.47197E+22
   0.60864E+04   0.22065E+04   0.32734E+01   0.47204E+22
   0.60877E+04   0.22070E+04   0.32739E+01   0.47211E+22
   0.60889E+04   0.22075E+04   0.32744E+01   0.47218E+22
   0.60902E+04   0.22079E+04   0.32749E+01   0.47225E+22
   0.60915E+04   0.22084E+04   0.32754E+01   0.47232E+22
   0.60927E+04   0.22089E+04   0.32759E+01   0.47239E+22
   0.60940E+04   0.22093E+04   0.32764E+01   0.47246E+22
   0.60953E+04   0.22098E+04   0.32769E+01   0.47254E+22
   0.60965E+04   0.22103E+04   0.32774E+01   0.47261E+22
   0.60978E+04   0.22107E+04   0.32779E+01   0.47268E+22
   0.60991E+04   0.22112E+04   0.32784E+01   0.47275E+22
   0.61003E+04   0.22117E+04   0.32789E+01   0.47282E+22
   0.61016E+04   0.22121E+04   0.32794E+01   0.47289E+22
   0.61029E+04   0.22126E+04   0.32799E+01   0.47296E+22
   0.61041E+04   0.22131E+04   0.32804E+01   0.47303E+22
   0.61054E+04   0.22135E+04   0.32809E+01   0.47310E+22
   0.61067E+04   0.22140E+04   0.32814E+01   0.47317E+22
   0.61079E+04   0.22145E+04   0.32819E+01   0.47324E+22
   0.61092E+04   0.22149E+04   0.32824E+01   0.47331E+22
   0.61105E+04   0.22154E+04   0.32829E+01   0.47338E+22
   0.61117E+04   0.22159E+04   0.32834E+01   0.47345E+22
   0.61130E+04   0.22163E+04   0.32839E+01   0.47352E+22
   0.61143E+04   0.22168E+04   0.32844E+01   0.47359E+22
   0.61155E+04   0.22173E+04   0.32849E+01   0.47366E+22
   0.61168E+04   0.22177E+04   0.32854E+01   0.47373E+22
   0.61181E+04   0.22182E+04   0.32859E+01   0.47380E+22
   0.61193E+04   0.22187E+04   0.32864E+01   0.47387E+22
   0.61206E+04   0.22192E+04   0.32869E+01   0.47394E+22
   0.61219E+04   0.22196E+04   0.32874E+01   0.47401E+22
   0.61232E+04   0.22201E+04   0.32879E+01   0.47408E+22
   0.61244E+04   0.22206E+04   0.32884E+01   0.47415E+22
   0.61257E+04   0.22210E+04   0.32889E+01   0.47422E+22
   0.61270E+04   0.22215E+04   0.32894E+01   0.47429E+22
   0.61282E+04   0.22220E+04   0.32899E+01   0.47436E+22
   0.61295E+04   0.22224E+04   0.32904E+01   0.47443E+22
   0.61308E+04   0.22229E+04   0.32909E+01   0.47450E+22
   0.61320E+04   0.22234E+04   0.32914E+01   0.47457E+22
   0.61333E+04   0.22238E+04   0.32919E+01   0.47464E+22
   0.61346E+04   0.22243E+04   0.32924E+01   0.47471E+22
   0.61358E+04   0.22248E+04   0.32929E+01   0.47478E+22
   0.61371E+04   0.22252E+04   0.32934E+01   0.47485E+22
   0.61384E+04   0.22257E+04   0.32939E+01   0.47492E+22
   0.61397E+04   0.22262E+04   0.32944E+01   0.47499E+22
   0.61409E+04   0.22266E+04   0.32949E+01   0.47506E+22
   0.61422E+04   0.22271E+04   0.32954E+01   0.47513E+22
   0.61435E+04   0.22276E+04   0.32959E+01   0.47520E+22
   0.61447E+04   0.22280E+04   0.32964E+01   0.47527E+22
   0.61460E+04   0.22285E+04   0.32969E+01   0.47534E+22
   0.61473E+04   0.22290E+04   0.32974E+01   0.47541E+22
   0.61485E+04   0.22294E+04   0.32979E+01   0.47548E+22
   0.61498E+04   0.22299E+04   0.32984E+01   0.47555E+22
   0.61511E+04   0.22304E+04   0.32989E+01   0.47562E+22
   0.61524E+04   0.22308E+04   0.32994E+01   0.47569E+22
   0.61536E+04   0.22313E+04   0.32999E+01   0.47576E+22
   0.61549E+04   0.22318E+04   0.33004E+01   0.47583E+22
   0.61562E+04   0.22322E+04   0.33009E+01   0.47591E+22
   0.61574E+04   0.22327E+04   0.33014E+01   0.47598E+22
   0.61587E+04   0.22332E+04   0.33019E+01   0.47605E+22
   0.61600E+04   0.22337E+04   0.33024E+01   0.47612E+22
   0.61612E+04   0.22341E+04   0.33029E+01   0.47619E+22
   0.61625E+04   0.22346E+04   0.33034E+01   0.47626E+22
   0.61638E+04   0.22351E+04   0.33039E+01   0.47633E+22
   0.61651E+04   0.22355E+04   0.33044E+01   0.47640E+22
   0.61663E+04   0.22360E+04   0.33049E+01   0.47647E+22
   0.61676E+04   0.22365E+04   0.33054E+01   0.47654E+22
   0.61689E+04   0.22369E+04   0.33059E+01   0.47661E+22
   0.61701E+04   0.22374E+04   0.33064E+01   0.47668E+22
   0.61714E+04   0.22379E+04   0.33069E+01   0.47675E+22
   0.61727E+04   0.22383E+04   0.33074E+01   0.47682E+22
   0.61740E+04   0.22388E+04   0.33079E+01   0.47689E+22
   0.61752E+04   0.22393E+04   0.33084E+01   0.47696E+22
   0.61765E+04   0.22397E+04   0.33089E+01   0.47703E+22
   0.61778E+04   0.22402E+04   0.33094E+01   0.47710E+22
   0.61790E+04   0.22407E+04   0.33099E+01   0.47717E+22
   0.61803E+04   0.22411E+04   0.33104E+01   0.47724E+22
   0.61816E+04   0.22416E+04   0.33109E+01   0.47731E+22
   0.61829E+04   0.22421E+04   0.33114E+01   0.47738E+22
   0.61841E+04   0.22425E+04   0.33119E+01   0.47745E+22
   0.61854E+04   0.22430E+04   0.33124E+01   0.47752E+22
   0.61867E+04   0.22435E+04   0.33129E+01   0.47759E+22
   0.61880E+04   0.22440E+04   0.33134E+01   0.47766E+22
   0.61892E+04   0.22444E+04   0.33139E+01   0.47773E+22
   0.61905E+04   0.22449E+04   0.33144E+01   0.47780E+22
   0.61918E+04   0.22454E+04   0.33149E+01   0.47787E+22
   0.61930E+04   0.22458E+04   0.33154E+01   0.47794E+22
   0.61943E+04   0.22463E+04   0.33159E+01   0.47801E+22
   0.61956E+04   0.22468E+04   0.33164E+01   0.47808E+22
   0.61969E+04   0.22472E+04   0.33169E+01   0.47815E+22
   0.61981E+04   0.22477E+04   0.33174E+01   0.47822E+22
   0.61994E+04   0.22482E+04   0.33179E+01   0.47829E+22
   0.62007E+04   0.22486E+04   0.33184E+01   0.47836E+22
   0.62020E+04   0.22491E+04   0.33189E+01   0.47843E+22
   0.62032E+04   0.22496E+04   0.33194E+01   0.47850E+22
   0.62045E+04   0.22500E+04   0.33199E+01   0.47857E+22
   0.62058E+04   0.22505E+04   0.33204E+01   0.47864E+22
   0.62070E+04   0.22510E+04   0.33209E+01   0.47871E+22
   0.62083E+04   0.22515E+04   0.33214E+01   0.47878E+22
   0.62096E+04   0.22519E+04   0.33219E+01   0.47885E+22
   0.62109E+04   0.22524E+04   0.33224E+01   0.47892E+22
   0.62121E+04   0.22529E+04   0.33229E+01   0.47899E+22
   0.62134E+04   0.22533E+04   0.33234E+01   0.47906E+22
   0.62147E+04   0.22538E+04   0.33239E+01   0.47914E+22
   0.62160E+04   0.22543E+04   0.33244E+01   0.47921E+22
   0.62172E+04   0.22547E+04   0.33249E+01   0.47928E+22
   0.62185E+04   0.22552E+04   0.33254E+01   0.47935E+22
   0.62198E+04   0.22557E+04   0.33259E+01   0.47942E+22
   0.62211E+04   0.22561E+04   0.33264E+01   0.47949E+22
   0.62223E+04   0.22566E+04   0.33269E+01   0.47956E+22
   0.62236E+04   0.22571E+04   0.33274E+01   0.47963E+22
   0.62249E+04   0.22576E+04   0.33279E+01   0.47970E+22
   0.62262E+04   0.22580E+04   0.33284E+01   0.47977E+22
   0.62274E+04   0.22585E+04   0.33289E+01   0.47984E+22
   0.62287E+04   0.22590E+04   0.33294E+01   0.47991E+22
   0.62300E+04   0.22594E+04   0.33299E+01   0.47998E+22
   0.62313E+04   0.22599E+04   0.33304E+01   0.48005E+22
   0.62325E+04   0.22604E+04   0.33309E+01   0.48012E+22
   0.62338E+04   0.22608E+04   0.33314E+01   0.48019E+22
   0.62351E+04   0.22613E+04   0.33319E+01   0.48026E+22
   0.62364E+04   0.22618E+04   0.33324E+01   0.48033E+22
   0.62376E+04   0.22622E+04   0.33329E+01   0.48040E+22
   0.62389E+04   0.22627E+04   0.33334E+01   0.48047E+22
   0.62402E+04   0.22632E+04   0.33339E+01   0.48054E+22
   0.62415E+04   0.22637E+04   0.33344E+01   0.48061E+22
   0.62427E+04   0.22641E+04   0.33349E+01   0.48068E+22
   0.62440E+04   0.22646E+04   0.33354E+01   0.48075E+22
   0.62453E+04   0.22651E+04   0.33359E+01   0.48082E+22
   0.62466E+04   0.22655E+04   0.33364E+01   0.48089E+22
   0.62478E+04   0.22660E+04   0.33369E+01   0.48096E+22
   0.62491E+04   0.22665E+04   0.33374E+01   0.48103E+22
   0.62504E+04   0.22669E+04   0.33379E+01   0.48110E+22
   0.62517E+04   0.22674E+04   0.33384E+01   0.48117E+22
   0.62529E+04   0.22679E+04   0.33389E+01   0.48124E+22
   0.62542E+04   0.22683E+04   0.33394E+01   0.48131E+22
   0.62555E+04   0.22688E+04   0.33399E+01   0.48138E+22
   0.62568E+04   0.22693E+04   0.33404E+01   0.48145E+22
   0.62580E+04   0.22698E+04   0.33409E+01   0.48152E+22
   0.62593E+04   0.22702E+04   0.33414E+01   0.48159E+22
   0.62606E+04   0.22707E+04   0.33419E+01   0.48166E+22
   0.62619E+04   0.22712E+04   0.33424E+01   0.48173E+22
   0.62631E+04   0.22716E+04   0.33429E+01   0.48180E+22
   0.62644E+04   0.22721E+04   0.33434E+01   0.48187E+22
   0.62657E+04   0.22726E+04   0.33439E+01   0.48194E+22
   0.62670E+04   0.22730E+04   0.33444E+01   0.48201E+22
   0.62683E+04   0.22735E+04   0.33449E+01   0.48208E+22
   0.62695E+04   0.22740E+04   0.33454E+01   0.48215E+22
   0.62708E+04   0.22745E+04   0.33459E+01   0.48222E+22
   0.62721E+04   0.22749E+04   0.33464E+01   0.48229E+22
   0.62734E+04   0.22754E+04   0.33469E+01   0.48237E+22
   0.62746E+04   0.22759E+04   0.33474E+01   0.48244E+22
   0.62759E+04   0.22763E+04   0.33479E+01   0.48251E+22
   0.62772E+04   0.22768E+04   0.33484E+01   0.48258E+22
   0.62785E+04   0.22773E+04   0.33489E+01   0.48265E+22
   0.62797E+04   0.22777E+04   0.33494E+01   0.48272E+22
   0.62810E+04   0.22782E+04   0.33499E+01   0.48279E+22
   0.62823E+04   0.22787E+04   0.33504E+01   0.48286E+22
   0.62836E+04   0.22792E+04   0.33509E+01   0.48293E+22
   0.62849E+04   0.22796E+04   0.33514E+01   0.48300E+22
   0.62861E+04   0.22801E+04   0.33519E+01   0.48307E+22
   0.62874E+04   0.22806E+04   0.33524E+01   0.48314E+22
   0.62887E+04   0.22810E+04   0.33529E+01   0.48321E+22
   0.62900E+04   0.22815E+04   0.33534E+01   0.48328E+22
   0.62912E+04   0.22820E+04   0.33539E+01   0.48335E+22
   0.62925E+04   0.22824E+04   0.33544E+01   0.48342E+22
   0.62938E+04   0.22829E+04   0.33549E+01   0.48349E+22
   0.62951E+04   0.22834E+04   0.33554E+01   0.48356E+22
   0.62964E+04   0.22839E+04   0.33559E+01   0.48363E+22
   0.62976E+04   0.22843E+04   0.33564E+01   0.48370E+22
   0.62989E+04   0.22848E+04   0.33569E+01   0.48377E+22
   0.63002E+04   0.22853E+04   0.33574E+01   0.48384E+22
   0.63015E+04   0.22857E+04   0.33579E+01   0.48391E+22
   0.63028E+04   0.22862E+04   0.33584E+01   0.48398E+22
   0.63040E+04   0.22867E+04   0.33589E+01   0.48405E+22
   0.63053E+04   0.22872E+04   0.33594E+01   0.48412E+22
   0.63066E+04   0.22876E+04   0.33599E+01   0.48419E+22
   0.63079E+04   0.22881E+04   0.33604E+01   0.48426E+22
   0.63091E+04   0.22886E+04   0.33609E+01   0.48433E+22
   0.63104E+04   0.22890E+04   0.33614E+01   0.48440E+22
   0.63117E+04   0.22895E+04   0.33619E+01   0.48447E+22
   0.63130E+04   0.22900E+04   0.33624E+01   0.48454E+22
   0.63143E+04   0.22904E+04   0.33629E+01   0.48461E+22
   0.63155E+04   0.22909E+04   0.33634E+01   0.48468E+22
   0.63168E+04   0.22914E+04   0.33639E+01   0.48475E+22
   0.63181E+04   0.22919E+04   0.33644E+01   0.48482E+22
   0.63194E+04   0.22923E+04   0.33649E+01   0.48489E+22
   0.63207E+04   0.22928E+04   0.33654E+01   0.48496E+22
   0.63219E+04   0.22933E+04   0.33659E+01   0.48503E+22
   0.63232E+04   0.22937E+04   0.33664E+01   0.48510E+22
   0.63245E+04   0.22942E+04   0.33669E+01   0.48517E+22
   0.63258E+04   0.22947E+04   0.33674E+01   0.48524E+22
   0.63271E+04   0.22952E+04   0.33679E+01   0.48531E+22
   0.63283E+04   0.22956E+04   0.33684E+01   0.48538E+22
   0.63296E+04   0.22961E+04   0.33689E+01   0.48546E+22
   0.63309E+04   0.22966E+04   0.33694E+01   0.48553E+22
   0.63322E+04   0.22970E+04   0.33699E+01   0.48560E+22
   0.63335E+04   0.22975E+04   0.33704E+01   0.48567E+22
   0.63347E+04   0.22980E+04   0.33709E+01   0.48574E+22
   0.63360E+04   0.22985E+04   0.33714E+01   0.48581E+22
   0.63373E+04   0.22989E+04   0.33719E+01   0.48588E+22
   0.63386E+04   0.22994E+04   0.33724E+01   0.48595E+22
   0.63399E+04   0.22999E+04   0.33729E+01   0.48602E+22
   0.63411E+04   0.23003E+04   0.33734E+01   0.48609E+22
   0.63424E+04   0.23008E+04   0.33739E+01   0.48616E+22
   0.63437E+04   0.23013E+04   0.33744E+01   0.48623E+22
   0.63450E+04   0.23017E+04   0.33749E+01   0.48630E+22
   0.63463E+04   0.23022E+04   0.33754E+01   0.48637E+22
   0.63476E+04   0.23027E+04   0.33759E+01   0.48644E+22
   0.63488E+04   0.23032E+04   0.33764E+01   0.48651E+22
   0.63501E+04   0.23036E+04   0.33769E+01   0.48658E+22
   0.63514E+04   0.23041E+04   0.33774E+01   0.48665E+22
   0.63527E+04   0.23046E+04   0.33779E+01   0.48672E+22
   0.63540E+04   0.23050E+04   0.33784E+01   0.48679E+22
   0.63552E+04   0.23055E+04   0.33789E+01   0.48686E+22
   0.63565E+04   0.23060E+04   0.33794E+01   0.48693E+22
   0.63578E+04   0.23065E+04   0.33799E+01   0.48700E+22
   0.63591E+04   0.23069E+04   0.33804E+01   0.48707E+22
   0.63604E+04   0.23074E+04   0.33809E+01   0.48714E+22
   0.63616E+04   0.23079E+04   0.33814E+01   0.48721E+22
   0.63629E+04   0.23083E+04   0.33819E+01   0.48728E+22
   0.63642E+04   0.23088E+04   0.33824E+01   0.48735E+22
   0.63655E+04   0.23093E+04   0.33829E+01   0.48742E+22
   0.63668E+04   0.23098E+04   0.33834E+01   0.48749E+22
   0.63681E+04   0.23102E+04   0.33839E+01   0.48756E+22
   0.63693E+04   0.23107E+04   0.33844E+01   0.48763E+22
   0.63706E+04   0.23112E+04   0.33849E+01   0.48770E+22
   0.63719E+04   0.23117E+04   0.33854E+01   0.48777E+22
   0.63732E+04   0.23121E+04   0.33859E+01   0.48784E+22
   0.63745E+04   0.23126E+04   0.33864E+01   0.48791E+22
   0.63758E+04   0.23131E+04   0.33869E+01   0.48798E+22
   0.63770E+04   0.23135E+04   0.33874E+01   0.48805E+22
   0.63783E+04   0.23140E+04   0.33879E+01   0.48812E+22
   0.63796E+04   0.23145E+04   0.33884E+01   0.48819E+22
   0.63809E+04   0.23150E+04   0.33889E+01   0.48826E+22
   0.63822E+04   0.23154E+04   0.33894E+01   0.48833E+22
   0.63835E+04   0.23159E+04   0.33899E+01   0.48840E+22
   0.63847E+04   0.23164E+04   0.33904E+01   0.48848E+22
   0.63860E+04   0.23168E+04   0.33909E+01   0.48855E+22
   0.63873E+04   0.23173E+04   0.33914E+01   0.48862E+22
   0.63886E+04   0.23178E+04   0.33919E+01   0.48869E+22
   0.63899E+04   0.23183E+04   0.33924E+01   0.48876E+22
   0.63912E+04   0.23187E+04   0.33929E+01   0.48883E+22
   0.63924E+04   0.23192E+04   0.33934E+01   0.48890E+22
   0.63937E+04   0.23197E+04   0.33939E+01   0.48897E+22
   0.63950E+04   0.23201E+04   0.33944E+01   0.48904E+22
   0.63963E+04   0.23206E+04   0.33949E+01   0.48911E+22
   0.63976E+04   0.23211E+04   0.33954E+01   0.48918E+22
   0.63989E+04   0.23216E+04   0.33959E+01   0.48925E+22
   0.64001E+04   0.23220E+04   0.33964E+01   0.48932E+22
   0.64014E+04   0.23225E+04   0.33969E+01   0.48939E+22
   0.64027E+04   0.23230E+04   0.33974E+01   0.48946E+22
   0.64040E+04   0.23234E+04   0.33979E+01   0.48953E+22
   0.64053E+04   0.23239E+04   0.33984E+01   0.48960E+22
   0.64066E+04   0.23244E+04   0.33989E+01   0.48967E+22
   0.64078E+04   0.23249E+04   0.33994E+01   0.48974E+22
   0.64091E+04   0.23253E+04   0.33999E+01   0.48981E+22
   0.64104E+04   0.23258E+04   0.34004E+01   0.48988E+22
   0.64117E+04   0.23263E+04   0.34009E+01   0.48995E+22
   0.64130E+04   0.23268E+04   0.34014E+01   0.49002E+22
   0.64143E+04   0.23272E+04   0.34019E+01   0.49009E+22
   0.64156E+04   0.23277E+04   0.34024E+01   0.49016E+22
   0.64168E+04   0.23282E+04   0.34029E+01   0.49023E+22
   0.64181E+04   0.23286E+04   0.34034E+01   0.49030E+22
   0.64194E+04   0.23291E+04   0.34039E+01   0.49037E+22
   0.64207E+04   0.23296E+04   0.34044E+01   0.49044E+22
   0.64220E+04   0.23301E+04   0.34049E+01   0.49051E+22
   0.64233E+04   0.23305E+04   0.34054E+01   0.49058E+22
   0.64245E+04   0.23310E+04   0.34059E+01   0.49065E+22
   0.64258E+04   0.23315E+04   0.34064E+01   0.49072E+22
   0.64271E+04   0.23320E+04   0.34069E+01   0.49079E+22
   0.64284E+04   0.23324E+04   0.34074E+01   0.49086E+22
   0.64297E+04   0.23329E+04   0.34079E+01   0.49093E+22
   0.64310E+04   0.23334E+04   0.34084E+01   0.49100E+22
   0.64323E+04   0.23338E+04   0.34089E+01   0.49107E+22
   0.64335E+04   0.23343E+04   0.34094E+01   0.49114E+22
   0.64348E+04   0.23348E+04   0.34099E+01   0.49121E+22
   0.64361E+04   0.23353E+04   0.34104E+01   0.49128E+22
   0.64374E+04   0.23357E+04   0.34109E+01   0.49135E+22
   0.64387E+04   0.23362E+04   0.34114E+01   0.49143E+22
   0.64400E+04   0.23367E+04   0.34119E+01   0.49150E+22
   0.64413E+04   0.23372E+04   0.34124E+01   0.49157E+22
   0.64425E+04   0.23376E+04   0.34129E+01   0.49164E+22
   0.64438E+04   0.23381E+04   0.34134E+01   0.49171E+22
   0.64451E+04   0.23386E+04   0.34139E+01   0.49178E+22
   0.64464E+04   0.23390E+04   0.34144E+01   0.49185E+22
   0.64477E+04   0.23395E+04   0.34149E+01   0.49192E+22
   0.64490E+04   0.23400E+04   0.34154E+01   0.49199E+22
   0.64503E+04   0.23405E+04   0.34159E+01   0.49206E+22
   0.64516E+04   0.23409E+04   0.34164E+01   0.49213E+22
   0.64528E+04   0.23414E+04   0.34169E+01   0.49220E+22
   0.64541E+04   0.23419E+04   0.34174E+01   0.49227E+22
   0.64554E+04   0.23424E+04   0.34179E+01   0.49234E+22
   0.64567E+04   0.23428E+04   0.34184E+01   0.49241E+22
   0.64580E+04   0.23433E+04   0.34189E+01   0.49248E+22
   0.64593E+04   0.23438E+04   0.34194E+01   0.49255E+22
   0.64606E+04   0.23442E+04   0.34199E+01   0.49262E+22
   0.64619E+04   0.23447E+04   0.34204E+01   0.49269E+22
   0.64631E+04   0.23452E+04   0.34209E+01   0.49276E+22
   0.64644E+04   0.23457E+04   0.34214E+01   0.49283E+22
   0.64657E+04   0.23461E+04   0.34219E+01   0.49290E+22
   0.64670E+04   0.23466E+04   0.34224E+01   0.49297E+22
   0.64683E+04   0.23471E+04   0.34229E+01   0.49304E+22
   0.64696E+04   0.23476E+04   0.34234E+01   0.49311E+22
   0.64709E+04   0.23480E+04   0.34239E+01   0.49318E+22
   0.64722E+04   0.23485E+04   0.34244E+01   0.49325E+22
   0.64734E+04   0.23490E+04   0.34249E+01   0.49332E+22
   0.64747E+04   0.23495E+04   0.34254E+01   0.49339E+22
   0.64760E+04   0.23499E+04   0.34259E+01   0.49346E+22
   0.64773E+04   0.23504E+04   0.34264E+01   0.49353E+22
   0.64786E+04   0.23509E+04   0.34269E+01   0.49360E+22
   0.64799E+04   0.23513E+04   0.34274E+01   0.49367E+22
   0.64812E+04   0.23518E+04   0.34279E+01   0.49374E+22
   0.64825E+04   0.23523E+04   0.34284E+01   0.49381E+22
   0.64837E+04   0.23528E+04   0.34289E+01   0.49388E+22
   0.64850E+04   0.23532E+04   0.34294E+01   0.49395E+22
   0.64863E+04   0.23537E+04   0.34299E+01   0.49402E+22
   0.64876E+04   0.23542E+04   0.34304E+01   0.49409E+22
   0.64889E+04   0.23547E+04   0.34309E+01   0.49416E+22
   0.64902E+04   0.23551E+04   0.34314E+01   0.49423E+22
   0.64915E+04   0.23556E+04   0.34319E+01   0.49431E+22
   0.64928E+04   0.23561E+04   0.34324E+01   0.49438E+22
   0.64941E+04   0.23566E+04   0.34329E+01   0.49445E+22
   0.64953E+04   0.23570E+04   0.34334E+01   0.49452E+22
   0.64966E+04   0.23575E+04   0.34339E+01   0.49459E+22
   0.64979E+04   0.23580E+04   0.34344E+01   0.49466E+22
   0.64992E+04   0.23585E+04   0.34349E+01   0.49473E+22
   0.65005E+04   0.23589E+04   0.34354E+01   0.49480E+22
   0.65018E+04   0.23594E+04   0.34359E+01   0.49487E+22
   0.65031E+04   0.23599E+04   0.34364E+01   0.49494E+22
   0.65044E+04   0.23603E+04   0.34369E+01   0.49501E+22
   0.65057E+04   0.23608E+04   0.34374E+01   0.49508E+22
   0.65070E+04   0.23613E+04   0.34379E+01   0.49515E+22
   0.65082E+04   0.23618E+04   0.34384E+01   0.49522E+22
   0.65095E+04   0.23622E+04   0.34389E+01   0.49529E+22
   0.65108E+04   0.23627E+04   0.34394E+01   0.49536E+22
   0.65121E+04   0.23632E+04   0.34399E+01   0.49543E+22
   0.65134E+04   0.23637E+04   0.34404E+01   0.49550E+22
   0.65147E+04   0.23641E+04   0.34409E+01   0.49557E+22
   0.65160E+04   0.23646E+04   0.34414E+01   0.49564E+22
   0.65173E+04   0.23651E+04   0.34419E+01   0.49571E+22
   0.65186E+04   0.23656E+04   0.34424E+01   0.49578E+22
   0.65199E+04   0.23660E+04   0.34429E+01   0.49585E+22
   0.65211E+04   0.23665E+04   0.34434E+01   0.49592E+22
   0.65224E+04   0.23670E+04   0.34439E+01   0.49599E+22
   0.65237E+04   0.23675E+04   0.34444E+01   0.49606E+22
   0.65250E+04   0.23679E+04   0.34449E+01   0.49613E+22
   0.65263E+04   0.23684E+04   0.34454E+01   0.49620E+22
   0.65276E+04   0.23689E+04   0.34459E+01   0.49627E+22
   0.65289E+04   0.23694E+04   0.34464E+01   0.49634E+22
   0.65302E+04   0.23698E+04   0.34469E+01   0.49641E+22
   0.65315E+04   0.23703E+04   0.34474E+01   0.49648E+22
   0.65328E+04   0.23708E+04   0.34479E+01   0.49655E+22
   0.65341E+04   0.23713E+04   0.34484E+01   0.49662E+22
   0.65353E+04   0.23717E+04   0.34489E+01   0.49669E+22
   0.65366E+04   0.23722E+04   0.34494E+01   0.49676E+22
   0.65379E+04   0.23727E+04   0.34499E+01   0.49683E+22
   0.65392E+04   0.23732E+04   0.34504E+01   0.49690E+22
   0.65405E+04   0.23736E+04   0.34509E+01   0.49697E+22
   0.65418E+04   0.23741E+04   0.34514E+01   0.49704E+22
   0.65431E+04   0.23746E+04   0.34519E+01   0.49712E+22
   0.65444E+04   0.23750E+04   0.34524E+01   0.49719E+22
   0.65457E+04   0.23755E+04   0.34529E+01   0.49726E+22
   0.65470E+04   0.23760E+04   0.34534E+01   0.49733E+22
   0.65483E+04   0.23765E+04   0.34539E+01   0.49740E+22
   0.65495E+04   0.23769E+04   0.34544E+01   0.49747E+22
   0.65508E+04   0.23774E+04   0.34549E+01   0.49754E+22
   0.65521E+04   0.23779E+04   0.34554E+01   0.49761E+22
   0.65534E+04   0.23784E+04   0.34559E+01   0.49768E+22
   0.65547E+04   0.23788E+04   0.34564E+01   0.49775E+22
   0.65560E+04   0.23793E+04   0.34569E+01   0.49782E+22
   0.65573E+04   0.23798E+04   0.34574E+01   0.49789E+22
   0.65586E+04   0.23803E+04   0.34579E+01   0.49796E+22
   0.65599E+04   0.23807E+04   0.34584E+01   0.49803E+22
   0.65612E+04   0.23812E+04   0.34589E+01   0.49810E+22
   0.65625E+04   0.23817E+04   0.34594E+01   0.49817E+22
   0.65638E+04   0.23822E+04   0.34599E+01   0.49824E+22
   0.65651E+04   0.23826E+04   0.34604E+01   0.49831E+22
   0.65664E+04   0.23831E+04   0.34609E+01   0.49838E+22
   0.65676E+04   0.23836E+04   0.34614E+01   0.49845E+22
   0.65689E+04   0.23841E+04   0.34619E+01   0.49852E+22
   0.65702E+04   0.23845E+04   0.34624E+01   0.49859E+22
   0.65715E+04   0.23850E+04   0.34629E+01   0.49866E+22
   0.65728E+04   0.23855E+04   0.34634E+01   0.49873E+22
   0.65741E+04   0.23860E+04   0.34639E+01   0.49880E+22
   0.65754E+04   0.23864E+04   0.34644E+01   0.49887E+22
   0.65767E+04   0.23869E+04   0.34649E+01   0.49894E+22
   0.65780E+04   0.23874E+04   0.34654E+01   0.49901E+22
   0.65793E+04   0.23879E+04   0.34659E+01   0.49908E+22
   0.65806E+04   0.23883E+04   0.34664E+01   0.49915E+22
   0.65819E+04   0.23888E+04   0.34669E+01   0.49922E+22
   0.65832E+04   0.23893E+04   0.34674E+01   0.49929E+22
   0.65845E+04   0.23898E+04   0.34679E+01   0.49936E+22
   0.65858E+04   0.23902E+04   0.34684E+01   0.49943E+22
   0.65870E+04   0.23907E+04   0.34689E+01   0.49950E+22
   0.65883E+04   0.23912E+04   0.34694E+01   0.49957E+22
   0.65896E+04   0.23917E+04   0.34699E+01   0.49964E+22
   0.65909E+04   0.23921E+04   0.34704E+01   0.49971E+22
   0.65922E+04   0.23926E+04   0.34709E+01   0.49978E+22
   0.65935E+04   0.23931E+04   0.34714E+01   0.49985E+22
   0.65948E+04   0.23936E+04   0.34719E+01   0.49993E+22
   0.65961E+04   0.23940E+04   0.34724E+01   0.50000E+22
   0.65974E+04   0.23945E+04   0.34729E+01   0.50007E+22
   0.65987E+04   0.23950E+04   0.34734E+01   0.50014E+22
   0.66000E+04   0.23955E+04   0.34739E+01   0.50021E+22
   0.66013E+04   0.23959E+04   0.34744E+01   0.50028E+22
   0.66026E+04   0.23964E+04   0.34749E+01   0.50035E+22
   0.66039E+04   0.23969E+04   0.34754E+01   0.50042E+22
   0.66052E+04   0.23974E+04   0.34759E+01   0.50049E+22
   0.66065E+04   0.23979E+04   0.34764E+01   0.50056E+22
   0.66078E+04   0.23983E+04   0.34769E+01   0.50063E+22
   0.66091E+04   0.23988E+04   0.34774E+01   0.50070E+22
   0.66104E+04   0.23993E+04   0.34779E+01   0.50077E+22
   0.66116E+04   0.23998E+04   0.34784E+01   0.50084E+22
   0.66129E+04   0.24002E+04   0.34789E+01   0.50091E+22
   0.66142E+04   0.24007E+04   0.34794E+01   0.50098E+22
   0.66155E+04   0.24012E+04   0.34799E+01   0.50105E+22
   0.66168E+04   0.24017E+04   0.34804E+01   0.50112E+22
   0.66181E+04   0.24021E+04   0.34809E+01   0.50119E+22
   0.66194E+04   0.24026E+04   0.34814E+01   0.50126E+22
   0.66207E+04   0.24031E+04   0.34819E+01   0.50133E+22
   0.66220E+04   0.24036E+04   0.34824E+01   0.50140E+22
   0.66233E+04   0.24040E+04   0.34829E+01   0.50147E+22
   0.66246E+04   0.24045E+04   0.34834E+01   0.50154E+22
   0.66259E+04   0.24050E+04   0.34839E+01   0.50161E+22
   0.66272E+04   0.24055E+04   0.34844E+01   0.50168E+22
   0.66285E+04   0.24059E+04   0.34849E+01   0.50175E+22
   0.66298E+04   0.24064E+04   0.34854E+01   0.50182E+22
   0.66311E+04   0.24069E+04   0.34859E+01   0.50189E+22
   0.66324E+04   0.24074E+04   0.34864E+01   0.50196E+22
   0.66337E+04   0.24078E+04   0.34869E+01   0.50203E+22
   0.66350E+04   0.24083E+04   0.34874E+01   0.50210E+22
   0.66363E+04   0.24088E+04   0.34879E+01   0.50217E+22
   0.66376E+04   0.24093E+04   0.34884E+01   0.50224E+22
   0.66389E+04   0.24097E+04   0.34889E+01   0.50231E+22
   0.66402E+04   0.24102E+04   0.34894E+01   0.50238E+22
   0.66415E+04   0.24107E+04   0.34899E+01   0.50245E+22
   0.66428E+04   0.24112E+04   0.34904E+01   0.50252E+22
   0.66441E+04   0.24117E+04   0.34909E+01   0.50260E+22
   0.66453E+04   0.24121E+04   0.34914E+01   0.50267E+22
   0.66466E+04   0.24126E+04   0.34919E+01   0.50274E+22
   0.66479E+04   0.24131E+04   0.34924E+01   0.50281E+22
   0.66492E+04   0.24136E+04   0.34929E+01   0.50288E+22
   0.66505E+04   0.24140E+04   0.34934E+01   0.50295E+22
   0.66518E+04   0.24145E+04   0.34939E+01   0.50302E+22
   0.66531E+04   0.24150E+04   0.34944E+01   0.50309E+22
   0.66544E+04   0.24155E+04   0.34949E+01   0.50316E+22
   0.66557E+04   0.24159E+04   0.34954E+01   0.50323E+22
   0.66570E+04   0.24164E+04   0.34959E+01   0.50330E+22
   0.66583E+04   0.24169E+04   0.34964E+01   0.50337E+22
   0.66596E+04   0.24174E+04   0.34969E+01   0.50344E+22
   0.66609E+04   0.24178E+04   0.34974E+01   0.50351E+22
   0.66622E+04   0.24183E+04   0.34979E+01   0.50358E+22
   0.66635E+04   0.24188E+04   0.34984E+01   0.50365E+22
   0.66648E+04   0.24193E+04   0.34989E+01   0.50372E+22
   0.66661E+04   0.24198E+04   0.34994E+01   0.50379E+22
   0.66674E+04   0.24202E+04   0.34999E+01   0.50386E+22
   0.66687E+04   0.24207E+04   0.35004E+01   0.50393E+22
   0.66700E+04   0.24212E+04   0.35009E+01   0.50400E+22
   0.66713E+04   0.24217E+04   0.35014E+01   0.50407E+22
   0.66726E+04   0.24221E+04   0.35019E+01   0.50414E+22
   0.66739E+04   0.24226E+04   0.35024E+01   0.50421E+22
   0.66752E+04   0.24231E+04   0.35029E+01   0.50428E+22
   0.66765E+04   0.24236E+04   0.35034E+01   0.50435E+22
   0.66778E+04   0.24240E+04   0.35039E+01   0.50442E+22
   0.66791E+04   0.24245E+04   0.35044E+01   0.50449E+22
   0.66804E+04   0.24250E+04   0.35049E+01   0.50456E+22
   0.66817E+04   0.24255E+04   0.35054E+01   0.50463E+22
   0.66830E+04   0.24259E+04   0.35059E+01   0.50470E+22
   0.66843E+04   0.24264E+04   0.35064E+01   0.50477E+22
   0.66856E+04   0.24269E+04   0.35069E+01   0.50484E+22
   0.66869E+04   0.24274E+04   0.35074E+01   0.50491E+22
   0.66882E+04   0.24279E+04   0.35079E+01   0.50498E+22
   0.66895E+04   0.24283E+04   0.35084E+01   0.50505E+22
   0.66908E+04   0.24288E+04   0.35089E+01   0.50512E+22
   0.66921E+04   0.24293E+04   0.35094E+01   0.50519E+22
   0.66934E+04   0.24298E+04   0.35099E+01   0.50526E+22
   0.66947E+04   0.24302E+04   0.35104E+01   0.50534E+22
   0.66960E+04   0.24307E+04   0.35109E+01   0.50541E+22
   0.66973E+04   0.24312E+04   0.35114E+01   0.50548E+22
   0.66986E+04   0.24317E+04   0.35119E+01   0.50555E+22
   0.66999E+04   0.24321E+04   0.35124E+01   0.50562E+22
   0.67012E+04   0.24326E+04   0.35129E+01   0.50569E+22
   0.67025E+04   0.24331E+04   0.35134E+01   0.50576E+22
   0.67038E+04   0.24336E+04   0.35139E+01   0.50583E+22
   0.67051E+04   0.24341E+04   0.35144E+01   0.50590E+22
   0.67064E+04   0.24345E+04   0.35149E+01   0.50597E+22
   0.67077E+04   0.24350E+04   0.35154E+01   0.50604E+22
   0.67090E+04   0.24355E+04   0.35159E+01   0.50611E+22
   0.67103E+04   0.24360E+04   0.35164E+01   0.50618E+22
   0.67116E+04   0.24364E+04   0.35169E+01   0.50625E+22
   0.67129E+04   0.24369E+04   0.35174E+01   0.50632E+22
   0.67142E+04   0.24374E+04   0.35179E+01   0.50639E+22
   0.67155E+04   0.24379E+04   0.35184E+01   0.50646E+22
   0.67168E+04   0.24384E+04   0.35189E+01   0.50653E+22
   0.67181E+04   0.24388E+04   0.35194E+01   0.50660E+22
   0.67194E+04   0.24393E+04   0.35199E+01   0.50667E+22
   0.67207E+04   0.24398E+04   0.35204E+01   0.50674E+22
   0.67220E+04   0.24403E+04   0.35209E+01   0.50681E+22
   0.67233E+04   0.24407E+04   0.35214E+01   0.50688E+22
   0.67246E+04   0.24412E+04   0.35219E+01   0.50695E+22
   0.67259E+04   0.24417E+04   0.35224E+01   0.50702E+22
   0.67272E+04   0.24422E+04   0.35229E+01   0.50709E+22
   0.67285E+04   0.24426E+04   0.35234E+01   0.50716E+22
   0.67298E+04   0.24431E+04   0.35239E+01   0.50723E+22
   0.67311E+04   0.24436E+04   0.35244E+01   0.50730E+22
   0.67324E+04   0.24441E+04   0.35249E+01   0.50737E+22
   0.67337E+04   0.24446E+04   0.35254E+01   0.50744E+22
   0.67350E+04   0.24450E+04   0.35259E+01   0.50751E+22
   0.67363E+04   0.24455E+04   0.35264E+01   0.50758E+22
   0.67376E+04   0.24460E+04   0.35269E+01   0.50765E+22
   0.67389E+04   0.24465E+04   0.35274E+01   0.50772E+22
   0.67402E+04   0.24469E+04   0.35279E+01   0.50779E+22
   0.67415E+04   0.24474E+04   0.35284E+01   0.50786E+22
   0.67428E+04   0.24479E+04   0.35289E+01   0.50794E+22
   0.67441E+04   0.24484E+04   0.35294E+01   0.50801E+22
   0.67454E+04   0.24489E+04   0.35299E+01   0.50808E+22
   0.67467E+04   0.24493E+04   0.35304E+01   0.50815E+22
   0.67480E+04   0.24498E+04   0.35309E+01   0.50822E+22
   0.67493E+04   0.24503E+04   0.35314E+01   0.50829E+22
   0.67506E+04   0.24508E+04   0.35319E+01   0.50836E+22
   0.67519E+04   0.24512E+04   0.35324E+01   0.50843E+22
   0.67532E+04   0.24517E+04   0.35329E+01   0.50850E+22
   0.67545E+04   0.24522E+04   0.35334E+01   0.50857E+22
   0.67558E+04   0.24527E+04   0.35339E+01   0.50864E+22
   0.67572E+04   0.24532E+04   0.35344E+01   0.50871E+22
   0.67585E+04   0.24536E+04   0.35349E+01   0.50878E+22
   0.67598E+04   0.24541E+04   0.35354E+01   0.50885E+22
   0.67611E+04   0.24546E+04   0.35359E+01   0.50892E+22
   0.67624E+04   0.24551E+04   0.35364E+01   0.50899E+22
   0.67637E+04   0.24556E+04   0.35369E+01   0.50906E+22
   0.67650E+04   0.24560E+04   0.35374E+01   0.50913E+22
   0.67663E+04   0.24565E+04   0.35379E+01   0.50920E+22
   0.67676E+04   0.24570E+04   0.35384E+01   0.50927E+22
   0.67689E+04   0.24575E+04   0.35389E+01   0.50934E+22
   0.67702E+04   0.24579E+04   0.35394E+01   0.50941E+22
   0.67715E+04   0.24584E+04   0.35399E+01   0.50948E+22
   0.67728E+04   0.24589E+04   0.35404E+01   0.50955E+22
   0.67741E+04   0.24594E+04   0.35409E+01   0.50962E+22
   0.67754E+04   0.24599E+04   0.35414E+01   0.50969E+22
   0.67767E+04   0.24603E+04   0.35419E+01   0.50976E+22
   0.67780E+04   0.24608E+04   0.35424E+01   0.50983E+22
   0.67793E+04   0.24613E+04   0.35429E+01   0.50990E+22
   0.67806E+04   0.24618E+04   0.35434E+01   0.50997E+22
   0.67819E+04   0.24622E+04   0.35439E+01   0.51004E+22
   0.67832E+04   0.24627E+04   0.35444E+01   0.51011E+22
   0.67845E+04   0.24632E+04   0.35449E+01   0.51018E+22
   0.67858E+04   0.24637E+04   0.35454E+01   0.51025E+22
   0.67871E+04   0.24642E+04   0.35459E+01   0.51032E+22
   0.67884E+04   0.24646E+04   0.35464E+01   0.51039E+22
   0.67897E+04   0.24651E+04   0.35469E+01   0.51046E+22
   0.67911E+04   0.24656E+04   0.35474E+01   0.51054E+22
   0.67924E+04   0.24661E+04   0.35479E+01   0.51061E+22
   0.67937E+04   0.24666E+04   0.35484E+01   0.51068E+22
   0.67950E+04   0.24670E+04   0.35489E+01   0.51075E+22
   0.67963E+04   0.24675E+04   0.35494E+01   0.51082E+22
   0.67976E+04   0.24680E+04   0.35499E+01   0.51089E+22
   0.67989E+04   0.24685E+04   0.35504E+01   0.51096E+22
   0.68002E+04   0.24689E+04   0.35509E+01   0.51103E+22
   0.68015E+04   0.24694E+04   0.35514E+01   0.51110E+22
   0.68028E+04   0.24699E+04   0.35519E+01   0.51117E+22
   0.68041E+04   0.24704E+04   0.35524E+01   0.51124E+22
   0.68054E+04   0.24709E+04   0.35529E+01   0.51131E+22
   0.68067E+04   0.24713E+04   0.35534E+01   0.51138E+22
   0.68080E+04   0.24718E+04   0.35539E+01   0.51145E+22
   0.68093E+04   0.24723E+04   0.35544E+01   0.51152E+22
   0.68106E+04   0.24728E+04   0.35549E+01   0.51159E+22
   0.68119E+04   0.24733E+04   0.35554E+01   0.51166E+22
   0.68132E+04   0.24737E+04   0.35559E+01   0.51173E+22
   0.68145E+04   0.24742E+04   0.35564E+01   0.51180E+22
   0.68159E+04   0.24747E+04   0.35569E+01   0.51187E+22
   0.68172E+04   0.24752E+04   0.35574E+01   0.51194E+22
   0.68185E+04   0.24756E+04   0.35579E+01   0.51201E+22
   0.68198E+04   0.24761E+04   0.35584E+01   0.51208E+22
   0.68211E+04   0.24766E+04   0.35589E+01   0.51215E+22
   0.68224E+04   0.24771E+04   0.35594E+01   0.51222E+22
   0.68237E+04   0.24776E+04   0.35599E+01   0.51229E+22
   0.68250E+04   0.24780E+04   0.35604E+01   0.51236E+22
   0.68263E+04   0.24785E+04   0.35609E+01   0.51243E+22
   0.68276E+04   0.24790E+04   0.35614E+01   0.51250E+22
   0.68289E+04   0.24795E+04   0.35619E+01   0.51257E+22
   0.68302E+04   0.24800E+04   0.35624E+01   0.51264E+22
   0.68315E+04   0.24804E+04   0.35629E+01   0.51271E+22
   0.68328E+04   0.24809E+04   0.35634E+01   0.51278E+22
   0.68341E+04   0.24814E+04   0.35639E+01   0.51285E+22
   0.68354E+04   0.24819E+04   0.35644E+01   0.51292E+22
   0.68368E+04   0.24824E+04   0.35649E+01   0.51299E+22
   0.68381E+04   0.24828E+04   0.35654E+01   0.51307E+22
   0.68394E+04   0.24833E+04   0.35659E+01   0.51314E+22
   0.68407E+04   0.24838E+04   0.35664E+01   0.51321E+22
   0.68420E+04   0.24843E+04   0.35669E+01   0.51328E+22
   0.68433E+04   0.24848E+04   0.35674E+01   0.51335E+22
   0.68446E+04   0.24852E+04   0.35679E+01   0.51342E+22
   0.68459E+04   0.24857E+04   0.35684E+01   0.51349E+22
   0.68472E+04   0.24862E+04   0.35689E+01   0.51356E+22
   0.68485E+04   0.24867E+04   0.35694E+01   0.51363E+22
   0.68498E+04   0.24872E+04   0.35699E+01   0.51370E+22
   0.68511E+04   0.24876E+04   0.35704E+01   0.51377E+22
   0.68524E+04   0.24881E+04   0.35709E+01   0.51384E+22
   0.68538E+04   0.24886E+04   0.35714E+01   0.51391E+22
   0.68551E+04   0.24891E+04   0.35719E+01   0.51398E+22
   0.68564E+04   0.24895E+04   0.35724E+01   0.51405E+22
   0.68577E+04   0.24900E+04   0.35729E+01   0.51412E+22
   0.68590E+04   0.24905E+04   0.35734E+01   0.51419E+22
   0.68603E+04   0.24910E+04   0.35739E+01   0.51426E+22
   0.68616E+04   0.24915E+04   0.35744E+01   0.51433E+22
   0.68629E+04   0.24919E+04   0.35749E+01   0.51440E+22
   0.68642E+04   0.24924E+04   0.35754E+01   0.51447E+22
   0.68655E+04   0.24929E+04   0.35759E+01   0.51454E+22
   0.68668E+04   0.24934E+04   0.35764E+01   0.51461E+22
   0.68681E+04   0.24939E+04   0.35769E+01   0.51468E+22
   0.68695E+04   0.24943E+04   0.35774E+01   0.51475E+22
   0.68708E+04   0.24948E+04   0.35779E+01   0.51482E+22
   0.68721E+04   0.24953E+04   0.35784E+01   0.51489E+22
   0.68734E+04   0.24958E+04   0.35789E+01   0.51496E+22
   0.68747E+04   0.24963E+04   0.35794E+01   0.51503E+22
   0.68760E+04   0.24967E+04   0.35799E+01   0.51510E+22
   0.68773E+04   0.24972E+04   0.35804E+01   0.51517E+22
   0.68786E+04   0.24977E+04   0.35809E+01   0.51524E+22
   0.68799E+04   0.24982E+04   0.35814E+01   0.51531E+22
   0.68812E+04   0.24987E+04   0.35819E+01   0.51538E+22
   0.68825E+04   0.24991E+04   0.35824E+01   0.51545E+22
   0.68839E+04   0.24996E+04   0.35829E+01   0.51552E+22
   0.68852E+04   0.25001E+04   0.35834E+01   0.51560E+22
   0.68865E+04   0.25006E+04   0.35839E+01   0.51567E+22
   0.68878E+04   0.25011E+04   0.35844E+01   0.51574E+22
   0.68891E+04   0.25015E+04   0.35849E+01   0.51581E+22
   0.68904E+04   0.25020E+04   0.35854E+01   0.51588E+22
   0.68917E+04   0.25025E+04   0.35859E+01   0.51595E+22
   0.68930E+04   0.25030E+04   0.35864E+01   0.51602E+22
   0.68943E+04   0.25035E+04   0.35869E+01   0.51609E+22
   0.68956E+04   0.25039E+04   0.35874E+01   0.51616E+22
   0.68970E+04   0.25044E+04   0.35879E+01   0.51623E+22
   0.68983E+04   0.25049E+04   0.35884E+01   0.51630E+22
   0.68996E+04   0.25054E+04   0.35889E+01   0.51637E+22
   0.69009E+04   0.25059E+04   0.35894E+01   0.51644E+22
   0.69022E+04   0.25063E+04   0.35899E+01   0.51651E+22
   0.69035E+04   0.25068E+04   0.35904E+01   0.51658E+22
   0.69048E+04   0.25073E+04   0.35909E+01   0.51665E+22
   0.69061E+04   0.25078E+04   0.35914E+01   0.51672E+22
   0.69074E+04   0.25083E+04   0.35919E+01   0.51679E+22
   0.69087E+04   0.25088E+04   0.35924E+01   0.51686E+22
   0.69101E+04   0.25092E+04   0.35929E+01   0.51693E+22
   0.69114E+04   0.25097E+04   0.35934E+01   0.51700E+22
   0.69127E+04   0.25102E+04   0.35939E+01   0.51707E+22
   0.69140E+04   0.25107E+04   0.35944E+01   0.51714E+22
   0.69153E+04   0.25112E+04   0.35949E+01   0.51721E+22
   0.69166E+04   0.25116E+04   0.35954E+01   0.51728E+22
   0.69179E+04   0.25121E+04   0.35959E+01   0.51735E+22
   0.69192E+04   0.25126E+04   0.35964E+01   0.51742E+22
   0.69205E+04   0.25131E+04   0.35969E+01   0.51749E+22
   0.69219E+04   0.25136E+04   0.35974E+01   0.51756E+22
   0.69232E+04   0.25140E+04   0.35979E+01   0.51763E+22
   0.69245E+04   0.25145E+04   0.35984E+01   0.51770E+22
   0.69258E+04   0.25150E+04   0.35989E+01   0.51777E+22
   0.69271E+04   0.25155E+04   0.35994E+01   0.51784E+22
   0.69284E+04   0.25160E+04   0.35999E+01   0.51791E+22
   0.69297E+04   0.25164E+04   0.36004E+01   0.51798E+22
   0.69310E+04   0.25169E+04   0.36009E+01   0.51805E+22
   0.69323E+04   0.25174E+04   0.36014E+01   0.51813E+22
   0.69337E+04   0.25179E+04   0.36019E+01   0.51820E+22
   0.69350E+04   0.25184E+04   0.36024E+01   0.51827E+22
   0.69363E+04   0.25188E+04   0.36029E+01   0.51834E+22
   0.69376E+04   0.25193E+04   0.36034E+01   0.51841E+22
   0.69389E+04   0.25198E+04   0.36039E+01   0.51848E+22
   0.69402E+04   0.25203E+04   0.36044E+01   0.51855E+22
   0.69415E+04   0.25208E+04   0.36049E+01   0.51862E+22
   0.69428E+04   0.25212E+04   0.36054E+01   0.51869E+22
   0.69442E+04   0.25217E+04   0.36059E+01   0.51876E+22
   0.69455E+04   0.25222E+04   0.36064E+01   0.51883E+22
   0.69468E+04   0.25227E+04   0.36069E+01   0.51890E+22
   0.69481E+04   0.25232E+04   0.36074E+01   0.51897E+22
   0.69494E+04   0.25237E+04   0.36079E+01   0.51904E+22
   0.69507E+04   0.25241E+04   0.36084E+01   0.51911E+22
   0.69520E+04   0.25246E+04   0.36089E+01   0.51918E+22
   0.69533E+04   0.25251E+04   0.36094E+01   0.51925E+22
   0.69547E+04   0.25256E+04   0.36099E+01   0.51932E+22
   0.69560E+04   0.25261E+04   0.36104E+01   0.51939E+22
   0.69573E+04   0.25265E+04   0.36109E+01   0.51946E+22
   0.69586E+04   0.25270E+04   0.36114E+01   0.51953E+22
   0.69599E+04   0.25275E+04   0.36119E+01   0.51960E+22
   0.69612E+04   0.25280E+04   0.36124E+01   0.51967E+22
   0.69625E+04   0.25285E+04   0.36129E+01   0.51974E+22
   0.69639E+04   0.25289E+04   0.36134E+01   0.51981E+22
   0.69652E+04   0.25294E+04   0.36139E+01   0.51988E+22
   0.69665E+04   0.25299E+04   0.36144E+01   0.51995E+22
   0.69678E+04   0.25304E+04   0.36149E+01   0.52002E+22
   0.69691E+04   0.25309E+04   0.36154E+01   0.52009E+22
   0.69704E+04   0.25314E+04   0.36159E+01   0.52016E+22
   0.69717E+04   0.25318E+04   0.36164E+01   0.52023E+22
   0.69731E+04   0.25323E+04   0.36169E+01   0.52030E+22
   0.69744E+04   0.25328E+04   0.36174E+01   0.52037E+22
   0.69757E+04   0.25333E+04   0.36179E+01   0.52044E+22
   0.69770E+04   0.25338E+04   0.36184E+01   0.52052E+22
   0.69783E+04   0.25342E+04   0.36189E+01   0.52059E+22
   0.69796E+04   0.25347E+04   0.36194E+01   0.52066E+22
   0.69809E+04   0.25352E+04   0.36199E+01   0.52073E+22
   0.69823E+04   0.25357E+04   0.36204E+01   0.52080E+22
   0.69836E+04   0.25362E+04   0.36209E+01   0.52087E+22
   0.69849E+04   0.25366E+04   0.36214E+01   0.52094E+22
   0.69862E+04   0.25371E+04   0.36219E+01   0.52101E+22
   0.69875E+04   0.25376E+04   0.36224E+01   0.52108E+22
   0.69888E+04   0.25381E+04   0.36229E+01   0.52115E+22
   0.69901E+04   0.25386E+04   0.36234E+01   0.52122E+22
   0.69915E+04   0.25391E+04   0.36239E+01   0.52129E+22
   0.69928E+04   0.25395E+04   0.36244E+01   0.52136E+22
   0.69941E+04   0.25400E+04   0.36249E+01   0.52143E+22
   0.69954E+04   0.25405E+04   0.36254E+01   0.52150E+22
   0.69967E+04   0.25410E+04   0.36259E+01   0.52157E+22
   0.69980E+04   0.25415E+04   0.36264E+01   0.52164E+22
   0.69993E+04   0.25419E+04   0.36269E+01   0.52171E+22
   0.70007E+04   0.25424E+04   0.36274E+01   0.52178E+22
   0.70020E+04   0.25429E+04   0.36279E+01   0.52185E+22
   0.70033E+04   0.25434E+04   0.36284E+01   0.52192E+22
   0.70046E+04   0.25439E+04   0.36289E+01   0.52199E+22
   0.70059E+04   0.25444E+04   0.36294E+01   0.52206E+22
   0.70072E+04   0.25448E+04   0.36299E+01   0.52213E+22
   0.70086E+04   0.25453E+04   0.36304E+01   0.52220E+22
   0.70099E+04   0.25458E+04   0.36309E+01   0.52227E+22
   0.70112E+04   0.25463E+04   0.36314E+01   0.52234E+22
   0.70125E+04   0.25468E+04   0.36319E+01   0.52241E+22
   0.70138E+04   0.25473E+04   0.36324E+01   0.52248E+22
   0.70151E+04   0.25477E+04   0.36329E+01   0.52255E+22
   0.70165E+04   0.25482E+04   0.36334E+01   0.52262E+22
   0.70178E+04   0.25487E+04   0.36339E+01   0.52269E+22
   0.70191E+04   0.25492E+04   0.36344E+01   0.52276E+22
   0.70204E+04   0.25497E+04   0.36349E+01   0.52283E+22
   0.70217E+04   0.25501E+04   0.36354E+01   0.52290E+22
   0.70230E+04   0.25506E+04   0.36359E+01   0.52298E+22
   0.70243E+04   0.25511E+04   0.36364E+01   0.52305E+22
   0.70257E+04   0.25516E+04   0.36369E+01   0.52312E+22
   0.70270E+04   0.25521E+04   0.36374E+01   0.52319E+22
   0.70283E+04   0.25526E+04   0.36379E+01   0.52326E+22
   0.70296E+04   0.25530E+04   0.36384E+01   0.52333E+22
   0.70309E+04   0.25535E+04   0.36389E+01   0.52340E+22
   0.70323E+04   0.25540E+04   0.36394E+01   0.52347E+22
   0.70336E+04   0.25545E+04   0.36399E+01   0.52354E+22
   0.70349E+04   0.25550E+04   0.36404E+01   0.52361E+22
   0.70362E+04   0.25554E+04   0.36409E+01   0.52368E+22
   0.70375E+04   0.25559E+04   0.36414E+01   0.52375E+22
   0.70388E+04   0.25564E+04   0.36419E+01   0.52382E+22
   0.70402E+04   0.25569E+04   0.36424E+01   0.52389E+22
   0.70415E+04   0.25574E+04   0.36429E+01   0.52396E+22
   0.70428E+04   0.25579E+04   0.36434E+01   0.52403E+22
   0.70441E+04   0.25583E+04   0.36439E+01   0.52410E+22
   0.70454E+04   0.25588E+04   0.36444E+01   0.52417E+22
   0.70467E+04   0.25593E+04   0.36449E+01   0.52424E+22
   0.70481E+04   0.25598E+04   0.36454E+01   0.52431E+22
   0.70494E+04   0.25603E+04   0.36459E+01   0.52438E+22
   0.70507E+04   0.25608E+04   0.36464E+01   0.52445E+22
   0.70520E+04   0.25612E+04   0.36469E+01   0.52452E+22
   0.70533E+04   0.25617E+04   0.36474E+01   0.52459E+22
   0.70546E+04   0.25622E+04   0.36479E+01   0.52466E+22
   0.70560E+04   0.25627E+04   0.36484E+01   0.52473E+22
   0.70573E+04   0.25632E+04   0.36489E+01   0.52480E+22
   0.70586E+04   0.25637E+04   0.36494E+01   0.52487E+22
   0.70599E+04   0.25641E+04   0.36499E+01   0.52494E+22
   0.70612E+04   0.25646E+04   0.36504E+01   0.52501E+22
   0.70626E+04   0.25651E+04   0.36509E+01   0.52508E+22
   0.70639E+04   0.25656E+04   0.36514E+01   0.52515E+22
   0.70652E+04   0.25661E+04   0.36519E+01   0.52522E+22
   0.70665E+04   0.25666E+04   0.36524E+01   0.52529E+22
   0.70678E+04   0.25670E+04   0.36529E+01   0.52537E+22
   0.70692E+04   0.25675E+04   0.36534E+01   0.52544E+22
   0.70705E+04   0.25680E+04   0.36539E+01   0.52551E+22
   0.70718E+04   0.25685E+04   0.36544E+01   0.52558E+22
   0.70731E+04   0.25690E+04   0.36549E+01   0.52565E+22
   0.70744E+04   0.25694E+04   0.36554E+01   0.52572E+22
   0.70757E+04   0.25699E+04   0.36559E+01   0.52579E+22
   0.70771E+04   0.25704E+04   0.36564E+01   0.52586E+22
   0.70784E+04   0.25709E+04   0.36569E+01   0.52593E+22
   0.70797E+04   0.25714E+04   0.36574E+01   0.52600E+22
   0.70810E+04   0.25719E+04   0.36579E+01   0.52607E+22
   0.70823E+04   0.25723E+04   0.36584E+01   0.52614E+22
   0.70837E+04   0.25728E+04   0.36589E+01   0.52621E+22
   0.70850E+04   0.25733E+04   0.36594E+01   0.52628E+22
   0.70863E+04   0.25738E+04   0.36599E+01   0.52635E+22
   0.70876E+04   0.25743E+04   0.36604E+01   0.52642E+22
   0.70889E+04   0.25748E+04   0.36609E+01   0.52649E+22
   0.70903E+04   0.25752E+04   0.36614E+01   0.52656E+22
   0.70916E+04   0.25757E+04   0.36619E+01   0.52663E+22
   0.70929E+04   0.25762E+04   0.36624E+01   0.52670E+22
   0.70942E+04   0.25767E+04   0.36629E+01   0.52677E+22
   0.70955E+04   0.25772E+04   0.36634E+01   0.52684E+22
   0.70969E+04   0.25777E+04   0.36639E+01   0.52691E+22
   0.70982E+04   0.25781E+04   0.36644E+01   0.52698E+22
   0.70995E+04   0.25786E+04   0.36649E+01   0.52705E+22
   0.71008E+04   0.25791E+04   0.36654E+01   0.52712E+22
   0.71021E+04   0.25796E+04   0.36659E+01   0.52719E+22
   0.71035E+04   0.25801E+04   0.36664E+01   0.52726E+22
   0.71048E+04   0.25806E+04   0.36669E+01   0.52733E+22
   0.71061E+04   0.25810E+04   0.36674E+01   0.52740E+22
   0.71074E+04   0.25815E+04   0.36679E+01   0.52747E+22
   0.71087E+04   0.25820E+04   0.36684E+01   0.52754E+22
   0.71101E+04   0.25825E+04   0.36689E+01   0.52761E+22
   0.71114E+04   0.25830E+04   0.36694E+01   0.52768E+22
   0.71127E+04   0.25835E+04   0.36699E+01   0.52776E+22
   0.71140E+04   0.25839E+04   0.36704E+01   0.52783E+22
   0.71154E+04   0.25844E+04   0.36709E+01   0.52790E+22
   0.71167E+04   0.25849E+04   0.36714E+01   0.52797E+22
   0.71180E+04   0.25854E+04   0.36719E+01   0.52804E+22
   0.71193E+04   0.25859E+04   0.36724E+01   0.52811E+22
   0.71206E+04   0.25864E+04   0.36729E+01   0.52818E+22
   0.71220E+04   0.25869E+04   0.36734E+01   0.52825E+22
   0.71233E+04   0.25873E+04   0.36739E+01   0.52832E+22
   0.71246E+04   0.25878E+04   0.36744E+01   0.52839E+22
   0.71259E+04   0.25883E+04   0.36749E+01   0.52846E+22
   0.71272E+04   0.25888E+04   0.36754E+01   0.52853E+22
   0.71286E+04   0.25893E+04   0.36759E+01   0.52860E+22
   0.71299E+04   0.25898E+04   0.36764E+01   0.52867E+22
   0.71312E+04   0.25902E+04   0.36769E+01   0.52874E+22
   0.71325E+04   0.25907E+04   0.36774E+01   0.52881E+22
   0.71339E+04   0.25912E+04   0.36779E+01   0.52888E+22
   0.71352E+04   0.25917E+04   0.36784E+01   0.52895E+22
   0.71365E+04   0.25922E+04   0.36789E+01   0.52902E+22
   0.71378E+04   0.25927E+04   0.36794E+01   0.52909E+22
   0.71391E+04   0.25931E+04   0.36799E+01   0.52916E+22
   0.71405E+04   0.25936E+04   0.36804E+01   0.52923E+22
   0.71418E+04   0.25941E+04   0.36809E+01   0.52930E+22
   0.71431E+04   0.25946E+04   0.36814E+01   0.52937E+22
   0.71444E+04   0.25951E+04   0.36819E+01   0.52944E+22
   0.71458E+04   0.25956E+04   0.36824E+01   0.52951E+22
   0.71471E+04   0.25960E+04   0.36829E+01   0.52958E+22
   0.71484E+04   0.25965E+04   0.36834E+01   0.52965E+22
   0.71497E+04   0.25970E+04   0.36839E+01   0.52972E+22
   0.71510E+04   0.25975E+04   0.36844E+01   0.52979E+22
   0.71524E+04   0.25980E+04   0.36849E+01   0.52986E+22
   0.71537E+04   0.25985E+04   0.36854E+01   0.52993E+22
   0.71550E+04   0.25990E+04   0.36859E+01   0.53000E+22
   0.71563E+04   0.25994E+04   0.36864E+01   0.53008E+22
   0.71577E+04   0.25999E+04   0.36869E+01   0.53015E+22
   0.71590E+04   0.26004E+04   0.36874E+01   0.53022E+22
   0.71603E+04   0.26009E+04   0.36879E+01   0.53029E+22
   0.71616E+04   0.26014E+04   0.36884E+01   0.53036E+22
   0.71630E+04   0.26019E+04   0.36889E+01   0.53043E+22
   0.71643E+04   0.26023E+04   0.36894E+01   0.53050E+22
   0.71656E+04   0.26028E+04   0.36899E+01   0.53057E+22
   0.71669E+04   0.26033E+04   0.36904E+01   0.53064E+22
   0.71683E+04   0.26038E+04   0.36909E+01   0.53071E+22
   0.71696E+04   0.26043E+04   0.36914E+01   0.53078E+22
   0.71709E+04   0.26048E+04   0.36919E+01   0.53085E+22
   0.71722E+04   0.26052E+04   0.36924E+01   0.53092E+22
   0.71735E+04   0.26057E+04   0.36929E+01   0.53099E+22
   0.71749E+04   0.26062E+04   0.36934E+01   0.53106E+22
   0.71762E+04   0.26067E+04   0.36939E+01   0.53113E+22
   0.71775E+04   0.26072E+04   0.36944E+01   0.53120E+22
   0.71788E+04   0.26077E+04   0.36949E+01   0.53127E+22
   0.71802E+04   0.26082E+04   0.36954E+01   0.53134E+22
   0.71815E+04   0.26086E+04   0.36959E+01   0.53141E+22
   0.71828E+04   0.26091E+04   0.36964E+01   0.53148E+22
   0.71841E+04   0.26096E+04   0.36969E+01   0.53155E+22
   0.71855E+04   0.26101E+04   0.36974E+01   0.53162E+22
   0.71868E+04   0.26106E+04   0.36979E+01   0.53169E+22
   0.71881E+04   0.26111E+04   0.36984E+01   0.53176E+22
   0.71894E+04   0.26115E+04   0.36989E+01   0.53183E+22
   0.71908E+04   0.26120E+04   0.36994E+01   0.53190E+22
   0.71921E+04   0.26125E+04   0.36999E+01   0.53197E+22
   0.71934E+04   0.26130E+04   0.37004E+01   0.53204E+22
   0.71947E+04   0.26135E+04   0.37009E+01   0.53211E+22
   0.71961E+04   0.26140E+04   0.37014E+01   0.53218E+22
   0.71974E+04   0.26145E+04   0.37019E+01   0.53225E+22
   0.71987E+04   0.26149E+04   0.37024E+01   0.53232E+22
   0.72000E+04   0.26154E+04   0.37029E+01   0.53240E+22
   0.72014E+04   0.26159E+04   0.37034E+01   0.53247E+22
   0.72027E+04   0.26164E+04   0.37039E+01   0.53254E+22
   0.72040E+04   0.26169E+04   0.37044E+01   0.53261E+22
   0.72053E+04   0.26174E+04   0.37049E+01   0.53268E+22
   0.72067E+04   0.26179E+04   0.37054E+01   0.53275E+22
   0.72080E+04   0.26183E+04   0.37059E+01   0.53282E+22
   0.72093E+04   0.26188E+04   0.37064E+01   0.53289E+22
   0.72106E+04   0.26193E+04   0.37069E+01   0.53296E+22
   0.72120E+04   0.26198E+04   0.37074E+01   0.53303E+22
   0.72133E+04   0.26203E+04   0.37079E+01   0.53310E+22
   0.72146E+04   0.26208E+04   0.37084E+01   0.53317E+22
   0.72160E+04   0.26212E+04   0.37089E+01   0.53324E+22
   0.72173E+04   0.26217E+04   0.37094E+01   0.53331E+22
   0.72186E+04   0.26222E+04   0.37099E+01   0.53338E+22
   0.72199E+04   0.26227E+04   0.37104E+01   0.53345E+22
   0.72213E+04   0.26232E+04   0.37109E+01   0.53352E+22
   0.72226E+04   0.26237E+04   0.37114E+01   0.53359E+22
   0.72239E+04   0.26242E+04   0.37119E+01   0.53366E+22
   0.72252E+04   0.26246E+04   0.37124E+01   0.53373E+22
   0.72266E+04   0.26251E+04   0.37129E+01   0.53380E+22
   0.72279E+04   0.26256E+04   0.37134E+01   0.53387E+22
   0.72292E+04   0.26261E+04   0.37139E+01   0.53394E+22
   0.72305E+04   0.26266E+04   0.37144E+01   0.53401E+22
   0.72319E+04   0.26271E+04   0.37149E+01   0.53408E+22
   0.72332E+04   0.26276E+04   0.37154E+01   0.53415E+22
   0.72345E+04   0.26280E+04   0.37159E+01   0.53422E+22
   0.72359E+04   0.26285E+04   0.37164E+01   0.53429E+22
   0.72372E+04   0.26290E+04   0.37169E+01   0.53436E+22
   0.72385E+04   0.26295E+04   0.37174E+01   0.53443E+22
   0.72398E+04   0.26300E+04   0.37179E+01   0.53450E+22
   0.72412E+04   0.26305E+04   0.37184E+01   0.53457E+22
   0.72425E+04   0.26310E+04   0.37189E+01   0.53464E+22
   0.72438E+04   0.26314E+04   0.37194E+01   0.53472E+22
   0.72451E+04   0.26319E+04   0.37199E+01   0.53479E+22
   0.72465E+04   0.26324E+04   0.37204E+01   0.53486E+22
   0.72478E+04   0.26329E+04   0.37209E+01   0.53493E+22
   0.72491E+04   0.26334E+04   0.37214E+01   0.53500E+22
   0.72505E+04   0.26339E+04   0.37219E+01   0.53507E+22
   0.72518E+04   0.26344E+04   0.37224E+01   0.53514E+22
   0.72531E+04   0.26348E+04   0.37229E+01   0.53521E+22
   0.72544E+04   0.26353E+04   0.37234E+01   0.53528E+22
   0.72558E+04   0.26358E+04   0.37239E+01   0.53535E+22
   0.72571E+04   0.26363E+04   0.37244E+01   0.53542E+22
   0.72584E+04   0.26368E+04   0.37249E+01   0.53549E+22
   0.72597E+04   0.26373E+04   0.37254E+01   0.53556E+22
   0.72611E+04   0.26378E+04   0.37259E+01   0.53563E+22
   0.72624E+04   0.26382E+04   0.37264E+01   0.53570E+22
   0.72637E+04   0.26387E+04   0.37269E+01   0.53577E+22
   0.72651E+04   0.26392E+04   0.37274E+01   0.53584E+22
   0.72664E+04   0.26397E+04   0.37279E+01   0.53591E+22
   0.72677E+04   0.26402E+04   0.37284E+01   0.53598E+22
   0.72690E+04   0.26407E+04   0.37289E+01   0.53605E+22
   0.72704E+04   0.26412E+04   0.37294E+01   0.53612E+22
   0.72717E+04   0.26416E+04   0.37299E+01   0.53619E+22
   0.72730E+04   0.26421E+04   0.37304E+01   0.53626E+22
   0.72744E+04   0.26426E+04   0.37309E+01   0.53633E+22
   0.72757E+04   0.26431E+04   0.37314E+01   0.53640E+22
   0.72770E+04   0.26436E+04   0.37319E+01   0.53647E+22
   0.72784E+04   0.26441E+04   0.37324E+01   0.53654E+22
   0.72797E+04   0.26446E+04   0.37329E+01   0.53661E+22
   0.72810E+04   0.26450E+04   0.37334E+01   0.53668E+22
   0.72823E+04   0.26455E+04   0.37339E+01   0.53675E+22
   0.72837E+04   0.26460E+04   0.37344E+01   0.53682E+22
   0.72850E+04   0.26465E+04   0.37349E+01   0.53689E+22
   0.72863E+04   0.26470E+04   0.37354E+01   0.53697E+22
   0.72877E+04   0.26475E+04   0.37359E+01   0.53704E+22
   0.72890E+04   0.26480E+04   0.37364E+01   0.53711E+22
   0.72903E+04   0.26485E+04   0.37369E+01   0.53718E+22
   0.72916E+04   0.26489E+04   0.37374E+01   0.53725E+22
   0.72930E+04   0.26494E+04   0.37379E+01   0.53732E+22
   0.72943E+04   0.26499E+04   0.37384E+01   0.53739E+22
   0.72956E+04   0.26504E+04   0.37389E+01   0.53746E+22
   0.72970E+04   0.26509E+04   0.37394E+01   0.53753E+22
   0.72983E+04   0.26514E+04   0.37399E+01   0.53760E+22
   0.72996E+04   0.26519E+04   0.37404E+01   0.53767E+22
   0.73010E+04   0.26523E+04   0.37409E+01   0.53774E+22
   0.73023E+04   0.26528E+04   0.37414E+01   0.53781E+22
   0.73036E+04   0.26533E+04   0.37419E+01   0.53788E+22
   0.73049E+04   0.26538E+04   0.37424E+01   0.53795E+22
   0.73063E+04   0.26543E+04   0.37429E+01   0.53802E+22
   0.73076E+04   0.26548E+04   0.37434E+01   0.53809E+22
   0.73089E+04   0.26553E+04   0.37439E+01   0.53816E+22
   0.73103E+04   0.26558E+04   0.37444E+01   0.53823E+22
   0.73116E+04   0.26562E+04   0.37449E+01   0.53830E+22
   0.73129E+04   0.26567E+04   0.37454E+01   0.53837E+22
   0.73143E+04   0.26572E+04   0.37459E+01   0.53844E+22
   0.73156E+04   0.26577E+04   0.37464E+01   0.53851E+22
   0.73169E+04   0.26582E+04   0.37469E+01   0.53858E+22
   0.73183E+04   0.26587E+04   0.37474E+01   0.53865E+22
   0.73196E+04   0.26592E+04   0.37479E+01   0.53872E+22
   0.73209E+04   0.26596E+04   0.37484E+01   0.53879E+22
   0.73223E+04   0.26601E+04   0.37489E+01   0.53886E+22
   0.73236E+04   0.26606E+04   0.37494E+01   0.53893E+22
   0.73249E+04   0.26611E+04   0.37499E+01   0.53900E+22
   0.73262E+04   0.26616E+04   0.37504E+01   0.53907E+22
   0.73276E+04   0.26621E+04   0.37509E+01   0.53914E+22
   0.73289E+04   0.26626E+04   0.37514E+01   0.53922E+22
   0.73302E+04   0.26631E+04   0.37519E+01   0.53929E+22
   0.73316E+04   0.26635E+04   0.37524E+01   0.53936E+22
   0.73329E+04   0.26640E+04   0.37529E+01   0.53943E+22
   0.73342E+04   0.26645E+04   0.37534E+01   0.53950E+22
   0.73356E+04   0.26650E+04   0.37539E+01   0.53957E+22
   0.73369E+04   0.26655E+04   0.37544E+01   0.53964E+22
   0.73382E+04   0.26660E+04   0.37549E+01   0.53971E+22
   0.73396E+04   0.26665E+04   0.37554E+01   0.53978E+22
   0.73409E+04   0.26669E+04   0.37559E+01   0.53985E+22
   0.73422E+04   0.26674E+04   0.37564E+01   0.53992E+22
   0.73436E+04   0.26679E+04   0.37569E+01   0.53999E+22
   0.73449E+04   0.26684E+04   0.37574E+01   0.54006E+22
   0.73462E+04   0.26689E+04   0.37579E+01   0.54013E+22
   0.73476E+04   0.26694E+04   0.37584E+01   0.54020E+22
   0.73489E+04   0.26699E+04   0.37589E+01   0.54027E+22
   0.73502E+04   0.26704E+04   0.37594E+01   0.54034E+22
   0.73516E+04   0.26708E+04   0.37599E+01   0.54041E+22
   0.73529E+04   0.26713E+04   0.37604E+01   0.54048E+22
   0.73542E+04   0.26718E+04   0.37609E+01   0.54055E+22
   0.73556E+04   0.26723E+04   0.37614E+01   0.54062E+22
   0.73569E+04   0.26728E+04   0.37619E+01   0.54069E+22
   0.73582E+04   0.26733E+04   0.37624E+01   0.54076E+22
   0.73596E+04   0.26738E+04   0.37629E+01   0.54083E+22
   0.73609E+04   0.26743E+04   0.37634E+01   0.54090E+22
   0.73622E+04   0.26747E+04   0.37639E+01   0.54097E+22
   0.73636E+04   0.26752E+04   0.37644E+01   0.54104E+22
   0.73649E+04   0.26757E+04   0.37649E+01   0.54111E+22
   0.73662E+04   0.26762E+04   0.37654E+01   0.54118E+22
   0.73676E+04   0.26767E+04   0.37659E+01   0.54125E+22
   0.73689E+04   0.26772E+04   0.37664E+01   0.54132E+22
   0.73702E+04   0.26777E+04   0.37669E+01   0.54140E+22
   0.73716E+04   0.26782E+04   0.37674E+01   0.54147E+22
   0.73729E+04   0.26786E+04   0.37679E+01   0.54154E+22
   0.73742E+04   0.26791E+04   0.37684E+01   0.54161E+22
   0.73756E+04   0.26796E+04   0.37689E+01   0.54168E+22
   0.73769E+04   0.26801E+04   0.37694E+01   0.54175E+22
   0.73782E+04   0.26806E+04   0.37699E+01   0.54182E+22
   0.73796E+04   0.26811E+04   0.37704E+01   0.54189E+22
   0.73809E+04   0.26816E+04   0.37709E+01   0.54196E+22
   0.73822E+04   0.26821E+04   0.37714E+01   0.54203E+22
   0.73836E+04   0.26825E+04   0.37719E+01   0.54210E+22
   0.73849E+04   0.26830E+04   0.37724E+01   0.54217E+22
   0.73862E+04   0.26835E+04   0.37729E+01   0.54224E+22
   0.73876E+04   0.26840E+04   0.37734E+01   0.54231E+22
   0.73889E+04   0.26845E+04   0.37739E+01   0.54238E+22
   0.73902E+04   0.26850E+04   0.37744E+01   0.54245E+22
   0.73916E+04   0.26855E+04   0.37749E+01   0.54252E+22
   0.73929E+04   0.26860E+04   0.37754E+01   0.54259E+22
   0.73942E+04   0.26864E+04   0.37759E+01   0.54266E+22
   0.73956E+04   0.26869E+04   0.37764E+01   0.54273E+22
   0.73969E+04   0.26874E+04   0.37769E+01   0.54280E+22
   0.73982E+04   0.26879E+04   0.37774E+01   0.54287E+22
   0.73996E+04   0.26884E+04   0.37779E+01   0.54294E+22
   0.74009E+04   0.26889E+04   0.37784E+01   0.54301E+22
   0.74023E+04   0.26894E+04   0.37789E+01   0.54308E+22
   0.74036E+04   0.26899E+04   0.37794E+01   0.54315E+22
   0.74049E+04   0.26904E+04   0.37799E+01   0.54322E+22
   0.74063E+04   0.26908E+04   0.37804E+01   0.54329E+22
   0.74076E+04   0.26913E+04   0.37809E+01   0.54336E+22
   0.74089E+04   0.26918E+04   0.37814E+01   0.54343E+22
   0.74103E+04   0.26923E+04   0.37819E+01   0.54350E+22
   0.74116E+04   0.26928E+04   0.37824E+01   0.54357E+22
   0.74129E+04   0.26933E+04   0.37829E+01   0.54365E+22
   0.74143E+04   0.26938E+04   0.37834E+01   0.54372E+22
   0.74156E+04   0.26943E+04   0.37839E+01   0.54379E+22
   0.74169E+04   0.26947E+04   0.37844E+01   0.54386E+22
   0.74183E+04   0.26952E+04   0.37849E+01   0.54393E+22
   0.74196E+04   0.26957E+04   0.37854E+01   0.54400E+22
   0.74210E+04   0.26962E+04   0.37859E+01   0.54407E+22
   0.74223E+04   0.26967E+04   0.37864E+01   0.54414E+22
   0.74236E+04   0.26972E+04   0.37869E+01   0.54421E+22
   0.74250E+04   0.26977E+04   0.37874E+01   0.54428E+22
   0.74263E+04   0.26982E+04   0.37879E+01   0.54435E+22
   0.74276E+04   0.26987E+04   0.37884E+01   0.54442E+22
   0.74290E+04   0.26991E+04   0.37889E+01   0.54449E+22
   0.74303E+04   0.26996E+04   0.37894E+01   0.54456E+22
   0.74316E+04   0.27001E+04   0.37899E+01   0.54463E+22
   0.74330E+04   0.27006E+04   0.37904E+01   0.54470E+22
   0.74343E+04   0.27011E+04   0.37909E+01   0.54477E+22
   0.74357E+04   0.27016E+04   0.37914E+01   0.54484E+22
   0.74370E+04   0.27021E+04   0.37919E+01   0.54491E+22
   0.74383E+04   0.27026E+04   0.37924E+01   0.54498E+22
   0.74397E+04   0.27030E+04   0.37929E+01   0.54505E+22
   0.74410E+04   0.27035E+04   0.37934E+01   0.54512E+22
   0.74423E+04   0.27040E+04   0.37939E+01   0.54519E+22
   0.74437E+04   0.27045E+04   0.37944E+01   0.54526E+22
   0.74450E+04   0.27050E+04   0.37949E+01   0.54533E+22
   0.74463E+04   0.27055E+04   0.37954E+01   0.54540E+22
   0.74477E+04   0.27060E+04   0.37959E+01   0.54547E+22
   0.74490E+04   0.27065E+04   0.37964E+01   0.54554E+22
   0.74504E+04   0.27070E+04   0.37969E+01   0.54561E+22
   0.74517E+04   0.27074E+04   0.37974E+01   0.54568E+22
   0.74530E+04   0.27079E+04   0.37979E+01   0.54575E+22
   0.74544E+04   0.27084E+04   0.37984E+01   0.54583E+22
   0.74557E+04   0.27089E+04   0.37989E+01   0.54590E+22
   0.74571E+04   0.27094E+04   0.37994E+01   0.54597E+22
   0.74584E+04   0.27099E+04   0.37999E+01   0.54604E+22
   0.74597E+04   0.27104E+04   0.38004E+01   0.54611E+22
   0.74611E+04   0.27109E+04   0.38009E+01   0.54618E+22
   0.74624E+04   0.27114E+04   0.38014E+01   0.54625E+22
   0.74637E+04   0.27118E+04   0.38019E+01   0.54632E+22
   0.74651E+04   0.27123E+04   0.38024E+01   0.54639E+22
   0.74664E+04   0.27128E+04   0.38029E+01   0.54646E+22
   0.74678E+04   0.27133E+04   0.38034E+01   0.54653E+22
   0.74691E+04   0.27138E+04   0.38039E+01   0.54660E+22
   0.74704E+04   0.27143E+04   0.38044E+01   0.54667E+22
   0.74718E+04   0.27148E+04   0.38049E+01   0.54674E+22
   0.74731E+04   0.27153E+04   0.38054E+01   0.54681E+22
   0.74744E+04   0.27158E+04   0.38059E+01   0.54688E+22
   0.74758E+04   0.27162E+04   0.38064E+01   0.54695E+22
   0.74771E+04   0.27167E+04   0.38069E+01   0.54702E+22
   0.74785E+04   0.27172E+04   0.38074E+01   0.54709E+22
   0.74798E+04   0.27177E+04   0.38079E+01   0.54716E+22
   0.74811E+04   0.27182E+04   0.38084E+01   0.54723E+22
   0.74825E+04   0.27187E+04   0.38089E+01   0.54730E+22
   0.74838E+04   0.27192E+04   0.38094E+01   0.54737E+22
   0.74852E+04   0.27197E+04   0.38099E+01   0.54744E+22
   0.74865E+04   0.27202E+04   0.38104E+01   0.54751E+22
   0.74878E+04   0.27207E+04   0.38109E+01   0.54758E+22
   0.74892E+04   0.27211E+04   0.38114E+01   0.54765E+22
   0.74905E+04   0.27216E+04   0.38119E+01   0.54772E+22
   0.74919E+04   0.27221E+04   0.38124E+01   0.54779E+22
   0.74932E+04   0.27226E+04   0.38129E+01   0.54786E+22
   0.74945E+04   0.27231E+04   0.38134E+01   0.54793E+22
   0.74959E+04   0.27236E+04   0.38139E+01   0.54801E+22
   0.74972E+04   0.27241E+04   0.38144E+01   0.54808E+22
   0.74986E+04   0.27246E+04   0.38149E+01   0.54815E+22
   0.74999E+04   0.27251E+04   0.38154E+01   0.54822E+22
   0.75012E+04   0.27255E+04   0.38159E+01   0.54829E+22
   0.75026E+04   0.27260E+04   0.38164E+01   0.54836E+22
   0.75039E+04   0.27265E+04   0.38169E+01   0.54843E+22
   0.75053E+04   0.27270E+04   0.38174E+01   0.54850E+22
   0.75066E+04   0.27275E+04   0.38179E+01   0.54857E+22
   0.75079E+04   0.27280E+04   0.38184E+01   0.54864E+22
   0.75093E+04   0.27285E+04   0.38189E+01   0.54871E+22
   0.75106E+04   0.27290E+04   0.38194E+01   0.54878E+22
   0.75120E+04   0.27295E+04   0.38199E+01   0.54885E+22
   0.75133E+04   0.27300E+04   0.38204E+01   0.54892E+22
   0.75146E+04   0.27304E+04   0.38209E+01   0.54899E+22
   0.75160E+04   0.27309E+04   0.38214E+01   0.54906E+22
   0.75173E+04   0.27314E+04   0.38219E+01   0.54913E+22
   0.75187E+04   0.27319E+04   0.38224E+01   0.54920E+22
   0.75200E+04   0.27324E+04   0.38229E+01   0.54927E+22
   0.75213E+04   0.27329E+04   0.38234E+01   0.54934E+22
   0.75227E+04   0.27334E+04   0.38239E+01   0.54941E+22
   0.75240E+04   0.27339E+04   0.38244E+01   0.54948E+22
   0.75254E+04   0.27344E+04   0.38249E+01   0.54955E+22
   0.75267E+04   0.27348E+04   0.38254E+01   0.54962E+22
   0.75280E+04   0.27353E+04   0.38259E+01   0.54969E+22
   0.75294E+04   0.27358E+04   0.38264E+01   0.54976E+22
   0.75307E+04   0.27363E+04   0.38269E+01   0.54983E+22
   0.75321E+04   0.27368E+04   0.38274E+01   0.54990E+22
   0.75334E+04   0.27373E+04   0.38279E+01   0.54997E+22
   0.75348E+04   0.27378E+04   0.38284E+01   0.55004E+22
   0.75361E+04   0.27383E+04   0.38289E+01   0.55012E+22
   0.75374E+04   0.27388E+04   0.38294E+01   0.55019E+22
   0.75388E+04   0.27393E+04   0.38299E+01   0.55026E+22
   0.75401E+04   0.27397E+04   0.38304E+01   0.55033E+22
   0.75415E+04   0.27402E+04   0.38309E+01   0.55040E+22
   0.75428E+04   0.27407E+04   0.38314E+01   0.55047E+22
   0.75441E+04   0.27412E+04   0.38319E+01   0.55054E+22
   0.75455E+04   0.27417E+04   0.38324E+01   0.55061E+22
   0.75468E+04   0.27422E+04   0.38329E+01   0.55068E+22
   0.75482E+04   0.27427E+04   0.38334E+01   0.55075E+22
   0.75495E+04   0.27432E+04   0.38339E+01   0.55082E+22
   0.75509E+04   0.27437E+04   0.38344E+01   0.55089E+22
   0.75522E+04   0.27442E+04   0.38349E+01   0.55096E+22
   0.75535E+04   0.27447E+04   0.38354E+01   0.55103E+22
   0.75549E+04   0.27451E+04   0.38359E+01   0.55110E+22
   0.75562E+04   0.27456E+04   0.38364E+01   0.55117E+22
   0.75576E+04   0.27461E+04   0.38369E+01   0.55124E+22
   0.75589E+04   0.27466E+04   0.38374E+01   0.55131E+22
   0.75603E+04   0.27471E+04   0.38379E+01   0.55138E+22
   0.75616E+04   0.27476E+04   0.38384E+01   0.55145E+22
   0.75629E+04   0.27481E+04   0.38389E+01   0.55152E+22
   0.75643E+04   0.27486E+04   0.38394E+01   0.55159E+22
   0.75656E+04   0.27491E+04   0.38399E+01   0.55166E+22
   0.75670E+04   0.27496E+04   0.38404E+01   0.55173E+22
   0.75683E+04   0.27500E+04   0.38409E+01   0.55180E+22
   0.75697E+04   0.27505E+04   0.38414E+01   0.55187E+22
   0.75710E+04   0.27510E+04   0.38419E+01   0.55194E+22
   0.75723E+04   0.27515E+04   0.38424E+01   0.55201E+22
   0.75737E+04   0.27520E+04   0.38429E+01   0.55208E+22
   0.75750E+04   0.27525E+04   0.38434E+01   0.55215E+22
   0.75764E+04   0.27530E+04   0.38439E+01   0.55222E+22
   0.75777E+04   0.27535E+04   0.38444E+01   0.55230E+22
   0.75791E+04   0.27540E+04   0.38449E+01   0.55237E+22
   0.75804E+04   0.27545E+04   0.38454E+01   0.55244E+22
   0.75818E+04   0.27550E+04   0.38459E+01   0.55251E+22
   0.75831E+04   0.27554E+04   0.38464E+01   0.55258E+22
   0.75844E+04   0.27559E+04   0.38469E+01   0.55265E+22
   0.75858E+04   0.27564E+04   0.38474E+01   0.55272E+22
   0.75871E+04   0.27569E+04   0.38479E+01   0.55279E+22
   0.75885E+04   0.27574E+04   0.38484E+01   0.55286E+22
   0.75898E+04   0.27579E+04   0.38489E+01   0.55293E+22
   0.75912E+04   0.27584E+04   0.38494E+01   0.55300E+22
   0.75925E+04   0.27589E+04   0.38499E+01   0.55307E+22
   0.75938E+04   0.27594E+04   0.38504E+01   0.55314E+22
   0.75952E+04   0.27599E+04   0.38509E+01   0.55321E+22
   0.75965E+04   0.27604E+04   0.38514E+01   0.55328E+22
   0.75979E+04   0.27608E+04   0.38519E+01   0.55335E+22
   0.75992E+04   0.27613E+04   0.38524E+01   0.55342E+22
   0.76006E+04   0.27618E+04   0.38529E+01   0.55349E+22
   0.76019E+04   0.27623E+04   0.38534E+01   0.55356E+22
   0.76033E+04   0.27628E+04   0.38539E+01   0.55363E+22
   0.76046E+04   0.27633E+04   0.38544E+01   0.55370E+22
   0.76060E+04   0.27638E+04   0.38549E+01   0.55377E+22
   0.76073E+04   0.27643E+04   0.38554E+01   0.55384E+22
   0.76086E+04   0.27648E+04   0.38559E+01   0.55391E+22
   0.76100E+04   0.27653E+04   0.38564E+01   0.55398E+22
   0.76113E+04   0.27658E+04   0.38569E+01   0.55405E+22
   0.76127E+04   0.27662E+04   0.38574E+01   0.55412E+22
   0.76140E+04   0.27667E+04   0.38579E+01   0.55419E+22
   0.76154E+04   0.27672E+04   0.38584E+01   0.55426E+22
   0.76167E+04   0.27677E+04   0.38589E+01   0.55433E+22
   0.76181E+04   0.27682E+04   0.38594E+01   0.55441E+22
   0.76194E+04   0.27687E+04   0.38599E+01   0.55448E+22
   0.76208E+04   0.27692E+04   0.38604E+01   0.55455E+22
   0.76221E+04   0.27697E+04   0.38609E+01   0.55462E+22
   0.76234E+04   0.27702E+04   0.38614E+01   0.55469E+22
   0.76248E+04   0.27707E+04   0.38619E+01   0.55476E+22
   0.76261E+04   0.27712E+04   0.38624E+01   0.55483E+22
   0.76275E+04   0.27716E+04   0.38629E+01   0.55490E+22
   0.76288E+04   0.27721E+04   0.38634E+01   0.55497E+22
   0.76302E+04   0.27726E+04   0.38639E+01   0.55504E+22
   0.76315E+04   0.27731E+04   0.38644E+01   0.55511E+22
   0.76329E+04   0.27736E+04   0.38649E+01   0.55518E+22
   0.76342E+04   0.27741E+04   0.38654E+01   0.55525E+22
   0.76356E+04   0.27746E+04   0.38659E+01   0.55532E+22
   0.76369E+04   0.27751E+04   0.38664E+01   0.55539E+22
   0.76382E+04   0.27756E+04   0.38669E+01   0.55546E+22
   0.76396E+04   0.27761E+04   0.38674E+01   0.55553E+22
   0.76409E+04   0.27766E+04   0.38679E+01   0.55560E+22
   0.76423E+04   0.27771E+04   0.38684E+01   0.55567E+22
   0.76436E+04   0.27775E+04   0.38689E+01   0.55574E+22
   0.76450E+04   0.27780E+04   0.38694E+01   0.55581E+22
   0.76463E+04   0.27785E+04   0.38699E+01   0.55588E+22
   0.76477E+04   0.27790E+04   0.38704E+01   0.55595E+22
   0.76490E+04   0.27795E+04   0.38709E+01   0.55602E+22
   0.76504E+04   0.27800E+04   0.38714E+01   0.55609E+22
   0.76517E+04   0.27805E+04   0.38719E+01   0.55616E+22
   0.76531E+04   0.27810E+04   0.38724E+01   0.55623E+22
   0.76544E+04   0.27815E+04   0.38729E+01   0.55630E+22
   0.76558E+04   0.27820E+04   0.38734E+01   0.55637E+22
   0.76571E+04   0.27825E+04   0.38739E+01   0.55644E+22
   0.76585E+04   0.27830E+04   0.38744E+01   0.55652E+22
   0.76598E+04   0.27834E+04   0.38749E+01   0.55659E+22
   0.76612E+04   0.27839E+04   0.38754E+01   0.55666E+22
   0.76625E+04   0.27844E+04   0.38759E+01   0.55673E+22
   0.76638E+04   0.27849E+04   0.38764E+01   0.55680E+22
   0.76652E+04   0.27854E+04   0.38769E+01   0.55687E+22
   0.76665E+04   0.27859E+04   0.38774E+01   0.55694E+22
   0.76679E+04   0.27864E+04   0.38779E+01   0.55701E+22
   0.76692E+04   0.27869E+04   0.38784E+01   0.55708E+22
   0.76706E+04   0.27874E+04   0.38789E+01   0.55715E+22
   0.76719E+04   0.27879E+04   0.38794E+01   0.55722E+22
   0.76733E+04   0.27884E+04   0.38799E+01   0.55729E+22
   0.76746E+04   0.27889E+04   0.38804E+01   0.55736E+22
   0.76760E+04   0.27893E+04   0.38809E+01   0.55743E+22
   0.76773E+04   0.27898E+04   0.38814E+01   0.55750E+22
   0.76787E+04   0.27903E+04   0.38819E+01   0.55757E+22
   0.76800E+04   0.27908E+04   0.38824E+01   0.55764E+22
   0.76814E+04   0.27913E+04   0.38829E+01   0.55771E+22
   0.76827E+04   0.27918E+04   0.38834E+01   0.55778E+22
   0.76841E+04   0.27923E+04   0.38839E+01   0.55785E+22
   0.76854E+04   0.27928E+04   0.38844E+01   0.55792E+22
   0.76868E+04   0.27933E+04   0.38849E+01   0.55799E+22
   0.76881E+04   0.27938E+04   0.38854E+01   0.55806E+22
   0.76895E+04   0.27943E+04   0.38859E+01   0.55813E+22
   0.76908E+04   0.27948E+04   0.38864E+01   0.55820E+22
   0.76922E+04   0.27953E+04   0.38869E+01   0.55827E+22
   0.76935E+04   0.27957E+04   0.38874E+01   0.55834E+22
   0.76949E+04   0.27962E+04   0.38879E+01   0.55841E+22
   0.76962E+04   0.27967E+04   0.38884E+01   0.55848E+22
   0.76976E+04   0.27972E+04   0.38889E+01   0.55855E+22
   0.76989E+04   0.27977E+04   0.38894E+01   0.55863E+22
   0.77003E+04   0.27982E+04   0.38899E+01   0.55870E+22
   0.77016E+04   0.27987E+04   0.38904E+01   0.55877E+22
   0.77030E+04   0.27992E+04   0.38909E+01   0.55884E+22
   0.77043E+04   0.27997E+04   0.38914E+01   0.55891E+22
   0.77057E+04   0.28002E+04   0.38919E+01   0.55898E+22
   0.77070E+04   0.28007E+04   0.38924E+01   0.55905E+22
   0.77084E+04   0.28012E+04   0.38929E+01   0.55912E+22
   0.77097E+04   0.28017E+04   0.38934E+01   0.55919E+22
   0.77111E+04   0.28021E+04   0.38939E+01   0.55926E+22
   0.77124E+04   0.28026E+04   0.38944E+01   0.55933E+22
   0.77138E+04   0.28031E+04   0.38949E+01   0.55940E+22
   0.77151E+04   0.28036E+04   0.38954E+01   0.55947E+22
   0.77165E+04   0.28041E+04   0.38959E+01   0.55954E+22
   0.77178E+04   0.28046E+04   0.38964E+01   0.55961E+22
   0.77192E+04   0.28051E+04   0.38969E+01   0.55968E+22
   0.77205E+04   0.28056E+04   0.38974E+01   0.55975E+22
   0.77219E+04   0.28061E+04   0.38979E+01   0.55982E+22
   0.77232E+04   0.28066E+04   0.38984E+01   0.55989E+22
   0.77246E+04   0.28071E+04   0.38989E+01   0.55996E+22
   0.77259E+04   0.28076E+04   0.38994E+01   0.56003E+22
   0.77273E+04   0.28081E+04   0.38999E+01   0.56010E+22
   0.77286E+04   0.28086E+04   0.39004E+01   0.56017E+22
   0.77300E+04   0.28090E+04   0.39009E+01   0.56024E+22
   0.77313E+04   0.28095E+04   0.39014E+01   0.56031E+22
   0.77327E+04   0.28100E+04   0.39019E+01   0.56038E+22
   0.77340E+04   0.28105E+04   0.39024E+01   0.56045E+22
   0.77354E+04   0.28110E+04   0.39029E+01   0.56052E+22
   0.77367E+04   0.28115E+04   0.39034E+01   0.56059E+22
   0.77381E+04   0.28120E+04   0.39039E+01   0.56067E+22
   0.77394E+04   0.28125E+04   0.39044E+01   0.56074E+22
   0.77408E+04   0.28130E+04   0.39049E+01   0.56081E+22
   0.77421E+04   0.28135E+04   0.39054E+01   0.56088E+22
   0.77435E+04   0.28140E+04   0.39059E+01   0.56095E+22
   0.77448E+04   0.28145E+04   0.39064E+01   0.56102E+22
   0.77462E+04   0.28150E+04   0.39069E+01   0.56109E+22
   0.77475E+04   0.28155E+04   0.39074E+01   0.56116E+22
   0.77489E+04   0.28159E+04   0.39079E+01   0.56123E+22
   0.77502E+04   0.28164E+04   0.39084E+01   0.56130E+22
   0.77516E+04   0.28169E+04   0.39089E+01   0.56137E+22
   0.77529E+04   0.28174E+04   0.39094E+01   0.56144E+22
   0.77543E+04   0.28179E+04   0.39099E+01   0.56151E+22
   0.77556E+04   0.28184E+04   0.39104E+01   0.56158E+22
   0.77570E+04   0.28189E+04   0.39109E+01   0.56165E+22
   0.77583E+04   0.28194E+04   0.39114E+01   0.56172E+22
   0.77597E+04   0.28199E+04   0.39119E+01   0.56179E+22
   0.77610E+04   0.28204E+04   0.39124E+01   0.56186E+22
   0.77624E+04   0.28209E+04   0.39129E+01   0.56193E+22
   0.77638E+04   0.28214E+04   0.39134E+01   0.56200E+22
   0.77651E+04   0.28219E+04   0.39139E+01   0.56207E+22
   0.77665E+04   0.28224E+04   0.39144E+01   0.56214E+22
   0.77678E+04   0.28229E+04   0.39149E+01   0.56221E+22
   0.77692E+04   0.28233E+04   0.39154E+01   0.56228E+22
   0.77705E+04   0.28238E+04   0.39159E+01   0.56235E+22
   0.77719E+04   0.28243E+04   0.39164E+01   0.56242E+22
   0.77732E+04   0.28248E+04   0.39169E+01   0.56249E+22
   0.77746E+04   0.28253E+04   0.39174E+01   0.56256E+22
   0.77759E+04   0.28258E+04   0.39179E+01   0.56263E+22
   0.77773E+04   0.28263E+04   0.39184E+01   0.56271E+22
   0.77786E+04   0.28268E+04   0.39189E+01   0.56278E+22
   0.77800E+04   0.28273E+04   0.39194E+01   0.56285E+22
   0.77813E+04   0.28278E+04   0.39199E+01   0.56292E+22
   0.77827E+04   0.28283E+04   0.39204E+01   0.56299E+22
   0.77840E+04   0.28288E+04   0.39209E+01   0.56306E+22
   0.77854E+04   0.28293E+04   0.39214E+01   0.56313E+22
   0.77868E+04   0.28298E+04   0.39219E+01   0.56320E+22
   0.77881E+04   0.28303E+04   0.39224E+01   0.56327E+22
   0.77895E+04   0.28308E+04   0.39229E+01   0.56334E+22
   0.77908E+04   0.28312E+04   0.39234E+01   0.56341E+22
   0.77922E+04   0.28317E+04   0.39239E+01   0.56348E+22
   0.77935E+04   0.28322E+04   0.39244E+01   0.56355E+22
   0.77949E+04   0.28327E+04   0.39249E+01   0.56362E+22
   0.77962E+04   0.28332E+04   0.39254E+01   0.56369E+22
   0.77976E+04   0.28337E+04   0.39259E+01   0.56376E+22
   0.77989E+04   0.28342E+04   0.39264E+01   0.56383E+22
   0.78003E+04   0.28347E+04   0.39269E+01   0.56390E+22
   0.78016E+04   0.28352E+04   0.39274E+01   0.56397E+22
   0.78030E+04   0.28357E+04   0.39279E+01   0.56404E+22
   0.78044E+04   0.28362E+04   0.39284E+01   0.56411E+22
   0.78057E+04   0.28367E+04   0.39289E+01   0.56418E+22
   0.78071E+04   0.28372E+04   0.39294E+01   0.56425E+22
   0.78084E+04   0.28377E+04   0.39299E+01   0.56432E+22
   0.78098E+04   0.28382E+04   0.39304E+01   0.56439E+22
   0.78111E+04   0.28387E+04   0.39309E+01   0.56446E+22
   0.78125E+04   0.28391E+04   0.39314E+01   0.56453E+22
   0.78138E+04   0.28396E+04   0.39319E+01   0.56460E+22
   0.78152E+04   0.28401E+04   0.39324E+01   0.56467E+22
   0.78165E+04   0.28406E+04   0.39329E+01   0.56475E+22
   0.78179E+04   0.28411E+04   0.39334E+01   0.56482E+22
   0.78193E+04   0.28416E+04   0.39339E+01   0.56489E+22
   0.78206E+04   0.28421E+04   0.39344E+01   0.56496E+22
   0.78220E+04   0.28426E+04   0.39349E+01   0.56503E+22
   0.78233E+04   0.28431E+04   0.39354E+01   0.56510E+22
   0.78247E+04   0.28436E+04   0.39359E+01   0.56517E+22
   0.78260E+04   0.28441E+04   0.39364E+01   0.56524E+22
   0.78274E+04   0.28446E+04   0.39369E+01   0.56531E+22
   0.78287E+04   0.28451E+04   0.39374E+01   0.56538E+22
   0.78301E+04   0.28456E+04   0.39379E+01   0.56545E+22
   0.78315E+04   0.28461E+04   0.39384E+01   0.56552E+22
   0.78328E+04   0.28466E+04   0.39389E+01   0.56559E+22
   0.78342E+04   0.28471E+04   0.39394E+01   0.56566E+22
   0.78355E+04   0.28476E+04   0.39399E+01   0.56573E+22
   0.78369E+04   0.28480E+04   0.39404E+01   0.56580E+22
   0.78382E+04   0.28485E+04   0.39409E+01   0.56587E+22
   0.78396E+04   0.28490E+04   0.39414E+01   0.56594E+22
   0.78409E+04   0.28495E+04   0.39419E+01   0.56601E+22
   0.78423E+04   0.28500E+04   0.39424E+01   0.56608E+22
   0.78437E+04   0.28505E+04   0.39429E+01   0.56615E+22
   0.78450E+04   0.28510E+04   0.39434E+01   0.56622E+22
   0.78464E+04   0.28515E+04   0.39439E+01   0.56629E+22
   0.78477E+04   0.28520E+04   0.39444E+01   0.56636E+22
   0.78491E+04   0.28525E+04   0.39449E+01   0.56643E+22
   0.78504E+04   0.28530E+04   0.39454E+01   0.56650E+22
   0.78518E+04   0.28535E+04   0.39459E+01   0.56657E+22
   0.78531E+04   0.28540E+04   0.39464E+01   0.56664E+22
   0.78545E+04   0.28545E+04   0.39469E+01   0.56671E+22
   0.78559E+04   0.28550E+04   0.39474E+01   0.56679E+22
   0.78572E+04   0.28555E+04   0.39479E+01   0.56686E+22
   0.78586E+04   0.28560E+04   0.39484E+01   0.56693E+22
   0.78599E+04   0.28565E+04   0.39489E+01   0.56700E+22
   0.78613E+04   0.28569E+04   0.39494E+01   0.56707E+22
   0.78626E+04   0.28574E+04   0.39499E+01   0.56714E+22
   0.78640E+04   0.28579E+04   0.39504E+01   0.56721E+22
   0.78654E+04   0.28584E+04   0.39509E+01   0.56728E+22
   0.78667E+04   0.28589E+04   0.39514E+01   0.56735E+22
   0.78681E+04   0.28594E+04   0.39519E+01   0.56742E+22
   0.78694E+04   0.28599E+04   0.39524E+01   0.56749E+22
   0.78708E+04   0.28604E+04   0.39529E+01   0.56756E+22
   0.78721E+04   0.28609E+04   0.39534E+01   0.56763E+22
   0.78735E+04   0.28614E+04   0.39539E+01   0.56770E+22
   0.78749E+04   0.28619E+04   0.39544E+01   0.56777E+22
   0.78762E+04   0.28624E+04   0.39549E+01   0.56784E+22
   0.78776E+04   0.28629E+04   0.39554E+01   0.56791E+22
   0.78789E+04   0.28634E+04   0.39559E+01   0.56798E+22
   0.78803E+04   0.28639E+04   0.39564E+01   0.56805E+22
   0.78816E+04   0.28644E+04   0.39569E+01   0.56812E+22
   0.78830E+04   0.28649E+04   0.39574E+01   0.56819E+22
   0.78844E+04   0.28654E+04   0.39579E+01   0.56826E+22
   0.78857E+04   0.28659E+04   0.39584E+01   0.56833E+22
   0.78871E+04   0.28664E+04   0.39589E+01   0.56840E+22
   0.78884E+04   0.28668E+04   0.39594E+01   0.56847E+22
   0.78898E+04   0.28673E+04   0.39599E+01   0.56854E+22
   0.78912E+04   0.28678E+04   0.39604E+01   0.56861E+22
   0.78925E+04   0.28683E+04   0.39609E+01   0.56868E+22
   0.78939E+04   0.28688E+04   0.39614E+01   0.56875E+22
   0.78952E+04   0.28693E+04   0.39619E+01   0.56883E+22
   0.78966E+04   0.28698E+04   0.39624E+01   0.56890E+22
   0.78979E+04   0.28703E+04   0.39629E+01   0.56897E+22
   0.78993E+04   0.28708E+04   0.39634E+01   0.56904E+22
   0.79007E+04   0.28713E+04   0.39639E+01   0.56911E+22
   0.79020E+04   0.28718E+04   0.39644E+01   0.56918E+22
   0.79034E+04   0.28723E+04   0.39649E+01   0.56925E+22
   0.79047E+04   0.28728E+04   0.39654E+01   0.56932E+22
   0.79061E+04   0.28733E+04   0.39659E+01   0.56939E+22
   0.79075E+04   0.28738E+04   0.39664E+01   0.56946E+22
   0.79088E+04   0.28743E+04   0.39669E+01   0.56953E+22
   0.79102E+04   0.28748E+04   0.39674E+01   0.56960E+22
   0.79115E+04   0.28753E+04   0.39679E+01   0.56967E+22
   0.79129E+04   0.28758E+04   0.39684E+01   0.56974E+22
   0.79143E+04   0.28763E+04   0.39689E+01   0.56981E+22
   0.79156E+04   0.28768E+04   0.39694E+01   0.56988E+22
   0.79170E+04   0.28772E+04   0.39699E+01   0.56995E+22
   0.79183E+04   0.28777E+04   0.39704E+01   0.57002E+22
   0.79197E+04   0.28782E+04   0.39709E+01   0.57009E+22
   0.79211E+04   0.28787E+04   0.39714E+01   0.57016E+22
   0.79224E+04   0.28792E+04   0.39719E+01   0.57023E+22
   0.79238E+04   0.28797E+04   0.39724E+01   0.57030E+22
   0.79251E+04   0.28802E+04   0.39729E+01   0.57037E+22
   0.79265E+04   0.28807E+04   0.39734E+01   0.57044E+22
   0.79279E+04   0.28812E+04   0.39739E+01   0.57051E+22
   0.79292E+04   0.28817E+04   0.39744E+01   0.57058E+22
   0.79306E+04   0.28822E+04   0.39749E+01   0.57065E+22
   0.79319E+04   0.28827E+04   0.39754E+01   0.57072E+22
   0.79333E+04   0.28832E+04   0.39759E+01   0.57080E+22
   0.79347E+04   0.28837E+04   0.39764E+01   0.57087E+22
   0.79360E+04   0.28842E+04   0.39769E+01   0.57094E+22
   0.79374E+04   0.28847E+04   0.39774E+01   0.57101E+22
   0.79387E+04   0.28852E+04   0.39779E+01   0.57108E+22
   0.79401E+04   0.28857E+04   0.39784E+01   0.57115E+22
   0.79415E+04   0.28862E+04   0.39789E+01   0.57122E+22
   0.79428E+04   0.28867E+04   0.39794E+01   0.57129E+22
   0.79442E+04   0.28872E+04   0.39799E+01   0.57136E+22
   0.79455E+04   0.28877E+04   0.39804E+01   0.57143E+22
   0.79469E+04   0.28882E+04   0.39809E+01   0.57150E+22
   0.79483E+04   0.28887E+04   0.39814E+01   0.57157E+22
   0.79496E+04   0.28891E+04   0.39819E+01   0.57164E+22
   0.79510E+04   0.28896E+04   0.39824E+01   0.57171E+22
   0.79523E+04   0.28901E+04   0.39829E+01   0.57178E+22
   0.79537E+04   0.28906E+04   0.39834E+01   0.57185E+22
   0.79551E+04   0.28911E+04   0.39839E+01   0.57192E+22
   0.79564E+04   0.28916E+04   0.39844E+01   0.57199E+22
   0.79578E+04   0.28921E+04   0.39849E+01   0.57206E+22
   0.79591E+04   0.28926E+04   0.39854E+01   0.57213E+22
   0.79605E+04   0.28931E+04   0.39859E+01   0.57220E+22
   0.79619E+04   0.28936E+04   0.39864E+01   0.57227E+22
   0.79632E+04   0.28941E+04   0.39869E+01   0.57234E+22
   0.79646E+04   0.28946E+04   0.39874E+01   0.57241E+22
   0.79660E+04   0.28951E+04   0.39879E+01   0.57248E+22
   0.79673E+04   0.28956E+04   0.39884E+01   0.57255E+22
   0.79687E+04   0.28961E+04   0.39889E+01   0.57262E+22
   0.79700E+04   0.28966E+04   0.39894E+01   0.57269E+22
   0.79714E+04   0.28971E+04   0.39899E+01   0.57276E+22
   0.79728E+04   0.28976E+04   0.39904E+01   0.57284E+22
   0.79741E+04   0.28981E+04   0.39909E+01   0.57291E+22
   0.79755E+04   0.28986E+04   0.39914E+01   0.57298E+22
   0.79769E+04   0.28991E+04   0.39919E+01   0.57305E+22
   0.79782E+04   0.28996E+04   0.39924E+01   0.57312E+22
   0.79796E+04   0.29001E+04   0.39929E+01   0.57319E+22
   0.79809E+04   0.29006E+04   0.39934E+01   0.57326E+22
   0.79823E+04   0.29011E+04   0.39939E+01   0.57333E+22
   0.79837E+04   0.29016E+04   0.39944E+01   0.57340E+22
   0.79850E+04   0.29021E+04   0.39949E+01   0.57347E+22
   0.79864E+04   0.29025E+04   0.39954E+01   0.57354E+22
   0.79878E+04   0.29030E+04   0.39959E+01   0.57361E+22
   0.79891E+04   0.29035E+04   0.39964E+01   0.57368E+22
   0.79905E+04   0.29040E+04   0.39969E+01   0.57375E+22
   0.79918E+04   0.29045E+04   0.39974E+01   0.57382E+22
   0.79932E+04   0.29050E+04   0.39979E+01   0.57389E+22
   0.79946E+04   0.29055E+04   0.39984E+01   0.57396E+22
   0.79959E+04   0.29060E+04   0.39989E+01   0.57403E+22
   0.79973E+04   0.29065E+04   0.39994E+01   0.57410E+22
   0.79987E+04   0.29070E+04   0.39999E+01   0.57417E+22
   0.80000E+04   0.29075E+04   0.40004E+01   0.57424E+22
   0.80014E+04   0.29080E+04   0.40009E+01   0.57431E+22
   0.80027E+04   0.29085E+04   0.40014E+01   0.57438E+22
   0.80041E+04   0.29090E+04   0.40019E+01   0.57445E+22
   0.80055E+04   0.29095E+04   0.40024E+01   0.57452E+22
   0.80068E+04   0.29100E+04   0.40029E+01   0.57459E+22
   0.80082E+04   0.29105E+04   0.40034E+01   0.57466E+22
   0.80096E+04   0.29110E+04   0.40039E+01   0.57473E+22
   0.80109E+04   0.29115E+04   0.40044E+01   0.57481E+22
   0.80123E+04   0.29120E+04   0.40049E+01   0.57488E+22
   0.80137E+04   0.29125E+04   0.40054E+01   0.57495E+22
   0.80150E+04   0.29130E+04   0.40059E+01   0.57502E+22
   0.80164E+04   0.29135E+04   0.40064E+01   0.57509E+22
   0.80177E+04   0.29140E+04   0.40069E+01   0.57516E+22
   0.80191E+04   0.29145E+04   0.40074E+01   0.57523E+22
   0.80205E+04   0.29150E+04   0.40079E+01   0.57530E+22
   0.80218E+04   0.29155E+04   0.40084E+01   0.57537E+22
   0.80232E+04   0.29160E+04   0.40089E+01   0.57544E+22
   0.80246E+04   0.29165E+04   0.40094E+01   0.57551E+22
   0.80259E+04   0.29170E+04   0.40099E+01   0.57558E+22
   0.80273E+04   0.29175E+04   0.40104E+01   0.57565E+22
   0.80287E+04   0.29179E+04   0.40109E+01   0.57572E+22
   0.80300E+04   0.29184E+04   0.40114E+01   0.57579E+22
   0.80314E+04   0.29189E+04   0.40119E+01   0.57586E+22
   0.80328E+04   0.29194E+04   0.40124E+01   0.57593E+22
   0.80341E+04   0.29199E+04   0.40129E+01   0.57600E+22
   0.80355E+04   0.29204E+04   0.40134E+01   0.57607E+22
   0.80369E+04   0.29209E+04   0.40139E+01   0.57614E+22
   0.80382E+04   0.29214E+04   0.40144E+01   0.57621E+22
   0.80396E+04   0.29219E+04   0.40149E+01   0.57628E+22
   0.80409E+04   0.29224E+04   0.40154E+01   0.57635E+22
   0.80423E+04   0.29229E+04   0.40159E+01   0.57642E+22
   0.80437E+04   0.29234E+04   0.40164E+01   0.57649E+22
   0.80450E+04   0.29239E+04   0.40169E+01   0.57656E+22
   0.80464E+04   0.29244E+04   0.40174E+01   0.57663E+22
   0.80478E+04   0.29249E+04   0.40179E+01   0.57670E+22
   0.80491E+04   0.29254E+04   0.40184E+01   0.57678E+22
   0.80505E+04   0.29259E+04   0.40189E+01   0.57685E+22
   0.80519E+04   0.29264E+04   0.40194E+01   0.57692E+22
   0.80532E+04   0.29269E+04   0.40199E+01   0.57699E+22
   0.80546E+04   0.29274E+04   0.40204E+01   0.57706E+22
   0.80560E+04   0.29279E+04   0.40209E+01   0.57713E+22
   0.80573E+04   0.29284E+04   0.40214E+01   0.57720E+22
   0.80587E+04   0.29289E+04   0.40219E+01   0.57727E+22
   0.80601E+04   0.29294E+04   0.40224E+01   0.57734E+22
   0.80614E+04   0.29299E+04   0.40229E+01   0.57741E+22
   0.80628E+04   0.29304E+04   0.40234E+01   0.57748E+22
   0.80642E+04   0.29309E+04   0.40239E+01   0.57755E+22
   0.80655E+04   0.29314E+04   0.40244E+01   0.57762E+22
   0.80669E+04   0.29319E+04   0.40249E+01   0.57769E+22
   0.80683E+04   0.29324E+04   0.40254E+01   0.57776E+22
   0.80696E+04   0.29329E+04   0.40259E+01   0.57783E+22
   0.80710E+04   0.29334E+04   0.40264E+01   0.57790E+22
   0.80724E+04   0.29339E+04   0.40269E+01   0.57797E+22
   0.80737E+04   0.29344E+04   0.40274E+01   0.57804E+22
   0.80751E+04   0.29349E+04   0.40279E+01   0.57811E+22
   0.80765E+04   0.29354E+04   0.40284E+01   0.57818E+22
   0.80778E+04   0.29359E+04   0.40289E+01   0.57825E+22
   0.80792E+04   0.29364E+04   0.40294E+01   0.57832E+22
   0.80806E+04   0.29369E+04   0.40299E+01   0.57839E+22
   0.80819E+04   0.29374E+04   0.40304E+01   0.57846E+22
   0.80833E+04   0.29378E+04   0.40309E+01   0.57853E+22
   0.80847E+04   0.29383E+04   0.40314E+01   0.57860E+22
   0.80860E+04   0.29388E+04   0.40319E+01   0.57867E+22
   0.80874E+04   0.29393E+04   0.40324E+01   0.57875E+22
   0.80888E+04   0.29398E+04   0.40329E+01   0.57882E+22
   0.80901E+04   0.29403E+04   0.40334E+01   0.57889E+22
   0.80915E+04   0.29408E+04   0.40339E+01   0.57896E+22
   0.80929E+04   0.29413E+04   0.40344E+01   0.57903E+22
   0.80942E+04   0.29418E+04   0.40349E+01   0.57910E+22
   0.80956E+04   0.29423E+04   0.40354E+01   0.57917E+22
   0.80970E+04   0.29428E+04   0.40359E+01   0.57924E+22
   0.80983E+04   0.29433E+04   0.40364E+01   0.57931E+22
   0.80997E+04   0.29438E+04   0.40369E+01   0.57938E+22
   0.81011E+04   0.29443E+04   0.40374E+01   0.57945E+22
   0.81024E+04   0.29448E+04   0.40379E+01   0.57952E+22
   0.81038E+04   0.29453E+04   0.40384E+01   0.57959E+22
   0.81052E+04   0.29458E+04   0.40389E+01   0.57966E+22
   0.81065E+04   0.29463E+04   0.40394E+01   0.57973E+22
   0.81079E+04   0.29468E+04   0.40399E+01   0.57980E+22
   0.81093E+04   0.29473E+04   0.40404E+01   0.57987E+22
   0.81107E+04   0.29478E+04   0.40409E+01   0.57994E+22
   0.81120E+04   0.29483E+04   0.40414E+01   0.58001E+22
   0.81134E+04   0.29488E+04   0.40419E+01   0.58008E+22
   0.81148E+04   0.29493E+04   0.40424E+01   0.58015E+22
   0.81161E+04   0.29498E+04   0.40429E+01   0.58022E+22
   0.81175E+04   0.29503E+04   0.40434E+01   0.58029E+22
   0.81189E+04   0.29508E+04   0.40439E+01   0.58036E+22
   0.81202E+04   0.29513E+04   0.40444E+01   0.58043E+22
   0.81216E+04   0.29518E+04   0.40449E+01   0.58050E+22
   0.81230E+04   0.29523E+04   0.40454E+01   0.58057E+22
   0.81243E+04   0.29528E+04   0.40459E+01   0.58064E+22
   0.81257E+04   0.29533E+04   0.40464E+01   0.58072E+22
   0.81271E+04   0.29538E+04   0.40469E+01   0.58079E+22
   0.81284E+04   0.29543E+04   0.40474E+01   0.58086E+22
   0.81298E+04   0.29548E+04   0.40479E+01   0.58093E+22
   0.81312E+04   0.29553E+04   0.40484E+01   0.58100E+22
   0.81326E+04   0.29558E+04   0.40489E+01   0.58107E+22
   0.81339E+04   0.29563E+04   0.40494E+01   0.58114E+22
   0.81353E+04   0.29568E+04   0.40499E+01   0.58121E+22
   0.81367E+04   0.29573E+04   0.40504E+01   0.58128E+22
   0.81380E+04   0.29578E+04   0.40509E+01   0.58135E+22
   0.81394E+04   0.29583E+04   0.40514E+01   0.58142E+22
   0.81408E+04   0.29588E+04   0.40519E+01   0.58149E+22
   0.81421E+04   0.29593E+04   0.40524E+01   0.58156E+22
   0.81435E+04   0.29598E+04   0.40529E+01   0.58163E+22
   0.81449E+04   0.29603E+04   0.40534E+01   0.58170E+22
   0.81462E+04   0.29608E+04   0.40539E+01   0.58177E+22
   0.81476E+04   0.29613E+04   0.40544E+01   0.58184E+22
   0.81490E+04   0.29618E+04   0.40549E+01   0.58191E+22
   0.81504E+04   0.29623E+04   0.40554E+01   0.58198E+22
   0.81517E+04   0.29628E+04   0.40559E+01   0.58205E+22
   0.81531E+04   0.29633E+04   0.40564E+01   0.58212E+22
   0.81545E+04   0.29638E+04   0.40569E+01   0.58219E+22
   0.81558E+04   0.29643E+04   0.40574E+01   0.58226E+22
   0.81572E+04   0.29648E+04   0.40579E+01   0.58233E+22
   0.81586E+04   0.29653E+04   0.40584E+01   0.58240E+22
   0.81599E+04   0.29658E+04   0.40589E+01   0.58247E+22
   0.81613E+04   0.29663E+04   0.40594E+01   0.58254E+22
   0.81627E+04   0.29668E+04   0.40599E+01   0.58262E+22
   0.81641E+04   0.29673E+04   0.40604E+01   0.58269E+22
   0.81654E+04   0.29678E+04   0.40609E+01   0.58276E+22
   0.81668E+04   0.29683E+04   0.40614E+01   0.58283E+22
   0.81682E+04   0.29688E+04   0.40619E+01   0.58290E+22
   0.81695E+04   0.29693E+04   0.40624E+01   0.58297E+22
   0.81709E+04   0.29698E+04   0.40629E+01   0.58304E+22
   0.81723E+04   0.29703E+04   0.40634E+01   0.58311E+22
   0.81737E+04   0.29708E+04   0.40639E+01   0.58318E+22
   0.81750E+04   0.29713E+04   0.40644E+01   0.58325E+22
   0.81764E+04   0.29718E+04   0.40649E+01   0.58332E+22
   0.81778E+04   0.29723E+04   0.40654E+01   0.58339E+22
   0.81791E+04   0.29727E+04   0.40659E+01   0.58346E+22
   0.81805E+04   0.29732E+04   0.40664E+01   0.58353E+22
   0.81819E+04   0.29737E+04   0.40669E+01   0.58360E+22
   0.81833E+04   0.29742E+04   0.40674E+01   0.58367E+22
   0.81846E+04   0.29747E+04   0.40679E+01   0.58374E+22
   0.81860E+04   0.29752E+04   0.40684E+01   0.58381E+22
   0.81874E+04   0.29757E+04   0.40689E+01   0.58388E+22
   0.81887E+04   0.29762E+04   0.40694E+01   0.58395E+22
   0.81901E+04   0.29767E+04   0.40699E+01   0.58402E+22
   0.81915E+04   0.29772E+04   0.40704E+01   0.58409E+22
   0.81929E+04   0.29777E+04   0.40709E+01   0.58416E+22
   0.81942E+04   0.29782E+04   0.40714E+01   0.58423E+22
   0.81956E+04   0.29787E+04   0.40719E+01   0.58430E+22
   0.81970E+04   0.29792E+04   0.40724E+01   0.58437E+22
   0.81983E+04   0.29797E+04   0.40729E+01   0.58444E+22
   0.81997E+04   0.29802E+04   0.40734E+01   0.58451E+22
   0.82011E+04   0.29807E+04   0.40739E+01   0.58459E+22
   0.82025E+04   0.29812E+04   0.40744E+01   0.58466E+22
   0.82038E+04   0.29817E+04   0.40749E+01   0.58473E+22
   0.82052E+04   0.29822E+04   0.40754E+01   0.58480E+22
   0.82066E+04   0.29827E+04   0.40759E+01   0.58487E+22
   0.82080E+04   0.29832E+04   0.40764E+01   0.58494E+22
   0.82093E+04   0.29837E+04   0.40769E+01   0.58501E+22
   0.82107E+04   0.29842E+04   0.40774E+01   0.58508E+22
   0.82121E+04   0.29847E+04   0.40779E+01   0.58515E+22
   0.82134E+04   0.29852E+04   0.40784E+01   0.58522E+22
   0.82148E+04   0.29857E+04   0.40789E+01   0.58529E+22
   0.82162E+04   0.29862E+04   0.40794E+01   0.58536E+22
   0.82176E+04   0.29867E+04   0.40799E+01   0.58543E+22
   0.82189E+04   0.29872E+04   0.40804E+01   0.58550E+22
   0.82203E+04   0.29877E+04   0.40809E+01   0.58557E+22
   0.82217E+04   0.29882E+04   0.40814E+01   0.58564E+22
   0.82231E+04   0.29887E+04   0.40819E+01   0.58571E+22
   0.82244E+04   0.29892E+04   0.40824E+01   0.58578E+22
   0.82258E+04   0.29897E+04   0.40829E+01   0.58585E+22
   0.82272E+04   0.29902E+04   0.40834E+01   0.58592E+22
   0.82286E+04   0.29907E+04   0.40839E+01   0.58599E+22
   0.82299E+04   0.29912E+04   0.40844E+01   0.58606E+22
   0.82313E+04   0.29917E+04   0.40849E+01   0.58613E+22
   0.82327E+04   0.29922E+04   0.40854E+01   0.58620E+22
   0.82340E+04   0.29927E+04   0.40859E+01   0.58627E+22
   0.82354E+04   0.29932E+04   0.40864E+01   0.58634E+22
   0.82368E+04   0.29937E+04   0.40869E+01   0.58641E+22
   0.82382E+04   0.29942E+04   0.40874E+01   0.58649E+22
   0.82395E+04   0.29947E+04   0.40879E+01   0.58656E+22
   0.82409E+04   0.29952E+04   0.40884E+01   0.58663E+22
   0.82423E+04   0.29957E+04   0.40889E+01   0.58670E+22
   0.82437E+04   0.29962E+04   0.40894E+01   0.58677E+22
   0.82450E+04   0.29967E+04   0.40899E+01   0.58684E+22
   0.82464E+04   0.29972E+04   0.40904E+01   0.58691E+22
   0.82478E+04   0.29977E+04   0.40909E+01   0.58698E+22
   0.82492E+04   0.29982E+04   0.40914E+01   0.58705E+22
   0.82505E+04   0.29987E+04   0.40919E+01   0.58712E+22
   0.82519E+04   0.29992E+04   0.40924E+01   0.58719E+22
   0.82533E+04   0.29997E+04   0.40929E+01   0.58726E+22
   0.82547E+04   0.30002E+04   0.40934E+01   0.58733E+22
   0.82560E+04   0.30007E+04   0.40939E+01   0.58740E+22
   0.82574E+04   0.30012E+04   0.40944E+01   0.58747E+22
   0.82588E+04   0.30017E+04   0.40949E+01   0.58754E+22
   0.82602E+04   0.30022E+04   0.40954E+01   0.58761E+22
   0.82615E+04   0.30027E+04   0.40959E+01   0.58768E+22
   0.82629E+04   0.30032E+04   0.40964E+01   0.58775E+22
   0.82643E+04   0.30037E+04   0.40969E+01   0.58782E+22
   0.82657E+04   0.30042E+04   0.40974E+01   0.58789E+22
   0.82670E+04   0.30047E+04   0.40979E+01   0.58796E+22
   0.82684E+04   0.30052E+04   0.40984E+01   0.58803E+22
   0.82698E+04   0.30057E+04   0.40989E+01   0.58810E+22
   0.82712E+04   0.30062E+04   0.40994E+01   0.58817E+22
   0.82725E+04   0.30067E+04   0.40999E+01   0.58824E+22
   0.82739E+04   0.30072E+04   0.41004E+01   0.58831E+22
   0.82753E+04   0.30077E+04   0.41009E+01   0.58839E+22
   0.82767E+04   0.30082E+04   0.41014E+01   0.58846E+22
   0.82780E+04   0.30087E+04   0.41019E+01   0.58853E+22
   0.82794E+04   0.30092E+04   0.41024E+01   0.58860E+22
   0.82808E+04   0.30097E+04   0.41029E+01   0.58867E+22
   0.82822E+04   0.30102E+04   0.41034E+01   0.58874E+22
   0.82835E+04   0.30107E+04   0.41039E+01   0.58881E+22
   0.82849E+04   0.30112E+04   0.41044E+01   0.58888E+22
   0.82863E+04   0.30117E+04   0.41049E+01   0.58895E+22
   0.82877E+04   0.30122E+04   0.41054E+01   0.58902E+22
   0.82890E+04   0.30128E+04   0.41059E+01   0.58909E+22
   0.82904E+04   0.30133E+04   0.41064E+01   0.58916E+22
   0.82918E+04   0.30138E+04   0.41069E+01   0.58923E+22
   0.82932E+04   0.30143E+04   0.41074E+01   0.58930E+22
   0.82946E+04   0.30148E+04   0.41079E+01   0.58937E+22
   0.82959E+04   0.30153E+04   0.41084E+01   0.58944E+22
   0.82973E+04   0.30158E+04   0.41089E+01   0.58951E+22
   0.82987E+04   0.30163E+04   0.41094E+01   0.58958E+22
   0.83001E+04   0.30168E+04   0.41099E+01   0.58965E+22
   0.83014E+04   0.30173E+04   0.41104E+01   0.58972E+22
   0.83028E+04   0.30178E+04   0.41109E+01   0.58979E+22
   0.83042E+04   0.30183E+04   0.41114E+01   0.58986E+22
   0.83056E+04   0.30188E+04   0.41119E+01   0.58993E+22
   0.83069E+04   0.30193E+04   0.41124E+01   0.59000E+22
   0.83083E+04   0.30198E+04   0.41129E+01   0.59007E+22
   0.83097E+04   0.30203E+04   0.41134E+01   0.59014E+22
   0.83111E+04   0.30208E+04   0.41139E+01   0.59021E+22
   0.83125E+04   0.30213E+04   0.41144E+01   0.59029E+22
   0.83138E+04   0.30218E+04   0.41149E+01   0.59036E+22
   0.83152E+04   0.30223E+04   0.41154E+01   0.59043E+22
   0.83166E+04   0.30228E+04   0.41159E+01   0.59050E+22
   0.83180E+04   0.30233E+04   0.41164E+01   0.59057E+22
   0.83193E+04   0.30238E+04   0.41169E+01   0.59064E+22
   0.83207E+04   0.30243E+04   0.41174E+01   0.59071E+22
   0.83221E+04   0.30248E+04   0.41179E+01   0.59078E+22
   0.83235E+04   0.30253E+04   0.41184E+01   0.59085E+22
   0.83249E+04   0.30258E+04   0.41189E+01   0.59092E+22
   0.83262E+04   0.30263E+04   0.41194E+01   0.59099E+22
   0.83276E+04   0.30268E+04   0.41199E+01   0.59106E+22
   0.83290E+04   0.30273E+04   0.41204E+01   0.59113E+22
   0.83304E+04   0.30278E+04   0.41209E+01   0.59120E+22
   0.83317E+04   0.30283E+04   0.41214E+01   0.59127E+22
   0.83331E+04   0.30288E+04   0.41219E+01   0.59134E+22
   0.83345E+04   0.30293E+04   0.41224E+01   0.59141E+22
   0.83359E+04   0.30298E+04   0.41229E+01   0.59148E+22
   0.83373E+04   0.30303E+04   0.41234E+01   0.59155E+22
   0.83386E+04   0.30308E+04   0.41239E+01   0.59162E+22
   0.83400E+04   0.30313E+04   0.41244E+01   0.59169E+22
   0.83414E+04   0.30318E+04   0.41249E+01   0.59176E+22
   0.83428E+04   0.30323E+04   0.41254E+01   0.59183E+22
   0.83441E+04   0.30328E+04   0.41259E+01   0.59190E+22
   0.83455E+04   0.30333E+04   0.41264E+01   0.59197E+22
   0.83469E+04   0.30338E+04   0.41269E+01   0.59204E+22
   0.83483E+04   0.30343E+04   0.41274E+01   0.59211E+22
   0.83497E+04   0.30348E+04   0.41279E+01   0.59219E+22
   0.83510E+04   0.30353E+04   0.41284E+01   0.59226E+22
   0.83524E+04   0.30358E+04   0.41289E+01   0.59233E+22
   0.83538E+04   0.30363E+04   0.41294E+01   0.59240E+22
   0.83552E+04   0.30368E+04   0.41299E+01   0.59247E+22
   0.83566E+04   0.30373E+04   0.41304E+01   0.59254E+22
   0.83579E+04   0.30378E+04   0.41309E+01   0.59261E+22
   0.83593E+04   0.30383E+04   0.41314E+01   0.59268E+22
   0.83607E+04   0.30388E+04   0.41319E+01   0.59275E+22
   0.83621E+04   0.30393E+04   0.41324E+01   0.59282E+22
   0.83635E+04   0.30398E+04   0.41329E+01   0.59289E+22
   0.83648E+04   0.30403E+04   0.41334E+01   0.59296E+22
   0.83662E+04   0.30408E+04   0.41339E+01   0.59303E+22
   0.83676E+04   0.30413E+04   0.41344E+01   0.59310E+22
   0.83690E+04   0.30418E+04   0.41349E+01   0.59317E+22
   0.83704E+04   0.30423E+04   0.41354E+01   0.59324E+22
   0.83717E+04   0.30428E+04   0.41359E+01   0.59331E+22
   0.83731E+04   0.30433E+04   0.41364E+01   0.59338E+22
   0.83745E+04   0.30438E+04   0.41369E+01   0.59345E+22
   0.83759E+04   0.30443E+04   0.41374E+01   0.59352E+22
   0.83773E+04   0.30448E+04   0.41379E+01   0.59359E+22
   0.83786E+04   0.30453E+04   0.41384E+01   0.59366E+22
   0.83800E+04   0.30458E+04   0.41389E+01   0.59373E+22
   0.83814E+04   0.30463E+04   0.41394E+01   0.59380E+22
   0.83828E+04   0.30468E+04   0.41399E+01   0.59387E+22
   0.83842E+04   0.30473E+04   0.41404E+01   0.59394E+22
   0.83855E+04   0.30478E+04   0.41409E+01   0.59401E+22
   0.83869E+04   0.30484E+04   0.41414E+01   0.59409E+22
   0.83883E+04   0.30489E+04   0.41419E+01   0.59416E+22
   0.83897E+04   0.30494E+04   0.41424E+01   0.59423E+22
   0.83911E+04   0.30499E+04   0.41429E+01   0.59430E+22
   0.83924E+04   0.30504E+04   0.41434E+01   0.59437E+22
   0.83938E+04   0.30509E+04   0.41439E+01   0.59444E+22
   0.83952E+04   0.30514E+04   0.41444E+01   0.59451E+22
   0.83966E+04   0.30519E+04   0.41449E+01   0.59458E+22
   0.83980E+04   0.30524E+04   0.41454E+01   0.59465E+22
   0.83993E+04   0.30529E+04   0.41459E+01   0.59472E+22
   0.84007E+04   0.30534E+04   0.41464E+01   0.59479E+22
   0.84021E+04   0.30539E+04   0.41469E+01   0.59486E+22
   0.84035E+04   0.30544E+04   0.41474E+01   0.59493E+22
   0.84049E+04   0.30549E+04   0.41479E+01   0.59500E+22
   0.84063E+04   0.30554E+04   0.41484E+01   0.59507E+22
   0.84076E+04   0.30559E+04   0.41489E+01   0.59514E+22
   0.84090E+04   0.30564E+04   0.41494E+01   0.59521E+22
   0.84104E+04   0.30569E+04   0.41499E+01   0.59528E+22
   0.84118E+04   0.30574E+04   0.41504E+01   0.59535E+22
   0.84132E+04   0.30579E+04   0.41509E+01   0.59542E+22
   0.84145E+04   0.30584E+04   0.41514E+01   0.59549E+22
   0.84159E+04   0.30589E+04   0.41519E+01   0.59556E+22
   0.84173E+04   0.30594E+04   0.41524E+01   0.59563E+22
   0.84187E+04   0.30599E+04   0.41529E+01   0.59570E+22
   0.84201E+04   0.30604E+04   0.41534E+01   0.59577E+22
   0.84215E+04   0.30609E+04   0.41539E+01   0.59584E+22
   0.84228E+04   0.30614E+04   0.41544E+01   0.59592E+22
   0.84242E+04   0.30619E+04   0.41549E+01   0.59599E+22
   0.84256E+04   0.30624E+04   0.41554E+01   0.59606E+22
   0.84270E+04   0.30629E+04   0.41559E+01   0.59613E+22
   0.84284E+04   0.30634E+04   0.41564E+01   0.59620E+22
   0.84297E+04   0.30639E+04   0.41569E+01   0.59627E+22
   0.84311E+04   0.30644E+04   0.41574E+01   0.59634E+22
   0.84325E+04   0.30649E+04   0.41579E+01   0.59641E+22
   0.84339E+04   0.30654E+04   0.41584E+01   0.59648E+22
   0.84353E+04   0.30659E+04   0.41589E+01   0.59655E+22
   0.84367E+04   0.30664E+04   0.41594E+01   0.59662E+22
   0.84380E+04   0.30669E+04   0.41599E+01   0.59669E+22
   0.84394E+04   0.30674E+04   0.41604E+01   0.59676E+22
   0.84408E+04   0.30679E+04   0.41609E+01   0.59683E+22
   0.84422E+04   0.30685E+04   0.41614E+01   0.59690E+22
   0.84436E+04   0.30690E+04   0.41619E+01   0.59697E+22
   0.84450E+04   0.30695E+04   0.41624E+01   0.59704E+22
   0.84463E+04   0.30700E+04   0.41629E+01   0.59711E+22
   0.84477E+04   0.30705E+04   0.41634E+01   0.59718E+22
   0.84491E+04   0.30710E+04   0.41639E+01   0.59725E+22
   0.84505E+04   0.30715E+04   0.41644E+01   0.59732E+22
   0.84519E+04   0.30720E+04   0.41649E+01   0.59739E+22
   0.84533E+04   0.30725E+04   0.41654E+01   0.59746E+22
   0.84546E+04   0.30730E+04   0.41659E+01   0.59753E+22
   0.84560E+04   0.30735E+04   0.41664E+01   0.59760E+22
   0.84574E+04   0.30740E+04   0.41669E+01   0.59767E+22
   0.84588E+04   0.30745E+04   0.41674E+01   0.59774E+22
   0.84602E+04   0.30750E+04   0.41679E+01   0.59782E+22
   0.84616E+04   0.30755E+04   0.41684E+01   0.59789E+22
   0.84629E+04   0.30760E+04   0.41689E+01   0.59796E+22
   0.84643E+04   0.30765E+04   0.41694E+01   0.59803E+22
   0.84657E+04   0.30770E+04   0.41699E+01   0.59810E+22
   0.84671E+04   0.30775E+04   0.41704E+01   0.59817E+22
   0.84685E+04   0.30780E+04   0.41709E+01   0.59824E+22
   0.84699E+04   0.30785E+04   0.41714E+01   0.59831E+22
   0.84712E+04   0.30790E+04   0.41719E+01   0.59838E+22
   0.84726E+04   0.30795E+04   0.41724E+01   0.59845E+22
   0.84740E+04   0.30800E+04   0.41729E+01   0.59852E+22
   0.84754E+04   0.30805E+04   0.41734E+01   0.59859E+22
   0.84768E+04   0.30810E+04   0.41739E+01   0.59866E+22
   0.84782E+04   0.30815E+04   0.41744E+01   0.59873E+22
   0.84796E+04   0.30820E+04   0.41749E+01   0.59880E+22
   0.84809E+04   0.30825E+04   0.41754E+01   0.59887E+22
   0.84823E+04   0.30830E+04   0.41759E+01   0.59894E+22
   0.84837E+04   0.30835E+04   0.41764E+01   0.59901E+22
   0.84851E+04   0.30840E+04   0.41769E+01   0.59908E+22
   0.84865E+04   0.30846E+04   0.41774E+01   0.59915E+22
   0.84879E+04   0.30851E+04   0.41779E+01   0.59922E+22
   0.84892E+04   0.30856E+04   0.41784E+01   0.59929E+22
   0.84906E+04   0.30861E+04   0.41789E+01   0.59936E+22
   0.84920E+04   0.30866E+04   0.41794E+01   0.59943E+22
   0.84934E+04   0.30871E+04   0.41799E+01   0.59950E+22
   0.84948E+04   0.30876E+04   0.41804E+01   0.59957E+22
   0.84962E+04   0.30881E+04   0.41809E+01   0.59965E+22
   0.84976E+04   0.30886E+04   0.41814E+01   0.59972E+22
   0.84989E+04   0.30891E+04   0.41819E+01   0.59979E+22
   0.85003E+04   0.30896E+04   0.41824E+01   0.59986E+22
   0.85017E+04   0.30901E+04   0.41829E+01   0.59993E+22
   0.85031E+04   0.30906E+04   0.41834E+01   0.60000E+22
   0.85045E+04   0.30911E+04   0.41839E+01   0.60007E+22
   0.85059E+04   0.30916E+04   0.41844E+01   0.60014E+22
   0.85073E+04   0.30921E+04   0.41849E+01   0.60021E+22
   0.85086E+04   0.30926E+04   0.41854E+01   0.60028E+22
   0.85100E+04   0.30931E+04   0.41859E+01   0.60035E+22
   0.85114E+04   0.30936E+04   0.41864E+01   0.60042E+22
   0.85128E+04   0.30941E+04   0.41869E+01   0.60049E+22
   0.85142E+04   0.30946E+04   0.41874E+01   0.60056E+22
   0.85156E+04   0.30951E+04   0.41879E+01   0.60063E+22
   0.85170E+04   0.30956E+04   0.41884E+01   0.60070E+22
   0.85183E+04   0.30961E+04   0.41889E+01   0.60077E+22
   0.85197E+04   0.30966E+04   0.41894E+01   0.60084E+22
   0.85211E+04   0.30971E+04   0.41899E+01   0.60091E+22
   0.85225E+04   0.30976E+04   0.41904E+01   0.60098E+22
   0.85239E+04   0.30982E+04   0.41909E+01   0.60105E+22
   0.85253E+04   0.30987E+04   0.41914E+01   0.60112E+22
   0.85267E+04   0.30992E+04   0.41919E+01   0.60119E+22
   0.85281E+04   0.30997E+04   0.41924E+01   0.60126E+22
   0.85294E+04   0.31002E+04   0.41929E+01   0.60133E+22
   0.85308E+04   0.31007E+04   0.41934E+01   0.60140E+22
   0.85322E+04   0.31012E+04   0.41939E+01   0.60148E+22
   0.85336E+04   0.31017E+04   0.41944E+01   0.60155E+22
   0.85350E+04   0.31022E+04   0.41949E+01   0.60162E+22
   0.85364E+04   0.31027E+04   0.41954E+01   0.60169E+22
   0.85378E+04   0.31032E+04   0.41959E+01   0.60176E+22
   0.85392E+04   0.31037E+04   0.41964E+01   0.60183E+22
   0.85405E+04   0.31042E+04   0.41969E+01   0.60190E+22
   0.85419E+04   0.31047E+04   0.41974E+01   0.60197E+22
   0.85433E+04   0.31052E+04   0.41979E+01   0.60204E+22
   0.85447E+04   0.31057E+04   0.41984E+01   0.60211E+22
   0.85461E+04   0.31062E+04   0.41989E+01   0.60218E+22
   0.85475E+04   0.31067E+04   0.41994E+01   0.60225E+22
   0.85489E+04   0.31072E+04   0.41999E+01   0.60232E+22
   0.85503E+04   0.31077E+04   0.42004E+01   0.60239E+22
   0.85516E+04   0.31082E+04   0.42009E+01   0.60246E+22
   0.85530E+04   0.31087E+04   0.42014E+01   0.60253E+22
   0.85544E+04   0.31092E+04   0.42019E+01   0.60260E+22
   0.85558E+04   0.31097E+04   0.42024E+01   0.60267E+22
   0.85572E+04   0.31103E+04   0.42029E+01   0.60274E+22
   0.85586E+04   0.31108E+04   0.42034E+01   0.60281E+22
   0.85600E+04   0.31113E+04   0.42039E+01   0.60288E+22
   0.85614E+04   0.31118E+04   0.42044E+01   0.60295E+22
   0.85627E+04   0.31123E+04   0.42049E+01   0.60302E+22
   0.85641E+04   0.31128E+04   0.42054E+01   0.60309E+22
   0.85655E+04   0.31133E+04   0.42059E+01   0.60316E+22
   0.85669E+04   0.31138E+04   0.42064E+01   0.60323E+22
   0.85683E+04   0.31143E+04   0.42069E+01   0.60331E+22
   0.85697E+04   0.31148E+04   0.42074E+01   0.60338E+22
   0.85711E+04   0.31153E+04   0.42079E+01   0.60345E+22
   0.85725E+04   0.31158E+04   0.42084E+01   0.60352E+22
   0.85739E+04   0.31163E+04   0.42089E+01   0.60359E+22
   0.85752E+04   0.31168E+04   0.42094E+01   0.60366E+22
   0.85766E+04   0.31173E+04   0.42099E+01   0.60373E+22
   0.85780E+04   0.31178E+04   0.42104E+01   0.60380E+22
   0.85794E+04   0.31183E+04   0.42109E+01   0.60387E+22
   0.85808E+04   0.31188E+04   0.42114E+01   0.60394E+22
   0.85822E+04   0.31193E+04   0.42119E+01   0.60401E+22
   0.85836E+04   0.31198E+04   0.42124E+01   0.60408E+22
   0.85850E+04   0.31203E+04   0.42129E+01   0.60415E+22
   0.85864E+04   0.31208E+04   0.42134E+01   0.60422E+22
   0.85877E+04   0.31214E+04   0.42139E+01   0.60429E+22
   0.85891E+04   0.31219E+04   0.42144E+01   0.60436E+22
   0.85905E+04   0.31224E+04   0.42149E+01   0.60443E+22
   0.85919E+04   0.31229E+04   0.42154E+01   0.60450E+22
   0.85933E+04   0.31234E+04   0.42159E+01   0.60457E+22
   0.85947E+04   0.31239E+04   0.42164E+01   0.60464E+22
   0.85961E+04   0.31244E+04   0.42169E+01   0.60471E+22
   0.85975E+04   0.31249E+04   0.42174E+01   0.60478E+22
   0.85989E+04   0.31254E+04   0.42179E+01   0.60485E+22
   0.86002E+04   0.31259E+04   0.42184E+01   0.60492E+22
   0.86016E+04   0.31264E+04   0.42189E+01   0.60499E+22
   0.86030E+04   0.31269E+04   0.42194E+01   0.60506E+22
   0.86044E+04   0.31274E+04   0.42199E+01   0.60514E+22
   0.86058E+04   0.31279E+04   0.42204E+01   0.60521E+22
   0.86072E+04   0.31284E+04   0.42209E+01   0.60528E+22
   0.86086E+04   0.31289E+04   0.42214E+01   0.60535E+22
   0.86100E+04   0.31294E+04   0.42219E+01   0.60542E+22
   0.86114E+04   0.31299E+04   0.42224E+01   0.60549E+22
   0.86128E+04   0.31304E+04   0.42229E+01   0.60556E+22
   0.86141E+04   0.31309E+04   0.42234E+01   0.60563E+22
   0.86155E+04   0.31315E+04   0.42239E+01   0.60570E+22
   0.86169E+04   0.31320E+04   0.42244E+01   0.60577E+22
   0.86183E+04   0.31325E+04   0.42249E+01   0.60584E+22
   0.86197E+04   0.31330E+04   0.42254E+01   0.60591E+22
   0.86211E+04   0.31335E+04   0.42259E+01   0.60598E+22
   0.86225E+04   0.31340E+04   0.42264E+01   0.60605E+22
   0.86239E+04   0.31345E+04   0.42269E+01   0.60612E+22
   0.86253E+04   0.31350E+04   0.42274E+01   0.60619E+22
   0.86267E+04   0.31355E+04   0.42279E+01   0.60626E+22
   0.86281E+04   0.31360E+04   0.42284E+01   0.60633E+22
   0.86294E+04   0.31365E+04   0.42289E+01   0.60640E+22
   0.86308E+04   0.31370E+04   0.42294E+01   0.60647E+22
   0.86322E+04   0.31375E+04   0.42299E+01   0.60654E+22
   0.86336E+04   0.31380E+04   0.42304E+01   0.60661E+22
   0.86350E+04   0.31385E+04   0.42309E+01   0.60668E+22
   0.86364E+04   0.31390E+04   0.42314E+01   0.60675E+22
   0.86378E+04   0.31395E+04   0.42319E+01   0.60682E+22
   0.86392E+04   0.31400E+04   0.42324E+01   0.60689E+22
   0.86406E+04   0.31406E+04   0.42329E+01   0.60697E+22
   0.86420E+04   0.31411E+04   0.42334E+01   0.60704E+22
   0.86434E+04   0.31416E+04   0.42339E+01   0.60711E+22
   0.86448E+04   0.31421E+04   0.42344E+01   0.60718E+22
   0.86461E+04   0.31426E+04   0.42349E+01   0.60725E+22
   0.86475E+04   0.31431E+04   0.42354E+01   0.60732E+22
   0.86489E+04   0.31436E+04   0.42359E+01   0.60739E+22
   0.86503E+04   0.31441E+04   0.42364E+01   0.60746E+22
   0.86517E+04   0.31446E+04   0.42369E+01   0.60753E+22
   0.86531E+04   0.31451E+04   0.42374E+01   0.60760E+22
   0.86545E+04   0.31456E+04   0.42379E+01   0.60767E+22
   0.86559E+04   0.31461E+04   0.42384E+01   0.60774E+22
   0.86573E+04   0.31466E+04   0.42389E+01   0.60781E+22
   0.86587E+04   0.31471E+04   0.42394E+01   0.60788E+22
   0.86601E+04   0.31476E+04   0.42399E+01   0.60795E+22
   0.86615E+04   0.31481E+04   0.42404E+01   0.60802E+22
   0.86629E+04   0.31486E+04   0.42409E+01   0.60809E+22
   0.86642E+04   0.31491E+04   0.42414E+01   0.60816E+22
   0.86656E+04   0.31497E+04   0.42419E+01   0.60823E+22
   0.86670E+04   0.31502E+04   0.42424E+01   0.60830E+22
   0.86684E+04   0.31507E+04   0.42429E+01   0.60837E+22
   0.86698E+04   0.31512E+04   0.42434E+01   0.60844E+22
   0.86712E+04   0.31517E+04   0.42439E+01   0.60851E+22
   0.86726E+04   0.31522E+04   0.42444E+01   0.60858E+22
   0.86740E+04   0.31527E+04   0.42449E+01   0.60865E+22
   0.86754E+04   0.31532E+04   0.42454E+01   0.60872E+22
   0.86768E+04   0.31537E+04   0.42459E+01   0.60880E+22
   0.86782E+04   0.31542E+04   0.42464E+01   0.60887E+22
   0.86796E+04   0.31547E+04   0.42469E+01   0.60894E+22
   0.86810E+04   0.31552E+04   0.42474E+01   0.60901E+22
   0.86824E+04   0.31557E+04   0.42479E+01   0.60908E+22
   0.86837E+04   0.31562E+04   0.42484E+01   0.60915E+22
   0.86851E+04   0.31567E+04   0.42489E+01   0.60922E+22
   0.86865E+04   0.31572E+04   0.42494E+01   0.60929E+22
   0.86879E+04   0.31577E+04   0.42499E+01   0.60936E+22
   0.86893E+04   0.31583E+04   0.42504E+01   0.60943E+22
   0.86907E+04   0.31588E+04   0.42509E+01   0.60950E+22
   0.86921E+04   0.31593E+04   0.42514E+01   0.60957E+22
   0.86935E+04   0.31598E+04   0.42519E+01   0.60964E+22
   0.86949E+04   0.31603E+04   0.42524E+01   0.60971E+22
   0.86963E+04   0.31608E+04   0.42529E+01   0.60978E+22
   0.86977E+04   0.31613E+04   0.42534E+01   0.60985E+22
   0.86991E+04   0.31618E+04   0.42539E+01   0.60992E+22
   0.87005E+04   0.31623E+04   0.42544E+01   0.60999E+22
   0.87019E+04   0.31628E+04   0.42549E+01   0.61006E+22
   0.87033E+04   0.31633E+04   0.42554E+01   0.61013E+22
   0.87047E+04   0.31638E+04   0.42559E+01   0.61020E+22
   0.87060E+04   0.31643E+04   0.42564E+01   0.61027E+22
   0.87074E+04   0.31648E+04   0.42569E+01   0.61034E+22
   0.87088E+04   0.31653E+04   0.42574E+01   0.61041E+22
   0.87102E+04   0.31658E+04   0.42579E+01   0.61048E+22
   0.87116E+04   0.31664E+04   0.42584E+01   0.61055E+22
   0.87130E+04   0.31669E+04   0.42589E+01   0.61063E+22
   0.87144E+04   0.31674E+04   0.42594E+01   0.61070E+22
   0.87158E+04   0.31679E+04   0.42599E+01   0.61077E+22
   0.87172E+04   0.31684E+04   0.42604E+01   0.61084E+22
   0.87186E+04   0.31689E+04   0.42609E+01   0.61091E+22
   0.87200E+04   0.31694E+04   0.42614E+01   0.61098E+22
   0.87214E+04   0.31699E+04   0.42619E+01   0.61105E+22
   0.87228E+04   0.31704E+04   0.42624E+01   0.61112E+22
   0.87242E+04   0.31709E+04   0.42629E+01   0.61119E+22
   0.87256E+04   0.31714E+04   0.42634E+01   0.61126E+22
   0.87270E+04   0.31719E+04   0.42639E+01   0.61133E+22
   0.87284E+04   0.31724E+04   0.42644E+01   0.61140E+22
   0.87298E+04   0.31729E+04   0.42649E+01   0.61147E+22
   0.87312E+04   0.31734E+04   0.42654E+01   0.61154E+22
   0.87326E+04   0.31740E+04   0.42659E+01   0.61161E+22
   0.87339E+04   0.31745E+04   0.42664E+01   0.61168E+22
   0.87353E+04   0.31750E+04   0.42669E+01   0.61175E+22
   0.87367E+04   0.31755E+04   0.42674E+01   0.61182E+22
   0.87381E+04   0.31760E+04   0.42679E+01   0.61189E+22
   0.87395E+04   0.31765E+04   0.42684E+01   0.61196E+22
   0.87409E+04   0.31770E+04   0.42689E+01   0.61203E+22
   0.87423E+04   0.31775E+04   0.42694E+01   0.61210E+22
   0.87437E+04   0.31780E+04   0.42699E+01   0.61217E+22
   0.87451E+04   0.31785E+04   0.42704E+01   0.61224E+22
   0.87465E+04   0.31790E+04   0.42709E+01   0.61231E+22
   0.87479E+04   0.31795E+04   0.42714E+01   0.61239E+22
   0.87493E+04   0.31800E+04   0.42719E+01   0.61246E+22
   0.87507E+04   0.31805E+04   0.42724E+01   0.61253E+22
   0.87521E+04   0.31811E+04   0.42729E+01   0.61260E+22
   0.87535E+04   0.31816E+04   0.42734E+01   0.61267E+22
   0.87549E+04   0.31821E+04   0.42739E+01   0.61274E+22
   0.87563E+04   0.31826E+04   0.42744E+01   0.61281E+22
   0.87577E+04   0.31831E+04   0.42749E+01   0.61288E+22
   0.87591E+04   0.31836E+04   0.42754E+01   0.61295E+22
   0.87605E+04   0.31841E+04   0.42759E+01   0.61302E+22
   0.87619E+04   0.31846E+04   0.42764E+01   0.61309E+22
   0.87633E+04   0.31851E+04   0.42769E+01   0.61316E+22
   0.87647E+04   0.31856E+04   0.42774E+01   0.61323E+22
   0.87661E+04   0.31861E+04   0.42779E+01   0.61330E+22
   0.87675E+04   0.31866E+04   0.42784E+01   0.61337E+22
   0.87689E+04   0.31871E+04   0.42789E+01   0.61344E+22
   0.87703E+04   0.31876E+04   0.42794E+01   0.61351E+22
   0.87717E+04   0.31882E+04   0.42799E+01   0.61358E+22
   0.87730E+04   0.31887E+04   0.42804E+01   0.61365E+22
   0.87744E+04   0.31892E+04   0.42809E+01   0.61372E+22
   0.87758E+04   0.31897E+04   0.42814E+01   0.61379E+22
   0.87772E+04   0.31902E+04   0.42819E+01   0.61386E+22
   0.87786E+04   0.31907E+04   0.42824E+01   0.61393E+22
   0.87800E+04   0.31912E+04   0.42829E+01   0.61400E+22
   0.87814E+04   0.31917E+04   0.42834E+01   0.61407E+22
   0.87828E+04   0.31922E+04   0.42839E+01   0.61414E+22
   0.87842E+04   0.31927E+04   0.42844E+01   0.61422E+22
   0.87856E+04   0.31932E+04   0.42849E+01   0.61429E+22
   0.87870E+04   0.31937E+04   0.42854E+01   0.61436E+22
   0.87884E+04   0.31942E+04   0.42859E+01   0.61443E+22
   0.87898E+04   0.31947E+04   0.42864E+01   0.61450E+22
   0.87912E+04   0.31953E+04   0.42869E+01   0.61457E+22
   0.87926E+04   0.31958E+04   0.42874E+01   0.61464E+22
   0.87940E+04   0.31963E+04   0.42879E+01   0.61471E+22
   0.87954E+04   0.31968E+04   0.42884E+01   0.61478E+22
   0.87968E+04   0.31973E+04   0.42889E+01   0.61485E+22
   0.87982E+04   0.31978E+04   0.42894E+01   0.61492E+22
   0.87996E+04   0.31983E+04   0.42899E+01   0.61499E+22
   0.88010E+04   0.31988E+04   0.42904E+01   0.61506E+22
   0.88024E+04   0.31993E+04   0.42909E+01   0.61513E+22
   0.88038E+04   0.31998E+04   0.42914E+01   0.61520E+22
   0.88052E+04   0.32003E+04   0.42919E+01   0.61527E+22
   0.88066E+04   0.32008E+04   0.42924E+01   0.61534E+22
   0.88080E+04   0.32013E+04   0.42929E+01   0.61541E+22
   0.88094E+04   0.32019E+04   0.42934E+01   0.61548E+22
   0.88108E+04   0.32024E+04   0.42939E+01   0.61555E+22
   0.88122E+04   0.32029E+04   0.42944E+01   0.61562E+22
   0.88136E+04   0.32034E+04   0.42949E+01   0.61569E+22
   0.88150E+04   0.32039E+04   0.42954E+01   0.61576E+22
   0.88164E+04   0.32044E+04   0.42959E+01   0.61583E+22
   0.88178E+04   0.32049E+04   0.42964E+01   0.61590E+22
   0.88192E+04   0.32054E+04   0.42969E+01   0.61598E+22
   0.88206E+04   0.32059E+04   0.42974E+01   0.61605E+22
   0.88220E+04   0.32064E+04   0.42979E+01   0.61612E+22
   0.88234E+04   0.32069E+04   0.42984E+01   0.61619E+22
   0.88248E+04   0.32074E+04   0.42989E+01   0.61626E+22
   0.88262E+04   0.32079E+04   0.42994E+01   0.61633E+22
   0.88276E+04   0.32085E+04   0.42999E+01   0.61640E+22
   0.88290E+04   0.32090E+04   0.43004E+01   0.61647E+22
   0.88304E+04   0.32095E+04   0.43009E+01   0.61654E+22
   0.88318E+04   0.32100E+04   0.43014E+01   0.61661E+22
   0.88332E+04   0.32105E+04   0.43019E+01   0.61668E+22
   0.88346E+04   0.32110E+04   0.43024E+01   0.61675E+22
   0.88360E+04   0.32115E+04   0.43029E+01   0.61682E+22
   0.88374E+04   0.32120E+04   0.43034E+01   0.61689E+22
   0.88388E+04   0.32125E+04   0.43039E+01   0.61696E+22
   0.88402E+04   0.32130E+04   0.43044E+01   0.61703E+22
   0.88416E+04   0.32135E+04   0.43049E+01   0.61710E+22
   0.88430E+04   0.32140E+04   0.43054E+01   0.61717E+22
   0.88444E+04   0.32146E+04   0.43059E+01   0.61724E+22
   0.88458E+04   0.32151E+04   0.43064E+01   0.61731E+22
   0.88472E+04   0.32156E+04   0.43069E+01   0.61738E+22
   0.88486E+04   0.32161E+04   0.43074E+01   0.61745E+22
   0.88500E+04   0.32166E+04   0.43079E+01   0.61752E+22
   0.88514E+04   0.32171E+04   0.43084E+01   0.61759E+22
   0.88528E+04   0.32176E+04   0.43089E+01   0.61766E+22
   0.88542E+04   0.32181E+04   0.43094E+01   0.61773E+22
   0.88556E+04   0.32186E+04   0.43099E+01   0.61781E+22
   0.88570E+04   0.32191E+04   0.43104E+01   0.61788E+22
   0.88584E+04   0.32196E+04   0.43109E+01   0.61795E+22
   0.88598E+04   0.32201E+04   0.43114E+01   0.61802E+22
   0.88612E+04   0.32207E+04   0.43119E+01   0.61809E+22
   0.88626E+04   0.32212E+04   0.43124E+01   0.61816E+22
   0.88640E+04   0.32217E+04   0.43129E+01   0.61823E+22
   0.88654E+04   0.32222E+04   0.43134E+01   0.61830E+22
   0.88668E+04   0.32227E+04   0.43139E+01   0.61837E+22
   0.88682E+04   0.32232E+04   0.43144E+01   0.61844E+22
   0.88696E+04   0.32237E+04   0.43149E+01   0.61851E+22
   0.88710E+04   0.32242E+04   0.43154E+01   0.61858E+22
   0.88724E+04   0.32247E+04   0.43159E+01   0.61865E+22
   0.88738E+04   0.32252E+04   0.43164E+01   0.61872E+22
   0.88752E+04   0.32257E+04   0.43169E+01   0.61879E+22
   0.88766E+04   0.32262E+04   0.43174E+01   0.61886E+22
   0.88780E+04   0.32268E+04   0.43179E+01   0.61893E+22
   0.88794E+04   0.32273E+04   0.43184E+01   0.61900E+22
   0.88808E+04   0.32278E+04   0.43189E+01   0.61907E+22
   0.88822E+04   0.32283E+04   0.43194E+01   0.61914E+22
   0.88836E+04   0.32288E+04   0.43199E+01   0.61921E+22
   0.88850E+04   0.32293E+04   0.43204E+01   0.61928E+22
   0.88864E+04   0.32298E+04   0.43209E+01   0.61935E+22
   0.88878E+04   0.32303E+04   0.43214E+01   0.61942E+22
   0.88892E+04   0.32308E+04   0.43219E+01   0.61949E+22
   0.88906E+04   0.32313E+04   0.43224E+01   0.61957E+22
   0.88920E+04   0.32318E+04   0.43229E+01   0.61964E+22
   0.88934E+04   0.32324E+04   0.43234E+01   0.61971E+22
   0.88948E+04   0.32329E+04   0.43239E+01   0.61978E+22
   0.88962E+04   0.32334E+04   0.43244E+01   0.61985E+22
   0.88976E+04   0.32339E+04   0.43249E+01   0.61992E+22
   0.88990E+04   0.32344E+04   0.43254E+01   0.61999E+22
   0.89004E+04   0.32349E+04   0.43259E+01   0.62006E+22
   0.89018E+04   0.32354E+04   0.43264E+01   0.62013E+22
   0.89033E+04   0.32359E+04   0.43269E+01   0.62020E+22
   0.89047E+04   0.32364E+04   0.43274E+01   0.62027E+22
   0.89061E+04   0.32369E+04   0.43279E+01   0.62034E+22
   0.89075E+04   0.32374E+04   0.43284E+01   0.62041E+22
   0.89089E+04   0.32380E+04   0.43289E+01   0.62048E+22
   0.89103E+04   0.32385E+04   0.43294E+01   0.62055E+22
   0.89117E+04   0.32390E+04   0.43299E+01   0.62062E+22
   0.89131E+04   0.32395E+04   0.43304E+01   0.62069E+22
   0.89145E+04   0.32400E+04   0.43309E+01   0.62076E+22
   0.89159E+04   0.32405E+04   0.43314E+01   0.62083E+22
   0.89173E+04   0.32410E+04   0.43319E+01   0.62090E+22
   0.89187E+04   0.32415E+04   0.43324E+01   0.62097E+22
   0.89201E+04   0.32420E+04   0.43329E+01   0.62104E+22
   0.89215E+04   0.32425E+04   0.43334E+01   0.62111E+22
   0.89229E+04   0.32430E+04   0.43339E+01   0.62118E+22
   0.89243E+04   0.32436E+04   0.43344E+01   0.62125E+22
   0.89257E+04   0.32441E+04   0.43349E+01   0.62133E+22
   0.89271E+04   0.32446E+04   0.43354E+01   0.62140E+22
   0.89285E+04   0.32451E+04   0.43359E+01   0.62147E+22
   0.89299E+04   0.32456E+04   0.43364E+01   0.62154E+22
   0.89313E+04   0.32461E+04   0.43369E+01   0.62161E+22
   0.89327E+04   0.32466E+04   0.43374E+01   0.62168E+22
   0.89341E+04   0.32471E+04   0.43379E+01   0.62175E+22
   0.89355E+04   0.32476E+04   0.43384E+01   0.62182E+22
   0.89369E+04   0.32481E+04   0.43389E+01   0.62189E+22
   0.89383E+04   0.32486E+04   0.43394E+01   0.62196E+22
   0.89397E+04   0.32492E+04   0.43399E+01   0.62203E+22
   0.89411E+04   0.32497E+04   0.43404E+01   0.62210E+22
   0.89426E+04   0.32502E+04   0.43409E+01   0.62217E+22
   0.89440E+04   0.32507E+04   0.43414E+01   0.62224E+22
   0.89454E+04   0.32512E+04   0.43419E+01   0.62231E+22
   0.89468E+04   0.32517E+04   0.43424E+01   0.62238E+22
   0.89482E+04   0.32522E+04   0.43429E+01   0.62245E+22
   0.89496E+04   0.32527E+04   0.43434E+01   0.62252E+22
   0.89510E+04   0.32532E+04   0.43439E+01   0.62259E+22
   0.89524E+04   0.32537E+04   0.43444E+01   0.62266E+22
   0.89538E+04   0.32543E+04   0.43449E+01   0.62273E+22
   0.89552E+04   0.32548E+04   0.43454E+01   0.62280E+22
   0.89566E+04   0.32553E+04   0.43459E+01   0.62287E+22
   0.89580E+04   0.32558E+04   0.43464E+01   0.62294E+22
   0.89594E+04   0.32563E+04   0.43469E+01   0.62301E+22
   0.89608E+04   0.32568E+04   0.43474E+01   0.62309E+22
   0.89622E+04   0.32573E+04   0.43479E+01   0.62316E+22
   0.89636E+04   0.32578E+04   0.43484E+01   0.62323E+22
   0.89650E+04   0.32583E+04   0.43489E+01   0.62330E+22
   0.89664E+04   0.32588E+04   0.43494E+01   0.62337E+22
   0.89678E+04   0.32593E+04   0.43499E+01   0.62344E+22
   0.89692E+04   0.32599E+04   0.43504E+01   0.62351E+22
   0.89706E+04   0.32604E+04   0.43509E+01   0.62358E+22
   0.89721E+04   0.32609E+04   0.43514E+01   0.62365E+22
   0.89735E+04   0.32614E+04   0.43519E+01   0.62372E+22
   0.89749E+04   0.32619E+04   0.43524E+01   0.62379E+22
   0.89763E+04   0.32624E+04   0.43529E+01   0.62386E+22
   0.89777E+04   0.32629E+04   0.43534E+01   0.62393E+22
   0.89791E+04   0.32634E+04   0.43539E+01   0.62400E+22
   0.89805E+04   0.32639E+04   0.43544E+01   0.62407E+22
   0.89819E+04   0.32644E+04   0.43549E+01   0.62414E+22
   0.89833E+04   0.32650E+04   0.43554E+01   0.62421E+22
   0.89847E+04   0.32655E+04   0.43559E+01   0.62428E+22
   0.89861E+04   0.32660E+04   0.43564E+01   0.62435E+22
   0.89875E+04   0.32665E+04   0.43569E+01   0.62442E+22
   0.89889E+04   0.32670E+04   0.43574E+01   0.62449E+22
   0.89903E+04   0.32675E+04   0.43579E+01   0.62456E+22
   0.89917E+04   0.32680E+04   0.43584E+01   0.62463E+22
   0.89931E+04   0.32685E+04   0.43589E+01   0.62470E+22
   0.89946E+04   0.32690E+04   0.43594E+01   0.62477E+22
   0.89960E+04   0.32695E+04   0.43599E+01   0.62485E+22
   0.89974E+04   0.32701E+04   0.43604E+01   0.62492E+22
   0.89988E+04   0.32706E+04   0.43609E+01   0.62499E+22
   0.90002E+04   0.32711E+04   0.43614E+01   0.62506E+22
   0.90016E+04   0.32716E+04   0.43619E+01   0.62513E+22
   0.90030E+04   0.32721E+04   0.43624E+01   0.62520E+22
   0.90044E+04   0.32726E+04   0.43629E+01   0.62527E+22
   0.90058E+04   0.32731E+04   0.43634E+01   0.62534E+22
   0.90072E+04   0.32736E+04   0.43639E+01   0.62541E+22
   0.90086E+04   0.32741E+04   0.43644E+01   0.62548E+22
   0.90100E+04   0.32747E+04   0.43649E+01   0.62555E+22
   0.90114E+04   0.32752E+04   0.43654E+01   0.62562E+22
   0.90128E+04   0.32757E+04   0.43659E+01   0.62569E+22
   0.90143E+04   0.32762E+04   0.43664E+01   0.62576E+22
   0.90157E+04   0.32767E+04   0.43669E+01   0.62583E+22
   0.90171E+04   0.32772E+04   0.43674E+01   0.62590E+22
   0.90185E+04   0.32777E+04   0.43679E+01   0.62597E+22
   0.90199E+04   0.32782E+04   0.43684E+01   0.62604E+22
   0.90213E+04   0.32787E+04   0.43689E+01   0.62611E+22
   0.90227E+04   0.32792E+04   0.43694E+01   0.62618E+22
   0.90241E+04   0.32798E+04   0.43699E+01   0.62625E+22
   0.90255E+04   0.32803E+04   0.43704E+01   0.62632E+22
   0.90269E+04   0.32808E+04   0.43709E+01   0.62639E+22
   0.90283E+04   0.32813E+04   0.43714E+01   0.62646E+22
   0.90297E+04   0.32818E+04   0.43719E+01   0.62653E+22
   0.90311E+04   0.32823E+04   0.43724E+01   0.62661E+22
   0.90326E+04   0.32828E+04   0.43729E+01   0.62668E+22
   0.90340E+04   0.32833E+04   0.43734E+01   0.62675E+22
   0.90354E+04   0.32838E+04   0.43739E+01   0.62682E+22
   0.90368E+04   0.32844E+04   0.43744E+01   0.62689E+22
   0.90382E+04   0.32849E+04   0.43749E+01   0.62696E+22
   0.90396E+04   0.32854E+04   0.43754E+01   0.62703E+22
   0.90410E+04   0.32859E+04   0.43759E+01   0.62710E+22
   0.90424E+04   0.32864E+04   0.43764E+01   0.62717E+22
   0.90438E+04   0.32869E+04   0.43769E+01   0.62724E+22
   0.90452E+04   0.32874E+04   0.43774E+01   0.62731E+22
   0.90466E+04   0.32879E+04   0.43779E+01   0.62738E+22
   0.90480E+04   0.32884E+04   0.43784E+01   0.62745E+22
   0.90495E+04   0.32889E+04   0.43789E+01   0.62752E+22
   0.90509E+04   0.32895E+04   0.43794E+01   0.62759E+22
   0.90523E+04   0.32900E+04   0.43799E+01   0.62766E+22
   0.90537E+04   0.32905E+04   0.43804E+01   0.62773E+22
   0.90551E+04   0.32910E+04   0.43809E+01   0.62780E+22
   0.90565E+04   0.32915E+04   0.43814E+01   0.62787E+22
   0.90579E+04   0.32920E+04   0.43819E+01   0.62794E+22
   0.90593E+04   0.32925E+04   0.43824E+01   0.62801E+22
   0.90607E+04   0.32930E+04   0.43829E+01   0.62808E+22
   0.90621E+04   0.32935E+04   0.43834E+01   0.62815E+22
   0.90635E+04   0.32941E+04   0.43839E+01   0.62822E+22
   0.90650E+04   0.32946E+04   0.43844E+01   0.62829E+22
   0.90664E+04   0.32951E+04   0.43849E+01   0.62837E+22
   0.90678E+04   0.32956E+04   0.43854E+01   0.62844E+22
   0.90692E+04   0.32961E+04   0.43859E+01   0.62851E+22
   0.90706E+04   0.32966E+04   0.43864E+01   0.62858E+22
   0.90720E+04   0.32971E+04   0.43869E+01   0.62865E+22
   0.90734E+04   0.32976E+04   0.43874E+01   0.62872E+22
   0.90748E+04   0.32981E+04   0.43879E+01   0.62879E+22
   0.90762E+04   0.32987E+04   0.43884E+01   0.62886E+22
   0.90776E+04   0.32992E+04   0.43889E+01   0.62893E+22
   0.90791E+04   0.32997E+04   0.43894E+01   0.62900E+22
   0.90805E+04   0.33002E+04   0.43899E+01   0.62907E+22
   0.90819E+04   0.33007E+04   0.43904E+01   0.62914E+22
   0.90833E+04   0.33012E+04   0.43909E+01   0.62921E+22
   0.90847E+04   0.33017E+04   0.43914E+01   0.62928E+22
   0.90861E+04   0.33022E+04   0.43919E+01   0.62935E+22
   0.90875E+04   0.33027E+04   0.43924E+01   0.62942E+22
   0.90889E+04   0.33033E+04   0.43929E+01   0.62949E+22
   0.90903E+04   0.33038E+04   0.43934E+01   0.62956E+22
   0.90917E+04   0.33043E+04   0.43939E+01   0.62963E+22
   0.90932E+04   0.33048E+04   0.43944E+01   0.62970E+22
   0.90946E+04   0.33053E+04   0.43949E+01   0.62977E+22
   0.90960E+04   0.33058E+04   0.43954E+01   0.62984E+22
   0.90974E+04   0.33063E+04   0.43959E+01   0.62991E+22
   0.90988E+04   0.33068E+04   0.43964E+01   0.62998E+22
   0.91002E+04   0.33074E+04   0.43969E+01   0.63006E+22
   0.91016E+04   0.33079E+04   0.43974E+01   0.63013E+22
   0.91030E+04   0.33084E+04   0.43979E+01   0.63020E+22
   0.91044E+04   0.33089E+04   0.43984E+01   0.63027E+22
   0.91059E+04   0.33094E+04   0.43989E+01   0.63034E+22
   0.91073E+04   0.33099E+04   0.43994E+01   0.63041E+22
   0.91087E+04   0.33104E+04   0.43999E+01   0.63048E+22
   0.91101E+04   0.33109E+04   0.44004E+01   0.63055E+22
   0.91115E+04   0.33114E+04   0.44009E+01   0.63062E+22
   0.91129E+04   0.33120E+04   0.44014E+01   0.63069E+22
   0.91143E+04   0.33125E+04   0.44019E+01   0.63076E+22
   0.91157E+04   0.33130E+04   0.44024E+01   0.63083E+22
   0.91171E+04   0.33135E+04   0.44029E+01   0.63090E+22
   0.91186E+04   0.33140E+04   0.44034E+01   0.63097E+22
   0.91200E+04   0.33145E+04   0.44039E+01   0.63104E+22
   0.91214E+04   0.33150E+04   0.44044E+01   0.63111E+22
   0.91228E+04   0.33155E+04   0.44049E+01   0.63118E+22
   0.91242E+04   0.33161E+04   0.44054E+01   0.63125E+22
   0.91256E+04   0.33166E+04   0.44059E+01   0.63132E+22
   0.91270E+04   0.33171E+04   0.44064E+01   0.63139E+22
   0.91284E+04   0.33176E+04   0.44069E+01   0.63146E+22
   0.91299E+04   0.33181E+04   0.44074E+01   0.63153E+22
   0.91313E+04   0.33186E+04   0.44079E+01   0.63160E+22
   0.91327E+04   0.33191E+04   0.44084E+01   0.63167E+22
   0.91341E+04   0.33196E+04   0.44089E+01   0.63174E+22
   0.91355E+04   0.33201E+04   0.44094E+01   0.63182E+22
   0.91369E+04   0.33207E+04   0.44099E+01   0.63189E+22
   0.91383E+04   0.33212E+04   0.44104E+01   0.63196E+22
   0.91397E+04   0.33217E+04   0.44109E+01   0.63203E+22
   0.91412E+04   0.33222E+04   0.44114E+01   0.63210E+22
   0.91426E+04   0.33227E+04   0.44119E+01   0.63217E+22
   0.91440E+04   0.33232E+04   0.44124E+01   0.63224E+22
   0.91454E+04   0.33237E+04   0.44129E+01   0.63231E+22
   0.91468E+04   0.33242E+04   0.44134E+01   0.63238E+22
   0.91482E+04   0.33248E+04   0.44139E+01   0.63245E+22
   0.91496E+04   0.33253E+04   0.44144E+01   0.63252E+22
   0.91510E+04   0.33258E+04   0.44149E+01   0.63259E+22
   0.91525E+04   0.33263E+04   0.44154E+01   0.63266E+22
   0.91539E+04   0.33268E+04   0.44159E+01   0.63273E+22
   0.91553E+04   0.33273E+04   0.44164E+01   0.63280E+22
   0.91567E+04   0.33278E+04   0.44169E+01   0.63287E+22
   0.91581E+04   0.33283E+04   0.44174E+01   0.63294E+22
   0.91595E+04   0.33289E+04   0.44179E+01   0.63301E+22
   0.91609E+04   0.33294E+04   0.44184E+01   0.63308E+22
   0.91623E+04   0.33299E+04   0.44189E+01   0.63315E+22
   0.91638E+04   0.33304E+04   0.44194E+01   0.63322E+22
   0.91652E+04   0.33309E+04   0.44199E+01   0.63329E+22
   0.91666E+04   0.33314E+04   0.44204E+01   0.63336E+22
   0.91680E+04   0.33319E+04   0.44209E+01   0.63343E+22
   0.91694E+04   0.33324E+04   0.44214E+01   0.63350E+22
   0.91708E+04   0.33330E+04   0.44219E+01   0.63358E+22
   0.91722E+04   0.33335E+04   0.44224E+01   0.63365E+22
   0.91737E+04   0.33340E+04   0.44229E+01   0.63372E+22
   0.91751E+04   0.33345E+04   0.44234E+01   0.63379E+22
   0.91765E+04   0.33350E+04   0.44239E+01   0.63386E+22
   0.91779E+04   0.33355E+04   0.44244E+01   0.63393E+22
   0.91793E+04   0.33360E+04   0.44249E+01   0.63400E+22
   0.91807E+04   0.33365E+04   0.44254E+01   0.63407E+22
   0.91821E+04   0.33371E+04   0.44259E+01   0.63414E+22
   0.91836E+04   0.33376E+04   0.44264E+01   0.63421E+22
   0.91850E+04   0.33381E+04   0.44269E+01   0.63428E+22
   0.91864E+04   0.33386E+04   0.44274E+01   0.63435E+22
   0.91878E+04   0.33391E+04   0.44279E+01   0.63442E+22
   0.91892E+04   0.33396E+04   0.44284E+01   0.63449E+22
   0.91906E+04   0.33401E+04   0.44289E+01   0.63456E+22
   0.91920E+04   0.33406E+04   0.44294E+01   0.63463E+22
   0.91935E+04   0.33412E+04   0.44299E+01   0.63470E+22
   0.91949E+04   0.33417E+04   0.44304E+01   0.63477E+22
   0.91963E+04   0.33422E+04   0.44309E+01   0.63484E+22
   0.91977E+04   0.33427E+04   0.44314E+01   0.63491E+22
   0.91991E+04   0.33432E+04   0.44319E+01   0.63498E+22
   0.92005E+04   0.33437E+04   0.44324E+01   0.63505E+22
   0.92019E+04   0.33442E+04   0.44329E+01   0.63512E+22
   0.92034E+04   0.33447E+04   0.44334E+01   0.63519E+22
   0.92048E+04   0.33453E+04   0.44339E+01   0.63527E+22
   0.92062E+04   0.33458E+04   0.44344E+01   0.63534E+22
   0.92076E+04   0.33463E+04   0.44349E+01   0.63541E+22
   0.92090E+04   0.33468E+04   0.44354E+01   0.63548E+22
   0.92104E+04   0.33473E+04   0.44359E+01   0.63555E+22
   0.92119E+04   0.33478E+04   0.44364E+01   0.63562E+22
   0.92133E+04   0.33483E+04   0.44369E+01   0.63569E+22
   0.92147E+04   0.33488E+04   0.44374E+01   0.63576E+22
   0.92161E+04   0.33494E+04   0.44379E+01   0.63583E+22
   0.92175E+04   0.33499E+04   0.44384E+01   0.63590E+22
   0.92189E+04   0.33504E+04   0.44389E+01   0.63597E+22
   0.92203E+04   0.33509E+04   0.44394E+01   0.63604E+22
   0.92218E+04   0.33514E+04   0.44399E+01   0.63611E+22
   0.92232E+04   0.33519E+04   0.44404E+01   0.63618E+22
   0.92246E+04   0.33524E+04   0.44409E+01   0.63625E+22
   0.92260E+04   0.33530E+04   0.44414E+01   0.63632E+22
   0.92274E+04   0.33535E+04   0.44419E+01   0.63639E+22
   0.92288E+04   0.33540E+04   0.44424E+01   0.63646E+22
   0.92303E+04   0.33545E+04   0.44429E+01   0.63653E+22
   0.92317E+04   0.33550E+04   0.44434E+01   0.63660E+22
   0.92331E+04   0.33555E+04   0.44439E+01   0.63667E+22
   0.92345E+04   0.33560E+04   0.44444E+01   0.63674E+22
   0.92359E+04   0.33565E+04   0.44449E+01   0.63681E+22
   0.92373E+04   0.33571E+04   0.44454E+01   0.63688E+22
   0.92388E+04   0.33576E+04   0.44459E+01   0.63695E+22
   0.92402E+04   0.33581E+04   0.44464E+01   0.63703E+22
   0.92416E+04   0.33586E+04   0.44469E+01   0.63710E+22
   0.92430E+04   0.33591E+04   0.44474E+01   0.63717E+22
   0.92444E+04   0.33596E+04   0.44479E+01   0.63724E+22
   0.92458E+04   0.33601E+04   0.44484E+01   0.63731E+22
   0.92473E+04   0.33606E+04   0.44489E+01   0.63738E+22
   0.92487E+04   0.33612E+04   0.44494E+01   0.63745E+22
   0.92501E+04   0.33617E+04   0.44499E+01   0.63752E+22
   0.92515E+04   0.33622E+04   0.44504E+01   0.63759E+22
   0.92529E+04   0.33627E+04   0.44509E+01   0.63766E+22
   0.92543E+04   0.33632E+04   0.44514E+01   0.63773E+22
   0.92558E+04   0.33637E+04   0.44519E+01   0.63780E+22
   0.92572E+04   0.33642E+04   0.44524E+01   0.63787E+22
   0.92586E+04   0.33648E+04   0.44529E+01   0.63794E+22
   0.92600E+04   0.33653E+04   0.44534E+01   0.63801E+22
   0.92614E+04   0.33658E+04   0.44539E+01   0.63808E+22
   0.92629E+04   0.33663E+04   0.44544E+01   0.63815E+22
   0.92643E+04   0.33668E+04   0.44549E+01   0.63822E+22
   0.92657E+04   0.33673E+04   0.44554E+01   0.63829E+22
   0.92671E+04   0.33678E+04   0.44559E+01   0.63836E+22
   0.92685E+04   0.33684E+04   0.44564E+01   0.63843E+22
   0.92699E+04   0.33689E+04   0.44569E+01   0.63850E+22
   0.92714E+04   0.33694E+04   0.44574E+01   0.63857E+22
   0.92728E+04   0.33699E+04   0.44579E+01   0.63864E+22
   0.92742E+04   0.33704E+04   0.44584E+01   0.63872E+22
   0.92756E+04   0.33709E+04   0.44589E+01   0.63879E+22
   0.92770E+04   0.33714E+04   0.44594E+01   0.63886E+22
   0.92784E+04   0.33719E+04   0.44599E+01   0.63893E+22
   0.92799E+04   0.33725E+04   0.44604E+01   0.63900E+22
   0.92813E+04   0.33730E+04   0.44609E+01   0.63907E+22
   0.92827E+04   0.33735E+04   0.44614E+01   0.63914E+22
   0.92841E+04   0.33740E+04   0.44619E+01   0.63921E+22
   0.92855E+04   0.33745E+04   0.44624E+01   0.63928E+22
   0.92870E+04   0.33750E+04   0.44629E+01   0.63935E+22
   0.92884E+04   0.33755E+04   0.44634E+01   0.63942E+22
   0.92898E+04   0.33761E+04   0.44639E+01   0.63949E+22
   0.92912E+04   0.33766E+04   0.44644E+01   0.63956E+22
   0.92926E+04   0.33771E+04   0.44649E+01   0.63963E+22
   0.92941E+04   0.33776E+04   0.44654E+01   0.63970E+22
   0.92955E+04   0.33781E+04   0.44659E+01   0.63977E+22
   0.92969E+04   0.33786E+04   0.44664E+01   0.63984E+22
   0.92983E+04   0.33791E+04   0.44669E+01   0.63991E+22
   0.92997E+04   0.33797E+04   0.44674E+01   0.63998E+22
   0.93011E+04   0.33802E+04   0.44679E+01   0.64005E+22
   0.93026E+04   0.33807E+04   0.44684E+01   0.64012E+22
   0.93040E+04   0.33812E+04   0.44689E+01   0.64019E+22
   0.93054E+04   0.33817E+04   0.44694E+01   0.64026E+22
   0.93068E+04   0.33822E+04   0.44699E+01   0.64033E+22
   0.93082E+04   0.33827E+04   0.44704E+01   0.64041E+22
   0.93097E+04   0.33833E+04   0.44709E+01   0.64048E+22
   0.93111E+04   0.33838E+04   0.44714E+01   0.64055E+22
   0.93125E+04   0.33843E+04   0.44719E+01   0.64062E+22
   0.93139E+04   0.33848E+04   0.44724E+01   0.64069E+22
   0.93153E+04   0.33853E+04   0.44729E+01   0.64076E+22
   0.93168E+04   0.33858E+04   0.44734E+01   0.64083E+22
   0.93182E+04   0.33863E+04   0.44739E+01   0.64090E+22
   0.93196E+04   0.33869E+04   0.44744E+01   0.64097E+22
   0.93210E+04   0.33874E+04   0.44749E+01   0.64104E+22
   0.93224E+04   0.33879E+04   0.44754E+01   0.64111E+22
   0.93239E+04   0.33884E+04   0.44759E+01   0.64118E+22
   0.93253E+04   0.33889E+04   0.44764E+01   0.64125E+22
   0.93267E+04   0.33894E+04   0.44769E+01   0.64132E+22
   0.93281E+04   0.33899E+04   0.44774E+01   0.64139E+22
   0.93295E+04   0.33905E+04   0.44779E+01   0.64146E+22
   0.93310E+04   0.33910E+04   0.44784E+01   0.64153E+22
   0.93324E+04   0.33915E+04   0.44789E+01   0.64160E+22
   0.93338E+04   0.33920E+04   0.44794E+01   0.64167E+22
   0.93352E+04   0.33925E+04   0.44799E+01   0.64174E+22
   0.93366E+04   0.33930E+04   0.44804E+01   0.64181E+22
   0.93381E+04   0.33935E+04   0.44809E+01   0.64188E+22
   0.93395E+04   0.33941E+04   0.44814E+01   0.64195E+22
   0.93409E+04   0.33946E+04   0.44819E+01   0.64202E+22
   0.93423E+04   0.33951E+04   0.44824E+01   0.64210E+22
   0.93437E+04   0.33956E+04   0.44829E+01   0.64217E+22
   0.93452E+04   0.33961E+04   0.44834E+01   0.64224E+22
   0.93466E+04   0.33966E+04   0.44839E+01   0.64231E+22
   0.93480E+04   0.33971E+04   0.44844E+01   0.64238E+22
   0.93494E+04   0.33977E+04   0.44849E+01   0.64245E+22
   0.93509E+04   0.33982E+04   0.44854E+01   0.64252E+22
   0.93523E+04   0.33987E+04   0.44859E+01   0.64259E+22
   0.93537E+04   0.33992E+04   0.44864E+01   0.64266E+22
   0.93551E+04   0.33997E+04   0.44869E+01   0.64273E+22
   0.93565E+04   0.34002E+04   0.44874E+01   0.64280E+22
   0.93580E+04   0.34007E+04   0.44879E+01   0.64287E+22
   0.93594E+04   0.34013E+04   0.44884E+01   0.64294E+22
   0.93608E+04   0.34018E+04   0.44889E+01   0.64301E+22
   0.93622E+04   0.34023E+04   0.44894E+01   0.64308E+22
   0.93636E+04   0.34028E+04   0.44899E+01   0.64315E+22
   0.93651E+04   0.34033E+04   0.44904E+01   0.64322E+22
   0.93665E+04   0.34038E+04   0.44909E+01   0.64329E+22
   0.93679E+04   0.34044E+04   0.44914E+01   0.64336E+22
   0.93693E+04   0.34049E+04   0.44919E+01   0.64343E+22
   0.93708E+04   0.34054E+04   0.44924E+01   0.64350E+22
   0.93722E+04   0.34059E+04   0.44929E+01   0.64357E+22
   0.93736E+04   0.34064E+04   0.44934E+01   0.64364E+22
   0.93750E+04   0.34069E+04   0.44939E+01   0.64371E+22
   0.93764E+04   0.34074E+04   0.44944E+01   0.64379E+22
   0.93779E+04   0.34080E+04   0.44949E+01   0.64386E+22
   0.93793E+04   0.34085E+04   0.44954E+01   0.64393E+22
   0.93807E+04   0.34090E+04   0.44959E+01   0.64400E+22
   0.93821E+04   0.34095E+04   0.44964E+01   0.64407E+22
   0.93836E+04   0.34100E+04   0.44969E+01   0.64414E+22
   0.93850E+04   0.34105E+04   0.44974E+01   0.64421E+22
   0.93864E+04   0.34110E+04   0.44979E+01   0.64428E+22
   0.93878E+04   0.34116E+04   0.44984E+01   0.64435E+22
   0.93892E+04   0.34121E+04   0.44989E+01   0.64442E+22
   0.93907E+04   0.34126E+04   0.44994E+01   0.64449E+22
   0.93921E+04   0.34131E+04   0.44999E+01   0.64456E+22
   0.93935E+04   0.34136E+04   0.45004E+01   0.64463E+22
   0.93949E+04   0.34141E+04   0.45009E+01   0.64470E+22
   0.93964E+04   0.34147E+04   0.45014E+01   0.64477E+22
   0.93978E+04   0.34152E+04   0.45019E+01   0.64484E+22
   0.93992E+04   0.34157E+04   0.45024E+01   0.64491E+22
   0.94006E+04   0.34162E+04   0.45029E+01   0.64498E+22
   0.94021E+04   0.34167E+04   0.45034E+01   0.64505E+22
   0.94035E+04   0.34172E+04   0.45039E+01   0.64512E+22
   0.94049E+04   0.34177E+04   0.45044E+01   0.64519E+22
   0.94063E+04   0.34183E+04   0.45049E+01   0.64526E+22
   0.94077E+04   0.34188E+04   0.45054E+01   0.64533E+22
   0.94092E+04   0.34193E+04   0.45059E+01   0.64540E+22
   0.94106E+04   0.34198E+04   0.45064E+01   0.64548E+22
   0.94120E+04   0.34203E+04   0.45069E+01   0.64555E+22
   0.94134E+04   0.34208E+04   0.45074E+01   0.64562E+22
   0.94149E+04   0.34214E+04   0.45079E+01   0.64569E+22
   0.94163E+04   0.34219E+04   0.45084E+01   0.64576E+22
   0.94177E+04   0.34224E+04   0.45089E+01   0.64583E+22
   0.94191E+04   0.34229E+04   0.45094E+01   0.64590E+22
   0.94206E+04   0.34234E+04   0.45099E+01   0.64597E+22
   0.94220E+04   0.34239E+04   0.45104E+01   0.64604E+22
   0.94234E+04   0.34244E+04   0.45109E+01   0.64611E+22
   0.94248E+04   0.34250E+04   0.45114E+01   0.64618E+22
   0.94263E+04   0.34255E+04   0.45119E+01   0.64625E+22
   0.94277E+04   0.34260E+04   0.45124E+01   0.64632E+22
   0.94291E+04   0.34265E+04   0.45129E+01   0.64639E+22
   0.94305E+04   0.34270E+04   0.45134E+01   0.64646E+22
   0.94320E+04   0.34275E+04   0.45139E+01   0.64653E+22
   0.94334E+04   0.34281E+04   0.45144E+01   0.64660E+22
   0.94348E+04   0.34286E+04   0.45149E+01   0.64667E+22
   0.94362E+04   0.34291E+04   0.45154E+01   0.64674E+22
   0.94376E+04   0.34296E+04   0.45159E+01   0.64681E+22
   0.94391E+04   0.34301E+04   0.45164E+01   0.64688E+22
   0.94405E+04   0.34306E+04   0.45169E+01   0.64695E+22
   0.94419E+04   0.34312E+04   0.45174E+01   0.64702E+22
   0.94433E+04   0.34317E+04   0.45179E+01   0.64709E+22
   0.94448E+04   0.34322E+04   0.45184E+01   0.64717E+22
   0.94462E+04   0.34327E+04   0.45189E+01   0.64724E+22
   0.94476E+04   0.34332E+04   0.45194E+01   0.64731E+22
   0.94490E+04   0.34337E+04   0.45199E+01   0.64738E+22
   0.94505E+04   0.34342E+04   0.45204E+01   0.64745E+22
   0.94519E+04   0.34348E+04   0.45209E+01   0.64752E+22
   0.94533E+04   0.34353E+04   0.45214E+01   0.64759E+22
   0.94547E+04   0.34358E+04   0.45219E+01   0.64766E+22
   0.94562E+04   0.34363E+04   0.45224E+01   0.64773E+22
   0.94576E+04   0.34368E+04   0.45229E+01   0.64780E+22
   0.94590E+04   0.34373E+04   0.45234E+01   0.64787E+22
   0.94605E+04   0.34379E+04   0.45239E+01   0.64794E+22
   0.94619E+04   0.34384E+04   0.45244E+01   0.64801E+22
   0.94633E+04   0.34389E+04   0.45249E+01   0.64808E+22
   0.94647E+04   0.34394E+04   0.45254E+01   0.64815E+22
   0.94662E+04   0.34399E+04   0.45259E+01   0.64822E+22
   0.94676E+04   0.34404E+04   0.45264E+01   0.64829E+22
   0.94690E+04   0.34410E+04   0.45269E+01   0.64836E+22
   0.94704E+04   0.34415E+04   0.45274E+01   0.64843E+22
   0.94719E+04   0.34420E+04   0.45279E+01   0.64850E+22
   0.94733E+04   0.34425E+04   0.45284E+01   0.64857E+22
   0.94747E+04   0.34430E+04   0.45289E+01   0.64864E+22
   0.94761E+04   0.34435E+04   0.45294E+01   0.64871E+22
   0.94776E+04   0.34441E+04   0.45299E+01   0.64878E+22
   0.94790E+04   0.34446E+04   0.45304E+01   0.64886E+22
   0.94804E+04   0.34451E+04   0.45309E+01   0.64893E+22
   0.94818E+04   0.34456E+04   0.45314E+01   0.64900E+22
   0.94833E+04   0.34461E+04   0.45319E+01   0.64907E+22
   0.94847E+04   0.34466E+04   0.45324E+01   0.64914E+22
   0.94861E+04   0.34472E+04   0.45329E+01   0.64921E+22
   0.94875E+04   0.34477E+04   0.45334E+01   0.64928E+22
   0.94890E+04   0.34482E+04   0.45339E+01   0.64935E+22
   0.94904E+04   0.34487E+04   0.45344E+01   0.64942E+22
   0.94918E+04   0.34492E+04   0.45349E+01   0.64949E+22
   0.94933E+04   0.34497E+04   0.45354E+01   0.64956E+22
   0.94947E+04   0.34503E+04   0.45359E+01   0.64963E+22
   0.94961E+04   0.34508E+04   0.45364E+01   0.64970E+22
   0.94975E+04   0.34513E+04   0.45369E+01   0.64977E+22
   0.94990E+04   0.34518E+04   0.45374E+01   0.64984E+22
   0.95004E+04   0.34523E+04   0.45379E+01   0.64991E+22
   0.95018E+04   0.34528E+04   0.45384E+01   0.64998E+22
   0.95032E+04   0.34534E+04   0.45389E+01   0.65005E+22
   0.95047E+04   0.34539E+04   0.45394E+01   0.65012E+22
   0.95061E+04   0.34544E+04   0.45399E+01   0.65019E+22
   0.95075E+04   0.34549E+04   0.45404E+01   0.65026E+22
   0.95090E+04   0.34554E+04   0.45409E+01   0.65033E+22
   0.95104E+04   0.34559E+04   0.45414E+01   0.65040E+22
   0.95118E+04   0.34565E+04   0.45419E+01   0.65047E+22
   0.95132E+04   0.34570E+04   0.45424E+01   0.65055E+22
   0.95147E+04   0.34575E+04   0.45429E+01   0.65062E+22
   0.95161E+04   0.34580E+04   0.45434E+01   0.65069E+22
   0.95175E+04   0.34585E+04   0.45439E+01   0.65076E+22
   0.95189E+04   0.34590E+04   0.45444E+01   0.65083E+22
   0.95204E+04   0.34596E+04   0.45449E+01   0.65090E+22
   0.95218E+04   0.34601E+04   0.45454E+01   0.65097E+22
   0.95232E+04   0.34606E+04   0.45459E+01   0.65104E+22
   0.95247E+04   0.34611E+04   0.45464E+01   0.65111E+22
   0.95261E+04   0.34616E+04   0.45469E+01   0.65118E+22
   0.95275E+04   0.34621E+04   0.45474E+01   0.65125E+22
   0.95289E+04   0.34627E+04   0.45479E+01   0.65132E+22
   0.95304E+04   0.34632E+04   0.45484E+01   0.65139E+22
   0.95318E+04   0.34637E+04   0.45489E+01   0.65146E+22
   0.95332E+04   0.34642E+04   0.45494E+01   0.65153E+22
   0.95347E+04   0.34647E+04   0.45499E+01   0.65160E+22
   0.95361E+04   0.34652E+04   0.45504E+01   0.65167E+22
   0.95375E+04   0.34658E+04   0.45509E+01   0.65174E+22
   0.95389E+04   0.34663E+04   0.45514E+01   0.65181E+22
   0.95404E+04   0.34668E+04   0.45519E+01   0.65188E+22
   0.95418E+04   0.34673E+04   0.45524E+01   0.65195E+22
   0.95432E+04   0.34678E+04   0.45529E+01   0.65202E+22
   0.95447E+04   0.34683E+04   0.45534E+01   0.65209E+22
   0.95461E+04   0.34689E+04   0.45539E+01   0.65216E+22
   0.95475E+04   0.34694E+04   0.45544E+01   0.65224E+22
   0.95489E+04   0.34699E+04   0.45549E+01   0.65231E+22
   0.95504E+04   0.34704E+04   0.45554E+01   0.65238E+22
   0.95518E+04   0.34709E+04   0.45559E+01   0.65245E+22
   0.95532E+04   0.34714E+04   0.45564E+01   0.65252E+22
   0.95547E+04   0.34720E+04   0.45569E+01   0.65259E+22
   0.95561E+04   0.34725E+04   0.45574E+01   0.65266E+22
   0.95575E+04   0.34730E+04   0.45579E+01   0.65273E+22
   0.95590E+04   0.34735E+04   0.45584E+01   0.65280E+22
   0.95604E+04   0.34740E+04   0.45589E+01   0.65287E+22
   0.95618E+04   0.34745E+04   0.45594E+01   0.65294E+22
   0.95632E+04   0.34751E+04   0.45599E+01   0.65301E+22
   0.95647E+04   0.34756E+04   0.45604E+01   0.65308E+22
   0.95661E+04   0.34761E+04   0.45609E+01   0.65315E+22
   0.95675E+04   0.34766E+04   0.45614E+01   0.65322E+22
   0.95690E+04   0.34771E+04   0.45619E+01   0.65329E+22
   0.95704E+04   0.34777E+04   0.45624E+01   0.65336E+22
   0.95718E+04   0.34782E+04   0.45629E+01   0.65343E+22
   0.95732E+04   0.34787E+04   0.45634E+01   0.65350E+22
   0.95747E+04   0.34792E+04   0.45639E+01   0.65357E+22
   0.95761E+04   0.34797E+04   0.45644E+01   0.65364E+22
   0.95775E+04   0.34802E+04   0.45649E+01   0.65371E+22
   0.95790E+04   0.34808E+04   0.45654E+01   0.65378E+22
   0.95804E+04   0.34813E+04   0.45659E+01   0.65385E+22
   0.95818E+04   0.34818E+04   0.45664E+01   0.65393E+22
   0.95833E+04   0.34823E+04   0.45669E+01   0.65400E+22
   0.95847E+04   0.34828E+04   0.45674E+01   0.65407E+22
   0.95861E+04   0.34833E+04   0.45679E+01   0.65414E+22
   0.95876E+04   0.34839E+04   0.45684E+01   0.65421E+22
   0.95890E+04   0.34844E+04   0.45689E+01   0.65428E+22
   0.95904E+04   0.34849E+04   0.45694E+01   0.65435E+22
   0.95918E+04   0.34854E+04   0.45699E+01   0.65442E+22
   0.95933E+04   0.34859E+04   0.45704E+01   0.65449E+22
   0.95947E+04   0.34865E+04   0.45709E+01   0.65456E+22
   0.95961E+04   0.34870E+04   0.45714E+01   0.65463E+22
   0.95976E+04   0.34875E+04   0.45719E+01   0.65470E+22
   0.95990E+04   0.34880E+04   0.45724E+01   0.65477E+22
   0.96004E+04   0.34885E+04   0.45729E+01   0.65484E+22
   0.96019E+04   0.34890E+04   0.45734E+01   0.65491E+22
   0.96033E+04   0.34896E+04   0.45739E+01   0.65498E+22
   0.96047E+04   0.34901E+04   0.45744E+01   0.65505E+22
   0.96062E+04   0.34906E+04   0.45749E+01   0.65512E+22
   0.96076E+04   0.34911E+04   0.45754E+01   0.65519E+22
   0.96090E+04   0.34916E+04   0.45759E+01   0.65526E+22
   0.96104E+04   0.34921E+04   0.45764E+01   0.65533E+22
   0.96119E+04   0.34927E+04   0.45769E+01   0.65540E+22
   0.96133E+04   0.34932E+04   0.45774E+01   0.65547E+22
   0.96147E+04   0.34937E+04   0.45779E+01   0.65555E+22
   0.96162E+04   0.34942E+04   0.45784E+01   0.65562E+22
   0.96176E+04   0.34947E+04   0.45789E+01   0.65569E+22
   0.96190E+04   0.34953E+04   0.45794E+01   0.65576E+22
   0.96205E+04   0.34958E+04   0.45799E+01   0.65583E+22
   0.96219E+04   0.34963E+04   0.45804E+01   0.65590E+22
   0.96233E+04   0.34968E+04   0.45809E+01   0.65597E+22
   0.96248E+04   0.34973E+04   0.45814E+01   0.65604E+22
   0.96262E+04   0.34978E+04   0.45819E+01   0.65611E+22
   0.96276E+04   0.34984E+04   0.45824E+01   0.65618E+22
   0.96291E+04   0.34989E+04   0.45829E+01   0.65625E+22
   0.96305E+04   0.34994E+04   0.45834E+01   0.65632E+22
   0.96319E+04   0.34999E+04   0.45839E+01   0.65639E+22
   0.96334E+04   0.35004E+04   0.45844E+01   0.65646E+22
   0.96348E+04   0.35010E+04   0.45849E+01   0.65653E+22
   0.96362E+04   0.35015E+04   0.45854E+01   0.65660E+22
   0.96377E+04   0.35020E+04   0.45859E+01   0.65667E+22
   0.96391E+04   0.35025E+04   0.45864E+01   0.65674E+22
   0.96405E+04   0.35030E+04   0.45869E+01   0.65681E+22
   0.96420E+04   0.35035E+04   0.45874E+01   0.65688E+22
   0.96434E+04   0.35041E+04   0.45879E+01   0.65695E+22
   0.96448E+04   0.35046E+04   0.45884E+01   0.65702E+22
   0.96463E+04   0.35051E+04   0.45889E+01   0.65709E+22
   0.96477E+04   0.35056E+04   0.45894E+01   0.65716E+22
   0.96491E+04   0.35061E+04   0.45899E+01   0.65724E+22
   0.96506E+04   0.35067E+04   0.45904E+01   0.65731E+22
   0.96520E+04   0.35072E+04   0.45909E+01   0.65738E+22
   0.96534E+04   0.35077E+04   0.45914E+01   0.65745E+22
   0.96549E+04   0.35082E+04   0.45919E+01   0.65752E+22
   0.96563E+04   0.35087E+04   0.45924E+01   0.65759E+22
   0.96577E+04   0.35092E+04   0.45929E+01   0.65766E+22
   0.96592E+04   0.35098E+04   0.45934E+01   0.65773E+22
   0.96606E+04   0.35103E+04   0.45939E+01   0.65780E+22
   0.96620E+04   0.35108E+04   0.45944E+01   0.65787E+22
   0.96635E+04   0.35113E+04   0.45949E+01   0.65794E+22
   0.96649E+04   0.35118E+04   0.45954E+01   0.65801E+22
   0.96663E+04   0.35124E+04   0.45959E+01   0.65808E+22
   0.96678E+04   0.35129E+04   0.45964E+01   0.65815E+22
   0.96692E+04   0.35134E+04   0.45969E+01   0.65822E+22
   0.96706E+04   0.35139E+04   0.45974E+01   0.65829E+22
   0.96721E+04   0.35144E+04   0.45979E+01   0.65836E+22
   0.96735E+04   0.35150E+04   0.45984E+01   0.65843E+22
   0.96749E+04   0.35155E+04   0.45989E+01   0.65850E+22
   0.96764E+04   0.35160E+04   0.45994E+01   0.65857E+22
   0.96778E+04   0.35165E+04   0.45999E+01   0.65864E+22
   0.96792E+04   0.35170E+04   0.46004E+01   0.65871E+22
   0.96807E+04   0.35175E+04   0.46009E+01   0.65878E+22
   0.96821E+04   0.35181E+04   0.46014E+01   0.65886E+22
   0.96835E+04   0.35186E+04   0.46019E+01   0.65893E+22
   0.96850E+04   0.35191E+04   0.46024E+01   0.65900E+22
   0.96864E+04   0.35196E+04   0.46029E+01   0.65907E+22
   0.96878E+04   0.35201E+04   0.46034E+01   0.65914E+22
   0.96893E+04   0.35207E+04   0.46039E+01   0.65921E+22
   0.96907E+04   0.35212E+04   0.46044E+01   0.65928E+22
   0.96921E+04   0.35217E+04   0.46049E+01   0.65935E+22
   0.96936E+04   0.35222E+04   0.46054E+01   0.65942E+22
   0.96950E+04   0.35227E+04   0.46059E+01   0.65949E+22
   0.96964E+04   0.35233E+04   0.46064E+01   0.65956E+22
   0.96979E+04   0.35238E+04   0.46069E+01   0.65963E+22
   0.96993E+04   0.35243E+04   0.46074E+01   0.65970E+22
   0.97007E+04   0.35248E+04   0.46079E+01   0.65977E+22
   0.97022E+04   0.35253E+04   0.46084E+01   0.65984E+22
   0.97036E+04   0.35259E+04   0.46089E+01   0.65991E+22
   0.97051E+04   0.35264E+04   0.46094E+01   0.65998E+22
   0.97065E+04   0.35269E+04   0.46099E+01   0.66005E+22
   0.97079E+04   0.35274E+04   0.46104E+01   0.66012E+22
   0.97094E+04   0.35279E+04   0.46109E+01   0.66019E+22
   0.97108E+04   0.35284E+04   0.46114E+01   0.66026E+22
   0.97122E+04   0.35290E+04   0.46119E+01   0.66033E+22
   0.97137E+04   0.35295E+04   0.46124E+01   0.66040E+22
   0.97151E+04   0.35300E+04   0.46129E+01   0.66047E+22
   0.97165E+04   0.35305E+04   0.46134E+01   0.66055E+22
   0.97180E+04   0.35310E+04   0.46139E+01   0.66062E+22
   0.97194E+04   0.35316E+04   0.46144E+01   0.66069E+22
   0.97208E+04   0.35321E+04   0.46149E+01   0.66076E+22
   0.97223E+04   0.35326E+04   0.46154E+01   0.66083E+22
   0.97237E+04   0.35331E+04   0.46159E+01   0.66090E+22
   0.97252E+04   0.35336E+04   0.46164E+01   0.66097E+22
   0.97266E+04   0.35342E+04   0.46169E+01   0.66104E+22
   0.97280E+04   0.35347E+04   0.46174E+01   0.66111E+22
   0.97295E+04   0.35352E+04   0.46179E+01   0.66118E+22
   0.97309E+04   0.35357E+04   0.46184E+01   0.66125E+22
   0.97323E+04   0.35362E+04   0.46189E+01   0.66132E+22
   0.97338E+04   0.35368E+04   0.46194E+01   0.66139E+22
   0.97352E+04   0.35373E+04   0.46199E+01   0.66146E+22
   0.97366E+04   0.35378E+04   0.46204E+01   0.66153E+22
   0.97381E+04   0.35383E+04   0.46209E+01   0.66160E+22
   0.97395E+04   0.35388E+04   0.46214E+01   0.66167E+22
   0.97410E+04   0.35394E+04   0.46219E+01   0.66174E+22
   0.97424E+04   0.35399E+04   0.46224E+01   0.66181E+22
   0.97438E+04   0.35404E+04   0.46229E+01   0.66188E+22
   0.97453E+04   0.35409E+04   0.46234E+01   0.66195E+22
   0.97467E+04   0.35414E+04   0.46239E+01   0.66202E+22
   0.97481E+04   0.35420E+04   0.46244E+01   0.66209E+22
   0.97496E+04   0.35425E+04   0.46249E+01   0.66217E+22
   0.97510E+04   0.35430E+04   0.46254E+01   0.66224E+22
   0.97524E+04   0.35435E+04   0.46259E+01   0.66231E+22
   0.97539E+04   0.35440E+04   0.46264E+01   0.66238E+22
   0.97553E+04   0.35445E+04   0.46269E+01   0.66245E+22
   0.97568E+04   0.35451E+04   0.46274E+01   0.66252E+22
   0.97582E+04   0.35456E+04   0.46279E+01   0.66259E+22
   0.97596E+04   0.35461E+04   0.46284E+01   0.66266E+22
   0.97611E+04   0.35466E+04   0.46289E+01   0.66273E+22
   0.97625E+04   0.35471E+04   0.46294E+01   0.66280E+22
   0.97639E+04   0.35477E+04   0.46299E+01   0.66287E+22
   0.97654E+04   0.35482E+04   0.46304E+01   0.66294E+22
   0.97668E+04   0.35487E+04   0.46309E+01   0.66301E+22
   0.97683E+04   0.35492E+04   0.46314E+01   0.66308E+22
   0.97697E+04   0.35497E+04   0.46319E+01   0.66315E+22
   0.97711E+04   0.35503E+04   0.46324E+01   0.66322E+22
   0.97726E+04   0.35508E+04   0.46329E+01   0.66329E+22
   0.97740E+04   0.35513E+04   0.46334E+01   0.66336E+22
   0.97754E+04   0.35518E+04   0.46339E+01   0.66343E+22
   0.97769E+04   0.35523E+04   0.46344E+01   0.66350E+22
   0.97783E+04   0.35529E+04   0.46349E+01   0.66357E+22
   0.97798E+04   0.35534E+04   0.46354E+01   0.66364E+22
   0.97812E+04   0.35539E+04   0.46359E+01   0.66371E+22
   0.97826E+04   0.35544E+04   0.46364E+01   0.66378E+22
   0.97841E+04   0.35549E+04   0.46369E+01   0.66386E+22
   0.97855E+04   0.35555E+04   0.46374E+01   0.66393E+22
   0.97870E+04   0.35560E+04   0.46379E+01   0.66400E+22
   0.97884E+04   0.35565E+04   0.46384E+01   0.66407E+22
   0.97898E+04   0.35570E+04   0.46389E+01   0.66414E+22
   0.97913E+04   0.35575E+04   0.46394E+01   0.66421E+22
   0.97927E+04   0.35581E+04   0.46399E+01   0.66428E+22
   0.97941E+04   0.35586E+04   0.46404E+01   0.66435E+22
   0.97956E+04   0.35591E+04   0.46409E+01   0.66442E+22
   0.97970E+04   0.35596E+04   0.46414E+01   0.66449E+22
   0.97985E+04   0.35601E+04   0.46419E+01   0.66456E+22
   0.97999E+04   0.35607E+04   0.46424E+01   0.66463E+22
   0.98013E+04   0.35612E+04   0.46429E+01   0.66470E+22
   0.98028E+04   0.35617E+04   0.46434E+01   0.66477E+22
   0.98042E+04   0.35622E+04   0.46439E+01   0.66484E+22
   0.98057E+04   0.35628E+04   0.46444E+01   0.66491E+22
   0.98071E+04   0.35633E+04   0.46449E+01   0.66498E+22
   0.98085E+04   0.35638E+04   0.46454E+01   0.66505E+22
   0.98100E+04   0.35643E+04   0.46459E+01   0.66512E+22
   0.98114E+04   0.35648E+04   0.46464E+01   0.66519E+22
   0.98129E+04   0.35654E+04   0.46469E+01   0.66526E+22
   0.98143E+04   0.35659E+04   0.46474E+01   0.66533E+22
   0.98157E+04   0.35664E+04   0.46479E+01   0.66540E+22
   0.98172E+04   0.35669E+04   0.46484E+01   0.66548E+22
   0.98186E+04   0.35674E+04   0.46489E+01   0.66555E+22
   0.98201E+04   0.35680E+04   0.46494E+01   0.66562E+22
   0.98215E+04   0.35685E+04   0.46499E+01   0.66569E+22
   0.98229E+04   0.35690E+04   0.46504E+01   0.66576E+22
   0.98244E+04   0.35695E+04   0.46509E+01   0.66583E+22
   0.98258E+04   0.35700E+04   0.46514E+01   0.66590E+22
   0.98273E+04   0.35706E+04   0.46519E+01   0.66597E+22
   0.98287E+04   0.35711E+04   0.46524E+01   0.66604E+22
   0.98301E+04   0.35716E+04   0.46529E+01   0.66611E+22
   0.98316E+04   0.35721E+04   0.46534E+01   0.66618E+22
   0.98330E+04   0.35726E+04   0.46539E+01   0.66625E+22
   0.98345E+04   0.35732E+04   0.46544E+01   0.66632E+22
   0.98359E+04   0.35737E+04   0.46549E+01   0.66639E+22
   0.98373E+04   0.35742E+04   0.46554E+01   0.66646E+22
   0.98388E+04   0.35747E+04   0.46559E+01   0.66653E+22
   0.98402E+04   0.35752E+04   0.46564E+01   0.66660E+22
   0.98417E+04   0.35758E+04   0.46569E+01   0.66667E+22
   0.98431E+04   0.35763E+04   0.46574E+01   0.66674E+22
   0.98445E+04   0.35768E+04   0.46579E+01   0.66681E+22
   0.98460E+04   0.35773E+04   0.46584E+01   0.66688E+22
   0.98474E+04   0.35778E+04   0.46589E+01   0.66695E+22
   0.98489E+04   0.35784E+04   0.46594E+01   0.66702E+22
   0.98503E+04   0.35789E+04   0.46599E+01   0.66710E+22
   0.98517E+04   0.35794E+04   0.46604E+01   0.66717E+22
   0.98532E+04   0.35799E+04   0.46609E+01   0.66724E+22
   0.98546E+04   0.35805E+04   0.46614E+01   0.66731E+22
   0.98561E+04   0.35810E+04   0.46619E+01   0.66738E+22
   0.98575E+04   0.35815E+04   0.46624E+01   0.66745E+22
   0.98589E+04   0.35820E+04   0.46629E+01   0.66752E+22
   0.98604E+04   0.35825E+04   0.46634E+01   0.66759E+22
   0.98618E+04   0.35831E+04   0.46639E+01   0.66766E+22
   0.98633E+04   0.35836E+04   0.46644E+01   0.66773E+22
   0.98647E+04   0.35841E+04   0.46649E+01   0.66780E+22
   0.98662E+04   0.35846E+04   0.46654E+01   0.66787E+22
   0.98676E+04   0.35851E+04   0.46659E+01   0.66794E+22
   0.98690E+04   0.35857E+04   0.46664E+01   0.66801E+22
   0.98705E+04   0.35862E+04   0.46669E+01   0.66808E+22
   0.98719E+04   0.35867E+04   0.46674E+01   0.66815E+22
   0.98734E+04   0.35872E+04   0.46679E+01   0.66822E+22
   0.98748E+04   0.35877E+04   0.46684E+01   0.66829E+22
   0.98762E+04   0.35883E+04   0.46689E+01   0.66836E+22
   0.98777E+04   0.35888E+04   0.46694E+01   0.66843E+22
   0.98791E+04   0.35893E+04   0.46699E+01   0.66850E+22
   0.98806E+04   0.35898E+04   0.46704E+01   0.66857E+22
   0.98820E+04   0.35904E+04   0.46709E+01   0.66864E+22
   0.98835E+04   0.35909E+04   0.46714E+01   0.66872E+22
   0.98849E+04   0.35914E+04   0.46719E+01   0.66879E+22
   0.98863E+04   0.35919E+04   0.46724E+01   0.66886E+22
   0.98878E+04   0.35924E+04   0.46729E+01   0.66893E+22
   0.98892E+04   0.35930E+04   0.46734E+01   0.66900E+22
   0.98907E+04   0.35935E+04   0.46739E+01   0.66907E+22
   0.98921E+04   0.35940E+04   0.46744E+01   0.66914E+22
   0.98936E+04   0.35945E+04   0.46749E+01   0.66921E+22
   0.98950E+04   0.35950E+04   0.46754E+01   0.66928E+22
   0.98964E+04   0.35956E+04   0.46759E+01   0.66935E+22
   0.98979E+04   0.35961E+04   0.46764E+01   0.66942E+22
   0.98993E+04   0.35966E+04   0.46769E+01   0.66949E+22
   0.99008E+04   0.35971E+04   0.46774E+01   0.66956E+22
   0.99022E+04   0.35977E+04   0.46779E+01   0.66963E+22
   0.99037E+04   0.35982E+04   0.46784E+01   0.66970E+22
   0.99051E+04   0.35987E+04   0.46789E+01   0.66977E+22
   0.99065E+04   0.35992E+04   0.46794E+01   0.66984E+22
   0.99080E+04   0.35997E+04   0.46799E+01   0.66991E+22
   0.99094E+04   0.36003E+04   0.46804E+01   0.66998E+22
   0.99109E+04   0.36008E+04   0.46809E+01   0.67005E+22
   0.99123E+04   0.36013E+04   0.46814E+01   0.67012E+22
   0.99138E+04   0.36018E+04   0.46819E+01   0.67019E+22
   0.99152E+04   0.36023E+04   0.46824E+01   0.67026E+22
   0.99166E+04   0.36029E+04   0.46829E+01   0.67033E+22
   0.99181E+04   0.36034E+04   0.46834E+01   0.67041E+22
   0.99195E+04   0.36039E+04   0.46839E+01   0.67048E+22
   0.99210E+04   0.36044E+04   0.46844E+01   0.67055E+22
   0.99224E+04   0.36050E+04   0.46849E+01   0.67062E+22
   0.99239E+04   0.36055E+04   0.46854E+01   0.67069E+22
   0.99253E+04   0.36060E+04   0.46859E+01   0.67076E+22
   0.99267E+04   0.36065E+04   0.46864E+01   0.67083E+22
   0.99282E+04   0.36070E+04   0.46869E+01   0.67090E+22
   0.99296E+04   0.36076E+04   0.46874E+01   0.67097E+22
   0.99311E+04   0.36081E+04   0.46879E+01   0.67104E+22
   0.99325E+04   0.36086E+04   0.46884E+01   0.67111E+22
   0.99340E+04   0.36091E+04   0.46889E+01   0.67118E+22
   0.99354E+04   0.36097E+04   0.46894E+01   0.67125E+22
   0.99369E+04   0.36102E+04   0.46899E+01   0.67132E+22
   0.99383E+04   0.36107E+04   0.46904E+01   0.67139E+22
   0.99397E+04   0.36112E+04   0.46909E+01   0.67146E+22
   0.99412E+04   0.36117E+04   0.46914E+01   0.67153E+22
   0.99426E+04   0.36123E+04   0.46919E+01   0.67160E+22
   0.99441E+04   0.36128E+04   0.46924E+01   0.67167E+22
   0.99455E+04   0.36133E+04   0.46929E+01   0.67174E+22
   0.99470E+04   0.36138E+04   0.46934E+01   0.67181E+22
   0.99484E+04   0.36143E+04   0.46939E+01   0.67188E+22
   0.99499E+04   0.36149E+04   0.46944E+01   0.67195E+22
   0.99513E+04   0.36154E+04   0.46949E+01   0.67203E+22
   0.99527E+04   0.36159E+04   0.46954E+01   0.67210E+22
   0.99542E+04   0.36164E+04   0.46959E+01   0.67217E+22
   0.99556E+04   0.36170E+04   0.46964E+01   0.67224E+22
   0.99571E+04   0.36175E+04   0.46969E+01   0.67231E+22
   0.99585E+04   0.36180E+04   0.46974E+01   0.67238E+22
   0.99600E+04   0.36185E+04   0.46979E+01   0.67245E+22
   0.99614E+04   0.36190E+04   0.46984E+01   0.67252E+22
   0.99629E+04   0.36196E+04   0.46989E+01   0.67259E+22
   0.99643E+04   0.36201E+04   0.46994E+01   0.67266E+22
   0.99658E+04   0.36206E+04   0.46999E+01   0.67273E+22
   0.99672E+04   0.36211E+04   0.47004E+01   0.67280E+22
   0.99686E+04   0.36217E+04   0.47009E+01   0.67287E+22
   0.99701E+04   0.36222E+04   0.47014E+01   0.67294E+22
   0.99715E+04   0.36227E+04   0.47019E+01   0.67301E+22
   0.99730E+04   0.36232E+04   0.47024E+01   0.67308E+22
   0.99744E+04   0.36237E+04   0.47029E+01   0.67315E+22
   0.99759E+04   0.36243E+04   0.47034E+01   0.67322E+22
   0.99773E+04   0.36248E+04   0.47039E+01   0.67329E+22
   0.99788E+04   0.36253E+04   0.47044E+01   0.67336E+22
   0.99802E+04   0.36258E+04   0.47049E+01   0.67343E+22
   0.99817E+04   0.36264E+04   0.47054E+01   0.67350E+22
   0.99831E+04   0.36269E+04   0.47059E+01   0.67357E+22
   0.99845E+04   0.36274E+04   0.47064E+01   0.67365E+22
   0.99860E+04   0.36279E+04   0.47069E+01   0.67372E+22
   0.99874E+04   0.36284E+04   0.47074E+01   0.67379E+22
   0.99889E+04   0.36290E+04   0.47079E+01   0.67386E+22
   0.99903E+04   0.36295E+04   0.47084E+01   0.67393E+22
   0.99918E+04   0.36300E+04   0.47089E+01   0.67400E+22
   0.99932E+04   0.36305E+04   0.47094E+01   0.67407E+22
   0.99947E+04   0.36311E+04   0.47099E+01   0.67414E+22
   0.99961E+04   0.36316E+04   0.47104E+01   0.67421E+22
   0.99976E+04   0.36321E+04   0.47109E+01   0.67428E+22
   0.99990E+04   0.36326E+04   0.47114E+01   0.67435E+22
   0.10000E+05   0.36332E+04   0.47119E+01   0.67442E+22
   0.10002E+05   0.36337E+04   0.47124E+01   0.67449E+22
   0.10003E+05   0.36342E+04   0.47129E+01   0.67456E+22
   0.10005E+05   0.36347E+04   0.47134E+01   0.67463E+22
   0.10006E+05   0.36352E+04   0.47139E+01   0.67470E+22
   0.10008E+05   0.36358E+04   0.47144E+01   0.67477E+22
   0.10009E+05   0.36363E+04   0.47149E+01   0.67484E+22
   0.10011E+05   0.36368E+04   0.47154E+01   0.67491E+22
   0.10012E+05   0.36373E+04   0.47159E+01   0.67498E+22
   0.10013E+05   0.36379E+04   0.47164E+01   0.67505E+22
   0.10015E+05   0.36384E+04   0.47169E+01   0.67512E+22
   0.10016E+05   0.36389E+04   0.47174E+01   0.67519E+22
   0.10018E+05   0.36394E+04   0.47179E+01   0.67527E+22
   0.10019E+05   0.36399E+04   0.47184E+01   0.67534E+22
   0.10021E+05   0.36405E+04   0.47189E+01   0.67541E+22
   0.10022E+05   0.36410E+04   0.47194E+01   0.67548E+22
   0.10024E+05   0.36415E+04   0.47199E+01   0.67555E+22
   0.10025E+05   0.36420E+04   0.47204E+01   0.67562E+22
   0.10027E+05   0.36426E+04   0.47209E+01   0.67569E+22
   0.10028E+05   0.36431E+04   0.47214E+01   0.67576E+22
   0.10029E+05   0.36436E+04   0.47219E+01   0.67583E+22
   0.10031E+05   0.36441E+04   0.47224E+01   0.67590E+22
   0.10032E+05   0.36447E+04   0.47229E+01   0.67597E+22
   0.10034E+05   0.36452E+04   0.47234E+01   0.67604E+22
   0.10035E+05   0.36457E+04   0.47239E+01   0.67611E+22
   0.10037E+05   0.36462E+04   0.47244E+01   0.67618E+22
   0.10038E+05   0.36467E+04   0.47249E+01   0.67625E+22
   0.10040E+05   0.36473E+04   0.47254E+01   0.67632E+22
   0.10041E+05   0.36478E+04   0.47259E+01   0.67639E+22
   0.10042E+05   0.36483E+04   0.47264E+01   0.67646E+22
   0.10044E+05   0.36488E+04   0.47269E+01   0.67653E+22
   0.10045E+05   0.36494E+04   0.47274E+01   0.67660E+22
   0.10047E+05   0.36499E+04   0.47279E+01   0.67667E+22
   0.10048E+05   0.36504E+04   0.47284E+01   0.67674E+22
   0.10050E+05   0.36509E+04   0.47289E+01   0.67681E+22
   0.10051E+05   0.36515E+04   0.47294E+01   0.67689E+22
   0.10053E+05   0.36520E+04   0.47299E+01   0.67696E+22
   0.10054E+05   0.36525E+04   0.47304E+01   0.67703E+22
   0.10055E+05   0.36530E+04   0.47309E+01   0.67710E+22
   0.10057E+05   0.36536E+04   0.47314E+01   0.67717E+22
   0.10058E+05   0.36541E+04   0.47319E+01   0.67724E+22
   0.10060E+05   0.36546E+04   0.47324E+01   0.67731E+22
   0.10061E+05   0.36551E+04   0.47329E+01   0.67738E+22
   0.10063E+05   0.36556E+04   0.47334E+01   0.67745E+22
   0.10064E+05   0.36562E+04   0.47339E+01   0.67752E+22
   0.10066E+05   0.36567E+04   0.47344E+01   0.67759E+22
   0.10067E+05   0.36572E+04   0.47349E+01   0.67766E+22
   0.10069E+05   0.36577E+04   0.47354E+01   0.67773E+22
   0.10070E+05   0.36583E+04   0.47359E+01   0.67780E+22
   0.10071E+05   0.36588E+04   0.47364E+01   0.67787E+22
   0.10073E+05   0.36593E+04   0.47369E+01   0.67794E+22
   0.10074E+05   0.36598E+04   0.47374E+01   0.67801E+22
   0.10076E+05   0.36604E+04   0.47379E+01   0.67808E+22
   0.10077E+05   0.36609E+04   0.47384E+01   0.67815E+22
   0.10079E+05   0.36614E+04   0.47389E+01   0.67822E+22
   0.10080E+05   0.36619E+04   0.47394E+01   0.67829E+22
   0.10082E+05   0.36624E+04   0.47399E+01   0.67836E+22
   0.10083E+05   0.36630E+04   0.47404E+01   0.67844E+22
   0.10084E+05   0.36635E+04   0.47409E+01   0.67851E+22
   0.10086E+05   0.36640E+04   0.47414E+01   0.67858E+22
   0.10087E+05   0.36645E+04   0.47419E+01   0.67865E+22
   0.10089E+05   0.36651E+04   0.47424E+01   0.67872E+22
   0.10090E+05   0.36656E+04   0.47429E+01   0.67879E+22
   0.10092E+05   0.36661E+04   0.47434E+01   0.67886E+22
   0.10093E+05   0.36666E+04   0.47439E+01   0.67893E+22
   0.10095E+05   0.36672E+04   0.47444E+01   0.67900E+22
   0.10096E+05   0.36677E+04   0.47449E+01   0.67907E+22
   0.10098E+05   0.36682E+04   0.47454E+01   0.67914E+22
   0.10099E+05   0.36687E+04   0.47459E+01   0.67921E+22
   0.10100E+05   0.36693E+04   0.47464E+01   0.67928E+22
   0.10102E+05   0.36698E+04   0.47469E+01   0.67935E+22
   0.10103E+05   0.36703E+04   0.47474E+01   0.67942E+22
   0.10105E+05   0.36708E+04   0.47479E+01   0.67949E+22
   0.10106E+05   0.36714E+04   0.47484E+01   0.67956E+22
   0.10108E+05   0.36719E+04   0.47489E+01   0.67963E+22
   0.10109E+05   0.36724E+04   0.47494E+01   0.67970E+22
   0.10111E+05   0.36729E+04   0.47499E+01   0.67977E+22
   0.10112E+05   0.36734E+04   0.47504E+01   0.67984E+22
   0.10113E+05   0.36740E+04   0.47509E+01   0.67991E+22
   0.10115E+05   0.36745E+04   0.47514E+01   0.67998E+22
   0.10116E+05   0.36750E+04   0.47519E+01   0.68006E+22
   0.10118E+05   0.36755E+04   0.47524E+01   0.68013E+22
   0.10119E+05   0.36761E+04   0.47529E+01   0.68020E+22
   0.10121E+05   0.36766E+04   0.47534E+01   0.68027E+22
   0.10122E+05   0.36771E+04   0.47539E+01   0.68034E+22
   0.10124E+05   0.36776E+04   0.47544E+01   0.68041E+22
   0.10125E+05   0.36782E+04   0.47549E+01   0.68048E+22
   0.10127E+05   0.36787E+04   0.47554E+01   0.68055E+22
   0.10128E+05   0.36792E+04   0.47559E+01   0.68062E+22
   0.10129E+05   0.36797E+04   0.47564E+01   0.68069E+22
   0.10131E+05   0.36803E+04   0.47569E+01   0.68076E+22
   0.10132E+05   0.36808E+04   0.47574E+01   0.68083E+22
   0.10134E+05   0.36813E+04   0.47579E+01   0.68090E+22
   0.10135E+05   0.36818E+04   0.47584E+01   0.68097E+22
   0.10137E+05   0.36824E+04   0.47589E+01   0.68104E+22
   0.10138E+05   0.36829E+04   0.47594E+01   0.68111E+22
   0.10140E+05   0.36834E+04   0.47599E+01   0.68118E+22
   0.10141E+05   0.36839E+04   0.47604E+01   0.68125E+22
   0.10143E+05   0.36845E+04   0.47609E+01   0.68132E+22
   0.10144E+05   0.36850E+04   0.47614E+01   0.68139E+22
   0.10145E+05   0.36855E+04   0.47619E+01   0.68146E+22
   0.10147E+05   0.36860E+04   0.47624E+01   0.68153E+22
   0.10148E+05   0.36866E+04   0.47629E+01   0.68160E+22
   0.10150E+05   0.36871E+04   0.47634E+01   0.68168E+22
   0.10151E+05   0.36876E+04   0.47639E+01   0.68175E+22
   0.10153E+05   0.36881E+04   0.47644E+01   0.68182E+22
   0.10154E+05   0.36887E+04   0.47649E+01   0.68189E+22
   0.10156E+05   0.36892E+04   0.47654E+01   0.68196E+22
   0.10157E+05   0.36897E+04   0.47659E+01   0.68203E+22
   0.10158E+05   0.36902E+04   0.47664E+01   0.68210E+22
   0.10160E+05   0.36908E+04   0.47669E+01   0.68217E+22
   0.10161E+05   0.36913E+04   0.47674E+01   0.68224E+22
   0.10163E+05   0.36918E+04   0.47679E+01   0.68231E+22
   0.10164E+05   0.36923E+04   0.47684E+01   0.68238E+22
   0.10166E+05   0.36928E+04   0.47689E+01   0.68245E+22
   0.10167E+05   0.36934E+04   0.47694E+01   0.68252E+22
   0.10169E+05   0.36939E+04   0.47699E+01   0.68259E+22
   0.10170E+05   0.36944E+04   0.47704E+01   0.68266E+22
   0.10172E+05   0.36949E+04   0.47709E+01   0.68273E+22
   0.10173E+05   0.36955E+04   0.47714E+01   0.68280E+22
   0.10174E+05   0.36960E+04   0.47719E+01   0.68287E+22
   0.10176E+05   0.36965E+04   0.47724E+01   0.68294E+22
   0.10177E+05   0.36970E+04   0.47729E+01   0.68301E+22
   0.10179E+05   0.36976E+04   0.47734E+01   0.68308E+22
   0.10180E+05   0.36981E+04   0.47739E+01   0.68315E+22
   0.10182E+05   0.36986E+04   0.47744E+01   0.68322E+22
   0.10183E+05   0.36991E+04   0.47749E+01   0.68330E+22
   0.10185E+05   0.36997E+04   0.47754E+01   0.68337E+22
   0.10186E+05   0.37002E+04   0.47759E+01   0.68344E+22
   0.10188E+05   0.37007E+04   0.47764E+01   0.68351E+22
   0.10189E+05   0.37012E+04   0.47769E+01   0.68358E+22
   0.10190E+05   0.37018E+04   0.47774E+01   0.68365E+22
   0.10192E+05   0.37023E+04   0.47779E+01   0.68372E+22
   0.10193E+05   0.37028E+04   0.47784E+01   0.68379E+22
   0.10195E+05   0.37033E+04   0.47789E+01   0.68386E+22
   0.10196E+05   0.37039E+04   0.47794E+01   0.68393E+22
   0.10198E+05   0.37044E+04   0.47799E+01   0.68400E+22
   0.10199E+05   0.37049E+04   0.47804E+01   0.68407E+22
   0.10201E+05   0.37054E+04   0.47809E+01   0.68414E+22
   0.10202E+05   0.37060E+04   0.47814E+01   0.68421E+22
   0.10204E+05   0.37065E+04   0.47819E+01   0.68428E+22
   0.10205E+05   0.37070E+04   0.47824E+01   0.68435E+22
   0.10206E+05   0.37075E+04   0.47829E+01   0.68442E+22
   0.10208E+05   0.37081E+04   0.47834E+01   0.68449E+22
   0.10209E+05   0.37086E+04   0.47839E+01   0.68456E+22
   0.10211E+05   0.37091E+04   0.47844E+01   0.68463E+22
   0.10212E+05   0.37096E+04   0.47849E+01   0.68470E+22
   0.10214E+05   0.37102E+04   0.47854E+01   0.68477E+22
   0.10215E+05   0.37107E+04   0.47859E+01   0.68484E+22
   0.10217E+05   0.37112E+04   0.47864E+01   0.68492E+22
   0.10218E+05   0.37117E+04   0.47869E+01   0.68499E+22
   0.10220E+05   0.37123E+04   0.47874E+01   0.68506E+22
   0.10221E+05   0.37128E+04   0.47879E+01   0.68513E+22
   0.10222E+05   0.37133E+04   0.47884E+01   0.68520E+22
   0.10224E+05   0.37138E+04   0.47889E+01   0.68527E+22
   0.10225E+05   0.37144E+04   0.47894E+01   0.68534E+22
   0.10227E+05   0.37149E+04   0.47899E+01   0.68541E+22
   0.10228E+05   0.37154E+04   0.47904E+01   0.68548E+22
   0.10230E+05   0.37159E+04   0.47909E+01   0.68555E+22
   0.10231E+05   0.37165E+04   0.47914E+01   0.68562E+22
   0.10233E+05   0.37170E+04   0.47919E+01   0.68569E+22
   0.10234E+05   0.37175E+04   0.47924E+01   0.68576E+22
   0.10236E+05   0.37181E+04   0.47929E+01   0.68583E+22
   0.10237E+05   0.37186E+04   0.47934E+01   0.68590E+22
   0.10238E+05   0.37191E+04   0.47939E+01   0.68597E+22
   0.10240E+05   0.37196E+04   0.47944E+01   0.68604E+22
   0.10241E+05   0.37202E+04   0.47949E+01   0.68611E+22
   0.10243E+05   0.37207E+04   0.47954E+01   0.68618E+22
   0.10244E+05   0.37212E+04   0.47959E+01   0.68625E+22
   0.10246E+05   0.37217E+04   0.47964E+01   0.68632E+22
   0.10247E+05   0.37223E+04   0.47969E+01   0.68639E+22
   0.10249E+05   0.37228E+04   0.47974E+01   0.68647E+22
   0.10250E+05   0.37233E+04   0.47979E+01   0.68654E+22
   0.10252E+05   0.37238E+04   0.47984E+01   0.68661E+22
   0.10253E+05   0.37244E+04   0.47989E+01   0.68668E+22
   0.10254E+05   0.37249E+04   0.47994E+01   0.68675E+22
   0.10256E+05   0.37254E+04   0.47999E+01   0.68682E+22
   0.10257E+05   0.37259E+04   0.48004E+01   0.68689E+22
   0.10259E+05   0.37265E+04   0.48009E+01   0.68696E+22
   0.10260E+05   0.37270E+04   0.48014E+01   0.68703E+22
   0.10262E+05   0.37275E+04   0.48019E+01   0.68710E+22
   0.10263E+05   0.37280E+04   0.48024E+01   0.68717E+22
   0.10265E+05   0.37286E+04   0.48029E+01   0.68724E+22
   0.10266E+05   0.37291E+04   0.48034E+01   0.68731E+22
   0.10268E+05   0.37296E+04   0.48039E+01   0.68738E+22
   0.10269E+05   0.37301E+04   0.48044E+01   0.68745E+22
   0.10271E+05   0.37307E+04   0.48049E+01   0.68752E+22
   0.10272E+05   0.37312E+04   0.48054E+01   0.68759E+22
   0.10273E+05   0.37317E+04   0.48059E+01   0.68766E+22
   0.10275E+05   0.37322E+04   0.48064E+01   0.68773E+22
   0.10276E+05   0.37328E+04   0.48069E+01   0.68780E+22
   0.10278E+05   0.37333E+04   0.48074E+01   0.68787E+22
   0.10279E+05   0.37338E+04   0.48079E+01   0.68794E+22
   0.10281E+05   0.37343E+04   0.48084E+01   0.68801E+22
   0.10282E+05   0.37349E+04   0.48089E+01   0.68809E+22
   0.10284E+05   0.37354E+04   0.48094E+01   0.68816E+22
   0.10285E+05   0.37359E+04   0.48099E+01   0.68823E+22
   0.10287E+05   0.37365E+04   0.48104E+01   0.68830E+22
   0.10288E+05   0.37370E+04   0.48109E+01   0.68837E+22
   0.10289E+05   0.37375E+04   0.48114E+01   0.68844E+22
   0.10291E+05   0.37380E+04   0.48119E+01   0.68851E+22
   0.10292E+05   0.37386E+04   0.48124E+01   0.68858E+22
   0.10294E+05   0.37391E+04   0.48129E+01   0.68865E+22
   0.10295E+05   0.37396E+04   0.48134E+01   0.68872E+22
   0.10297E+05   0.37401E+04   0.48139E+01   0.68879E+22
   0.10298E+05   0.37407E+04   0.48144E+01   0.68886E+22
   0.10300E+05   0.37412E+04   0.48149E+01   0.68893E+22
   0.10301E+05   0.37417E+04   0.48154E+01   0.68900E+22
   0.10303E+05   0.37422E+04   0.48159E+01   0.68907E+22
   0.10304E+05   0.37428E+04   0.48164E+01   0.68914E+22
   0.10305E+05   0.37433E+04   0.48169E+01   0.68921E+22
   0.10307E+05   0.37438E+04   0.48174E+01   0.68928E+22
   0.10308E+05   0.37443E+04   0.48179E+01   0.68935E+22
   0.10310E+05   0.37449E+04   0.48184E+01   0.68942E+22
   0.10311E+05   0.37454E+04   0.48189E+01   0.68949E+22
   0.10313E+05   0.37459E+04   0.48194E+01   0.68956E+22
   0.10314E+05   0.37465E+04   0.48199E+01   0.68964E+22
   0.10316E+05   0.37470E+04   0.48204E+01   0.68971E+22
   0.10317E+05   0.37475E+04   0.48209E+01   0.68978E+22
   0.10319E+05   0.37480E+04   0.48214E+01   0.68985E+22
   0.10320E+05   0.37486E+04   0.48219E+01   0.68992E+22
   0.10322E+05   0.37491E+04   0.48224E+01   0.68999E+22
   0.10323E+05   0.37496E+04   0.48229E+01   0.69006E+22
   0.10324E+05   0.37501E+04   0.48234E+01   0.69013E+22
   0.10326E+05   0.37507E+04   0.48239E+01   0.69020E+22
   0.10327E+05   0.37512E+04   0.48244E+01   0.69027E+22
   0.10329E+05   0.37517E+04   0.48249E+01   0.69034E+22
   0.10330E+05   0.37522E+04   0.48254E+01   0.69041E+22
   0.10332E+05   0.37528E+04   0.48259E+01   0.69048E+22
   0.10333E+05   0.37533E+04   0.48264E+01   0.69055E+22
   0.10335E+05   0.37538E+04   0.48269E+01   0.69062E+22
   0.10336E+05   0.37543E+04   0.48274E+01   0.69069E+22
   0.10338E+05   0.37549E+04   0.48279E+01   0.69076E+22
   0.10339E+05   0.37554E+04   0.48284E+01   0.69083E+22
   0.10341E+05   0.37559E+04   0.48289E+01   0.69090E+22
   0.10342E+05   0.37565E+04   0.48294E+01   0.69097E+22
   0.10343E+05   0.37570E+04   0.48299E+01   0.69104E+22
   0.10345E+05   0.37575E+04   0.48304E+01   0.69111E+22
   0.10346E+05   0.37580E+04   0.48309E+01   0.69118E+22
   0.10348E+05   0.37586E+04   0.48314E+01   0.69126E+22
   0.10349E+05   0.37591E+04   0.48319E+01   0.69133E+22
   0.10351E+05   0.37596E+04   0.48324E+01   0.69140E+22
   0.10352E+05   0.37601E+04   0.48329E+01   0.69147E+22
   0.10354E+05   0.37607E+04   0.48334E+01   0.69154E+22
   0.10355E+05   0.37612E+04   0.48339E+01   0.69161E+22
   0.10357E+05   0.37617E+04   0.48344E+01   0.69168E+22
   0.10358E+05   0.37622E+04   0.48349E+01   0.69175E+22
   0.10359E+05   0.37628E+04   0.48354E+01   0.69182E+22
   0.10361E+05   0.37633E+04   0.48359E+01   0.69189E+22
   0.10362E+05   0.37638E+04   0.48364E+01   0.69196E+22
   0.10364E+05   0.37644E+04   0.48369E+01   0.69203E+22
   0.10365E+05   0.37649E+04   0.48374E+01   0.69210E+22
   0.10367E+05   0.37654E+04   0.48379E+01   0.69217E+22
   0.10368E+05   0.37659E+04   0.48384E+01   0.69224E+22
   0.10370E+05   0.37665E+04   0.48389E+01   0.69231E+22
   0.10371E+05   0.37670E+04   0.48394E+01   0.69238E+22
   0.10373E+05   0.37675E+04   0.48399E+01   0.69245E+22
   0.10374E+05   0.37680E+04   0.48404E+01   0.69252E+22
   0.10376E+05   0.37686E+04   0.48409E+01   0.69259E+22
   0.10377E+05   0.37691E+04   0.48414E+01   0.69266E+22
   0.10378E+05   0.37696E+04   0.48419E+01   0.69273E+22
   0.10380E+05   0.37702E+04   0.48424E+01   0.69281E+22
   0.10381E+05   0.37707E+04   0.48429E+01   0.69288E+22
   0.10383E+05   0.37712E+04   0.48434E+01   0.69295E+22
   0.10384E+05   0.37717E+04   0.48439E+01   0.69302E+22
   0.10386E+05   0.37723E+04   0.48444E+01   0.69309E+22
   0.10387E+05   0.37728E+04   0.48449E+01   0.69316E+22
   0.10389E+05   0.37733E+04   0.48454E+01   0.69323E+22
   0.10390E+05   0.37738E+04   0.48459E+01   0.69330E+22
   0.10392E+05   0.37744E+04   0.48464E+01   0.69337E+22
   0.10393E+05   0.37749E+04   0.48469E+01   0.69344E+22
   0.10395E+05   0.37754E+04   0.48474E+01   0.69351E+22
   0.10396E+05   0.37760E+04   0.48479E+01   0.69358E+22
   0.10397E+05   0.37765E+04   0.48484E+01   0.69365E+22
   0.10399E+05   0.37770E+04   0.48489E+01   0.69372E+22
   0.10400E+05   0.37775E+04   0.48494E+01   0.69379E+22
   0.10402E+05   0.37781E+04   0.48499E+01   0.69386E+22
   0.10403E+05   0.37786E+04   0.48504E+01   0.69393E+22
   0.10405E+05   0.37791E+04   0.48509E+01   0.69400E+22
   0.10406E+05   0.37796E+04   0.48514E+01   0.69407E+22
   0.10408E+05   0.37802E+04   0.48519E+01   0.69414E+22
   0.10409E+05   0.37807E+04   0.48524E+01   0.69421E+22
   0.10411E+05   0.37812E+04   0.48529E+01   0.69428E+22
   0.10412E+05   0.37818E+04   0.48534E+01   0.69435E+22
   0.10414E+05   0.37823E+04   0.48539E+01   0.69443E+22
   0.10415E+05   0.37828E+04   0.48544E+01   0.69450E+22
   0.10416E+05   0.37833E+04   0.48549E+01   0.69457E+22
   0.10418E+05   0.37839E+04   0.48554E+01   0.69464E+22
   0.10419E+05   0.37844E+04   0.48559E+01   0.69471E+22
   0.10421E+05   0.37849E+04   0.48564E+01   0.69478E+22
   0.10422E+05   0.37854E+04   0.48569E+01   0.69485E+22
   0.10424E+05   0.37860E+04   0.48574E+01   0.69492E+22
   0.10425E+05   0.37865E+04   0.48579E+01   0.69499E+22
   0.10427E+05   0.37870E+04   0.48584E+01   0.69506E+22
   0.10428E+05   0.37876E+04   0.48589E+01   0.69513E+22
   0.10430E+05   0.37881E+04   0.48594E+01   0.69520E+22
   0.10431E+05   0.37886E+04   0.48599E+01   0.69527E+22
   0.10433E+05   0.37891E+04   0.48604E+01   0.69534E+22
   0.10434E+05   0.37897E+04   0.48609E+01   0.69541E+22
   0.10435E+05   0.37902E+04   0.48614E+01   0.69548E+22
   0.10437E+05   0.37907E+04   0.48619E+01   0.69555E+22
   0.10438E+05   0.37913E+04   0.48624E+01   0.69562E+22
   0.10440E+05   0.37918E+04   0.48629E+01   0.69569E+22
   0.10441E+05   0.37923E+04   0.48634E+01   0.69576E+22
   0.10443E+05   0.37928E+04   0.48639E+01   0.69583E+22
   0.10444E+05   0.37934E+04   0.48644E+01   0.69590E+22
   0.10446E+05   0.37939E+04   0.48649E+01   0.69598E+22
   0.10447E+05   0.37944E+04   0.48654E+01   0.69605E+22
   0.10449E+05   0.37949E+04   0.48659E+01   0.69612E+22
   0.10450E+05   0.37955E+04   0.48664E+01   0.69619E+22
   0.10452E+05   0.37960E+04   0.48669E+01   0.69626E+22
   0.10453E+05   0.37965E+04   0.48674E+01   0.69633E+22
   0.10455E+05   0.37971E+04   0.48679E+01   0.69640E+22
   0.10456E+05   0.37976E+04   0.48684E+01   0.69647E+22
   0.10457E+05   0.37981E+04   0.48689E+01   0.69654E+22
   0.10459E+05   0.37986E+04   0.48694E+01   0.69661E+22
   0.10460E+05   0.37992E+04   0.48699E+01   0.69668E+22
   0.10462E+05   0.37997E+04   0.48704E+01   0.69675E+22
   0.10463E+05   0.38002E+04   0.48709E+01   0.69682E+22
   0.10465E+05   0.38008E+04   0.48714E+01   0.69689E+22
   0.10466E+05   0.38013E+04   0.48719E+01   0.69696E+22
   0.10468E+05   0.38018E+04   0.48724E+01   0.69703E+22
   0.10469E+05   0.38023E+04   0.48729E+01   0.69710E+22
   0.10471E+05   0.38029E+04   0.48734E+01   0.69717E+22
   0.10472E+05   0.38034E+04   0.48739E+01   0.69724E+22
   0.10474E+05   0.38039E+04   0.48744E+01   0.69731E+22
   0.10475E+05   0.38045E+04   0.48749E+01   0.69738E+22
   0.10476E+05   0.38050E+04   0.48754E+01   0.69745E+22
   0.10478E+05   0.38055E+04   0.48759E+01   0.69753E+22
   0.10479E+05   0.38060E+04   0.48764E+01   0.69760E+22
   0.10481E+05   0.38066E+04   0.48769E+01   0.69767E+22
   0.10482E+05   0.38071E+04   0.48774E+01   0.69774E+22
   0.10484E+05   0.38076E+04   0.48779E+01   0.69781E+22
   0.10485E+05   0.38082E+04   0.48784E+01   0.69788E+22
   0.10487E+05   0.38087E+04   0.48789E+01   0.69795E+22
   0.10488E+05   0.38092E+04   0.48794E+01   0.69802E+22
   0.10490E+05   0.38097E+04   0.48799E+01   0.69809E+22
   0.10491E+05   0.38103E+04   0.48804E+01   0.69816E+22
   0.10493E+05   0.38108E+04   0.48809E+01   0.69823E+22
   0.10494E+05   0.38113E+04   0.48814E+01   0.69830E+22
   0.10496E+05   0.38119E+04   0.48819E+01   0.69837E+22
   0.10497E+05   0.38124E+04   0.48824E+01   0.69844E+22
   0.10498E+05   0.38129E+04   0.48829E+01   0.69851E+22
   0.10500E+05   0.38134E+04   0.48834E+01   0.69858E+22
   0.10501E+05   0.38140E+04   0.48839E+01   0.69865E+22
   0.10503E+05   0.38145E+04   0.48844E+01   0.69872E+22
   0.10504E+05   0.38150E+04   0.48849E+01   0.69879E+22
   0.10506E+05   0.38156E+04   0.48854E+01   0.69886E+22
   0.10507E+05   0.38161E+04   0.48859E+01   0.69893E+22
   0.10509E+05   0.38166E+04   0.48864E+01   0.69900E+22
   0.10510E+05   0.38171E+04   0.48869E+01   0.69907E+22
   0.10512E+05   0.38177E+04   0.48874E+01   0.69915E+22
   0.10513E+05   0.38182E+04   0.48879E+01   0.69922E+22
   0.10515E+05   0.38187E+04   0.48884E+01   0.69929E+22
   0.10516E+05   0.38193E+04   0.48889E+01   0.69936E+22
   0.10518E+05   0.38198E+04   0.48894E+01   0.69943E+22
   0.10519E+05   0.38203E+04   0.48899E+01   0.69950E+22
   0.10520E+05   0.38208E+04   0.48904E+01   0.69957E+22
   0.10522E+05   0.38214E+04   0.48909E+01   0.69964E+22
   0.10523E+05   0.38219E+04   0.48914E+01   0.69971E+22
   0.10525E+05   0.38224E+04   0.48919E+01   0.69978E+22
   0.10526E+05   0.38230E+04   0.48924E+01   0.69985E+22
   0.10528E+05   0.38235E+04   0.48929E+01   0.69992E+22
   0.10529E+05   0.38240E+04   0.48934E+01   0.69999E+22
   0.10531E+05   0.38245E+04   0.48939E+01   0.70006E+22
   0.10532E+05   0.38251E+04   0.48944E+01   0.70013E+22
   0.10534E+05   0.38256E+04   0.48949E+01   0.70020E+22
   0.10535E+05   0.38261E+04   0.48954E+01   0.70027E+22
   0.10537E+05   0.38267E+04   0.48959E+01   0.70034E+22
   0.10538E+05   0.38272E+04   0.48964E+01   0.70041E+22
   0.10540E+05   0.38277E+04   0.48969E+01   0.70048E+22
   0.10541E+05   0.38282E+04   0.48974E+01   0.70055E+22
   0.10542E+05   0.38288E+04   0.48979E+01   0.70062E+22
   0.10544E+05   0.38293E+04   0.48984E+01   0.70070E+22
   0.10545E+05   0.38298E+04   0.48989E+01   0.70077E+22
   0.10547E+05   0.38304E+04   0.48994E+01   0.70084E+22
   0.10548E+05   0.38309E+04   0.48999E+01   0.70091E+22
   0.10550E+05   0.38314E+04   0.49004E+01   0.70098E+22
   0.10551E+05   0.38319E+04   0.49009E+01   0.70105E+22
   0.10553E+05   0.38325E+04   0.49014E+01   0.70112E+22
   0.10554E+05   0.38330E+04   0.49019E+01   0.70119E+22
   0.10556E+05   0.38335E+04   0.49024E+01   0.70126E+22
   0.10557E+05   0.38341E+04   0.49029E+01   0.70133E+22
   0.10559E+05   0.38346E+04   0.49034E+01   0.70140E+22
   0.10560E+05   0.38351E+04   0.49039E+01   0.70147E+22
   0.10562E+05   0.38356E+04   0.49044E+01   0.70154E+22
   0.10563E+05   0.38362E+04   0.49049E+01   0.70161E+22
   0.10564E+05   0.38367E+04   0.49054E+01   0.70168E+22
   0.10566E+05   0.38372E+04   0.49059E+01   0.70175E+22
   0.10567E+05   0.38378E+04   0.49064E+01   0.70182E+22
   0.10569E+05   0.38383E+04   0.49069E+01   0.70189E+22
   0.10570E+05   0.38388E+04   0.49074E+01   0.70196E+22
   0.10572E+05   0.38394E+04   0.49079E+01   0.70203E+22
   0.10573E+05   0.38399E+04   0.49084E+01   0.70210E+22
   0.10575E+05   0.38404E+04   0.49089E+01   0.70217E+22
   0.10576E+05   0.38409E+04   0.49094E+01   0.70225E+22
   0.10578E+05   0.38415E+04   0.49099E+01   0.70232E+22
   0.10579E+05   0.38420E+04   0.49104E+01   0.70239E+22
   0.10581E+05   0.38425E+04   0.49109E+01   0.70246E+22
   0.10582E+05   0.38431E+04   0.49114E+01   0.70253E+22
   0.10584E+05   0.38436E+04   0.49119E+01   0.70260E+22
   0.10585E+05   0.38441E+04   0.49124E+01   0.70267E+22
   0.10586E+05   0.38446E+04   0.49129E+01   0.70274E+22
   0.10588E+05   0.38452E+04   0.49134E+01   0.70281E+22
   0.10589E+05   0.38457E+04   0.49139E+01   0.70288E+22
   0.10591E+05   0.38462E+04   0.49144E+01   0.70295E+22
   0.10592E+05   0.38468E+04   0.49149E+01   0.70302E+22
   0.10594E+05   0.38473E+04   0.49154E+01   0.70309E+22
   0.10595E+05   0.38478E+04   0.49159E+01   0.70316E+22
   0.10597E+05   0.38484E+04   0.49164E+01   0.70323E+22
   0.10598E+05   0.38489E+04   0.49169E+01   0.70330E+22
   0.10600E+05   0.38494E+04   0.49174E+01   0.70337E+22
   0.10601E+05   0.38499E+04   0.49179E+01   0.70344E+22
   0.10603E+05   0.38505E+04   0.49184E+01   0.70351E+22
   0.10604E+05   0.38510E+04   0.49189E+01   0.70358E+22
   0.10606E+05   0.38515E+04   0.49194E+01   0.70365E+22
   0.10607E+05   0.38521E+04   0.49199E+01   0.70372E+22
   0.10609E+05   0.38526E+04   0.49204E+01   0.70380E+22
   0.10610E+05   0.38531E+04   0.49209E+01   0.70387E+22
   0.10611E+05   0.38537E+04   0.49214E+01   0.70394E+22
   0.10613E+05   0.38542E+04   0.49219E+01   0.70401E+22
   0.10614E+05   0.38547E+04   0.49224E+01   0.70408E+22
   0.10616E+05   0.38552E+04   0.49229E+01   0.70415E+22
   0.10617E+05   0.38558E+04   0.49234E+01   0.70422E+22
   0.10619E+05   0.38563E+04   0.49239E+01   0.70429E+22
   0.10620E+05   0.38568E+04   0.49244E+01   0.70436E+22
   0.10622E+05   0.38574E+04   0.49249E+01   0.70443E+22
   0.10623E+05   0.38579E+04   0.49254E+01   0.70450E+22
   0.10625E+05   0.38584E+04   0.49259E+01   0.70457E+22
   0.10626E+05   0.38590E+04   0.49264E+01   0.70464E+22
   0.10628E+05   0.38595E+04   0.49269E+01   0.70471E+22
   0.10629E+05   0.38600E+04   0.49274E+01   0.70478E+22
   0.10631E+05   0.38605E+04   0.49279E+01   0.70485E+22
   0.10632E+05   0.38611E+04   0.49284E+01   0.70492E+22
   0.10634E+05   0.38616E+04   0.49289E+01   0.70499E+22
   0.10635E+05   0.38621E+04   0.49294E+01   0.70506E+22
   0.10636E+05   0.38627E+04   0.49299E+01   0.70513E+22
   0.10638E+05   0.38632E+04   0.49304E+01   0.70520E+22
   0.10639E+05   0.38637E+04   0.49309E+01   0.70527E+22
   0.10641E+05   0.38643E+04   0.49314E+01   0.70535E+22
   0.10642E+05   0.38648E+04   0.49319E+01   0.70542E+22
   0.10644E+05   0.38653E+04   0.49324E+01   0.70549E+22
   0.10645E+05   0.38658E+04   0.49329E+01   0.70556E+22
   0.10647E+05   0.38664E+04   0.49334E+01   0.70563E+22
   0.10648E+05   0.38669E+04   0.49339E+01   0.70570E+22
   0.10650E+05   0.38674E+04   0.49344E+01   0.70577E+22
   0.10651E+05   0.38680E+04   0.49349E+01   0.70584E+22
   0.10653E+05   0.38685E+04   0.49354E+01   0.70591E+22
   0.10654E+05   0.38690E+04   0.49359E+01   0.70598E+22
   0.10656E+05   0.38696E+04   0.49364E+01   0.70605E+22
   0.10657E+05   0.38701E+04   0.49369E+01   0.70612E+22
   0.10659E+05   0.38706E+04   0.49374E+01   0.70619E+22
   0.10660E+05   0.38711E+04   0.49379E+01   0.70626E+22
   0.10661E+05   0.38717E+04   0.49384E+01   0.70633E+22
   0.10663E+05   0.38722E+04   0.49389E+01   0.70640E+22
   0.10664E+05   0.38727E+04   0.49394E+01   0.70647E+22
   0.10666E+05   0.38733E+04   0.49399E+01   0.70654E+22
   0.10667E+05   0.38738E+04   0.49404E+01   0.70661E+22
   0.10669E+05   0.38743E+04   0.49409E+01   0.70668E+22
   0.10670E+05   0.38749E+04   0.49414E+01   0.70675E+22
   0.10672E+05   0.38754E+04   0.49419E+01   0.70682E+22
   0.10673E+05   0.38759E+04   0.49424E+01   0.70689E+22
   0.10675E+05   0.38765E+04   0.49429E+01   0.70697E+22
   0.10676E+05   0.38770E+04   0.49434E+01   0.70704E+22
   0.10678E+05   0.38775E+04   0.49439E+01   0.70711E+22
   0.10679E+05   0.38780E+04   0.49444E+01   0.70718E+22
   0.10681E+05   0.38786E+04   0.49449E+01   0.70725E+22
   0.10682E+05   0.38791E+04   0.49454E+01   0.70732E+22
   0.10684E+05   0.38796E+04   0.49459E+01   0.70739E+22
   0.10685E+05   0.38802E+04   0.49464E+01   0.70746E+22
   0.10686E+05   0.38807E+04   0.49469E+01   0.70753E+22
   0.10688E+05   0.38812E+04   0.49474E+01   0.70760E+22
   0.10689E+05   0.38818E+04   0.49479E+01   0.70767E+22
   0.10691E+05   0.38823E+04   0.49484E+01   0.70774E+22
   0.10692E+05   0.38828E+04   0.49489E+01   0.70781E+22
   0.10694E+05   0.38833E+04   0.49494E+01   0.70788E+22
   0.10695E+05   0.38839E+04   0.49499E+01   0.70795E+22
   0.10697E+05   0.38844E+04   0.49504E+01   0.70802E+22
   0.10698E+05   0.38849E+04   0.49509E+01   0.70809E+22
   0.10700E+05   0.38855E+04   0.49514E+01   0.70816E+22
   0.10701E+05   0.38860E+04   0.49519E+01   0.70823E+22
   0.10703E+05   0.38865E+04   0.49524E+01   0.70830E+22
   0.10704E+05   0.38871E+04   0.49529E+01   0.70837E+22
   0.10706E+05   0.38876E+04   0.49534E+01   0.70844E+22
   0.10707E+05   0.38881E+04   0.49539E+01   0.70852E+22
   0.10709E+05   0.38887E+04   0.49544E+01   0.70859E+22
   0.10710E+05   0.38892E+04   0.49549E+01   0.70866E+22
   0.10712E+05   0.38897E+04   0.49554E+01   0.70873E+22
   0.10713E+05   0.38903E+04   0.49559E+01   0.70880E+22
   0.10714E+05   0.38908E+04   0.49564E+01   0.70887E+22
   0.10716E+05   0.38913E+04   0.49569E+01   0.70894E+22
   0.10717E+05   0.38918E+04   0.49574E+01   0.70901E+22
   0.10719E+05   0.38924E+04   0.49579E+01   0.70908E+22
   0.10720E+05   0.38929E+04   0.49584E+01   0.70915E+22
   0.10722E+05   0.38934E+04   0.49589E+01   0.70922E+22
   0.10723E+05   0.38940E+04   0.49594E+01   0.70929E+22
   0.10725E+05   0.38945E+04   0.49599E+01   0.70936E+22
   0.10726E+05   0.38950E+04   0.49604E+01   0.70943E+22
   0.10728E+05   0.38956E+04   0.49609E+01   0.70950E+22
   0.10729E+05   0.38961E+04   0.49614E+01   0.70957E+22
   0.10731E+05   0.38966E+04   0.49619E+01   0.70964E+22
   0.10732E+05   0.38972E+04   0.49624E+01   0.70971E+22
   0.10734E+05   0.38977E+04   0.49629E+01   0.70978E+22
   0.10735E+05   0.38982E+04   0.49634E+01   0.70985E+22
   0.10737E+05   0.38987E+04   0.49639E+01   0.70992E+22
   0.10738E+05   0.38993E+04   0.49644E+01   0.70999E+22
   0.10740E+05   0.38998E+04   0.49649E+01   0.71007E+22
   0.10741E+05   0.39003E+04   0.49654E+01   0.71014E+22
   0.10742E+05   0.39009E+04   0.49659E+01   0.71021E+22
   0.10744E+05   0.39014E+04   0.49664E+01   0.71028E+22
   0.10745E+05   0.39019E+04   0.49669E+01   0.71035E+22
   0.10747E+05   0.39025E+04   0.49674E+01   0.71042E+22
   0.10748E+05   0.39030E+04   0.49679E+01   0.71049E+22
   0.10750E+05   0.39035E+04   0.49684E+01   0.71056E+22
   0.10751E+05   0.39041E+04   0.49689E+01   0.71063E+22
   0.10753E+05   0.39046E+04   0.49694E+01   0.71070E+22
   0.10754E+05   0.39051E+04   0.49699E+01   0.71077E+22
   0.10756E+05   0.39057E+04   0.49704E+01   0.71084E+22
   0.10757E+05   0.39062E+04   0.49709E+01   0.71091E+22
   0.10759E+05   0.39067E+04   0.49714E+01   0.71098E+22
   0.10760E+05   0.39072E+04   0.49719E+01   0.71105E+22
   0.10762E+05   0.39078E+04   0.49724E+01   0.71112E+22
   0.10763E+05   0.39083E+04   0.49729E+01   0.71119E+22
   0.10765E+05   0.39088E+04   0.49734E+01   0.71126E+22
   0.10766E+05   0.39094E+04   0.49739E+01   0.71133E+22
   0.10768E+05   0.39099E+04   0.49744E+01   0.71140E+22
   0.10769E+05   0.39104E+04   0.49749E+01   0.71147E+22
   0.10770E+05   0.39110E+04   0.49754E+01   0.71154E+22
   0.10772E+05   0.39115E+04   0.49759E+01   0.71162E+22
   0.10773E+05   0.39120E+04   0.49764E+01   0.71169E+22
   0.10775E+05   0.39126E+04   0.49769E+01   0.71176E+22
   0.10776E+05   0.39131E+04   0.49774E+01   0.71183E+22
   0.10778E+05   0.39136E+04   0.49779E+01   0.71190E+22
   0.10779E+05   0.39142E+04   0.49784E+01   0.71197E+22
   0.10781E+05   0.39147E+04   0.49789E+01   0.71204E+22
   0.10782E+05   0.39152E+04   0.49794E+01   0.71211E+22
   0.10784E+05   0.39158E+04   0.49799E+01   0.71218E+22
   0.10785E+05   0.39163E+04   0.49804E+01   0.71225E+22
   0.10787E+05   0.39168E+04   0.49809E+01   0.71232E+22
   0.10788E+05   0.39174E+04   0.49814E+01   0.71239E+22
   0.10790E+05   0.39179E+04   0.49819E+01   0.71246E+22
   0.10791E+05   0.39184E+04   0.49824E+01   0.71253E+22
   0.10793E+05   0.39189E+04   0.49829E+01   0.71260E+22
   0.10794E+05   0.39195E+04   0.49834E+01   0.71267E+22
   0.10796E+05   0.39200E+04   0.49839E+01   0.71274E+22
   0.10797E+05   0.39205E+04   0.49844E+01   0.71281E+22
   0.10799E+05   0.39211E+04   0.49849E+01   0.71288E+22
   0.10800E+05   0.39216E+04   0.49854E+01   0.71295E+22
   0.10801E+05   0.39221E+04   0.49859E+01   0.71302E+22
   0.10803E+05   0.39227E+04   0.49864E+01   0.71309E+22
   0.10804E+05   0.39232E+04   0.49869E+01   0.71317E+22
   0.10806E+05   0.39237E+04   0.49874E+01   0.71324E+22
   0.10807E+05   0.39243E+04   0.49879E+01   0.71331E+22
   0.10809E+05   0.39248E+04   0.49884E+01   0.71338E+22
   0.10810E+05   0.39253E+04   0.49889E+01   0.71345E+22
   0.10812E+05   0.39259E+04   0.49894E+01   0.71352E+22
   0.10813E+05   0.39264E+04   0.49899E+01   0.71359E+22
   0.10815E+05   0.39269E+04   0.49904E+01   0.71366E+22
   0.10816E+05   0.39275E+04   0.49909E+01   0.71373E+22
   0.10818E+05   0.39280E+04   0.49914E+01   0.71380E+22
   0.10819E+05   0.39285E+04   0.49919E+01   0.71387E+22
   0.10821E+05   0.39291E+04   0.49924E+01   0.71394E+22
   0.10822E+05   0.39296E+04   0.49929E+01   0.71401E+22
   0.10824E+05   0.39301E+04   0.49934E+01   0.71408E+22
   0.10825E+05   0.39307E+04   0.49939E+01   0.71415E+22
   0.10827E+05   0.39312E+04   0.49944E+01   0.71422E+22
   0.10828E+05   0.39317E+04   0.49949E+01   0.71429E+22
   0.10830E+05   0.39322E+04   0.49954E+01   0.71436E+22
   0.10831E+05   0.39328E+04   0.49959E+01   0.71443E+22
   0.10832E+05   0.39333E+04   0.49964E+01   0.71450E+22
   0.10834E+05   0.39338E+04   0.49969E+01   0.71457E+22
   0.10835E+05   0.39344E+04   0.49974E+01   0.71464E+22
   0.10837E+05   0.39349E+04   0.49979E+01   0.71472E+22
   0.10838E+05   0.39354E+04   0.49984E+01   0.71479E+22
   0.10840E+05   0.39360E+04   0.49989E+01   0.71486E+22
   0.10841E+05   0.39365E+04   0.49994E+01   0.71493E+22
   0.10843E+05   0.39370E+04   0.49999E+01   0.71500E+22
   0.10844E+05   0.39376E+04   0.50004E+01   0.71507E+22
   0.10846E+05   0.39381E+04   0.50009E+01   0.71514E+22
   0.10847E+05   0.39386E+04   0.50014E+01   0.71521E+22
   0.10849E+05   0.39392E+04   0.50019E+01   0.71528E+22
   0.10850E+05   0.39397E+04   0.50024E+01   0.71535E+22
   0.10852E+05   0.39402E+04   0.50029E+01   0.71542E+22
   0.10853E+05   0.39408E+04   0.50034E+01   0.71549E+22
   0.10855E+05   0.39413E+04   0.50039E+01   0.71556E+22
   0.10856E+05   0.39418E+04   0.50044E+01   0.71563E+22
   0.10858E+05   0.39424E+04   0.50049E+01   0.71570E+22
   0.10859E+05   0.39429E+04   0.50054E+01   0.71577E+22
   0.10861E+05   0.39434E+04   0.50059E+01   0.71584E+22
   0.10862E+05   0.39440E+04   0.50064E+01   0.71591E+22
   0.10864E+05   0.39445E+04   0.50069E+01   0.71598E+22
   0.10865E+05   0.39450E+04   0.50074E+01   0.71605E+22
   0.10866E+05   0.39456E+04   0.50079E+01   0.71612E+22
   0.10868E+05   0.39461E+04   0.50084E+01   0.71620E+22
   0.10869E+05   0.39466E+04   0.50089E+01   0.71627E+22
   0.10871E+05   0.39472E+04   0.50094E+01   0.71634E+22
   0.10872E+05   0.39477E+04   0.50099E+01   0.71641E+22
   0.10874E+05   0.39482E+04   0.50104E+01   0.71648E+22
   0.10875E+05   0.39488E+04   0.50109E+01   0.71655E+22
   0.10877E+05   0.39493E+04   0.50114E+01   0.71662E+22
   0.10878E+05   0.39498E+04   0.50119E+01   0.71669E+22
   0.10880E+05   0.39504E+04   0.50124E+01   0.71676E+22
   0.10881E+05   0.39509E+04   0.50129E+01   0.71683E+22
   0.10883E+05   0.39514E+04   0.50134E+01   0.71690E+22
   0.10884E+05   0.39520E+04   0.50139E+01   0.71697E+22
   0.10886E+05   0.39525E+04   0.50144E+01   0.71704E+22
   0.10887E+05   0.39530E+04   0.50149E+01   0.71711E+22
   0.10889E+05   0.39536E+04   0.50154E+01   0.71718E+22
   0.10890E+05   0.39541E+04   0.50159E+01   0.71725E+22
   0.10892E+05   0.39546E+04   0.50164E+01   0.71732E+22
   0.10893E+05   0.39552E+04   0.50169E+01   0.71739E+22
   0.10895E+05   0.39557E+04   0.50174E+01   0.71746E+22
   0.10896E+05   0.39562E+04   0.50179E+01   0.71753E+22
   0.10898E+05   0.39568E+04   0.50184E+01   0.71760E+22
   0.10899E+05   0.39573E+04   0.50189E+01   0.71767E+22
   0.10901E+05   0.39578E+04   0.50194E+01   0.71775E+22
   0.10902E+05   0.39583E+04   0.50199E+01   0.71782E+22
   0.10903E+05   0.39589E+04   0.50204E+01   0.71789E+22
   0.10905E+05   0.39594E+04   0.50209E+01   0.71796E+22
   0.10906E+05   0.39599E+04   0.50214E+01   0.71803E+22
   0.10908E+05   0.39605E+04   0.50219E+01   0.71810E+22
   0.10909E+05   0.39610E+04   0.50224E+01   0.71817E+22
   0.10911E+05   0.39615E+04   0.50229E+01   0.71824E+22
   0.10912E+05   0.39621E+04   0.50234E+01   0.71831E+22
   0.10914E+05   0.39626E+04   0.50239E+01   0.71838E+22
   0.10915E+05   0.39631E+04   0.50244E+01   0.71845E+22
   0.10917E+05   0.39637E+04   0.50249E+01   0.71852E+22
   0.10918E+05   0.39642E+04   0.50254E+01   0.71859E+22
   0.10920E+05   0.39647E+04   0.50259E+01   0.71866E+22
   0.10921E+05   0.39653E+04   0.50264E+01   0.71873E+22
   0.10923E+05   0.39658E+04   0.50269E+01   0.71880E+22
   0.10924E+05   0.39663E+04   0.50274E+01   0.71887E+22
   0.10926E+05   0.39669E+04   0.50279E+01   0.71894E+22
   0.10927E+05   0.39674E+04   0.50284E+01   0.71901E+22
   0.10929E+05   0.39679E+04   0.50289E+01   0.71908E+22
   0.10930E+05   0.39685E+04   0.50294E+01   0.71915E+22
   0.10932E+05   0.39690E+04   0.50299E+01   0.71922E+22
   0.10933E+05   0.39695E+04   0.50304E+01   0.71930E+22
   0.10935E+05   0.39701E+04   0.50309E+01   0.71937E+22
   0.10936E+05   0.39706E+04   0.50314E+01   0.71944E+22
   0.10938E+05   0.39711E+04   0.50319E+01   0.71951E+22
   0.10939E+05   0.39717E+04   0.50324E+01   0.71958E+22
   0.10941E+05   0.39722E+04   0.50329E+01   0.71965E+22
   0.10942E+05   0.39727E+04   0.50334E+01   0.71972E+22
   0.10943E+05   0.39733E+04   0.50339E+01   0.71979E+22
   0.10945E+05   0.39738E+04   0.50344E+01   0.71986E+22
   0.10946E+05   0.39743E+04   0.50349E+01   0.71993E+22
   0.10948E+05   0.39749E+04   0.50354E+01   0.72000E+22
   0.10949E+05   0.39754E+04   0.50359E+01   0.72007E+22
   0.10951E+05   0.39760E+04   0.50364E+01   0.72014E+22
   0.10952E+05   0.39765E+04   0.50369E+01   0.72021E+22
   0.10954E+05   0.39770E+04   0.50374E+01   0.72028E+22
   0.10955E+05   0.39776E+04   0.50379E+01   0.72035E+22
   0.10957E+05   0.39781E+04   0.50384E+01   0.72042E+22
   0.10958E+05   0.39786E+04   0.50389E+01   0.72049E+22
   0.10960E+05   0.39792E+04   0.50394E+01   0.72056E+22
   0.10961E+05   0.39797E+04   0.50399E+01   0.72063E+22
   0.10963E+05   0.39802E+04   0.50404E+01   0.72070E+22
   0.10964E+05   0.39808E+04   0.50409E+01   0.72077E+22
   0.10966E+05   0.39813E+04   0.50414E+01   0.72085E+22
   0.10967E+05   0.39818E+04   0.50419E+01   0.72092E+22
   0.10969E+05   0.39824E+04   0.50424E+01   0.72099E+22
   0.10970E+05   0.39829E+04   0.50429E+01   0.72106E+22
   0.10972E+05   0.39834E+04   0.50434E+01   0.72113E+22
   0.10973E+05   0.39840E+04   0.50439E+01   0.72120E+22
   0.10975E+05   0.39845E+04   0.50444E+01   0.72127E+22
   0.10976E+05   0.39850E+04   0.50449E+01   0.72134E+22
   0.10978E+05   0.39856E+04   0.50454E+01   0.72141E+22
   0.10979E+05   0.39861E+04   0.50459E+01   0.72148E+22
   0.10981E+05   0.39866E+04   0.50464E+01   0.72155E+22
   0.10982E+05   0.39872E+04   0.50469E+01   0.72162E+22
   0.10983E+05   0.39877E+04   0.50474E+01   0.72169E+22
   0.10985E+05   0.39882E+04   0.50479E+01   0.72176E+22
   0.10986E+05   0.39888E+04   0.50484E+01   0.72183E+22
   0.10988E+05   0.39893E+04   0.50489E+01   0.72190E+22
   0.10989E+05   0.39898E+04   0.50494E+01   0.72197E+22
   0.10991E+05   0.39904E+04   0.50499E+01   0.72204E+22
   0.10992E+05   0.39909E+04   0.50504E+01   0.72211E+22
   0.10994E+05   0.39914E+04   0.50509E+01   0.72218E+22
   0.10995E+05   0.39920E+04   0.50514E+01   0.72225E+22
   0.10997E+05   0.39925E+04   0.50519E+01   0.72232E+22
   0.10998E+05   0.39930E+04   0.50524E+01   0.72240E+22
   0.11000E+05   0.39936E+04   0.50529E+01   0.72247E+22
   0.11001E+05   0.39941E+04   0.50534E+01   0.72254E+22
   0.11003E+05   0.39946E+04   0.50539E+01   0.72261E+22
   0.11004E+05   0.39952E+04   0.50544E+01   0.72268E+22
   0.11006E+05   0.39957E+04   0.50549E+01   0.72275E+22
   0.11007E+05   0.39962E+04   0.50554E+01   0.72282E+22
   0.11009E+05   0.39968E+04   0.50559E+01   0.72289E+22
   0.11010E+05   0.39973E+04   0.50564E+01   0.72296E+22
   0.11012E+05   0.39978E+04   0.50569E+01   0.72303E+22
   0.11013E+05   0.39984E+04   0.50574E+01   0.72310E+22
   0.11015E+05   0.39989E+04   0.50579E+01   0.72317E+22
   0.11016E+05   0.39994E+04   0.50584E+01   0.72324E+22
   0.11018E+05   0.40000E+04   0.50589E+01   0.72331E+22
   0.11019E+05   0.40005E+04   0.50594E+01   0.72338E+22
   0.11021E+05   0.40010E+04   0.50599E+01   0.72345E+22
   0.11022E+05   0.40016E+04   0.50604E+01   0.72352E+22
   0.11024E+05   0.40021E+04   0.50609E+01   0.72359E+22
   0.11025E+05   0.40027E+04   0.50614E+01   0.72366E+22
   0.11027E+05   0.40032E+04   0.50619E+01   0.72373E+22
   0.11028E+05   0.40037E+04   0.50624E+01   0.72380E+22
   0.11029E+05   0.40043E+04   0.50629E+01   0.72388E+22
   0.11031E+05   0.40048E+04   0.50634E+01   0.72395E+22
   0.11032E+05   0.40053E+04   0.50639E+01   0.72402E+22
   0.11034E+05   0.40059E+04   0.50644E+01   0.72409E+22
   0.11035E+05   0.40064E+04   0.50649E+01   0.72416E+22
   0.11037E+05   0.40069E+04   0.50654E+01   0.72423E+22
   0.11038E+05   0.40075E+04   0.50659E+01   0.72430E+22
   0.11040E+05   0.40080E+04   0.50664E+01   0.72437E+22
   0.11041E+05   0.40085E+04   0.50669E+01   0.72444E+22
   0.11043E+05   0.40091E+04   0.50674E+01   0.72451E+22
   0.11044E+05   0.40096E+04   0.50679E+01   0.72458E+22
   0.11046E+05   0.40101E+04   0.50684E+01   0.72465E+22
   0.11047E+05   0.40107E+04   0.50689E+01   0.72472E+22
   0.11049E+05   0.40112E+04   0.50694E+01   0.72479E+22
   0.11050E+05   0.40117E+04   0.50699E+01   0.72486E+22
   0.11052E+05   0.40123E+04   0.50704E+01   0.72493E+22
   0.11053E+05   0.40128E+04   0.50709E+01   0.72500E+22
   0.11055E+05   0.40133E+04   0.50714E+01   0.72507E+22
   0.11056E+05   0.40139E+04   0.50719E+01   0.72514E+22
   0.11058E+05   0.40144E+04   0.50724E+01   0.72521E+22
   0.11059E+05   0.40149E+04   0.50729E+01   0.72528E+22
   0.11061E+05   0.40155E+04   0.50734E+01   0.72535E+22
   0.11062E+05   0.40160E+04   0.50739E+01   0.72543E+22
   0.11064E+05   0.40166E+04   0.50744E+01   0.72550E+22
   0.11065E+05   0.40171E+04   0.50749E+01   0.72557E+22
   0.11067E+05   0.40176E+04   0.50754E+01   0.72564E+22
   0.11068E+05   0.40182E+04   0.50759E+01   0.72571E+22
   0.11070E+05   0.40187E+04   0.50764E+01   0.72578E+22
   0.11071E+05   0.40192E+04   0.50769E+01   0.72585E+22
   0.11073E+05   0.40198E+04   0.50774E+01   0.72592E+22
   0.11074E+05   0.40203E+04   0.50779E+01   0.72599E+22
   0.11076E+05   0.40208E+04   0.50784E+01   0.72606E+22
   0.11077E+05   0.40214E+04   0.50789E+01   0.72613E+22
   0.11079E+05   0.40219E+04   0.50794E+01   0.72620E+22
   0.11080E+05   0.40224E+04   0.50799E+01   0.72627E+22
   0.11081E+05   0.40230E+04   0.50804E+01   0.72634E+22
   0.11083E+05   0.40235E+04   0.50809E+01   0.72641E+22
   0.11084E+05   0.40240E+04   0.50814E+01   0.72648E+22
   0.11086E+05   0.40246E+04   0.50819E+01   0.72655E+22
   0.11087E+05   0.40251E+04   0.50824E+01   0.72662E+22
   0.11089E+05   0.40257E+04   0.50829E+01   0.72669E+22
   0.11090E+05   0.40262E+04   0.50834E+01   0.72676E+22
