 ========================================================
       E/V           P              n           eps      
    (MeV/fm3)     (MeV/fm3)      (#/fm3)    (erg/cm^3/s) 
 ========================================================
   0.43755E-11   0.63039E-25   0.47000E-14   0.00000E+00
   0.44091E-11   0.63039E-24   0.47300E-14   0.00000E+00
   0.44316E-11   0.63039E-23   0.47600E-14   0.00000E+00
   0.45718E-11   0.63039E-22   0.49100E-14   0.00000E+00
   0.65071E-11   0.75522E-21   0.69900E-14   0.00000E+00
   0.91997E-11   0.87381E-20   0.99000E-14   0.00000E+00
   0.25299E-10   0.10611E-18   0.27200E-13   0.00000E+00
   0.11892E-09   0.36326E-17   0.12700E-12   0.00000E+00
   0.64510E-09   0.11859E-15   0.69300E-12   0.00000E+00
   0.58564E-08   0.60817E-14   0.62950E-11   0.00000E+00
   0.14708E-07   0.31008E-13   0.15810E-10   0.00000E+00
   0.36950E-07   0.15173E-12   0.39720E-10   0.00000E+00
   0.92783E-07   0.71840E-12   0.99760E-10   0.00000E+00
   0.23313E-06   0.32868E-11   0.25060E-09   0.00000E+00
   0.58564E-06   0.14468E-10   0.62940E-09   0.00000E+00
   0.14708E-05   0.60886E-10   0.15810E-08   0.00000E+00
   0.36956E-05   0.24411E-09   0.39720E-08   0.00000E+00
   0.46520E-05   0.32824E-09   0.50000E-08   0.00000E+00
   0.92839E-05   0.89566E-09   0.99760E-08   0.00000E+00
   0.18523E-04   0.23924E-08   0.19900E-07   0.00000E+00
   0.36962E-04   0.62790E-08   0.39720E-07   0.00000E+00
   0.73766E-04   0.16253E-07   0.79240E-07   0.00000E+00
   0.14720E-03   0.41668E-07   0.15810E-06   0.00000E+00
   0.18534E-03   0.54538E-07   0.19900E-06   0.00000E+00
   0.29377E-03   0.10167E-06   0.31550E-06   0.00000E+00
   0.46565E-03   0.18906E-06   0.50000E-06   0.00000E+00
   0.58620E-03   0.25771E-06   0.62940E-06   0.00000E+00
   0.72252E-03   0.31432E-06   0.77530E-06   0.00000E+00
   0.90931E-03   0.42817E-06   0.97610E-06   0.00000E+00
   0.14417E-02   0.79392E-06   0.15470E-05   0.00000E+00
   0.22853E-02   0.14705E-05   0.24520E-05   0.00000E+00
   0.37035E-02   0.27225E-05   0.39710E-05   0.00000E+00
   0.45017E-02   0.35339E-05   0.48270E-05   0.00000E+00
   0.56713E-02   0.48072E-05   0.60770E-05   0.00000E+00
   0.71410E-02   0.65411E-05   0.76530E-05   0.00000E+00
   0.93119E-02   0.88942E-05   0.99810E-05   0.00000E+00
   0.11878E-01   0.12096E-04   0.12725E-04   0.00000E+00
   0.14759E-01   0.15622E-04   0.15810E-04   0.00000E+00
   0.18590E-01   0.21246E-04   0.19900E-04   0.00000E+00
   0.23403E-01   0.28886E-04   0.25060E-04   0.00000E+00
   0.29478E-01   0.37131E-04   0.31545E-04   0.00000E+00
   0.37119E-01   0.50488E-04   0.39710E-04   0.00000E+00
   0.46756E-01   0.68657E-04   0.50014E-04   0.00000E+00
   0.60359E-01   0.93311E-04   0.64550E-04   0.00000E+00
   0.77973E-01   0.12689E-03   0.83310E-04   0.00000E+00
   0.95980E-01   0.16209E-03   0.10250E-03   0.00000E+00
   0.10406E+00   0.18050E-03   0.11115E-03   0.00000E+00
   0.11466E+00   0.20535E-03   0.12240E-03   0.00000E+00
   0.14781E+00   0.27918E-03   0.15780E-03   0.00000E+00
   0.18427E+00   0.36301E-03   0.19660E-03   0.00000E+00
   0.22074E+00   0.43684E-03   0.23550E-03   0.00000E+00
   0.37539E+00   0.54551E-03   0.40000E-03   0.00000E+00
   0.56320E+00   0.78705E-03   0.60000E-03   0.00000E+00
   0.82573E+00   0.10579E-02   0.87900E-03   0.00000E+00
   0.14950E+01   0.16459E-02   0.15900E-02   0.00000E+00
   0.35099E+01   0.38654E-02   0.37300E-02   0.00000E+00
   0.54329E+01   0.69094E-02   0.57700E-02   0.00000E+00
   0.83919E+01   0.13082E-01   0.89100E-02   0.00000E+00
   0.19252E+02   0.46349E-01   0.20400E-01   0.00000E+00
   0.44938E+02   0.17133E+00   0.47500E-01   0.00000E+00
   0.79399E+02   0.30428E+00   0.83683E-01   0.00000E+00
   0.79875E+02   0.30865E+00   0.84183E-01   0.00000E+00
   0.80352E+02   0.31312E+00   0.84683E-01   0.00000E+00
   0.80828E+02   0.31769E+00   0.85183E-01   0.00000E+00
   0.81304E+02   0.32238E+00   0.85683E-01   0.00000E+00
   0.81780E+02   0.32717E+00   0.86183E-01   0.00000E+00
   0.82257E+02   0.33207E+00   0.86683E-01   0.00000E+00
   0.82733E+02   0.33709E+00   0.87183E-01   0.00000E+00
   0.83210E+02   0.34222E+00   0.87683E-01   0.00000E+00
   0.83686E+02   0.34747E+00   0.88183E-01   0.00000E+00
   0.84163E+02   0.35283E+00   0.88683E-01   0.00000E+00
   0.84639E+02   0.35832E+00   0.89183E-01   0.00000E+00
   0.85116E+02   0.36392E+00   0.89683E-01   0.00000E+00
   0.85592E+02   0.36965E+00   0.90183E-01   0.00000E+00
   0.86069E+02   0.37550E+00   0.90683E-01   0.00000E+00
   0.86546E+02   0.38148E+00   0.91183E-01   0.00000E+00
   0.87022E+02   0.38758E+00   0.91683E-01   0.00000E+00
   0.87499E+02   0.39381E+00   0.92183E-01   0.00000E+00
   0.87976E+02   0.40017E+00   0.92683E-01   0.00000E+00
   0.88452E+02   0.40666E+00   0.93183E-01   0.00000E+00
   0.88929E+02   0.41329E+00   0.93683E-01   0.00000E+00
   0.89406E+02   0.42004E+00   0.94183E-01   0.00000E+00
   0.89883E+02   0.42694E+00   0.94683E-01   0.00000E+00
   0.90360E+02   0.43397E+00   0.95183E-01   0.00000E+00
   0.90837E+02   0.44114E+00   0.95683E-01   0.00000E+00
   0.91314E+02   0.44844E+00   0.96183E-01   0.00000E+00
   0.91791E+02   0.45589E+00   0.96683E-01   0.00000E+00
   0.92268E+02   0.46348E+00   0.97183E-01   0.00000E+00
   0.92745E+02   0.47122E+00   0.97683E-01   0.00000E+00
   0.93222E+02   0.47910E+00   0.98183E-01   0.00000E+00
   0.93699E+02   0.48712E+00   0.98683E-01   0.00000E+00
   0.94177E+02   0.49529E+00   0.99183E-01   0.00000E+00
   0.94654E+02   0.50362E+00   0.99683E-01   0.00000E+00
   0.95131E+02   0.51209E+00   0.10018E+00   0.00000E+00
   0.95609E+02   0.52071E+00   0.10068E+00   0.00000E+00
   0.96086E+02   0.52949E+00   0.10118E+00   0.00000E+00
   0.96564E+02   0.53842E+00   0.10168E+00   0.00000E+00
   0.97041E+02   0.54751E+00   0.10218E+00   0.00000E+00
   0.97519E+02   0.55676E+00   0.10268E+00   0.00000E+00
   0.97996E+02   0.56616E+00   0.10318E+00   0.00000E+00
   0.98474E+02   0.57571E+00   0.10368E+00   0.00000E+00
   0.98951E+02   0.58543E+00   0.10418E+00   0.00000E+00
   0.99429E+02   0.59530E+00   0.10468E+00   0.00000E+00
   0.99907E+02   0.60533E+00   0.10518E+00   0.00000E+00
   0.10038E+03   0.61552E+00   0.10568E+00   0.00000E+00
   0.10086E+03   0.62587E+00   0.10618E+00   0.00000E+00
   0.10134E+03   0.63638E+00   0.10668E+00   0.00000E+00
   0.10182E+03   0.64706E+00   0.10718E+00   0.00000E+00
   0.10230E+03   0.65790E+00   0.10768E+00   0.00000E+00
   0.10277E+03   0.66891E+00   0.10818E+00   0.00000E+00
   0.10325E+03   0.68009E+00   0.10868E+00   0.00000E+00
   0.10373E+03   0.69144E+00   0.10918E+00   0.00000E+00
   0.10421E+03   0.70296E+00   0.10968E+00   0.00000E+00
   0.10469E+03   0.71465E+00   0.11018E+00   0.00000E+00
   0.10517E+03   0.72652E+00   0.11068E+00   0.00000E+00
   0.10564E+03   0.73856E+00   0.11118E+00   0.00000E+00
   0.10612E+03   0.75077E+00   0.11168E+00   0.00000E+00
   0.10660E+03   0.76312E+00   0.11218E+00   0.00000E+00
   0.10708E+03   0.77560E+00   0.11268E+00   0.00000E+00
   0.10756E+03   0.78824E+00   0.11318E+00   0.00000E+00
   0.10804E+03   0.80104E+00   0.11368E+00   0.00000E+00
   0.10852E+03   0.81401E+00   0.11418E+00   0.00000E+00
   0.10899E+03   0.82715E+00   0.11468E+00   0.00000E+00
   0.10947E+03   0.84045E+00   0.11518E+00   0.00000E+00
   0.10995E+03   0.85393E+00   0.11568E+00   0.00000E+00
   0.11043E+03   0.86758E+00   0.11618E+00   0.00000E+00
   0.11091E+03   0.88141E+00   0.11668E+00   0.00000E+00
   0.11139E+03   0.89542E+00   0.11718E+00   0.00000E+00
   0.11187E+03   0.90961E+00   0.11768E+00   0.00000E+00
   0.11235E+03   0.92397E+00   0.11818E+00   0.00000E+00
   0.11283E+03   0.93852E+00   0.11868E+00   0.00000E+00
   0.11331E+03   0.95325E+00   0.11918E+00   0.00000E+00
   0.11379E+03   0.96816E+00   0.11968E+00   0.00000E+00
   0.11426E+03   0.98326E+00   0.12018E+00   0.00000E+00
   0.11474E+03   0.99855E+00   0.12068E+00   0.00000E+00
   0.11522E+03   0.10140E+01   0.12118E+00   0.00000E+00
   0.11570E+03   0.10297E+01   0.12168E+00   0.00000E+00
   0.11618E+03   0.10455E+01   0.12218E+00   0.00000E+00
   0.11666E+03   0.10616E+01   0.12268E+00   0.00000E+00
   0.11714E+03   0.10778E+01   0.12318E+00   0.00000E+00
   0.11762E+03   0.10942E+01   0.12368E+00   0.00000E+00
   0.11810E+03   0.11108E+01   0.12418E+00   0.00000E+00
   0.11858E+03   0.11277E+01   0.12468E+00   0.00000E+00
   0.11906E+03   0.11447E+01   0.12518E+00   0.00000E+00
   0.11954E+03   0.11619E+01   0.12568E+00   0.00000E+00
   0.12002E+03   0.11793E+01   0.12618E+00   0.00000E+00
   0.12050E+03   0.11969E+01   0.12668E+00   0.00000E+00
   0.12098E+03   0.12147E+01   0.12718E+00   0.00000E+00
   0.12146E+03   0.12327E+01   0.12768E+00   0.00000E+00
   0.12194E+03   0.12509E+01   0.12818E+00   0.00000E+00
   0.12243E+03   0.12693E+01   0.12868E+00   0.00000E+00
   0.12291E+03   0.12879E+01   0.12918E+00   0.00000E+00
   0.12339E+03   0.13067E+01   0.12968E+00   0.00000E+00
   0.12387E+03   0.13257E+01   0.13018E+00   0.00000E+00
   0.12435E+03   0.13449E+01   0.13068E+00   0.00000E+00
   0.12483E+03   0.13643E+01   0.13118E+00   0.00000E+00
   0.12531E+03   0.13840E+01   0.13168E+00   0.00000E+00
   0.12579E+03   0.14038E+01   0.13218E+00   0.00000E+00
   0.12627E+03   0.14238E+01   0.13268E+00   0.00000E+00
   0.12675E+03   0.14441E+01   0.13318E+00   0.00000E+00
   0.12724E+03   0.14646E+01   0.13368E+00   0.00000E+00
   0.12772E+03   0.14853E+01   0.13418E+00   0.00000E+00
   0.12820E+03   0.15062E+01   0.13468E+00   0.00000E+00
   0.12868E+03   0.15273E+01   0.13518E+00   0.00000E+00
   0.12916E+03   0.15486E+01   0.13568E+00   0.00000E+00
   0.12964E+03   0.15701E+01   0.13618E+00   0.00000E+00
   0.13012E+03   0.15919E+01   0.13668E+00   0.00000E+00
   0.13061E+03   0.16139E+01   0.13718E+00   0.00000E+00
   0.13109E+03   0.16360E+01   0.13768E+00   0.00000E+00
   0.13157E+03   0.16585E+01   0.13818E+00   0.00000E+00
   0.13205E+03   0.16811E+01   0.13868E+00   0.00000E+00
   0.13253E+03   0.17039E+01   0.13918E+00   0.00000E+00
   0.13302E+03   0.17270E+01   0.13968E+00   0.00000E+00
   0.13350E+03   0.17503E+01   0.14018E+00   0.00000E+00
   0.13398E+03   0.17738E+01   0.14068E+00   0.00000E+00
   0.13446E+03   0.17975E+01   0.14118E+00   0.00000E+00
   0.13495E+03   0.18215E+01   0.14168E+00   0.00000E+00
   0.13543E+03   0.18457E+01   0.14218E+00   0.00000E+00
   0.13591E+03   0.18701E+01   0.14268E+00   0.00000E+00
   0.13640E+03   0.18947E+01   0.14318E+00   0.00000E+00
   0.13688E+03   0.19196E+01   0.14368E+00   0.00000E+00
   0.13736E+03   0.19447E+01   0.14418E+00   0.00000E+00
   0.13784E+03   0.19700E+01   0.14468E+00   0.00000E+00
   0.13833E+03   0.19956E+01   0.14518E+00   0.00000E+00
   0.13881E+03   0.20213E+01   0.14568E+00   0.00000E+00
   0.13929E+03   0.20473E+01   0.14618E+00   0.00000E+00
   0.13978E+03   0.20736E+01   0.14668E+00   0.00000E+00
   0.14026E+03   0.21001E+01   0.14718E+00   0.00000E+00
   0.14075E+03   0.21268E+01   0.14768E+00   0.00000E+00
   0.14123E+03   0.21537E+01   0.14818E+00   0.00000E+00
   0.14171E+03   0.21809E+01   0.14868E+00   0.00000E+00
   0.14220E+03   0.22083E+01   0.14918E+00   0.00000E+00
   0.14268E+03   0.22359E+01   0.14968E+00   0.00000E+00
   0.14316E+03   0.22638E+01   0.15018E+00   0.00000E+00
   0.14365E+03   0.22919E+01   0.15068E+00   0.00000E+00
   0.14413E+03   0.23203E+01   0.15118E+00   0.00000E+00
   0.14462E+03   0.23489E+01   0.15168E+00   0.00000E+00
   0.14510E+03   0.23777E+01   0.15218E+00   0.00000E+00
   0.14559E+03   0.24068E+01   0.15268E+00   0.00000E+00
   0.14607E+03   0.24361E+01   0.15318E+00   0.00000E+00
   0.14656E+03   0.24656E+01   0.15368E+00   0.00000E+00
   0.14704E+03   0.24954E+01   0.15418E+00   0.00000E+00
   0.14753E+03   0.25254E+01   0.15468E+00   0.00000E+00
   0.14801E+03   0.25557E+01   0.15518E+00   0.00000E+00
   0.14850E+03   0.25862E+01   0.15568E+00   0.00000E+00
   0.14898E+03   0.26170E+01   0.15618E+00   0.00000E+00
   0.14947E+03   0.26480E+01   0.15668E+00   0.00000E+00
   0.14995E+03   0.26793E+01   0.15718E+00   0.00000E+00
   0.15044E+03   0.27108E+01   0.15768E+00   0.00000E+00
   0.15092E+03   0.27425E+01   0.15818E+00   0.00000E+00
   0.15141E+03   0.27745E+01   0.15868E+00   0.00000E+00
   0.15190E+03   0.28068E+01   0.15918E+00   0.00000E+00
   0.15238E+03   0.28393E+01   0.15968E+00   0.00000E+00
   0.15287E+03   0.28720E+01   0.16018E+00   0.00000E+00
   0.15335E+03   0.29050E+01   0.16068E+00   0.00000E+00
   0.15384E+03   0.29382E+01   0.16118E+00   0.00000E+00
   0.15433E+03   0.29717E+01   0.16168E+00   0.00000E+00
   0.15481E+03   0.30055E+01   0.16218E+00   0.00000E+00
   0.15530E+03   0.30395E+01   0.16268E+00   0.00000E+00
   0.15579E+03   0.30737E+01   0.16318E+00   0.00000E+00
   0.15627E+03   0.31082E+01   0.16368E+00   0.00000E+00
   0.15676E+03   0.31430E+01   0.16418E+00   0.00000E+00
   0.15725E+03   0.31780E+01   0.16468E+00   0.00000E+00
   0.15773E+03   0.32133E+01   0.16518E+00   0.00000E+00
   0.15822E+03   0.32488E+01   0.16568E+00   0.00000E+00
   0.15871E+03   0.32846E+01   0.16618E+00   0.00000E+00
   0.15920E+03   0.33207E+01   0.16668E+00   0.00000E+00
   0.15968E+03   0.33570E+01   0.16718E+00   0.00000E+00
   0.16017E+03   0.33935E+01   0.16768E+00   0.00000E+00
   0.16066E+03   0.34304E+01   0.16818E+00   0.00000E+00
   0.16115E+03   0.34674E+01   0.16868E+00   0.00000E+00
   0.16164E+03   0.35048E+01   0.16918E+00   0.00000E+00
   0.16212E+03   0.35424E+01   0.16968E+00   0.00000E+00
   0.16261E+03   0.35803E+01   0.17018E+00   0.00000E+00
   0.16310E+03   0.36184E+01   0.17068E+00   0.00000E+00
   0.16359E+03   0.36568E+01   0.17118E+00   0.00000E+00
   0.16408E+03   0.36954E+01   0.17168E+00   0.00000E+00
   0.16457E+03   0.37344E+01   0.17218E+00   0.00000E+00
   0.16505E+03   0.37736E+01   0.17268E+00   0.00000E+00
   0.16554E+03   0.38130E+01   0.17318E+00   0.00000E+00
   0.16603E+03   0.38527E+01   0.17368E+00   0.00000E+00
   0.16652E+03   0.38927E+01   0.17418E+00   0.00000E+00
   0.16701E+03   0.39330E+01   0.17468E+00   0.00000E+00
   0.16750E+03   0.39735E+01   0.17518E+00   0.00000E+00
   0.16799E+03   0.40143E+01   0.17568E+00   0.00000E+00
   0.16848E+03   0.40554E+01   0.17618E+00   0.00000E+00
   0.16897E+03   0.40967E+01   0.17668E+00   0.00000E+00
   0.16946E+03   0.41383E+01   0.17718E+00   0.00000E+00
   0.16995E+03   0.41802E+01   0.17768E+00   0.00000E+00
   0.17044E+03   0.42223E+01   0.17818E+00   0.00000E+00
   0.17093E+03   0.42647E+01   0.17868E+00   0.00000E+00
   0.17142E+03   0.43074E+01   0.17918E+00   0.00000E+00
   0.17191E+03   0.43504E+01   0.17968E+00   0.00000E+00
   0.17240E+03   0.43936E+01   0.18018E+00   0.00000E+00
   0.17289E+03   0.44372E+01   0.18068E+00   0.00000E+00
   0.17338E+03   0.44809E+01   0.18118E+00   0.00000E+00
   0.17387E+03   0.45250E+01   0.18168E+00   0.00000E+00
   0.17436E+03   0.45694E+01   0.18218E+00   0.00000E+00
   0.17485E+03   0.46140E+01   0.18268E+00   0.00000E+00
   0.17535E+03   0.46589E+01   0.18318E+00   0.00000E+00
   0.17584E+03   0.47041E+01   0.18368E+00   0.00000E+00
   0.17633E+03   0.47495E+01   0.18418E+00   0.00000E+00
   0.17682E+03   0.47953E+01   0.18468E+00   0.00000E+00
   0.17731E+03   0.48413E+01   0.18518E+00   0.00000E+00
   0.17780E+03   0.48876E+01   0.18568E+00   0.00000E+00
   0.17830E+03   0.49342E+01   0.18618E+00   0.00000E+00
   0.17879E+03   0.49810E+01   0.18668E+00   0.00000E+00
   0.17928E+03   0.50282E+01   0.18718E+00   0.00000E+00
   0.17977E+03   0.50756E+01   0.18768E+00   0.00000E+00
   0.18026E+03   0.51233E+01   0.18818E+00   0.00000E+00
   0.18076E+03   0.51713E+01   0.18868E+00   0.00000E+00
   0.18125E+03   0.52196E+01   0.18918E+00   0.00000E+00
   0.18174E+03   0.52681E+01   0.18968E+00   0.00000E+00
   0.18224E+03   0.53170E+01   0.19018E+00   0.00000E+00
   0.18273E+03   0.53661E+01   0.19068E+00   0.00000E+00
   0.18322E+03   0.54156E+01   0.19118E+00   0.00000E+00
   0.18372E+03   0.54653E+01   0.19168E+00   0.00000E+00
   0.18421E+03   0.55153E+01   0.19218E+00   0.00000E+00
   0.18470E+03   0.55656E+01   0.19268E+00   0.00000E+00
   0.18520E+03   0.56161E+01   0.19318E+00   0.00000E+00
   0.18569E+03   0.56670E+01   0.19368E+00   0.00000E+00
   0.18619E+03   0.57182E+01   0.19418E+00   0.00000E+00
   0.18668E+03   0.57696E+01   0.19468E+00   0.00000E+00
   0.18717E+03   0.58213E+01   0.19518E+00   0.00000E+00
   0.18767E+03   0.58734E+01   0.19568E+00   0.00000E+00
   0.18816E+03   0.59257E+01   0.19618E+00   0.00000E+00
   0.18866E+03   0.59783E+01   0.19668E+00   0.00000E+00
   0.18915E+03   0.60312E+01   0.19718E+00   0.00000E+00
   0.18965E+03   0.60844E+01   0.19768E+00   0.00000E+00
   0.19014E+03   0.61379E+01   0.19818E+00   0.00000E+00
   0.19064E+03   0.61917E+01   0.19868E+00   0.00000E+00
   0.19113E+03   0.62458E+01   0.19918E+00   0.00000E+00
   0.19163E+03   0.63002E+01   0.19968E+00   0.00000E+00
   0.19212E+03   0.63548E+01   0.20018E+00   0.00000E+00
   0.19262E+03   0.64098E+01   0.20068E+00   0.00000E+00
   0.19312E+03   0.64651E+01   0.20118E+00   0.00000E+00
   0.19361E+03   0.65207E+01   0.20168E+00   0.00000E+00
   0.19411E+03   0.65765E+01   0.20218E+00   0.00000E+00
   0.19460E+03   0.66327E+01   0.20268E+00   0.00000E+00
   0.19510E+03   0.66892E+01   0.20318E+00   0.00000E+00
   0.19560E+03   0.67459E+01   0.20368E+00   0.00000E+00
   0.19609E+03   0.68030E+01   0.20418E+00   0.00000E+00
   0.19659E+03   0.68604E+01   0.20468E+00   0.00000E+00
   0.19709E+03   0.69180E+01   0.20518E+00   0.00000E+00
   0.19759E+03   0.69760E+01   0.20568E+00   0.00000E+00
   0.19808E+03   0.70343E+01   0.20618E+00   0.00000E+00
   0.19858E+03   0.70928E+01   0.20668E+00   0.00000E+00
   0.19908E+03   0.71517E+01   0.20718E+00   0.00000E+00
   0.19958E+03   0.72109E+01   0.20768E+00   0.00000E+00
   0.20007E+03   0.72704E+01   0.20818E+00   0.00000E+00
   0.20057E+03   0.73302E+01   0.20868E+00   0.00000E+00
   0.20107E+03   0.73902E+01   0.20918E+00   0.00000E+00
   0.20157E+03   0.74506E+01   0.20968E+00   0.00000E+00
   0.20207E+03   0.75113E+01   0.21018E+00   0.00000E+00
   0.20257E+03   0.75724E+01   0.21068E+00   0.00000E+00
   0.20306E+03   0.76337E+01   0.21118E+00   0.00000E+00
   0.20356E+03   0.76953E+01   0.21168E+00   0.00000E+00
   0.20406E+03   0.77572E+01   0.21218E+00   0.00000E+00
   0.20456E+03   0.78195E+01   0.21268E+00   0.00000E+00
   0.20506E+03   0.78820E+01   0.21318E+00   0.00000E+00
   0.20556E+03   0.79449E+01   0.21368E+00   0.00000E+00
   0.20606E+03   0.80080E+01   0.21418E+00   0.00000E+00
   0.20656E+03   0.80715E+01   0.21468E+00   0.00000E+00
   0.20706E+03   0.81353E+01   0.21518E+00   0.00000E+00
   0.20756E+03   0.81994E+01   0.21568E+00   0.00000E+00
   0.20806E+03   0.82638E+01   0.21618E+00   0.00000E+00
   0.20856E+03   0.83285E+01   0.21668E+00   0.00000E+00
   0.20906E+03   0.83935E+01   0.21718E+00   0.00000E+00
   0.20956E+03   0.84588E+01   0.21768E+00   0.00000E+00
   0.21006E+03   0.85245E+01   0.21818E+00   0.00000E+00
   0.21056E+03   0.85904E+01   0.21868E+00   0.00000E+00
   0.21106E+03   0.86567E+01   0.21918E+00   0.00000E+00
   0.21157E+03   0.87233E+01   0.21968E+00   0.00000E+00
   0.21207E+03   0.87902E+01   0.22018E+00   0.00000E+00
   0.21257E+03   0.88574E+01   0.22068E+00   0.00000E+00
   0.21307E+03   0.89250E+01   0.22118E+00   0.00000E+00
   0.21357E+03   0.89928E+01   0.22168E+00   0.00000E+00
   0.21408E+03   0.90610E+01   0.22218E+00   0.00000E+00
   0.21458E+03   0.91294E+01   0.22268E+00   0.00000E+00
   0.21508E+03   0.91982E+01   0.22318E+00   0.00000E+00
   0.21558E+03   0.92673E+01   0.22368E+00   0.00000E+00
   0.21608E+03   0.93367E+01   0.22418E+00   0.00000E+00
   0.21659E+03   0.94065E+01   0.22468E+00   0.00000E+00
   0.21709E+03   0.94765E+01   0.22518E+00   0.00000E+00
   0.21759E+03   0.95469E+01   0.22568E+00   0.00000E+00
   0.21810E+03   0.96176E+01   0.22618E+00   0.00000E+00
   0.21860E+03   0.96886E+01   0.22668E+00   0.00000E+00
   0.21910E+03   0.97600E+01   0.22718E+00   0.00000E+00
   0.21961E+03   0.98316E+01   0.22768E+00   0.00000E+00
   0.22011E+03   0.99036E+01   0.22818E+00   0.00000E+00
   0.22062E+03   0.99759E+01   0.22868E+00   0.00000E+00
   0.22112E+03   0.10048E+02   0.22918E+00   0.00000E+00
   0.22162E+03   0.10121E+02   0.22968E+00   0.00000E+00
   0.22213E+03   0.10195E+02   0.23018E+00   0.00000E+00
   0.22263E+03   0.10268E+02   0.23068E+00   0.00000E+00
   0.22314E+03   0.10342E+02   0.23118E+00   0.00000E+00
   0.22364E+03   0.10416E+02   0.23168E+00   0.00000E+00
   0.22415E+03   0.10491E+02   0.23218E+00   0.00000E+00
   0.22465E+03   0.10566E+02   0.23268E+00   0.00000E+00
   0.22516E+03   0.10641E+02   0.23318E+00   0.00000E+00
   0.22567E+03   0.10716E+02   0.23368E+00   0.00000E+00
   0.22617E+03   0.10792E+02   0.23418E+00   0.00000E+00
   0.22668E+03   0.10868E+02   0.23468E+00   0.00000E+00
   0.22718E+03   0.10945E+02   0.23518E+00   0.00000E+00
   0.22769E+03   0.11022E+02   0.23568E+00   0.00000E+00
   0.22820E+03   0.11099E+02   0.23618E+00   0.00000E+00
   0.22870E+03   0.11176E+02   0.23668E+00   0.00000E+00
   0.22921E+03   0.11254E+02   0.23718E+00   0.00000E+00
   0.22972E+03   0.11332E+02   0.23768E+00   0.00000E+00
   0.23022E+03   0.11410E+02   0.23818E+00   0.00000E+00
   0.23073E+03   0.11489E+02   0.23868E+00   0.00000E+00
   0.23124E+03   0.11568E+02   0.23918E+00   0.00000E+00
   0.23175E+03   0.11648E+02   0.23968E+00   0.00000E+00
   0.23225E+03   0.11727E+02   0.24018E+00   0.00000E+00
   0.23276E+03   0.11807E+02   0.24068E+00   0.00000E+00
   0.23327E+03   0.11888E+02   0.24118E+00   0.00000E+00
   0.23378E+03   0.11968E+02   0.24168E+00   0.00000E+00
   0.23429E+03   0.12049E+02   0.24218E+00   0.00000E+00
   0.23480E+03   0.12131E+02   0.24268E+00   0.00000E+00
   0.23531E+03   0.12212E+02   0.24318E+00   0.00000E+00
   0.23581E+03   0.12294E+02   0.24368E+00   0.00000E+00
   0.23632E+03   0.12377E+02   0.24418E+00   0.00000E+00
   0.23683E+03   0.12459E+02   0.24468E+00   0.00000E+00
   0.23734E+03   0.12542E+02   0.24518E+00   0.00000E+00
   0.23785E+03   0.12626E+02   0.24568E+00   0.00000E+00
   0.23836E+03   0.12709E+02   0.24618E+00   0.00000E+00
   0.23887E+03   0.12793E+02   0.24668E+00   0.00000E+00
   0.23938E+03   0.12877E+02   0.24718E+00   0.00000E+00
   0.23989E+03   0.12962E+02   0.24768E+00   0.00000E+00
   0.24040E+03   0.13047E+02   0.24818E+00   0.00000E+00
   0.24091E+03   0.13132E+02   0.24868E+00   0.00000E+00
   0.24142E+03   0.13218E+02   0.24918E+00   0.00000E+00
   0.24194E+03   0.13304E+02   0.24968E+00   0.00000E+00
   0.24245E+03   0.13390E+02   0.25018E+00   0.00000E+00
   0.24296E+03   0.13477E+02   0.25068E+00   0.00000E+00
   0.24347E+03   0.13564E+02   0.25118E+00   0.00000E+00
   0.24398E+03   0.13651E+02   0.25168E+00   0.00000E+00
   0.24449E+03   0.13738E+02   0.25218E+00   0.00000E+00
   0.24501E+03   0.13826E+02   0.25268E+00   0.00000E+00
   0.24552E+03   0.13915E+02   0.25318E+00   0.00000E+00
   0.24603E+03   0.14003E+02   0.25368E+00   0.00000E+00
   0.24654E+03   0.14092E+02   0.25418E+00   0.00000E+00
   0.24706E+03   0.14181E+02   0.25468E+00   0.00000E+00
   0.24757E+03   0.14271E+02   0.25518E+00   0.00000E+00
   0.24808E+03   0.14361E+02   0.25568E+00   0.00000E+00
   0.24859E+03   0.14451E+02   0.25618E+00   0.00000E+00
   0.24911E+03   0.14541E+02   0.25668E+00   0.00000E+00
   0.24962E+03   0.14632E+02   0.25718E+00   0.00000E+00
   0.25014E+03   0.14724E+02   0.25768E+00   0.00000E+00
   0.25065E+03   0.14815E+02   0.25818E+00   0.00000E+00
   0.25116E+03   0.14907E+02   0.25868E+00   0.00000E+00
   0.25168E+03   0.14999E+02   0.25918E+00   0.00000E+00
   0.25219E+03   0.15092E+02   0.25968E+00   0.00000E+00
   0.25271E+03   0.15185E+02   0.26018E+00   0.00000E+00
   0.25322E+03   0.15278E+02   0.26068E+00   0.00000E+00
   0.25374E+03   0.15371E+02   0.26118E+00   0.00000E+00
   0.25425E+03   0.15465E+02   0.26168E+00   0.00000E+00
   0.25477E+03   0.15559E+02   0.26218E+00   0.00000E+00
   0.25528E+03   0.15654E+02   0.26268E+00   0.00000E+00
   0.25580E+03   0.15749E+02   0.26318E+00   0.00000E+00
   0.25632E+03   0.15844E+02   0.26368E+00   0.00000E+00
   0.25683E+03   0.15939E+02   0.26418E+00   0.00000E+00
   0.25735E+03   0.16035E+02   0.26468E+00   0.00000E+00
   0.25786E+03   0.16131E+02   0.26518E+00   0.00000E+00
   0.25838E+03   0.16228E+02   0.26568E+00   0.00000E+00
   0.25890E+03   0.16325E+02   0.26618E+00   0.00000E+00
   0.25942E+03   0.16422E+02   0.26668E+00   0.00000E+00
   0.25993E+03   0.16519E+02   0.26718E+00   0.00000E+00
   0.26045E+03   0.16617E+02   0.26768E+00   0.00000E+00
   0.26097E+03   0.16715E+02   0.26818E+00   0.00000E+00
   0.26149E+03   0.16814E+02   0.26868E+00   0.00000E+00
   0.26200E+03   0.16913E+02   0.26918E+00   0.00000E+00
   0.26252E+03   0.17012E+02   0.26968E+00   0.00000E+00
   0.26304E+03   0.17111E+02   0.27018E+00   0.00000E+00
   0.26356E+03   0.17211E+02   0.27068E+00   0.00000E+00
   0.26408E+03   0.17311E+02   0.27118E+00   0.00000E+00
   0.26460E+03   0.17412E+02   0.27168E+00   0.00000E+00
   0.26512E+03   0.17513E+02   0.27218E+00   0.00000E+00
   0.26563E+03   0.17614E+02   0.27268E+00   0.00000E+00
   0.26615E+03   0.17715E+02   0.27318E+00   0.00000E+00
   0.26667E+03   0.17817E+02   0.27368E+00   0.00000E+00
   0.26719E+03   0.17919E+02   0.27418E+00   0.00000E+00
   0.26771E+03   0.18022E+02   0.27468E+00   0.00000E+00
   0.26823E+03   0.18124E+02   0.27518E+00   0.00000E+00
   0.26875E+03   0.18227E+02   0.27568E+00   0.00000E+00
   0.26927E+03   0.18331E+02   0.27618E+00   0.00000E+00
   0.26980E+03   0.18435E+02   0.27668E+00   0.00000E+00
   0.27032E+03   0.18539E+02   0.27718E+00   0.00000E+00
   0.27084E+03   0.18643E+02   0.27768E+00   0.00000E+00
   0.27136E+03   0.18748E+02   0.27818E+00   0.00000E+00
   0.27188E+03   0.18853E+02   0.27868E+00   0.00000E+00
   0.27240E+03   0.18959E+02   0.27918E+00   0.00000E+00
   0.27292E+03   0.19064E+02   0.27968E+00   0.00000E+00
   0.27345E+03   0.19171E+02   0.28018E+00   0.00000E+00
   0.27397E+03   0.19277E+02   0.28068E+00   0.00000E+00
   0.27449E+03   0.19384E+02   0.28118E+00   0.00000E+00
   0.27501E+03   0.19491E+02   0.28168E+00   0.00000E+00
   0.27554E+03   0.19598E+02   0.28218E+00   0.00000E+00
   0.27606E+03   0.19706E+02   0.28268E+00   0.00000E+00
   0.27658E+03   0.19814E+02   0.28318E+00   0.00000E+00
   0.27711E+03   0.19922E+02   0.28368E+00   0.00000E+00
   0.27763E+03   0.20031E+02   0.28418E+00   0.00000E+00
   0.27815E+03   0.20140E+02   0.28468E+00   0.00000E+00
   0.27868E+03   0.20250E+02   0.28518E+00   0.00000E+00
   0.27920E+03   0.20359E+02   0.28568E+00   0.00000E+00
   0.27973E+03   0.20469E+02   0.28618E+00   0.00000E+00
   0.28025E+03   0.20580E+02   0.28668E+00   0.00000E+00
   0.28078E+03   0.20691E+02   0.28718E+00   0.00000E+00
   0.28130E+03   0.20802E+02   0.28768E+00   0.00000E+00
   0.28183E+03   0.20913E+02   0.28818E+00   0.00000E+00
   0.28235E+03   0.21025E+02   0.28868E+00   0.00000E+00
   0.28288E+03   0.21137E+02   0.28918E+00   0.00000E+00
   0.28340E+03   0.21249E+02   0.28968E+00   0.00000E+00
   0.28393E+03   0.21362E+02   0.29018E+00   0.00000E+00
   0.28445E+03   0.21475E+02   0.29068E+00   0.00000E+00
   0.28498E+03   0.21588E+02   0.29118E+00   0.00000E+00
   0.28551E+03   0.21702E+02   0.29168E+00   0.00000E+00
   0.28603E+03   0.21816E+02   0.29218E+00   0.00000E+00
   0.28656E+03   0.21930E+02   0.29268E+00   0.00000E+00
   0.28709E+03   0.22045E+02   0.29318E+00   0.00000E+00
   0.28762E+03   0.22160E+02   0.29368E+00   0.00000E+00
   0.28814E+03   0.22275E+02   0.29418E+00   0.00000E+00
   0.28867E+03   0.22391E+02   0.29468E+00   0.00000E+00
   0.28920E+03   0.22507E+02   0.29518E+00   0.00000E+00
   0.28973E+03   0.22623E+02   0.29568E+00   0.00000E+00
   0.29025E+03   0.22739E+02   0.29618E+00   0.00000E+00
   0.29078E+03   0.22856E+02   0.29668E+00   0.00000E+00
   0.29131E+03   0.22974E+02   0.29718E+00   0.00000E+00
   0.29184E+03   0.23091E+02   0.29768E+00   0.00000E+00
   0.29237E+03   0.23209E+02   0.29818E+00   0.00000E+00
   0.29290E+03   0.23327E+02   0.29868E+00   0.00000E+00
   0.29343E+03   0.23446E+02   0.29918E+00   0.00000E+00
   0.29396E+03   0.23565E+02   0.29968E+00   0.00000E+00
   0.29449E+03   0.23684E+02   0.30018E+00   0.00000E+00
   0.29502E+03   0.23804E+02   0.30068E+00   0.00000E+00
   0.29555E+03   0.23923E+02   0.30118E+00   0.00000E+00
   0.29608E+03   0.24044E+02   0.30168E+00   0.00000E+00
   0.29661E+03   0.24164E+02   0.30218E+00   0.00000E+00
   0.29714E+03   0.24285E+02   0.30268E+00   0.00000E+00
   0.29767E+03   0.24406E+02   0.30318E+00   0.00000E+00
   0.29820E+03   0.24527E+02   0.30368E+00   0.00000E+00
   0.29873E+03   0.24649E+02   0.30418E+00   0.00000E+00
   0.29927E+03   0.24771E+02   0.30468E+00   0.00000E+00
   0.29980E+03   0.24894E+02   0.30518E+00   0.00000E+00
   0.30033E+03   0.25017E+02   0.30568E+00   0.00000E+00
   0.30086E+03   0.25140E+02   0.30618E+00   0.00000E+00
   0.30139E+03   0.25263E+02   0.30668E+00   0.00000E+00
   0.30193E+03   0.25387E+02   0.30718E+00   0.00000E+00
   0.30246E+03   0.25511E+02   0.30768E+00   0.00000E+00
   0.30299E+03   0.25635E+02   0.30818E+00   0.00000E+00
   0.30353E+03   0.25760E+02   0.30868E+00   0.00000E+00
   0.30406E+03   0.25885E+02   0.30918E+00   0.00000E+00
   0.30459E+03   0.26010E+02   0.30968E+00   0.00000E+00
   0.30513E+03   0.26136E+02   0.31018E+00   0.00000E+00
   0.30566E+03   0.26262E+02   0.31068E+00   0.00000E+00
   0.30620E+03   0.26388E+02   0.31118E+00   0.00000E+00
   0.30673E+03   0.26515E+02   0.31168E+00   0.00000E+00
   0.30726E+03   0.26641E+02   0.31218E+00   0.00000E+00
   0.30780E+03   0.26769E+02   0.31268E+00   0.00000E+00
   0.30833E+03   0.26896E+02   0.31318E+00   0.00000E+00
   0.30887E+03   0.27024E+02   0.31368E+00   0.00000E+00
   0.30941E+03   0.27152E+02   0.31418E+00   0.00000E+00
   0.30994E+03   0.27281E+02   0.31468E+00   0.00000E+00
   0.31048E+03   0.27410E+02   0.31518E+00   0.00000E+00
   0.31101E+03   0.27539E+02   0.31568E+00   0.00000E+00
   0.31155E+03   0.27668E+02   0.31618E+00   0.00000E+00
   0.31209E+03   0.27798E+02   0.31668E+00   0.00000E+00
   0.31262E+03   0.27928E+02   0.31718E+00   0.00000E+00
   0.31316E+03   0.28058E+02   0.31768E+00   0.00000E+00
   0.31370E+03   0.28189E+02   0.31818E+00   0.00000E+00
   0.31423E+03   0.28320E+02   0.31868E+00   0.00000E+00
   0.31477E+03   0.28451E+02   0.31918E+00   0.00000E+00
   0.31531E+03   0.28583E+02   0.31968E+00   0.00000E+00
   0.31585E+03   0.28715E+02   0.32018E+00   0.00000E+00
   0.31639E+03   0.28847E+02   0.32068E+00   0.00000E+00
   0.31692E+03   0.28980E+02   0.32118E+00   0.00000E+00
   0.31746E+03   0.29113E+02   0.32168E+00   0.00000E+00
   0.31800E+03   0.29246E+02   0.32218E+00   0.00000E+00
   0.31854E+03   0.29379E+02   0.32268E+00   0.00000E+00
   0.31908E+03   0.29513E+02   0.32318E+00   0.00000E+00
   0.31962E+03   0.29647E+02   0.32368E+00   0.00000E+00
   0.32016E+03   0.29782E+02   0.32418E+00   0.00000E+00
   0.32070E+03   0.29917E+02   0.32468E+00   0.00000E+00
   0.32124E+03   0.30052E+02   0.32518E+00   0.00000E+00
   0.32178E+03   0.30187E+02   0.32568E+00   0.00000E+00
   0.32232E+03   0.30323E+02   0.32618E+00   0.00000E+00
   0.32286E+03   0.30459E+02   0.32668E+00   0.00000E+00
   0.32340E+03   0.30595E+02   0.32718E+00   0.00000E+00
   0.32394E+03   0.30732E+02   0.32768E+00   0.00000E+00
   0.32448E+03   0.30869E+02   0.32818E+00   0.00000E+00
   0.32502E+03   0.31006E+02   0.32868E+00   0.00000E+00
   0.32557E+03   0.31143E+02   0.32918E+00   0.00000E+00
   0.32611E+03   0.31281E+02   0.32968E+00   0.00000E+00
   0.32665E+03   0.31419E+02   0.33018E+00   0.00000E+00
   0.32719E+03   0.31558E+02   0.33068E+00   0.00000E+00
   0.32774E+03   0.31697E+02   0.33118E+00   0.00000E+00
   0.32828E+03   0.31836E+02   0.33168E+00   0.00000E+00
   0.32882E+03   0.31975E+02   0.33218E+00   0.00000E+00
   0.32936E+03   0.32115E+02   0.33268E+00   0.00000E+00
   0.32991E+03   0.32255E+02   0.33318E+00   0.00000E+00
   0.33045E+03   0.32395E+02   0.33368E+00   0.00000E+00
   0.33099E+03   0.32536E+02   0.33418E+00   0.00000E+00
   0.33154E+03   0.32677E+02   0.33468E+00   0.00000E+00
   0.33208E+03   0.32818E+02   0.33518E+00   0.00000E+00
   0.33263E+03   0.32959E+02   0.33568E+00   0.00000E+00
   0.33317E+03   0.33101E+02   0.33618E+00   0.00000E+00
   0.33372E+03   0.33243E+02   0.33668E+00   0.00000E+00
   0.33426E+03   0.33386E+02   0.33718E+00   0.00000E+00
   0.33481E+03   0.33528E+02   0.33768E+00   0.00000E+00
   0.33535E+03   0.33671E+02   0.33818E+00   0.00000E+00
   0.33590E+03   0.33815E+02   0.33868E+00   0.00000E+00
   0.33644E+03   0.33958E+02   0.33918E+00   0.00000E+00
   0.33699E+03   0.34102E+02   0.33968E+00   0.00000E+00
   0.33754E+03   0.34246E+02   0.34018E+00   0.00000E+00
   0.33808E+03   0.34391E+02   0.34068E+00   0.00000E+00
   0.33863E+03   0.34536E+02   0.34118E+00   0.00000E+00
   0.33918E+03   0.34681E+02   0.34168E+00   0.00000E+00
   0.33972E+03   0.34826E+02   0.34218E+00   0.00000E+00
   0.34027E+03   0.34972E+02   0.34268E+00   0.00000E+00
   0.34082E+03   0.35118E+02   0.34318E+00   0.00000E+00
   0.34137E+03   0.35264E+02   0.34368E+00   0.00000E+00
   0.34192E+03   0.35411E+02   0.34418E+00   0.00000E+00
   0.34246E+03   0.35558E+02   0.34468E+00   0.00000E+00
   0.34301E+03   0.35705E+02   0.34518E+00   0.00000E+00
   0.34356E+03   0.35852E+02   0.34568E+00   0.00000E+00
   0.34411E+03   0.36000E+02   0.34618E+00   0.00000E+00
   0.34466E+03   0.36148E+02   0.34668E+00   0.00000E+00
   0.34521E+03   0.36297E+02   0.34718E+00   0.00000E+00
   0.34576E+03   0.36445E+02   0.34768E+00   0.00000E+00
   0.34631E+03   0.36594E+02   0.34818E+00   0.00000E+00
   0.34686E+03   0.36743E+02   0.34868E+00   0.00000E+00
   0.34741E+03   0.36893E+02   0.34918E+00   0.00000E+00
   0.34796E+03   0.37043E+02   0.34968E+00   0.00000E+00
   0.34851E+03   0.37193E+02   0.35018E+00   0.00000E+00
   0.34906E+03   0.37343E+02   0.35068E+00   0.00000E+00
   0.34961E+03   0.37494E+02   0.35118E+00   0.00000E+00
   0.35016E+03   0.37645E+02   0.35168E+00   0.00000E+00
   0.35071E+03   0.37796E+02   0.35218E+00   0.00000E+00
   0.35126E+03   0.37948E+02   0.35268E+00   0.00000E+00
   0.35182E+03   0.38100E+02   0.35318E+00   0.00000E+00
   0.35237E+03   0.38252E+02   0.35368E+00   0.00000E+00
   0.35292E+03   0.38404E+02   0.35418E+00   0.00000E+00
   0.35347E+03   0.38557E+02   0.35468E+00   0.00000E+00
   0.35403E+03   0.38710E+02   0.35518E+00   0.00000E+00
   0.35458E+03   0.38863E+02   0.35568E+00   0.00000E+00
   0.35513E+03   0.39017E+02   0.35618E+00   0.00000E+00
   0.35569E+03   0.39171E+02   0.35668E+00   0.00000E+00
   0.35624E+03   0.39325E+02   0.35718E+00   0.00000E+00
   0.35679E+03   0.39480E+02   0.35768E+00   0.00000E+00
   0.35735E+03   0.39634E+02   0.35818E+00   0.00000E+00
   0.35790E+03   0.39789E+02   0.35868E+00   0.00000E+00
   0.35846E+03   0.39945E+02   0.35918E+00   0.00000E+00
   0.35901E+03   0.40100E+02   0.35968E+00   0.00000E+00
   0.35957E+03   0.40256E+02   0.36018E+00   0.00000E+00
   0.36012E+03   0.40412E+02   0.36068E+00   0.00000E+00
   0.36068E+03   0.40569E+02   0.36118E+00   0.00000E+00
   0.36123E+03   0.40725E+02   0.36168E+00   0.00000E+00
   0.36179E+03   0.40882E+02   0.36218E+00   0.00000E+00
   0.36234E+03   0.41040E+02   0.36268E+00   0.00000E+00
   0.36290E+03   0.41197E+02   0.36318E+00   0.00000E+00
   0.36346E+03   0.41355E+02   0.36368E+00   0.00000E+00
   0.36401E+03   0.41513E+02   0.36418E+00   0.00000E+00
   0.36457E+03   0.41672E+02   0.36468E+00   0.00000E+00
   0.36513E+03   0.41830E+02   0.36518E+00   0.00000E+00
   0.36568E+03   0.41989E+02   0.36568E+00   0.00000E+00
   0.36624E+03   0.42149E+02   0.36618E+00   0.00000E+00
   0.36680E+03   0.42308E+02   0.36668E+00   0.00000E+00
   0.36736E+03   0.42468E+02   0.36718E+00   0.00000E+00
   0.36792E+03   0.42628E+02   0.36768E+00   0.00000E+00
   0.36847E+03   0.42788E+02   0.36818E+00   0.00000E+00
   0.36903E+03   0.42949E+02   0.36868E+00   0.00000E+00
   0.36959E+03   0.43110E+02   0.36918E+00   0.00000E+00
   0.37015E+03   0.43271E+02   0.36968E+00   0.00000E+00
   0.37071E+03   0.43433E+02   0.37018E+00   0.00000E+00
   0.37127E+03   0.43594E+02   0.37068E+00   0.00000E+00
   0.37183E+03   0.43756E+02   0.37118E+00   0.00000E+00
   0.37239E+03   0.43919E+02   0.37168E+00   0.00000E+00
   0.37295E+03   0.44081E+02   0.37218E+00   0.00000E+00
   0.37351E+03   0.44244E+02   0.37268E+00   0.00000E+00
   0.37407E+03   0.44407E+02   0.37318E+00   0.00000E+00
   0.37463E+03   0.44570E+02   0.37368E+00   0.00000E+00
   0.37519E+03   0.44734E+02   0.37418E+00   0.00000E+00
   0.37575E+03   0.44898E+02   0.37468E+00   0.00000E+00
   0.37631E+03   0.45062E+02   0.37518E+00   0.00000E+00
   0.37688E+03   0.45227E+02   0.37568E+00   0.00000E+00
   0.37744E+03   0.45391E+02   0.37618E+00   0.00000E+00
   0.37800E+03   0.45556E+02   0.37668E+00   0.00000E+00
   0.37856E+03   0.45722E+02   0.37718E+00   0.00000E+00
   0.37913E+03   0.45887E+02   0.37768E+00   0.00000E+00
   0.37969E+03   0.46053E+02   0.37818E+00   0.00000E+00
   0.38025E+03   0.46219E+02   0.37868E+00   0.00000E+00
   0.38081E+03   0.46385E+02   0.37918E+00   0.00000E+00
   0.38138E+03   0.46552E+02   0.37968E+00   0.00000E+00
   0.38194E+03   0.46719E+02   0.38018E+00   0.00000E+00
   0.38251E+03   0.46886E+02   0.38068E+00   0.00000E+00
   0.38307E+03   0.47053E+02   0.38118E+00   0.00000E+00
   0.38363E+03   0.47221E+02   0.38168E+00   0.00000E+00
   0.38420E+03   0.47389E+02   0.38218E+00   0.00000E+00
   0.38476E+03   0.47557E+02   0.38268E+00   0.00000E+00
   0.38533E+03   0.47726E+02   0.38318E+00   0.00000E+00
   0.38589E+03   0.47895E+02   0.38368E+00   0.00000E+00
   0.38646E+03   0.48064E+02   0.38418E+00   0.00000E+00
   0.38702E+03   0.48233E+02   0.38468E+00   0.00000E+00
   0.38759E+03   0.48402E+02   0.38518E+00   0.00000E+00
   0.38816E+03   0.48572E+02   0.38568E+00   0.00000E+00
   0.38872E+03   0.48742E+02   0.38618E+00   0.00000E+00
   0.38929E+03   0.48912E+02   0.38668E+00   0.00000E+00
   0.38986E+03   0.49083E+02   0.38718E+00   0.00000E+00
   0.39042E+03   0.49254E+02   0.38768E+00   0.00000E+00
   0.39099E+03   0.49425E+02   0.38818E+00   0.00000E+00
   0.39156E+03   0.49596E+02   0.38868E+00   0.00000E+00
   0.39212E+03   0.49768E+02   0.38918E+00   0.00000E+00
   0.39269E+03   0.49940E+02   0.38968E+00   0.00000E+00
   0.39326E+03   0.50112E+02   0.39018E+00   0.00000E+00
   0.39383E+03   0.50284E+02   0.39068E+00   0.00000E+00
   0.39440E+03   0.50457E+02   0.39118E+00   0.00000E+00
   0.39497E+03   0.50630E+02   0.39168E+00   0.00000E+00
   0.39553E+03   0.50803E+02   0.39218E+00   0.00000E+00
   0.39610E+03   0.50976E+02   0.39268E+00   0.00000E+00
   0.39667E+03   0.51150E+02   0.39318E+00   0.00000E+00
   0.39724E+03   0.51324E+02   0.39368E+00   0.00000E+00
   0.39781E+03   0.51498E+02   0.39418E+00   0.00000E+00
   0.39838E+03   0.51673E+02   0.39468E+00   0.00000E+00
   0.39895E+03   0.51847E+02   0.39518E+00   0.00000E+00
   0.39952E+03   0.52022E+02   0.39568E+00   0.00000E+00
   0.40009E+03   0.52197E+02   0.39618E+00   0.00000E+00
   0.40066E+03   0.52373E+02   0.39668E+00   0.00000E+00
   0.40124E+03   0.52549E+02   0.39718E+00   0.00000E+00
   0.40181E+03   0.52724E+02   0.39768E+00   0.00000E+00
   0.40238E+03   0.52901E+02   0.39818E+00   0.00000E+00
   0.40295E+03   0.53077E+02   0.39868E+00   0.00000E+00
   0.40352E+03   0.53254E+02   0.39918E+00   0.00000E+00
   0.40410E+03   0.53431E+02   0.39968E+00   0.00000E+00
   0.40467E+03   0.53608E+02   0.40018E+00   0.00000E+00
   0.40524E+03   0.53785E+02   0.40068E+00   0.00000E+00
   0.40581E+03   0.53963E+02   0.40118E+00   0.00000E+00
   0.40639E+03   0.54141E+02   0.40168E+00   0.00000E+00
   0.40696E+03   0.54319E+02   0.40218E+00   0.00000E+00
   0.40753E+03   0.54498E+02   0.40268E+00   0.00000E+00
   0.40811E+03   0.54676E+02   0.40318E+00   0.00000E+00
   0.40868E+03   0.54855E+02   0.40368E+00   0.00000E+00
   0.40926E+03   0.55035E+02   0.40418E+00   0.00000E+00
   0.40983E+03   0.55214E+02   0.40468E+00   0.00000E+00
   0.41040E+03   0.55394E+02   0.40518E+00   0.00000E+00
   0.41098E+03   0.55574E+02   0.40568E+00   0.00000E+00
   0.41155E+03   0.55754E+02   0.40618E+00   0.00000E+00
   0.41213E+03   0.55934E+02   0.40668E+00   0.00000E+00
   0.41271E+03   0.56115E+02   0.40718E+00   0.00000E+00
   0.41328E+03   0.56296E+02   0.40768E+00   0.00000E+00
   0.41386E+03   0.56477E+02   0.40818E+00   0.00000E+00
   0.41443E+03   0.56658E+02   0.40868E+00   0.00000E+00
   0.41501E+03   0.56840E+02   0.40918E+00   0.00000E+00
   0.41559E+03   0.57022E+02   0.40968E+00   0.00000E+00
   0.41616E+03   0.57204E+02   0.41018E+00   0.00000E+00
   0.41674E+03   0.57386E+02   0.41068E+00   0.00000E+00
   0.41732E+03   0.57569E+02   0.41118E+00   0.00000E+00
   0.41790E+03   0.57752E+02   0.41168E+00   0.00000E+00
   0.41847E+03   0.57935E+02   0.41218E+00   0.00000E+00
   0.41905E+03   0.58118E+02   0.41268E+00   0.00000E+00
   0.41963E+03   0.58302E+02   0.41318E+00   0.00000E+00
   0.42021E+03   0.58485E+02   0.41368E+00   0.00000E+00
   0.42079E+03   0.58669E+02   0.41418E+00   0.00000E+00
   0.42137E+03   0.58854E+02   0.41468E+00   0.00000E+00
   0.42194E+03   0.59038E+02   0.41518E+00   0.00000E+00
   0.42252E+03   0.59223E+02   0.41568E+00   0.00000E+00
   0.42310E+03   0.59408E+02   0.41618E+00   0.00000E+00
   0.42368E+03   0.59593E+02   0.41668E+00   0.00000E+00
   0.42426E+03   0.59778E+02   0.41718E+00   0.00000E+00
   0.42484E+03   0.59964E+02   0.41768E+00   0.00000E+00
   0.42542E+03   0.60150E+02   0.41818E+00   0.00000E+00
   0.42601E+03   0.60336E+02   0.41868E+00   0.00000E+00
   0.42659E+03   0.60523E+02   0.41918E+00   0.00000E+00
   0.42717E+03   0.60709E+02   0.41968E+00   0.00000E+00
   0.42775E+03   0.60896E+02   0.42018E+00   0.00000E+00
   0.42833E+03   0.61083E+02   0.42068E+00   0.00000E+00
   0.42891E+03   0.61270E+02   0.42118E+00   0.00000E+00
   0.42949E+03   0.61458E+02   0.42168E+00   0.00000E+00
   0.43008E+03   0.61646E+02   0.42218E+00   0.00000E+00
   0.43066E+03   0.61834E+02   0.42268E+00   0.00000E+00
   0.43124E+03   0.62022E+02   0.42318E+00   0.00000E+00
   0.43182E+03   0.62211E+02   0.42368E+00   0.00000E+00
   0.43241E+03   0.62399E+02   0.42418E+00   0.00000E+00
   0.43299E+03   0.62588E+02   0.42468E+00   0.00000E+00
   0.43357E+03   0.62777E+02   0.42518E+00   0.00000E+00
   0.43416E+03   0.62967E+02   0.42568E+00   0.00000E+00
   0.43474E+03   0.63156E+02   0.42618E+00   0.00000E+00
   0.43533E+03   0.63346E+02   0.42668E+00   0.00000E+00
   0.43591E+03   0.63536E+02   0.42718E+00   0.00000E+00
   0.43650E+03   0.63727E+02   0.42768E+00   0.00000E+00
   0.43708E+03   0.63917E+02   0.42818E+00   0.00000E+00
   0.43767E+03   0.64108E+02   0.42868E+00   0.00000E+00
   0.43825E+03   0.64299E+02   0.42918E+00   0.00000E+00
   0.43884E+03   0.64490E+02   0.42968E+00   0.00000E+00
   0.43942E+03   0.64681E+02   0.43018E+00   0.00000E+00
   0.44001E+03   0.64873E+02   0.43068E+00   0.00000E+00
   0.44059E+03   0.65065E+02   0.43118E+00   0.00000E+00
   0.44118E+03   0.65257E+02   0.43168E+00   0.00000E+00
   0.44177E+03   0.65449E+02   0.43218E+00   0.00000E+00
   0.44235E+03   0.65642E+02   0.43268E+00   0.00000E+00
   0.44294E+03   0.65835E+02   0.43318E+00   0.00000E+00
   0.44353E+03   0.66028E+02   0.43368E+00   0.00000E+00
   0.44412E+03   0.66221E+02   0.43418E+00   0.00000E+00
   0.44470E+03   0.66414E+02   0.43468E+00   0.00000E+00
   0.44529E+03   0.66608E+02   0.43518E+00   0.00000E+00
   0.44588E+03   0.66802E+02   0.43568E+00   0.00000E+00
   0.44647E+03   0.66996E+02   0.43618E+00   0.00000E+00
   0.44706E+03   0.67190E+02   0.43668E+00   0.00000E+00
   0.44765E+03   0.67385E+02   0.43718E+00   0.00000E+00
   0.44824E+03   0.67580E+02   0.43768E+00   0.00000E+00
   0.44883E+03   0.67775E+02   0.43818E+00   0.00000E+00
   0.44942E+03   0.67970E+02   0.43868E+00   0.00000E+00
   0.45000E+03   0.68165E+02   0.43918E+00   0.00000E+00
   0.45059E+03   0.68361E+02   0.43968E+00   0.00000E+00
   0.45119E+03   0.68557E+02   0.44018E+00   0.00000E+00
   0.45178E+03   0.68753E+02   0.44068E+00   0.00000E+00
   0.45237E+03   0.68949E+02   0.44118E+00   0.00000E+00
   0.45296E+03   0.69146E+02   0.44168E+00   0.00000E+00
   0.45355E+03   0.69342E+02   0.44218E+00   0.00000E+00
   0.45414E+03   0.69539E+02   0.44268E+00   0.00000E+00
   0.45473E+03   0.69736E+02   0.44318E+00   0.00000E+00
   0.45532E+03   0.69934E+02   0.44368E+00   0.00000E+00
   0.45592E+03   0.70131E+02   0.44418E+00   0.00000E+00
   0.45651E+03   0.70329E+02   0.44468E+00   0.00000E+00
   0.45710E+03   0.70527E+02   0.44518E+00   0.00000E+00
   0.45769E+03   0.70725E+02   0.44568E+00   0.00000E+00
   0.45829E+03   0.70924E+02   0.44618E+00   0.00000E+00
   0.45888E+03   0.71122E+02   0.44668E+00   0.00000E+00
   0.45947E+03   0.71321E+02   0.44718E+00   0.00000E+00
   0.46007E+03   0.71520E+02   0.44768E+00   0.00000E+00
   0.46066E+03   0.71719E+02   0.44818E+00   0.00000E+00
   0.46125E+03   0.71919E+02   0.44868E+00   0.00000E+00
   0.46185E+03   0.72119E+02   0.44918E+00   0.00000E+00
   0.46244E+03   0.72319E+02   0.44968E+00   0.00000E+00
   0.46304E+03   0.72519E+02   0.45018E+00   0.00000E+00
   0.46363E+03   0.72719E+02   0.45068E+00   0.00000E+00
   0.46423E+03   0.72919E+02   0.45118E+00   0.00000E+00
   0.46482E+03   0.73120E+02   0.45168E+00   0.00000E+00
   0.46542E+03   0.73321E+02   0.45218E+00   0.00000E+00
   0.46601E+03   0.73522E+02   0.45268E+00   0.00000E+00
   0.46661E+03   0.73724E+02   0.45318E+00   0.00000E+00
   0.46721E+03   0.73925E+02   0.45368E+00   0.00000E+00
   0.46780E+03   0.74127E+02   0.45418E+00   0.00000E+00
   0.46840E+03   0.74329E+02   0.45468E+00   0.00000E+00
   0.46900E+03   0.74531E+02   0.45518E+00   0.00000E+00
   0.46959E+03   0.74734E+02   0.45568E+00   0.00000E+00
   0.47019E+03   0.74936E+02   0.45618E+00   0.00000E+00
   0.47079E+03   0.75139E+02   0.45668E+00   0.00000E+00
   0.47139E+03   0.75342E+02   0.45718E+00   0.00000E+00
   0.47198E+03   0.75545E+02   0.45768E+00   0.00000E+00
   0.47258E+03   0.75749E+02   0.45818E+00   0.00000E+00
   0.47318E+03   0.75952E+02   0.45868E+00   0.00000E+00
   0.47378E+03   0.76156E+02   0.45918E+00   0.00000E+00
   0.47438E+03   0.76360E+02   0.45968E+00   0.00000E+00
   0.47498E+03   0.76564E+02   0.46018E+00   0.00000E+00
   0.47558E+03   0.76769E+02   0.46068E+00   0.00000E+00
   0.47618E+03   0.76973E+02   0.46118E+00   0.00000E+00
   0.47678E+03   0.77178E+02   0.46168E+00   0.00000E+00
   0.47738E+03   0.77383E+02   0.46218E+00   0.00000E+00
   0.47798E+03   0.77588E+02   0.46268E+00   0.00000E+00
   0.47858E+03   0.77794E+02   0.46318E+00   0.00000E+00
   0.47918E+03   0.78000E+02   0.46368E+00   0.00000E+00
   0.47978E+03   0.78205E+02   0.46418E+00   0.00000E+00
   0.48038E+03   0.78411E+02   0.46468E+00   0.00000E+00
   0.48098E+03   0.78618E+02   0.46518E+00   0.00000E+00
   0.48158E+03   0.78824E+02   0.46568E+00   0.00000E+00
   0.48219E+03   0.79031E+02   0.46618E+00   0.00000E+00
   0.48279E+03   0.79238E+02   0.46668E+00   0.00000E+00
   0.48339E+03   0.79445E+02   0.46718E+00   0.00000E+00
   0.48399E+03   0.79652E+02   0.46768E+00   0.00000E+00
   0.48459E+03   0.79859E+02   0.46818E+00   0.00000E+00
   0.48520E+03   0.80067E+02   0.46868E+00   0.00000E+00
   0.48580E+03   0.80275E+02   0.46918E+00   0.00000E+00
   0.48640E+03   0.80483E+02   0.46968E+00   0.00000E+00
   0.48701E+03   0.80691E+02   0.47018E+00   0.00000E+00
   0.48761E+03   0.80899E+02   0.47068E+00   0.00000E+00
   0.48822E+03   0.81108E+02   0.47118E+00   0.00000E+00
   0.48882E+03   0.81317E+02   0.47168E+00   0.00000E+00
   0.48942E+03   0.81526E+02   0.47218E+00   0.00000E+00
   0.49003E+03   0.81735E+02   0.47268E+00   0.00000E+00
   0.49063E+03   0.81944E+02   0.47318E+00   0.00000E+00
   0.49124E+03   0.82154E+02   0.47368E+00   0.00000E+00
   0.49184E+03   0.82363E+02   0.47418E+00   0.00000E+00
   0.49245E+03   0.82573E+02   0.47468E+00   0.00000E+00
   0.49306E+03   0.82784E+02   0.47518E+00   0.00000E+00
   0.49366E+03   0.82994E+02   0.47568E+00   0.00000E+00
   0.49427E+03   0.83204E+02   0.47618E+00   0.00000E+00
   0.49487E+03   0.83415E+02   0.47668E+00   0.00000E+00
   0.49548E+03   0.83626E+02   0.47718E+00   0.00000E+00
   0.49609E+03   0.83837E+02   0.47768E+00   0.00000E+00
   0.49670E+03   0.84048E+02   0.47818E+00   0.00000E+00
   0.49730E+03   0.84260E+02   0.47868E+00   0.00000E+00
   0.49791E+03   0.84471E+02   0.47918E+00   0.00000E+00
   0.49852E+03   0.84683E+02   0.47968E+00   0.00000E+00
   0.49913E+03   0.84895E+02   0.48018E+00   0.00000E+00
   0.49973E+03   0.85108E+02   0.48068E+00   0.00000E+00
   0.50034E+03   0.85320E+02   0.48118E+00   0.00000E+00
   0.50095E+03   0.85533E+02   0.48168E+00   0.00000E+00
   0.50156E+03   0.85745E+02   0.48218E+00   0.00000E+00
   0.50217E+03   0.85958E+02   0.48268E+00   0.00000E+00
   0.50278E+03   0.86171E+02   0.48318E+00   0.00000E+00
   0.50339E+03   0.86385E+02   0.48368E+00   0.00000E+00
   0.50400E+03   0.86598E+02   0.48418E+00   0.00000E+00
   0.50461E+03   0.86812E+02   0.48468E+00   0.00000E+00
   0.50522E+03   0.87026E+02   0.48518E+00   0.00000E+00
   0.50583E+03   0.87240E+02   0.48568E+00   0.00000E+00
   0.50644E+03   0.87454E+02   0.48618E+00   0.00000E+00
   0.50705E+03   0.87669E+02   0.48668E+00   0.00000E+00
   0.50766E+03   0.87883E+02   0.48718E+00   0.00000E+00
   0.50827E+03   0.88098E+02   0.48768E+00   0.00000E+00
   0.50888E+03   0.88313E+02   0.48818E+00   0.00000E+00
   0.50950E+03   0.88528E+02   0.48868E+00   0.00000E+00
   0.51011E+03   0.88744E+02   0.48918E+00   0.00000E+00
   0.51072E+03   0.88959E+02   0.48968E+00   0.00000E+00
   0.51133E+03   0.89175E+02   0.49018E+00   0.00000E+00
   0.51195E+03   0.89391E+02   0.49068E+00   0.00000E+00
   0.51256E+03   0.89607E+02   0.49118E+00   0.00000E+00
   0.51317E+03   0.89823E+02   0.49168E+00   0.00000E+00
   0.51378E+03   0.90040E+02   0.49218E+00   0.00000E+00
   0.51440E+03   0.90257E+02   0.49268E+00   0.00000E+00
   0.51501E+03   0.90473E+02   0.49318E+00   0.00000E+00
   0.51563E+03   0.90690E+02   0.49368E+00   0.00000E+00
   0.51624E+03   0.90908E+02   0.49418E+00   0.00000E+00
   0.51685E+03   0.91125E+02   0.49468E+00   0.00000E+00
   0.51747E+03   0.91342E+02   0.49518E+00   0.00000E+00
   0.51808E+03   0.91560E+02   0.49568E+00   0.00000E+00
   0.51870E+03   0.91778E+02   0.49618E+00   0.00000E+00
   0.51931E+03   0.91996E+02   0.49668E+00   0.00000E+00
   0.51993E+03   0.92214E+02   0.49718E+00   0.00000E+00
   0.52055E+03   0.92433E+02   0.49768E+00   0.00000E+00
   0.52116E+03   0.92651E+02   0.49818E+00   0.00000E+00
   0.52178E+03   0.92870E+02   0.49868E+00   0.00000E+00
   0.52239E+03   0.93089E+02   0.49918E+00   0.00000E+00
   0.52301E+03   0.93308E+02   0.49968E+00   0.00000E+00
   0.52363E+03   0.93528E+02   0.50018E+00   0.00000E+00
   0.52424E+03   0.93747E+02   0.50068E+00   0.00000E+00
   0.52486E+03   0.93967E+02   0.50118E+00   0.00000E+00
   0.52548E+03   0.94187E+02   0.50168E+00   0.00000E+00
   0.52610E+03   0.94407E+02   0.50218E+00   0.00000E+00
   0.52671E+03   0.94627E+02   0.50268E+00   0.00000E+00
   0.52733E+03   0.94847E+02   0.50318E+00   0.00000E+00
   0.52795E+03   0.95068E+02   0.50368E+00   0.00000E+00
   0.52857E+03   0.95288E+02   0.50418E+00   0.00000E+00
   0.52919E+03   0.95509E+02   0.50468E+00   0.00000E+00
   0.52981E+03   0.95730E+02   0.50518E+00   0.00000E+00
   0.53043E+03   0.95952E+02   0.50568E+00   0.00000E+00
   0.53105E+03   0.96173E+02   0.50618E+00   0.00000E+00
   0.53167E+03   0.96395E+02   0.50668E+00   0.00000E+00
   0.53229E+03   0.96616E+02   0.50718E+00   0.00000E+00
   0.53291E+03   0.96838E+02   0.50768E+00   0.00000E+00
   0.53353E+03   0.97060E+02   0.50818E+00   0.00000E+00
   0.53415E+03   0.97283E+02   0.50868E+00   0.00000E+00
   0.53477E+03   0.97505E+02   0.50918E+00   0.00000E+00
   0.53539E+03   0.97728E+02   0.50968E+00   0.00000E+00
   0.53601E+03   0.97950E+02   0.51018E+00   0.00000E+00
   0.53663E+03   0.98173E+02   0.51068E+00   0.00000E+00
   0.53725E+03   0.98396E+02   0.51118E+00   0.00000E+00
   0.53787E+03   0.98620E+02   0.51168E+00   0.00000E+00
   0.53850E+03   0.98843E+02   0.51218E+00   0.00000E+00
   0.53912E+03   0.99067E+02   0.51268E+00   0.00000E+00
   0.53974E+03   0.99291E+02   0.51318E+00   0.00000E+00
   0.54036E+03   0.99515E+02   0.51368E+00   0.00000E+00
   0.54099E+03   0.99739E+02   0.51418E+00   0.00000E+00
   0.54161E+03   0.99963E+02   0.51468E+00   0.00000E+00
   0.54223E+03   0.10019E+03   0.51518E+00   0.00000E+00
   0.54286E+03   0.10041E+03   0.51568E+00   0.00000E+00
   0.54348E+03   0.10064E+03   0.51618E+00   0.00000E+00
   0.54410E+03   0.10086E+03   0.51668E+00   0.00000E+00
   0.54473E+03   0.10109E+03   0.51718E+00   0.00000E+00
   0.54535E+03   0.10131E+03   0.51768E+00   0.00000E+00
   0.54598E+03   0.10154E+03   0.51818E+00   0.00000E+00
   0.54660E+03   0.10176E+03   0.51868E+00   0.00000E+00
   0.54723E+03   0.10199E+03   0.51918E+00   0.00000E+00
   0.54785E+03   0.10221E+03   0.51968E+00   0.00000E+00
   0.54848E+03   0.10244E+03   0.52018E+00   0.00000E+00
   0.54910E+03   0.10267E+03   0.52068E+00   0.00000E+00
   0.54973E+03   0.10289E+03   0.52118E+00   0.00000E+00
   0.55036E+03   0.10312E+03   0.52168E+00   0.00000E+00
   0.55098E+03   0.10335E+03   0.52218E+00   0.00000E+00
   0.55161E+03   0.10357E+03   0.52268E+00   0.00000E+00
   0.55224E+03   0.10380E+03   0.52318E+00   0.00000E+00
   0.55286E+03   0.10403E+03   0.52368E+00   0.00000E+00
   0.55349E+03   0.10426E+03   0.52418E+00   0.00000E+00
   0.55412E+03   0.10448E+03   0.52468E+00   0.00000E+00
   0.55475E+03   0.10471E+03   0.52518E+00   0.00000E+00
   0.55537E+03   0.10494E+03   0.52568E+00   0.00000E+00
   0.55600E+03   0.10517E+03   0.52618E+00   0.00000E+00
   0.55663E+03   0.10540E+03   0.52668E+00   0.00000E+00
   0.55726E+03   0.10562E+03   0.52718E+00   0.00000E+00
   0.55789E+03   0.10585E+03   0.52768E+00   0.00000E+00
   0.55852E+03   0.10608E+03   0.52818E+00   0.00000E+00
   0.55915E+03   0.10631E+03   0.52868E+00   0.00000E+00
   0.55978E+03   0.10654E+03   0.52918E+00   0.00000E+00
   0.56041E+03   0.10677E+03   0.52968E+00   0.00000E+00
   0.56104E+03   0.10700E+03   0.53018E+00   0.00000E+00
   0.56167E+03   0.10723E+03   0.53068E+00   0.00000E+00
   0.56230E+03   0.10746E+03   0.53118E+00   0.00000E+00
   0.56293E+03   0.10769E+03   0.53168E+00   0.00000E+00
   0.56356E+03   0.10792E+03   0.53218E+00   0.00000E+00
   0.56419E+03   0.10815E+03   0.53268E+00   0.00000E+00
   0.56482E+03   0.10838E+03   0.53318E+00   0.00000E+00
   0.56545E+03   0.10861E+03   0.53368E+00   0.00000E+00
   0.56608E+03   0.10884E+03   0.53418E+00   0.00000E+00
   0.56671E+03   0.10907E+03   0.53468E+00   0.00000E+00
   0.56735E+03   0.10930E+03   0.53518E+00   0.00000E+00
   0.56798E+03   0.10953E+03   0.53568E+00   0.00000E+00
   0.56861E+03   0.10976E+03   0.53618E+00   0.00000E+00
   0.56924E+03   0.10999E+03   0.53668E+00   0.00000E+00
   0.56988E+03   0.11022E+03   0.53718E+00   0.00000E+00
   0.57051E+03   0.11046E+03   0.53768E+00   0.00000E+00
   0.57114E+03   0.11069E+03   0.53818E+00   0.00000E+00
   0.57178E+03   0.11092E+03   0.53868E+00   0.00000E+00
   0.57241E+03   0.11115E+03   0.53918E+00   0.00000E+00
   0.57304E+03   0.11138E+03   0.53968E+00   0.00000E+00
   0.57368E+03   0.11162E+03   0.54018E+00   0.00000E+00
   0.57431E+03   0.11185E+03   0.54068E+00   0.00000E+00
   0.57495E+03   0.11208E+03   0.54118E+00   0.00000E+00
   0.57558E+03   0.11232E+03   0.54168E+00   0.00000E+00
   0.57622E+03   0.11255E+03   0.54218E+00   0.00000E+00
   0.57685E+03   0.11278E+03   0.54268E+00   0.00000E+00
   0.57749E+03   0.11302E+03   0.54318E+00   0.00000E+00
   0.57812E+03   0.11325E+03   0.54368E+00   0.00000E+00
   0.57876E+03   0.11348E+03   0.54418E+00   0.00000E+00
   0.57940E+03   0.11372E+03   0.54468E+00   0.00000E+00
   0.58003E+03   0.11395E+03   0.54518E+00   0.00000E+00
   0.58067E+03   0.11418E+03   0.54568E+00   0.00000E+00
   0.58131E+03   0.11442E+03   0.54618E+00   0.00000E+00
   0.58194E+03   0.11465E+03   0.54668E+00   0.00000E+00
   0.58258E+03   0.11489E+03   0.54718E+00   0.00000E+00
   0.58322E+03   0.11512E+03   0.54768E+00   0.00000E+00
   0.58386E+03   0.11536E+03   0.54818E+00   0.00000E+00
   0.58449E+03   0.11559E+03   0.54868E+00   0.00000E+00
   0.58513E+03   0.11583E+03   0.54918E+00   0.00000E+00
   0.58577E+03   0.11606E+03   0.54968E+00   0.00000E+00
   0.58641E+03   0.11630E+03   0.55018E+00   0.00000E+00
   0.58705E+03   0.11653E+03   0.55068E+00   0.00000E+00
   0.58769E+03   0.11677E+03   0.55118E+00   0.00000E+00
   0.58833E+03   0.11701E+03   0.55168E+00   0.10804E+22
   0.58896E+03   0.11724E+03   0.55218E+00   0.10808E+22
   0.58960E+03   0.11748E+03   0.55268E+00   0.10813E+22
   0.59024E+03   0.11771E+03   0.55318E+00   0.10817E+22
   0.59088E+03   0.11795E+03   0.55368E+00   0.10821E+22
   0.59152E+03   0.11819E+03   0.55418E+00   0.10826E+22
   0.59216E+03   0.11842E+03   0.55468E+00   0.10830E+22
   0.59281E+03   0.11866E+03   0.55518E+00   0.10834E+22
   0.59345E+03   0.11890E+03   0.55568E+00   0.10839E+22
   0.59409E+03   0.11914E+03   0.55618E+00   0.10843E+22
   0.59473E+03   0.11937E+03   0.55668E+00   0.10847E+22
   0.59537E+03   0.11961E+03   0.55718E+00   0.10852E+22
   0.59601E+03   0.11985E+03   0.55768E+00   0.10856E+22
   0.59665E+03   0.12009E+03   0.55818E+00   0.10861E+22
   0.59730E+03   0.12032E+03   0.55868E+00   0.10865E+22
   0.59794E+03   0.12056E+03   0.55918E+00   0.10869E+22
   0.59858E+03   0.12080E+03   0.55968E+00   0.10874E+22
   0.59922E+03   0.12104E+03   0.56018E+00   0.10878E+22
   0.59987E+03   0.12128E+03   0.56068E+00   0.10882E+22
   0.60051E+03   0.12152E+03   0.56118E+00   0.10887E+22
   0.60115E+03   0.12176E+03   0.56168E+00   0.10891E+22
   0.60180E+03   0.12199E+03   0.56218E+00   0.10896E+22
   0.60244E+03   0.12223E+03   0.56268E+00   0.10900E+22
   0.60308E+03   0.12247E+03   0.56318E+00   0.10905E+22
   0.60373E+03   0.12271E+03   0.56368E+00   0.10909E+22
   0.60437E+03   0.12295E+03   0.56418E+00   0.10914E+22
   0.60502E+03   0.12319E+03   0.56468E+00   0.10918E+22
   0.60566E+03   0.12343E+03   0.56518E+00   0.10922E+22
   0.60631E+03   0.12367E+03   0.56568E+00   0.10927E+22
   0.60695E+03   0.12391E+03   0.56618E+00   0.10931E+22
   0.60760E+03   0.12415E+03   0.56668E+00   0.10936E+22
   0.60824E+03   0.12439E+03   0.56718E+00   0.10940E+22
   0.60889E+03   0.12463E+03   0.56768E+00   0.10945E+22
   0.60954E+03   0.12487E+03   0.56818E+00   0.10949E+22
   0.61018E+03   0.12511E+03   0.56868E+00   0.10954E+22
   0.61083E+03   0.12536E+03   0.56918E+00   0.10958E+22
   0.61148E+03   0.12560E+03   0.56968E+00   0.10963E+22
   0.61212E+03   0.12584E+03   0.57018E+00   0.10967E+22
   0.61277E+03   0.12608E+03   0.57068E+00   0.10972E+22
   0.61342E+03   0.12632E+03   0.57118E+00   0.10976E+22
   0.61407E+03   0.12656E+03   0.57168E+00   0.10981E+22
   0.61471E+03   0.12680E+03   0.57218E+00   0.10985E+22
   0.61536E+03   0.12705E+03   0.57268E+00   0.10990E+22
   0.61601E+03   0.12729E+03   0.57318E+00   0.10995E+22
   0.61666E+03   0.12753E+03   0.57368E+00   0.10999E+22
   0.61731E+03   0.12777E+03   0.57418E+00   0.11004E+22
   0.61796E+03   0.12802E+03   0.57468E+00   0.11008E+22
   0.61861E+03   0.12826E+03   0.57518E+00   0.11013E+22
   0.61925E+03   0.12850E+03   0.57568E+00   0.11017E+22
   0.61990E+03   0.12874E+03   0.57618E+00   0.11022E+22
   0.62055E+03   0.12899E+03   0.57668E+00   0.11027E+22
   0.62120E+03   0.12923E+03   0.57718E+00   0.11031E+22
   0.62185E+03   0.12947E+03   0.57768E+00   0.11036E+22
   0.62250E+03   0.12972E+03   0.57818E+00   0.11040E+22
   0.62316E+03   0.12996E+03   0.57868E+00   0.11045E+22
   0.62381E+03   0.13020E+03   0.57918E+00   0.11050E+22
   0.62446E+03   0.13045E+03   0.57968E+00   0.11054E+22
   0.62511E+03   0.13069E+03   0.58018E+00   0.11059E+22
   0.62576E+03   0.13094E+03   0.58068E+00   0.11063E+22
   0.62641E+03   0.13118E+03   0.58118E+00   0.11068E+22
   0.62706E+03   0.13143E+03   0.58168E+00   0.11073E+22
   0.62772E+03   0.13167E+03   0.58218E+00   0.11077E+22
   0.62837E+03   0.13191E+03   0.58268E+00   0.11082E+22
   0.62902E+03   0.13216E+03   0.58318E+00   0.11087E+22
   0.62967E+03   0.13240E+03   0.58368E+00   0.11091E+22
   0.63033E+03   0.13265E+03   0.58418E+00   0.11096E+22
   0.63098E+03   0.13289E+03   0.58468E+00   0.11101E+22
   0.63163E+03   0.13314E+03   0.58518E+00   0.11105E+22
   0.63229E+03   0.13339E+03   0.58568E+00   0.11110E+22
   0.63294E+03   0.13363E+03   0.58618E+00   0.11115E+22
   0.63359E+03   0.13388E+03   0.58668E+00   0.11119E+22
   0.63425E+03   0.13412E+03   0.58718E+00   0.11124E+22
   0.63490E+03   0.13437E+03   0.58768E+00   0.11129E+22
   0.63556E+03   0.13462E+03   0.58818E+00   0.11134E+22
   0.63621E+03   0.13486E+03   0.58868E+00   0.11138E+22
   0.63687E+03   0.13511E+03   0.58918E+00   0.11143E+22
   0.63752E+03   0.13535E+03   0.58968E+00   0.11148E+22
   0.63818E+03   0.13560E+03   0.59018E+00   0.11152E+22
   0.63883E+03   0.13585E+03   0.59068E+00   0.11157E+22
   0.63949E+03   0.13610E+03   0.59118E+00   0.11162E+22
   0.64014E+03   0.13634E+03   0.59168E+00   0.11167E+22
   0.64080E+03   0.13659E+03   0.59218E+00   0.11171E+22
   0.64146E+03   0.13684E+03   0.59268E+00   0.11176E+22
   0.64211E+03   0.13708E+03   0.59318E+00   0.11181E+22
   0.64277E+03   0.13733E+03   0.59368E+00   0.11186E+22
   0.64343E+03   0.13758E+03   0.59418E+00   0.11190E+22
   0.64409E+03   0.13783E+03   0.59468E+00   0.11195E+22
   0.64474E+03   0.13808E+03   0.59518E+00   0.11200E+22
   0.64540E+03   0.13832E+03   0.59568E+00   0.11205E+22
   0.64606E+03   0.13857E+03   0.59618E+00   0.11209E+22
   0.64672E+03   0.13882E+03   0.59668E+00   0.11214E+22
   0.64738E+03   0.13907E+03   0.59718E+00   0.11219E+22
   0.64803E+03   0.13932E+03   0.59768E+00   0.11224E+22
   0.64869E+03   0.13957E+03   0.59818E+00   0.11229E+22
   0.64935E+03   0.13982E+03   0.59868E+00   0.11233E+22
   0.65001E+03   0.14006E+03   0.59918E+00   0.11238E+22
   0.65067E+03   0.14031E+03   0.59968E+00   0.11243E+22
   0.65133E+03   0.14056E+03   0.60018E+00   0.11248E+22
   0.65199E+03   0.14081E+03   0.60068E+00   0.11253E+22
   0.65265E+03   0.14106E+03   0.60118E+00   0.11258E+22
   0.65331E+03   0.14131E+03   0.60168E+00   0.11262E+22
   0.65397E+03   0.14156E+03   0.60218E+00   0.11267E+22
   0.65463E+03   0.14181E+03   0.60268E+00   0.11272E+22
   0.65529E+03   0.14206E+03   0.60318E+00   0.11277E+22
   0.65595E+03   0.14231E+03   0.60368E+00   0.11282E+22
   0.65661E+03   0.14256E+03   0.60418E+00   0.11287E+22
   0.65728E+03   0.14281E+03   0.60468E+00   0.11292E+22
   0.65794E+03   0.14306E+03   0.60518E+00   0.11296E+22
   0.65860E+03   0.14331E+03   0.60568E+00   0.11301E+22
   0.65926E+03   0.14356E+03   0.60618E+00   0.11306E+22
   0.65992E+03   0.14382E+03   0.60668E+00   0.11311E+22
   0.66059E+03   0.14407E+03   0.60718E+00   0.11316E+22
   0.66125E+03   0.14432E+03   0.60768E+00   0.11321E+22
   0.66191E+03   0.14457E+03   0.60818E+00   0.11326E+22
   0.66257E+03   0.14482E+03   0.60868E+00   0.11331E+22
   0.66324E+03   0.14507E+03   0.60918E+00   0.11336E+22
   0.66390E+03   0.14532E+03   0.60968E+00   0.11340E+22
   0.66457E+03   0.14558E+03   0.61018E+00   0.11345E+22
   0.66523E+03   0.14583E+03   0.61068E+00   0.11350E+22
   0.66589E+03   0.14608E+03   0.61118E+00   0.11355E+22
   0.66656E+03   0.14633E+03   0.61168E+00   0.11360E+22
   0.66722E+03   0.14658E+03   0.61218E+00   0.11365E+22
   0.66789E+03   0.14684E+03   0.61268E+00   0.11370E+22
   0.66855E+03   0.14709E+03   0.61318E+00   0.11375E+22
   0.66922E+03   0.14734E+03   0.61368E+00   0.11380E+22
   0.66988E+03   0.14759E+03   0.61418E+00   0.11385E+22
   0.67055E+03   0.14785E+03   0.61468E+00   0.11390E+22
   0.67121E+03   0.14810E+03   0.61518E+00   0.11395E+22
   0.67188E+03   0.14835E+03   0.61568E+00   0.11400E+22
   0.67255E+03   0.14861E+03   0.61618E+00   0.11405E+22
   0.67321E+03   0.14886E+03   0.61668E+00   0.11410E+22
   0.67388E+03   0.14911E+03   0.61718E+00   0.11415E+22
   0.67455E+03   0.14937E+03   0.61768E+00   0.11420E+22
   0.67521E+03   0.14962E+03   0.61818E+00   0.11425E+22
   0.67588E+03   0.14988E+03   0.61868E+00   0.11430E+22
   0.67655E+03   0.15013E+03   0.61918E+00   0.11435E+22
   0.67722E+03   0.15038E+03   0.61968E+00   0.11440E+22
   0.67788E+03   0.15064E+03   0.62018E+00   0.11445E+22
   0.67855E+03   0.15089E+03   0.62068E+00   0.11450E+22
   0.67922E+03   0.15115E+03   0.62118E+00   0.11455E+22
   0.67989E+03   0.15140E+03   0.62168E+00   0.11460E+22
   0.68056E+03   0.15166E+03   0.62218E+00   0.11465E+22
   0.68123E+03   0.15191E+03   0.62268E+00   0.11470E+22
   0.68190E+03   0.15217E+03   0.62318E+00   0.11475E+22
   0.68256E+03   0.15242E+03   0.62368E+00   0.11480E+22
   0.68323E+03   0.15268E+03   0.62418E+00   0.11485E+22
   0.68390E+03   0.15293E+03   0.62468E+00   0.11490E+22
   0.68457E+03   0.15319E+03   0.62518E+00   0.11495E+22
   0.68524E+03   0.15344E+03   0.62568E+00   0.11500E+22
   0.68591E+03   0.15370E+03   0.62618E+00   0.11505E+22
   0.68658E+03   0.15395E+03   0.62668E+00   0.11510E+22
   0.68726E+03   0.15421E+03   0.62718E+00   0.11515E+22
   0.68793E+03   0.15447E+03   0.62768E+00   0.11520E+22
   0.68860E+03   0.15472E+03   0.62818E+00   0.11525E+22
   0.68927E+03   0.15498E+03   0.62868E+00   0.11530E+22
   0.68994E+03   0.15524E+03   0.62918E+00   0.11535E+22
   0.69061E+03   0.15549E+03   0.62968E+00   0.11540E+22
   0.69128E+03   0.15575E+03   0.63018E+00   0.11545E+22
   0.69196E+03   0.15601E+03   0.63068E+00   0.11550E+22
   0.69263E+03   0.15626E+03   0.63118E+00   0.11556E+22
   0.69330E+03   0.15652E+03   0.63168E+00   0.11561E+22
   0.69397E+03   0.15678E+03   0.63218E+00   0.11566E+22
   0.69465E+03   0.15703E+03   0.63268E+00   0.11571E+22
   0.69532E+03   0.15729E+03   0.63318E+00   0.11576E+22
   0.69599E+03   0.15755E+03   0.63368E+00   0.11581E+22
   0.69667E+03   0.15781E+03   0.63418E+00   0.11586E+22
   0.69734E+03   0.15806E+03   0.63468E+00   0.11591E+22
   0.69801E+03   0.15832E+03   0.63518E+00   0.11596E+22
   0.69869E+03   0.15858E+03   0.63568E+00   0.11601E+22
   0.69936E+03   0.15884E+03   0.63618E+00   0.11607E+22
   0.70004E+03   0.15910E+03   0.63668E+00   0.11612E+22
   0.70071E+03   0.15935E+03   0.63718E+00   0.11617E+22
   0.70139E+03   0.15961E+03   0.63768E+00   0.11622E+22
   0.70206E+03   0.15987E+03   0.63818E+00   0.11627E+22
   0.70274E+03   0.16013E+03   0.63868E+00   0.11632E+22
   0.70341E+03   0.16039E+03   0.63918E+00   0.11637E+22
   0.70409E+03   0.16065E+03   0.63968E+00   0.11643E+22
   0.70477E+03   0.16091E+03   0.64018E+00   0.11648E+22
   0.70544E+03   0.16117E+03   0.64068E+00   0.11653E+22
   0.70612E+03   0.16142E+03   0.64118E+00   0.11658E+22
   0.70679E+03   0.16168E+03   0.64168E+00   0.11663E+22
   0.70747E+03   0.16194E+03   0.64218E+00   0.11668E+22
   0.70815E+03   0.16220E+03   0.64268E+00   0.11674E+22
   0.70883E+03   0.16246E+03   0.64318E+00   0.11679E+22
   0.70950E+03   0.16272E+03   0.64368E+00   0.11684E+22
   0.71018E+03   0.16298E+03   0.64418E+00   0.11689E+22
   0.71086E+03   0.16324E+03   0.64468E+00   0.11694E+22
   0.71154E+03   0.16350E+03   0.64518E+00   0.11700E+22
   0.71222E+03   0.16376E+03   0.64568E+00   0.11705E+22
   0.71289E+03   0.16402E+03   0.64618E+00   0.11710E+22
   0.71357E+03   0.16428E+03   0.64668E+00   0.11715E+22
   0.71425E+03   0.16454E+03   0.64718E+00   0.11720E+22
   0.71493E+03   0.16481E+03   0.64768E+00   0.11726E+22
   0.71561E+03   0.16507E+03   0.64818E+00   0.11731E+22
   0.71629E+03   0.16533E+03   0.64868E+00   0.11736E+22
   0.71697E+03   0.16559E+03   0.64918E+00   0.11741E+22
   0.71765E+03   0.16585E+03   0.64968E+00   0.11746E+22
   0.71833E+03   0.16611E+03   0.65018E+00   0.11752E+22
   0.71901E+03   0.16637E+03   0.65068E+00   0.11757E+22
   0.71969E+03   0.16663E+03   0.65118E+00   0.11762E+22
   0.72037E+03   0.16689E+03   0.65168E+00   0.11767E+22
   0.72105E+03   0.16716E+03   0.65218E+00   0.11773E+22
   0.72173E+03   0.16742E+03   0.65268E+00   0.11778E+22
   0.72241E+03   0.16768E+03   0.65318E+00   0.11783E+22
   0.72309E+03   0.16794E+03   0.65368E+00   0.11788E+22
   0.72378E+03   0.16820E+03   0.65418E+00   0.11794E+22
   0.72446E+03   0.16847E+03   0.65468E+00   0.11799E+22
   0.72514E+03   0.16873E+03   0.65518E+00   0.11804E+22
   0.72582E+03   0.16899E+03   0.65568E+00   0.11809E+22
   0.72650E+03   0.16925E+03   0.65618E+00   0.11815E+22
   0.72719E+03   0.16952E+03   0.65668E+00   0.11820E+22
   0.72787E+03   0.16978E+03   0.65718E+00   0.11825E+22
   0.72855E+03   0.17004E+03   0.65768E+00   0.11831E+22
   0.72924E+03   0.17031E+03   0.65818E+00   0.11836E+22
   0.72992E+03   0.17057E+03   0.65868E+00   0.11841E+22
   0.73060E+03   0.17083E+03   0.65918E+00   0.11846E+22
   0.73129E+03   0.17110E+03   0.65968E+00   0.11852E+22
   0.73197E+03   0.17136E+03   0.66018E+00   0.11857E+22
   0.73266E+03   0.17162E+03   0.66068E+00   0.11862E+22
   0.73334E+03   0.17189E+03   0.66118E+00   0.11868E+22
   0.73402E+03   0.17215E+03   0.66168E+00   0.11873E+22
   0.73471E+03   0.17241E+03   0.66218E+00   0.11878E+22
   0.73539E+03   0.17268E+03   0.66268E+00   0.11884E+22
   0.73608E+03   0.17294E+03   0.66318E+00   0.11889E+22
   0.73677E+03   0.17321E+03   0.66368E+00   0.11894E+22
   0.73745E+03   0.17347E+03   0.66418E+00   0.11900E+22
   0.73814E+03   0.17373E+03   0.66468E+00   0.11905E+22
   0.73882E+03   0.17400E+03   0.66518E+00   0.11910E+22
   0.73951E+03   0.17426E+03   0.66568E+00   0.11916E+22
   0.74020E+03   0.17453E+03   0.66618E+00   0.11921E+22
   0.74088E+03   0.17479E+03   0.66668E+00   0.11926E+22
   0.74157E+03   0.17506E+03   0.66718E+00   0.11932E+22
   0.74226E+03   0.17532E+03   0.66768E+00   0.11937E+22
   0.74294E+03   0.17559E+03   0.66818E+00   0.11942E+22
   0.74363E+03   0.17585E+03   0.66868E+00   0.11948E+22
   0.74432E+03   0.17612E+03   0.66918E+00   0.11953E+22
   0.74501E+03   0.17639E+03   0.66968E+00   0.11958E+22
   0.74569E+03   0.17665E+03   0.67018E+00   0.11964E+22
   0.74638E+03   0.17692E+03   0.67068E+00   0.11969E+22
   0.74707E+03   0.17718E+03   0.67118E+00   0.11974E+22
   0.74776E+03   0.17745E+03   0.67168E+00   0.11980E+22
   0.74845E+03   0.17771E+03   0.67218E+00   0.11985E+22
   0.74914E+03   0.17798E+03   0.67268E+00   0.11991E+22
   0.74983E+03   0.17825E+03   0.67318E+00   0.11996E+22
   0.75052E+03   0.17851E+03   0.67368E+00   0.12001E+22
   0.75121E+03   0.17878E+03   0.67418E+00   0.12007E+22
   0.75190E+03   0.17905E+03   0.67468E+00   0.12012E+22
   0.75259E+03   0.17931E+03   0.67518E+00   0.12017E+22
   0.75328E+03   0.17958E+03   0.67568E+00   0.12023E+22
   0.75397E+03   0.17985E+03   0.67618E+00   0.12028E+22
   0.75466E+03   0.18011E+03   0.67668E+00   0.12034E+22
   0.75535E+03   0.18038E+03   0.67718E+00   0.12039E+22
   0.75604E+03   0.18065E+03   0.67768E+00   0.12044E+22
   0.75673E+03   0.18092E+03   0.67818E+00   0.12050E+22
   0.75742E+03   0.18118E+03   0.67868E+00   0.12055E+22
   0.75811E+03   0.18145E+03   0.67918E+00   0.12061E+22
   0.75880E+03   0.18172E+03   0.67968E+00   0.12066E+22
   0.75950E+03   0.18199E+03   0.68018E+00   0.12072E+22
   0.76019E+03   0.18225E+03   0.68068E+00   0.12077E+22
   0.76088E+03   0.18252E+03   0.68118E+00   0.12082E+22
   0.76157E+03   0.18279E+03   0.68168E+00   0.12088E+22
   0.76227E+03   0.18306E+03   0.68218E+00   0.12093E+22
   0.76296E+03   0.18333E+03   0.68268E+00   0.12099E+22
   0.76365E+03   0.18359E+03   0.68318E+00   0.12104E+22
   0.76435E+03   0.18386E+03   0.68368E+00   0.12110E+22
   0.76504E+03   0.18413E+03   0.68418E+00   0.12115E+22
   0.76573E+03   0.18440E+03   0.68468E+00   0.12121E+22
   0.76643E+03   0.18467E+03   0.68518E+00   0.12126E+22
   0.76712E+03   0.18494E+03   0.68568E+00   0.12131E+22
   0.76782E+03   0.18521E+03   0.68618E+00   0.12137E+22
   0.76851E+03   0.18548E+03   0.68668E+00   0.12142E+22
   0.76920E+03   0.18574E+03   0.68718E+00   0.12148E+22
   0.76990E+03   0.18601E+03   0.68768E+00   0.12153E+22
   0.77059E+03   0.18628E+03   0.68818E+00   0.12159E+22
   0.77129E+03   0.18655E+03   0.68868E+00   0.12164E+22
   0.77199E+03   0.18682E+03   0.68918E+00   0.12170E+22
   0.77268E+03   0.18709E+03   0.68968E+00   0.12175E+22
   0.77338E+03   0.18736E+03   0.69018E+00   0.12181E+22
   0.77407E+03   0.18763E+03   0.69068E+00   0.12186E+22
   0.77477E+03   0.18790E+03   0.69118E+00   0.12192E+22
   0.77547E+03   0.18817E+03   0.69168E+00   0.12197E+22
   0.77616E+03   0.18844E+03   0.69218E+00   0.12203E+22
   0.77686E+03   0.18871E+03   0.69268E+00   0.12208E+22
   0.77756E+03   0.18898E+03   0.69318E+00   0.12214E+22
   0.77825E+03   0.18925E+03   0.69368E+00   0.12219E+22
   0.77895E+03   0.18952E+03   0.69418E+00   0.12225E+22
   0.77965E+03   0.18979E+03   0.69468E+00   0.12230E+22
   0.78035E+03   0.19006E+03   0.69518E+00   0.12236E+22
   0.78104E+03   0.19034E+03   0.69568E+00   0.12241E+22
   0.78174E+03   0.19061E+03   0.69618E+00   0.12247E+22
   0.78244E+03   0.19088E+03   0.69668E+00   0.12252E+22
   0.78314E+03   0.19115E+03   0.69718E+00   0.12258E+22
   0.78384E+03   0.19142E+03   0.69768E+00   0.12263E+22
   0.78454E+03   0.19169E+03   0.69818E+00   0.12269E+22
   0.78524E+03   0.19196E+03   0.69868E+00   0.12274E+22
   0.78594E+03   0.19223E+03   0.69918E+00   0.12280E+22
   0.78664E+03   0.19251E+03   0.69968E+00   0.12285E+22
   0.78734E+03   0.19278E+03   0.70018E+00   0.12291E+22
   0.78804E+03   0.19305E+03   0.70068E+00   0.12297E+22
   0.78874E+03   0.19332E+03   0.70118E+00   0.12302E+22
   0.78944E+03   0.19359E+03   0.70168E+00   0.12308E+22
   0.79014E+03   0.19387E+03   0.70218E+00   0.12313E+22
   0.79084E+03   0.19414E+03   0.70268E+00   0.12319E+22
   0.79154E+03   0.19441E+03   0.70318E+00   0.12324E+22
   0.79224E+03   0.19468E+03   0.70368E+00   0.12330E+22
   0.79294E+03   0.19496E+03   0.70418E+00   0.12335E+22
   0.79364E+03   0.19523E+03   0.70468E+00   0.12341E+22
   0.79434E+03   0.19550E+03   0.70518E+00   0.12347E+22
   0.79505E+03   0.19577E+03   0.70568E+00   0.12352E+22
   0.79575E+03   0.19605E+03   0.70618E+00   0.12358E+22
   0.79645E+03   0.19632E+03   0.70668E+00   0.12363E+22
   0.79715E+03   0.19659E+03   0.70718E+00   0.12369E+22
   0.79786E+03   0.19687E+03   0.70768E+00   0.12374E+22
   0.79856E+03   0.19714E+03   0.70818E+00   0.12380E+22
   0.79926E+03   0.19741E+03   0.70868E+00   0.12386E+22
   0.79997E+03   0.19769E+03   0.70918E+00   0.12391E+22
   0.80067E+03   0.19796E+03   0.70968E+00   0.12397E+22
   0.80137E+03   0.19823E+03   0.71018E+00   0.12402E+22
   0.80208E+03   0.19851E+03   0.71068E+00   0.12408E+22
   0.80278E+03   0.19878E+03   0.71118E+00   0.12414E+22
   0.80349E+03   0.19906E+03   0.71168E+00   0.12419E+22
   0.80419E+03   0.19933E+03   0.71218E+00   0.12425E+22
   0.80489E+03   0.19960E+03   0.71268E+00   0.12430E+22
   0.80560E+03   0.19988E+03   0.71318E+00   0.12436E+22
   0.80630E+03   0.20015E+03   0.71368E+00   0.12442E+22
   0.80701E+03   0.20043E+03   0.71418E+00   0.12447E+22
   0.80771E+03   0.20070E+03   0.71468E+00   0.12453E+22
   0.80842E+03   0.20098E+03   0.71518E+00   0.12458E+22
   0.80913E+03   0.20125E+03   0.71568E+00   0.12464E+22
   0.80983E+03   0.20153E+03   0.71618E+00   0.12470E+22
   0.81054E+03   0.20180E+03   0.71668E+00   0.12475E+22
   0.81124E+03   0.20208E+03   0.71718E+00   0.12481E+22
   0.81195E+03   0.20235E+03   0.71768E+00   0.12487E+22
   0.81266E+03   0.20263E+03   0.71818E+00   0.12492E+22
   0.81336E+03   0.20290E+03   0.71868E+00   0.12498E+22
   0.81407E+03   0.20318E+03   0.71918E+00   0.12504E+22
   0.81478E+03   0.20345E+03   0.71968E+00   0.12509E+22
   0.81549E+03   0.20373E+03   0.72018E+00   0.12515E+22
   0.81619E+03   0.20400E+03   0.72068E+00   0.12520E+22
   0.81690E+03   0.20428E+03   0.72118E+00   0.12526E+22
   0.81761E+03   0.20456E+03   0.72168E+00   0.12532E+22
   0.81832E+03   0.20483E+03   0.72218E+00   0.12537E+22
   0.81903E+03   0.20511E+03   0.72268E+00   0.12543E+22
   0.81974E+03   0.20538E+03   0.72318E+00   0.12549E+22
   0.82044E+03   0.20566E+03   0.72368E+00   0.12554E+22
   0.82115E+03   0.20594E+03   0.72418E+00   0.12560E+22
   0.82186E+03   0.20621E+03   0.72468E+00   0.12566E+22
   0.82257E+03   0.20649E+03   0.72518E+00   0.12571E+22
   0.82328E+03   0.20677E+03   0.72568E+00   0.12577E+22
   0.82399E+03   0.20704E+03   0.72618E+00   0.12583E+22
   0.82470E+03   0.20732E+03   0.72668E+00   0.12588E+22
   0.82541E+03   0.20760E+03   0.72718E+00   0.12594E+22
   0.82612E+03   0.20788E+03   0.72768E+00   0.12600E+22
   0.82683E+03   0.20815E+03   0.72818E+00   0.12605E+22
   0.82754E+03   0.20843E+03   0.72868E+00   0.12611E+22
   0.82825E+03   0.20871E+03   0.72918E+00   0.12617E+22
   0.82897E+03   0.20898E+03   0.72968E+00   0.12623E+22
   0.82968E+03   0.20926E+03   0.73018E+00   0.12628E+22
   0.83039E+03   0.20954E+03   0.73068E+00   0.12634E+22
   0.83110E+03   0.20982E+03   0.73118E+00   0.12640E+22
   0.83181E+03   0.21009E+03   0.73168E+00   0.12645E+22
   0.83252E+03   0.21037E+03   0.73218E+00   0.12651E+22
   0.83324E+03   0.21065E+03   0.73268E+00   0.12657E+22
   0.83395E+03   0.21093E+03   0.73318E+00   0.12662E+22
   0.83466E+03   0.21121E+03   0.73368E+00   0.12668E+22
   0.83537E+03   0.21149E+03   0.73418E+00   0.12674E+22
   0.83609E+03   0.21176E+03   0.73468E+00   0.12680E+22
   0.83680E+03   0.21204E+03   0.73518E+00   0.12685E+22
   0.83751E+03   0.21232E+03   0.73568E+00   0.12691E+22
   0.83823E+03   0.21260E+03   0.73618E+00   0.12697E+22
   0.83894E+03   0.21288E+03   0.73668E+00   0.12702E+22
   0.83966E+03   0.21316E+03   0.73718E+00   0.12708E+22
   0.84037E+03   0.21344E+03   0.73768E+00   0.12714E+22
   0.84108E+03   0.21371E+03   0.73818E+00   0.12720E+22
   0.84180E+03   0.21399E+03   0.73868E+00   0.12725E+22
   0.84251E+03   0.21427E+03   0.73918E+00   0.12731E+22
   0.84323E+03   0.21455E+03   0.73968E+00   0.12737E+22
   0.84394E+03   0.21483E+03   0.74018E+00   0.12743E+22
   0.84466E+03   0.21511E+03   0.74068E+00   0.12748E+22
   0.84537E+03   0.21539E+03   0.74118E+00   0.12754E+22
   0.84609E+03   0.21567E+03   0.74168E+00   0.12760E+22
   0.84681E+03   0.21595E+03   0.74218E+00   0.12766E+22
   0.84752E+03   0.21623E+03   0.74268E+00   0.12771E+22
   0.84824E+03   0.21651E+03   0.74318E+00   0.12777E+22
   0.84895E+03   0.21679E+03   0.74368E+00   0.12783E+22
   0.84967E+03   0.21707E+03   0.74418E+00   0.12789E+22
   0.85039E+03   0.21735E+03   0.74468E+00   0.12794E+22
   0.85110E+03   0.21763E+03   0.74518E+00   0.12800E+22
   0.85182E+03   0.21791E+03   0.74568E+00   0.12806E+22
   0.85254E+03   0.21819E+03   0.74618E+00   0.12812E+22
   0.85326E+03   0.21847E+03   0.74668E+00   0.12817E+22
   0.85397E+03   0.21875E+03   0.74718E+00   0.12823E+22
   0.85469E+03   0.21903E+03   0.74768E+00   0.12829E+22
   0.85541E+03   0.21931E+03   0.74818E+00   0.12835E+22
   0.85613E+03   0.21959E+03   0.74868E+00   0.12840E+22
   0.85685E+03   0.21988E+03   0.74918E+00   0.12846E+22
   0.85757E+03   0.22016E+03   0.74968E+00   0.12852E+22
   0.85829E+03   0.22044E+03   0.75018E+00   0.12858E+22
   0.85900E+03   0.22072E+03   0.75068E+00   0.12864E+22
   0.85972E+03   0.22100E+03   0.75118E+00   0.12869E+22
   0.86044E+03   0.22128E+03   0.75168E+00   0.12875E+22
   0.86116E+03   0.22156E+03   0.75218E+00   0.12881E+22
   0.86188E+03   0.22184E+03   0.75268E+00   0.12887E+22
   0.86260E+03   0.22213E+03   0.75318E+00   0.12893E+22
   0.86332E+03   0.22241E+03   0.75368E+00   0.12898E+22
   0.86404E+03   0.22269E+03   0.75418E+00   0.12904E+22
   0.86476E+03   0.22297E+03   0.75468E+00   0.12910E+22
   0.86548E+03   0.22325E+03   0.75518E+00   0.12916E+22
   0.86621E+03   0.22354E+03   0.75568E+00   0.12922E+22
   0.86693E+03   0.22382E+03   0.75618E+00   0.12927E+22
   0.86765E+03   0.22410E+03   0.75668E+00   0.12933E+22
   0.86837E+03   0.22438E+03   0.75718E+00   0.12939E+22
   0.86909E+03   0.22467E+03   0.75768E+00   0.12945E+22
   0.86981E+03   0.22495E+03   0.75818E+00   0.12951E+22
   0.87053E+03   0.22523E+03   0.75868E+00   0.12956E+22
   0.87126E+03   0.22551E+03   0.75918E+00   0.12962E+22
   0.87198E+03   0.22580E+03   0.75968E+00   0.12968E+22
   0.87270E+03   0.22608E+03   0.76018E+00   0.12974E+22
   0.87342E+03   0.22636E+03   0.76068E+00   0.12980E+22
   0.87415E+03   0.22665E+03   0.76118E+00   0.12986E+22
   0.87487E+03   0.22693E+03   0.76168E+00   0.12991E+22
   0.87559E+03   0.22721E+03   0.76218E+00   0.12997E+22
   0.87632E+03   0.22750E+03   0.76268E+00   0.13003E+22
   0.87704E+03   0.22778E+03   0.76318E+00   0.13009E+22
   0.87777E+03   0.22806E+03   0.76368E+00   0.13015E+22
   0.87849E+03   0.22835E+03   0.76418E+00   0.13021E+22
   0.87921E+03   0.22863E+03   0.76468E+00   0.13026E+22
   0.87994E+03   0.22891E+03   0.76518E+00   0.13032E+22
   0.88066E+03   0.22920E+03   0.76568E+00   0.13038E+22
   0.88139E+03   0.22948E+03   0.76618E+00   0.13044E+22
   0.88211E+03   0.22977E+03   0.76668E+00   0.13050E+22
   0.88284E+03   0.23005E+03   0.76718E+00   0.13056E+22
   0.88356E+03   0.23033E+03   0.76768E+00   0.13062E+22
   0.88429E+03   0.23062E+03   0.76818E+00   0.13067E+22
   0.88502E+03   0.23090E+03   0.76868E+00   0.13073E+22
   0.88574E+03   0.23119E+03   0.76918E+00   0.13079E+22
   0.88647E+03   0.23147E+03   0.76968E+00   0.13085E+22
   0.88719E+03   0.23176E+03   0.77018E+00   0.13091E+22
   0.88792E+03   0.23204E+03   0.77068E+00   0.13097E+22
   0.88865E+03   0.23233E+03   0.77118E+00   0.13103E+22
   0.88937E+03   0.23261E+03   0.77168E+00   0.13108E+22
   0.89010E+03   0.23290E+03   0.77218E+00   0.13114E+22
   0.89083E+03   0.23318E+03   0.77268E+00   0.13120E+22
   0.89156E+03   0.23347E+03   0.77318E+00   0.13126E+22
   0.89228E+03   0.23375E+03   0.77368E+00   0.13132E+22
   0.89301E+03   0.23404E+03   0.77418E+00   0.13138E+22
   0.89374E+03   0.23432E+03   0.77468E+00   0.13144E+22
   0.89447E+03   0.23461E+03   0.77518E+00   0.13150E+22
   0.89520E+03   0.23489E+03   0.77568E+00   0.13156E+22
   0.89592E+03   0.23518E+03   0.77618E+00   0.13161E+22
   0.89665E+03   0.23546E+03   0.77668E+00   0.13167E+22
   0.89738E+03   0.23575E+03   0.77718E+00   0.13173E+22
   0.89811E+03   0.23604E+03   0.77768E+00   0.13179E+22
   0.89884E+03   0.23632E+03   0.77818E+00   0.13185E+22
   0.89957E+03   0.23661E+03   0.77868E+00   0.13191E+22
   0.90030E+03   0.23689E+03   0.77918E+00   0.13197E+22
   0.90103E+03   0.23718E+03   0.77968E+00   0.13203E+22
   0.90176E+03   0.23747E+03   0.78018E+00   0.13209E+22
   0.90249E+03   0.23775E+03   0.78068E+00   0.13214E+22
   0.90322E+03   0.23804E+03   0.78118E+00   0.13220E+22
   0.90395E+03   0.23833E+03   0.78168E+00   0.13226E+22
   0.90468E+03   0.23861E+03   0.78218E+00   0.13232E+22
   0.90541E+03   0.23890E+03   0.78268E+00   0.13238E+22
   0.90614E+03   0.23919E+03   0.78318E+00   0.13244E+22
   0.90687E+03   0.23947E+03   0.78368E+00   0.13250E+22
   0.90761E+03   0.23976E+03   0.78418E+00   0.13256E+22
   0.90834E+03   0.24005E+03   0.78468E+00   0.13262E+22
   0.90907E+03   0.24033E+03   0.78518E+00   0.13268E+22
   0.90980E+03   0.24062E+03   0.78568E+00   0.13274E+22
   0.91053E+03   0.24091E+03   0.78618E+00   0.13280E+22
   0.91127E+03   0.24120E+03   0.78668E+00   0.13285E+22
   0.91200E+03   0.24148E+03   0.78718E+00   0.13291E+22
   0.91273E+03   0.24177E+03   0.78768E+00   0.13297E+22
   0.91346E+03   0.24206E+03   0.78818E+00   0.13303E+22
   0.91420E+03   0.24235E+03   0.78868E+00   0.13309E+22
   0.91493E+03   0.24263E+03   0.78918E+00   0.13315E+22
   0.91566E+03   0.24292E+03   0.78968E+00   0.13321E+22
   0.91640E+03   0.24321E+03   0.79018E+00   0.13327E+22
   0.91713E+03   0.24350E+03   0.79068E+00   0.13333E+22
   0.91787E+03   0.24379E+03   0.79118E+00   0.13339E+22
   0.91860E+03   0.24408E+03   0.79168E+00   0.13345E+22
   0.91933E+03   0.24436E+03   0.79218E+00   0.13351E+22
   0.92007E+03   0.24465E+03   0.79268E+00   0.13357E+22
   0.92080E+03   0.24494E+03   0.79318E+00   0.13363E+22
   0.92154E+03   0.24523E+03   0.79368E+00   0.13369E+22
   0.92227E+03   0.24552E+03   0.79418E+00   0.13375E+22
   0.92301E+03   0.24581E+03   0.79468E+00   0.13381E+22
   0.92374E+03   0.24610E+03   0.79518E+00   0.13387E+22
   0.92448E+03   0.24638E+03   0.79568E+00   0.13392E+22
   0.92522E+03   0.24667E+03   0.79618E+00   0.13398E+22
   0.92595E+03   0.24696E+03   0.79668E+00   0.13404E+22
   0.92669E+03   0.24725E+03   0.79718E+00   0.13410E+22
   0.92742E+03   0.24754E+03   0.79768E+00   0.13416E+22
   0.92816E+03   0.24783E+03   0.79818E+00   0.13422E+22
   0.92890E+03   0.24812E+03   0.79868E+00   0.13428E+22
   0.92963E+03   0.24841E+03   0.79918E+00   0.13434E+22
   0.93037E+03   0.24870E+03   0.79968E+00   0.13440E+22
   0.93111E+03   0.24899E+03   0.80018E+00   0.13446E+22
   0.93185E+03   0.24928E+03   0.80068E+00   0.13452E+22
   0.93258E+03   0.24957E+03   0.80118E+00   0.13458E+22
   0.93332E+03   0.24986E+03   0.80168E+00   0.13464E+22
   0.93406E+03   0.25015E+03   0.80218E+00   0.13470E+22
   0.93480E+03   0.25044E+03   0.80268E+00   0.13476E+22
   0.93554E+03   0.25073E+03   0.80318E+00   0.13482E+22
   0.93628E+03   0.25102E+03   0.80368E+00   0.13488E+22
   0.93701E+03   0.25131E+03   0.80418E+00   0.13494E+22
   0.93775E+03   0.25160E+03   0.80468E+00   0.13500E+22
   0.93849E+03   0.25189E+03   0.80518E+00   0.13506E+22
   0.93923E+03   0.25218E+03   0.80568E+00   0.13512E+22
   0.93997E+03   0.25247E+03   0.80618E+00   0.13518E+22
   0.94071E+03   0.25276E+03   0.80668E+00   0.13524E+22
   0.94145E+03   0.25305E+03   0.80718E+00   0.13530E+22
   0.94219E+03   0.25334E+03   0.80768E+00   0.13536E+22
   0.94293E+03   0.25363E+03   0.80818E+00   0.13542E+22
   0.94367E+03   0.25392E+03   0.80868E+00   0.13548E+22
   0.94441E+03   0.25421E+03   0.80918E+00   0.13554E+22
   0.94515E+03   0.25451E+03   0.80968E+00   0.13560E+22
   0.94589E+03   0.25480E+03   0.81018E+00   0.13566E+22
   0.94663E+03   0.25509E+03   0.81068E+00   0.13572E+22
   0.94738E+03   0.25538E+03   0.81118E+00   0.13578E+22
   0.94812E+03   0.25567E+03   0.81168E+00   0.13584E+22
   0.94886E+03   0.25596E+03   0.81218E+00   0.13590E+22
   0.94960E+03   0.25625E+03   0.81268E+00   0.13596E+22
   0.95034E+03   0.25655E+03   0.81318E+00   0.13602E+22
   0.95108E+03   0.25684E+03   0.81368E+00   0.13608E+22
   0.95183E+03   0.25713E+03   0.81418E+00   0.13614E+22
   0.95257E+03   0.25742E+03   0.81468E+00   0.13620E+22
   0.95331E+03   0.25771E+03   0.81518E+00   0.13626E+22
   0.95405E+03   0.25801E+03   0.81568E+00   0.13632E+22
   0.95480E+03   0.25830E+03   0.81618E+00   0.13638E+22
   0.95554E+03   0.25859E+03   0.81668E+00   0.13644E+22
   0.95628E+03   0.25888E+03   0.81718E+00   0.13650E+22
   0.95703E+03   0.25917E+03   0.81768E+00   0.13656E+22
   0.95777E+03   0.25947E+03   0.81818E+00   0.13662E+22
   0.95852E+03   0.25976E+03   0.81868E+00   0.13668E+22
   0.95926E+03   0.26005E+03   0.81918E+00   0.13674E+22
   0.96000E+03   0.26035E+03   0.81968E+00   0.13680E+22
   0.96075E+03   0.26064E+03   0.82018E+00   0.13687E+22
   0.96149E+03   0.26093E+03   0.82068E+00   0.13693E+22
   0.96224E+03   0.26122E+03   0.82118E+00   0.13699E+22
   0.96298E+03   0.26152E+03   0.82168E+00   0.13705E+22
   0.96373E+03   0.26181E+03   0.82218E+00   0.13711E+22
   0.96447E+03   0.26210E+03   0.82268E+00   0.13717E+22
   0.96522E+03   0.26240E+03   0.82318E+00   0.13723E+22
   0.96597E+03   0.26269E+03   0.82368E+00   0.13729E+22
   0.96671E+03   0.26298E+03   0.82418E+00   0.13735E+22
   0.96746E+03   0.26328E+03   0.82468E+00   0.13741E+22
   0.96820E+03   0.26357E+03   0.82518E+00   0.13747E+22
   0.96895E+03   0.26386E+03   0.82568E+00   0.13753E+22
   0.96970E+03   0.26416E+03   0.82618E+00   0.13759E+22
   0.97044E+03   0.26445E+03   0.82668E+00   0.13765E+22
   0.97119E+03   0.26475E+03   0.82718E+00   0.13771E+22
   0.97194E+03   0.26504E+03   0.82768E+00   0.13777E+22
   0.97268E+03   0.26533E+03   0.82818E+00   0.13783E+22
   0.97343E+03   0.26563E+03   0.82868E+00   0.13789E+22
   0.97418E+03   0.26592E+03   0.82918E+00   0.13795E+22
   0.97493E+03   0.26622E+03   0.82968E+00   0.13802E+22
   0.97568E+03   0.26651E+03   0.83018E+00   0.13808E+22
   0.97642E+03   0.26680E+03   0.83068E+00   0.13814E+22
   0.97717E+03   0.26710E+03   0.83118E+00   0.13820E+22
   0.97792E+03   0.26739E+03   0.83168E+00   0.13826E+22
   0.97867E+03   0.26769E+03   0.83218E+00   0.13832E+22
   0.97942E+03   0.26798E+03   0.83268E+00   0.13838E+22
   0.98017E+03   0.26828E+03   0.83318E+00   0.13844E+22
   0.98092E+03   0.26857E+03   0.83368E+00   0.13850E+22
   0.98167E+03   0.26887E+03   0.83418E+00   0.13856E+22
   0.98242E+03   0.26916E+03   0.83468E+00   0.13862E+22
   0.98317E+03   0.26946E+03   0.83518E+00   0.13868E+22
   0.98392E+03   0.26975E+03   0.83568E+00   0.13875E+22
   0.98467E+03   0.27005E+03   0.83618E+00   0.13881E+22
   0.98542E+03   0.27034E+03   0.83668E+00   0.13887E+22
   0.98617E+03   0.27064E+03   0.83718E+00   0.13893E+22
   0.98692E+03   0.27093E+03   0.83768E+00   0.13899E+22
   0.98767E+03   0.27123E+03   0.83818E+00   0.13905E+22
   0.98842E+03   0.27153E+03   0.83868E+00   0.13911E+22
   0.98917E+03   0.27182E+03   0.83918E+00   0.13917E+22
   0.98992E+03   0.27212E+03   0.83968E+00   0.13923E+22
   0.99067E+03   0.27241E+03   0.84018E+00   0.13929E+22
   0.99143E+03   0.27271E+03   0.84068E+00   0.13935E+22
   0.99218E+03   0.27301E+03   0.84118E+00   0.13942E+22
   0.99293E+03   0.27330E+03   0.84168E+00   0.13948E+22
   0.99368E+03   0.27360E+03   0.84218E+00   0.13954E+22
   0.99443E+03   0.27389E+03   0.84268E+00   0.13960E+22
   0.99519E+03   0.27419E+03   0.84318E+00   0.13966E+22
   0.99594E+03   0.27449E+03   0.84368E+00   0.13972E+22
   0.99669E+03   0.27478E+03   0.84418E+00   0.13978E+22
   0.99745E+03   0.27508E+03   0.84468E+00   0.13984E+22
   0.99820E+03   0.27538E+03   0.84518E+00   0.13990E+22
   0.99895E+03   0.27567E+03   0.84568E+00   0.13997E+22
   0.99971E+03   0.27597E+03   0.84618E+00   0.14003E+22
   0.10005E+04   0.27627E+03   0.84668E+00   0.14009E+22
   0.10012E+04   0.27656E+03   0.84718E+00   0.14015E+22
   0.10020E+04   0.27686E+03   0.84768E+00   0.14021E+22
   0.10027E+04   0.27716E+03   0.84818E+00   0.14027E+22
   0.10035E+04   0.27745E+03   0.84868E+00   0.14033E+22
   0.10042E+04   0.27775E+03   0.84918E+00   0.14039E+22
   0.10050E+04   0.27805E+03   0.84968E+00   0.14046E+22
   0.10057E+04   0.27835E+03   0.85018E+00   0.14052E+22
   0.10065E+04   0.27864E+03   0.85068E+00   0.14058E+22
   0.10073E+04   0.27894E+03   0.85118E+00   0.14064E+22
   0.10080E+04   0.27924E+03   0.85168E+00   0.14070E+22
   0.10088E+04   0.27954E+03   0.85218E+00   0.14076E+22
   0.10095E+04   0.27983E+03   0.85268E+00   0.14082E+22
   0.10103E+04   0.28013E+03   0.85318E+00   0.14088E+22
   0.10110E+04   0.28043E+03   0.85368E+00   0.14095E+22
   0.10118E+04   0.28073E+03   0.85418E+00   0.14101E+22
   0.10125E+04   0.28103E+03   0.85468E+00   0.14107E+22
   0.10133E+04   0.28132E+03   0.85518E+00   0.14113E+22
   0.10141E+04   0.28162E+03   0.85568E+00   0.14119E+22
   0.10148E+04   0.28192E+03   0.85618E+00   0.14125E+22
   0.10156E+04   0.28222E+03   0.85668E+00   0.14131E+22
   0.10163E+04   0.28252E+03   0.85718E+00   0.14138E+22
   0.10171E+04   0.28282E+03   0.85768E+00   0.14144E+22
   0.10178E+04   0.28311E+03   0.85818E+00   0.14150E+22
   0.10186E+04   0.28341E+03   0.85868E+00   0.14156E+22
   0.10194E+04   0.28371E+03   0.85918E+00   0.14162E+22
   0.10201E+04   0.28401E+03   0.85968E+00   0.14168E+22
   0.10209E+04   0.28431E+03   0.86018E+00   0.14174E+22
   0.10216E+04   0.28461E+03   0.86068E+00   0.14181E+22
   0.10224E+04   0.28491E+03   0.86118E+00   0.14187E+22
   0.10232E+04   0.28521E+03   0.86168E+00   0.14193E+22
   0.10239E+04   0.28551E+03   0.86218E+00   0.14199E+22
   0.10247E+04   0.28580E+03   0.86268E+00   0.14205E+22
   0.10254E+04   0.28610E+03   0.86318E+00   0.14211E+22
   0.10262E+04   0.28640E+03   0.86368E+00   0.14218E+22
   0.10270E+04   0.28670E+03   0.86418E+00   0.14224E+22
   0.10277E+04   0.28700E+03   0.86468E+00   0.14230E+22
   0.10285E+04   0.28730E+03   0.86518E+00   0.14236E+22
   0.10292E+04   0.28760E+03   0.86568E+00   0.14242E+22
   0.10300E+04   0.28790E+03   0.86618E+00   0.14248E+22
   0.10308E+04   0.28820E+03   0.86668E+00   0.14255E+22
   0.10315E+04   0.28850E+03   0.86718E+00   0.14261E+22
   0.10323E+04   0.28880E+03   0.86768E+00   0.14267E+22
   0.10330E+04   0.28910E+03   0.86818E+00   0.14273E+22
   0.10338E+04   0.28940E+03   0.86868E+00   0.14279E+22
   0.10346E+04   0.28970E+03   0.86918E+00   0.14285E+22
   0.10353E+04   0.29000E+03   0.86968E+00   0.14292E+22
   0.10361E+04   0.29030E+03   0.87018E+00   0.14298E+22
   0.10369E+04   0.29060E+03   0.87068E+00   0.14304E+22
   0.10376E+04   0.29090E+03   0.87118E+00   0.14310E+22
   0.10384E+04   0.29120E+03   0.87168E+00   0.14316E+22
   0.10391E+04   0.29150E+03   0.87218E+00   0.14323E+22
   0.10399E+04   0.29180E+03   0.87268E+00   0.14329E+22
   0.10407E+04   0.29210E+03   0.87318E+00   0.14335E+22
   0.10414E+04   0.29241E+03   0.87368E+00   0.14341E+22
   0.10422E+04   0.29271E+03   0.87418E+00   0.14347E+22
   0.10430E+04   0.29301E+03   0.87468E+00   0.14354E+22
   0.10437E+04   0.29331E+03   0.87518E+00   0.14360E+22
   0.10445E+04   0.29361E+03   0.87568E+00   0.14366E+22
   0.10452E+04   0.29391E+03   0.87618E+00   0.14372E+22
   0.10460E+04   0.29421E+03   0.87668E+00   0.14378E+22
   0.10468E+04   0.29451E+03   0.87718E+00   0.14385E+22
   0.10475E+04   0.29481E+03   0.87768E+00   0.14391E+22
   0.10483E+04   0.29512E+03   0.87818E+00   0.14397E+22
   0.10491E+04   0.29542E+03   0.87868E+00   0.14403E+22
   0.10498E+04   0.29572E+03   0.87918E+00   0.14409E+22
   0.10506E+04   0.29602E+03   0.87968E+00   0.14416E+22
   0.10514E+04   0.29632E+03   0.88018E+00   0.14422E+22
   0.10521E+04   0.29662E+03   0.88068E+00   0.14428E+22
   0.10529E+04   0.29693E+03   0.88118E+00   0.14434E+22
   0.10537E+04   0.29723E+03   0.88168E+00   0.14440E+22
   0.10544E+04   0.29753E+03   0.88218E+00   0.14447E+22
   0.10552E+04   0.29783E+03   0.88268E+00   0.14453E+22
   0.10560E+04   0.29813E+03   0.88318E+00   0.14459E+22
   0.10567E+04   0.29844E+03   0.88368E+00   0.14465E+22
   0.10575E+04   0.29874E+03   0.88418E+00   0.14471E+22
   0.10583E+04   0.29904E+03   0.88468E+00   0.14478E+22
   0.10590E+04   0.29934E+03   0.88518E+00   0.14484E+22
   0.10598E+04   0.29965E+03   0.88568E+00   0.14490E+22
   0.10606E+04   0.29995E+03   0.88618E+00   0.14496E+22
   0.10613E+04   0.30025E+03   0.88668E+00   0.14503E+22
   0.10621E+04   0.30055E+03   0.88718E+00   0.14509E+22
   0.10629E+04   0.30086E+03   0.88768E+00   0.14515E+22
   0.10636E+04   0.30116E+03   0.88818E+00   0.14521E+22
   0.10644E+04   0.30146E+03   0.88868E+00   0.14527E+22
   0.10652E+04   0.30176E+03   0.88918E+00   0.14534E+22
   0.10659E+04   0.30207E+03   0.88968E+00   0.14540E+22
   0.10667E+04   0.30237E+03   0.89018E+00   0.14546E+22
   0.10675E+04   0.30267E+03   0.89068E+00   0.14552E+22
   0.10683E+04   0.30298E+03   0.89118E+00   0.14559E+22
   0.10690E+04   0.30328E+03   0.89168E+00   0.14565E+22
   0.10698E+04   0.30358E+03   0.89218E+00   0.14571E+22
   0.10706E+04   0.30389E+03   0.89268E+00   0.14577E+22
   0.10713E+04   0.30419E+03   0.89318E+00   0.14583E+22
   0.10721E+04   0.30449E+03   0.89368E+00   0.14590E+22
   0.10729E+04   0.30480E+03   0.89418E+00   0.14596E+22
   0.10736E+04   0.30510E+03   0.89468E+00   0.14602E+22
   0.10744E+04   0.30541E+03   0.89518E+00   0.14608E+22
   0.10752E+04   0.30571E+03   0.89568E+00   0.14615E+22
   0.10760E+04   0.30601E+03   0.89618E+00   0.14621E+22
   0.10767E+04   0.30632E+03   0.89668E+00   0.14627E+22
   0.10775E+04   0.30662E+03   0.89718E+00   0.14633E+22
   0.10783E+04   0.30693E+03   0.89768E+00   0.14640E+22
   0.10790E+04   0.30723E+03   0.89818E+00   0.14646E+22
   0.10798E+04   0.30753E+03   0.89868E+00   0.14652E+22
   0.10806E+04   0.30784E+03   0.89918E+00   0.14658E+22
   0.10814E+04   0.30814E+03   0.89968E+00   0.14665E+22
   0.10821E+04   0.30845E+03   0.90018E+00   0.14671E+22
   0.10829E+04   0.30875E+03   0.90068E+00   0.14677E+22
   0.10837E+04   0.30906E+03   0.90118E+00   0.14683E+22
   0.10844E+04   0.30936E+03   0.90168E+00   0.14690E+22
   0.10852E+04   0.30967E+03   0.90218E+00   0.14696E+22
   0.10860E+04   0.30997E+03   0.90268E+00   0.14702E+22
   0.10868E+04   0.31028E+03   0.90318E+00   0.14708E+22
   0.10875E+04   0.31058E+03   0.90368E+00   0.14715E+22
   0.10883E+04   0.31089E+03   0.90418E+00   0.14721E+22
   0.10891E+04   0.31119E+03   0.90468E+00   0.14727E+22
   0.10899E+04   0.31150E+03   0.90518E+00   0.14734E+22
   0.10906E+04   0.31180E+03   0.90568E+00   0.14740E+22
   0.10914E+04   0.31211E+03   0.90618E+00   0.14746E+22
   0.10922E+04   0.31241E+03   0.90668E+00   0.14752E+22
   0.10930E+04   0.31272E+03   0.90718E+00   0.14759E+22
   0.10937E+04   0.31302E+03   0.90768E+00   0.14765E+22
   0.10945E+04   0.31333E+03   0.90818E+00   0.14771E+22
   0.10953E+04   0.31363E+03   0.90868E+00   0.14777E+22
   0.10961E+04   0.31394E+03   0.90918E+00   0.14784E+22
   0.10968E+04   0.31425E+03   0.90968E+00   0.14790E+22
   0.10976E+04   0.31455E+03   0.91018E+00   0.14796E+22
   0.10984E+04   0.31486E+03   0.91068E+00   0.14802E+22
   0.10992E+04   0.31516E+03   0.91118E+00   0.14809E+22
   0.10999E+04   0.31547E+03   0.91168E+00   0.14815E+22
   0.11007E+04   0.31578E+03   0.91218E+00   0.14821E+22
   0.11015E+04   0.31608E+03   0.91268E+00   0.14828E+22
   0.11023E+04   0.31639E+03   0.91318E+00   0.14834E+22
   0.11030E+04   0.31669E+03   0.91368E+00   0.14840E+22
   0.11038E+04   0.31700E+03   0.91418E+00   0.14846E+22
   0.11046E+04   0.31731E+03   0.91468E+00   0.14853E+22
   0.11054E+04   0.31761E+03   0.91518E+00   0.14859E+22
   0.11062E+04   0.31792E+03   0.91568E+00   0.14865E+22
   0.11069E+04   0.31823E+03   0.91618E+00   0.14872E+22
   0.11077E+04   0.31853E+03   0.91668E+00   0.14878E+22
   0.11085E+04   0.31884E+03   0.91718E+00   0.14884E+22
   0.11093E+04   0.31915E+03   0.91768E+00   0.14890E+22
   0.11100E+04   0.31945E+03   0.91818E+00   0.14897E+22
   0.11108E+04   0.31976E+03   0.91868E+00   0.14903E+22
   0.11116E+04   0.32007E+03   0.91918E+00   0.14909E+22
   0.11124E+04   0.32038E+03   0.91968E+00   0.14916E+22
   0.11132E+04   0.32068E+03   0.92018E+00   0.14922E+22
   0.11139E+04   0.32099E+03   0.92068E+00   0.14928E+22
   0.11147E+04   0.32130E+03   0.92118E+00   0.14935E+22
   0.11155E+04   0.32161E+03   0.92168E+00   0.14941E+22
   0.11163E+04   0.32191E+03   0.92218E+00   0.14947E+22
   0.11171E+04   0.32222E+03   0.92268E+00   0.14953E+22
   0.11178E+04   0.32253E+03   0.92318E+00   0.14960E+22
   0.11186E+04   0.32284E+03   0.92368E+00   0.14966E+22
   0.11194E+04   0.32314E+03   0.92418E+00   0.14972E+22
   0.11202E+04   0.32345E+03   0.92468E+00   0.14979E+22
   0.11210E+04   0.32376E+03   0.92518E+00   0.14985E+22
   0.11217E+04   0.32407E+03   0.92568E+00   0.14991E+22
   0.11225E+04   0.32438E+03   0.92618E+00   0.14998E+22
   0.11233E+04   0.32468E+03   0.92668E+00   0.15004E+22
   0.11241E+04   0.32499E+03   0.92718E+00   0.15010E+22
   0.11249E+04   0.32530E+03   0.92768E+00   0.15016E+22
   0.11256E+04   0.32561E+03   0.92818E+00   0.15023E+22
   0.11264E+04   0.32592E+03   0.92868E+00   0.15029E+22
   0.11272E+04   0.32622E+03   0.92918E+00   0.15035E+22
   0.11280E+04   0.32653E+03   0.92968E+00   0.15042E+22
   0.11288E+04   0.32684E+03   0.93018E+00   0.15048E+22
   0.11296E+04   0.32715E+03   0.93068E+00   0.15054E+22
   0.11303E+04   0.32746E+03   0.93118E+00   0.15061E+22
   0.11311E+04   0.32777E+03   0.93168E+00   0.15067E+22
   0.11319E+04   0.32808E+03   0.93218E+00   0.15073E+22
   0.11327E+04   0.32839E+03   0.93268E+00   0.15080E+22
   0.11335E+04   0.32869E+03   0.93318E+00   0.15086E+22
   0.11343E+04   0.32900E+03   0.93368E+00   0.15092E+22
   0.11350E+04   0.32931E+03   0.93418E+00   0.15099E+22
   0.11358E+04   0.32962E+03   0.93468E+00   0.15105E+22
   0.11366E+04   0.32993E+03   0.93518E+00   0.15111E+22
   0.11374E+04   0.33024E+03   0.93568E+00   0.15118E+22
   0.11382E+04   0.33055E+03   0.93618E+00   0.15124E+22
   0.11390E+04   0.33086E+03   0.93668E+00   0.15130E+22
   0.11397E+04   0.33117E+03   0.93718E+00   0.15137E+22
   0.11405E+04   0.33148E+03   0.93768E+00   0.15143E+22
   0.11413E+04   0.33179E+03   0.93818E+00   0.15149E+22
   0.11421E+04   0.33210E+03   0.93868E+00   0.15156E+22
   0.11429E+04   0.33241E+03   0.93918E+00   0.15162E+22
   0.11437E+04   0.33272E+03   0.93968E+00   0.15168E+22
   0.11445E+04   0.33303E+03   0.94018E+00   0.15175E+22
   0.11452E+04   0.33334E+03   0.94068E+00   0.15181E+22
   0.11460E+04   0.33365E+03   0.94118E+00   0.15187E+22
   0.11468E+04   0.33396E+03   0.94168E+00   0.15194E+22
   0.11476E+04   0.33427E+03   0.94218E+00   0.15200E+22
   0.11484E+04   0.33458E+03   0.94268E+00   0.15206E+22
   0.11492E+04   0.33489E+03   0.94318E+00   0.15213E+22
   0.11500E+04   0.33520E+03   0.94368E+00   0.15219E+22
   0.11507E+04   0.33551E+03   0.94418E+00   0.15225E+22
   0.11515E+04   0.33582E+03   0.94468E+00   0.15232E+22
   0.11523E+04   0.33613E+03   0.94518E+00   0.15238E+22
   0.11531E+04   0.33644E+03   0.94568E+00   0.15244E+22
   0.11539E+04   0.33675E+03   0.94618E+00   0.15251E+22
   0.11547E+04   0.33706E+03   0.94668E+00   0.15257E+22
   0.11555E+04   0.33737E+03   0.94718E+00   0.15263E+22
   0.11563E+04   0.33768E+03   0.94768E+00   0.15270E+22
   0.11570E+04   0.33799E+03   0.94818E+00   0.15276E+22
   0.11578E+04   0.33830E+03   0.94868E+00   0.15282E+22
   0.11586E+04   0.33861E+03   0.94918E+00   0.15289E+22
   0.11594E+04   0.33893E+03   0.94968E+00   0.15295E+22
   0.11602E+04   0.33924E+03   0.95018E+00   0.15302E+22
   0.11610E+04   0.33955E+03   0.95068E+00   0.15308E+22
   0.11618E+04   0.33986E+03   0.95118E+00   0.15314E+22
   0.11626E+04   0.34017E+03   0.95168E+00   0.15321E+22
   0.11634E+04   0.34048E+03   0.95218E+00   0.15327E+22
   0.11641E+04   0.34079E+03   0.95268E+00   0.15333E+22
   0.11649E+04   0.34110E+03   0.95318E+00   0.15340E+22
   0.11657E+04   0.34142E+03   0.95368E+00   0.15346E+22
   0.11665E+04   0.34173E+03   0.95418E+00   0.15352E+22
   0.11673E+04   0.34204E+03   0.95468E+00   0.15359E+22
   0.11681E+04   0.34235E+03   0.95518E+00   0.15365E+22
   0.11689E+04   0.34266E+03   0.95568E+00   0.15371E+22
   0.11697E+04   0.34297E+03   0.95618E+00   0.15378E+22
   0.11705E+04   0.34329E+03   0.95668E+00   0.15384E+22
   0.11713E+04   0.34360E+03   0.95718E+00   0.15391E+22
   0.11721E+04   0.34391E+03   0.95768E+00   0.15397E+22
   0.11728E+04   0.34422E+03   0.95818E+00   0.15403E+22
   0.11736E+04   0.34454E+03   0.95868E+00   0.15410E+22
   0.11744E+04   0.34485E+03   0.95918E+00   0.15416E+22
   0.11752E+04   0.34516E+03   0.95968E+00   0.15422E+22
   0.11760E+04   0.34547E+03   0.96018E+00   0.15429E+22
   0.11768E+04   0.34578E+03   0.96068E+00   0.15435E+22
   0.11776E+04   0.34610E+03   0.96118E+00   0.15442E+22
   0.11784E+04   0.34641E+03   0.96168E+00   0.15448E+22
   0.11792E+04   0.34672E+03   0.96218E+00   0.15454E+22
   0.11800E+04   0.34704E+03   0.96268E+00   0.15461E+22
   0.11808E+04   0.34735E+03   0.96318E+00   0.15467E+22
   0.11816E+04   0.34766E+03   0.96368E+00   0.15473E+22
   0.11824E+04   0.34797E+03   0.96418E+00   0.15480E+22
   0.11832E+04   0.34829E+03   0.96468E+00   0.15486E+22
   0.11839E+04   0.34860E+03   0.96518E+00   0.15493E+22
   0.11847E+04   0.34891E+03   0.96568E+00   0.15499E+22
   0.11855E+04   0.34923E+03   0.96618E+00   0.15505E+22
   0.11863E+04   0.34954E+03   0.96668E+00   0.15512E+22
   0.11871E+04   0.34985E+03   0.96718E+00   0.15518E+22
   0.11879E+04   0.35017E+03   0.96768E+00   0.15525E+22
   0.11887E+04   0.35048E+03   0.96818E+00   0.15531E+22
   0.11895E+04   0.35079E+03   0.96868E+00   0.15537E+22
   0.11903E+04   0.35111E+03   0.96918E+00   0.15544E+22
   0.11911E+04   0.35142E+03   0.96968E+00   0.15550E+22
   0.11919E+04   0.35173E+03   0.97018E+00   0.15556E+22
   0.11927E+04   0.35205E+03   0.97068E+00   0.15563E+22
   0.11935E+04   0.35236E+03   0.97118E+00   0.15569E+22
   0.11943E+04   0.35267E+03   0.97168E+00   0.15576E+22
   0.11951E+04   0.35299E+03   0.97218E+00   0.15582E+22
   0.11959E+04   0.35330E+03   0.97268E+00   0.15588E+22
   0.11967E+04   0.35362E+03   0.97318E+00   0.15595E+22
   0.11975E+04   0.35393E+03   0.97368E+00   0.15601E+22
   0.11983E+04   0.35424E+03   0.97418E+00   0.15608E+22
   0.11991E+04   0.35456E+03   0.97468E+00   0.15614E+22
   0.11999E+04   0.35487E+03   0.97518E+00   0.15620E+22
   0.12007E+04   0.35519E+03   0.97568E+00   0.15627E+22
   0.12015E+04   0.35550E+03   0.97618E+00   0.15633E+22
   0.12022E+04   0.35582E+03   0.97668E+00   0.15640E+22
   0.12030E+04   0.35613E+03   0.97718E+00   0.15646E+22
   0.12038E+04   0.35645E+03   0.97768E+00   0.15652E+22
   0.12046E+04   0.35676E+03   0.97818E+00   0.15659E+22
   0.12054E+04   0.35708E+03   0.97868E+00   0.15665E+22
   0.12062E+04   0.35739E+03   0.97918E+00   0.15672E+22
   0.12070E+04   0.35770E+03   0.97968E+00   0.15678E+22
   0.12078E+04   0.35802E+03   0.98018E+00   0.15684E+22
   0.12086E+04   0.35833E+03   0.98068E+00   0.15691E+22
   0.12094E+04   0.35865E+03   0.98118E+00   0.15697E+22
   0.12102E+04   0.35896E+03   0.98168E+00   0.15704E+22
   0.12110E+04   0.35928E+03   0.98218E+00   0.15710E+22
   0.12118E+04   0.35960E+03   0.98268E+00   0.15716E+22
   0.12126E+04   0.35991E+03   0.98318E+00   0.15723E+22
   0.12134E+04   0.36023E+03   0.98368E+00   0.15729E+22
   0.12142E+04   0.36054E+03   0.98418E+00   0.15736E+22
   0.12150E+04   0.36086E+03   0.98468E+00   0.15742E+22
   0.12158E+04   0.36117E+03   0.98518E+00   0.15749E+22
   0.12166E+04   0.36149E+03   0.98568E+00   0.15755E+22
   0.12174E+04   0.36180E+03   0.98618E+00   0.15761E+22
   0.12182E+04   0.36212E+03   0.98668E+00   0.15768E+22
   0.12190E+04   0.36243E+03   0.98718E+00   0.15774E+22
   0.12198E+04   0.36275E+03   0.98768E+00   0.15781E+22
   0.12206E+04   0.36307E+03   0.98818E+00   0.15787E+22
   0.12214E+04   0.36338E+03   0.98868E+00   0.15794E+22
   0.12222E+04   0.36370E+03   0.98918E+00   0.15800E+22
   0.12230E+04   0.36401E+03   0.98968E+00   0.15806E+22
   0.12238E+04   0.36433E+03   0.99018E+00   0.15813E+22
   0.12246E+04   0.36465E+03   0.99068E+00   0.15819E+22
   0.12254E+04   0.36496E+03   0.99118E+00   0.15826E+22
   0.12262E+04   0.36528E+03   0.99168E+00   0.15832E+22
   0.12271E+04   0.36560E+03   0.99218E+00   0.15838E+22
   0.12279E+04   0.36591E+03   0.99268E+00   0.15845E+22
   0.12287E+04   0.36623E+03   0.99318E+00   0.15851E+22
   0.12295E+04   0.36655E+03   0.99368E+00   0.15858E+22
   0.12303E+04   0.36686E+03   0.99418E+00   0.15864E+22
   0.12311E+04   0.36718E+03   0.99468E+00   0.15871E+22
   0.12319E+04   0.36750E+03   0.99518E+00   0.15877E+22
   0.12327E+04   0.36781E+03   0.99568E+00   0.15883E+22
   0.12335E+04   0.36813E+03   0.99618E+00   0.15890E+22
   0.12343E+04   0.36845E+03   0.99668E+00   0.15896E+22
   0.12351E+04   0.36876E+03   0.99718E+00   0.15903E+22
   0.12359E+04   0.36908E+03   0.99768E+00   0.15909E+22
   0.12367E+04   0.36940E+03   0.99818E+00   0.15916E+22
   0.12375E+04   0.36971E+03   0.99868E+00   0.15922E+22
   0.12383E+04   0.37003E+03   0.99918E+00   0.15929E+22
   0.12391E+04   0.37035E+03   0.99968E+00   0.15935E+22
   0.12399E+04   0.37067E+03   0.10002E+01   0.15941E+22
   0.12407E+04   0.37098E+03   0.10007E+01   0.15948E+22
   0.12415E+04   0.37130E+03   0.10012E+01   0.15954E+22
   0.12423E+04   0.37162E+03   0.10017E+01   0.15961E+22
   0.12431E+04   0.37194E+03   0.10022E+01   0.15967E+22
   0.12439E+04   0.37225E+03   0.10027E+01   0.15974E+22
   0.12447E+04   0.37257E+03   0.10032E+01   0.15980E+22
   0.12456E+04   0.37289E+03   0.10037E+01   0.15987E+22
   0.12464E+04   0.37321E+03   0.10042E+01   0.15993E+22
   0.12472E+04   0.37352E+03   0.10047E+01   0.15999E+22
   0.12480E+04   0.37384E+03   0.10052E+01   0.16006E+22
   0.12488E+04   0.37416E+03   0.10057E+01   0.16012E+22
   0.12496E+04   0.37448E+03   0.10062E+01   0.16019E+22
   0.12504E+04   0.37480E+03   0.10067E+01   0.16025E+22
   0.12512E+04   0.37511E+03   0.10072E+01   0.16032E+22
   0.12520E+04   0.37543E+03   0.10077E+01   0.16038E+22
   0.12528E+04   0.37575E+03   0.10082E+01   0.16045E+22
   0.12536E+04   0.37607E+03   0.10087E+01   0.16051E+22
   0.12544E+04   0.37639E+03   0.10092E+01   0.16057E+22
   0.12552E+04   0.37671E+03   0.10097E+01   0.16064E+22
   0.12560E+04   0.37703E+03   0.10102E+01   0.16070E+22
   0.12569E+04   0.37734E+03   0.10107E+01   0.16077E+22
   0.12577E+04   0.37766E+03   0.10112E+01   0.16083E+22
   0.12585E+04   0.37798E+03   0.10117E+01   0.16090E+22
   0.12593E+04   0.37830E+03   0.10122E+01   0.16096E+22
   0.12601E+04   0.37862E+03   0.10127E+01   0.16103E+22
   0.12609E+04   0.37894E+03   0.10132E+01   0.16109E+22
   0.12617E+04   0.37926E+03   0.10137E+01   0.16116E+22
   0.12625E+04   0.37958E+03   0.10142E+01   0.16122E+22
   0.12633E+04   0.37989E+03   0.10147E+01   0.16129E+22
   0.12641E+04   0.38021E+03   0.10152E+01   0.16135E+22
   0.12649E+04   0.38053E+03   0.10157E+01   0.16141E+22
   0.12658E+04   0.38085E+03   0.10162E+01   0.16148E+22
   0.12666E+04   0.38117E+03   0.10167E+01   0.16154E+22
   0.12674E+04   0.38149E+03   0.10172E+01   0.16161E+22
   0.12682E+04   0.38181E+03   0.10177E+01   0.16167E+22
   0.12690E+04   0.38213E+03   0.10182E+01   0.16174E+22
   0.12698E+04   0.38245E+03   0.10187E+01   0.16180E+22
   0.12706E+04   0.38277E+03   0.10192E+01   0.16187E+22
   0.12714E+04   0.38309E+03   0.10197E+01   0.16193E+22
   0.12722E+04   0.38341E+03   0.10202E+01   0.16200E+22
   0.12731E+04   0.38373E+03   0.10207E+01   0.16206E+22
   0.12739E+04   0.38405E+03   0.10212E+01   0.16213E+22
   0.12747E+04   0.38437E+03   0.10217E+01   0.16219E+22
   0.12755E+04   0.38469E+03   0.10222E+01   0.16226E+22
   0.12763E+04   0.38501E+03   0.10227E+01   0.16232E+22
   0.12771E+04   0.38533E+03   0.10232E+01   0.16238E+22
   0.12779E+04   0.38565E+03   0.10237E+01   0.16245E+22
   0.12787E+04   0.38597E+03   0.10242E+01   0.16251E+22
   0.12796E+04   0.38629E+03   0.10247E+01   0.16258E+22
   0.12804E+04   0.38661E+03   0.10252E+01   0.16264E+22
   0.12812E+04   0.38693E+03   0.10257E+01   0.16271E+22
   0.12820E+04   0.38725E+03   0.10262E+01   0.16277E+22
   0.12828E+04   0.38757E+03   0.10267E+01   0.16284E+22
   0.12836E+04   0.38789E+03   0.10272E+01   0.16290E+22
   0.12844E+04   0.38821E+03   0.10277E+01   0.16297E+22
   0.12852E+04   0.38853E+03   0.10282E+01   0.16303E+22
   0.12861E+04   0.38885E+03   0.10287E+01   0.16310E+22
   0.12869E+04   0.38917E+03   0.10292E+01   0.16316E+22
   0.12877E+04   0.38949E+03   0.10297E+01   0.16323E+22
   0.12885E+04   0.38981E+03   0.10302E+01   0.16329E+22
   0.12893E+04   0.39014E+03   0.10307E+01   0.16336E+22
   0.12901E+04   0.39046E+03   0.10312E+01   0.16342E+22
   0.12910E+04   0.39078E+03   0.10317E+01   0.16349E+22
   0.12918E+04   0.39110E+03   0.10322E+01   0.16355E+22
   0.12926E+04   0.39142E+03   0.10327E+01   0.16362E+22
   0.12934E+04   0.39174E+03   0.10332E+01   0.16368E+22
   0.12942E+04   0.39206E+03   0.10337E+01   0.16375E+22
   0.12950E+04   0.39238E+03   0.10342E+01   0.16381E+22
   0.12958E+04   0.39271E+03   0.10347E+01   0.16388E+22
   0.12967E+04   0.39303E+03   0.10352E+01   0.16394E+22
   0.12975E+04   0.39335E+03   0.10357E+01   0.16401E+22
   0.12983E+04   0.39367E+03   0.10362E+01   0.16407E+22
   0.12991E+04   0.39399E+03   0.10367E+01   0.16414E+22
   0.12999E+04   0.39431E+03   0.10372E+01   0.16420E+22
   0.13007E+04   0.39464E+03   0.10377E+01   0.16427E+22
   0.13016E+04   0.39496E+03   0.10382E+01   0.16433E+22
   0.13024E+04   0.39528E+03   0.10387E+01   0.16440E+22
   0.13032E+04   0.39560E+03   0.10392E+01   0.16446E+22
   0.13040E+04   0.39592E+03   0.10397E+01   0.16453E+22
   0.13048E+04   0.39624E+03   0.10402E+01   0.16459E+22
   0.13056E+04   0.39657E+03   0.10407E+01   0.16466E+22
   0.13065E+04   0.39689E+03   0.10412E+01   0.16472E+22
   0.13073E+04   0.39721E+03   0.10417E+01   0.16479E+22
   0.13081E+04   0.39753E+03   0.10422E+01   0.16485E+22
   0.13089E+04   0.39786E+03   0.10427E+01   0.16492E+22
   0.13097E+04   0.39818E+03   0.10432E+01   0.16498E+22
   0.13106E+04   0.39850E+03   0.10437E+01   0.16505E+22
   0.13114E+04   0.39882E+03   0.10442E+01   0.16511E+22
   0.13122E+04   0.39915E+03   0.10447E+01   0.16518E+22
   0.13130E+04   0.39947E+03   0.10452E+01   0.16524E+22
   0.13138E+04   0.39979E+03   0.10457E+01   0.16531E+22
   0.13147E+04   0.40011E+03   0.10462E+01   0.16537E+22
   0.13155E+04   0.40044E+03   0.10467E+01   0.16544E+22
   0.13163E+04   0.40076E+03   0.10472E+01   0.16550E+22
   0.13171E+04   0.40108E+03   0.10477E+01   0.16557E+22
   0.13179E+04   0.40141E+03   0.10482E+01   0.16563E+22
   0.13188E+04   0.40173E+03   0.10487E+01   0.16570E+22
   0.13196E+04   0.40205E+03   0.10492E+01   0.16576E+22
   0.13204E+04   0.40237E+03   0.10497E+01   0.16583E+22
   0.13212E+04   0.40270E+03   0.10502E+01   0.16589E+22
   0.13220E+04   0.40302E+03   0.10507E+01   0.16596E+22
   0.13229E+04   0.40334E+03   0.10512E+01   0.16602E+22
   0.13237E+04   0.40367E+03   0.10517E+01   0.16609E+22
   0.13245E+04   0.40399E+03   0.10522E+01   0.16615E+22
   0.13253E+04   0.40431E+03   0.10527E+01   0.16622E+22
   0.13261E+04   0.40464E+03   0.10532E+01   0.16628E+22
   0.13270E+04   0.40496E+03   0.10537E+01   0.16635E+22
   0.13278E+04   0.40529E+03   0.10542E+01   0.16641E+22
   0.13286E+04   0.40561E+03   0.10547E+01   0.16648E+22
   0.13294E+04   0.40593E+03   0.10552E+01   0.16654E+22
   0.13303E+04   0.40626E+03   0.10557E+01   0.16661E+22
   0.13311E+04   0.40658E+03   0.10562E+01   0.16667E+22
   0.13319E+04   0.40690E+03   0.10567E+01   0.16674E+22
   0.13327E+04   0.40723E+03   0.10572E+01   0.16680E+22
   0.13335E+04   0.40755E+03   0.10577E+01   0.16687E+22
   0.13344E+04   0.40788E+03   0.10582E+01   0.16693E+22
   0.13352E+04   0.40820E+03   0.10587E+01   0.16700E+22
   0.13360E+04   0.40852E+03   0.10592E+01   0.16706E+22
   0.13368E+04   0.40885E+03   0.10597E+01   0.16713E+22
   0.13377E+04   0.40917E+03   0.10602E+01   0.16720E+22
   0.13385E+04   0.40950E+03   0.10607E+01   0.16726E+22
   0.13393E+04   0.40982E+03   0.10612E+01   0.16733E+22
   0.13401E+04   0.41015E+03   0.10617E+01   0.16739E+22
   0.13410E+04   0.41047E+03   0.10622E+01   0.16746E+22
   0.13418E+04   0.41080E+03   0.10627E+01   0.16752E+22
   0.13426E+04   0.41112E+03   0.10632E+01   0.16759E+22
   0.13434E+04   0.41145E+03   0.10637E+01   0.16765E+22
   0.13443E+04   0.41177E+03   0.10642E+01   0.16772E+22
   0.13451E+04   0.41209E+03   0.10647E+01   0.16778E+22
   0.13459E+04   0.41242E+03   0.10652E+01   0.16785E+22
   0.13467E+04   0.41274E+03   0.10657E+01   0.16791E+22
   0.13476E+04   0.41307E+03   0.10662E+01   0.16798E+22
   0.13484E+04   0.41339E+03   0.10667E+01   0.16804E+22
   0.13492E+04   0.41372E+03   0.10672E+01   0.16811E+22
   0.13500E+04   0.41404E+03   0.10677E+01   0.16817E+22
   0.13509E+04   0.41437E+03   0.10682E+01   0.16824E+22
   0.13517E+04   0.41470E+03   0.10687E+01   0.16831E+22
   0.13525E+04   0.41502E+03   0.10692E+01   0.16837E+22
   0.13533E+04   0.41535E+03   0.10697E+01   0.16844E+22
   0.13542E+04   0.41567E+03   0.10702E+01   0.16850E+22
   0.13550E+04   0.41600E+03   0.10707E+01   0.16857E+22
   0.13558E+04   0.41632E+03   0.10712E+01   0.16863E+22
   0.13566E+04   0.41665E+03   0.10717E+01   0.16870E+22
   0.13575E+04   0.41697E+03   0.10722E+01   0.16876E+22
   0.13583E+04   0.41730E+03   0.10727E+01   0.16883E+22
   0.13591E+04   0.41763E+03   0.10732E+01   0.16889E+22
   0.13600E+04   0.41795E+03   0.10737E+01   0.16896E+22
   0.13608E+04   0.41828E+03   0.10742E+01   0.16902E+22
   0.13616E+04   0.41860E+03   0.10747E+01   0.16909E+22
   0.13624E+04   0.41893E+03   0.10752E+01   0.16916E+22
   0.13633E+04   0.41925E+03   0.10757E+01   0.16922E+22
   0.13641E+04   0.41958E+03   0.10762E+01   0.16929E+22
   0.13649E+04   0.41991E+03   0.10767E+01   0.16935E+22
   0.13658E+04   0.42023E+03   0.10772E+01   0.16942E+22
   0.13666E+04   0.42056E+03   0.10777E+01   0.16948E+22
   0.13674E+04   0.42089E+03   0.10782E+01   0.16955E+22
   0.13682E+04   0.42121E+03   0.10787E+01   0.16961E+22
   0.13691E+04   0.42154E+03   0.10792E+01   0.16968E+22
   0.13699E+04   0.42187E+03   0.10797E+01   0.16974E+22
   0.13707E+04   0.42219E+03   0.10802E+01   0.16981E+22
   0.13716E+04   0.42252E+03   0.10807E+01   0.16988E+22
   0.13724E+04   0.42284E+03   0.10812E+01   0.16994E+22
   0.13732E+04   0.42317E+03   0.10817E+01   0.17001E+22
   0.13741E+04   0.42350E+03   0.10822E+01   0.17007E+22
   0.13749E+04   0.42383E+03   0.10827E+01   0.17014E+22
   0.13757E+04   0.42415E+03   0.10832E+01   0.17020E+22
   0.13765E+04   0.42448E+03   0.10837E+01   0.17027E+22
   0.13774E+04   0.42481E+03   0.10842E+01   0.17033E+22
   0.13782E+04   0.42513E+03   0.10847E+01   0.17040E+22
   0.13790E+04   0.42546E+03   0.10852E+01   0.17047E+22
   0.13799E+04   0.42579E+03   0.10857E+01   0.17053E+22
   0.13807E+04   0.42611E+03   0.10862E+01   0.17060E+22
   0.13815E+04   0.42644E+03   0.10867E+01   0.17066E+22
   0.13824E+04   0.42677E+03   0.10872E+01   0.17073E+22
   0.13832E+04   0.42710E+03   0.10877E+01   0.17079E+22
   0.13840E+04   0.42742E+03   0.10882E+01   0.17086E+22
   0.13849E+04   0.42775E+03   0.10887E+01   0.17092E+22
   0.13857E+04   0.42808E+03   0.10892E+01   0.17099E+22
   0.13865E+04   0.42841E+03   0.10897E+01   0.17106E+22
   0.13874E+04   0.42873E+03   0.10902E+01   0.17112E+22
   0.13882E+04   0.42906E+03   0.10907E+01   0.17119E+22
   0.13890E+04   0.42939E+03   0.10912E+01   0.17125E+22
   0.13899E+04   0.42972E+03   0.10917E+01   0.17132E+22
   0.13907E+04   0.43005E+03   0.10922E+01   0.17138E+22
   0.13915E+04   0.43037E+03   0.10927E+01   0.17145E+22
   0.13924E+04   0.43070E+03   0.10932E+01   0.17151E+22
   0.13932E+04   0.43103E+03   0.10937E+01   0.17158E+22
   0.13940E+04   0.43136E+03   0.10942E+01   0.17165E+22
   0.13949E+04   0.43169E+03   0.10947E+01   0.17171E+22
   0.13957E+04   0.43201E+03   0.10952E+01   0.17178E+22
   0.13965E+04   0.43234E+03   0.10957E+01   0.17184E+22
   0.13974E+04   0.43267E+03   0.10962E+01   0.17191E+22
   0.13982E+04   0.43300E+03   0.10967E+01   0.17197E+22
   0.13990E+04   0.43333E+03   0.10972E+01   0.17204E+22
   0.13999E+04   0.43366E+03   0.10977E+01   0.17211E+22
   0.14007E+04   0.43398E+03   0.10982E+01   0.17217E+22
   0.14015E+04   0.43431E+03   0.10987E+01   0.17224E+22
   0.14024E+04   0.43464E+03   0.10992E+01   0.17230E+22
   0.14032E+04   0.43497E+03   0.10997E+01   0.17237E+22
   0.14041E+04   0.43530E+03   0.11002E+01   0.17243E+22
   0.14049E+04   0.43563E+03   0.11007E+01   0.17250E+22
   0.14057E+04   0.43596E+03   0.11012E+01   0.17257E+22
   0.14066E+04   0.43628E+03   0.11017E+01   0.17263E+22
   0.14074E+04   0.43661E+03   0.11022E+01   0.17270E+22
   0.14082E+04   0.43694E+03   0.11027E+01   0.17276E+22
   0.14091E+04   0.43727E+03   0.11032E+01   0.17283E+22
   0.14099E+04   0.43760E+03   0.11037E+01   0.17289E+22
   0.14107E+04   0.43793E+03   0.11042E+01   0.17296E+22
   0.14116E+04   0.43826E+03   0.11047E+01   0.17303E+22
   0.14124E+04   0.43859E+03   0.11052E+01   0.17309E+22
   0.14133E+04   0.43892E+03   0.11057E+01   0.17316E+22
   0.14141E+04   0.43925E+03   0.11062E+01   0.17322E+22
   0.14149E+04   0.43958E+03   0.11067E+01   0.17329E+22
   0.14158E+04   0.43991E+03   0.11072E+01   0.17335E+22
   0.14166E+04   0.44024E+03   0.11077E+01   0.17342E+22
   0.14174E+04   0.44057E+03   0.11082E+01   0.17349E+22
   0.14183E+04   0.44089E+03   0.11087E+01   0.17355E+22
   0.14191E+04   0.44122E+03   0.11092E+01   0.17362E+22
   0.14200E+04   0.44155E+03   0.11097E+01   0.17368E+22
   0.14208E+04   0.44188E+03   0.11102E+01   0.17375E+22
   0.14216E+04   0.44221E+03   0.11107E+01   0.17382E+22
   0.14225E+04   0.44254E+03   0.11112E+01   0.17388E+22
   0.14233E+04   0.44287E+03   0.11117E+01   0.17395E+22
   0.14242E+04   0.44320E+03   0.11122E+01   0.17401E+22
   0.14250E+04   0.44353E+03   0.11127E+01   0.17408E+22
   0.14258E+04   0.44386E+03   0.11132E+01   0.17414E+22
   0.14267E+04   0.44419E+03   0.11137E+01   0.17421E+22
   0.14275E+04   0.44452E+03   0.11142E+01   0.17428E+22
   0.14284E+04   0.44485E+03   0.11147E+01   0.17434E+22
   0.14292E+04   0.44518E+03   0.11152E+01   0.17441E+22
   0.14300E+04   0.44552E+03   0.11157E+01   0.17447E+22
   0.14309E+04   0.44585E+03   0.11162E+01   0.17454E+22
   0.14317E+04   0.44618E+03   0.11167E+01   0.17461E+22
   0.14326E+04   0.44651E+03   0.11172E+01   0.17467E+22
   0.14334E+04   0.44684E+03   0.11177E+01   0.17474E+22
   0.14342E+04   0.44717E+03   0.11182E+01   0.17480E+22
   0.14351E+04   0.44750E+03   0.11187E+01   0.17487E+22
   0.14359E+04   0.44783E+03   0.11192E+01   0.17494E+22
   0.14368E+04   0.44816E+03   0.11197E+01   0.17500E+22
   0.14376E+04   0.44849E+03   0.11202E+01   0.17507E+22
   0.14384E+04   0.44882E+03   0.11207E+01   0.17513E+22
   0.14393E+04   0.44915E+03   0.11212E+01   0.17520E+22
   0.14401E+04   0.44948E+03   0.11217E+01   0.17527E+22
   0.14410E+04   0.44981E+03   0.11222E+01   0.17533E+22
   0.14418E+04   0.45015E+03   0.11227E+01   0.17540E+22
   0.14427E+04   0.45048E+03   0.11232E+01   0.17546E+22
   0.14435E+04   0.45081E+03   0.11237E+01   0.17553E+22
   0.14443E+04   0.45114E+03   0.11242E+01   0.17560E+22
   0.14452E+04   0.45147E+03   0.11247E+01   0.17566E+22
   0.14460E+04   0.45180E+03   0.11252E+01   0.17573E+22
   0.14469E+04   0.45213E+03   0.11257E+01   0.17579E+22
   0.14477E+04   0.45247E+03   0.11262E+01   0.17586E+22
   0.14486E+04   0.45280E+03   0.11267E+01   0.17593E+22
   0.14494E+04   0.45313E+03   0.11272E+01   0.17599E+22
   0.14503E+04   0.45346E+03   0.11277E+01   0.17606E+22
   0.14511E+04   0.45379E+03   0.11282E+01   0.17612E+22
   0.14519E+04   0.45412E+03   0.11287E+01   0.17619E+22
   0.14528E+04   0.45446E+03   0.11292E+01   0.17626E+22
   0.14536E+04   0.45479E+03   0.11297E+01   0.17632E+22
   0.14545E+04   0.45512E+03   0.11302E+01   0.17639E+22
   0.14553E+04   0.45545E+03   0.11307E+01   0.17645E+22
   0.14562E+04   0.45578E+03   0.11312E+01   0.17652E+22
   0.14570E+04   0.45612E+03   0.11317E+01   0.17659E+22
   0.14579E+04   0.45645E+03   0.11322E+01   0.17665E+22
   0.14587E+04   0.45678E+03   0.11327E+01   0.17672E+22
   0.14595E+04   0.45711E+03   0.11332E+01   0.17678E+22
   0.14604E+04   0.45744E+03   0.11337E+01   0.17685E+22
   0.14612E+04   0.45778E+03   0.11342E+01   0.17692E+22
   0.14621E+04   0.45811E+03   0.11347E+01   0.17698E+22
   0.14629E+04   0.45844E+03   0.11352E+01   0.17705E+22
   0.14638E+04   0.45877E+03   0.11357E+01   0.17711E+22
   0.14646E+04   0.45911E+03   0.11362E+01   0.17718E+22
   0.14655E+04   0.45944E+03   0.11367E+01   0.17725E+22
   0.14663E+04   0.45977E+03   0.11372E+01   0.17731E+22
   0.14672E+04   0.46010E+03   0.11377E+01   0.17738E+22
   0.14680E+04   0.46044E+03   0.11382E+01   0.17744E+22
   0.14689E+04   0.46077E+03   0.11387E+01   0.17751E+22
   0.14697E+04   0.46110E+03   0.11392E+01   0.17758E+22
   0.14706E+04   0.46144E+03   0.11397E+01   0.17764E+22
   0.14714E+04   0.46177E+03   0.11402E+01   0.17771E+22
   0.14722E+04   0.46210E+03   0.11407E+01   0.17778E+22
   0.14731E+04   0.46243E+03   0.11412E+01   0.17784E+22
   0.14739E+04   0.46277E+03   0.11417E+01   0.17791E+22
   0.14748E+04   0.46310E+03   0.11422E+01   0.17797E+22
   0.14756E+04   0.46343E+03   0.11427E+01   0.17804E+22
   0.14765E+04   0.46377E+03   0.11432E+01   0.17811E+22
   0.14773E+04   0.46410E+03   0.11437E+01   0.17817E+22
   0.14782E+04   0.46443E+03   0.11442E+01   0.17824E+22
   0.14790E+04   0.46477E+03   0.11447E+01   0.17830E+22
   0.14799E+04   0.46510E+03   0.11452E+01   0.17837E+22
   0.14807E+04   0.46543E+03   0.11457E+01   0.17844E+22
   0.14816E+04   0.46577E+03   0.11462E+01   0.17850E+22
   0.14824E+04   0.46610E+03   0.11467E+01   0.17857E+22
   0.14833E+04   0.46644E+03   0.11472E+01   0.17864E+22
   0.14841E+04   0.46677E+03   0.11477E+01   0.17870E+22
   0.14850E+04   0.46710E+03   0.11482E+01   0.17877E+22
   0.14858E+04   0.46744E+03   0.11487E+01   0.17883E+22
   0.14867E+04   0.46777E+03   0.11492E+01   0.17890E+22
   0.14875E+04   0.46810E+03   0.11497E+01   0.17897E+22
   0.14884E+04   0.46844E+03   0.11502E+01   0.17903E+22
   0.14892E+04   0.46877E+03   0.11507E+01   0.17910E+22
   0.14901E+04   0.46911E+03   0.11512E+01   0.17917E+22
   0.14909E+04   0.46944E+03   0.11517E+01   0.17923E+22
   0.14918E+04   0.46977E+03   0.11522E+01   0.17930E+22
   0.14926E+04   0.47011E+03   0.11527E+01   0.17936E+22
   0.14935E+04   0.47044E+03   0.11532E+01   0.17943E+22
   0.14943E+04   0.47078E+03   0.11537E+01   0.17950E+22
   0.14952E+04   0.47111E+03   0.11542E+01   0.17956E+22
   0.14960E+04   0.47145E+03   0.11547E+01   0.17963E+22
   0.14969E+04   0.47178E+03   0.11552E+01   0.17970E+22
   0.14978E+04   0.47212E+03   0.11557E+01   0.17976E+22
   0.14986E+04   0.47245E+03   0.11562E+01   0.17983E+22
   0.14995E+04   0.47278E+03   0.11567E+01   0.17989E+22
   0.15003E+04   0.47312E+03   0.11572E+01   0.17996E+22
   0.15012E+04   0.47345E+03   0.11577E+01   0.18003E+22
   0.15020E+04   0.47379E+03   0.11582E+01   0.18009E+22
   0.15029E+04   0.47412E+03   0.11587E+01   0.18016E+22
   0.15037E+04   0.47446E+03   0.11592E+01   0.18023E+22
   0.15046E+04   0.47479E+03   0.11597E+01   0.18029E+22
   0.15054E+04   0.47513E+03   0.11602E+01   0.18036E+22
   0.15063E+04   0.47546E+03   0.11607E+01   0.18043E+22
   0.15071E+04   0.47580E+03   0.11612E+01   0.18049E+22
   0.15080E+04   0.47613E+03   0.11617E+01   0.18056E+22
   0.15088E+04   0.47647E+03   0.11622E+01   0.18062E+22
   0.15097E+04   0.47680E+03   0.11627E+01   0.18069E+22
   0.15106E+04   0.47714E+03   0.11632E+01   0.18076E+22
   0.15114E+04   0.47748E+03   0.11637E+01   0.18082E+22
   0.15123E+04   0.47781E+03   0.11642E+01   0.18089E+22
   0.15131E+04   0.47815E+03   0.11647E+01   0.18096E+22
   0.15140E+04   0.47848E+03   0.11652E+01   0.18102E+22
   0.15148E+04   0.47882E+03   0.11657E+01   0.18109E+22
   0.15157E+04   0.47915E+03   0.11662E+01   0.18116E+22
   0.15165E+04   0.47949E+03   0.11667E+01   0.18122E+22
   0.15174E+04   0.47982E+03   0.11672E+01   0.18129E+22
   0.15182E+04   0.48016E+03   0.11677E+01   0.18135E+22
   0.15191E+04   0.48050E+03   0.11682E+01   0.18142E+22
   0.15200E+04   0.48083E+03   0.11687E+01   0.18149E+22
   0.15208E+04   0.48117E+03   0.11692E+01   0.18155E+22
   0.15217E+04   0.48150E+03   0.11697E+01   0.18162E+22
   0.15225E+04   0.48184E+03   0.11702E+01   0.18169E+22
   0.15234E+04   0.48218E+03   0.11707E+01   0.18175E+22
   0.15242E+04   0.48251E+03   0.11712E+01   0.18182E+22
   0.15251E+04   0.48285E+03   0.11717E+01   0.18189E+22
   0.15260E+04   0.48318E+03   0.11722E+01   0.18195E+22
   0.15268E+04   0.48352E+03   0.11727E+01   0.18202E+22
   0.15277E+04   0.48386E+03   0.11732E+01   0.18209E+22
   0.15285E+04   0.48419E+03   0.11737E+01   0.18215E+22
   0.15294E+04   0.48453E+03   0.11742E+01   0.18222E+22
   0.15302E+04   0.48487E+03   0.11747E+01   0.18228E+22
   0.15311E+04   0.48520E+03   0.11752E+01   0.18235E+22
   0.15320E+04   0.48554E+03   0.11757E+01   0.18242E+22
   0.15328E+04   0.48588E+03   0.11762E+01   0.18248E+22
   0.15337E+04   0.48621E+03   0.11767E+01   0.18255E+22
   0.15345E+04   0.48655E+03   0.11772E+01   0.18262E+22
   0.15354E+04   0.48689E+03   0.11777E+01   0.18268E+22
   0.15362E+04   0.48722E+03   0.11782E+01   0.18275E+22
   0.15371E+04   0.48756E+03   0.11787E+01   0.18282E+22
   0.15380E+04   0.48790E+03   0.11792E+01   0.18288E+22
   0.15388E+04   0.48823E+03   0.11797E+01   0.18295E+22
   0.15397E+04   0.48857E+03   0.11802E+01   0.18302E+22
   0.15405E+04   0.48891E+03   0.11807E+01   0.18308E+22
   0.15414E+04   0.48925E+03   0.11812E+01   0.18315E+22
   0.15423E+04   0.48958E+03   0.11817E+01   0.18322E+22
   0.15431E+04   0.48992E+03   0.11822E+01   0.18328E+22
   0.15440E+04   0.49026E+03   0.11827E+01   0.18335E+22
   0.15448E+04   0.49059E+03   0.11832E+01   0.18342E+22
   0.15457E+04   0.49093E+03   0.11837E+01   0.18348E+22
   0.15466E+04   0.49127E+03   0.11842E+01   0.18355E+22
   0.15474E+04   0.49161E+03   0.11847E+01   0.18361E+22
   0.15483E+04   0.49194E+03   0.11852E+01   0.18368E+22
   0.15491E+04   0.49228E+03   0.11857E+01   0.18375E+22
   0.15500E+04   0.49262E+03   0.11862E+01   0.18381E+22
   0.15509E+04   0.49296E+03   0.11867E+01   0.18388E+22
   0.15517E+04   0.49329E+03   0.11872E+01   0.18395E+22
   0.15526E+04   0.49363E+03   0.11877E+01   0.18401E+22
   0.15535E+04   0.49397E+03   0.11882E+01   0.18408E+22
   0.15543E+04   0.49431E+03   0.11887E+01   0.18415E+22
   0.15552E+04   0.49465E+03   0.11892E+01   0.18421E+22
   0.15560E+04   0.49498E+03   0.11897E+01   0.18428E+22
   0.15569E+04   0.49532E+03   0.11902E+01   0.18435E+22
   0.15578E+04   0.49566E+03   0.11907E+01   0.18441E+22
   0.15586E+04   0.49600E+03   0.11912E+01   0.18448E+22
   0.15595E+04   0.49634E+03   0.11917E+01   0.18455E+22
   0.15603E+04   0.49667E+03   0.11922E+01   0.18461E+22
   0.15612E+04   0.49701E+03   0.11927E+01   0.18468E+22
   0.15621E+04   0.49735E+03   0.11932E+01   0.18475E+22
   0.15629E+04   0.49769E+03   0.11937E+01   0.18481E+22
   0.15638E+04   0.49803E+03   0.11942E+01   0.18488E+22
   0.15647E+04   0.49837E+03   0.11947E+01   0.18495E+22
   0.15655E+04   0.49870E+03   0.11952E+01   0.18501E+22
   0.15664E+04   0.49904E+03   0.11957E+01   0.18508E+22
   0.15673E+04   0.49938E+03   0.11962E+01   0.18515E+22
   0.15681E+04   0.49972E+03   0.11967E+01   0.18521E+22
   0.15690E+04   0.50006E+03   0.11972E+01   0.18528E+22
   0.15698E+04   0.50040E+03   0.11977E+01   0.18535E+22
   0.15707E+04   0.50074E+03   0.11982E+01   0.18541E+22
   0.15716E+04   0.50108E+03   0.11987E+01   0.18548E+22
   0.15724E+04   0.50141E+03   0.11992E+01   0.18555E+22
   0.15733E+04   0.50175E+03   0.11997E+01   0.18561E+22
   0.15742E+04   0.50209E+03   0.12002E+01   0.18568E+22
   0.15750E+04   0.50243E+03   0.12007E+01   0.18575E+22
   0.15759E+04   0.50277E+03   0.12012E+01   0.18581E+22
   0.15768E+04   0.50311E+03   0.12017E+01   0.18588E+22
   0.15776E+04   0.50345E+03   0.12022E+01   0.18595E+22
   0.15785E+04   0.50379E+03   0.12027E+01   0.18601E+22
   0.15794E+04   0.50413E+03   0.12032E+01   0.18608E+22
   0.15802E+04   0.50447E+03   0.12037E+01   0.18615E+22
   0.15811E+04   0.50481E+03   0.12042E+01   0.18621E+22
   0.15820E+04   0.50515E+03   0.12047E+01   0.18628E+22
   0.15828E+04   0.50549E+03   0.12052E+01   0.18635E+22
   0.15837E+04   0.50583E+03   0.12057E+01   0.18641E+22
   0.15846E+04   0.50616E+03   0.12062E+01   0.18648E+22
   0.15854E+04   0.50650E+03   0.12067E+01   0.18655E+22
   0.15863E+04   0.50684E+03   0.12072E+01   0.18661E+22
   0.15872E+04   0.50718E+03   0.12077E+01   0.18668E+22
   0.15880E+04   0.50752E+03   0.12082E+01   0.18675E+22
   0.15889E+04   0.50786E+03   0.12087E+01   0.18681E+22
   0.15898E+04   0.50820E+03   0.12092E+01   0.18688E+22
   0.15906E+04   0.50854E+03   0.12097E+01   0.18695E+22
   0.15915E+04   0.50888E+03   0.12102E+01   0.18701E+22
   0.15924E+04   0.50922E+03   0.12107E+01   0.18708E+22
   0.15932E+04   0.50956E+03   0.12112E+01   0.18715E+22
   0.15941E+04   0.50990E+03   0.12117E+01   0.18721E+22
   0.15950E+04   0.51024E+03   0.12122E+01   0.18728E+22
   0.15958E+04   0.51058E+03   0.12127E+01   0.18735E+22
   0.15967E+04   0.51092E+03   0.12132E+01   0.18742E+22
   0.15976E+04   0.51126E+03   0.12137E+01   0.18748E+22
   0.15984E+04   0.51161E+03   0.12142E+01   0.18755E+22
   0.15993E+04   0.51195E+03   0.12147E+01   0.18762E+22
   0.16002E+04   0.51229E+03   0.12152E+01   0.18768E+22
   0.16011E+04   0.51263E+03   0.12157E+01   0.18775E+22
   0.16019E+04   0.51297E+03   0.12162E+01   0.18782E+22
   0.16028E+04   0.51331E+03   0.12167E+01   0.18788E+22
   0.16037E+04   0.51365E+03   0.12172E+01   0.18795E+22
   0.16045E+04   0.51399E+03   0.12177E+01   0.18802E+22
   0.16054E+04   0.51433E+03   0.12182E+01   0.18808E+22
   0.16063E+04   0.51467E+03   0.12187E+01   0.18815E+22
   0.16071E+04   0.51501E+03   0.12192E+01   0.18822E+22
   0.16080E+04   0.51535E+03   0.12197E+01   0.18828E+22
   0.16089E+04   0.51569E+03   0.12202E+01   0.18835E+22
   0.16098E+04   0.51603E+03   0.12207E+01   0.18842E+22
   0.16106E+04   0.51638E+03   0.12212E+01   0.18848E+22
   0.16115E+04   0.51672E+03   0.12217E+01   0.18855E+22
   0.16124E+04   0.51706E+03   0.12222E+01   0.18862E+22
   0.16132E+04   0.51740E+03   0.12227E+01   0.18868E+22
   0.16141E+04   0.51774E+03   0.12232E+01   0.18875E+22
   0.16150E+04   0.51808E+03   0.12237E+01   0.18882E+22
   0.16159E+04   0.51842E+03   0.12242E+01   0.18889E+22
   0.16167E+04   0.51876E+03   0.12247E+01   0.18895E+22
   0.16176E+04   0.51911E+03   0.12252E+01   0.18902E+22
   0.16185E+04   0.51945E+03   0.12257E+01   0.18909E+22
   0.16193E+04   0.51979E+03   0.12262E+01   0.18915E+22
   0.16202E+04   0.52013E+03   0.12267E+01   0.18922E+22
   0.16211E+04   0.52047E+03   0.12272E+01   0.18929E+22
   0.16220E+04   0.52081E+03   0.12277E+01   0.18935E+22
   0.16228E+04   0.52116E+03   0.12282E+01   0.18942E+22
   0.16237E+04   0.52150E+03   0.12287E+01   0.18949E+22
   0.16246E+04   0.52184E+03   0.12292E+01   0.18955E+22
   0.16254E+04   0.52218E+03   0.12297E+01   0.18962E+22
   0.16263E+04   0.52252E+03   0.12302E+01   0.18969E+22
   0.16272E+04   0.52287E+03   0.12307E+01   0.18976E+22
   0.16281E+04   0.52321E+03   0.12312E+01   0.18982E+22
   0.16289E+04   0.52355E+03   0.12317E+01   0.18989E+22
   0.16298E+04   0.52389E+03   0.12322E+01   0.18996E+22
   0.16307E+04   0.52423E+03   0.12327E+01   0.19002E+22
   0.16316E+04   0.52458E+03   0.12332E+01   0.19009E+22
   0.16324E+04   0.52492E+03   0.12337E+01   0.19016E+22
   0.16333E+04   0.52526E+03   0.12342E+01   0.19022E+22
   0.16342E+04   0.52560E+03   0.12347E+01   0.19029E+22
   0.16351E+04   0.52594E+03   0.12352E+01   0.19036E+22
   0.16359E+04   0.52629E+03   0.12357E+01   0.19042E+22
   0.16368E+04   0.52663E+03   0.12362E+01   0.19049E+22
   0.16377E+04   0.52697E+03   0.12367E+01   0.19056E+22
   0.16386E+04   0.52732E+03   0.12372E+01   0.19063E+22
   0.16394E+04   0.52766E+03   0.12377E+01   0.19069E+22
   0.16403E+04   0.52800E+03   0.12382E+01   0.19076E+22
   0.16412E+04   0.52834E+03   0.12387E+01   0.19083E+22
   0.16421E+04   0.52869E+03   0.12392E+01   0.19089E+22
   0.16429E+04   0.52903E+03   0.12397E+01   0.19096E+22
   0.16438E+04   0.52937E+03   0.12402E+01   0.19103E+22
   0.16447E+04   0.52971E+03   0.12407E+01   0.19109E+22
   0.16456E+04   0.53006E+03   0.12412E+01   0.19116E+22
   0.16464E+04   0.53040E+03   0.12417E+01   0.19123E+22
   0.16473E+04   0.53074E+03   0.12422E+01   0.19130E+22
   0.16482E+04   0.53109E+03   0.12427E+01   0.19136E+22
   0.16491E+04   0.53143E+03   0.12432E+01   0.19143E+22
   0.16500E+04   0.53177E+03   0.12437E+01   0.19150E+22
   0.16508E+04   0.53212E+03   0.12442E+01   0.19156E+22
   0.16517E+04   0.53246E+03   0.12447E+01   0.19163E+22
   0.16526E+04   0.53280E+03   0.12452E+01   0.19170E+22
   0.16535E+04   0.53315E+03   0.12457E+01   0.19176E+22
   0.16543E+04   0.53349E+03   0.12462E+01   0.19183E+22
   0.16552E+04   0.53383E+03   0.12467E+01   0.19190E+22
   0.16561E+04   0.53418E+03   0.12472E+01   0.19197E+22
   0.16570E+04   0.53452E+03   0.12477E+01   0.19203E+22
   0.16579E+04   0.53486E+03   0.12482E+01   0.19210E+22
   0.16587E+04   0.53521E+03   0.12487E+01   0.19217E+22
   0.16596E+04   0.53555E+03   0.12492E+01   0.19223E+22
   0.16605E+04   0.53590E+03   0.12497E+01   0.19230E+22
   0.16614E+04   0.53624E+03   0.12502E+01   0.19237E+22
   0.16622E+04   0.53658E+03   0.12507E+01   0.19244E+22
   0.16631E+04   0.53693E+03   0.12512E+01   0.19250E+22
   0.16640E+04   0.53727E+03   0.12517E+01   0.19257E+22
   0.16649E+04   0.53762E+03   0.12522E+01   0.19264E+22
   0.16658E+04   0.53796E+03   0.12527E+01   0.19270E+22
   0.16666E+04   0.53830E+03   0.12532E+01   0.19277E+22
   0.16675E+04   0.53865E+03   0.12537E+01   0.19284E+22
   0.16684E+04   0.53899E+03   0.12542E+01   0.19290E+22
   0.16693E+04   0.53934E+03   0.12547E+01   0.19297E+22
   0.16702E+04   0.53968E+03   0.12552E+01   0.19304E+22
   0.16710E+04   0.54002E+03   0.12557E+01   0.19311E+22
   0.16719E+04   0.54037E+03   0.12562E+01   0.19317E+22
   0.16728E+04   0.54071E+03   0.12567E+01   0.19324E+22
   0.16737E+04   0.54106E+03   0.12572E+01   0.19331E+22
   0.16746E+04   0.54140E+03   0.12577E+01   0.19337E+22
   0.16754E+04   0.54175E+03   0.12582E+01   0.19344E+22
   0.16763E+04   0.54209E+03   0.12587E+01   0.19351E+22
   0.16772E+04   0.54244E+03   0.12592E+01   0.19358E+22
   0.16781E+04   0.54278E+03   0.12597E+01   0.19364E+22
   0.16790E+04   0.54313E+03   0.12602E+01   0.19371E+22
   0.16799E+04   0.54347E+03   0.12607E+01   0.19378E+22
   0.16807E+04   0.54382E+03   0.12612E+01   0.19384E+22
   0.16816E+04   0.54416E+03   0.12617E+01   0.19391E+22
   0.16825E+04   0.54451E+03   0.12622E+01   0.19398E+22
   0.16834E+04   0.54485E+03   0.12627E+01   0.19405E+22
   0.16843E+04   0.54520E+03   0.12632E+01   0.19411E+22
   0.16851E+04   0.54554E+03   0.12637E+01   0.19418E+22
   0.16860E+04   0.54589E+03   0.12642E+01   0.19425E+22
   0.16869E+04   0.54623E+03   0.12647E+01   0.19431E+22
   0.16878E+04   0.54658E+03   0.12652E+01   0.19438E+22
   0.16887E+04   0.54692E+03   0.12657E+01   0.19445E+22
   0.16896E+04   0.54727E+03   0.12662E+01   0.19452E+22
   0.16904E+04   0.54761E+03   0.12667E+01   0.19458E+22
   0.16913E+04   0.54796E+03   0.12672E+01   0.19465E+22
   0.16922E+04   0.54830E+03   0.12677E+01   0.19472E+22
   0.16931E+04   0.54865E+03   0.12682E+01   0.19478E+22
   0.16940E+04   0.54899E+03   0.12687E+01   0.19485E+22
   0.16949E+04   0.54934E+03   0.12692E+01   0.19492E+22
   0.16957E+04   0.54969E+03   0.12697E+01   0.19499E+22
   0.16966E+04   0.55003E+03   0.12702E+01   0.19505E+22
   0.16975E+04   0.55038E+03   0.12707E+01   0.19512E+22
   0.16984E+04   0.55072E+03   0.12712E+01   0.19519E+22
   0.16993E+04   0.55107E+03   0.12717E+01   0.19526E+22
   0.17002E+04   0.55141E+03   0.12722E+01   0.19532E+22
   0.17011E+04   0.55176E+03   0.12727E+01   0.19539E+22
   0.17019E+04   0.55211E+03   0.12732E+01   0.19546E+22
   0.17028E+04   0.55245E+03   0.12737E+01   0.19552E+22
   0.17037E+04   0.55280E+03   0.12742E+01   0.19559E+22
   0.17046E+04   0.55314E+03   0.12747E+01   0.19566E+22
   0.17055E+04   0.55349E+03   0.12752E+01   0.19573E+22
   0.17064E+04   0.55384E+03   0.12757E+01   0.19579E+22
   0.17073E+04   0.55418E+03   0.12762E+01   0.19586E+22
   0.17081E+04   0.55453E+03   0.12767E+01   0.19593E+22
   0.17090E+04   0.55488E+03   0.12772E+01   0.19599E+22
   0.17099E+04   0.55522E+03   0.12777E+01   0.19606E+22
   0.17108E+04   0.55557E+03   0.12782E+01   0.19613E+22
   0.17117E+04   0.55592E+03   0.12787E+01   0.19620E+22
   0.17126E+04   0.55626E+03   0.12792E+01   0.19626E+22
   0.17135E+04   0.55661E+03   0.12797E+01   0.19633E+22
   0.17143E+04   0.55695E+03   0.12802E+01   0.19640E+22
   0.17152E+04   0.55730E+03   0.12807E+01   0.19647E+22
   0.17161E+04   0.55765E+03   0.12812E+01   0.19653E+22
   0.17170E+04   0.55800E+03   0.12817E+01   0.19660E+22
   0.17179E+04   0.55834E+03   0.12822E+01   0.19667E+22
   0.17188E+04   0.55869E+03   0.12827E+01   0.19673E+22
   0.17197E+04   0.55904E+03   0.12832E+01   0.19680E+22
   0.17206E+04   0.55938E+03   0.12837E+01   0.19687E+22
   0.17214E+04   0.55973E+03   0.12842E+01   0.19694E+22
   0.17223E+04   0.56008E+03   0.12847E+01   0.19700E+22
   0.17232E+04   0.56042E+03   0.12852E+01   0.19707E+22
   0.17241E+04   0.56077E+03   0.12857E+01   0.19714E+22
   0.17250E+04   0.56112E+03   0.12862E+01   0.19721E+22
   0.17259E+04   0.56147E+03   0.12867E+01   0.19727E+22
   0.17268E+04   0.56181E+03   0.12872E+01   0.19734E+22
   0.17277E+04   0.56216E+03   0.12877E+01   0.19741E+22
   0.17286E+04   0.56251E+03   0.12882E+01   0.19748E+22
   0.17294E+04   0.56285E+03   0.12887E+01   0.19754E+22
   0.17303E+04   0.56320E+03   0.12892E+01   0.19761E+22
   0.17312E+04   0.56355E+03   0.12897E+01   0.19768E+22
   0.17321E+04   0.56390E+03   0.12902E+01   0.19774E+22
   0.17330E+04   0.56424E+03   0.12907E+01   0.19781E+22
   0.17339E+04   0.56459E+03   0.12912E+01   0.19788E+22
   0.17348E+04   0.56494E+03   0.12917E+01   0.19795E+22
   0.17357E+04   0.56529E+03   0.12922E+01   0.19801E+22
   0.17366E+04   0.56564E+03   0.12927E+01   0.19808E+22
   0.17375E+04   0.56598E+03   0.12932E+01   0.19815E+22
   0.17383E+04   0.56633E+03   0.12937E+01   0.19822E+22
   0.17392E+04   0.56668E+03   0.12942E+01   0.19828E+22
   0.17401E+04   0.56703E+03   0.12947E+01   0.19835E+22
   0.17410E+04   0.56738E+03   0.12952E+01   0.19842E+22
   0.17419E+04   0.56772E+03   0.12957E+01   0.19849E+22
   0.17428E+04   0.56807E+03   0.12962E+01   0.19855E+22
   0.17437E+04   0.56842E+03   0.12967E+01   0.19862E+22
   0.17446E+04   0.56877E+03   0.12972E+01   0.19869E+22
   0.17455E+04   0.56912E+03   0.12977E+01   0.19876E+22
   0.17464E+04   0.56946E+03   0.12982E+01   0.19882E+22
   0.17473E+04   0.56981E+03   0.12987E+01   0.19889E+22
   0.17482E+04   0.57016E+03   0.12992E+01   0.19896E+22
   0.17490E+04   0.57051E+03   0.12997E+01   0.19902E+22
   0.17499E+04   0.57086E+03   0.13002E+01   0.19909E+22
   0.17508E+04   0.57121E+03   0.13007E+01   0.19916E+22
   0.17517E+04   0.57155E+03   0.13012E+01   0.19923E+22
   0.17526E+04   0.57190E+03   0.13017E+01   0.19929E+22
   0.17535E+04   0.57225E+03   0.13022E+01   0.19936E+22
   0.17544E+04   0.57260E+03   0.13027E+01   0.19943E+22
   0.17553E+04   0.57295E+03   0.13032E+01   0.19950E+22
   0.17562E+04   0.57330E+03   0.13037E+01   0.19956E+22
   0.17571E+04   0.57365E+03   0.13042E+01   0.19963E+22
   0.17580E+04   0.57400E+03   0.13047E+01   0.19970E+22
   0.17589E+04   0.57434E+03   0.13052E+01   0.19977E+22
   0.17598E+04   0.57469E+03   0.13057E+01   0.19983E+22
   0.17607E+04   0.57504E+03   0.13062E+01   0.19990E+22
   0.17616E+04   0.57539E+03   0.13067E+01   0.19997E+22
   0.17624E+04   0.57574E+03   0.13072E+01   0.20004E+22
   0.17633E+04   0.57609E+03   0.13077E+01   0.20010E+22
   0.17642E+04   0.57644E+03   0.13082E+01   0.20017E+22
   0.17651E+04   0.57679E+03   0.13087E+01   0.20024E+22
   0.17660E+04   0.57714E+03   0.13092E+01   0.20031E+22
   0.17669E+04   0.57749E+03   0.13097E+01   0.20037E+22
   0.17678E+04   0.57784E+03   0.13102E+01   0.20044E+22
   0.17687E+04   0.57819E+03   0.13107E+01   0.20051E+22
   0.17696E+04   0.57854E+03   0.13112E+01   0.20058E+22
   0.17705E+04   0.57888E+03   0.13117E+01   0.20064E+22
   0.17714E+04   0.57923E+03   0.13122E+01   0.20071E+22
   0.17723E+04   0.57958E+03   0.13127E+01   0.20078E+22
   0.17732E+04   0.57993E+03   0.13132E+01   0.20085E+22
   0.17741E+04   0.58028E+03   0.13137E+01   0.20091E+22
   0.17750E+04   0.58063E+03   0.13142E+01   0.20098E+22
   0.17759E+04   0.58098E+03   0.13147E+01   0.20105E+22
   0.17768E+04   0.58133E+03   0.13152E+01   0.20112E+22
   0.17777E+04   0.58168E+03   0.13157E+01   0.20118E+22
   0.17786E+04   0.58203E+03   0.13162E+01   0.20125E+22
   0.17795E+04   0.58238E+03   0.13167E+01   0.20132E+22
   0.17804E+04   0.58273E+03   0.13172E+01   0.20139E+22
   0.17813E+04   0.58308E+03   0.13177E+01   0.20145E+22
   0.17822E+04   0.58343E+03   0.13182E+01   0.20152E+22
   0.17831E+04   0.58378E+03   0.13187E+01   0.20159E+22
   0.17840E+04   0.58413E+03   0.13192E+01   0.20166E+22
   0.17848E+04   0.58448E+03   0.13197E+01   0.20172E+22
   0.17857E+04   0.58483E+03   0.13202E+01   0.20179E+22
   0.17866E+04   0.58518E+03   0.13207E+01   0.20186E+22
   0.17875E+04   0.58553E+03   0.13212E+01   0.20193E+22
   0.17884E+04   0.58588E+03   0.13217E+01   0.20199E+22
   0.17893E+04   0.58623E+03   0.13222E+01   0.20206E+22
   0.17902E+04   0.58659E+03   0.13227E+01   0.20213E+22
   0.17911E+04   0.58694E+03   0.13232E+01   0.20220E+22
   0.17920E+04   0.58729E+03   0.13237E+01   0.20226E+22
   0.17929E+04   0.58764E+03   0.13242E+01   0.20233E+22
   0.17938E+04   0.58799E+03   0.13247E+01   0.20240E+22
   0.17947E+04   0.58834E+03   0.13252E+01   0.20247E+22
   0.17956E+04   0.58869E+03   0.13257E+01   0.20253E+22
   0.17965E+04   0.58904E+03   0.13262E+01   0.20260E+22
   0.17974E+04   0.58939E+03   0.13267E+01   0.20267E+22
   0.17983E+04   0.58974E+03   0.13272E+01   0.20274E+22
   0.17992E+04   0.59009E+03   0.13277E+01   0.20280E+22
   0.18001E+04   0.59044E+03   0.13282E+01   0.20287E+22
   0.18010E+04   0.59079E+03   0.13287E+01   0.20294E+22
   0.18019E+04   0.59115E+03   0.13292E+01   0.20301E+22
   0.18028E+04   0.59150E+03   0.13297E+01   0.20307E+22
   0.18037E+04   0.59185E+03   0.13302E+01   0.20314E+22
   0.18046E+04   0.59220E+03   0.13307E+01   0.20321E+22
   0.18055E+04   0.59255E+03   0.13312E+01   0.20328E+22
   0.18064E+04   0.59290E+03   0.13317E+01   0.20334E+22
   0.18073E+04   0.59325E+03   0.13322E+01   0.20341E+22
   0.18082E+04   0.59360E+03   0.13327E+01   0.20348E+22
   0.18091E+04   0.59396E+03   0.13332E+01   0.20355E+22
   0.18100E+04   0.59431E+03   0.13337E+01   0.20362E+22
   0.18109E+04   0.59466E+03   0.13342E+01   0.20368E+22
   0.18118E+04   0.59501E+03   0.13347E+01   0.20375E+22
   0.18127E+04   0.59536E+03   0.13352E+01   0.20382E+22
   0.18136E+04   0.59571E+03   0.13357E+01   0.20389E+22
   0.18145E+04   0.59607E+03   0.13362E+01   0.20395E+22
   0.18154E+04   0.59642E+03   0.13367E+01   0.20402E+22
   0.18163E+04   0.59677E+03   0.13372E+01   0.20409E+22
   0.18173E+04   0.59712E+03   0.13377E+01   0.20416E+22
   0.18182E+04   0.59747E+03   0.13382E+01   0.20422E+22
   0.18191E+04   0.59782E+03   0.13387E+01   0.20429E+22
   0.18200E+04   0.59818E+03   0.13392E+01   0.20436E+22
   0.18209E+04   0.59853E+03   0.13397E+01   0.20443E+22
   0.18218E+04   0.59888E+03   0.13402E+01   0.20449E+22
   0.18227E+04   0.59923E+03   0.13407E+01   0.20456E+22
   0.18236E+04   0.59958E+03   0.13412E+01   0.20463E+22
   0.18245E+04   0.59994E+03   0.13417E+01   0.20470E+22
   0.18254E+04   0.60029E+03   0.13422E+01   0.20476E+22
   0.18263E+04   0.60064E+03   0.13427E+01   0.20483E+22
   0.18272E+04   0.60099E+03   0.13432E+01   0.20490E+22
   0.18281E+04   0.60135E+03   0.13437E+01   0.20497E+22
   0.18290E+04   0.60170E+03   0.13442E+01   0.20504E+22
   0.18299E+04   0.60205E+03   0.13447E+01   0.20510E+22
   0.18308E+04   0.60240E+03   0.13452E+01   0.20517E+22
   0.18317E+04   0.60276E+03   0.13457E+01   0.20524E+22
   0.18326E+04   0.60311E+03   0.13462E+01   0.20531E+22
   0.18335E+04   0.60346E+03   0.13467E+01   0.20537E+22
   0.18344E+04   0.60381E+03   0.13472E+01   0.20544E+22
   0.18353E+04   0.60417E+03   0.13477E+01   0.20551E+22
   0.18362E+04   0.60452E+03   0.13482E+01   0.20558E+22
   0.18371E+04   0.60487E+03   0.13487E+01   0.20564E+22
   0.18380E+04   0.60522E+03   0.13492E+01   0.20571E+22
   0.18389E+04   0.60558E+03   0.13497E+01   0.20578E+22
   0.18399E+04   0.60593E+03   0.13502E+01   0.20585E+22
   0.18408E+04   0.60628E+03   0.13507E+01   0.20592E+22
   0.18417E+04   0.60664E+03   0.13512E+01   0.20598E+22
   0.18426E+04   0.60699E+03   0.13517E+01   0.20605E+22
   0.18435E+04   0.60734E+03   0.13522E+01   0.20612E+22
   0.18444E+04   0.60770E+03   0.13527E+01   0.20619E+22
   0.18453E+04   0.60805E+03   0.13532E+01   0.20625E+22
   0.18462E+04   0.60840E+03   0.13537E+01   0.20632E+22
   0.18471E+04   0.60876E+03   0.13542E+01   0.20639E+22
   0.18480E+04   0.60911E+03   0.13547E+01   0.20646E+22
   0.18489E+04   0.60946E+03   0.13552E+01   0.20652E+22
   0.18498E+04   0.60982E+03   0.13557E+01   0.20659E+22
   0.18507E+04   0.61017E+03   0.13562E+01   0.20666E+22
   0.18516E+04   0.61052E+03   0.13567E+01   0.20673E+22
   0.18525E+04   0.61088E+03   0.13572E+01   0.20680E+22
   0.18535E+04   0.61123E+03   0.13577E+01   0.20686E+22
   0.18544E+04   0.61158E+03   0.13582E+01   0.20693E+22
   0.18553E+04   0.61194E+03   0.13587E+01   0.20700E+22
   0.18562E+04   0.61229E+03   0.13592E+01   0.20707E+22
   0.18571E+04   0.61264E+03   0.13597E+01   0.20713E+22
   0.18580E+04   0.61300E+03   0.13602E+01   0.20720E+22
   0.18589E+04   0.61335E+03   0.13607E+01   0.20727E+22
   0.18598E+04   0.61371E+03   0.13612E+01   0.20734E+22
   0.18607E+04   0.61406E+03   0.13617E+01   0.20741E+22
   0.18616E+04   0.61441E+03   0.13622E+01   0.20747E+22
   0.18625E+04   0.61477E+03   0.13627E+01   0.20754E+22
   0.18634E+04   0.61512E+03   0.13632E+01   0.20761E+22
   0.18644E+04   0.61548E+03   0.13637E+01   0.20768E+22
   0.18653E+04   0.61583E+03   0.13642E+01   0.20774E+22
   0.18662E+04   0.61618E+03   0.13647E+01   0.20781E+22
   0.18671E+04   0.61654E+03   0.13652E+01   0.20788E+22
   0.18680E+04   0.61689E+03   0.13657E+01   0.20795E+22
   0.18689E+04   0.61725E+03   0.13662E+01   0.20802E+22
   0.18698E+04   0.61760E+03   0.13667E+01   0.20808E+22
   0.18707E+04   0.61796E+03   0.13672E+01   0.20815E+22
   0.18716E+04   0.61831E+03   0.13677E+01   0.20822E+22
   0.18725E+04   0.61866E+03   0.13682E+01   0.20829E+22
   0.18735E+04   0.61902E+03   0.13687E+01   0.20835E+22
   0.18744E+04   0.61937E+03   0.13692E+01   0.20842E+22
   0.18753E+04   0.61973E+03   0.13697E+01   0.20849E+22
   0.18762E+04   0.62008E+03   0.13702E+01   0.20856E+22
   0.18771E+04   0.62044E+03   0.13707E+01   0.20863E+22
   0.18780E+04   0.62079E+03   0.13712E+01   0.20869E+22
   0.18789E+04   0.62115E+03   0.13717E+01   0.20876E+22
   0.18798E+04   0.62150E+03   0.13722E+01   0.20883E+22
   0.18807E+04   0.62186E+03   0.13727E+01   0.20890E+22
   0.18817E+04   0.62221E+03   0.13732E+01   0.20896E+22
   0.18826E+04   0.62257E+03   0.13737E+01   0.20903E+22
   0.18835E+04   0.62292E+03   0.13742E+01   0.20910E+22
   0.18844E+04   0.62328E+03   0.13747E+01   0.20917E+22
   0.18853E+04   0.62363E+03   0.13752E+01   0.20924E+22
   0.18862E+04   0.62399E+03   0.13757E+01   0.20930E+22
   0.18871E+04   0.62434E+03   0.13762E+01   0.20937E+22
   0.18880E+04   0.62470E+03   0.13767E+01   0.20944E+22
   0.18890E+04   0.62505E+03   0.13772E+01   0.20951E+22
   0.18899E+04   0.62541E+03   0.13777E+01   0.20958E+22
   0.18908E+04   0.62576E+03   0.13782E+01   0.20964E+22
   0.18917E+04   0.62612E+03   0.13787E+01   0.20971E+22
   0.18926E+04   0.62647E+03   0.13792E+01   0.20978E+22
   0.18935E+04   0.62683E+03   0.13797E+01   0.20985E+22
   0.18944E+04   0.62718E+03   0.13802E+01   0.20991E+22
   0.18953E+04   0.62754E+03   0.13807E+01   0.20998E+22
   0.18963E+04   0.62790E+03   0.13812E+01   0.21005E+22
   0.18972E+04   0.62825E+03   0.13817E+01   0.21012E+22
   0.18981E+04   0.62861E+03   0.13822E+01   0.21019E+22
   0.18990E+04   0.62896E+03   0.13827E+01   0.21025E+22
   0.18999E+04   0.62932E+03   0.13832E+01   0.21032E+22
   0.19008E+04   0.62967E+03   0.13837E+01   0.21039E+22
   0.19017E+04   0.63003E+03   0.13842E+01   0.21046E+22
   0.19027E+04   0.63039E+03   0.13847E+01   0.21053E+22
   0.19036E+04   0.63074E+03   0.13852E+01   0.21059E+22
   0.19045E+04   0.63110E+03   0.13857E+01   0.21066E+22
   0.19054E+04   0.63145E+03   0.13862E+01   0.21073E+22
   0.19063E+04   0.63181E+03   0.13867E+01   0.21080E+22
   0.19072E+04   0.63217E+03   0.13872E+01   0.21086E+22
   0.19081E+04   0.63252E+03   0.13877E+01   0.21093E+22
   0.19091E+04   0.63288E+03   0.13882E+01   0.21100E+22
   0.19100E+04   0.63324E+03   0.13887E+01   0.21107E+22
   0.19109E+04   0.63359E+03   0.13892E+01   0.21114E+22
   0.19118E+04   0.63395E+03   0.13897E+01   0.21120E+22
   0.19127E+04   0.63430E+03   0.13902E+01   0.21127E+22
   0.19136E+04   0.63466E+03   0.13907E+01   0.21134E+22
   0.19146E+04   0.63502E+03   0.13912E+01   0.21141E+22
   0.19155E+04   0.63537E+03   0.13917E+01   0.21148E+22
   0.19164E+04   0.63573E+03   0.13922E+01   0.21154E+22
   0.19173E+04   0.63609E+03   0.13927E+01   0.21161E+22
   0.19182E+04   0.63644E+03   0.13932E+01   0.21168E+22
   0.19191E+04   0.63680E+03   0.13937E+01   0.21175E+22
   0.19201E+04   0.63716E+03   0.13942E+01   0.21182E+22
   0.19210E+04   0.63751E+03   0.13947E+01   0.21188E+22
   0.19219E+04   0.63787E+03   0.13952E+01   0.21195E+22
   0.19228E+04   0.63823E+03   0.13957E+01   0.21202E+22
   0.19237E+04   0.63858E+03   0.13962E+01   0.21209E+22
   0.19246E+04   0.63894E+03   0.13967E+01   0.21216E+22
   0.19256E+04   0.63930E+03   0.13972E+01   0.21222E+22
   0.19265E+04   0.63966E+03   0.13977E+01   0.21229E+22
   0.19274E+04   0.64001E+03   0.13982E+01   0.21236E+22
   0.19283E+04   0.64037E+03   0.13987E+01   0.21243E+22
   0.19292E+04   0.64073E+03   0.13992E+01   0.21249E+22
   0.19302E+04   0.64108E+03   0.13997E+01   0.21256E+22
   0.19311E+04   0.64144E+03   0.14002E+01   0.21263E+22
   0.19320E+04   0.64180E+03   0.14007E+01   0.21270E+22
   0.19329E+04   0.64216E+03   0.14012E+01   0.21277E+22
   0.19338E+04   0.64251E+03   0.14017E+01   0.21283E+22
   0.19347E+04   0.64287E+03   0.14022E+01   0.21290E+22
   0.19357E+04   0.64323E+03   0.14027E+01   0.21297E+22
   0.19366E+04   0.64358E+03   0.14032E+01   0.21304E+22
   0.19375E+04   0.64394E+03   0.14037E+01   0.21311E+22
   0.19384E+04   0.64430E+03   0.14042E+01   0.21317E+22
   0.19393E+04   0.64466E+03   0.14047E+01   0.21324E+22
   0.19403E+04   0.64502E+03   0.14052E+01   0.21331E+22
   0.19412E+04   0.64537E+03   0.14057E+01   0.21338E+22
   0.19421E+04   0.64573E+03   0.14062E+01   0.21345E+22
   0.19430E+04   0.64609E+03   0.14067E+01   0.21351E+22
   0.19439E+04   0.64645E+03   0.14072E+01   0.21358E+22
   0.19449E+04   0.64680E+03   0.14077E+01   0.21365E+22
   0.19458E+04   0.64716E+03   0.14082E+01   0.21372E+22
   0.19467E+04   0.64752E+03   0.14087E+01   0.21379E+22
   0.19476E+04   0.64788E+03   0.14092E+01   0.21385E+22
   0.19486E+04   0.64824E+03   0.14097E+01   0.21392E+22
   0.19495E+04   0.64859E+03   0.14102E+01   0.21399E+22
   0.19504E+04   0.64895E+03   0.14107E+01   0.21406E+22
   0.19513E+04   0.64931E+03   0.14112E+01   0.21413E+22
   0.19522E+04   0.64967E+03   0.14117E+01   0.21419E+22
   0.19532E+04   0.65003E+03   0.14122E+01   0.21426E+22
   0.19541E+04   0.65039E+03   0.14127E+01   0.21433E+22
   0.19550E+04   0.65074E+03   0.14132E+01   0.21440E+22
   0.19559E+04   0.65110E+03   0.14137E+01   0.21447E+22
   0.19568E+04   0.65146E+03   0.14142E+01   0.21453E+22
   0.19578E+04   0.65182E+03   0.14147E+01   0.21460E+22
   0.19587E+04   0.65218E+03   0.14152E+01   0.21467E+22
   0.19596E+04   0.65254E+03   0.14157E+01   0.21474E+22
   0.19605E+04   0.65289E+03   0.14162E+01   0.21481E+22
   0.19615E+04   0.65325E+03   0.14167E+01   0.21487E+22
   0.19624E+04   0.65361E+03   0.14172E+01   0.21494E+22
   0.19633E+04   0.65397E+03   0.14177E+01   0.21501E+22
   0.19642E+04   0.65433E+03   0.14182E+01   0.21508E+22
   0.19652E+04   0.65469E+03   0.14187E+01   0.21515E+22
   0.19661E+04   0.65505E+03   0.14192E+01   0.21522E+22
   0.19670E+04   0.65541E+03   0.14197E+01   0.21528E+22
   0.19679E+04   0.65576E+03   0.14202E+01   0.21535E+22
   0.19688E+04   0.65612E+03   0.14207E+01   0.21542E+22
   0.19698E+04   0.65648E+03   0.14212E+01   0.21549E+22
   0.19707E+04   0.65684E+03   0.14217E+01   0.21556E+22
   0.19716E+04   0.65720E+03   0.14222E+01   0.21562E+22
   0.19725E+04   0.65756E+03   0.14227E+01   0.21569E+22
   0.19735E+04   0.65792E+03   0.14232E+01   0.21576E+22
   0.19744E+04   0.65828E+03   0.14237E+01   0.21583E+22
   0.19753E+04   0.65864E+03   0.14242E+01   0.21590E+22
   0.19762E+04   0.65900E+03   0.14247E+01   0.21596E+22
   0.19772E+04   0.65936E+03   0.14252E+01   0.21603E+22
   0.19781E+04   0.65972E+03   0.14257E+01   0.21610E+22
   0.19790E+04   0.66007E+03   0.14262E+01   0.21617E+22
   0.19799E+04   0.66043E+03   0.14267E+01   0.21624E+22
   0.19809E+04   0.66079E+03   0.14272E+01   0.21630E+22
   0.19818E+04   0.66115E+03   0.14277E+01   0.21637E+22
   0.19827E+04   0.66151E+03   0.14282E+01   0.21644E+22
   0.19836E+04   0.66187E+03   0.14287E+01   0.21651E+22
   0.19846E+04   0.66223E+03   0.14292E+01   0.21658E+22
   0.19855E+04   0.66259E+03   0.14297E+01   0.21664E+22
   0.19864E+04   0.66295E+03   0.14302E+01   0.21671E+22
   0.19873E+04   0.66331E+03   0.14307E+01   0.21678E+22
   0.19883E+04   0.66367E+03   0.14312E+01   0.21685E+22
   0.19892E+04   0.66403E+03   0.14317E+01   0.21692E+22
   0.19901E+04   0.66439E+03   0.14322E+01   0.21699E+22
   0.19911E+04   0.66475E+03   0.14327E+01   0.21705E+22
   0.19920E+04   0.66511E+03   0.14332E+01   0.21712E+22
   0.19929E+04   0.66547E+03   0.14337E+01   0.21719E+22
   0.19938E+04   0.66583E+03   0.14342E+01   0.21726E+22
   0.19948E+04   0.66619E+03   0.14347E+01   0.21733E+22
   0.19957E+04   0.66655E+03   0.14352E+01   0.21739E+22
   0.19966E+04   0.66691E+03   0.14357E+01   0.21746E+22
   0.19975E+04   0.66727E+03   0.14362E+01   0.21753E+22
   0.19985E+04   0.66763E+03   0.14367E+01   0.21760E+22
   0.19994E+04   0.66799E+03   0.14372E+01   0.21767E+22
   0.20003E+04   0.66835E+03   0.14377E+01   0.21773E+22
   0.20013E+04   0.66871E+03   0.14382E+01   0.21780E+22
   0.20022E+04   0.66907E+03   0.14387E+01   0.21787E+22
   0.20031E+04   0.66943E+03   0.14392E+01   0.21794E+22
   0.20040E+04   0.66979E+03   0.14397E+01   0.21801E+22
   0.20050E+04   0.67015E+03   0.14402E+01   0.21808E+22
   0.20059E+04   0.67052E+03   0.14407E+01   0.21814E+22
   0.20068E+04   0.67088E+03   0.14412E+01   0.21821E+22
   0.20078E+04   0.67124E+03   0.14417E+01   0.21828E+22
   0.20087E+04   0.67160E+03   0.14422E+01   0.21835E+22
   0.20096E+04   0.67196E+03   0.14427E+01   0.21842E+22
   0.20105E+04   0.67232E+03   0.14432E+01   0.21848E+22
   0.20115E+04   0.67268E+03   0.14437E+01   0.21855E+22
   0.20124E+04   0.67304E+03   0.14442E+01   0.21862E+22
   0.20133E+04   0.67340E+03   0.14447E+01   0.21869E+22
   0.20143E+04   0.67376E+03   0.14452E+01   0.21876E+22
   0.20152E+04   0.67412E+03   0.14457E+01   0.21882E+22
   0.20161E+04   0.67448E+03   0.14462E+01   0.21889E+22
   0.20171E+04   0.67485E+03   0.14467E+01   0.21896E+22
   0.20180E+04   0.67521E+03   0.14472E+01   0.21903E+22
   0.20189E+04   0.67557E+03   0.14477E+01   0.21910E+22
   0.20198E+04   0.67593E+03   0.14482E+01   0.21917E+22
   0.20208E+04   0.67629E+03   0.14487E+01   0.21923E+22
   0.20217E+04   0.67665E+03   0.14492E+01   0.21930E+22
   0.20226E+04   0.67701E+03   0.14497E+01   0.21937E+22
   0.20236E+04   0.67737E+03   0.14502E+01   0.21944E+22
   0.20245E+04   0.67774E+03   0.14507E+01   0.21951E+22
   0.20254E+04   0.67810E+03   0.14512E+01   0.21957E+22
   0.20264E+04   0.67846E+03   0.14517E+01   0.21964E+22
   0.20273E+04   0.67882E+03   0.14522E+01   0.21971E+22
   0.20282E+04   0.67918E+03   0.14527E+01   0.21978E+22
   0.20292E+04   0.67954E+03   0.14532E+01   0.21985E+22
   0.20301E+04   0.67991E+03   0.14537E+01   0.21992E+22
   0.20310E+04   0.68027E+03   0.14542E+01   0.21998E+22
   0.20320E+04   0.68063E+03   0.14547E+01   0.22005E+22
   0.20329E+04   0.68099E+03   0.14552E+01   0.22012E+22
   0.20338E+04   0.68135E+03   0.14557E+01   0.22019E+22
   0.20348E+04   0.68171E+03   0.14562E+01   0.22026E+22
   0.20357E+04   0.68208E+03   0.14567E+01   0.22033E+22
   0.20366E+04   0.68244E+03   0.14572E+01   0.22039E+22
   0.20376E+04   0.68280E+03   0.14577E+01   0.22046E+22
   0.20385E+04   0.68316E+03   0.14582E+01   0.22053E+22
   0.20394E+04   0.68352E+03   0.14587E+01   0.22060E+22
   0.20404E+04   0.68389E+03   0.14592E+01   0.22067E+22
   0.20413E+04   0.68425E+03   0.14597E+01   0.22073E+22
   0.20422E+04   0.68461E+03   0.14602E+01   0.22080E+22
   0.20432E+04   0.68497E+03   0.14607E+01   0.22087E+22
   0.20441E+04   0.68534E+03   0.14612E+01   0.22094E+22
   0.20450E+04   0.68570E+03   0.14617E+01   0.22101E+22
   0.20460E+04   0.68606E+03   0.14622E+01   0.22108E+22
   0.20469E+04   0.68642E+03   0.14627E+01   0.22114E+22
   0.20478E+04   0.68679E+03   0.14632E+01   0.22121E+22
   0.20488E+04   0.68715E+03   0.14637E+01   0.22128E+22
   0.20497E+04   0.68751E+03   0.14642E+01   0.22135E+22
   0.20506E+04   0.68787E+03   0.14647E+01   0.22142E+22
   0.20516E+04   0.68824E+03   0.14652E+01   0.22149E+22
   0.20525E+04   0.68860E+03   0.14657E+01   0.22155E+22
   0.20534E+04   0.68896E+03   0.14662E+01   0.22162E+22
   0.20544E+04   0.68932E+03   0.14667E+01   0.22169E+22
   0.20553E+04   0.68969E+03   0.14672E+01   0.22176E+22
   0.20562E+04   0.69005E+03   0.14677E+01   0.22183E+22
   0.20572E+04   0.69041E+03   0.14682E+01   0.22189E+22
   0.20581E+04   0.69077E+03   0.14687E+01   0.22196E+22
   0.20590E+04   0.69114E+03   0.14692E+01   0.22203E+22
   0.20600E+04   0.69150E+03   0.14697E+01   0.22210E+22
   0.20609E+04   0.69186E+03   0.14702E+01   0.22217E+22
   0.20619E+04   0.69223E+03   0.14707E+01   0.22224E+22
   0.20628E+04   0.69259E+03   0.14712E+01   0.22230E+22
   0.20637E+04   0.69295E+03   0.14717E+01   0.22237E+22
   0.20647E+04   0.69332E+03   0.14722E+01   0.22244E+22
   0.20656E+04   0.69368E+03   0.14727E+01   0.22251E+22
   0.20665E+04   0.69404E+03   0.14732E+01   0.22258E+22
   0.20675E+04   0.69441E+03   0.14737E+01   0.22265E+22
   0.20684E+04   0.69477E+03   0.14742E+01   0.22271E+22
   0.20693E+04   0.69513E+03   0.14747E+01   0.22278E+22
   0.20703E+04   0.69550E+03   0.14752E+01   0.22285E+22
   0.20712E+04   0.69586E+03   0.14757E+01   0.22292E+22
   0.20722E+04   0.69622E+03   0.14762E+01   0.22299E+22
   0.20731E+04   0.69659E+03   0.14767E+01   0.22306E+22
   0.20740E+04   0.69695E+03   0.14772E+01   0.22312E+22
   0.20750E+04   0.69731E+03   0.14777E+01   0.22319E+22
   0.20759E+04   0.69768E+03   0.14782E+01   0.22326E+22
   0.20769E+04   0.69804E+03   0.14787E+01   0.22333E+22
   0.20778E+04   0.69841E+03   0.14792E+01   0.22340E+22
   0.20787E+04   0.69877E+03   0.14797E+01   0.22347E+22
   0.20797E+04   0.69913E+03   0.14802E+01   0.22353E+22
   0.20806E+04   0.69950E+03   0.14807E+01   0.22360E+22
   0.20815E+04   0.69986E+03   0.14812E+01   0.22367E+22
   0.20825E+04   0.70022E+03   0.14817E+01   0.22374E+22
   0.20834E+04   0.70059E+03   0.14822E+01   0.22381E+22
   0.20844E+04   0.70095E+03   0.14827E+01   0.22388E+22
   0.20853E+04   0.70132E+03   0.14832E+01   0.22394E+22
   0.20862E+04   0.70168E+03   0.14837E+01   0.22401E+22
   0.20872E+04   0.70204E+03   0.14842E+01   0.22408E+22
   0.20881E+04   0.70241E+03   0.14847E+01   0.22415E+22
   0.20891E+04   0.70277E+03   0.14852E+01   0.22422E+22
   0.20900E+04   0.70314E+03   0.14857E+01   0.22429E+22
   0.20909E+04   0.70350E+03   0.14862E+01   0.22435E+22
   0.20919E+04   0.70387E+03   0.14867E+01   0.22442E+22
   0.20928E+04   0.70423E+03   0.14872E+01   0.22449E+22
   0.20938E+04   0.70460E+03   0.14877E+01   0.22456E+22
   0.20947E+04   0.70496E+03   0.14882E+01   0.22463E+22
   0.20956E+04   0.70532E+03   0.14887E+01   0.22470E+22
   0.20966E+04   0.70569E+03   0.14892E+01   0.22476E+22
   0.20975E+04   0.70605E+03   0.14897E+01   0.22483E+22
   0.20985E+04   0.70642E+03   0.14902E+01   0.22490E+22
   0.20994E+04   0.70678E+03   0.14907E+01   0.22497E+22
   0.21003E+04   0.70715E+03   0.14912E+01   0.22504E+22
   0.21013E+04   0.70751E+03   0.14917E+01   0.22511E+22
   0.21022E+04   0.70788E+03   0.14922E+01   0.22517E+22
   0.21032E+04   0.70824E+03   0.14927E+01   0.22524E+22
   0.21041E+04   0.70861E+03   0.14932E+01   0.22531E+22
   0.21051E+04   0.70897E+03   0.14937E+01   0.22538E+22
   0.21060E+04   0.70934E+03   0.14942E+01   0.22545E+22
   0.21069E+04   0.70970E+03   0.14947E+01   0.22552E+22
   0.21079E+04   0.71007E+03   0.14952E+01   0.22558E+22
   0.21088E+04   0.71043E+03   0.14957E+01   0.22565E+22
   0.21098E+04   0.71080E+03   0.14962E+01   0.22572E+22
   0.21107E+04   0.71116E+03   0.14967E+01   0.22579E+22
   0.21117E+04   0.71153E+03   0.14972E+01   0.22586E+22
   0.21126E+04   0.71189E+03   0.14977E+01   0.22593E+22
   0.21135E+04   0.71226E+03   0.14982E+01   0.22599E+22
   0.21145E+04   0.71262E+03   0.14987E+01   0.22606E+22
   0.21154E+04   0.71299E+03   0.14992E+01   0.22613E+22
   0.21164E+04   0.71335E+03   0.14997E+01   0.22620E+22
   0.21173E+04   0.71372E+03   0.15002E+01   0.22627E+22
   0.21183E+04   0.71408E+03   0.15007E+01   0.22634E+22
   0.21192E+04   0.71445E+03   0.15012E+01   0.22640E+22
   0.21201E+04   0.71482E+03   0.15017E+01   0.22647E+22
   0.21211E+04   0.71518E+03   0.15022E+01   0.22654E+22
   0.21220E+04   0.71555E+03   0.15027E+01   0.22661E+22
   0.21230E+04   0.71591E+03   0.15032E+01   0.22668E+22
   0.21239E+04   0.71628E+03   0.15037E+01   0.22675E+22
   0.21249E+04   0.71664E+03   0.15042E+01   0.22682E+22
   0.21258E+04   0.71701E+03   0.15047E+01   0.22688E+22
   0.21268E+04   0.71738E+03   0.15052E+01   0.22695E+22
   0.21277E+04   0.71774E+03   0.15057E+01   0.22702E+22
   0.21286E+04   0.71811E+03   0.15062E+01   0.22709E+22
   0.21296E+04   0.71847E+03   0.15067E+01   0.22716E+22
   0.21305E+04   0.71884E+03   0.15072E+01   0.22723E+22
   0.21315E+04   0.71921E+03   0.15077E+01   0.22729E+22
   0.21324E+04   0.71957E+03   0.15082E+01   0.22736E+22
   0.21334E+04   0.71994E+03   0.15087E+01   0.22743E+22
   0.21343E+04   0.72030E+03   0.15092E+01   0.22750E+22
   0.21353E+04   0.72067E+03   0.15097E+01   0.22757E+22
   0.21362E+04   0.72104E+03   0.15102E+01   0.22764E+22
   0.21372E+04   0.72140E+03   0.15107E+01   0.22770E+22
   0.21381E+04   0.72177E+03   0.15112E+01   0.22777E+22
   0.21390E+04   0.72213E+03   0.15117E+01   0.22784E+22
   0.21400E+04   0.72250E+03   0.15122E+01   0.22791E+22
   0.21409E+04   0.72287E+03   0.15127E+01   0.22798E+22
   0.21419E+04   0.72323E+03   0.15132E+01   0.22805E+22
   0.21428E+04   0.72360E+03   0.15137E+01   0.22812E+22
   0.21438E+04   0.72397E+03   0.15142E+01   0.22818E+22
   0.21447E+04   0.72433E+03   0.15147E+01   0.22825E+22
   0.21457E+04   0.72470E+03   0.15152E+01   0.22832E+22
   0.21466E+04   0.72507E+03   0.15157E+01   0.22839E+22
   0.21476E+04   0.72543E+03   0.15162E+01   0.22846E+22
   0.21485E+04   0.72580E+03   0.15167E+01   0.22853E+22
   0.21495E+04   0.72617E+03   0.15172E+01   0.22859E+22
   0.21504E+04   0.72653E+03   0.15177E+01   0.22866E+22
   0.21514E+04   0.72690E+03   0.15182E+01   0.22873E+22
   0.21523E+04   0.72727E+03   0.15187E+01   0.22880E+22
   0.21533E+04   0.72763E+03   0.15192E+01   0.22887E+22
   0.21542E+04   0.72800E+03   0.15197E+01   0.22894E+22
   0.21552E+04   0.72837E+03   0.15202E+01   0.22901E+22
   0.21561E+04   0.72874E+03   0.15207E+01   0.22907E+22
   0.21570E+04   0.72910E+03   0.15212E+01   0.22914E+22
   0.21580E+04   0.72947E+03   0.15217E+01   0.22921E+22
   0.21589E+04   0.72984E+03   0.15222E+01   0.22928E+22
   0.21599E+04   0.73020E+03   0.15227E+01   0.22935E+22
   0.21608E+04   0.73057E+03   0.15232E+01   0.22942E+22
   0.21618E+04   0.73094E+03   0.15237E+01   0.22948E+22
   0.21627E+04   0.73131E+03   0.15242E+01   0.22955E+22
   0.21637E+04   0.73167E+03   0.15247E+01   0.22962E+22
   0.21646E+04   0.73204E+03   0.15252E+01   0.22969E+22
   0.21656E+04   0.73241E+03   0.15257E+01   0.22976E+22
   0.21665E+04   0.73278E+03   0.15262E+01   0.22983E+22
   0.21675E+04   0.73314E+03   0.15267E+01   0.22990E+22
   0.21684E+04   0.73351E+03   0.15272E+01   0.22996E+22
   0.21694E+04   0.73388E+03   0.15277E+01   0.23003E+22
   0.21703E+04   0.73425E+03   0.15282E+01   0.23010E+22
   0.21713E+04   0.73461E+03   0.15287E+01   0.23017E+22
   0.21722E+04   0.73498E+03   0.15292E+01   0.23024E+22
   0.21732E+04   0.73535E+03   0.15297E+01   0.23031E+22
   0.21741E+04   0.73572E+03   0.15302E+01   0.23037E+22
   0.21751E+04   0.73609E+03   0.15307E+01   0.23044E+22
   0.21760E+04   0.73645E+03   0.15312E+01   0.23051E+22
   0.21770E+04   0.73682E+03   0.15317E+01   0.23058E+22
   0.21779E+04   0.73719E+03   0.15322E+01   0.23065E+22
   0.21789E+04   0.73756E+03   0.15327E+01   0.23072E+22
   0.21799E+04   0.73792E+03   0.15332E+01   0.23079E+22
   0.21808E+04   0.73829E+03   0.15337E+01   0.23085E+22
   0.21818E+04   0.73866E+03   0.15342E+01   0.23092E+22
   0.21827E+04   0.73903E+03   0.15347E+01   0.23099E+22
   0.21837E+04   0.73940E+03   0.15352E+01   0.23106E+22
   0.21846E+04   0.73977E+03   0.15357E+01   0.23113E+22
   0.21856E+04   0.74013E+03   0.15362E+01   0.23120E+22
   0.21865E+04   0.74050E+03   0.15367E+01   0.23127E+22
   0.21875E+04   0.74087E+03   0.15372E+01   0.23133E+22
   0.21884E+04   0.74124E+03   0.15377E+01   0.23140E+22
   0.21894E+04   0.74161E+03   0.15382E+01   0.23147E+22
   0.21903E+04   0.74198E+03   0.15387E+01   0.23154E+22
   0.21913E+04   0.74234E+03   0.15392E+01   0.23161E+22
   0.21922E+04   0.74271E+03   0.15397E+01   0.23168E+22
   0.21932E+04   0.74308E+03   0.15402E+01   0.23175E+22
   0.21941E+04   0.74345E+03   0.15407E+01   0.23181E+22
   0.21951E+04   0.74382E+03   0.15412E+01   0.23188E+22
   0.21960E+04   0.74419E+03   0.15417E+01   0.23195E+22
   0.21970E+04   0.74456E+03   0.15422E+01   0.23202E+22
   0.21980E+04   0.74492E+03   0.15427E+01   0.23209E+22
   0.21989E+04   0.74529E+03   0.15432E+01   0.23216E+22
   0.21999E+04   0.74566E+03   0.15437E+01   0.23223E+22
   0.22008E+04   0.74603E+03   0.15442E+01   0.23229E+22
   0.22018E+04   0.74640E+03   0.15447E+01   0.23236E+22
   0.22027E+04   0.74677E+03   0.15452E+01   0.23243E+22
   0.22037E+04   0.74714E+03   0.15457E+01   0.23250E+22
   0.22046E+04   0.74751E+03   0.15462E+01   0.23257E+22
   0.22056E+04   0.74788E+03   0.15467E+01   0.23264E+22
   0.22065E+04   0.74825E+03   0.15472E+01   0.23271E+22
   0.22075E+04   0.74861E+03   0.15477E+01   0.23277E+22
   0.22085E+04   0.74898E+03   0.15482E+01   0.23284E+22
   0.22094E+04   0.74935E+03   0.15487E+01   0.23291E+22
   0.22104E+04   0.74972E+03   0.15492E+01   0.23298E+22
   0.22113E+04   0.75009E+03   0.15497E+01   0.23305E+22
   0.22123E+04   0.75046E+03   0.15502E+01   0.23312E+22
   0.22132E+04   0.75083E+03   0.15507E+01   0.23319E+22
   0.22142E+04   0.75120E+03   0.15512E+01   0.23325E+22
   0.22151E+04   0.75157E+03   0.15517E+01   0.23332E+22
   0.22161E+04   0.75194E+03   0.15522E+01   0.23339E+22
   0.22171E+04   0.75231E+03   0.15527E+01   0.23346E+22
   0.22180E+04   0.75268E+03   0.15532E+01   0.23353E+22
   0.22190E+04   0.75305E+03   0.15537E+01   0.23360E+22
   0.22199E+04   0.75342E+03   0.15542E+01   0.23367E+22
   0.22209E+04   0.75379E+03   0.15547E+01   0.23373E+22
   0.22218E+04   0.75416E+03   0.15552E+01   0.23380E+22
   0.22228E+04   0.75453E+03   0.15557E+01   0.23387E+22
   0.22237E+04   0.75490E+03   0.15562E+01   0.23394E+22
   0.22247E+04   0.75527E+03   0.15567E+01   0.23401E+22
   0.22257E+04   0.75564E+03   0.15572E+01   0.23408E+22
   0.22266E+04   0.75601E+03   0.15577E+01   0.23415E+22
   0.22276E+04   0.75638E+03   0.15582E+01   0.23421E+22
   0.22285E+04   0.75675E+03   0.15587E+01   0.23428E+22
   0.22295E+04   0.75712E+03   0.15592E+01   0.23435E+22
   0.22305E+04   0.75749E+03   0.15597E+01   0.23442E+22
   0.22314E+04   0.75786E+03   0.15602E+01   0.23449E+22
   0.22324E+04   0.75823E+03   0.15607E+01   0.23456E+22
   0.22333E+04   0.75860E+03   0.15612E+01   0.23463E+22
   0.22343E+04   0.75897E+03   0.15617E+01   0.23469E+22
   0.22352E+04   0.75934E+03   0.15622E+01   0.23476E+22
   0.22362E+04   0.75971E+03   0.15627E+01   0.23483E+22
   0.22372E+04   0.76008E+03   0.15632E+01   0.23490E+22
   0.22381E+04   0.76045E+03   0.15637E+01   0.23497E+22
   0.22391E+04   0.76082E+03   0.15642E+01   0.23504E+22
   0.22400E+04   0.76119E+03   0.15647E+01   0.23511E+22
   0.22410E+04   0.76156E+03   0.15652E+01   0.23517E+22
   0.22420E+04   0.76193E+03   0.15657E+01   0.23524E+22
   0.22429E+04   0.76230E+03   0.15662E+01   0.23531E+22
   0.22439E+04   0.76267E+03   0.15667E+01   0.23538E+22
   0.22448E+04   0.76304E+03   0.15672E+01   0.23545E+22
   0.22458E+04   0.76341E+03   0.15677E+01   0.23552E+22
   0.22468E+04   0.76378E+03   0.15682E+01   0.23559E+22
   0.22477E+04   0.76415E+03   0.15687E+01   0.23566E+22
   0.22487E+04   0.76453E+03   0.15692E+01   0.23572E+22
   0.22496E+04   0.76490E+03   0.15697E+01   0.23579E+22
   0.22506E+04   0.76527E+03   0.15702E+01   0.23586E+22
   0.22516E+04   0.76564E+03   0.15707E+01   0.23593E+22
   0.22525E+04   0.76601E+03   0.15712E+01   0.23600E+22
   0.22535E+04   0.76638E+03   0.15717E+01   0.23607E+22
   0.22544E+04   0.76675E+03   0.15722E+01   0.23614E+22
   0.22554E+04   0.76712E+03   0.15727E+01   0.23620E+22
   0.22564E+04   0.76749E+03   0.15732E+01   0.23627E+22
   0.22573E+04   0.76786E+03   0.15737E+01   0.23634E+22
   0.22583E+04   0.76824E+03   0.15742E+01   0.23641E+22
   0.22592E+04   0.76861E+03   0.15747E+01   0.23648E+22
   0.22602E+04   0.76898E+03   0.15752E+01   0.23655E+22
   0.22612E+04   0.76935E+03   0.15757E+01   0.23662E+22
   0.22621E+04   0.76972E+03   0.15762E+01   0.23668E+22
   0.22631E+04   0.77009E+03   0.15767E+01   0.23675E+22
   0.22640E+04   0.77046E+03   0.15772E+01   0.23682E+22
   0.22650E+04   0.77083E+03   0.15777E+01   0.23689E+22
   0.22660E+04   0.77121E+03   0.15782E+01   0.23696E+22
   0.22669E+04   0.77158E+03   0.15787E+01   0.23703E+22
   0.22679E+04   0.77195E+03   0.15792E+01   0.23710E+22
   0.22689E+04   0.77232E+03   0.15797E+01   0.23717E+22
   0.22698E+04   0.77269E+03   0.15802E+01   0.23723E+22
   0.22708E+04   0.77306E+03   0.15807E+01   0.23730E+22
   0.22717E+04   0.77344E+03   0.15812E+01   0.23737E+22
   0.22727E+04   0.77381E+03   0.15817E+01   0.23744E+22
   0.22737E+04   0.77418E+03   0.15822E+01   0.23751E+22
   0.22746E+04   0.77455E+03   0.15827E+01   0.23758E+22
   0.22756E+04   0.77492E+03   0.15832E+01   0.23765E+22
   0.22766E+04   0.77530E+03   0.15837E+01   0.23771E+22
   0.22775E+04   0.77567E+03   0.15842E+01   0.23778E+22
   0.22785E+04   0.77604E+03   0.15847E+01   0.23785E+22
   0.22795E+04   0.77641E+03   0.15852E+01   0.23792E+22
   0.22804E+04   0.77678E+03   0.15857E+01   0.23799E+22
   0.22814E+04   0.77716E+03   0.15862E+01   0.23806E+22
   0.22823E+04   0.77753E+03   0.15867E+01   0.23813E+22
   0.22833E+04   0.77790E+03   0.15872E+01   0.23820E+22
   0.22843E+04   0.77827E+03   0.15877E+01   0.23826E+22
   0.22852E+04   0.77864E+03   0.15882E+01   0.23833E+22
   0.22862E+04   0.77902E+03   0.15887E+01   0.23840E+22
   0.22872E+04   0.77939E+03   0.15892E+01   0.23847E+22
   0.22881E+04   0.77976E+03   0.15897E+01   0.23854E+22
   0.22891E+04   0.78013E+03   0.15902E+01   0.23861E+22
   0.22901E+04   0.78051E+03   0.15907E+01   0.23868E+22
   0.22910E+04   0.78088E+03   0.15912E+01   0.23875E+22
   0.22920E+04   0.78125E+03   0.15917E+01   0.23881E+22
   0.22930E+04   0.78162E+03   0.15922E+01   0.23888E+22
   0.22939E+04   0.78200E+03   0.15927E+01   0.23895E+22
   0.22949E+04   0.78237E+03   0.15932E+01   0.23902E+22
   0.22959E+04   0.78274E+03   0.15937E+01   0.23909E+22
   0.22968E+04   0.78311E+03   0.15942E+01   0.23916E+22
   0.22978E+04   0.78349E+03   0.15947E+01   0.23923E+22
   0.22988E+04   0.78386E+03   0.15952E+01   0.23930E+22
   0.22997E+04   0.78423E+03   0.15957E+01   0.23936E+22
   0.23007E+04   0.78461E+03   0.15962E+01   0.23943E+22
   0.23017E+04   0.78498E+03   0.15967E+01   0.23950E+22
   0.23026E+04   0.78535E+03   0.15972E+01   0.23957E+22
   0.23036E+04   0.78572E+03   0.15977E+01   0.23964E+22
   0.23046E+04   0.78610E+03   0.15982E+01   0.23971E+22
   0.23055E+04   0.78647E+03   0.15987E+01   0.23978E+22
   0.23065E+04   0.78684E+03   0.15992E+01   0.23985E+22
   0.23075E+04   0.78722E+03   0.15997E+01   0.23991E+22
   0.23084E+04   0.78759E+03   0.16002E+01   0.23998E+22
   0.23094E+04   0.78796E+03   0.16007E+01   0.24005E+22
   0.23104E+04   0.78834E+03   0.16012E+01   0.24012E+22
   0.23113E+04   0.78871E+03   0.16017E+01   0.24019E+22
   0.23123E+04   0.78908E+03   0.16022E+01   0.24026E+22
   0.23133E+04   0.78946E+03   0.16027E+01   0.24033E+22
   0.23142E+04   0.78983E+03   0.16032E+01   0.24039E+22
   0.23152E+04   0.79020E+03   0.16037E+01   0.24046E+22
   0.23162E+04   0.79058E+03   0.16042E+01   0.24053E+22
   0.23171E+04   0.79095E+03   0.16047E+01   0.24060E+22
   0.23181E+04   0.79132E+03   0.16052E+01   0.24067E+22
   0.23191E+04   0.79170E+03   0.16057E+01   0.24074E+22
   0.23200E+04   0.79207E+03   0.16062E+01   0.24081E+22
   0.23210E+04   0.79244E+03   0.16067E+01   0.24088E+22
   0.23220E+04   0.79282E+03   0.16072E+01   0.24095E+22
   0.23229E+04   0.79319E+03   0.16077E+01   0.24101E+22
   0.23239E+04   0.79357E+03   0.16082E+01   0.24108E+22
   0.23249E+04   0.79394E+03   0.16087E+01   0.24115E+22
   0.23259E+04   0.79431E+03   0.16092E+01   0.24122E+22
   0.23268E+04   0.79469E+03   0.16097E+01   0.24129E+22
   0.23278E+04   0.79506E+03   0.16102E+01   0.24136E+22
   0.23288E+04   0.79544E+03   0.16107E+01   0.24143E+22
   0.23297E+04   0.79581E+03   0.16112E+01   0.24150E+22
   0.23307E+04   0.79618E+03   0.16117E+01   0.24156E+22
   0.23317E+04   0.79656E+03   0.16122E+01   0.24163E+22
   0.23326E+04   0.79693E+03   0.16127E+01   0.24170E+22
   0.23336E+04   0.79731E+03   0.16132E+01   0.24177E+22
   0.23346E+04   0.79768E+03   0.16137E+01   0.24184E+22
   0.23356E+04   0.79805E+03   0.16142E+01   0.24191E+22
   0.23365E+04   0.79843E+03   0.16147E+01   0.24198E+22
   0.23375E+04   0.79880E+03   0.16152E+01   0.24205E+22
   0.23385E+04   0.79918E+03   0.16157E+01   0.24211E+22
   0.23394E+04   0.79955E+03   0.16162E+01   0.24218E+22
   0.23404E+04   0.79993E+03   0.16167E+01   0.24225E+22
   0.23414E+04   0.80030E+03   0.16172E+01   0.24232E+22
   0.23424E+04   0.80067E+03   0.16177E+01   0.24239E+22
   0.23433E+04   0.80105E+03   0.16182E+01   0.24246E+22
   0.23443E+04   0.80142E+03   0.16187E+01   0.24253E+22
   0.23453E+04   0.80180E+03   0.16192E+01   0.24260E+22
   0.23462E+04   0.80217E+03   0.16197E+01   0.24266E+22
   0.23472E+04   0.80255E+03   0.16202E+01   0.24273E+22
   0.23482E+04   0.80292E+03   0.16207E+01   0.24280E+22
   0.23492E+04   0.80330E+03   0.16212E+01   0.24287E+22
   0.23501E+04   0.80367E+03   0.16217E+01   0.24294E+22
   0.23511E+04   0.80405E+03   0.16222E+01   0.24301E+22
   0.23521E+04   0.80442E+03   0.16227E+01   0.24308E+22
   0.23530E+04   0.80480E+03   0.16232E+01   0.24315E+22
   0.23540E+04   0.80517E+03   0.16237E+01   0.24321E+22
   0.23550E+04   0.80555E+03   0.16242E+01   0.24328E+22
   0.23560E+04   0.80592E+03   0.16247E+01   0.24335E+22
   0.23569E+04   0.80630E+03   0.16252E+01   0.24342E+22
   0.23579E+04   0.80667E+03   0.16257E+01   0.24349E+22
   0.23589E+04   0.80705E+03   0.16262E+01   0.24356E+22
   0.23599E+04   0.80742E+03   0.16267E+01   0.24363E+22
   0.23608E+04   0.80780E+03   0.16272E+01   0.24370E+22
   0.23618E+04   0.80817E+03   0.16277E+01   0.24377E+22
   0.23628E+04   0.80855E+03   0.16282E+01   0.24383E+22
   0.23638E+04   0.80892E+03   0.16287E+01   0.24390E+22
   0.23647E+04   0.80930E+03   0.16292E+01   0.24397E+22
   0.23657E+04   0.80967E+03   0.16297E+01   0.24404E+22
   0.23667E+04   0.81005E+03   0.16302E+01   0.24411E+22
   0.23677E+04   0.81042E+03   0.16307E+01   0.24418E+22
   0.23686E+04   0.81080E+03   0.16312E+01   0.24425E+22
   0.23696E+04   0.81118E+03   0.16317E+01   0.24432E+22
   0.23706E+04   0.81155E+03   0.16322E+01   0.24439E+22
   0.23716E+04   0.81193E+03   0.16327E+01   0.24445E+22
   0.23725E+04   0.81230E+03   0.16332E+01   0.24452E+22
   0.23735E+04   0.81268E+03   0.16337E+01   0.24459E+22
   0.23745E+04   0.81305E+03   0.16342E+01   0.24466E+22
   0.23755E+04   0.81343E+03   0.16347E+01   0.24473E+22
   0.23764E+04   0.81380E+03   0.16352E+01   0.24480E+22
   0.23774E+04   0.81418E+03   0.16357E+01   0.24487E+22
   0.23784E+04   0.81456E+03   0.16362E+01   0.24494E+22
   0.23794E+04   0.81493E+03   0.16367E+01   0.24500E+22
   0.23803E+04   0.81531E+03   0.16372E+01   0.24507E+22
   0.23813E+04   0.81568E+03   0.16377E+01   0.24514E+22
   0.23823E+04   0.81606E+03   0.16382E+01   0.24521E+22
   0.23833E+04   0.81644E+03   0.16387E+01   0.24528E+22
   0.23842E+04   0.81681E+03   0.16392E+01   0.24535E+22
   0.23852E+04   0.81719E+03   0.16397E+01   0.24542E+22
   0.23862E+04   0.81756E+03   0.16402E+01   0.24549E+22
   0.23872E+04   0.81794E+03   0.16407E+01   0.24556E+22
   0.23881E+04   0.81832E+03   0.16412E+01   0.24562E+22
   0.23891E+04   0.81869E+03   0.16417E+01   0.24569E+22
   0.23901E+04   0.81907E+03   0.16422E+01   0.24576E+22
   0.23911E+04   0.81945E+03   0.16427E+01   0.24583E+22
   0.23920E+04   0.81982E+03   0.16432E+01   0.24590E+22
   0.23930E+04   0.82020E+03   0.16437E+01   0.24597E+22
   0.23940E+04   0.82058E+03   0.16442E+01   0.24604E+22
   0.23950E+04   0.82095E+03   0.16447E+01   0.24611E+22
   0.23960E+04   0.82133E+03   0.16452E+01   0.24618E+22
   0.23969E+04   0.82170E+03   0.16457E+01   0.24624E+22
   0.23979E+04   0.82208E+03   0.16462E+01   0.24631E+22
   0.23989E+04   0.82246E+03   0.16467E+01   0.24638E+22
   0.23999E+04   0.82283E+03   0.16472E+01   0.24645E+22
   0.24009E+04   0.82321E+03   0.16477E+01   0.24652E+22
   0.24018E+04   0.82359E+03   0.16482E+01   0.24659E+22
   0.24028E+04   0.82396E+03   0.16487E+01   0.24666E+22
   0.24038E+04   0.82434E+03   0.16492E+01   0.24673E+22
   0.24048E+04   0.82472E+03   0.16497E+01   0.24680E+22
   0.24057E+04   0.82510E+03   0.16502E+01   0.24686E+22
   0.24067E+04   0.82547E+03   0.16507E+01   0.24693E+22
   0.24077E+04   0.82585E+03   0.16512E+01   0.24700E+22
   0.24087E+04   0.82623E+03   0.16517E+01   0.24707E+22
   0.24097E+04   0.82660E+03   0.16522E+01   0.24714E+22
   0.24106E+04   0.82698E+03   0.16527E+01   0.24721E+22
   0.24116E+04   0.82736E+03   0.16532E+01   0.24728E+22
   0.24126E+04   0.82773E+03   0.16537E+01   0.24735E+22
   0.24136E+04   0.82811E+03   0.16542E+01   0.24742E+22
   0.24146E+04   0.82849E+03   0.16547E+01   0.24748E+22
   0.24155E+04   0.82887E+03   0.16552E+01   0.24755E+22
   0.24165E+04   0.82924E+03   0.16557E+01   0.24762E+22
   0.24175E+04   0.82962E+03   0.16562E+01   0.24769E+22
   0.24185E+04   0.83000E+03   0.16567E+01   0.24776E+22
   0.24195E+04   0.83038E+03   0.16572E+01   0.24783E+22
   0.24204E+04   0.83075E+03   0.16577E+01   0.24790E+22
   0.24214E+04   0.83113E+03   0.16582E+01   0.24797E+22
   0.24224E+04   0.83151E+03   0.16587E+01   0.24804E+22
   0.24234E+04   0.83189E+03   0.16592E+01   0.24810E+22
   0.24244E+04   0.83226E+03   0.16597E+01   0.24817E+22
   0.24253E+04   0.83264E+03   0.16602E+01   0.24824E+22
   0.24263E+04   0.83302E+03   0.16607E+01   0.24831E+22
   0.24273E+04   0.83340E+03   0.16612E+01   0.24838E+22
   0.24283E+04   0.83377E+03   0.16617E+01   0.24845E+22
   0.24293E+04   0.83415E+03   0.16622E+01   0.24852E+22
   0.24303E+04   0.83453E+03   0.16627E+01   0.24859E+22
   0.24312E+04   0.83491E+03   0.16632E+01   0.24866E+22
   0.24322E+04   0.83528E+03   0.16637E+01   0.24872E+22
   0.24332E+04   0.83566E+03   0.16642E+01   0.24879E+22
   0.24342E+04   0.83604E+03   0.16647E+01   0.24886E+22
   0.24352E+04   0.83642E+03   0.16652E+01   0.24893E+22
   0.24361E+04   0.83680E+03   0.16657E+01   0.24900E+22
   0.24371E+04   0.83717E+03   0.16662E+01   0.24907E+22
   0.24381E+04   0.83755E+03   0.16667E+01   0.24914E+22
   0.24391E+04   0.83793E+03   0.16672E+01   0.24921E+22
   0.24401E+04   0.83831E+03   0.16677E+01   0.24928E+22
   0.24411E+04   0.83869E+03   0.16682E+01   0.24934E+22
   0.24420E+04   0.83907E+03   0.16687E+01   0.24941E+22
   0.24430E+04   0.83944E+03   0.16692E+01   0.24948E+22
   0.24440E+04   0.83982E+03   0.16697E+01   0.24955E+22
   0.24450E+04   0.84020E+03   0.16702E+01   0.24962E+22
   0.24460E+04   0.84058E+03   0.16707E+01   0.24969E+22
   0.24470E+04   0.84096E+03   0.16712E+01   0.24976E+22
   0.24479E+04   0.84134E+03   0.16717E+01   0.24983E+22
   0.24489E+04   0.84171E+03   0.16722E+01   0.24990E+22
   0.24499E+04   0.84209E+03   0.16727E+01   0.24997E+22
   0.24509E+04   0.84247E+03   0.16732E+01   0.25003E+22
   0.24519E+04   0.84285E+03   0.16737E+01   0.25010E+22
   0.24529E+04   0.84323E+03   0.16742E+01   0.25017E+22
   0.24538E+04   0.84361E+03   0.16747E+01   0.25024E+22
   0.24548E+04   0.84399E+03   0.16752E+01   0.25031E+22
   0.24558E+04   0.84436E+03   0.16757E+01   0.25038E+22
   0.24568E+04   0.84474E+03   0.16762E+01   0.25045E+22
   0.24578E+04   0.84512E+03   0.16767E+01   0.25052E+22
   0.24588E+04   0.84550E+03   0.16772E+01   0.25059E+22
   0.24598E+04   0.84588E+03   0.16777E+01   0.25065E+22
   0.24607E+04   0.84626E+03   0.16782E+01   0.25072E+22
   0.24617E+04   0.84664E+03   0.16787E+01   0.25079E+22
   0.24627E+04   0.84702E+03   0.16792E+01   0.25086E+22
   0.24637E+04   0.84740E+03   0.16797E+01   0.25093E+22
   0.24647E+04   0.84777E+03   0.16802E+01   0.25100E+22
   0.24657E+04   0.84815E+03   0.16807E+01   0.25107E+22
   0.24667E+04   0.84853E+03   0.16812E+01   0.25114E+22
   0.24676E+04   0.84891E+03   0.16817E+01   0.25121E+22
   0.24686E+04   0.84929E+03   0.16822E+01   0.25128E+22
   0.24696E+04   0.84967E+03   0.16827E+01   0.25134E+22
   0.24706E+04   0.85005E+03   0.16832E+01   0.25141E+22
   0.24716E+04   0.85043E+03   0.16837E+01   0.25148E+22
   0.24726E+04   0.85081E+03   0.16842E+01   0.25155E+22
   0.24736E+04   0.85119E+03   0.16847E+01   0.25162E+22
   0.24745E+04   0.85157E+03   0.16852E+01   0.25169E+22
   0.24755E+04   0.85195E+03   0.16857E+01   0.25176E+22
   0.24765E+04   0.85233E+03   0.16862E+01   0.25183E+22
   0.24775E+04   0.85271E+03   0.16867E+01   0.25190E+22
   0.24785E+04   0.85309E+03   0.16872E+01   0.25197E+22
   0.24795E+04   0.85347E+03   0.16877E+01   0.25203E+22
   0.24805E+04   0.85384E+03   0.16882E+01   0.25210E+22
   0.24815E+04   0.85422E+03   0.16887E+01   0.25217E+22
   0.24824E+04   0.85460E+03   0.16892E+01   0.25224E+22
   0.24834E+04   0.85498E+03   0.16897E+01   0.25231E+22
   0.24844E+04   0.85536E+03   0.16902E+01   0.25238E+22
   0.24854E+04   0.85574E+03   0.16907E+01   0.25245E+22
   0.24864E+04   0.85612E+03   0.16912E+01   0.25252E+22
   0.24874E+04   0.85650E+03   0.16917E+01   0.25259E+22
   0.24884E+04   0.85688E+03   0.16922E+01   0.25266E+22
   0.24894E+04   0.85726E+03   0.16927E+01   0.25272E+22
   0.24904E+04   0.85764E+03   0.16932E+01   0.25279E+22
   0.24913E+04   0.85802E+03   0.16937E+01   0.25286E+22
   0.24923E+04   0.85840E+03   0.16942E+01   0.25293E+22
   0.24933E+04   0.85878E+03   0.16947E+01   0.25300E+22
   0.24943E+04   0.85916E+03   0.16952E+01   0.25307E+22
   0.24953E+04   0.85954E+03   0.16957E+01   0.25314E+22
   0.24963E+04   0.85992E+03   0.16962E+01   0.25321E+22
   0.24973E+04   0.86030E+03   0.16967E+01   0.25328E+22
   0.24983E+04   0.86068E+03   0.16972E+01   0.25335E+22
   0.24993E+04   0.86106E+03   0.16977E+01   0.25341E+22
   0.25002E+04   0.86145E+03   0.16982E+01   0.25348E+22
   0.25012E+04   0.86183E+03   0.16987E+01   0.25355E+22
   0.25022E+04   0.86221E+03   0.16992E+01   0.25362E+22
   0.25032E+04   0.86259E+03   0.16997E+01   0.25369E+22
   0.25042E+04   0.86297E+03   0.17002E+01   0.25376E+22
   0.25052E+04   0.86335E+03   0.17007E+01   0.25383E+22
   0.25062E+04   0.86373E+03   0.17012E+01   0.25390E+22
   0.25072E+04   0.86411E+03   0.17017E+01   0.25397E+22
   0.25082E+04   0.86449E+03   0.17022E+01   0.25404E+22
   0.25092E+04   0.86487E+03   0.17027E+01   0.25410E+22
   0.25101E+04   0.86525E+03   0.17032E+01   0.25417E+22
   0.25111E+04   0.86563E+03   0.17037E+01   0.25424E+22
   0.25121E+04   0.86601E+03   0.17042E+01   0.25431E+22
   0.25131E+04   0.86639E+03   0.17047E+01   0.25438E+22
   0.25141E+04   0.86677E+03   0.17052E+01   0.25445E+22
   0.25151E+04   0.86716E+03   0.17057E+01   0.25452E+22
   0.25161E+04   0.86754E+03   0.17062E+01   0.25459E+22
   0.25171E+04   0.86792E+03   0.17067E+01   0.25466E+22
   0.25181E+04   0.86830E+03   0.17072E+01   0.25473E+22
   0.25191E+04   0.86868E+03   0.17077E+01   0.25480E+22
   0.25201E+04   0.86906E+03   0.17082E+01   0.25486E+22
   0.25211E+04   0.86944E+03   0.17087E+01   0.25493E+22
   0.25220E+04   0.86982E+03   0.17092E+01   0.25500E+22
   0.25230E+04   0.87020E+03   0.17097E+01   0.25507E+22
   0.25240E+04   0.87058E+03   0.17102E+01   0.25514E+22
   0.25250E+04   0.87097E+03   0.17107E+01   0.25521E+22
   0.25260E+04   0.87135E+03   0.17112E+01   0.25528E+22
   0.25270E+04   0.87173E+03   0.17117E+01   0.25535E+22
   0.25280E+04   0.87211E+03   0.17122E+01   0.25542E+22
   0.25290E+04   0.87249E+03   0.17127E+01   0.25549E+22
   0.25300E+04   0.87287E+03   0.17132E+01   0.25555E+22
   0.25310E+04   0.87325E+03   0.17137E+01   0.25562E+22
   0.25320E+04   0.87364E+03   0.17142E+01   0.25569E+22
   0.25330E+04   0.87402E+03   0.17147E+01   0.25576E+22
   0.25340E+04   0.87440E+03   0.17152E+01   0.25583E+22
   0.25350E+04   0.87478E+03   0.17157E+01   0.25590E+22
   0.25359E+04   0.87516E+03   0.17162E+01   0.25597E+22
   0.25369E+04   0.87554E+03   0.17167E+01   0.25604E+22
   0.25379E+04   0.87593E+03   0.17172E+01   0.25611E+22
   0.25389E+04   0.87631E+03   0.17177E+01   0.25618E+22
   0.25399E+04   0.87669E+03   0.17182E+01   0.25625E+22
   0.25409E+04   0.87707E+03   0.17187E+01   0.25631E+22
   0.25419E+04   0.87745E+03   0.17192E+01   0.25638E+22
   0.25429E+04   0.87783E+03   0.17197E+01   0.25645E+22
   0.25439E+04   0.87822E+03   0.17202E+01   0.25652E+22
   0.25449E+04   0.87860E+03   0.17207E+01   0.25659E+22
   0.25459E+04   0.87898E+03   0.17212E+01   0.25666E+22
   0.25469E+04   0.87936E+03   0.17217E+01   0.25673E+22
   0.25479E+04   0.87974E+03   0.17222E+01   0.25680E+22
   0.25489E+04   0.88013E+03   0.17227E+01   0.25687E+22
   0.25499E+04   0.88051E+03   0.17232E+01   0.25694E+22
   0.25509E+04   0.88089E+03   0.17237E+01   0.25701E+22
   0.25519E+04   0.88127E+03   0.17242E+01   0.25707E+22
   0.25529E+04   0.88166E+03   0.17247E+01   0.25714E+22
   0.25539E+04   0.88204E+03   0.17252E+01   0.25721E+22
   0.25549E+04   0.88242E+03   0.17257E+01   0.25728E+22
   0.25558E+04   0.88280E+03   0.17262E+01   0.25735E+22
   0.25568E+04   0.88318E+03   0.17267E+01   0.25742E+22
   0.25578E+04   0.88357E+03   0.17272E+01   0.25749E+22
   0.25588E+04   0.88395E+03   0.17277E+01   0.25756E+22
   0.25598E+04   0.88433E+03   0.17282E+01   0.25763E+22
   0.25608E+04   0.88471E+03   0.17287E+01   0.25770E+22
   0.25618E+04   0.88510E+03   0.17292E+01   0.25776E+22
   0.25628E+04   0.88548E+03   0.17297E+01   0.25783E+22
   0.25638E+04   0.88586E+03   0.17302E+01   0.25790E+22
   0.25648E+04   0.88625E+03   0.17307E+01   0.25797E+22
   0.25658E+04   0.88663E+03   0.17312E+01   0.25804E+22
   0.25668E+04   0.88701E+03   0.17317E+01   0.25811E+22
   0.25678E+04   0.88739E+03   0.17322E+01   0.25818E+22
   0.25688E+04   0.88778E+03   0.17327E+01   0.25825E+22
   0.25698E+04   0.88816E+03   0.17332E+01   0.25832E+22
   0.25708E+04   0.88854E+03   0.17337E+01   0.25839E+22
   0.25718E+04   0.88892E+03   0.17342E+01   0.25846E+22
   0.25728E+04   0.88931E+03   0.17347E+01   0.25853E+22
   0.25738E+04   0.88969E+03   0.17352E+01   0.25859E+22
   0.25748E+04   0.89007E+03   0.17357E+01   0.25866E+22
   0.25758E+04   0.89046E+03   0.17362E+01   0.25873E+22
   0.25768E+04   0.89084E+03   0.17367E+01   0.25880E+22
   0.25778E+04   0.89122E+03   0.17372E+01   0.25887E+22
   0.25788E+04   0.89161E+03   0.17377E+01   0.25894E+22
   0.25798E+04   0.89199E+03   0.17382E+01   0.25901E+22
   0.25808E+04   0.89237E+03   0.17387E+01   0.25908E+22
   0.25818E+04   0.89276E+03   0.17392E+01   0.25915E+22
   0.25828E+04   0.89314E+03   0.17397E+01   0.25922E+22
   0.25838E+04   0.89352E+03   0.17402E+01   0.25929E+22
   0.25848E+04   0.89391E+03   0.17407E+01   0.25935E+22
   0.25858E+04   0.89429E+03   0.17412E+01   0.25942E+22
   0.25868E+04   0.89467E+03   0.17417E+01   0.25949E+22
   0.25878E+04   0.89506E+03   0.17422E+01   0.25956E+22
   0.25888E+04   0.89544E+03   0.17427E+01   0.25963E+22
   0.25898E+04   0.89582E+03   0.17432E+01   0.25970E+22
   0.25908E+04   0.89621E+03   0.17437E+01   0.25977E+22
   0.25918E+04   0.89659E+03   0.17442E+01   0.25984E+22
   0.25928E+04   0.89697E+03   0.17447E+01   0.25991E+22
   0.25938E+04   0.89736E+03   0.17452E+01   0.25998E+22
   0.25948E+04   0.89774E+03   0.17457E+01   0.26005E+22
   0.25958E+04   0.89813E+03   0.17462E+01   0.26011E+22
   0.25968E+04   0.89851E+03   0.17467E+01   0.26018E+22
   0.25978E+04   0.89889E+03   0.17472E+01   0.26025E+22
   0.25988E+04   0.89928E+03   0.17477E+01   0.26032E+22
   0.25998E+04   0.89966E+03   0.17482E+01   0.26039E+22
   0.26008E+04   0.90004E+03   0.17487E+01   0.26046E+22
   0.26018E+04   0.90043E+03   0.17492E+01   0.26053E+22
   0.26028E+04   0.90081E+03   0.17497E+01   0.26060E+22
   0.26038E+04   0.90120E+03   0.17502E+01   0.26067E+22
   0.26048E+04   0.90158E+03   0.17507E+01   0.26074E+22
   0.26058E+04   0.90197E+03   0.17512E+01   0.26081E+22
   0.26068E+04   0.90235E+03   0.17517E+01   0.26088E+22
   0.26078E+04   0.90273E+03   0.17522E+01   0.26094E+22
   0.26088E+04   0.90312E+03   0.17527E+01   0.26101E+22
   0.26098E+04   0.90350E+03   0.17532E+01   0.26108E+22
   0.26108E+04   0.90389E+03   0.17537E+01   0.26115E+22
   0.26118E+04   0.90427E+03   0.17542E+01   0.26122E+22
   0.26128E+04   0.90465E+03   0.17547E+01   0.26129E+22
   0.26138E+04   0.90504E+03   0.17552E+01   0.26136E+22
   0.26148E+04   0.90542E+03   0.17557E+01   0.26143E+22
   0.26158E+04   0.90581E+03   0.17562E+01   0.26150E+22
   0.26168E+04   0.90619E+03   0.17567E+01   0.26157E+22
   0.26178E+04   0.90658E+03   0.17572E+01   0.26164E+22
   0.26188E+04   0.90696E+03   0.17577E+01   0.26171E+22
   0.26198E+04   0.90735E+03   0.17582E+01   0.26177E+22
   0.26208E+04   0.90773E+03   0.17587E+01   0.26184E+22
   0.26218E+04   0.90812E+03   0.17592E+01   0.26191E+22
   0.26228E+04   0.90850E+03   0.17597E+01   0.26198E+22
   0.26238E+04   0.90889E+03   0.17602E+01   0.26205E+22
   0.26248E+04   0.90927E+03   0.17607E+01   0.26212E+22
   0.26258E+04   0.90965E+03   0.17612E+01   0.26219E+22
   0.26268E+04   0.91004E+03   0.17617E+01   0.26226E+22
   0.26278E+04   0.91042E+03   0.17622E+01   0.26233E+22
   0.26289E+04   0.91081E+03   0.17627E+01   0.26240E+22
   0.26299E+04   0.91119E+03   0.17632E+01   0.26247E+22
   0.26309E+04   0.91158E+03   0.17637E+01   0.26254E+22
   0.26319E+04   0.91196E+03   0.17642E+01   0.26260E+22
   0.26329E+04   0.91235E+03   0.17647E+01   0.26267E+22
   0.26339E+04   0.91273E+03   0.17652E+01   0.26274E+22
   0.26349E+04   0.91312E+03   0.17657E+01   0.26281E+22
   0.26359E+04   0.91350E+03   0.17662E+01   0.26288E+22
   0.26369E+04   0.91389E+03   0.17667E+01   0.26295E+22
   0.26379E+04   0.91428E+03   0.17672E+01   0.26302E+22
   0.26389E+04   0.91466E+03   0.17677E+01   0.26309E+22
   0.26399E+04   0.91505E+03   0.17682E+01   0.26316E+22
   0.26409E+04   0.91543E+03   0.17687E+01   0.26323E+22
   0.26419E+04   0.91582E+03   0.17692E+01   0.26330E+22
   0.26429E+04   0.91620E+03   0.17697E+01   0.26337E+22
   0.26439E+04   0.91659E+03   0.17702E+01   0.26343E+22
   0.26449E+04   0.91697E+03   0.17707E+01   0.26350E+22
   0.26459E+04   0.91736E+03   0.17712E+01   0.26357E+22
   0.26469E+04   0.91774E+03   0.17717E+01   0.26364E+22
   0.26479E+04   0.91813E+03   0.17722E+01   0.26371E+22
   0.26490E+04   0.91851E+03   0.17727E+01   0.26378E+22
   0.26500E+04   0.91890E+03   0.17732E+01   0.26385E+22
   0.26510E+04   0.91929E+03   0.17737E+01   0.26392E+22
   0.26520E+04   0.91967E+03   0.17742E+01   0.26399E+22
   0.26530E+04   0.92006E+03   0.17747E+01   0.26406E+22
   0.26540E+04   0.92044E+03   0.17752E+01   0.26413E+22
   0.26550E+04   0.92083E+03   0.17757E+01   0.26420E+22
   0.26560E+04   0.92121E+03   0.17762E+01   0.26426E+22
   0.26570E+04   0.92160E+03   0.17767E+01   0.26433E+22
   0.26580E+04   0.92199E+03   0.17772E+01   0.26440E+22
   0.26590E+04   0.92237E+03   0.17777E+01   0.26447E+22
   0.26600E+04   0.92276E+03   0.17782E+01   0.26454E+22
   0.26610E+04   0.92314E+03   0.17787E+01   0.26461E+22
   0.26620E+04   0.92353E+03   0.17792E+01   0.26468E+22
   0.26631E+04   0.92392E+03   0.17797E+01   0.26475E+22
   0.26641E+04   0.92430E+03   0.17802E+01   0.26482E+22
   0.26651E+04   0.92469E+03   0.17807E+01   0.26489E+22
   0.26661E+04   0.92508E+03   0.17812E+01   0.26496E+22
   0.26671E+04   0.92546E+03   0.17817E+01   0.26503E+22
   0.26681E+04   0.92585E+03   0.17822E+01   0.26510E+22
   0.26691E+04   0.92623E+03   0.17827E+01   0.26516E+22
   0.26701E+04   0.92662E+03   0.17832E+01   0.26523E+22
   0.26711E+04   0.92701E+03   0.17837E+01   0.26530E+22
   0.26721E+04   0.92739E+03   0.17842E+01   0.26537E+22
   0.26731E+04   0.92778E+03   0.17847E+01   0.26544E+22
   0.26741E+04   0.92817E+03   0.17852E+01   0.26551E+22
   0.26752E+04   0.92855E+03   0.17857E+01   0.26558E+22
   0.26762E+04   0.92894E+03   0.17862E+01   0.26565E+22
   0.26772E+04   0.92933E+03   0.17867E+01   0.26572E+22
   0.26782E+04   0.92971E+03   0.17872E+01   0.26579E+22
   0.26792E+04   0.93010E+03   0.17877E+01   0.26586E+22
   0.26802E+04   0.93049E+03   0.17882E+01   0.26593E+22
   0.26812E+04   0.93087E+03   0.17887E+01   0.26600E+22
   0.26822E+04   0.93126E+03   0.17892E+01   0.26606E+22
   0.26832E+04   0.93165E+03   0.17897E+01   0.26613E+22
   0.26842E+04   0.93203E+03   0.17902E+01   0.26620E+22
   0.26852E+04   0.93242E+03   0.17907E+01   0.26627E+22
   0.26863E+04   0.93281E+03   0.17912E+01   0.26634E+22
   0.26873E+04   0.93319E+03   0.17917E+01   0.26641E+22
   0.26883E+04   0.93358E+03   0.17922E+01   0.26648E+22
   0.26893E+04   0.93397E+03   0.17927E+01   0.26655E+22
   0.26903E+04   0.93435E+03   0.17932E+01   0.26662E+22
   0.26913E+04   0.93474E+03   0.17937E+01   0.26669E+22
   0.26923E+04   0.93513E+03   0.17942E+01   0.26676E+22
   0.26933E+04   0.93552E+03   0.17947E+01   0.26683E+22
   0.26943E+04   0.93590E+03   0.17952E+01   0.26690E+22
   0.26954E+04   0.93629E+03   0.17957E+01   0.26696E+22
   0.26964E+04   0.93668E+03   0.17962E+01   0.26703E+22
   0.26974E+04   0.93706E+03   0.17967E+01   0.26710E+22
   0.26984E+04   0.93745E+03   0.17972E+01   0.26717E+22
   0.26994E+04   0.93784E+03   0.17977E+01   0.26724E+22
   0.27004E+04   0.93823E+03   0.17982E+01   0.26731E+22
   0.27014E+04   0.93861E+03   0.17987E+01   0.26738E+22
   0.27024E+04   0.93900E+03   0.17992E+01   0.26745E+22
   0.27034E+04   0.93939E+03   0.17997E+01   0.26752E+22
   0.27045E+04   0.93978E+03   0.18002E+01   0.26759E+22
   0.27055E+04   0.94016E+03   0.18007E+01   0.26766E+22
   0.27065E+04   0.94055E+03   0.18012E+01   0.26773E+22
   0.27075E+04   0.94094E+03   0.18017E+01   0.26780E+22
   0.27085E+04   0.94133E+03   0.18022E+01   0.26786E+22
   0.27095E+04   0.94171E+03   0.18027E+01   0.26793E+22
   0.27105E+04   0.94210E+03   0.18032E+01   0.26800E+22
   0.27115E+04   0.94249E+03   0.18037E+01   0.26807E+22
   0.27126E+04   0.94288E+03   0.18042E+01   0.26814E+22
   0.27136E+04   0.94327E+03   0.18047E+01   0.26821E+22
   0.27146E+04   0.94365E+03   0.18052E+01   0.26828E+22
   0.27156E+04   0.94404E+03   0.18057E+01   0.26835E+22
   0.27166E+04   0.94443E+03   0.18062E+01   0.26842E+22
   0.27176E+04   0.94482E+03   0.18067E+01   0.26849E+22
   0.27186E+04   0.94520E+03   0.18072E+01   0.26856E+22
   0.27197E+04   0.94559E+03   0.18077E+01   0.26863E+22
   0.27207E+04   0.94598E+03   0.18082E+01   0.26870E+22
   0.27217E+04   0.94637E+03   0.18087E+01   0.26877E+22
   0.27227E+04   0.94676E+03   0.18092E+01   0.26883E+22
   0.27237E+04   0.94714E+03   0.18097E+01   0.26890E+22
   0.27247E+04   0.94753E+03   0.18102E+01   0.26897E+22
   0.27257E+04   0.94792E+03   0.18107E+01   0.26904E+22
   0.27268E+04   0.94831E+03   0.18112E+01   0.26911E+22
   0.27278E+04   0.94870E+03   0.18117E+01   0.26918E+22
   0.27288E+04   0.94909E+03   0.18122E+01   0.26925E+22
   0.27298E+04   0.94947E+03   0.18127E+01   0.26932E+22
   0.27308E+04   0.94986E+03   0.18132E+01   0.26939E+22
   0.27318E+04   0.95025E+03   0.18137E+01   0.26946E+22
   0.27328E+04   0.95064E+03   0.18142E+01   0.26953E+22
   0.27339E+04   0.95103E+03   0.18147E+01   0.26960E+22
   0.27349E+04   0.95142E+03   0.18152E+01   0.26967E+22
   0.27359E+04   0.95181E+03   0.18157E+01   0.26974E+22
   0.27369E+04   0.95219E+03   0.18162E+01   0.26980E+22
   0.27379E+04   0.95258E+03   0.18167E+01   0.26987E+22
   0.27389E+04   0.95297E+03   0.18172E+01   0.26994E+22
   0.27400E+04   0.95336E+03   0.18177E+01   0.27001E+22
   0.27410E+04   0.95375E+03   0.18182E+01   0.27008E+22
   0.27420E+04   0.95414E+03   0.18187E+01   0.27015E+22
   0.27430E+04   0.95453E+03   0.18192E+01   0.27022E+22
   0.27440E+04   0.95491E+03   0.18197E+01   0.27029E+22
   0.27450E+04   0.95530E+03   0.18202E+01   0.27036E+22
   0.27461E+04   0.95569E+03   0.18207E+01   0.27043E+22
   0.27471E+04   0.95608E+03   0.18212E+01   0.27050E+22
   0.27481E+04   0.95647E+03   0.18217E+01   0.27057E+22
   0.27491E+04   0.95686E+03   0.18222E+01   0.27064E+22
   0.27501E+04   0.95725E+03   0.18227E+01   0.27071E+22
   0.27511E+04   0.95764E+03   0.18232E+01   0.27077E+22
   0.27522E+04   0.95803E+03   0.18237E+01   0.27084E+22
   0.27532E+04   0.95842E+03   0.18242E+01   0.27091E+22
   0.27542E+04   0.95880E+03   0.18247E+01   0.27098E+22
   0.27552E+04   0.95919E+03   0.18252E+01   0.27105E+22
   0.27562E+04   0.95958E+03   0.18257E+01   0.27112E+22
   0.27572E+04   0.95997E+03   0.18262E+01   0.27119E+22
   0.27583E+04   0.96036E+03   0.18267E+01   0.27126E+22
   0.27593E+04   0.96075E+03   0.18272E+01   0.27133E+22
   0.27603E+04   0.96114E+03   0.18277E+01   0.27140E+22
   0.27613E+04   0.96153E+03   0.18282E+01   0.27147E+22
   0.27623E+04   0.96192E+03   0.18287E+01   0.27154E+22
   0.27633E+04   0.96231E+03   0.18292E+01   0.27161E+22
   0.27644E+04   0.96270E+03   0.18297E+01   0.27168E+22
   0.27654E+04   0.96309E+03   0.18302E+01   0.27174E+22
   0.27664E+04   0.96348E+03   0.18307E+01   0.27181E+22
   0.27674E+04   0.96387E+03   0.18312E+01   0.27188E+22
   0.27684E+04   0.96426E+03   0.18317E+01   0.27195E+22
   0.27695E+04   0.96465E+03   0.18322E+01   0.27202E+22
   0.27705E+04   0.96504E+03   0.18327E+01   0.27209E+22
   0.27715E+04   0.96543E+03   0.18332E+01   0.27216E+22
   0.27725E+04   0.96582E+03   0.18337E+01   0.27223E+22
   0.27735E+04   0.96621E+03   0.18342E+01   0.27230E+22
   0.27746E+04   0.96660E+03   0.18347E+01   0.27237E+22
   0.27756E+04   0.96699E+03   0.18352E+01   0.27244E+22
   0.27766E+04   0.96738E+03   0.18357E+01   0.27251E+22
   0.27776E+04   0.96776E+03   0.18362E+01   0.27258E+22
   0.27786E+04   0.96815E+03   0.18367E+01   0.27265E+22
   0.27797E+04   0.96854E+03   0.18372E+01   0.27272E+22
   0.27807E+04   0.96893E+03   0.18377E+01   0.27278E+22
   0.27817E+04   0.96933E+03   0.18382E+01   0.27285E+22
   0.27827E+04   0.96972E+03   0.18387E+01   0.27292E+22
   0.27837E+04   0.97011E+03   0.18392E+01   0.27299E+22
   0.27848E+04   0.97050E+03   0.18397E+01   0.27306E+22
   0.27858E+04   0.97089E+03   0.18402E+01   0.27313E+22
   0.27868E+04   0.97128E+03   0.18407E+01   0.27320E+22
   0.27878E+04   0.97167E+03   0.18412E+01   0.27327E+22
   0.27888E+04   0.97206E+03   0.18417E+01   0.27334E+22
   0.27899E+04   0.97245E+03   0.18422E+01   0.27341E+22
   0.27909E+04   0.97284E+03   0.18427E+01   0.27348E+22
   0.27919E+04   0.97323E+03   0.18432E+01   0.27355E+22
   0.27929E+04   0.97362E+03   0.18437E+01   0.27362E+22
   0.27939E+04   0.97401E+03   0.18442E+01   0.27369E+22
   0.27950E+04   0.97440E+03   0.18447E+01   0.27376E+22
   0.27960E+04   0.97479E+03   0.18452E+01   0.27382E+22
   0.27970E+04   0.97518E+03   0.18457E+01   0.27389E+22
   0.27980E+04   0.97557E+03   0.18462E+01   0.27396E+22
   0.27991E+04   0.97596E+03   0.18467E+01   0.27403E+22
   0.28001E+04   0.97635E+03   0.18472E+01   0.27410E+22
   0.28011E+04   0.97674E+03   0.18477E+01   0.27417E+22
   0.28021E+04   0.97713E+03   0.18482E+01   0.27424E+22
   0.28031E+04   0.97752E+03   0.18487E+01   0.27431E+22
   0.28042E+04   0.97792E+03   0.18492E+01   0.27438E+22
   0.28052E+04   0.97831E+03   0.18497E+01   0.27445E+22
   0.28062E+04   0.97870E+03   0.18502E+01   0.27452E+22
   0.28072E+04   0.97909E+03   0.18507E+01   0.27459E+22
   0.28083E+04   0.97948E+03   0.18512E+01   0.27466E+22
   0.28093E+04   0.97987E+03   0.18517E+01   0.27473E+22
   0.28103E+04   0.98026E+03   0.18522E+01   0.27480E+22
   0.28113E+04   0.98065E+03   0.18527E+01   0.27486E+22
   0.28124E+04   0.98104E+03   0.18532E+01   0.27493E+22
   0.28134E+04   0.98143E+03   0.18537E+01   0.27500E+22
   0.28144E+04   0.98182E+03   0.18542E+01   0.27507E+22
   0.28154E+04   0.98222E+03   0.18547E+01   0.27514E+22
   0.28164E+04   0.98261E+03   0.18552E+01   0.27521E+22
   0.28175E+04   0.98300E+03   0.18557E+01   0.27528E+22
   0.28185E+04   0.98339E+03   0.18562E+01   0.27535E+22
   0.28195E+04   0.98378E+03   0.18567E+01   0.27542E+22
   0.28205E+04   0.98417E+03   0.18572E+01   0.27549E+22
   0.28216E+04   0.98456E+03   0.18577E+01   0.27556E+22
   0.28226E+04   0.98496E+03   0.18582E+01   0.27563E+22
   0.28236E+04   0.98535E+03   0.18587E+01   0.27570E+22
   0.28246E+04   0.98574E+03   0.18592E+01   0.27577E+22
   0.28257E+04   0.98613E+03   0.18597E+01   0.27584E+22
   0.28267E+04   0.98652E+03   0.18602E+01   0.27591E+22
   0.28277E+04   0.98691E+03   0.18607E+01   0.27597E+22
   0.28287E+04   0.98730E+03   0.18612E+01   0.27604E+22
   0.28298E+04   0.98770E+03   0.18617E+01   0.27611E+22
   0.28308E+04   0.98809E+03   0.18622E+01   0.27618E+22
   0.28318E+04   0.98848E+03   0.18627E+01   0.27625E+22
   0.28328E+04   0.98887E+03   0.18632E+01   0.27632E+22
   0.28339E+04   0.98926E+03   0.18637E+01   0.27639E+22
   0.28349E+04   0.98965E+03   0.18642E+01   0.27646E+22
   0.28359E+04   0.99005E+03   0.18647E+01   0.27653E+22
   0.28369E+04   0.99044E+03   0.18652E+01   0.27660E+22
   0.28380E+04   0.99083E+03   0.18657E+01   0.27667E+22
   0.28390E+04   0.99122E+03   0.18662E+01   0.27674E+22
   0.28400E+04   0.99161E+03   0.18667E+01   0.27681E+22
   0.28411E+04   0.99201E+03   0.18672E+01   0.27688E+22
   0.28421E+04   0.99240E+03   0.18677E+01   0.27695E+22
   0.28431E+04   0.99279E+03   0.18682E+01   0.27702E+22
   0.28441E+04   0.99318E+03   0.18687E+01   0.27708E+22
   0.28452E+04   0.99357E+03   0.18692E+01   0.27715E+22
   0.28462E+04   0.99397E+03   0.18697E+01   0.27722E+22
   0.28472E+04   0.99436E+03   0.18702E+01   0.27729E+22
   0.28482E+04   0.99475E+03   0.18707E+01   0.27736E+22
   0.28493E+04   0.99514E+03   0.18712E+01   0.27743E+22
   0.28503E+04   0.99554E+03   0.18717E+01   0.27750E+22
   0.28513E+04   0.99593E+03   0.18722E+01   0.27757E+22
   0.28523E+04   0.99632E+03   0.18727E+01   0.27764E+22
   0.28534E+04   0.99671E+03   0.18732E+01   0.27771E+22
   0.28544E+04   0.99711E+03   0.18737E+01   0.27778E+22
   0.28554E+04   0.99750E+03   0.18742E+01   0.27785E+22
   0.28565E+04   0.99789E+03   0.18747E+01   0.27792E+22
   0.28575E+04   0.99828E+03   0.18752E+01   0.27799E+22
   0.28585E+04   0.99868E+03   0.18757E+01   0.27806E+22
   0.28595E+04   0.99907E+03   0.18762E+01   0.27813E+22
   0.28606E+04   0.99946E+03   0.18767E+01   0.27820E+22
   0.28616E+04   0.99985E+03   0.18772E+01   0.27826E+22
   0.28626E+04   0.10002E+04   0.18777E+01   0.27833E+22
   0.28637E+04   0.10006E+04   0.18782E+01   0.27840E+22
   0.28647E+04   0.10010E+04   0.18787E+01   0.27847E+22
   0.28657E+04   0.10014E+04   0.18792E+01   0.27854E+22
   0.28667E+04   0.10018E+04   0.18797E+01   0.27861E+22
   0.28678E+04   0.10022E+04   0.18802E+01   0.27868E+22
   0.28688E+04   0.10026E+04   0.18807E+01   0.27875E+22
   0.28698E+04   0.10030E+04   0.18812E+01   0.27882E+22
   0.28709E+04   0.10034E+04   0.18817E+01   0.27889E+22
   0.28719E+04   0.10038E+04   0.18822E+01   0.27896E+22
   0.28729E+04   0.10042E+04   0.18827E+01   0.27903E+22
   0.28740E+04   0.10046E+04   0.18832E+01   0.27910E+22
   0.28750E+04   0.10050E+04   0.18837E+01   0.27917E+22
   0.28760E+04   0.10054E+04   0.18842E+01   0.27924E+22
   0.28770E+04   0.10057E+04   0.18847E+01   0.27931E+22
   0.28781E+04   0.10061E+04   0.18852E+01   0.27938E+22
   0.28791E+04   0.10065E+04   0.18857E+01   0.27944E+22
   0.28801E+04   0.10069E+04   0.18862E+01   0.27951E+22
   0.28812E+04   0.10073E+04   0.18867E+01   0.27958E+22
   0.28822E+04   0.10077E+04   0.18872E+01   0.27965E+22
   0.28832E+04   0.10081E+04   0.18877E+01   0.27972E+22
   0.28843E+04   0.10085E+04   0.18882E+01   0.27979E+22
   0.28853E+04   0.10089E+04   0.18887E+01   0.27986E+22
   0.28863E+04   0.10093E+04   0.18892E+01   0.27993E+22
   0.28873E+04   0.10097E+04   0.18897E+01   0.28000E+22
   0.28884E+04   0.10101E+04   0.18902E+01   0.28007E+22
   0.28894E+04   0.10105E+04   0.18907E+01   0.28014E+22
   0.28904E+04   0.10109E+04   0.18912E+01   0.28021E+22
   0.28915E+04   0.10113E+04   0.18917E+01   0.28028E+22
   0.28925E+04   0.10116E+04   0.18922E+01   0.28035E+22
   0.28935E+04   0.10120E+04   0.18927E+01   0.28042E+22
   0.28946E+04   0.10124E+04   0.18932E+01   0.28049E+22
   0.28956E+04   0.10128E+04   0.18937E+01   0.28056E+22
   0.28966E+04   0.10132E+04   0.18942E+01   0.28062E+22
   0.28977E+04   0.10136E+04   0.18947E+01   0.28069E+22
   0.28987E+04   0.10140E+04   0.18952E+01   0.28076E+22
   0.28997E+04   0.10144E+04   0.18957E+01   0.28083E+22
   0.29008E+04   0.10148E+04   0.18962E+01   0.28090E+22
   0.29018E+04   0.10152E+04   0.18967E+01   0.28097E+22
   0.29028E+04   0.10156E+04   0.18972E+01   0.28104E+22
   0.29039E+04   0.10160E+04   0.18977E+01   0.28111E+22
   0.29049E+04   0.10164E+04   0.18982E+01   0.28118E+22
   0.29059E+04   0.10168E+04   0.18987E+01   0.28125E+22
   0.29070E+04   0.10172E+04   0.18992E+01   0.28132E+22
   0.29080E+04   0.10176E+04   0.18997E+01   0.28139E+22
   0.29090E+04   0.10180E+04   0.19002E+01   0.28146E+22
   0.29101E+04   0.10183E+04   0.19007E+01   0.28153E+22
   0.29111E+04   0.10187E+04   0.19012E+01   0.28160E+22
   0.29121E+04   0.10191E+04   0.19017E+01   0.28167E+22
   0.29132E+04   0.10195E+04   0.19022E+01   0.28174E+22
   0.29142E+04   0.10199E+04   0.19027E+01   0.28181E+22
   0.29152E+04   0.10203E+04   0.19032E+01   0.28187E+22
   0.29163E+04   0.10207E+04   0.19037E+01   0.28194E+22
   0.29173E+04   0.10211E+04   0.19042E+01   0.28201E+22
   0.29183E+04   0.10215E+04   0.19047E+01   0.28208E+22
   0.29194E+04   0.10219E+04   0.19052E+01   0.28215E+22
   0.29204E+04   0.10223E+04   0.19057E+01   0.28222E+22
   0.29214E+04   0.10227E+04   0.19062E+01   0.28229E+22
   0.29225E+04   0.10231E+04   0.19067E+01   0.28236E+22
   0.29235E+04   0.10235E+04   0.19072E+01   0.28243E+22
   0.29245E+04   0.10239E+04   0.19077E+01   0.28250E+22
   0.29256E+04   0.10243E+04   0.19082E+01   0.28257E+22
   0.29266E+04   0.10247E+04   0.19087E+01   0.28264E+22
   0.29276E+04   0.10251E+04   0.19092E+01   0.28271E+22
   0.29287E+04   0.10254E+04   0.19097E+01   0.28278E+22
   0.29297E+04   0.10258E+04   0.19102E+01   0.28285E+22
   0.29307E+04   0.10262E+04   0.19107E+01   0.28292E+22
   0.29318E+04   0.10266E+04   0.19112E+01   0.28299E+22
   0.29328E+04   0.10270E+04   0.19117E+01   0.28306E+22
   0.29339E+04   0.10274E+04   0.19122E+01   0.28312E+22
   0.29349E+04   0.10278E+04   0.19127E+01   0.28319E+22
   0.29359E+04   0.10282E+04   0.19132E+01   0.28326E+22
   0.29370E+04   0.10286E+04   0.19137E+01   0.28333E+22
   0.29380E+04   0.10290E+04   0.19142E+01   0.28340E+22
   0.29390E+04   0.10294E+04   0.19147E+01   0.28347E+22
   0.29401E+04   0.10298E+04   0.19152E+01   0.28354E+22
   0.29411E+04   0.10302E+04   0.19157E+01   0.28361E+22
   0.29421E+04   0.10306E+04   0.19162E+01   0.28368E+22
   0.29432E+04   0.10310E+04   0.19167E+01   0.28375E+22
   0.29442E+04   0.10314E+04   0.19172E+01   0.28382E+22
   0.29453E+04   0.10318E+04   0.19177E+01   0.28389E+22
   0.29463E+04   0.10322E+04   0.19182E+01   0.28396E+22
   0.29473E+04   0.10326E+04   0.19187E+01   0.28403E+22
   0.29484E+04   0.10330E+04   0.19192E+01   0.28410E+22
   0.29494E+04   0.10334E+04   0.19197E+01   0.28417E+22
   0.29504E+04   0.10337E+04   0.19202E+01   0.28424E+22
   0.29515E+04   0.10341E+04   0.19207E+01   0.28431E+22
   0.29525E+04   0.10345E+04   0.19212E+01   0.28438E+22
   0.29536E+04   0.10349E+04   0.19217E+01   0.28444E+22
   0.29546E+04   0.10353E+04   0.19222E+01   0.28451E+22
   0.29556E+04   0.10357E+04   0.19227E+01   0.28458E+22
   0.29567E+04   0.10361E+04   0.19232E+01   0.28465E+22
   0.29577E+04   0.10365E+04   0.19237E+01   0.28472E+22
   0.29587E+04   0.10369E+04   0.19242E+01   0.28479E+22
   0.29598E+04   0.10373E+04   0.19247E+01   0.28486E+22
   0.29608E+04   0.10377E+04   0.19252E+01   0.28493E+22
   0.29619E+04   0.10381E+04   0.19257E+01   0.28500E+22
   0.29629E+04   0.10385E+04   0.19262E+01   0.28507E+22
   0.29639E+04   0.10389E+04   0.19267E+01   0.28514E+22
   0.29650E+04   0.10393E+04   0.19272E+01   0.28521E+22
   0.29660E+04   0.10397E+04   0.19277E+01   0.28528E+22
   0.29671E+04   0.10401E+04   0.19282E+01   0.28535E+22
   0.29681E+04   0.10405E+04   0.19287E+01   0.28542E+22
   0.29691E+04   0.10409E+04   0.19292E+01   0.28549E+22
   0.29702E+04   0.10413E+04   0.19297E+01   0.28556E+22
   0.29712E+04   0.10417E+04   0.19302E+01   0.28563E+22
   0.29722E+04   0.10421E+04   0.19307E+01   0.28570E+22
   0.29733E+04   0.10425E+04   0.19312E+01   0.28577E+22
   0.29743E+04   0.10429E+04   0.19317E+01   0.28583E+22
   0.29754E+04   0.10432E+04   0.19322E+01   0.28590E+22
   0.29764E+04   0.10436E+04   0.19327E+01   0.28597E+22
   0.29774E+04   0.10440E+04   0.19332E+01   0.28604E+22
   0.29785E+04   0.10444E+04   0.19337E+01   0.28611E+22
   0.29795E+04   0.10448E+04   0.19342E+01   0.28618E+22
   0.29806E+04   0.10452E+04   0.19347E+01   0.28625E+22
   0.29816E+04   0.10456E+04   0.19352E+01   0.28632E+22
   0.29826E+04   0.10460E+04   0.19357E+01   0.28639E+22
   0.29837E+04   0.10464E+04   0.19362E+01   0.28646E+22
   0.29847E+04   0.10468E+04   0.19367E+01   0.28653E+22
   0.29858E+04   0.10472E+04   0.19372E+01   0.28660E+22
   0.29868E+04   0.10476E+04   0.19377E+01   0.28667E+22
   0.29879E+04   0.10480E+04   0.19382E+01   0.28674E+22
   0.29889E+04   0.10484E+04   0.19387E+01   0.28681E+22
   0.29899E+04   0.10488E+04   0.19392E+01   0.28688E+22
   0.29910E+04   0.10492E+04   0.19397E+01   0.28695E+22
   0.29920E+04   0.10496E+04   0.19402E+01   0.28702E+22
   0.29931E+04   0.10500E+04   0.19407E+01   0.28709E+22
   0.29941E+04   0.10504E+04   0.19412E+01   0.28716E+22
   0.29951E+04   0.10508E+04   0.19417E+01   0.28722E+22
   0.29962E+04   0.10512E+04   0.19422E+01   0.28729E+22
   0.29972E+04   0.10516E+04   0.19427E+01   0.28736E+22
   0.29983E+04   0.10520E+04   0.19432E+01   0.28743E+22
   0.29993E+04   0.10524E+04   0.19437E+01   0.28750E+22
   0.30004E+04   0.10528E+04   0.19442E+01   0.28757E+22
   0.30014E+04   0.10532E+04   0.19447E+01   0.28764E+22
   0.30024E+04   0.10536E+04   0.19452E+01   0.28771E+22
   0.30035E+04   0.10540E+04   0.19457E+01   0.28778E+22
   0.30045E+04   0.10544E+04   0.19462E+01   0.28785E+22
   0.30056E+04   0.10548E+04   0.19467E+01   0.28792E+22
   0.30066E+04   0.10551E+04   0.19472E+01   0.28799E+22
   0.30077E+04   0.10555E+04   0.19477E+01   0.28806E+22
   0.30087E+04   0.10559E+04   0.19482E+01   0.28813E+22
   0.30097E+04   0.10563E+04   0.19487E+01   0.28820E+22
   0.30108E+04   0.10567E+04   0.19492E+01   0.28827E+22
   0.30118E+04   0.10571E+04   0.19497E+01   0.28834E+22
   0.30129E+04   0.10575E+04   0.19502E+01   0.28841E+22
   0.30139E+04   0.10579E+04   0.19507E+01   0.28848E+22
   0.30150E+04   0.10583E+04   0.19512E+01   0.28855E+22
   0.30160E+04   0.10587E+04   0.19517E+01   0.28862E+22
   0.30170E+04   0.10591E+04   0.19522E+01   0.28868E+22
   0.30181E+04   0.10595E+04   0.19527E+01   0.28875E+22
   0.30191E+04   0.10599E+04   0.19532E+01   0.28882E+22
   0.30202E+04   0.10603E+04   0.19537E+01   0.28889E+22
   0.30212E+04   0.10607E+04   0.19542E+01   0.28896E+22
   0.30223E+04   0.10611E+04   0.19547E+01   0.28903E+22
   0.30233E+04   0.10615E+04   0.19552E+01   0.28910E+22
   0.30244E+04   0.10619E+04   0.19557E+01   0.28917E+22
   0.30254E+04   0.10623E+04   0.19562E+01   0.28924E+22
   0.30264E+04   0.10627E+04   0.19567E+01   0.28931E+22
   0.30275E+04   0.10631E+04   0.19572E+01   0.28938E+22
   0.30285E+04   0.10635E+04   0.19577E+01   0.28945E+22
   0.30296E+04   0.10639E+04   0.19582E+01   0.28952E+22
   0.30306E+04   0.10643E+04   0.19587E+01   0.28959E+22
   0.30317E+04   0.10647E+04   0.19592E+01   0.28966E+22
   0.30327E+04   0.10651E+04   0.19597E+01   0.28973E+22
   0.30338E+04   0.10655E+04   0.19602E+01   0.28980E+22
   0.30348E+04   0.10659E+04   0.19607E+01   0.28987E+22
   0.30359E+04   0.10663E+04   0.19612E+01   0.28994E+22
   0.30369E+04   0.10667E+04   0.19617E+01   0.29001E+22
   0.30379E+04   0.10671E+04   0.19622E+01   0.29008E+22
   0.30390E+04   0.10675E+04   0.19627E+01   0.29015E+22
   0.30400E+04   0.10679E+04   0.19632E+01   0.29021E+22
   0.30411E+04   0.10683E+04   0.19637E+01   0.29028E+22
   0.30421E+04   0.10687E+04   0.19642E+01   0.29035E+22
   0.30432E+04   0.10691E+04   0.19647E+01   0.29042E+22
   0.30442E+04   0.10695E+04   0.19652E+01   0.29049E+22
   0.30453E+04   0.10699E+04   0.19657E+01   0.29056E+22
   0.30463E+04   0.10703E+04   0.19662E+01   0.29063E+22
   0.30474E+04   0.10707E+04   0.19667E+01   0.29070E+22
   0.30484E+04   0.10711E+04   0.19672E+01   0.29077E+22
   0.30495E+04   0.10715E+04   0.19677E+01   0.29084E+22
   0.30505E+04   0.10719E+04   0.19682E+01   0.29091E+22
   0.30516E+04   0.10723E+04   0.19687E+01   0.29098E+22
   0.30526E+04   0.10727E+04   0.19692E+01   0.29105E+22
   0.30536E+04   0.10731E+04   0.19697E+01   0.29112E+22
   0.30547E+04   0.10735E+04   0.19702E+01   0.29119E+22
   0.30557E+04   0.10739E+04   0.19707E+01   0.29126E+22
   0.30568E+04   0.10743E+04   0.19712E+01   0.29133E+22
   0.30578E+04   0.10747E+04   0.19717E+01   0.29140E+22
   0.30589E+04   0.10751E+04   0.19722E+01   0.29147E+22
   0.30599E+04   0.10755E+04   0.19727E+01   0.29154E+22
   0.30610E+04   0.10758E+04   0.19732E+01   0.29161E+22
   0.30620E+04   0.10762E+04   0.19737E+01   0.29168E+22
   0.30631E+04   0.10766E+04   0.19742E+01   0.29174E+22
   0.30641E+04   0.10770E+04   0.19747E+01   0.29181E+22
   0.30652E+04   0.10774E+04   0.19752E+01   0.29188E+22
   0.30662E+04   0.10778E+04   0.19757E+01   0.29195E+22
   0.30673E+04   0.10782E+04   0.19762E+01   0.29202E+22
   0.30683E+04   0.10786E+04   0.19767E+01   0.29209E+22
   0.30694E+04   0.10790E+04   0.19772E+01   0.29216E+22
   0.30704E+04   0.10794E+04   0.19777E+01   0.29223E+22
   0.30715E+04   0.10798E+04   0.19782E+01   0.29230E+22
   0.30725E+04   0.10802E+04   0.19787E+01   0.29237E+22
   0.30736E+04   0.10806E+04   0.19792E+01   0.29244E+22
   0.30746E+04   0.10810E+04   0.19797E+01   0.29251E+22
   0.30757E+04   0.10814E+04   0.19802E+01   0.29258E+22
   0.30767E+04   0.10818E+04   0.19807E+01   0.29265E+22
   0.30778E+04   0.10822E+04   0.19812E+01   0.29272E+22
   0.30788E+04   0.10826E+04   0.19817E+01   0.29279E+22
   0.30799E+04   0.10830E+04   0.19822E+01   0.29286E+22
   0.30809E+04   0.10834E+04   0.19827E+01   0.29293E+22
   0.30820E+04   0.10838E+04   0.19832E+01   0.29300E+22
   0.30830E+04   0.10842E+04   0.19837E+01   0.29307E+22
   0.30841E+04   0.10846E+04   0.19842E+01   0.29314E+22
   0.30851E+04   0.10850E+04   0.19847E+01   0.29321E+22
   0.30862E+04   0.10854E+04   0.19852E+01   0.29328E+22
   0.30872E+04   0.10858E+04   0.19857E+01   0.29335E+22
   0.30883E+04   0.10862E+04   0.19862E+01   0.29341E+22
   0.30893E+04   0.10866E+04   0.19867E+01   0.29348E+22
   0.30904E+04   0.10870E+04   0.19872E+01   0.29355E+22
   0.30914E+04   0.10874E+04   0.19877E+01   0.29362E+22
   0.30925E+04   0.10878E+04   0.19882E+01   0.29369E+22
   0.30935E+04   0.10882E+04   0.19887E+01   0.29376E+22
   0.30946E+04   0.10886E+04   0.19892E+01   0.29383E+22
   0.30956E+04   0.10890E+04   0.19897E+01   0.29390E+22
   0.30967E+04   0.10894E+04   0.19902E+01   0.29397E+22
   0.30977E+04   0.10898E+04   0.19907E+01   0.29404E+22
   0.30988E+04   0.10902E+04   0.19912E+01   0.29411E+22
   0.30998E+04   0.10906E+04   0.19917E+01   0.29418E+22
   0.31009E+04   0.10910E+04   0.19922E+01   0.29425E+22
   0.31019E+04   0.10914E+04   0.19927E+01   0.29432E+22
   0.31030E+04   0.10918E+04   0.19932E+01   0.29439E+22
   0.31040E+04   0.10922E+04   0.19937E+01   0.29446E+22
   0.31051E+04   0.10926E+04   0.19942E+01   0.29453E+22
   0.31062E+04   0.10930E+04   0.19947E+01   0.29460E+22
   0.31072E+04   0.10934E+04   0.19952E+01   0.29467E+22
   0.31083E+04   0.10938E+04   0.19957E+01   0.29474E+22
   0.31093E+04   0.10942E+04   0.19962E+01   0.29481E+22
   0.31104E+04   0.10946E+04   0.19967E+01   0.29488E+22
   0.31114E+04   0.10950E+04   0.19972E+01   0.29495E+22
   0.31125E+04   0.10954E+04   0.19977E+01   0.29502E+22
   0.31135E+04   0.10958E+04   0.19982E+01   0.29508E+22
   0.31146E+04   0.10962E+04   0.19987E+01   0.29515E+22
   0.31156E+04   0.10966E+04   0.19992E+01   0.29522E+22
   0.31167E+04   0.10970E+04   0.19997E+01   0.29529E+22
   0.31177E+04   0.10974E+04   0.20002E+01   0.29536E+22
   0.31188E+04   0.10978E+04   0.20007E+01   0.29543E+22
   0.31198E+04   0.10982E+04   0.20012E+01   0.29550E+22
   0.31209E+04   0.10986E+04   0.20017E+01   0.29557E+22
   0.31220E+04   0.10990E+04   0.20022E+01   0.29564E+22
   0.31230E+04   0.10994E+04   0.20027E+01   0.29571E+22
   0.31241E+04   0.10998E+04   0.20032E+01   0.29578E+22
   0.31251E+04   0.11002E+04   0.20037E+01   0.29585E+22
   0.31262E+04   0.11006E+04   0.20042E+01   0.29592E+22
   0.31272E+04   0.11010E+04   0.20047E+01   0.29599E+22
   0.31283E+04   0.11014E+04   0.20052E+01   0.29606E+22
   0.31293E+04   0.11018E+04   0.20057E+01   0.29613E+22
   0.31304E+04   0.11022E+04   0.20062E+01   0.29620E+22
   0.31314E+04   0.11026E+04   0.20067E+01   0.29627E+22
   0.31325E+04   0.11030E+04   0.20072E+01   0.29634E+22
   0.31336E+04   0.11034E+04   0.20077E+01   0.29641E+22
   0.31346E+04   0.11039E+04   0.20082E+01   0.29648E+22
   0.31357E+04   0.11043E+04   0.20087E+01   0.29655E+22
   0.31367E+04   0.11047E+04   0.20092E+01   0.29662E+22
   0.31378E+04   0.11051E+04   0.20097E+01   0.29669E+22
   0.31388E+04   0.11055E+04   0.20102E+01   0.29676E+22
   0.31399E+04   0.11059E+04   0.20107E+01   0.29683E+22
   0.31409E+04   0.11063E+04   0.20112E+01   0.29689E+22
   0.31420E+04   0.11067E+04   0.20117E+01   0.29696E+22
   0.31431E+04   0.11071E+04   0.20122E+01   0.29703E+22
   0.31441E+04   0.11075E+04   0.20127E+01   0.29710E+22
   0.31452E+04   0.11079E+04   0.20132E+01   0.29717E+22
   0.31462E+04   0.11083E+04   0.20137E+01   0.29724E+22
   0.31473E+04   0.11087E+04   0.20142E+01   0.29731E+22
   0.31483E+04   0.11091E+04   0.20147E+01   0.29738E+22
   0.31494E+04   0.11095E+04   0.20152E+01   0.29745E+22
   0.31504E+04   0.11099E+04   0.20157E+01   0.29752E+22
   0.31515E+04   0.11103E+04   0.20162E+01   0.29759E+22
   0.31526E+04   0.11107E+04   0.20167E+01   0.29766E+22
   0.31536E+04   0.11111E+04   0.20172E+01   0.29773E+22
   0.31547E+04   0.11115E+04   0.20177E+01   0.29780E+22
   0.31557E+04   0.11119E+04   0.20182E+01   0.29787E+22
   0.31568E+04   0.11123E+04   0.20187E+01   0.29794E+22
   0.31578E+04   0.11127E+04   0.20192E+01   0.29801E+22
   0.31589E+04   0.11131E+04   0.20197E+01   0.29808E+22
   0.31600E+04   0.11135E+04   0.20202E+01   0.29815E+22
   0.31610E+04   0.11139E+04   0.20207E+01   0.29822E+22
   0.31621E+04   0.11143E+04   0.20212E+01   0.29829E+22
   0.31631E+04   0.11147E+04   0.20217E+01   0.29836E+22
   0.31642E+04   0.11151E+04   0.20222E+01   0.29843E+22
   0.31653E+04   0.11155E+04   0.20227E+01   0.29850E+22
   0.31663E+04   0.11159E+04   0.20232E+01   0.29857E+22
   0.31674E+04   0.11163E+04   0.20237E+01   0.29864E+22
   0.31684E+04   0.11167E+04   0.20242E+01   0.29871E+22
   0.31695E+04   0.11171E+04   0.20247E+01   0.29877E+22
   0.31705E+04   0.11175E+04   0.20252E+01   0.29884E+22
   0.31716E+04   0.11179E+04   0.20257E+01   0.29891E+22
   0.31727E+04   0.11183E+04   0.20262E+01   0.29898E+22
   0.31737E+04   0.11187E+04   0.20267E+01   0.29905E+22
   0.31748E+04   0.11191E+04   0.20272E+01   0.29912E+22
   0.31758E+04   0.11195E+04   0.20277E+01   0.29919E+22
   0.31769E+04   0.11199E+04   0.20282E+01   0.29926E+22
   0.31780E+04   0.11203E+04   0.20287E+01   0.29933E+22
   0.31790E+04   0.11207E+04   0.20292E+01   0.29940E+22
   0.31801E+04   0.11211E+04   0.20297E+01   0.29947E+22
   0.31811E+04   0.11215E+04   0.20302E+01   0.29954E+22
   0.31822E+04   0.11219E+04   0.20307E+01   0.29961E+22
   0.31833E+04   0.11223E+04   0.20312E+01   0.29968E+22
   0.31843E+04   0.11227E+04   0.20317E+01   0.29975E+22
   0.31854E+04   0.11231E+04   0.20322E+01   0.29982E+22
   0.31864E+04   0.11235E+04   0.20327E+01   0.29989E+22
   0.31875E+04   0.11239E+04   0.20332E+01   0.29996E+22
   0.31886E+04   0.11243E+04   0.20337E+01   0.30003E+22
   0.31896E+04   0.11248E+04   0.20342E+01   0.30010E+22
   0.31907E+04   0.11252E+04   0.20347E+01   0.30017E+22
   0.31917E+04   0.11256E+04   0.20352E+01   0.30024E+22
   0.31928E+04   0.11260E+04   0.20357E+01   0.30031E+22
   0.31939E+04   0.11264E+04   0.20362E+01   0.30038E+22
   0.31949E+04   0.11268E+04   0.20367E+01   0.30045E+22
   0.31960E+04   0.11272E+04   0.20372E+01   0.30052E+22
   0.31970E+04   0.11276E+04   0.20377E+01   0.30059E+22
   0.31981E+04   0.11280E+04   0.20382E+01   0.30066E+22
   0.31992E+04   0.11284E+04   0.20387E+01   0.30073E+22
   0.32002E+04   0.11288E+04   0.20392E+01   0.30079E+22
   0.32013E+04   0.11292E+04   0.20397E+01   0.30086E+22
   0.32024E+04   0.11296E+04   0.20402E+01   0.30093E+22
   0.32034E+04   0.11300E+04   0.20407E+01   0.30100E+22
   0.32045E+04   0.11304E+04   0.20412E+01   0.30107E+22
   0.32055E+04   0.11308E+04   0.20417E+01   0.30114E+22
   0.32066E+04   0.11312E+04   0.20422E+01   0.30121E+22
   0.32077E+04   0.11316E+04   0.20427E+01   0.30128E+22
   0.32087E+04   0.11320E+04   0.20432E+01   0.30135E+22
   0.32098E+04   0.11324E+04   0.20437E+01   0.30142E+22
   0.32108E+04   0.11328E+04   0.20442E+01   0.30149E+22
   0.32119E+04   0.11332E+04   0.20447E+01   0.30156E+22
   0.32130E+04   0.11336E+04   0.20452E+01   0.30163E+22
   0.32140E+04   0.11340E+04   0.20457E+01   0.30170E+22
   0.32151E+04   0.11344E+04   0.20462E+01   0.30177E+22
   0.32162E+04   0.11348E+04   0.20467E+01   0.30184E+22
   0.32172E+04   0.11352E+04   0.20472E+01   0.30191E+22
   0.32183E+04   0.11356E+04   0.20477E+01   0.30198E+22
   0.32194E+04   0.11360E+04   0.20482E+01   0.30205E+22
   0.32204E+04   0.11364E+04   0.20487E+01   0.30212E+22
   0.32215E+04   0.11368E+04   0.20492E+01   0.30219E+22
   0.32225E+04   0.11373E+04   0.20497E+01   0.30226E+22
   0.32236E+04   0.11377E+04   0.20502E+01   0.30233E+22
   0.32247E+04   0.11381E+04   0.20507E+01   0.30240E+22
   0.32257E+04   0.11385E+04   0.20512E+01   0.30247E+22
   0.32268E+04   0.11389E+04   0.20517E+01   0.30254E+22
   0.32279E+04   0.11393E+04   0.20522E+01   0.30261E+22
   0.32289E+04   0.11397E+04   0.20527E+01   0.30268E+22
   0.32300E+04   0.11401E+04   0.20532E+01   0.30275E+22
   0.32311E+04   0.11405E+04   0.20537E+01   0.30282E+22
   0.32321E+04   0.11409E+04   0.20542E+01   0.30288E+22
   0.32332E+04   0.11413E+04   0.20547E+01   0.30295E+22
   0.32342E+04   0.11417E+04   0.20552E+01   0.30302E+22
   0.32353E+04   0.11421E+04   0.20557E+01   0.30309E+22
   0.32364E+04   0.11425E+04   0.20562E+01   0.30316E+22
   0.32374E+04   0.11429E+04   0.20567E+01   0.30323E+22
   0.32385E+04   0.11433E+04   0.20572E+01   0.30330E+22
   0.32396E+04   0.11437E+04   0.20577E+01   0.30337E+22
   0.32406E+04   0.11441E+04   0.20582E+01   0.30344E+22
   0.32417E+04   0.11445E+04   0.20587E+01   0.30351E+22
   0.32428E+04   0.11449E+04   0.20592E+01   0.30358E+22
   0.32438E+04   0.11453E+04   0.20597E+01   0.30365E+22
   0.32449E+04   0.11457E+04   0.20602E+01   0.30372E+22
   0.32460E+04   0.11461E+04   0.20607E+01   0.30379E+22
   0.32470E+04   0.11465E+04   0.20612E+01   0.30386E+22
   0.32481E+04   0.11469E+04   0.20617E+01   0.30393E+22
   0.32492E+04   0.11474E+04   0.20622E+01   0.30400E+22
   0.32502E+04   0.11478E+04   0.20627E+01   0.30407E+22
   0.32513E+04   0.11482E+04   0.20632E+01   0.30414E+22
   0.32524E+04   0.11486E+04   0.20637E+01   0.30421E+22
   0.32534E+04   0.11490E+04   0.20642E+01   0.30428E+22
   0.32545E+04   0.11494E+04   0.20647E+01   0.30435E+22
   0.32556E+04   0.11498E+04   0.20652E+01   0.30442E+22
   0.32566E+04   0.11502E+04   0.20657E+01   0.30449E+22
   0.32577E+04   0.11506E+04   0.20662E+01   0.30456E+22
   0.32588E+04   0.11510E+04   0.20667E+01   0.30463E+22
   0.32598E+04   0.11514E+04   0.20672E+01   0.30470E+22
   0.32609E+04   0.11518E+04   0.20677E+01   0.30477E+22
   0.32620E+04   0.11522E+04   0.20682E+01   0.30484E+22
   0.32630E+04   0.11526E+04   0.20687E+01   0.30491E+22
   0.32641E+04   0.11530E+04   0.20692E+01   0.30498E+22
   0.32652E+04   0.11534E+04   0.20697E+01   0.30505E+22
   0.32662E+04   0.11538E+04   0.20702E+01   0.30512E+22
   0.32673E+04   0.11542E+04   0.20707E+01   0.30518E+22
   0.32684E+04   0.11546E+04   0.20712E+01   0.30525E+22
   0.32694E+04   0.11550E+04   0.20717E+01   0.30532E+22
   0.32705E+04   0.11554E+04   0.20722E+01   0.30539E+22
   0.32716E+04   0.11559E+04   0.20727E+01   0.30546E+22
   0.32726E+04   0.11563E+04   0.20732E+01   0.30553E+22
   0.32737E+04   0.11567E+04   0.20737E+01   0.30560E+22
   0.32748E+04   0.11571E+04   0.20742E+01   0.30567E+22
   0.32758E+04   0.11575E+04   0.20747E+01   0.30574E+22
   0.32769E+04   0.11579E+04   0.20752E+01   0.30581E+22
   0.32780E+04   0.11583E+04   0.20757E+01   0.30588E+22
   0.32790E+04   0.11587E+04   0.20762E+01   0.30595E+22
   0.32801E+04   0.11591E+04   0.20767E+01   0.30602E+22
   0.32812E+04   0.11595E+04   0.20772E+01   0.30609E+22
   0.32823E+04   0.11599E+04   0.20777E+01   0.30616E+22
   0.32833E+04   0.11603E+04   0.20782E+01   0.30623E+22
   0.32844E+04   0.11607E+04   0.20787E+01   0.30630E+22
   0.32855E+04   0.11611E+04   0.20792E+01   0.30637E+22
   0.32865E+04   0.11615E+04   0.20797E+01   0.30644E+22
   0.32876E+04   0.11619E+04   0.20802E+01   0.30651E+22
   0.32887E+04   0.11623E+04   0.20807E+01   0.30658E+22
   0.32897E+04   0.11627E+04   0.20812E+01   0.30665E+22
   0.32908E+04   0.11631E+04   0.20817E+01   0.30672E+22
   0.32919E+04   0.11636E+04   0.20822E+01   0.30679E+22
   0.32929E+04   0.11640E+04   0.20827E+01   0.30686E+22
   0.32940E+04   0.11644E+04   0.20832E+01   0.30693E+22
   0.32951E+04   0.11648E+04   0.20837E+01   0.30700E+22
   0.32962E+04   0.11652E+04   0.20842E+01   0.30707E+22
   0.32972E+04   0.11656E+04   0.20847E+01   0.30714E+22
   0.32983E+04   0.11660E+04   0.20852E+01   0.30721E+22
   0.32994E+04   0.11664E+04   0.20857E+01   0.30728E+22
   0.33004E+04   0.11668E+04   0.20862E+01   0.30735E+22
   0.33015E+04   0.11672E+04   0.20867E+01   0.30742E+22
   0.33026E+04   0.11676E+04   0.20872E+01   0.30749E+22
   0.33037E+04   0.11680E+04   0.20877E+01   0.30756E+22
   0.33047E+04   0.11684E+04   0.20882E+01   0.30762E+22
   0.33058E+04   0.11688E+04   0.20887E+01   0.30769E+22
   0.33069E+04   0.11692E+04   0.20892E+01   0.30776E+22
   0.33079E+04   0.11696E+04   0.20897E+01   0.30783E+22
   0.33090E+04   0.11701E+04   0.20902E+01   0.30790E+22
   0.33101E+04   0.11705E+04   0.20907E+01   0.30797E+22
   0.33112E+04   0.11709E+04   0.20912E+01   0.30804E+22
   0.33122E+04   0.11713E+04   0.20917E+01   0.30811E+22
   0.33133E+04   0.11717E+04   0.20922E+01   0.30818E+22
   0.33144E+04   0.11721E+04   0.20927E+01   0.30825E+22
   0.33154E+04   0.11725E+04   0.20932E+01   0.30832E+22
   0.33165E+04   0.11729E+04   0.20937E+01   0.30839E+22
   0.33176E+04   0.11733E+04   0.20942E+01   0.30846E+22
   0.33187E+04   0.11737E+04   0.20947E+01   0.30853E+22
   0.33197E+04   0.11741E+04   0.20952E+01   0.30860E+22
   0.33208E+04   0.11745E+04   0.20957E+01   0.30867E+22
   0.33219E+04   0.11749E+04   0.20962E+01   0.30874E+22
   0.33229E+04   0.11753E+04   0.20967E+01   0.30881E+22
   0.33240E+04   0.11757E+04   0.20972E+01   0.30888E+22
   0.33251E+04   0.11761E+04   0.20977E+01   0.30895E+22
   0.33262E+04   0.11766E+04   0.20982E+01   0.30902E+22
   0.33272E+04   0.11770E+04   0.20987E+01   0.30909E+22
   0.33283E+04   0.11774E+04   0.20992E+01   0.30916E+22
   0.33294E+04   0.11778E+04   0.20997E+01   0.30923E+22
   0.33305E+04   0.11782E+04   0.21002E+01   0.30930E+22
   0.33315E+04   0.11786E+04   0.21007E+01   0.30937E+22
   0.33326E+04   0.11790E+04   0.21012E+01   0.30944E+22
   0.33337E+04   0.11794E+04   0.21017E+01   0.30951E+22
   0.33348E+04   0.11798E+04   0.21022E+01   0.30958E+22
   0.33358E+04   0.11802E+04   0.21027E+01   0.30965E+22
   0.33369E+04   0.11806E+04   0.21032E+01   0.30972E+22
   0.33380E+04   0.11810E+04   0.21037E+01   0.30979E+22
   0.33390E+04   0.11814E+04   0.21042E+01   0.30986E+22
   0.33401E+04   0.11818E+04   0.21047E+01   0.30993E+22
   0.33412E+04   0.11822E+04   0.21052E+01   0.31000E+22
   0.33423E+04   0.11827E+04   0.21057E+01   0.31007E+22
   0.33433E+04   0.11831E+04   0.21062E+01   0.31014E+22
   0.33444E+04   0.11835E+04   0.21067E+01   0.31021E+22
   0.33455E+04   0.11839E+04   0.21072E+01   0.31027E+22
   0.33466E+04   0.11843E+04   0.21077E+01   0.31034E+22
   0.33476E+04   0.11847E+04   0.21082E+01   0.31041E+22
   0.33487E+04   0.11851E+04   0.21087E+01   0.31048E+22
   0.33498E+04   0.11855E+04   0.21092E+01   0.31055E+22
   0.33509E+04   0.11859E+04   0.21097E+01   0.31062E+22
   0.33519E+04   0.11863E+04   0.21102E+01   0.31069E+22
   0.33530E+04   0.11867E+04   0.21107E+01   0.31076E+22
   0.33541E+04   0.11871E+04   0.21112E+01   0.31083E+22
   0.33552E+04   0.11875E+04   0.21117E+01   0.31090E+22
   0.33562E+04   0.11880E+04   0.21122E+01   0.31097E+22
   0.33573E+04   0.11884E+04   0.21127E+01   0.31104E+22
   0.33584E+04   0.11888E+04   0.21132E+01   0.31111E+22
   0.33595E+04   0.11892E+04   0.21137E+01   0.31118E+22
   0.33605E+04   0.11896E+04   0.21142E+01   0.31125E+22
   0.33616E+04   0.11900E+04   0.21147E+01   0.31132E+22
   0.33627E+04   0.11904E+04   0.21152E+01   0.31139E+22
   0.33638E+04   0.11908E+04   0.21157E+01   0.31146E+22
   0.33649E+04   0.11912E+04   0.21162E+01   0.31153E+22
   0.33659E+04   0.11916E+04   0.21167E+01   0.31160E+22
   0.33670E+04   0.11920E+04   0.21172E+01   0.31167E+22
   0.33681E+04   0.11924E+04   0.21177E+01   0.31174E+22
   0.33692E+04   0.11928E+04   0.21182E+01   0.31181E+22
   0.33702E+04   0.11933E+04   0.21187E+01   0.31188E+22
   0.33713E+04   0.11937E+04   0.21192E+01   0.31195E+22
   0.33724E+04   0.11941E+04   0.21197E+01   0.31202E+22
   0.33735E+04   0.11945E+04   0.21202E+01   0.31209E+22
   0.33745E+04   0.11949E+04   0.21207E+01   0.31216E+22
   0.33756E+04   0.11953E+04   0.21212E+01   0.31223E+22
   0.33767E+04   0.11957E+04   0.21217E+01   0.31230E+22
   0.33778E+04   0.11961E+04   0.21222E+01   0.31237E+22
   0.33789E+04   0.11965E+04   0.21227E+01   0.31244E+22
   0.33799E+04   0.11969E+04   0.21232E+01   0.31251E+22
   0.33810E+04   0.11973E+04   0.21237E+01   0.31258E+22
   0.33821E+04   0.11977E+04   0.21242E+01   0.31265E+22
   0.33832E+04   0.11981E+04   0.21247E+01   0.31272E+22
   0.33842E+04   0.11986E+04   0.21252E+01   0.31279E+22
   0.33853E+04   0.11990E+04   0.21257E+01   0.31286E+22
   0.33864E+04   0.11994E+04   0.21262E+01   0.31293E+22
   0.33875E+04   0.11998E+04   0.21267E+01   0.31300E+22
   0.33886E+04   0.12002E+04   0.21272E+01   0.31307E+22
   0.33896E+04   0.12006E+04   0.21277E+01   0.31314E+22
   0.33907E+04   0.12010E+04   0.21282E+01   0.31320E+22
   0.33918E+04   0.12014E+04   0.21287E+01   0.31327E+22
   0.33929E+04   0.12018E+04   0.21292E+01   0.31334E+22
   0.33940E+04   0.12022E+04   0.21297E+01   0.31341E+22
   0.33950E+04   0.12026E+04   0.21302E+01   0.31348E+22
   0.33961E+04   0.12030E+04   0.21307E+01   0.31355E+22
   0.33972E+04   0.12035E+04   0.21312E+01   0.31362E+22
   0.33983E+04   0.12039E+04   0.21317E+01   0.31369E+22
   0.33994E+04   0.12043E+04   0.21322E+01   0.31376E+22
   0.34004E+04   0.12047E+04   0.21327E+01   0.31383E+22
   0.34015E+04   0.12051E+04   0.21332E+01   0.31390E+22
   0.34026E+04   0.12055E+04   0.21337E+01   0.31397E+22
   0.34037E+04   0.12059E+04   0.21342E+01   0.31404E+22
   0.34048E+04   0.12063E+04   0.21347E+01   0.31411E+22
   0.34058E+04   0.12067E+04   0.21352E+01   0.31418E+22
   0.34069E+04   0.12071E+04   0.21357E+01   0.31425E+22
   0.34080E+04   0.12075E+04   0.21362E+01   0.31432E+22
   0.34091E+04   0.12080E+04   0.21367E+01   0.31439E+22
   0.34102E+04   0.12084E+04   0.21372E+01   0.31446E+22
   0.34112E+04   0.12088E+04   0.21377E+01   0.31453E+22
   0.34123E+04   0.12092E+04   0.21382E+01   0.31460E+22
   0.34134E+04   0.12096E+04   0.21387E+01   0.31467E+22
   0.34145E+04   0.12100E+04   0.21392E+01   0.31474E+22
   0.34156E+04   0.12104E+04   0.21397E+01   0.31481E+22
   0.34166E+04   0.12108E+04   0.21402E+01   0.31488E+22
   0.34177E+04   0.12112E+04   0.21407E+01   0.31495E+22
   0.34188E+04   0.12116E+04   0.21412E+01   0.31502E+22
   0.34199E+04   0.12120E+04   0.21417E+01   0.31509E+22
   0.34210E+04   0.12125E+04   0.21422E+01   0.31516E+22
   0.34220E+04   0.12129E+04   0.21427E+01   0.31523E+22
   0.34231E+04   0.12133E+04   0.21432E+01   0.31530E+22
   0.34242E+04   0.12137E+04   0.21437E+01   0.31537E+22
   0.34253E+04   0.12141E+04   0.21442E+01   0.31544E+22
   0.34264E+04   0.12145E+04   0.21447E+01   0.31551E+22
   0.34275E+04   0.12149E+04   0.21452E+01   0.31558E+22
   0.34285E+04   0.12153E+04   0.21457E+01   0.31565E+22
   0.34296E+04   0.12157E+04   0.21462E+01   0.31572E+22
   0.34307E+04   0.12161E+04   0.21467E+01   0.31579E+22
   0.34318E+04   0.12166E+04   0.21472E+01   0.31586E+22
   0.34329E+04   0.12170E+04   0.21477E+01   0.31593E+22
   0.34339E+04   0.12174E+04   0.21482E+01   0.31600E+22
   0.34350E+04   0.12178E+04   0.21487E+01   0.31607E+22
   0.34361E+04   0.12182E+04   0.21492E+01   0.31614E+22
   0.34372E+04   0.12186E+04   0.21497E+01   0.31621E+22
   0.34383E+04   0.12190E+04   0.21502E+01   0.31628E+22
   0.34394E+04   0.12194E+04   0.21507E+01   0.31635E+22
   0.34404E+04   0.12198E+04   0.21512E+01   0.31642E+22
   0.34415E+04   0.12202E+04   0.21517E+01   0.31648E+22
   0.34426E+04   0.12206E+04   0.21522E+01   0.31655E+22
   0.34437E+04   0.12211E+04   0.21527E+01   0.31662E+22
   0.34448E+04   0.12215E+04   0.21532E+01   0.31669E+22
   0.34459E+04   0.12219E+04   0.21537E+01   0.31676E+22
   0.34469E+04   0.12223E+04   0.21542E+01   0.31683E+22
   0.34480E+04   0.12227E+04   0.21547E+01   0.31690E+22
   0.34491E+04   0.12231E+04   0.21552E+01   0.31697E+22
   0.34502E+04   0.12235E+04   0.21557E+01   0.31704E+22
   0.34513E+04   0.12239E+04   0.21562E+01   0.31711E+22
   0.34524E+04   0.12243E+04   0.21567E+01   0.31718E+22
   0.34534E+04   0.12247E+04   0.21572E+01   0.31725E+22
   0.34545E+04   0.12252E+04   0.21577E+01   0.31732E+22
   0.34556E+04   0.12256E+04   0.21582E+01   0.31739E+22
   0.34567E+04   0.12260E+04   0.21587E+01   0.31746E+22
   0.34578E+04   0.12264E+04   0.21592E+01   0.31753E+22
   0.34589E+04   0.12268E+04   0.21597E+01   0.31760E+22
   0.34600E+04   0.12272E+04   0.21602E+01   0.31767E+22
   0.34610E+04   0.12276E+04   0.21607E+01   0.31774E+22
   0.34621E+04   0.12280E+04   0.21612E+01   0.31781E+22
   0.34632E+04   0.12284E+04   0.21617E+01   0.31788E+22
   0.34643E+04   0.12289E+04   0.21622E+01   0.31795E+22
   0.34654E+04   0.12293E+04   0.21627E+01   0.31802E+22
   0.34665E+04   0.12297E+04   0.21632E+01   0.31809E+22
   0.34676E+04   0.12301E+04   0.21637E+01   0.31816E+22
   0.34686E+04   0.12305E+04   0.21642E+01   0.31823E+22
   0.34697E+04   0.12309E+04   0.21647E+01   0.31830E+22
   0.34708E+04   0.12313E+04   0.21652E+01   0.31837E+22
   0.34719E+04   0.12317E+04   0.21657E+01   0.31844E+22
   0.34730E+04   0.12321E+04   0.21662E+01   0.31851E+22
   0.34741E+04   0.12325E+04   0.21667E+01   0.31858E+22
   0.34752E+04   0.12330E+04   0.21672E+01   0.31865E+22
   0.34762E+04   0.12334E+04   0.21677E+01   0.31872E+22
   0.34773E+04   0.12338E+04   0.21682E+01   0.31879E+22
   0.34784E+04   0.12342E+04   0.21687E+01   0.31886E+22
   0.34795E+04   0.12346E+04   0.21692E+01   0.31893E+22
   0.34806E+04   0.12350E+04   0.21697E+01   0.31900E+22
   0.34817E+04   0.12354E+04   0.21702E+01   0.31907E+22
   0.34828E+04   0.12358E+04   0.21707E+01   0.31914E+22
   0.34838E+04   0.12362E+04   0.21712E+01   0.31921E+22
   0.34849E+04   0.12367E+04   0.21717E+01   0.31928E+22
   0.34860E+04   0.12371E+04   0.21722E+01   0.31935E+22
   0.34871E+04   0.12375E+04   0.21727E+01   0.31942E+22
   0.34882E+04   0.12379E+04   0.21732E+01   0.31949E+22
   0.34893E+04   0.12383E+04   0.21737E+01   0.31956E+22
   0.34904E+04   0.12387E+04   0.21742E+01   0.31963E+22
   0.34915E+04   0.12391E+04   0.21747E+01   0.31970E+22
   0.34925E+04   0.12395E+04   0.21752E+01   0.31977E+22
   0.34936E+04   0.12399E+04   0.21757E+01   0.31984E+22
   0.34947E+04   0.12404E+04   0.21762E+01   0.31991E+22
   0.34958E+04   0.12408E+04   0.21767E+01   0.31998E+22
   0.34969E+04   0.12412E+04   0.21772E+01   0.32005E+22
   0.34980E+04   0.12416E+04   0.21777E+01   0.32012E+22
   0.34991E+04   0.12420E+04   0.21782E+01   0.32019E+22
   0.35002E+04   0.12424E+04   0.21787E+01   0.32026E+22
   0.35013E+04   0.12428E+04   0.21792E+01   0.32033E+22
   0.35023E+04   0.12432E+04   0.21797E+01   0.32039E+22
   0.35034E+04   0.12436E+04   0.21802E+01   0.32046E+22
   0.35045E+04   0.12441E+04   0.21807E+01   0.32053E+22
   0.35056E+04   0.12445E+04   0.21812E+01   0.32060E+22
   0.35067E+04   0.12449E+04   0.21817E+01   0.32067E+22
   0.35078E+04   0.12453E+04   0.21822E+01   0.32074E+22
   0.35089E+04   0.12457E+04   0.21827E+01   0.32081E+22
   0.35100E+04   0.12461E+04   0.21832E+01   0.32088E+22
   0.35111E+04   0.12465E+04   0.21837E+01   0.32095E+22
   0.35121E+04   0.12469E+04   0.21842E+01   0.32102E+22
   0.35132E+04   0.12474E+04   0.21847E+01   0.32109E+22
   0.35143E+04   0.12478E+04   0.21852E+01   0.32116E+22
   0.35154E+04   0.12482E+04   0.21857E+01   0.32123E+22
   0.35165E+04   0.12486E+04   0.21862E+01   0.32130E+22
   0.35176E+04   0.12490E+04   0.21867E+01   0.32137E+22
   0.35187E+04   0.12494E+04   0.21872E+01   0.32144E+22
   0.35198E+04   0.12498E+04   0.21877E+01   0.32151E+22
   0.35209E+04   0.12502E+04   0.21882E+01   0.32158E+22
   0.35219E+04   0.12507E+04   0.21887E+01   0.32165E+22
   0.35230E+04   0.12511E+04   0.21892E+01   0.32172E+22
   0.35241E+04   0.12515E+04   0.21897E+01   0.32179E+22
   0.35252E+04   0.12519E+04   0.21902E+01   0.32186E+22
   0.35263E+04   0.12523E+04   0.21907E+01   0.32193E+22
   0.35274E+04   0.12527E+04   0.21912E+01   0.32200E+22
   0.35285E+04   0.12531E+04   0.21917E+01   0.32207E+22
   0.35296E+04   0.12535E+04   0.21922E+01   0.32214E+22
   0.35307E+04   0.12539E+04   0.21927E+01   0.32221E+22
   0.35318E+04   0.12544E+04   0.21932E+01   0.32228E+22
   0.35329E+04   0.12548E+04   0.21937E+01   0.32235E+22
   0.35339E+04   0.12552E+04   0.21942E+01   0.32242E+22
   0.35350E+04   0.12556E+04   0.21947E+01   0.32249E+22
   0.35361E+04   0.12560E+04   0.21952E+01   0.32256E+22
   0.35372E+04   0.12564E+04   0.21957E+01   0.32263E+22
   0.35383E+04   0.12568E+04   0.21962E+01   0.32270E+22
   0.35394E+04   0.12572E+04   0.21967E+01   0.32277E+22
   0.35405E+04   0.12577E+04   0.21972E+01   0.32284E+22
   0.35416E+04   0.12581E+04   0.21977E+01   0.32291E+22
   0.35427E+04   0.12585E+04   0.21982E+01   0.32298E+22
   0.35438E+04   0.12589E+04   0.21987E+01   0.32305E+22
   0.35449E+04   0.12593E+04   0.21992E+01   0.32312E+22
   0.35460E+04   0.12597E+04   0.21997E+01   0.32319E+22
   0.35471E+04   0.12601E+04   0.22002E+01   0.32326E+22
   0.35481E+04   0.12605E+04   0.22007E+01   0.32333E+22
   0.35492E+04   0.12610E+04   0.22012E+01   0.32340E+22
   0.35503E+04   0.12614E+04   0.22017E+01   0.32347E+22
   0.35514E+04   0.12618E+04   0.22022E+01   0.32354E+22
   0.35525E+04   0.12622E+04   0.22027E+01   0.32361E+22
   0.35536E+04   0.12626E+04   0.22032E+01   0.32368E+22
   0.35547E+04   0.12630E+04   0.22037E+01   0.32375E+22
   0.35558E+04   0.12634E+04   0.22042E+01   0.32382E+22
   0.35569E+04   0.12639E+04   0.22047E+01   0.32389E+22
   0.35580E+04   0.12643E+04   0.22052E+01   0.32396E+22
   0.35591E+04   0.12647E+04   0.22057E+01   0.32403E+22
   0.35602E+04   0.12651E+04   0.22062E+01   0.32410E+22
   0.35613E+04   0.12655E+04   0.22067E+01   0.32417E+22
   0.35624E+04   0.12659E+04   0.22072E+01   0.32424E+22
   0.35634E+04   0.12663E+04   0.22077E+01   0.32431E+22
   0.35645E+04   0.12667E+04   0.22082E+01   0.32438E+22
   0.35656E+04   0.12672E+04   0.22087E+01   0.32445E+22
   0.35667E+04   0.12676E+04   0.22092E+01   0.32452E+22
   0.35678E+04   0.12680E+04   0.22097E+01   0.32459E+22
   0.35689E+04   0.12684E+04   0.22102E+01   0.32466E+22
   0.35700E+04   0.12688E+04   0.22107E+01   0.32473E+22
   0.35711E+04   0.12692E+04   0.22112E+01   0.32480E+22
   0.35722E+04   0.12696E+04   0.22117E+01   0.32487E+22
   0.35733E+04   0.12700E+04   0.22122E+01   0.32494E+22
   0.35744E+04   0.12705E+04   0.22127E+01   0.32501E+22
   0.35755E+04   0.12709E+04   0.22132E+01   0.32508E+22
   0.35766E+04   0.12713E+04   0.22137E+01   0.32514E+22
   0.35777E+04   0.12717E+04   0.22142E+01   0.32521E+22
   0.35788E+04   0.12721E+04   0.22147E+01   0.32528E+22
   0.35799E+04   0.12725E+04   0.22152E+01   0.32535E+22
   0.35810E+04   0.12729E+04   0.22157E+01   0.32542E+22
   0.35821E+04   0.12734E+04   0.22162E+01   0.32549E+22
   0.35832E+04   0.12738E+04   0.22167E+01   0.32556E+22
   0.35842E+04   0.12742E+04   0.22172E+01   0.32563E+22
   0.35853E+04   0.12746E+04   0.22177E+01   0.32570E+22
   0.35864E+04   0.12750E+04   0.22182E+01   0.32577E+22
   0.35875E+04   0.12754E+04   0.22187E+01   0.32584E+22
   0.35886E+04   0.12758E+04   0.22192E+01   0.32591E+22
   0.35897E+04   0.12763E+04   0.22197E+01   0.32598E+22
   0.35908E+04   0.12767E+04   0.22202E+01   0.32605E+22
   0.35919E+04   0.12771E+04   0.22207E+01   0.32612E+22
   0.35930E+04   0.12775E+04   0.22212E+01   0.32619E+22
   0.35941E+04   0.12779E+04   0.22217E+01   0.32626E+22
   0.35952E+04   0.12783E+04   0.22222E+01   0.32633E+22
   0.35963E+04   0.12787E+04   0.22227E+01   0.32640E+22
   0.35974E+04   0.12792E+04   0.22232E+01   0.32647E+22
   0.35985E+04   0.12796E+04   0.22237E+01   0.32654E+22
   0.35996E+04   0.12800E+04   0.22242E+01   0.32661E+22
   0.36007E+04   0.12804E+04   0.22247E+01   0.32668E+22
   0.36018E+04   0.12808E+04   0.22252E+01   0.32675E+22
   0.36029E+04   0.12812E+04   0.22257E+01   0.32682E+22
   0.36040E+04   0.12816E+04   0.22262E+01   0.32689E+22
   0.36051E+04   0.12821E+04   0.22267E+01   0.32696E+22
   0.36062E+04   0.12825E+04   0.22272E+01   0.32703E+22
   0.36073E+04   0.12829E+04   0.22277E+01   0.32710E+22
   0.36084E+04   0.12833E+04   0.22282E+01   0.32717E+22
   0.36095E+04   0.12837E+04   0.22287E+01   0.32724E+22
   0.36106E+04   0.12841E+04   0.22292E+01   0.32731E+22
   0.36117E+04   0.12845E+04   0.22297E+01   0.32738E+22
   0.36128E+04   0.12850E+04   0.22302E+01   0.32745E+22
   0.36139E+04   0.12854E+04   0.22307E+01   0.32752E+22
   0.36150E+04   0.12858E+04   0.22312E+01   0.32759E+22
   0.36161E+04   0.12862E+04   0.22317E+01   0.32766E+22
   0.36172E+04   0.12866E+04   0.22322E+01   0.32773E+22
   0.36183E+04   0.12870E+04   0.22327E+01   0.32780E+22
   0.36194E+04   0.12874E+04   0.22332E+01   0.32787E+22
   0.36205E+04   0.12879E+04   0.22337E+01   0.32794E+22
   0.36216E+04   0.12883E+04   0.22342E+01   0.32801E+22
   0.36227E+04   0.12887E+04   0.22347E+01   0.32808E+22
   0.36238E+04   0.12891E+04   0.22352E+01   0.32815E+22
   0.36249E+04   0.12895E+04   0.22357E+01   0.32822E+22
   0.36259E+04   0.12899E+04   0.22362E+01   0.32829E+22
   0.36270E+04   0.12903E+04   0.22367E+01   0.32836E+22
   0.36281E+04   0.12908E+04   0.22372E+01   0.32843E+22
   0.36292E+04   0.12912E+04   0.22377E+01   0.32850E+22
   0.36303E+04   0.12916E+04   0.22382E+01   0.32857E+22
   0.36314E+04   0.12920E+04   0.22387E+01   0.32864E+22
   0.36325E+04   0.12924E+04   0.22392E+01   0.32871E+22
   0.36336E+04   0.12928E+04   0.22397E+01   0.32878E+22
   0.36347E+04   0.12932E+04   0.22402E+01   0.32885E+22
   0.36358E+04   0.12937E+04   0.22407E+01   0.32892E+22
   0.36369E+04   0.12941E+04   0.22412E+01   0.32899E+22
   0.36380E+04   0.12945E+04   0.22417E+01   0.32906E+22
   0.36391E+04   0.12949E+04   0.22422E+01   0.32913E+22
   0.36402E+04   0.12953E+04   0.22427E+01   0.32920E+22
   0.36413E+04   0.12957E+04   0.22432E+01   0.32927E+22
   0.36424E+04   0.12962E+04   0.22437E+01   0.32934E+22
   0.36435E+04   0.12966E+04   0.22442E+01   0.32941E+22
   0.36446E+04   0.12970E+04   0.22447E+01   0.32948E+22
   0.36458E+04   0.12974E+04   0.22452E+01   0.32955E+22
   0.36469E+04   0.12978E+04   0.22457E+01   0.32962E+22
   0.36480E+04   0.12982E+04   0.22462E+01   0.32969E+22
   0.36491E+04   0.12986E+04   0.22467E+01   0.32976E+22
   0.36502E+04   0.12991E+04   0.22472E+01   0.32983E+22
   0.36513E+04   0.12995E+04   0.22477E+01   0.32990E+22
   0.36524E+04   0.12999E+04   0.22482E+01   0.32997E+22
   0.36535E+04   0.13003E+04   0.22487E+01   0.33004E+22
   0.36546E+04   0.13007E+04   0.22492E+01   0.33011E+22
   0.36557E+04   0.13011E+04   0.22497E+01   0.33018E+22
   0.36568E+04   0.13016E+04   0.22502E+01   0.33025E+22
   0.36579E+04   0.13020E+04   0.22507E+01   0.33032E+22
   0.36590E+04   0.13024E+04   0.22512E+01   0.33039E+22
   0.36601E+04   0.13028E+04   0.22517E+01   0.33046E+22
   0.36612E+04   0.13032E+04   0.22522E+01   0.33053E+22
   0.36623E+04   0.13036E+04   0.22527E+01   0.33060E+22
   0.36634E+04   0.13040E+04   0.22532E+01   0.33067E+22
   0.36645E+04   0.13045E+04   0.22537E+01   0.33074E+22
   0.36656E+04   0.13049E+04   0.22542E+01   0.33081E+22
   0.36667E+04   0.13053E+04   0.22547E+01   0.33088E+22
   0.36678E+04   0.13057E+04   0.22552E+01   0.33095E+22
   0.36689E+04   0.13061E+04   0.22557E+01   0.33102E+22
   0.36700E+04   0.13065E+04   0.22562E+01   0.33109E+22
   0.36711E+04   0.13070E+04   0.22567E+01   0.33116E+22
   0.36722E+04   0.13074E+04   0.22572E+01   0.33123E+22
   0.36733E+04   0.13078E+04   0.22577E+01   0.33130E+22
   0.36744E+04   0.13082E+04   0.22582E+01   0.33137E+22
   0.36755E+04   0.13086E+04   0.22587E+01   0.33144E+22
   0.36766E+04   0.13090E+04   0.22592E+01   0.33151E+22
   0.36777E+04   0.13095E+04   0.22597E+01   0.33158E+22
   0.36788E+04   0.13099E+04   0.22602E+01   0.33165E+22
   0.36799E+04   0.13103E+04   0.22607E+01   0.33172E+22
   0.36810E+04   0.13107E+04   0.22612E+01   0.33179E+22
   0.36821E+04   0.13111E+04   0.22617E+01   0.33186E+22
   0.36832E+04   0.13115E+04   0.22622E+01   0.33193E+22
   0.36843E+04   0.13120E+04   0.22627E+01   0.33199E+22
   0.36854E+04   0.13124E+04   0.22632E+01   0.33206E+22
   0.36865E+04   0.13128E+04   0.22637E+01   0.33213E+22
   0.36876E+04   0.13132E+04   0.22642E+01   0.33220E+22
   0.36888E+04   0.13136E+04   0.22647E+01   0.33227E+22
   0.36899E+04   0.13140E+04   0.22652E+01   0.33234E+22
   0.36910E+04   0.13145E+04   0.22657E+01   0.33241E+22
   0.36921E+04   0.13149E+04   0.22662E+01   0.33248E+22
   0.36932E+04   0.13153E+04   0.22667E+01   0.33255E+22
   0.36943E+04   0.13157E+04   0.22672E+01   0.33262E+22
   0.36954E+04   0.13161E+04   0.22677E+01   0.33269E+22
   0.36965E+04   0.13165E+04   0.22682E+01   0.33276E+22
   0.36976E+04   0.13170E+04   0.22687E+01   0.33283E+22
   0.36987E+04   0.13174E+04   0.22692E+01   0.33290E+22
   0.36998E+04   0.13178E+04   0.22697E+01   0.33297E+22
   0.37009E+04   0.13182E+04   0.22702E+01   0.33304E+22
   0.37020E+04   0.13186E+04   0.22707E+01   0.33311E+22
   0.37031E+04   0.13190E+04   0.22712E+01   0.33318E+22
   0.37042E+04   0.13195E+04   0.22717E+01   0.33325E+22
   0.37053E+04   0.13199E+04   0.22722E+01   0.33332E+22
   0.37064E+04   0.13203E+04   0.22727E+01   0.33339E+22
   0.37075E+04   0.13207E+04   0.22732E+01   0.33346E+22
   0.37086E+04   0.13211E+04   0.22737E+01   0.33353E+22
   0.37098E+04   0.13215E+04   0.22742E+01   0.33360E+22
   0.37109E+04   0.13220E+04   0.22747E+01   0.33367E+22
   0.37120E+04   0.13224E+04   0.22752E+01   0.33374E+22
   0.37131E+04   0.13228E+04   0.22757E+01   0.33381E+22
   0.37142E+04   0.13232E+04   0.22762E+01   0.33388E+22
   0.37153E+04   0.13236E+04   0.22767E+01   0.33395E+22
   0.37164E+04   0.13240E+04   0.22772E+01   0.33402E+22
   0.37175E+04   0.13245E+04   0.22777E+01   0.33409E+22
   0.37186E+04   0.13249E+04   0.22782E+01   0.33416E+22
   0.37197E+04   0.13253E+04   0.22787E+01   0.33423E+22
   0.37208E+04   0.13257E+04   0.22792E+01   0.33430E+22
   0.37219E+04   0.13261E+04   0.22797E+01   0.33437E+22
   0.37230E+04   0.13265E+04   0.22802E+01   0.33444E+22
   0.37241E+04   0.13270E+04   0.22807E+01   0.33451E+22
   0.37252E+04   0.13274E+04   0.22812E+01   0.33458E+22
   0.37264E+04   0.13278E+04   0.22817E+01   0.33465E+22
   0.37275E+04   0.13282E+04   0.22822E+01   0.33472E+22
   0.37286E+04   0.13286E+04   0.22827E+01   0.33479E+22
   0.37297E+04   0.13290E+04   0.22832E+01   0.33486E+22
   0.37308E+04   0.13295E+04   0.22837E+01   0.33493E+22
   0.37319E+04   0.13299E+04   0.22842E+01   0.33500E+22
   0.37330E+04   0.13303E+04   0.22847E+01   0.33507E+22
   0.37341E+04   0.13307E+04   0.22852E+01   0.33514E+22
   0.37352E+04   0.13311E+04   0.22857E+01   0.33521E+22
   0.37363E+04   0.13316E+04   0.22862E+01   0.33528E+22
   0.37374E+04   0.13320E+04   0.22867E+01   0.33535E+22
   0.37385E+04   0.13324E+04   0.22872E+01   0.33542E+22
   0.37397E+04   0.13328E+04   0.22877E+01   0.33549E+22
   0.37408E+04   0.13332E+04   0.22882E+01   0.33556E+22
   0.37419E+04   0.13336E+04   0.22887E+01   0.33563E+22
   0.37430E+04   0.13341E+04   0.22892E+01   0.33570E+22
   0.37441E+04   0.13345E+04   0.22897E+01   0.33577E+22
   0.37452E+04   0.13349E+04   0.22902E+01   0.33584E+22
   0.37463E+04   0.13353E+04   0.22907E+01   0.33591E+22
   0.37474E+04   0.13357E+04   0.22912E+01   0.33598E+22
   0.37485E+04   0.13362E+04   0.22917E+01   0.33605E+22
   0.37496E+04   0.13366E+04   0.22922E+01   0.33612E+22
   0.37507E+04   0.13370E+04   0.22927E+01   0.33619E+22
   0.37519E+04   0.13374E+04   0.22932E+01   0.33626E+22
   0.37530E+04   0.13378E+04   0.22937E+01   0.33633E+22
   0.37541E+04   0.13382E+04   0.22942E+01   0.33640E+22
   0.37552E+04   0.13387E+04   0.22947E+01   0.33647E+22
   0.37563E+04   0.13391E+04   0.22952E+01   0.33654E+22
   0.37574E+04   0.13395E+04   0.22957E+01   0.33661E+22
   0.37585E+04   0.13399E+04   0.22962E+01   0.33668E+22
   0.37596E+04   0.13403E+04   0.22967E+01   0.33675E+22
   0.37607E+04   0.13408E+04   0.22972E+01   0.33682E+22
   0.37618E+04   0.13412E+04   0.22977E+01   0.33689E+22
   0.37630E+04   0.13416E+04   0.22982E+01   0.33696E+22
   0.37641E+04   0.13420E+04   0.22987E+01   0.33703E+22
   0.37652E+04   0.13424E+04   0.22992E+01   0.33710E+22
   0.37663E+04   0.13428E+04   0.22997E+01   0.33717E+22
   0.37674E+04   0.13433E+04   0.23002E+01   0.33724E+22
   0.37685E+04   0.13437E+04   0.23007E+01   0.33731E+22
   0.37696E+04   0.13441E+04   0.23012E+01   0.33738E+22
   0.37707E+04   0.13445E+04   0.23017E+01   0.33745E+22
   0.37718E+04   0.13449E+04   0.23022E+01   0.33752E+22
   0.37730E+04   0.13454E+04   0.23027E+01   0.33759E+22
   0.37741E+04   0.13458E+04   0.23032E+01   0.33766E+22
   0.37752E+04   0.13462E+04   0.23037E+01   0.33773E+22
   0.37763E+04   0.13466E+04   0.23042E+01   0.33780E+22
   0.37774E+04   0.13470E+04   0.23047E+01   0.33787E+22
   0.37785E+04   0.13474E+04   0.23052E+01   0.33794E+22
   0.37796E+04   0.13479E+04   0.23057E+01   0.33801E+22
   0.37807E+04   0.13483E+04   0.23062E+01   0.33808E+22
   0.37818E+04   0.13487E+04   0.23067E+01   0.33815E+22
   0.37830E+04   0.13491E+04   0.23072E+01   0.33822E+22
   0.37841E+04   0.13495E+04   0.23077E+01   0.33829E+22
   0.37852E+04   0.13500E+04   0.23082E+01   0.33836E+22
   0.37863E+04   0.13504E+04   0.23087E+01   0.33843E+22
   0.37874E+04   0.13508E+04   0.23092E+01   0.33850E+22
   0.37885E+04   0.13512E+04   0.23097E+01   0.33857E+22
   0.37896E+04   0.13516E+04   0.23102E+01   0.33864E+22
   0.37907E+04   0.13521E+04   0.23107E+01   0.33871E+22
   0.37919E+04   0.13525E+04   0.23112E+01   0.33878E+22
   0.37930E+04   0.13529E+04   0.23117E+01   0.33885E+22
   0.37941E+04   0.13533E+04   0.23122E+01   0.33892E+22
   0.37952E+04   0.13537E+04   0.23127E+01   0.33899E+22
   0.37963E+04   0.13542E+04   0.23132E+01   0.33906E+22
   0.37974E+04   0.13546E+04   0.23137E+01   0.33913E+22
   0.37985E+04   0.13550E+04   0.23142E+01   0.33920E+22
   0.37997E+04   0.13554E+04   0.23147E+01   0.33927E+22
   0.38008E+04   0.13558E+04   0.23152E+01   0.33934E+22
   0.38019E+04   0.13562E+04   0.23157E+01   0.33941E+22
   0.38030E+04   0.13567E+04   0.23162E+01   0.33948E+22
   0.38041E+04   0.13571E+04   0.23167E+01   0.33955E+22
   0.38052E+04   0.13575E+04   0.23172E+01   0.33962E+22
   0.38063E+04   0.13579E+04   0.23177E+01   0.33969E+22
   0.38075E+04   0.13583E+04   0.23182E+01   0.33976E+22
   0.38086E+04   0.13588E+04   0.23187E+01   0.33983E+22
   0.38097E+04   0.13592E+04   0.23192E+01   0.33990E+22
   0.38108E+04   0.13596E+04   0.23197E+01   0.33997E+22
   0.38119E+04   0.13600E+04   0.23202E+01   0.34004E+22
   0.38130E+04   0.13604E+04   0.23207E+01   0.34011E+22
   0.38141E+04   0.13609E+04   0.23212E+01   0.34018E+22
   0.38153E+04   0.13613E+04   0.23217E+01   0.34025E+22
   0.38164E+04   0.13617E+04   0.23222E+01   0.34032E+22
   0.38175E+04   0.13621E+04   0.23227E+01   0.34039E+22
   0.38186E+04   0.13625E+04   0.23232E+01   0.34046E+22
   0.38197E+04   0.13630E+04   0.23237E+01   0.34053E+22
   0.38208E+04   0.13634E+04   0.23242E+01   0.34060E+22
   0.38219E+04   0.13638E+04   0.23247E+01   0.34067E+22
   0.38231E+04   0.13642E+04   0.23252E+01   0.34074E+22
   0.38242E+04   0.13646E+04   0.23257E+01   0.34081E+22
   0.38253E+04   0.13651E+04   0.23262E+01   0.34088E+22
   0.38264E+04   0.13655E+04   0.23267E+01   0.34095E+22
   0.38275E+04   0.13659E+04   0.23272E+01   0.34102E+22
   0.38286E+04   0.13663E+04   0.23277E+01   0.34109E+22
   0.38298E+04   0.13667E+04   0.23282E+01   0.34116E+22
   0.38309E+04   0.13672E+04   0.23287E+01   0.34123E+22
   0.38320E+04   0.13676E+04   0.23292E+01   0.34130E+22
   0.38331E+04   0.13680E+04   0.23297E+01   0.34137E+22
   0.38342E+04   0.13684E+04   0.23302E+01   0.34144E+22
   0.38353E+04   0.13688E+04   0.23307E+01   0.34151E+22
   0.38364E+04   0.13693E+04   0.23312E+01   0.34158E+22
   0.38376E+04   0.13697E+04   0.23317E+01   0.34165E+22
   0.38387E+04   0.13701E+04   0.23322E+01   0.34172E+22
   0.38398E+04   0.13705E+04   0.23327E+01   0.34179E+22
   0.38409E+04   0.13709E+04   0.23332E+01   0.34186E+22
   0.38420E+04   0.13714E+04   0.23337E+01   0.34193E+22
   0.38432E+04   0.13718E+04   0.23342E+01   0.34200E+22
   0.38443E+04   0.13722E+04   0.23347E+01   0.34207E+22
   0.38454E+04   0.13726E+04   0.23352E+01   0.34214E+22
   0.38465E+04   0.13730E+04   0.23357E+01   0.34221E+22
   0.38476E+04   0.13735E+04   0.23362E+01   0.34228E+22
   0.38487E+04   0.13739E+04   0.23367E+01   0.34235E+22
   0.38499E+04   0.13743E+04   0.23372E+01   0.34242E+22
   0.38510E+04   0.13747E+04   0.23377E+01   0.34249E+22
   0.38521E+04   0.13751E+04   0.23382E+01   0.34256E+22
   0.38532E+04   0.13756E+04   0.23387E+01   0.34263E+22
   0.38543E+04   0.13760E+04   0.23392E+01   0.34270E+22
   0.38554E+04   0.13764E+04   0.23397E+01   0.34277E+22
   0.38566E+04   0.13768E+04   0.23402E+01   0.34284E+22
   0.38577E+04   0.13773E+04   0.23407E+01   0.34291E+22
   0.38588E+04   0.13777E+04   0.23412E+01   0.34298E+22
   0.38599E+04   0.13781E+04   0.23417E+01   0.34305E+22
   0.38610E+04   0.13785E+04   0.23422E+01   0.34312E+22
   0.38622E+04   0.13789E+04   0.23427E+01   0.34319E+22
   0.38633E+04   0.13794E+04   0.23432E+01   0.34326E+22
   0.38644E+04   0.13798E+04   0.23437E+01   0.34333E+22
   0.38655E+04   0.13802E+04   0.23442E+01   0.34340E+22
   0.38666E+04   0.13806E+04   0.23447E+01   0.34347E+22
   0.38677E+04   0.13810E+04   0.23452E+01   0.34354E+22
   0.38689E+04   0.13815E+04   0.23457E+01   0.34361E+22
   0.38700E+04   0.13819E+04   0.23462E+01   0.34368E+22
   0.38711E+04   0.13823E+04   0.23467E+01   0.34375E+22
   0.38722E+04   0.13827E+04   0.23472E+01   0.34382E+22
   0.38733E+04   0.13831E+04   0.23477E+01   0.34389E+22
   0.38745E+04   0.13836E+04   0.23482E+01   0.34396E+22
   0.38756E+04   0.13840E+04   0.23487E+01   0.34403E+22
   0.38767E+04   0.13844E+04   0.23492E+01   0.34410E+22
   0.38778E+04   0.13848E+04   0.23497E+01   0.34417E+22
   0.38789E+04   0.13853E+04   0.23502E+01   0.34424E+22
   0.38801E+04   0.13857E+04   0.23507E+01   0.34431E+22
   0.38812E+04   0.13861E+04   0.23512E+01   0.34438E+22
   0.38823E+04   0.13865E+04   0.23517E+01   0.34445E+22
   0.38834E+04   0.13869E+04   0.23522E+01   0.34452E+22
   0.38845E+04   0.13874E+04   0.23527E+01   0.34459E+22
   0.38857E+04   0.13878E+04   0.23532E+01   0.34466E+22
   0.38868E+04   0.13882E+04   0.23537E+01   0.34473E+22
   0.38879E+04   0.13886E+04   0.23542E+01   0.34480E+22
   0.38890E+04   0.13890E+04   0.23547E+01   0.34487E+22
   0.38901E+04   0.13895E+04   0.23552E+01   0.34494E+22
   0.38913E+04   0.13899E+04   0.23557E+01   0.34501E+22
   0.38924E+04   0.13903E+04   0.23562E+01   0.34508E+22
   0.38935E+04   0.13907E+04   0.23567E+01   0.34515E+22
   0.38946E+04   0.13912E+04   0.23572E+01   0.34522E+22
   0.38958E+04   0.13916E+04   0.23577E+01   0.34529E+22
   0.38969E+04   0.13920E+04   0.23582E+01   0.34536E+22
   0.38980E+04   0.13924E+04   0.23587E+01   0.34543E+22
   0.38991E+04   0.13928E+04   0.23592E+01   0.34550E+22
   0.39002E+04   0.13933E+04   0.23597E+01   0.34557E+22
   0.39014E+04   0.13937E+04   0.23602E+01   0.34564E+22
   0.39025E+04   0.13941E+04   0.23607E+01   0.34571E+22
   0.39036E+04   0.13945E+04   0.23612E+01   0.34578E+22
   0.39047E+04   0.13950E+04   0.23617E+01   0.34585E+22
   0.39058E+04   0.13954E+04   0.23622E+01   0.34592E+22
   0.39070E+04   0.13958E+04   0.23627E+01   0.34599E+22
   0.39081E+04   0.13962E+04   0.23632E+01   0.34606E+22
   0.39092E+04   0.13966E+04   0.23637E+01   0.34613E+22
   0.39103E+04   0.13971E+04   0.23642E+01   0.34620E+22
   0.39115E+04   0.13975E+04   0.23647E+01   0.34627E+22
   0.39126E+04   0.13979E+04   0.23652E+01   0.34634E+22
   0.39137E+04   0.13983E+04   0.23657E+01   0.34641E+22
   0.39148E+04   0.13987E+04   0.23662E+01   0.34648E+22
   0.39160E+04   0.13992E+04   0.23667E+01   0.34655E+22
   0.39171E+04   0.13996E+04   0.23672E+01   0.34662E+22
   0.39182E+04   0.14000E+04   0.23677E+01   0.34669E+22
   0.39193E+04   0.14004E+04   0.23682E+01   0.34676E+22
   0.39204E+04   0.14009E+04   0.23687E+01   0.34683E+22
   0.39216E+04   0.14013E+04   0.23692E+01   0.34690E+22
   0.39227E+04   0.14017E+04   0.23697E+01   0.34697E+22
   0.39238E+04   0.14021E+04   0.23702E+01   0.34704E+22
   0.39249E+04   0.14025E+04   0.23707E+01   0.34711E+22
   0.39261E+04   0.14030E+04   0.23712E+01   0.34718E+22
   0.39272E+04   0.14034E+04   0.23717E+01   0.34725E+22
   0.39283E+04   0.14038E+04   0.23722E+01   0.34732E+22
   0.39294E+04   0.14042E+04   0.23727E+01   0.34739E+22
   0.39306E+04   0.14047E+04   0.23732E+01   0.34746E+22
   0.39317E+04   0.14051E+04   0.23737E+01   0.34753E+22
   0.39328E+04   0.14055E+04   0.23742E+01   0.34760E+22
   0.39339E+04   0.14059E+04   0.23747E+01   0.34767E+22
   0.39351E+04   0.14064E+04   0.23752E+01   0.34774E+22
   0.39362E+04   0.14068E+04   0.23757E+01   0.34781E+22
   0.39373E+04   0.14072E+04   0.23762E+01   0.34788E+22
   0.39384E+04   0.14076E+04   0.23767E+01   0.34795E+22
   0.39396E+04   0.14080E+04   0.23772E+01   0.34802E+22
   0.39407E+04   0.14085E+04   0.23777E+01   0.34809E+22
   0.39418E+04   0.14089E+04   0.23782E+01   0.34816E+22
   0.39429E+04   0.14093E+04   0.23787E+01   0.34823E+22
   0.39441E+04   0.14097E+04   0.23792E+01   0.34830E+22
   0.39452E+04   0.14102E+04   0.23797E+01   0.34837E+22
   0.39463E+04   0.14106E+04   0.23802E+01   0.34844E+22
   0.39474E+04   0.14110E+04   0.23807E+01   0.34851E+22
   0.39486E+04   0.14114E+04   0.23812E+01   0.34858E+22
   0.39497E+04   0.14119E+04   0.23817E+01   0.34865E+22
   0.39508E+04   0.14123E+04   0.23822E+01   0.34872E+22
   0.39519E+04   0.14127E+04   0.23827E+01   0.34879E+22
   0.39531E+04   0.14131E+04   0.23832E+01   0.34886E+22
   0.39542E+04   0.14135E+04   0.23837E+01   0.34893E+22
   0.39553E+04   0.14140E+04   0.23842E+01   0.34900E+22
   0.39564E+04   0.14144E+04   0.23847E+01   0.34907E+22
   0.39576E+04   0.14148E+04   0.23852E+01   0.34914E+22
   0.39587E+04   0.14152E+04   0.23857E+01   0.34921E+22
   0.39598E+04   0.14157E+04   0.23862E+01   0.34928E+22
   0.39609E+04   0.14161E+04   0.23867E+01   0.34935E+22
   0.39621E+04   0.14165E+04   0.23872E+01   0.34942E+22
   0.39632E+04   0.14169E+04   0.23877E+01   0.34949E+22
   0.39643E+04   0.14174E+04   0.23882E+01   0.34956E+22
   0.39654E+04   0.14178E+04   0.23887E+01   0.34963E+22
   0.39666E+04   0.14182E+04   0.23892E+01   0.34970E+22
   0.39677E+04   0.14186E+04   0.23897E+01   0.34977E+22
   0.39688E+04   0.14190E+04   0.23902E+01   0.34984E+22
   0.39700E+04   0.14195E+04   0.23907E+01   0.34991E+22
   0.39711E+04   0.14199E+04   0.23912E+01   0.34998E+22
   0.39722E+04   0.14203E+04   0.23917E+01   0.35005E+22
   0.39733E+04   0.14207E+04   0.23922E+01   0.35012E+22
   0.39745E+04   0.14212E+04   0.23927E+01   0.35019E+22
   0.39756E+04   0.14216E+04   0.23932E+01   0.35026E+22
   0.39767E+04   0.14220E+04   0.23937E+01   0.35033E+22
   0.39778E+04   0.14224E+04   0.23942E+01   0.35040E+22
   0.39790E+04   0.14229E+04   0.23947E+01   0.35047E+22
   0.39801E+04   0.14233E+04   0.23952E+01   0.35054E+22
   0.39812E+04   0.14237E+04   0.23957E+01   0.35061E+22
   0.39824E+04   0.14241E+04   0.23962E+01   0.35068E+22
   0.39835E+04   0.14246E+04   0.23967E+01   0.35075E+22
   0.39846E+04   0.14250E+04   0.23972E+01   0.35082E+22
   0.39857E+04   0.14254E+04   0.23977E+01   0.35089E+22
   0.39869E+04   0.14258E+04   0.23982E+01   0.35096E+22
   0.39880E+04   0.14262E+04   0.23987E+01   0.35103E+22
   0.39891E+04   0.14267E+04   0.23992E+01   0.35110E+22
   0.39903E+04   0.14271E+04   0.23997E+01   0.35117E+22
   0.39914E+04   0.14275E+04   0.24002E+01   0.35124E+22
   0.39925E+04   0.14279E+04   0.24007E+01   0.35131E+22
   0.39936E+04   0.14284E+04   0.24012E+01   0.35138E+22
   0.39948E+04   0.14288E+04   0.24017E+01   0.35145E+22
   0.39959E+04   0.14292E+04   0.24022E+01   0.35152E+22
   0.39970E+04   0.14296E+04   0.24027E+01   0.35159E+22
   0.39982E+04   0.14301E+04   0.24032E+01   0.35166E+22
   0.39993E+04   0.14305E+04   0.24037E+01   0.35173E+22
   0.40004E+04   0.14309E+04   0.24042E+01   0.35180E+22
   0.40015E+04   0.14313E+04   0.24047E+01   0.35187E+22
   0.40027E+04   0.14318E+04   0.24052E+01   0.35194E+22
   0.40038E+04   0.14322E+04   0.24057E+01   0.35201E+22
   0.40049E+04   0.14326E+04   0.24062E+01   0.35208E+22
   0.40061E+04   0.14330E+04   0.24067E+01   0.35215E+22
   0.40072E+04   0.14335E+04   0.24072E+01   0.35222E+22
   0.40083E+04   0.14339E+04   0.24077E+01   0.35229E+22
   0.40095E+04   0.14343E+04   0.24082E+01   0.35236E+22
   0.40106E+04   0.14347E+04   0.24087E+01   0.35243E+22
   0.40117E+04   0.14352E+04   0.24092E+01   0.35250E+22
   0.40128E+04   0.14356E+04   0.24097E+01   0.35257E+22
   0.40140E+04   0.14360E+04   0.24102E+01   0.35264E+22
   0.40151E+04   0.14364E+04   0.24107E+01   0.35271E+22
   0.40162E+04   0.14369E+04   0.24112E+01   0.35278E+22
   0.40174E+04   0.14373E+04   0.24117E+01   0.35285E+22
   0.40185E+04   0.14377E+04   0.24122E+01   0.35292E+22
   0.40196E+04   0.14381E+04   0.24127E+01   0.35299E+22
   0.40208E+04   0.14386E+04   0.24132E+01   0.35306E+22
   0.40219E+04   0.14390E+04   0.24137E+01   0.35313E+22
   0.40230E+04   0.14394E+04   0.24142E+01   0.35320E+22
   0.40242E+04   0.14398E+04   0.24147E+01   0.35327E+22
   0.40253E+04   0.14403E+04   0.24152E+01   0.35334E+22
   0.40264E+04   0.14407E+04   0.24157E+01   0.35341E+22
   0.40276E+04   0.14411E+04   0.24162E+01   0.35348E+22
   0.40287E+04   0.14415E+04   0.24167E+01   0.35355E+22
   0.40298E+04   0.14420E+04   0.24172E+01   0.35362E+22
   0.40309E+04   0.14424E+04   0.24177E+01   0.35369E+22
   0.40321E+04   0.14428E+04   0.24182E+01   0.35376E+22
   0.40332E+04   0.14432E+04   0.24187E+01   0.35383E+22
   0.40343E+04   0.14437E+04   0.24192E+01   0.35390E+22
   0.40355E+04   0.14441E+04   0.24197E+01   0.35397E+22
   0.40366E+04   0.14445E+04   0.24202E+01   0.35404E+22
   0.40377E+04   0.14449E+04   0.24207E+01   0.35411E+22
   0.40389E+04   0.14454E+04   0.24212E+01   0.35418E+22
   0.40400E+04   0.14458E+04   0.24217E+01   0.35425E+22
   0.40411E+04   0.14462E+04   0.24222E+01   0.35432E+22
   0.40423E+04   0.14466E+04   0.24227E+01   0.35439E+22
   0.40434E+04   0.14471E+04   0.24232E+01   0.35446E+22
   0.40445E+04   0.14475E+04   0.24237E+01   0.35453E+22
   0.40457E+04   0.14479E+04   0.24242E+01   0.35460E+22
   0.40468E+04   0.14483E+04   0.24247E+01   0.35467E+22
   0.40479E+04   0.14488E+04   0.24252E+01   0.35474E+22
   0.40491E+04   0.14492E+04   0.24257E+01   0.35481E+22
   0.40502E+04   0.14496E+04   0.24262E+01   0.35488E+22
   0.40513E+04   0.14500E+04   0.24267E+01   0.35495E+22
   0.40525E+04   0.14505E+04   0.24272E+01   0.35502E+22
   0.40536E+04   0.14509E+04   0.24277E+01   0.35509E+22
   0.40547E+04   0.14513E+04   0.24282E+01   0.35516E+22
   0.40559E+04   0.14517E+04   0.24287E+01   0.35523E+22
   0.40570E+04   0.14522E+04   0.24292E+01   0.35530E+22
   0.40581E+04   0.14526E+04   0.24297E+01   0.35537E+22
   0.40593E+04   0.14530E+04   0.24302E+01   0.35544E+22
   0.40604E+04   0.14534E+04   0.24307E+01   0.35551E+22
   0.40615E+04   0.14539E+04   0.24312E+01   0.35558E+22
   0.40627E+04   0.14543E+04   0.24317E+01   0.35565E+22
   0.40638E+04   0.14547E+04   0.24322E+01   0.35572E+22
   0.40649E+04   0.14551E+04   0.24327E+01   0.35579E+22
   0.40661E+04   0.14556E+04   0.24332E+01   0.35586E+22
   0.40672E+04   0.14560E+04   0.24337E+01   0.35593E+22
   0.40684E+04   0.14564E+04   0.24342E+01   0.35601E+22
   0.40695E+04   0.14568E+04   0.24347E+01   0.35608E+22
   0.40706E+04   0.14573E+04   0.24352E+01   0.35615E+22
   0.40718E+04   0.14577E+04   0.24357E+01   0.35622E+22
   0.40729E+04   0.14581E+04   0.24362E+01   0.35629E+22
   0.40740E+04   0.14586E+04   0.24367E+01   0.35636E+22
   0.40752E+04   0.14590E+04   0.24372E+01   0.35643E+22
   0.40763E+04   0.14594E+04   0.24377E+01   0.35650E+22
   0.40774E+04   0.14598E+04   0.24382E+01   0.35657E+22
   0.40786E+04   0.14603E+04   0.24387E+01   0.35664E+22
   0.40797E+04   0.14607E+04   0.24392E+01   0.35671E+22
   0.40808E+04   0.14611E+04   0.24397E+01   0.35678E+22
   0.40820E+04   0.14615E+04   0.24402E+01   0.35685E+22
   0.40831E+04   0.14620E+04   0.24407E+01   0.35692E+22
   0.40842E+04   0.14624E+04   0.24412E+01   0.35699E+22
   0.40854E+04   0.14628E+04   0.24417E+01   0.35706E+22
   0.40865E+04   0.14632E+04   0.24422E+01   0.35713E+22
   0.40877E+04   0.14637E+04   0.24427E+01   0.35720E+22
   0.40888E+04   0.14641E+04   0.24432E+01   0.35727E+22
   0.40899E+04   0.14645E+04   0.24437E+01   0.35734E+22
   0.40911E+04   0.14649E+04   0.24442E+01   0.35741E+22
   0.40922E+04   0.14654E+04   0.24447E+01   0.35748E+22
   0.40933E+04   0.14658E+04   0.24452E+01   0.35755E+22
   0.40945E+04   0.14662E+04   0.24457E+01   0.35762E+22
   0.40956E+04   0.14667E+04   0.24462E+01   0.35769E+22
   0.40967E+04   0.14671E+04   0.24467E+01   0.35776E+22
   0.40979E+04   0.14675E+04   0.24472E+01   0.35783E+22
   0.40990E+04   0.14679E+04   0.24477E+01   0.35790E+22
   0.41002E+04   0.14684E+04   0.24482E+01   0.35797E+22
   0.41013E+04   0.14688E+04   0.24487E+01   0.35804E+22
   0.41024E+04   0.14692E+04   0.24492E+01   0.35811E+22
   0.41036E+04   0.14696E+04   0.24497E+01   0.35818E+22
   0.41047E+04   0.14701E+04   0.24502E+01   0.35825E+22
   0.41058E+04   0.14705E+04   0.24507E+01   0.35832E+22
   0.41070E+04   0.14709E+04   0.24512E+01   0.35839E+22
   0.41081E+04   0.14713E+04   0.24517E+01   0.35846E+22
   0.41093E+04   0.14718E+04   0.24522E+01   0.35853E+22
   0.41104E+04   0.14722E+04   0.24527E+01   0.35860E+22
   0.41115E+04   0.14726E+04   0.24532E+01   0.35867E+22
   0.41127E+04   0.14731E+04   0.24537E+01   0.35874E+22
   0.41138E+04   0.14735E+04   0.24542E+01   0.35881E+22
   0.41150E+04   0.14739E+04   0.24547E+01   0.35888E+22
   0.41161E+04   0.14743E+04   0.24552E+01   0.35895E+22
   0.41172E+04   0.14748E+04   0.24557E+01   0.35902E+22
   0.41184E+04   0.14752E+04   0.24562E+01   0.35909E+22
   0.41195E+04   0.14756E+04   0.24567E+01   0.35916E+22
   0.41206E+04   0.14760E+04   0.24572E+01   0.35923E+22
   0.41218E+04   0.14765E+04   0.24577E+01   0.35930E+22
   0.41229E+04   0.14769E+04   0.24582E+01   0.35937E+22
   0.41241E+04   0.14773E+04   0.24587E+01   0.35944E+22
   0.41252E+04   0.14778E+04   0.24592E+01   0.35951E+22
   0.41263E+04   0.14782E+04   0.24597E+01   0.35958E+22
   0.41275E+04   0.14786E+04   0.24602E+01   0.35965E+22
   0.41286E+04   0.14790E+04   0.24607E+01   0.35972E+22
   0.41298E+04   0.14795E+04   0.24612E+01   0.35979E+22
   0.41309E+04   0.14799E+04   0.24617E+01   0.35986E+22
   0.41320E+04   0.14803E+04   0.24622E+01   0.35993E+22
   0.41332E+04   0.14807E+04   0.24627E+01   0.36000E+22
   0.41343E+04   0.14812E+04   0.24632E+01   0.36007E+22
   0.41355E+04   0.14816E+04   0.24637E+01   0.36014E+22
   0.41366E+04   0.14820E+04   0.24642E+01   0.36021E+22
   0.41377E+04   0.14825E+04   0.24647E+01   0.36028E+22
   0.41389E+04   0.14829E+04   0.24652E+01   0.36035E+22
   0.41400E+04   0.14833E+04   0.24657E+01   0.36042E+22
   0.41412E+04   0.14837E+04   0.24662E+01   0.36049E+22
   0.41423E+04   0.14842E+04   0.24667E+01   0.36056E+22
   0.41434E+04   0.14846E+04   0.24672E+01   0.36063E+22
   0.41446E+04   0.14850E+04   0.24677E+01   0.36070E+22
   0.41457E+04   0.14854E+04   0.24682E+01   0.36077E+22
   0.41469E+04   0.14859E+04   0.24687E+01   0.36084E+22
   0.41480E+04   0.14863E+04   0.24692E+01   0.36091E+22
   0.41491E+04   0.14867E+04   0.24697E+01   0.36098E+22
   0.41503E+04   0.14872E+04   0.24702E+01   0.36105E+22
   0.41514E+04   0.14876E+04   0.24707E+01   0.36112E+22
   0.41526E+04   0.14880E+04   0.24712E+01   0.36119E+22
   0.41537E+04   0.14884E+04   0.24717E+01   0.36126E+22
   0.41548E+04   0.14889E+04   0.24722E+01   0.36133E+22
   0.41560E+04   0.14893E+04   0.24727E+01   0.36140E+22
   0.41571E+04   0.14897E+04   0.24732E+01   0.36147E+22
   0.41583E+04   0.14902E+04   0.24737E+01   0.36154E+22
   0.41594E+04   0.14906E+04   0.24742E+01   0.36161E+22
   0.41606E+04   0.14910E+04   0.24747E+01   0.36168E+22
   0.41617E+04   0.14914E+04   0.24752E+01   0.36175E+22
   0.41628E+04   0.14919E+04   0.24757E+01   0.36182E+22
   0.41640E+04   0.14923E+04   0.24762E+01   0.36189E+22
   0.41651E+04   0.14927E+04   0.24767E+01   0.36196E+22
   0.41663E+04   0.14932E+04   0.24772E+01   0.36203E+22
   0.41674E+04   0.14936E+04   0.24777E+01   0.36210E+22
   0.41686E+04   0.14940E+04   0.24782E+01   0.36217E+22
   0.41697E+04   0.14944E+04   0.24787E+01   0.36224E+22
   0.41708E+04   0.14949E+04   0.24792E+01   0.36231E+22
   0.41720E+04   0.14953E+04   0.24797E+01   0.36238E+22
   0.41731E+04   0.14957E+04   0.24802E+01   0.36245E+22
   0.41743E+04   0.14962E+04   0.24807E+01   0.36252E+22
   0.41754E+04   0.14966E+04   0.24812E+01   0.36259E+22
   0.41766E+04   0.14970E+04   0.24817E+01   0.36266E+22
   0.41777E+04   0.14974E+04   0.24822E+01   0.36273E+22
   0.41788E+04   0.14979E+04   0.24827E+01   0.36280E+22
   0.41800E+04   0.14983E+04   0.24832E+01   0.36287E+22
   0.41811E+04   0.14987E+04   0.24837E+01   0.36294E+22
   0.41823E+04   0.14992E+04   0.24842E+01   0.36301E+22
   0.41834E+04   0.14996E+04   0.24847E+01   0.36308E+22
   0.41846E+04   0.15000E+04   0.24852E+01   0.36315E+22
   0.41857E+04   0.15004E+04   0.24857E+01   0.36322E+22
   0.41868E+04   0.15009E+04   0.24862E+01   0.36329E+22
   0.41880E+04   0.15013E+04   0.24867E+01   0.36336E+22
   0.41891E+04   0.15017E+04   0.24872E+01   0.36343E+22
   0.41903E+04   0.15022E+04   0.24877E+01   0.36350E+22
   0.41914E+04   0.15026E+04   0.24882E+01   0.36358E+22
   0.41926E+04   0.15030E+04   0.24887E+01   0.36365E+22
   0.41937E+04   0.15034E+04   0.24892E+01   0.36372E+22
   0.41949E+04   0.15039E+04   0.24897E+01   0.36379E+22
   0.41960E+04   0.15043E+04   0.24902E+01   0.36386E+22
   0.41971E+04   0.15047E+04   0.24907E+01   0.36393E+22
   0.41983E+04   0.15052E+04   0.24912E+01   0.36400E+22
   0.41994E+04   0.15056E+04   0.24917E+01   0.36407E+22
   0.42006E+04   0.15060E+04   0.24922E+01   0.36414E+22
   0.42017E+04   0.15064E+04   0.24927E+01   0.36421E+22
   0.42029E+04   0.15069E+04   0.24932E+01   0.36428E+22
   0.42040E+04   0.15073E+04   0.24937E+01   0.36435E+22
   0.42052E+04   0.15077E+04   0.24942E+01   0.36442E+22
   0.42063E+04   0.15082E+04   0.24947E+01   0.36449E+22
   0.42074E+04   0.15086E+04   0.24952E+01   0.36456E+22
   0.42086E+04   0.15090E+04   0.24957E+01   0.36463E+22
   0.42097E+04   0.15094E+04   0.24962E+01   0.36470E+22
   0.42109E+04   0.15099E+04   0.24967E+01   0.36477E+22
   0.42120E+04   0.15103E+04   0.24972E+01   0.36484E+22
   0.42132E+04   0.15107E+04   0.24977E+01   0.36491E+22
   0.42143E+04   0.15112E+04   0.24982E+01   0.36498E+22
   0.42155E+04   0.15116E+04   0.24987E+01   0.36505E+22
   0.42166E+04   0.15120E+04   0.24992E+01   0.36512E+22
   0.42178E+04   0.15125E+04   0.24997E+01   0.36519E+22
   0.42189E+04   0.15129E+04   0.25002E+01   0.36526E+22
   0.42201E+04   0.15133E+04   0.25007E+01   0.36533E+22
   0.42212E+04   0.15137E+04   0.25012E+01   0.36540E+22
   0.42223E+04   0.15142E+04   0.25017E+01   0.36547E+22
   0.42235E+04   0.15146E+04   0.25022E+01   0.36554E+22
   0.42246E+04   0.15150E+04   0.25027E+01   0.36561E+22
   0.42258E+04   0.15155E+04   0.25032E+01   0.36568E+22
   0.42269E+04   0.15159E+04   0.25037E+01   0.36575E+22
   0.42281E+04   0.15163E+04   0.25042E+01   0.36582E+22
   0.42292E+04   0.15167E+04   0.25047E+01   0.36589E+22
   0.42304E+04   0.15172E+04   0.25052E+01   0.36596E+22
   0.42315E+04   0.15176E+04   0.25057E+01   0.36603E+22
   0.42327E+04   0.15180E+04   0.25062E+01   0.36610E+22
   0.42338E+04   0.15185E+04   0.25067E+01   0.36617E+22
   0.42350E+04   0.15189E+04   0.25072E+01   0.36624E+22
   0.42361E+04   0.15193E+04   0.25077E+01   0.36631E+22
   0.42373E+04   0.15198E+04   0.25082E+01   0.36638E+22
   0.42384E+04   0.15202E+04   0.25087E+01   0.36645E+22
   0.42396E+04   0.15206E+04   0.25092E+01   0.36652E+22
   0.42407E+04   0.15210E+04   0.25097E+01   0.36659E+22
   0.42418E+04   0.15215E+04   0.25102E+01   0.36666E+22
   0.42430E+04   0.15219E+04   0.25107E+01   0.36673E+22
   0.42441E+04   0.15223E+04   0.25112E+01   0.36680E+22
   0.42453E+04   0.15228E+04   0.25117E+01   0.36687E+22
   0.42464E+04   0.15232E+04   0.25122E+01   0.36694E+22
   0.42476E+04   0.15236E+04   0.25127E+01   0.36701E+22
   0.42487E+04   0.15241E+04   0.25132E+01   0.36708E+22
   0.42499E+04   0.15245E+04   0.25137E+01   0.36715E+22
   0.42510E+04   0.15249E+04   0.25142E+01   0.36722E+22
   0.42522E+04   0.15253E+04   0.25147E+01   0.36729E+22
   0.42533E+04   0.15258E+04   0.25152E+01   0.36736E+22
   0.42545E+04   0.15262E+04   0.25157E+01   0.36743E+22
   0.42556E+04   0.15266E+04   0.25162E+01   0.36750E+22
   0.42568E+04   0.15271E+04   0.25167E+01   0.36757E+22
   0.42579E+04   0.15275E+04   0.25172E+01   0.36764E+22
   0.42591E+04   0.15279E+04   0.25177E+01   0.36771E+22
   0.42602E+04   0.15284E+04   0.25182E+01   0.36778E+22
   0.42614E+04   0.15288E+04   0.25187E+01   0.36785E+22
   0.42625E+04   0.15292E+04   0.25192E+01   0.36792E+22
   0.42637E+04   0.15297E+04   0.25197E+01   0.36799E+22
   0.42648E+04   0.15301E+04   0.25202E+01   0.36806E+22
   0.42660E+04   0.15305E+04   0.25207E+01   0.36813E+22
   0.42671E+04   0.15309E+04   0.25212E+01   0.36820E+22
   0.42683E+04   0.15314E+04   0.25217E+01   0.36827E+22
   0.42694E+04   0.15318E+04   0.25222E+01   0.36834E+22
   0.42706E+04   0.15322E+04   0.25227E+01   0.36841E+22
   0.42717E+04   0.15327E+04   0.25232E+01   0.36848E+22
   0.42729E+04   0.15331E+04   0.25237E+01   0.36855E+22
   0.42740E+04   0.15335E+04   0.25242E+01   0.36862E+22
   0.42752E+04   0.15340E+04   0.25247E+01   0.36869E+22
   0.42763E+04   0.15344E+04   0.25252E+01   0.36876E+22
   0.42775E+04   0.15348E+04   0.25257E+01   0.36883E+22
   0.42786E+04   0.15352E+04   0.25262E+01   0.36890E+22
   0.42798E+04   0.15357E+04   0.25267E+01   0.36897E+22
   0.42809E+04   0.15361E+04   0.25272E+01   0.36904E+22
   0.42821E+04   0.15365E+04   0.25277E+01   0.36912E+22
   0.42832E+04   0.15370E+04   0.25282E+01   0.36919E+22
   0.42844E+04   0.15374E+04   0.25287E+01   0.36926E+22
   0.42855E+04   0.15378E+04   0.25292E+01   0.36933E+22
   0.42867E+04   0.15383E+04   0.25297E+01   0.36940E+22
   0.42878E+04   0.15387E+04   0.25302E+01   0.36947E+22
   0.42890E+04   0.15391E+04   0.25307E+01   0.36954E+22
   0.42901E+04   0.15396E+04   0.25312E+01   0.36961E+22
   0.42913E+04   0.15400E+04   0.25317E+01   0.36968E+22
   0.42924E+04   0.15404E+04   0.25322E+01   0.36975E+22
   0.42936E+04   0.15409E+04   0.25327E+01   0.36982E+22
   0.42947E+04   0.15413E+04   0.25332E+01   0.36989E+22
   0.42959E+04   0.15417E+04   0.25337E+01   0.36996E+22
   0.42971E+04   0.15421E+04   0.25342E+01   0.37003E+22
   0.42982E+04   0.15426E+04   0.25347E+01   0.37010E+22
   0.42994E+04   0.15430E+04   0.25352E+01   0.37017E+22
   0.43005E+04   0.15434E+04   0.25357E+01   0.37024E+22
   0.43017E+04   0.15439E+04   0.25362E+01   0.37031E+22
   0.43028E+04   0.15443E+04   0.25367E+01   0.37038E+22
   0.43040E+04   0.15447E+04   0.25372E+01   0.37045E+22
   0.43051E+04   0.15452E+04   0.25377E+01   0.37052E+22
   0.43063E+04   0.15456E+04   0.25382E+01   0.37059E+22
   0.43074E+04   0.15460E+04   0.25387E+01   0.37066E+22
   0.43086E+04   0.15465E+04   0.25392E+01   0.37073E+22
   0.43097E+04   0.15469E+04   0.25397E+01   0.37080E+22
   0.43109E+04   0.15473E+04   0.25402E+01   0.37087E+22
   0.43120E+04   0.15478E+04   0.25407E+01   0.37094E+22
   0.43132E+04   0.15482E+04   0.25412E+01   0.37101E+22
   0.43143E+04   0.15486E+04   0.25417E+01   0.37108E+22
   0.43155E+04   0.15491E+04   0.25422E+01   0.37115E+22
   0.43166E+04   0.15495E+04   0.25427E+01   0.37122E+22
   0.43178E+04   0.15499E+04   0.25432E+01   0.37129E+22
   0.43190E+04   0.15503E+04   0.25437E+01   0.37136E+22
   0.43201E+04   0.15508E+04   0.25442E+01   0.37143E+22
   0.43213E+04   0.15512E+04   0.25447E+01   0.37150E+22
   0.43224E+04   0.15516E+04   0.25452E+01   0.37157E+22
   0.43236E+04   0.15521E+04   0.25457E+01   0.37164E+22
   0.43247E+04   0.15525E+04   0.25462E+01   0.37171E+22
   0.43259E+04   0.15529E+04   0.25467E+01   0.37178E+22
   0.43270E+04   0.15534E+04   0.25472E+01   0.37185E+22
   0.43282E+04   0.15538E+04   0.25477E+01   0.37192E+22
   0.43293E+04   0.15542E+04   0.25482E+01   0.37199E+22
   0.43305E+04   0.15547E+04   0.25487E+01   0.37206E+22
   0.43317E+04   0.15551E+04   0.25492E+01   0.37213E+22
   0.43328E+04   0.15555E+04   0.25497E+01   0.37220E+22
   0.43340E+04   0.15560E+04   0.25502E+01   0.37227E+22
   0.43351E+04   0.15564E+04   0.25507E+01   0.37234E+22
   0.43363E+04   0.15568E+04   0.25512E+01   0.37241E+22
   0.43374E+04   0.15573E+04   0.25517E+01   0.37248E+22
   0.43386E+04   0.15577E+04   0.25522E+01   0.37255E+22
   0.43397E+04   0.15581E+04   0.25527E+01   0.37262E+22
   0.43409E+04   0.15586E+04   0.25532E+01   0.37269E+22
   0.43420E+04   0.15590E+04   0.25537E+01   0.37276E+22
   0.43432E+04   0.15594E+04   0.25542E+01   0.37283E+22
   0.43444E+04   0.15599E+04   0.25547E+01   0.37290E+22
   0.43455E+04   0.15603E+04   0.25552E+01   0.37297E+22
   0.43467E+04   0.15607E+04   0.25557E+01   0.37304E+22
   0.43478E+04   0.15611E+04   0.25562E+01   0.37311E+22
   0.43490E+04   0.15616E+04   0.25567E+01   0.37318E+22
   0.43501E+04   0.15620E+04   0.25572E+01   0.37325E+22
   0.43513E+04   0.15624E+04   0.25577E+01   0.37332E+22
   0.43524E+04   0.15629E+04   0.25582E+01   0.37339E+22
   0.43536E+04   0.15633E+04   0.25587E+01   0.37346E+22
   0.43548E+04   0.15637E+04   0.25592E+01   0.37353E+22
   0.43559E+04   0.15642E+04   0.25597E+01   0.37360E+22
   0.43571E+04   0.15646E+04   0.25602E+01   0.37367E+22
   0.43582E+04   0.15650E+04   0.25607E+01   0.37374E+22
   0.43594E+04   0.15655E+04   0.25612E+01   0.37382E+22
   0.43605E+04   0.15659E+04   0.25617E+01   0.37389E+22
   0.43617E+04   0.15663E+04   0.25622E+01   0.37396E+22
   0.43629E+04   0.15668E+04   0.25627E+01   0.37403E+22
   0.43640E+04   0.15672E+04   0.25632E+01   0.37410E+22
   0.43652E+04   0.15676E+04   0.25637E+01   0.37417E+22
   0.43663E+04   0.15681E+04   0.25642E+01   0.37424E+22
   0.43675E+04   0.15685E+04   0.25647E+01   0.37431E+22
   0.43686E+04   0.15689E+04   0.25652E+01   0.37438E+22
   0.43698E+04   0.15694E+04   0.25657E+01   0.37445E+22
   0.43710E+04   0.15698E+04   0.25662E+01   0.37452E+22
   0.43721E+04   0.15702E+04   0.25667E+01   0.37459E+22
   0.43733E+04   0.15707E+04   0.25672E+01   0.37466E+22
   0.43744E+04   0.15711E+04   0.25677E+01   0.37473E+22
   0.43756E+04   0.15715E+04   0.25682E+01   0.37480E+22
   0.43767E+04   0.15720E+04   0.25687E+01   0.37487E+22
   0.43779E+04   0.15724E+04   0.25692E+01   0.37494E+22
   0.43791E+04   0.15728E+04   0.25697E+01   0.37501E+22
   0.43802E+04   0.15733E+04   0.25702E+01   0.37508E+22
   0.43814E+04   0.15737E+04   0.25707E+01   0.37515E+22
   0.43825E+04   0.15741E+04   0.25712E+01   0.37522E+22
   0.43837E+04   0.15746E+04   0.25717E+01   0.37529E+22
   0.43849E+04   0.15750E+04   0.25722E+01   0.37536E+22
   0.43860E+04   0.15754E+04   0.25727E+01   0.37543E+22
   0.43872E+04   0.15759E+04   0.25732E+01   0.37550E+22
   0.43883E+04   0.15763E+04   0.25737E+01   0.37557E+22
   0.43895E+04   0.15767E+04   0.25742E+01   0.37564E+22
   0.43906E+04   0.15772E+04   0.25747E+01   0.37571E+22
   0.43918E+04   0.15776E+04   0.25752E+01   0.37578E+22
   0.43930E+04   0.15780E+04   0.25757E+01   0.37585E+22
   0.43941E+04   0.15785E+04   0.25762E+01   0.37592E+22
   0.43953E+04   0.15789E+04   0.25767E+01   0.37599E+22
   0.43964E+04   0.15793E+04   0.25772E+01   0.37606E+22
   0.43976E+04   0.15798E+04   0.25777E+01   0.37613E+22
   0.43988E+04   0.15802E+04   0.25782E+01   0.37620E+22
   0.43999E+04   0.15806E+04   0.25787E+01   0.37627E+22
   0.44011E+04   0.15811E+04   0.25792E+01   0.37634E+22
   0.44022E+04   0.15815E+04   0.25797E+01   0.37641E+22
   0.44034E+04   0.15819E+04   0.25802E+01   0.37648E+22
   0.44046E+04   0.15824E+04   0.25807E+01   0.37655E+22
   0.44057E+04   0.15828E+04   0.25812E+01   0.37662E+22
   0.44069E+04   0.15832E+04   0.25817E+01   0.37669E+22
   0.44080E+04   0.15837E+04   0.25822E+01   0.37676E+22
   0.44092E+04   0.15841E+04   0.25827E+01   0.37683E+22
   0.44104E+04   0.15845E+04   0.25832E+01   0.37690E+22
   0.44115E+04   0.15850E+04   0.25837E+01   0.37697E+22
   0.44127E+04   0.15854E+04   0.25842E+01   0.37704E+22
   0.44138E+04   0.15858E+04   0.25847E+01   0.37711E+22
   0.44150E+04   0.15863E+04   0.25852E+01   0.37718E+22
   0.44162E+04   0.15867E+04   0.25857E+01   0.37725E+22
   0.44173E+04   0.15871E+04   0.25862E+01   0.37732E+22
   0.44185E+04   0.15876E+04   0.25867E+01   0.37739E+22
   0.44196E+04   0.15880E+04   0.25872E+01   0.37746E+22
   0.44208E+04   0.15884E+04   0.25877E+01   0.37753E+22
   0.44220E+04   0.15889E+04   0.25882E+01   0.37760E+22
   0.44231E+04   0.15893E+04   0.25887E+01   0.37767E+22
   0.44243E+04   0.15897E+04   0.25892E+01   0.37774E+22
   0.44255E+04   0.15902E+04   0.25897E+01   0.37781E+22
   0.44266E+04   0.15906E+04   0.25902E+01   0.37789E+22
   0.44278E+04   0.15910E+04   0.25907E+01   0.37796E+22
   0.44289E+04   0.15915E+04   0.25912E+01   0.37803E+22
   0.44301E+04   0.15919E+04   0.25917E+01   0.37810E+22
   0.44313E+04   0.15924E+04   0.25922E+01   0.37817E+22
   0.44324E+04   0.15928E+04   0.25927E+01   0.37824E+22
   0.44336E+04   0.15932E+04   0.25932E+01   0.37831E+22
   0.44347E+04   0.15937E+04   0.25937E+01   0.37838E+22
   0.44359E+04   0.15941E+04   0.25942E+01   0.37845E+22
   0.44371E+04   0.15945E+04   0.25947E+01   0.37852E+22
   0.44382E+04   0.15950E+04   0.25952E+01   0.37859E+22
   0.44394E+04   0.15954E+04   0.25957E+01   0.37866E+22
   0.44406E+04   0.15958E+04   0.25962E+01   0.37873E+22
   0.44417E+04   0.15963E+04   0.25967E+01   0.37880E+22
   0.44429E+04   0.15967E+04   0.25972E+01   0.37887E+22
   0.44440E+04   0.15971E+04   0.25977E+01   0.37894E+22
   0.44452E+04   0.15976E+04   0.25982E+01   0.37901E+22
   0.44464E+04   0.15980E+04   0.25987E+01   0.37908E+22
   0.44475E+04   0.15984E+04   0.25992E+01   0.37915E+22
   0.44487E+04   0.15989E+04   0.25997E+01   0.37922E+22
   0.44499E+04   0.15993E+04   0.26002E+01   0.37929E+22
   0.44510E+04   0.15997E+04   0.26007E+01   0.37936E+22
   0.44522E+04   0.16002E+04   0.26012E+01   0.37943E+22
   0.44534E+04   0.16006E+04   0.26017E+01   0.37950E+22
   0.44545E+04   0.16010E+04   0.26022E+01   0.37957E+22
   0.44557E+04   0.16015E+04   0.26027E+01   0.37964E+22
   0.44568E+04   0.16019E+04   0.26032E+01   0.37971E+22
   0.44580E+04   0.16023E+04   0.26037E+01   0.37978E+22
   0.44592E+04   0.16028E+04   0.26042E+01   0.37985E+22
   0.44603E+04   0.16032E+04   0.26047E+01   0.37992E+22
   0.44615E+04   0.16037E+04   0.26052E+01   0.37999E+22
   0.44627E+04   0.16041E+04   0.26057E+01   0.38006E+22
   0.44638E+04   0.16045E+04   0.26062E+01   0.38013E+22
   0.44650E+04   0.16050E+04   0.26067E+01   0.38020E+22
   0.44662E+04   0.16054E+04   0.26072E+01   0.38027E+22
   0.44673E+04   0.16058E+04   0.26077E+01   0.38034E+22
   0.44685E+04   0.16063E+04   0.26082E+01   0.38041E+22
   0.44696E+04   0.16067E+04   0.26087E+01   0.38048E+22
   0.44708E+04   0.16071E+04   0.26092E+01   0.38055E+22
   0.44720E+04   0.16076E+04   0.26097E+01   0.38062E+22
   0.44731E+04   0.16080E+04   0.26102E+01   0.38069E+22
   0.44743E+04   0.16084E+04   0.26107E+01   0.38076E+22
   0.44755E+04   0.16089E+04   0.26112E+01   0.38083E+22
   0.44766E+04   0.16093E+04   0.26117E+01   0.38090E+22
   0.44778E+04   0.16097E+04   0.26122E+01   0.38097E+22
   0.44790E+04   0.16102E+04   0.26127E+01   0.38104E+22
   0.44801E+04   0.16106E+04   0.26132E+01   0.38111E+22
   0.44813E+04   0.16111E+04   0.26137E+01   0.38118E+22
   0.44825E+04   0.16115E+04   0.26142E+01   0.38125E+22
   0.44836E+04   0.16119E+04   0.26147E+01   0.38132E+22
   0.44848E+04   0.16124E+04   0.26152E+01   0.38139E+22
   0.44860E+04   0.16128E+04   0.26157E+01   0.38146E+22
   0.44871E+04   0.16132E+04   0.26162E+01   0.38153E+22
   0.44883E+04   0.16137E+04   0.26167E+01   0.38161E+22
   0.44895E+04   0.16141E+04   0.26172E+01   0.38168E+22
   0.44906E+04   0.16145E+04   0.26177E+01   0.38175E+22
   0.44918E+04   0.16150E+04   0.26182E+01   0.38182E+22
   0.44930E+04   0.16154E+04   0.26187E+01   0.38189E+22
   0.44941E+04   0.16158E+04   0.26192E+01   0.38196E+22
   0.44953E+04   0.16163E+04   0.26197E+01   0.38203E+22
   0.44965E+04   0.16167E+04   0.26202E+01   0.38210E+22
   0.44976E+04   0.16172E+04   0.26207E+01   0.38217E+22
   0.44988E+04   0.16176E+04   0.26212E+01   0.38224E+22
   0.45000E+04   0.16180E+04   0.26217E+01   0.38231E+22
   0.45011E+04   0.16185E+04   0.26222E+01   0.38238E+22
   0.45023E+04   0.16189E+04   0.26227E+01   0.38245E+22
   0.45035E+04   0.16193E+04   0.26232E+01   0.38252E+22
   0.45046E+04   0.16198E+04   0.26237E+01   0.38259E+22
   0.45058E+04   0.16202E+04   0.26242E+01   0.38266E+22
   0.45070E+04   0.16206E+04   0.26247E+01   0.38273E+22
   0.45081E+04   0.16211E+04   0.26252E+01   0.38280E+22
   0.45093E+04   0.16215E+04   0.26257E+01   0.38287E+22
   0.45105E+04   0.16219E+04   0.26262E+01   0.38294E+22
   0.45116E+04   0.16224E+04   0.26267E+01   0.38301E+22
   0.45128E+04   0.16228E+04   0.26272E+01   0.38308E+22
   0.45140E+04   0.16233E+04   0.26277E+01   0.38315E+22
   0.45151E+04   0.16237E+04   0.26282E+01   0.38322E+22
   0.45163E+04   0.16241E+04   0.26287E+01   0.38329E+22
   0.45175E+04   0.16246E+04   0.26292E+01   0.38336E+22
   0.45186E+04   0.16250E+04   0.26297E+01   0.38343E+22
   0.45198E+04   0.16254E+04   0.26302E+01   0.38350E+22
   0.45210E+04   0.16259E+04   0.26307E+01   0.38357E+22
   0.45221E+04   0.16263E+04   0.26312E+01   0.38364E+22
   0.45233E+04   0.16267E+04   0.26317E+01   0.38371E+22
   0.45245E+04   0.16272E+04   0.26322E+01   0.38378E+22
   0.45256E+04   0.16276E+04   0.26327E+01   0.38385E+22
   0.45268E+04   0.16281E+04   0.26332E+01   0.38392E+22
   0.45280E+04   0.16285E+04   0.26337E+01   0.38399E+22
   0.45292E+04   0.16289E+04   0.26342E+01   0.38406E+22
   0.45303E+04   0.16294E+04   0.26347E+01   0.38413E+22
   0.45315E+04   0.16298E+04   0.26352E+01   0.38420E+22
   0.45327E+04   0.16302E+04   0.26357E+01   0.38427E+22
   0.45338E+04   0.16307E+04   0.26362E+01   0.38434E+22
   0.45350E+04   0.16311E+04   0.26367E+01   0.38441E+22
   0.45362E+04   0.16315E+04   0.26372E+01   0.38448E+22
   0.45373E+04   0.16320E+04   0.26377E+01   0.38455E+22
   0.45385E+04   0.16324E+04   0.26382E+01   0.38462E+22
   0.45397E+04   0.16329E+04   0.26387E+01   0.38469E+22
   0.45408E+04   0.16333E+04   0.26392E+01   0.38476E+22
   0.45420E+04   0.16337E+04   0.26397E+01   0.38483E+22
   0.45432E+04   0.16342E+04   0.26402E+01   0.38490E+22
   0.45444E+04   0.16346E+04   0.26407E+01   0.38497E+22
   0.45455E+04   0.16350E+04   0.26412E+01   0.38505E+22
   0.45467E+04   0.16355E+04   0.26417E+01   0.38512E+22
   0.45479E+04   0.16359E+04   0.26422E+01   0.38519E+22
   0.45490E+04   0.16364E+04   0.26427E+01   0.38526E+22
   0.45502E+04   0.16368E+04   0.26432E+01   0.38533E+22
   0.45514E+04   0.16372E+04   0.26437E+01   0.38540E+22
   0.45525E+04   0.16377E+04   0.26442E+01   0.38547E+22
   0.45537E+04   0.16381E+04   0.26447E+01   0.38554E+22
   0.45549E+04   0.16385E+04   0.26452E+01   0.38561E+22
   0.45561E+04   0.16390E+04   0.26457E+01   0.38568E+22
   0.45572E+04   0.16394E+04   0.26462E+01   0.38575E+22
   0.45584E+04   0.16398E+04   0.26467E+01   0.38582E+22
   0.45596E+04   0.16403E+04   0.26472E+01   0.38589E+22
   0.45607E+04   0.16407E+04   0.26477E+01   0.38596E+22
   0.45619E+04   0.16412E+04   0.26482E+01   0.38603E+22
   0.45631E+04   0.16416E+04   0.26487E+01   0.38610E+22
   0.45643E+04   0.16420E+04   0.26492E+01   0.38617E+22
   0.45654E+04   0.16425E+04   0.26497E+01   0.38624E+22
   0.45666E+04   0.16429E+04   0.26502E+01   0.38631E+22
   0.45678E+04   0.16433E+04   0.26507E+01   0.38638E+22
   0.45689E+04   0.16438E+04   0.26512E+01   0.38645E+22
   0.45701E+04   0.16442E+04   0.26517E+01   0.38652E+22
   0.45713E+04   0.16447E+04   0.26522E+01   0.38659E+22
   0.45725E+04   0.16451E+04   0.26527E+01   0.38666E+22
   0.45736E+04   0.16455E+04   0.26532E+01   0.38673E+22
   0.45748E+04   0.16460E+04   0.26537E+01   0.38680E+22
   0.45760E+04   0.16464E+04   0.26542E+01   0.38687E+22
   0.45771E+04   0.16468E+04   0.26547E+01   0.38694E+22
   0.45783E+04   0.16473E+04   0.26552E+01   0.38701E+22
   0.45795E+04   0.16477E+04   0.26557E+01   0.38708E+22
   0.45807E+04   0.16482E+04   0.26562E+01   0.38715E+22
   0.45818E+04   0.16486E+04   0.26567E+01   0.38722E+22
   0.45830E+04   0.16490E+04   0.26572E+01   0.38729E+22
   0.45842E+04   0.16495E+04   0.26577E+01   0.38736E+22
   0.45854E+04   0.16499E+04   0.26582E+01   0.38743E+22
   0.45865E+04   0.16503E+04   0.26587E+01   0.38750E+22
   0.45877E+04   0.16508E+04   0.26592E+01   0.38757E+22
   0.45889E+04   0.16512E+04   0.26597E+01   0.38764E+22
   0.45900E+04   0.16517E+04   0.26602E+01   0.38771E+22
   0.45912E+04   0.16521E+04   0.26607E+01   0.38778E+22
   0.45924E+04   0.16525E+04   0.26612E+01   0.38785E+22
   0.45936E+04   0.16530E+04   0.26617E+01   0.38792E+22
   0.45947E+04   0.16534E+04   0.26622E+01   0.38799E+22
   0.45959E+04   0.16538E+04   0.26627E+01   0.38806E+22
   0.45971E+04   0.16543E+04   0.26632E+01   0.38813E+22
   0.45983E+04   0.16547E+04   0.26637E+01   0.38820E+22
   0.45994E+04   0.16552E+04   0.26642E+01   0.38828E+22
   0.46006E+04   0.16556E+04   0.26647E+01   0.38835E+22
   0.46018E+04   0.16560E+04   0.26652E+01   0.38842E+22
   0.46030E+04   0.16565E+04   0.26657E+01   0.38849E+22
   0.46041E+04   0.16569E+04   0.26662E+01   0.38856E+22
   0.46053E+04   0.16574E+04   0.26667E+01   0.38863E+22
   0.46065E+04   0.16578E+04   0.26672E+01   0.38870E+22
   0.46077E+04   0.16582E+04   0.26677E+01   0.38877E+22
   0.46088E+04   0.16587E+04   0.26682E+01   0.38884E+22
   0.46100E+04   0.16591E+04   0.26687E+01   0.38891E+22
   0.46112E+04   0.16595E+04   0.26692E+01   0.38898E+22
   0.46124E+04   0.16600E+04   0.26697E+01   0.38905E+22
   0.46135E+04   0.16604E+04   0.26702E+01   0.38912E+22
   0.46147E+04   0.16609E+04   0.26707E+01   0.38919E+22
   0.46159E+04   0.16613E+04   0.26712E+01   0.38926E+22
   0.46171E+04   0.16617E+04   0.26717E+01   0.38933E+22
   0.46182E+04   0.16622E+04   0.26722E+01   0.38940E+22
   0.46194E+04   0.16626E+04   0.26727E+01   0.38947E+22
   0.46206E+04   0.16631E+04   0.26732E+01   0.38954E+22
   0.46218E+04   0.16635E+04   0.26737E+01   0.38961E+22
   0.46229E+04   0.16639E+04   0.26742E+01   0.38968E+22
   0.46241E+04   0.16644E+04   0.26747E+01   0.38975E+22
   0.46253E+04   0.16648E+04   0.26752E+01   0.38982E+22
   0.46265E+04   0.16652E+04   0.26757E+01   0.38989E+22
   0.46276E+04   0.16657E+04   0.26762E+01   0.38996E+22
   0.46288E+04   0.16661E+04   0.26767E+01   0.39003E+22
   0.46300E+04   0.16666E+04   0.26772E+01   0.39010E+22
   0.46312E+04   0.16670E+04   0.26777E+01   0.39017E+22
   0.46323E+04   0.16674E+04   0.26782E+01   0.39024E+22
   0.46335E+04   0.16679E+04   0.26787E+01   0.39031E+22
   0.46347E+04   0.16683E+04   0.26792E+01   0.39038E+22
   0.46359E+04   0.16688E+04   0.26797E+01   0.39045E+22
   0.46370E+04   0.16692E+04   0.26802E+01   0.39052E+22
   0.46382E+04   0.16696E+04   0.26807E+01   0.39059E+22
   0.46394E+04   0.16701E+04   0.26812E+01   0.39066E+22
   0.46406E+04   0.16705E+04   0.26817E+01   0.39073E+22
   0.46417E+04   0.16709E+04   0.26822E+01   0.39080E+22
   0.46429E+04   0.16714E+04   0.26827E+01   0.39087E+22
   0.46441E+04   0.16718E+04   0.26832E+01   0.39094E+22
   0.46453E+04   0.16723E+04   0.26837E+01   0.39101E+22
   0.46465E+04   0.16727E+04   0.26842E+01   0.39108E+22
   0.46476E+04   0.16731E+04   0.26847E+01   0.39115E+22
   0.46488E+04   0.16736E+04   0.26852E+01   0.39122E+22
   0.46500E+04   0.16740E+04   0.26857E+01   0.39130E+22
   0.46512E+04   0.16745E+04   0.26862E+01   0.39137E+22
   0.46523E+04   0.16749E+04   0.26867E+01   0.39144E+22
   0.46535E+04   0.16753E+04   0.26872E+01   0.39151E+22
   0.46547E+04   0.16758E+04   0.26877E+01   0.39158E+22
   0.46559E+04   0.16762E+04   0.26882E+01   0.39165E+22
   0.46571E+04   0.16767E+04   0.26887E+01   0.39172E+22
   0.46582E+04   0.16771E+04   0.26892E+01   0.39179E+22
   0.46594E+04   0.16775E+04   0.26897E+01   0.39186E+22
   0.46606E+04   0.16780E+04   0.26902E+01   0.39193E+22
   0.46618E+04   0.16784E+04   0.26907E+01   0.39200E+22
   0.46629E+04   0.16789E+04   0.26912E+01   0.39207E+22
   0.46641E+04   0.16793E+04   0.26917E+01   0.39214E+22
   0.46653E+04   0.16797E+04   0.26922E+01   0.39221E+22
   0.46665E+04   0.16802E+04   0.26927E+01   0.39228E+22
   0.46677E+04   0.16806E+04   0.26932E+01   0.39235E+22
   0.46688E+04   0.16811E+04   0.26937E+01   0.39242E+22
   0.46700E+04   0.16815E+04   0.26942E+01   0.39249E+22
   0.46712E+04   0.16819E+04   0.26947E+01   0.39256E+22
   0.46724E+04   0.16824E+04   0.26952E+01   0.39263E+22
   0.46735E+04   0.16828E+04   0.26957E+01   0.39270E+22
   0.46747E+04   0.16832E+04   0.26962E+01   0.39277E+22
   0.46759E+04   0.16837E+04   0.26967E+01   0.39284E+22
   0.46771E+04   0.16841E+04   0.26972E+01   0.39291E+22
   0.46783E+04   0.16846E+04   0.26977E+01   0.39298E+22
   0.46794E+04   0.16850E+04   0.26982E+01   0.39305E+22
   0.46806E+04   0.16854E+04   0.26987E+01   0.39312E+22
   0.46818E+04   0.16859E+04   0.26992E+01   0.39319E+22
   0.46830E+04   0.16863E+04   0.26997E+01   0.39326E+22
   0.46842E+04   0.16868E+04   0.27002E+01   0.39333E+22
   0.46853E+04   0.16872E+04   0.27007E+01   0.39340E+22
   0.46865E+04   0.16876E+04   0.27012E+01   0.39347E+22
   0.46877E+04   0.16881E+04   0.27017E+01   0.39354E+22
   0.46889E+04   0.16885E+04   0.27022E+01   0.39361E+22
   0.46901E+04   0.16890E+04   0.27027E+01   0.39368E+22
   0.46912E+04   0.16894E+04   0.27032E+01   0.39375E+22
   0.46924E+04   0.16898E+04   0.27037E+01   0.39382E+22
   0.46936E+04   0.16903E+04   0.27042E+01   0.39389E+22
   0.46948E+04   0.16907E+04   0.27047E+01   0.39396E+22
   0.46960E+04   0.16912E+04   0.27052E+01   0.39403E+22
   0.46971E+04   0.16916E+04   0.27057E+01   0.39410E+22
   0.46983E+04   0.16920E+04   0.27062E+01   0.39418E+22
   0.46995E+04   0.16925E+04   0.27067E+01   0.39425E+22
   0.47007E+04   0.16929E+04   0.27072E+01   0.39432E+22
   0.47019E+04   0.16934E+04   0.27077E+01   0.39439E+22
   0.47030E+04   0.16938E+04   0.27082E+01   0.39446E+22
   0.47042E+04   0.16942E+04   0.27087E+01   0.39453E+22
   0.47054E+04   0.16947E+04   0.27092E+01   0.39460E+22
   0.47066E+04   0.16951E+04   0.27097E+01   0.39467E+22
   0.47078E+04   0.16956E+04   0.27102E+01   0.39474E+22
   0.47090E+04   0.16960E+04   0.27107E+01   0.39481E+22
   0.47101E+04   0.16964E+04   0.27112E+01   0.39488E+22
   0.47113E+04   0.16969E+04   0.27117E+01   0.39495E+22
   0.47125E+04   0.16973E+04   0.27122E+01   0.39502E+22
   0.47137E+04   0.16978E+04   0.27127E+01   0.39509E+22
   0.47149E+04   0.16982E+04   0.27132E+01   0.39516E+22
   0.47160E+04   0.16987E+04   0.27137E+01   0.39523E+22
   0.47172E+04   0.16991E+04   0.27142E+01   0.39530E+22
   0.47184E+04   0.16995E+04   0.27147E+01   0.39537E+22
   0.47196E+04   0.17000E+04   0.27152E+01   0.39544E+22
   0.47208E+04   0.17004E+04   0.27157E+01   0.39551E+22
   0.47220E+04   0.17009E+04   0.27162E+01   0.39558E+22
   0.47231E+04   0.17013E+04   0.27167E+01   0.39565E+22
   0.47243E+04   0.17017E+04   0.27172E+01   0.39572E+22
   0.47255E+04   0.17022E+04   0.27177E+01   0.39579E+22
   0.47267E+04   0.17026E+04   0.27182E+01   0.39586E+22
   0.47279E+04   0.17031E+04   0.27187E+01   0.39593E+22
   0.47291E+04   0.17035E+04   0.27192E+01   0.39600E+22
   0.47302E+04   0.17039E+04   0.27197E+01   0.39607E+22
   0.47314E+04   0.17044E+04   0.27202E+01   0.39614E+22
   0.47326E+04   0.17048E+04   0.27207E+01   0.39621E+22
   0.47338E+04   0.17053E+04   0.27212E+01   0.39628E+22
   0.47350E+04   0.17057E+04   0.27217E+01   0.39635E+22
   0.47362E+04   0.17061E+04   0.27222E+01   0.39642E+22
   0.47373E+04   0.17066E+04   0.27227E+01   0.39649E+22
   0.47385E+04   0.17070E+04   0.27232E+01   0.39656E+22
   0.47397E+04   0.17075E+04   0.27237E+01   0.39663E+22
   0.47409E+04   0.17079E+04   0.27242E+01   0.39670E+22
   0.47421E+04   0.17084E+04   0.27247E+01   0.39677E+22
   0.47433E+04   0.17088E+04   0.27252E+01   0.39684E+22
   0.47444E+04   0.17092E+04   0.27257E+01   0.39692E+22
   0.47456E+04   0.17097E+04   0.27262E+01   0.39699E+22
   0.47468E+04   0.17101E+04   0.27267E+01   0.39706E+22
   0.47480E+04   0.17106E+04   0.27272E+01   0.39713E+22
   0.47492E+04   0.17110E+04   0.27277E+01   0.39720E+22
   0.47504E+04   0.17114E+04   0.27282E+01   0.39727E+22
   0.47515E+04   0.17119E+04   0.27287E+01   0.39734E+22
   0.47527E+04   0.17123E+04   0.27292E+01   0.39741E+22
   0.47539E+04   0.17128E+04   0.27297E+01   0.39748E+22
   0.47551E+04   0.17132E+04   0.27302E+01   0.39755E+22
   0.47563E+04   0.17136E+04   0.27307E+01   0.39762E+22
   0.47575E+04   0.17141E+04   0.27312E+01   0.39769E+22
   0.47586E+04   0.17145E+04   0.27317E+01   0.39776E+22
   0.47598E+04   0.17150E+04   0.27322E+01   0.39783E+22
   0.47610E+04   0.17154E+04   0.27327E+01   0.39790E+22
   0.47622E+04   0.17159E+04   0.27332E+01   0.39797E+22
   0.47634E+04   0.17163E+04   0.27337E+01   0.39804E+22
   0.47646E+04   0.17167E+04   0.27342E+01   0.39811E+22
   0.47658E+04   0.17172E+04   0.27347E+01   0.39818E+22
   0.47669E+04   0.17176E+04   0.27352E+01   0.39825E+22
   0.47681E+04   0.17181E+04   0.27357E+01   0.39832E+22
   0.47693E+04   0.17185E+04   0.27362E+01   0.39839E+22
   0.47705E+04   0.17189E+04   0.27367E+01   0.39846E+22
   0.47717E+04   0.17194E+04   0.27372E+01   0.39853E+22
   0.47729E+04   0.17198E+04   0.27377E+01   0.39860E+22
   0.47741E+04   0.17203E+04   0.27382E+01   0.39867E+22
   0.47752E+04   0.17207E+04   0.27387E+01   0.39874E+22
   0.47764E+04   0.17212E+04   0.27392E+01   0.39881E+22
   0.47776E+04   0.17216E+04   0.27397E+01   0.39888E+22
   0.47788E+04   0.17220E+04   0.27402E+01   0.39895E+22
   0.47800E+04   0.17225E+04   0.27407E+01   0.39902E+22
   0.47812E+04   0.17229E+04   0.27412E+01   0.39909E+22
   0.47824E+04   0.17234E+04   0.27417E+01   0.39916E+22
   0.47835E+04   0.17238E+04   0.27422E+01   0.39923E+22
   0.47847E+04   0.17242E+04   0.27427E+01   0.39930E+22
   0.47859E+04   0.17247E+04   0.27432E+01   0.39937E+22
   0.47871E+04   0.17251E+04   0.27437E+01   0.39944E+22
   0.47883E+04   0.17256E+04   0.27442E+01   0.39951E+22
   0.47895E+04   0.17260E+04   0.27447E+01   0.39959E+22
   0.47907E+04   0.17265E+04   0.27452E+01   0.39966E+22
   0.47919E+04   0.17269E+04   0.27457E+01   0.39973E+22
   0.47930E+04   0.17273E+04   0.27462E+01   0.39980E+22
   0.47942E+04   0.17278E+04   0.27467E+01   0.39987E+22
   0.47954E+04   0.17282E+04   0.27472E+01   0.39994E+22
   0.47966E+04   0.17287E+04   0.27477E+01   0.40001E+22
   0.47978E+04   0.17291E+04   0.27482E+01   0.40008E+22
   0.47990E+04   0.17296E+04   0.27487E+01   0.40015E+22
   0.48002E+04   0.17300E+04   0.27492E+01   0.40022E+22
   0.48014E+04   0.17304E+04   0.27497E+01   0.40029E+22
   0.48025E+04   0.17309E+04   0.27502E+01   0.40036E+22
   0.48037E+04   0.17313E+04   0.27507E+01   0.40043E+22
   0.48049E+04   0.17318E+04   0.27512E+01   0.40050E+22
   0.48061E+04   0.17322E+04   0.27517E+01   0.40057E+22
   0.48073E+04   0.17326E+04   0.27522E+01   0.40064E+22
   0.48085E+04   0.17331E+04   0.27527E+01   0.40071E+22
   0.48097E+04   0.17335E+04   0.27532E+01   0.40078E+22
   0.48109E+04   0.17340E+04   0.27537E+01   0.40085E+22
   0.48120E+04   0.17344E+04   0.27542E+01   0.40092E+22
   0.48132E+04   0.17349E+04   0.27547E+01   0.40099E+22
   0.48144E+04   0.17353E+04   0.27552E+01   0.40106E+22
   0.48156E+04   0.17357E+04   0.27557E+01   0.40113E+22
   0.48168E+04   0.17362E+04   0.27562E+01   0.40120E+22
   0.48180E+04   0.17366E+04   0.27567E+01   0.40127E+22
   0.48192E+04   0.17371E+04   0.27572E+01   0.40134E+22
   0.48204E+04   0.17375E+04   0.27577E+01   0.40141E+22
   0.48216E+04   0.17380E+04   0.27582E+01   0.40148E+22
   0.48227E+04   0.17384E+04   0.27587E+01   0.40155E+22
   0.48239E+04   0.17388E+04   0.27592E+01   0.40162E+22
   0.48251E+04   0.17393E+04   0.27597E+01   0.40169E+22
   0.48263E+04   0.17397E+04   0.27602E+01   0.40176E+22
   0.48275E+04   0.17402E+04   0.27607E+01   0.40183E+22
   0.48287E+04   0.17406E+04   0.27612E+01   0.40190E+22
   0.48299E+04   0.17411E+04   0.27617E+01   0.40197E+22
   0.48311E+04   0.17415E+04   0.27622E+01   0.40204E+22
   0.48323E+04   0.17419E+04   0.27627E+01   0.40211E+22
   0.48335E+04   0.17424E+04   0.27632E+01   0.40219E+22
   0.48346E+04   0.17428E+04   0.27637E+01   0.40226E+22
   0.48358E+04   0.17433E+04   0.27642E+01   0.40233E+22
   0.48370E+04   0.17437E+04   0.27647E+01   0.40240E+22
   0.48382E+04   0.17442E+04   0.27652E+01   0.40247E+22
   0.48394E+04   0.17446E+04   0.27657E+01   0.40254E+22
   0.48406E+04   0.17450E+04   0.27662E+01   0.40261E+22
   0.48418E+04   0.17455E+04   0.27667E+01   0.40268E+22
   0.48430E+04   0.17459E+04   0.27672E+01   0.40275E+22
   0.48442E+04   0.17464E+04   0.27677E+01   0.40282E+22
   0.48454E+04   0.17468E+04   0.27682E+01   0.40289E+22
   0.48465E+04   0.17473E+04   0.27687E+01   0.40296E+22
   0.48477E+04   0.17477E+04   0.27692E+01   0.40303E+22
   0.48489E+04   0.17481E+04   0.27697E+01   0.40310E+22
   0.48501E+04   0.17486E+04   0.27702E+01   0.40317E+22
   0.48513E+04   0.17490E+04   0.27707E+01   0.40324E+22
   0.48525E+04   0.17495E+04   0.27712E+01   0.40331E+22
   0.48537E+04   0.17499E+04   0.27717E+01   0.40338E+22
   0.48549E+04   0.17504E+04   0.27722E+01   0.40345E+22
   0.48561E+04   0.17508E+04   0.27727E+01   0.40352E+22
   0.48573E+04   0.17513E+04   0.27732E+01   0.40359E+22
   0.48585E+04   0.17517E+04   0.27737E+01   0.40366E+22
   0.48596E+04   0.17521E+04   0.27742E+01   0.40373E+22
   0.48608E+04   0.17526E+04   0.27747E+01   0.40380E+22
   0.48620E+04   0.17530E+04   0.27752E+01   0.40387E+22
   0.48632E+04   0.17535E+04   0.27757E+01   0.40394E+22
   0.48644E+04   0.17539E+04   0.27762E+01   0.40401E+22
   0.48656E+04   0.17544E+04   0.27767E+01   0.40408E+22
   0.48668E+04   0.17548E+04   0.27772E+01   0.40415E+22
   0.48680E+04   0.17552E+04   0.27777E+01   0.40422E+22
   0.48692E+04   0.17557E+04   0.27782E+01   0.40429E+22
   0.48704E+04   0.17561E+04   0.27787E+01   0.40436E+22
   0.48716E+04   0.17566E+04   0.27792E+01   0.40443E+22
   0.48728E+04   0.17570E+04   0.27797E+01   0.40450E+22
   0.48740E+04   0.17575E+04   0.27802E+01   0.40457E+22
   0.48751E+04   0.17579E+04   0.27807E+01   0.40465E+22
   0.48763E+04   0.17584E+04   0.27812E+01   0.40472E+22
   0.48775E+04   0.17588E+04   0.27817E+01   0.40479E+22
   0.48787E+04   0.17592E+04   0.27822E+01   0.40486E+22
   0.48799E+04   0.17597E+04   0.27827E+01   0.40493E+22
   0.48811E+04   0.17601E+04   0.27832E+01   0.40500E+22
   0.48823E+04   0.17606E+04   0.27837E+01   0.40507E+22
   0.48835E+04   0.17610E+04   0.27842E+01   0.40514E+22
   0.48847E+04   0.17615E+04   0.27847E+01   0.40521E+22
   0.48859E+04   0.17619E+04   0.27852E+01   0.40528E+22
   0.48871E+04   0.17623E+04   0.27857E+01   0.40535E+22
   0.48883E+04   0.17628E+04   0.27862E+01   0.40542E+22
   0.48895E+04   0.17632E+04   0.27867E+01   0.40549E+22
   0.48907E+04   0.17637E+04   0.27872E+01   0.40556E+22
   0.48919E+04   0.17641E+04   0.27877E+01   0.40563E+22
   0.48930E+04   0.17646E+04   0.27882E+01   0.40570E+22
   0.48942E+04   0.17650E+04   0.27887E+01   0.40577E+22
   0.48954E+04   0.17655E+04   0.27892E+01   0.40584E+22
   0.48966E+04   0.17659E+04   0.27897E+01   0.40591E+22
   0.48978E+04   0.17663E+04   0.27902E+01   0.40598E+22
   0.48990E+04   0.17668E+04   0.27907E+01   0.40605E+22
   0.49002E+04   0.17672E+04   0.27912E+01   0.40612E+22
   0.49014E+04   0.17677E+04   0.27917E+01   0.40619E+22
   0.49026E+04   0.17681E+04   0.27922E+01   0.40626E+22
   0.49038E+04   0.17686E+04   0.27927E+01   0.40633E+22
   0.49050E+04   0.17690E+04   0.27932E+01   0.40640E+22
   0.49062E+04   0.17695E+04   0.27937E+01   0.40647E+22
   0.49074E+04   0.17699E+04   0.27942E+01   0.40654E+22
   0.49086E+04   0.17703E+04   0.27947E+01   0.40661E+22
   0.49098E+04   0.17708E+04   0.27952E+01   0.40668E+22
   0.49110E+04   0.17712E+04   0.27957E+01   0.40675E+22
   0.49122E+04   0.17717E+04   0.27962E+01   0.40682E+22
   0.49134E+04   0.17721E+04   0.27967E+01   0.40689E+22
   0.49146E+04   0.17726E+04   0.27972E+01   0.40696E+22
   0.49157E+04   0.17730E+04   0.27977E+01   0.40704E+22
   0.49169E+04   0.17735E+04   0.27982E+01   0.40711E+22
   0.49181E+04   0.17739E+04   0.27987E+01   0.40718E+22
   0.49193E+04   0.17743E+04   0.27992E+01   0.40725E+22
   0.49205E+04   0.17748E+04   0.27997E+01   0.40732E+22
   0.49217E+04   0.17752E+04   0.28002E+01   0.40739E+22
   0.49229E+04   0.17757E+04   0.28007E+01   0.40746E+22
   0.49241E+04   0.17761E+04   0.28012E+01   0.40753E+22
   0.49253E+04   0.17766E+04   0.28017E+01   0.40760E+22
   0.49265E+04   0.17770E+04   0.28022E+01   0.40767E+22
   0.49277E+04   0.17775E+04   0.28027E+01   0.40774E+22
   0.49289E+04   0.17779E+04   0.28032E+01   0.40781E+22
   0.49301E+04   0.17784E+04   0.28037E+01   0.40788E+22
   0.49313E+04   0.17788E+04   0.28042E+01   0.40795E+22
   0.49325E+04   0.17792E+04   0.28047E+01   0.40802E+22
   0.49337E+04   0.17797E+04   0.28052E+01   0.40809E+22
   0.49349E+04   0.17801E+04   0.28057E+01   0.40816E+22
   0.49361E+04   0.17806E+04   0.28062E+01   0.40823E+22
   0.49373E+04   0.17810E+04   0.28067E+01   0.40830E+22
   0.49385E+04   0.17815E+04   0.28072E+01   0.40837E+22
   0.49397E+04   0.17819E+04   0.28077E+01   0.40844E+22
   0.49409E+04   0.17824E+04   0.28082E+01   0.40851E+22
   0.49421E+04   0.17828E+04   0.28087E+01   0.40858E+22
   0.49433E+04   0.17832E+04   0.28092E+01   0.40865E+22
   0.49445E+04   0.17837E+04   0.28097E+01   0.40872E+22
   0.49457E+04   0.17841E+04   0.28102E+01   0.40879E+22
   0.49469E+04   0.17846E+04   0.28107E+01   0.40886E+22
   0.49481E+04   0.17850E+04   0.28112E+01   0.40893E+22
   0.49492E+04   0.17855E+04   0.28117E+01   0.40900E+22
   0.49504E+04   0.17859E+04   0.28122E+01   0.40907E+22
   0.49516E+04   0.17864E+04   0.28127E+01   0.40914E+22
   0.49528E+04   0.17868E+04   0.28132E+01   0.40921E+22
   0.49540E+04   0.17873E+04   0.28137E+01   0.40928E+22
   0.49552E+04   0.17877E+04   0.28142E+01   0.40935E+22
   0.49564E+04   0.17881E+04   0.28147E+01   0.40943E+22
   0.49576E+04   0.17886E+04   0.28152E+01   0.40950E+22
   0.49588E+04   0.17890E+04   0.28157E+01   0.40957E+22
   0.49600E+04   0.17895E+04   0.28162E+01   0.40964E+22
   0.49612E+04   0.17899E+04   0.28167E+01   0.40971E+22
   0.49624E+04   0.17904E+04   0.28172E+01   0.40978E+22
   0.49636E+04   0.17908E+04   0.28177E+01   0.40985E+22
   0.49648E+04   0.17913E+04   0.28182E+01   0.40992E+22
   0.49660E+04   0.17917E+04   0.28187E+01   0.40999E+22
   0.49672E+04   0.17922E+04   0.28192E+01   0.41006E+22
   0.49684E+04   0.17926E+04   0.28197E+01   0.41013E+22
   0.49696E+04   0.17931E+04   0.28202E+01   0.41020E+22
   0.49708E+04   0.17935E+04   0.28207E+01   0.41027E+22
   0.49720E+04   0.17939E+04   0.28212E+01   0.41034E+22
   0.49732E+04   0.17944E+04   0.28217E+01   0.41041E+22
   0.49744E+04   0.17948E+04   0.28222E+01   0.41048E+22
   0.49756E+04   0.17953E+04   0.28227E+01   0.41055E+22
   0.49768E+04   0.17957E+04   0.28232E+01   0.41062E+22
   0.49780E+04   0.17962E+04   0.28237E+01   0.41069E+22
   0.49792E+04   0.17966E+04   0.28242E+01   0.41076E+22
   0.49804E+04   0.17971E+04   0.28247E+01   0.41083E+22
   0.49816E+04   0.17975E+04   0.28252E+01   0.41090E+22
   0.49828E+04   0.17980E+04   0.28257E+01   0.41097E+22
   0.49840E+04   0.17984E+04   0.28262E+01   0.41104E+22
   0.49852E+04   0.17988E+04   0.28267E+01   0.41111E+22
   0.49864E+04   0.17993E+04   0.28272E+01   0.41118E+22
   0.49876E+04   0.17997E+04   0.28277E+01   0.41125E+22
   0.49888E+04   0.18002E+04   0.28282E+01   0.41132E+22
   0.49900E+04   0.18006E+04   0.28287E+01   0.41139E+22
   0.49912E+04   0.18011E+04   0.28292E+01   0.41146E+22
   0.49924E+04   0.18015E+04   0.28297E+01   0.41153E+22
   0.49936E+04   0.18020E+04   0.28302E+01   0.41160E+22
   0.49948E+04   0.18024E+04   0.28307E+01   0.41168E+22
   0.49960E+04   0.18029E+04   0.28312E+01   0.41175E+22
   0.49972E+04   0.18033E+04   0.28317E+01   0.41182E+22
   0.49984E+04   0.18038E+04   0.28322E+01   0.41189E+22
   0.49996E+04   0.18042E+04   0.28327E+01   0.41196E+22
   0.50008E+04   0.18047E+04   0.28332E+01   0.41203E+22
   0.50020E+04   0.18051E+04   0.28337E+01   0.41210E+22
   0.50032E+04   0.18055E+04   0.28342E+01   0.41217E+22
   0.50044E+04   0.18060E+04   0.28347E+01   0.41224E+22
   0.50056E+04   0.18064E+04   0.28352E+01   0.41231E+22
   0.50068E+04   0.18069E+04   0.28357E+01   0.41238E+22
   0.50080E+04   0.18073E+04   0.28362E+01   0.41245E+22
   0.50092E+04   0.18078E+04   0.28367E+01   0.41252E+22
   0.50104E+04   0.18082E+04   0.28372E+01   0.41259E+22
   0.50116E+04   0.18087E+04   0.28377E+01   0.41266E+22
   0.50128E+04   0.18091E+04   0.28382E+01   0.41273E+22
   0.50140E+04   0.18096E+04   0.28387E+01   0.41280E+22
   0.50152E+04   0.18100E+04   0.28392E+01   0.41287E+22
   0.50164E+04   0.18105E+04   0.28397E+01   0.41294E+22
   0.50176E+04   0.18109E+04   0.28402E+01   0.41301E+22
   0.50188E+04   0.18114E+04   0.28407E+01   0.41308E+22
   0.50200E+04   0.18118E+04   0.28412E+01   0.41315E+22
   0.50212E+04   0.18122E+04   0.28417E+01   0.41322E+22
   0.50225E+04   0.18127E+04   0.28422E+01   0.41329E+22
   0.50237E+04   0.18131E+04   0.28427E+01   0.41336E+22
   0.50249E+04   0.18136E+04   0.28432E+01   0.41343E+22
   0.50261E+04   0.18140E+04   0.28437E+01   0.41350E+22
   0.50273E+04   0.18145E+04   0.28442E+01   0.41357E+22
   0.50285E+04   0.18149E+04   0.28447E+01   0.41364E+22
   0.50297E+04   0.18154E+04   0.28452E+01   0.41371E+22
   0.50309E+04   0.18158E+04   0.28457E+01   0.41378E+22
   0.50321E+04   0.18163E+04   0.28462E+01   0.41385E+22
   0.50333E+04   0.18167E+04   0.28467E+01   0.41393E+22
   0.50345E+04   0.18172E+04   0.28472E+01   0.41400E+22
   0.50357E+04   0.18176E+04   0.28477E+01   0.41407E+22
   0.50369E+04   0.18181E+04   0.28482E+01   0.41414E+22
   0.50381E+04   0.18185E+04   0.28487E+01   0.41421E+22
   0.50393E+04   0.18190E+04   0.28492E+01   0.41428E+22
   0.50405E+04   0.18194E+04   0.28497E+01   0.41435E+22
   0.50417E+04   0.18198E+04   0.28502E+01   0.41442E+22
   0.50429E+04   0.18203E+04   0.28507E+01   0.41449E+22
   0.50441E+04   0.18207E+04   0.28512E+01   0.41456E+22
   0.50453E+04   0.18212E+04   0.28517E+01   0.41463E+22
   0.50465E+04   0.18216E+04   0.28522E+01   0.41470E+22
   0.50477E+04   0.18221E+04   0.28527E+01   0.41477E+22
   0.50489E+04   0.18225E+04   0.28532E+01   0.41484E+22
   0.50501E+04   0.18230E+04   0.28537E+01   0.41491E+22
   0.50513E+04   0.18234E+04   0.28542E+01   0.41498E+22
   0.50525E+04   0.18239E+04   0.28547E+01   0.41505E+22
   0.50537E+04   0.18243E+04   0.28552E+01   0.41512E+22
   0.50549E+04   0.18248E+04   0.28557E+01   0.41519E+22
   0.50561E+04   0.18252E+04   0.28562E+01   0.41526E+22
   0.50574E+04   0.18257E+04   0.28567E+01   0.41533E+22
   0.50586E+04   0.18261E+04   0.28572E+01   0.41540E+22
   0.50598E+04   0.18266E+04   0.28577E+01   0.41547E+22
   0.50610E+04   0.18270E+04   0.28582E+01   0.41554E+22
   0.50622E+04   0.18275E+04   0.28587E+01   0.41561E+22
   0.50634E+04   0.18279E+04   0.28592E+01   0.41568E+22
   0.50646E+04   0.18283E+04   0.28597E+01   0.41575E+22
   0.50658E+04   0.18288E+04   0.28602E+01   0.41582E+22
   0.50670E+04   0.18292E+04   0.28607E+01   0.41589E+22
   0.50682E+04   0.18297E+04   0.28612E+01   0.41596E+22
   0.50694E+04   0.18301E+04   0.28617E+01   0.41603E+22
   0.50706E+04   0.18306E+04   0.28622E+01   0.41611E+22
   0.50718E+04   0.18310E+04   0.28627E+01   0.41618E+22
   0.50730E+04   0.18315E+04   0.28632E+01   0.41625E+22
   0.50742E+04   0.18319E+04   0.28637E+01   0.41632E+22
   0.50754E+04   0.18324E+04   0.28642E+01   0.41639E+22
   0.50766E+04   0.18328E+04   0.28647E+01   0.41646E+22
   0.50778E+04   0.18333E+04   0.28652E+01   0.41653E+22
   0.50791E+04   0.18337E+04   0.28657E+01   0.41660E+22
   0.50803E+04   0.18342E+04   0.28662E+01   0.41667E+22
   0.50815E+04   0.18346E+04   0.28667E+01   0.41674E+22
   0.50827E+04   0.18351E+04   0.28672E+01   0.41681E+22
   0.50839E+04   0.18355E+04   0.28677E+01   0.41688E+22
   0.50851E+04   0.18360E+04   0.28682E+01   0.41695E+22
   0.50863E+04   0.18364E+04   0.28687E+01   0.41702E+22
   0.50875E+04   0.18369E+04   0.28692E+01   0.41709E+22
   0.50887E+04   0.18373E+04   0.28697E+01   0.41716E+22
   0.50899E+04   0.18378E+04   0.28702E+01   0.41723E+22
   0.50911E+04   0.18382E+04   0.28707E+01   0.41730E+22
   0.50923E+04   0.18387E+04   0.28712E+01   0.41737E+22
   0.50935E+04   0.18391E+04   0.28717E+01   0.41744E+22
   0.50947E+04   0.18395E+04   0.28722E+01   0.41751E+22
   0.50959E+04   0.18400E+04   0.28727E+01   0.41758E+22
   0.50972E+04   0.18404E+04   0.28732E+01   0.41765E+22
   0.50984E+04   0.18409E+04   0.28737E+01   0.41772E+22
   0.50996E+04   0.18413E+04   0.28742E+01   0.41779E+22
   0.51008E+04   0.18418E+04   0.28747E+01   0.41786E+22
   0.51020E+04   0.18422E+04   0.28752E+01   0.41793E+22
   0.51032E+04   0.18427E+04   0.28757E+01   0.41800E+22
   0.51044E+04   0.18431E+04   0.28762E+01   0.41807E+22
   0.51056E+04   0.18436E+04   0.28767E+01   0.41814E+22
   0.51068E+04   0.18440E+04   0.28772E+01   0.41822E+22
   0.51080E+04   0.18445E+04   0.28777E+01   0.41829E+22
   0.51092E+04   0.18449E+04   0.28782E+01   0.41836E+22
   0.51104E+04   0.18454E+04   0.28787E+01   0.41843E+22
   0.51116E+04   0.18458E+04   0.28792E+01   0.41850E+22
   0.51129E+04   0.18463E+04   0.28797E+01   0.41857E+22
   0.51141E+04   0.18467E+04   0.28802E+01   0.41864E+22
   0.51153E+04   0.18472E+04   0.28807E+01   0.41871E+22
   0.51165E+04   0.18476E+04   0.28812E+01   0.41878E+22
   0.51177E+04   0.18481E+04   0.28817E+01   0.41885E+22
   0.51189E+04   0.18485E+04   0.28822E+01   0.41892E+22
   0.51201E+04   0.18490E+04   0.28827E+01   0.41899E+22
   0.51213E+04   0.18494E+04   0.28832E+01   0.41906E+22
   0.51225E+04   0.18499E+04   0.28837E+01   0.41913E+22
   0.51237E+04   0.18503E+04   0.28842E+01   0.41920E+22
   0.51249E+04   0.18508E+04   0.28847E+01   0.41927E+22
   0.51262E+04   0.18512E+04   0.28852E+01   0.41934E+22
   0.51274E+04   0.18517E+04   0.28857E+01   0.41941E+22
   0.51286E+04   0.18521E+04   0.28862E+01   0.41948E+22
   0.51298E+04   0.18526E+04   0.28867E+01   0.41955E+22
   0.51310E+04   0.18530E+04   0.28872E+01   0.41962E+22
   0.51322E+04   0.18535E+04   0.28877E+01   0.41969E+22
   0.51334E+04   0.18539E+04   0.28882E+01   0.41976E+22
   0.51346E+04   0.18544E+04   0.28887E+01   0.41983E+22
   0.51358E+04   0.18548E+04   0.28892E+01   0.41990E+22
   0.51370E+04   0.18553E+04   0.28897E+01   0.41997E+22
   0.51382E+04   0.18557E+04   0.28902E+01   0.42004E+22
   0.51395E+04   0.18562E+04   0.28907E+01   0.42011E+22
   0.51407E+04   0.18566E+04   0.28912E+01   0.42018E+22
   0.51419E+04   0.18571E+04   0.28917E+01   0.42025E+22
   0.51431E+04   0.18575E+04   0.28922E+01   0.42033E+22
   0.51443E+04   0.18580E+04   0.28927E+01   0.42040E+22
   0.51455E+04   0.18584E+04   0.28932E+01   0.42047E+22
   0.51467E+04   0.18589E+04   0.28937E+01   0.42054E+22
   0.51479E+04   0.18593E+04   0.28942E+01   0.42061E+22
   0.51491E+04   0.18597E+04   0.28947E+01   0.42068E+22
   0.51503E+04   0.18602E+04   0.28952E+01   0.42075E+22
   0.51516E+04   0.18606E+04   0.28957E+01   0.42082E+22
   0.51528E+04   0.18611E+04   0.28962E+01   0.42089E+22
   0.51540E+04   0.18615E+04   0.28967E+01   0.42096E+22
   0.51552E+04   0.18620E+04   0.28972E+01   0.42103E+22
   0.51564E+04   0.18624E+04   0.28977E+01   0.42110E+22
   0.51576E+04   0.18629E+04   0.28982E+01   0.42117E+22
   0.51588E+04   0.18633E+04   0.28987E+01   0.42124E+22
   0.51600E+04   0.18638E+04   0.28992E+01   0.42131E+22
   0.51612E+04   0.18642E+04   0.28997E+01   0.42138E+22
   0.51625E+04   0.18647E+04   0.29002E+01   0.42145E+22
   0.51637E+04   0.18651E+04   0.29007E+01   0.42152E+22
   0.51649E+04   0.18656E+04   0.29012E+01   0.42159E+22
   0.51661E+04   0.18660E+04   0.29017E+01   0.42166E+22
   0.51673E+04   0.18665E+04   0.29022E+01   0.42173E+22
   0.51685E+04   0.18669E+04   0.29027E+01   0.42180E+22
   0.51697E+04   0.18674E+04   0.29032E+01   0.42187E+22
   0.51709E+04   0.18678E+04   0.29037E+01   0.42194E+22
   0.51722E+04   0.18683E+04   0.29042E+01   0.42201E+22
   0.51734E+04   0.18687E+04   0.29047E+01   0.42208E+22
   0.51746E+04   0.18692E+04   0.29052E+01   0.42215E+22
   0.51758E+04   0.18696E+04   0.29057E+01   0.42222E+22
   0.51770E+04   0.18701E+04   0.29062E+01   0.42229E+22
   0.51782E+04   0.18705E+04   0.29067E+01   0.42237E+22
   0.51794E+04   0.18710E+04   0.29072E+01   0.42244E+22
   0.51806E+04   0.18714E+04   0.29077E+01   0.42251E+22
   0.51819E+04   0.18719E+04   0.29082E+01   0.42258E+22
   0.51831E+04   0.18723E+04   0.29087E+01   0.42265E+22
   0.51843E+04   0.18728E+04   0.29092E+01   0.42272E+22
   0.51855E+04   0.18732E+04   0.29097E+01   0.42279E+22
   0.51867E+04   0.18737E+04   0.29102E+01   0.42286E+22
   0.51879E+04   0.18741E+04   0.29107E+01   0.42293E+22
   0.51891E+04   0.18746E+04   0.29112E+01   0.42300E+22
   0.51903E+04   0.18750E+04   0.29117E+01   0.42307E+22
   0.51916E+04   0.18755E+04   0.29122E+01   0.42314E+22
   0.51928E+04   0.18759E+04   0.29127E+01   0.42321E+22
   0.51940E+04   0.18764E+04   0.29132E+01   0.42328E+22
   0.51952E+04   0.18768E+04   0.29137E+01   0.42335E+22
   0.51964E+04   0.18773E+04   0.29142E+01   0.42342E+22
   0.51976E+04   0.18777E+04   0.29147E+01   0.42349E+22
   0.51988E+04   0.18782E+04   0.29152E+01   0.42356E+22
   0.52001E+04   0.18786E+04   0.29157E+01   0.42363E+22
   0.52013E+04   0.18791E+04   0.29162E+01   0.42370E+22
   0.52025E+04   0.18795E+04   0.29167E+01   0.42377E+22
   0.52037E+04   0.18800E+04   0.29172E+01   0.42384E+22
   0.52049E+04   0.18804E+04   0.29177E+01   0.42391E+22
   0.52061E+04   0.18809E+04   0.29182E+01   0.42398E+22
   0.52073E+04   0.18813E+04   0.29187E+01   0.42405E+22
   0.52086E+04   0.18818E+04   0.29192E+01   0.42412E+22
   0.52098E+04   0.18823E+04   0.29197E+01   0.42419E+22
   0.52110E+04   0.18827E+04   0.29202E+01   0.42426E+22
   0.52122E+04   0.18832E+04   0.29207E+01   0.42433E+22
   0.52134E+04   0.18836E+04   0.29212E+01   0.42441E+22
   0.52146E+04   0.18841E+04   0.29217E+01   0.42448E+22
   0.52158E+04   0.18845E+04   0.29222E+01   0.42455E+22
   0.52171E+04   0.18850E+04   0.29227E+01   0.42462E+22
   0.52183E+04   0.18854E+04   0.29232E+01   0.42469E+22
   0.52195E+04   0.18859E+04   0.29237E+01   0.42476E+22
   0.52207E+04   0.18863E+04   0.29242E+01   0.42483E+22
   0.52219E+04   0.18868E+04   0.29247E+01   0.42490E+22
   0.52231E+04   0.18872E+04   0.29252E+01   0.42497E+22
   0.52243E+04   0.18877E+04   0.29257E+01   0.42504E+22
   0.52256E+04   0.18881E+04   0.29262E+01   0.42511E+22
   0.52268E+04   0.18886E+04   0.29267E+01   0.42518E+22
   0.52280E+04   0.18890E+04   0.29272E+01   0.42525E+22
   0.52292E+04   0.18895E+04   0.29277E+01   0.42532E+22
   0.52304E+04   0.18899E+04   0.29282E+01   0.42539E+22
   0.52316E+04   0.18904E+04   0.29287E+01   0.42546E+22
   0.52329E+04   0.18908E+04   0.29292E+01   0.42553E+22
   0.52341E+04   0.18913E+04   0.29297E+01   0.42560E+22
   0.52353E+04   0.18917E+04   0.29302E+01   0.42567E+22
   0.52365E+04   0.18922E+04   0.29307E+01   0.42574E+22
   0.52377E+04   0.18926E+04   0.29312E+01   0.42581E+22
   0.52389E+04   0.18931E+04   0.29317E+01   0.42588E+22
   0.52402E+04   0.18935E+04   0.29322E+01   0.42595E+22
   0.52414E+04   0.18940E+04   0.29327E+01   0.42602E+22
   0.52426E+04   0.18944E+04   0.29332E+01   0.42609E+22
   0.52438E+04   0.18949E+04   0.29337E+01   0.42616E+22
   0.52450E+04   0.18953E+04   0.29342E+01   0.42623E+22
   0.52462E+04   0.18958E+04   0.29347E+01   0.42630E+22
   0.52475E+04   0.18962E+04   0.29352E+01   0.42638E+22
   0.52487E+04   0.18967E+04   0.29357E+01   0.42645E+22
   0.52499E+04   0.18971E+04   0.29362E+01   0.42652E+22
   0.52511E+04   0.18976E+04   0.29367E+01   0.42659E+22
   0.52523E+04   0.18980E+04   0.29372E+01   0.42666E+22
   0.52535E+04   0.18985E+04   0.29377E+01   0.42673E+22
   0.52548E+04   0.18989E+04   0.29382E+01   0.42680E+22
   0.52560E+04   0.18994E+04   0.29387E+01   0.42687E+22
   0.52572E+04   0.18998E+04   0.29392E+01   0.42694E+22
   0.52584E+04   0.19003E+04   0.29397E+01   0.42701E+22
   0.52596E+04   0.19007E+04   0.29402E+01   0.42708E+22
   0.52608E+04   0.19012E+04   0.29407E+01   0.42715E+22
   0.52621E+04   0.19016E+04   0.29412E+01   0.42722E+22
   0.52633E+04   0.19021E+04   0.29417E+01   0.42729E+22
   0.52645E+04   0.19026E+04   0.29422E+01   0.42736E+22
   0.52657E+04   0.19030E+04   0.29427E+01   0.42743E+22
   0.52669E+04   0.19035E+04   0.29432E+01   0.42750E+22
   0.52682E+04   0.19039E+04   0.29437E+01   0.42757E+22
   0.52694E+04   0.19044E+04   0.29442E+01   0.42764E+22
   0.52706E+04   0.19048E+04   0.29447E+01   0.42771E+22
   0.52718E+04   0.19053E+04   0.29452E+01   0.42778E+22
   0.52730E+04   0.19057E+04   0.29457E+01   0.42785E+22
   0.52742E+04   0.19062E+04   0.29462E+01   0.42792E+22
   0.52755E+04   0.19066E+04   0.29467E+01   0.42799E+22
   0.52767E+04   0.19071E+04   0.29472E+01   0.42806E+22
   0.52779E+04   0.19075E+04   0.29477E+01   0.42813E+22
   0.52791E+04   0.19080E+04   0.29482E+01   0.42820E+22
   0.52803E+04   0.19084E+04   0.29487E+01   0.42827E+22
   0.52816E+04   0.19089E+04   0.29492E+01   0.42835E+22
   0.52828E+04   0.19093E+04   0.29497E+01   0.42842E+22
   0.52840E+04   0.19098E+04   0.29502E+01   0.42849E+22
   0.52852E+04   0.19102E+04   0.29507E+01   0.42856E+22
   0.52864E+04   0.19107E+04   0.29512E+01   0.42863E+22
   0.52877E+04   0.19111E+04   0.29517E+01   0.42870E+22
   0.52889E+04   0.19116E+04   0.29522E+01   0.42877E+22
   0.52901E+04   0.19120E+04   0.29527E+01   0.42884E+22
   0.52913E+04   0.19125E+04   0.29532E+01   0.42891E+22
   0.52925E+04   0.19129E+04   0.29537E+01   0.42898E+22
   0.52938E+04   0.19134E+04   0.29542E+01   0.42905E+22
   0.52950E+04   0.19139E+04   0.29547E+01   0.42912E+22
   0.52962E+04   0.19143E+04   0.29552E+01   0.42919E+22
   0.52974E+04   0.19148E+04   0.29557E+01   0.42926E+22
   0.52986E+04   0.19152E+04   0.29562E+01   0.42933E+22
   0.52999E+04   0.19157E+04   0.29567E+01   0.42940E+22
   0.53011E+04   0.19161E+04   0.29572E+01   0.42947E+22
   0.53023E+04   0.19166E+04   0.29577E+01   0.42954E+22
   0.53035E+04   0.19170E+04   0.29582E+01   0.42961E+22
   0.53047E+04   0.19175E+04   0.29587E+01   0.42968E+22
   0.53060E+04   0.19179E+04   0.29592E+01   0.42975E+22
   0.53072E+04   0.19184E+04   0.29597E+01   0.42982E+22
   0.53084E+04   0.19188E+04   0.29602E+01   0.42989E+22
   0.53096E+04   0.19193E+04   0.29607E+01   0.42996E+22
   0.53108E+04   0.19197E+04   0.29612E+01   0.43003E+22
   0.53121E+04   0.19202E+04   0.29617E+01   0.43010E+22
   0.53133E+04   0.19206E+04   0.29622E+01   0.43017E+22
   0.53145E+04   0.19211E+04   0.29627E+01   0.43025E+22
   0.53157E+04   0.19215E+04   0.29632E+01   0.43032E+22
   0.53169E+04   0.19220E+04   0.29637E+01   0.43039E+22
   0.53182E+04   0.19225E+04   0.29642E+01   0.43046E+22
   0.53194E+04   0.19229E+04   0.29647E+01   0.43053E+22
   0.53206E+04   0.19234E+04   0.29652E+01   0.43060E+22
   0.53218E+04   0.19238E+04   0.29657E+01   0.43067E+22
   0.53231E+04   0.19243E+04   0.29662E+01   0.43074E+22
   0.53243E+04   0.19247E+04   0.29667E+01   0.43081E+22
   0.53255E+04   0.19252E+04   0.29672E+01   0.43088E+22
   0.53267E+04   0.19256E+04   0.29677E+01   0.43095E+22
   0.53279E+04   0.19261E+04   0.29682E+01   0.43102E+22
   0.53292E+04   0.19265E+04   0.29687E+01   0.43109E+22
   0.53304E+04   0.19270E+04   0.29692E+01   0.43116E+22
   0.53316E+04   0.19274E+04   0.29697E+01   0.43123E+22
   0.53328E+04   0.19279E+04   0.29702E+01   0.43130E+22
   0.53340E+04   0.19283E+04   0.29707E+01   0.43137E+22
   0.53353E+04   0.19288E+04   0.29712E+01   0.43144E+22
   0.53365E+04   0.19292E+04   0.29717E+01   0.43151E+22
   0.53377E+04   0.19297E+04   0.29722E+01   0.43158E+22
   0.53389E+04   0.19302E+04   0.29727E+01   0.43165E+22
   0.53402E+04   0.19306E+04   0.29732E+01   0.43172E+22
   0.53414E+04   0.19311E+04   0.29737E+01   0.43179E+22
   0.53426E+04   0.19315E+04   0.29742E+01   0.43186E+22
   0.53438E+04   0.19320E+04   0.29747E+01   0.43193E+22
   0.53451E+04   0.19324E+04   0.29752E+01   0.43200E+22
   0.53463E+04   0.19329E+04   0.29757E+01   0.43207E+22
   0.53475E+04   0.19333E+04   0.29762E+01   0.43215E+22
   0.53487E+04   0.19338E+04   0.29767E+01   0.43222E+22
   0.53499E+04   0.19342E+04   0.29772E+01   0.43229E+22
   0.53512E+04   0.19347E+04   0.29777E+01   0.43236E+22
   0.53524E+04   0.19351E+04   0.29782E+01   0.43243E+22
   0.53536E+04   0.19356E+04   0.29787E+01   0.43250E+22
   0.53548E+04   0.19360E+04   0.29792E+01   0.43257E+22
   0.53561E+04   0.19365E+04   0.29797E+01   0.43264E+22
   0.53573E+04   0.19370E+04   0.29802E+01   0.43271E+22
   0.53585E+04   0.19374E+04   0.29807E+01   0.43278E+22
   0.53597E+04   0.19379E+04   0.29812E+01   0.43285E+22
   0.53610E+04   0.19383E+04   0.29817E+01   0.43292E+22
   0.53622E+04   0.19388E+04   0.29822E+01   0.43299E+22
   0.53634E+04   0.19392E+04   0.29827E+01   0.43306E+22
   0.53646E+04   0.19397E+04   0.29832E+01   0.43313E+22
   0.53659E+04   0.19401E+04   0.29837E+01   0.43320E+22
   0.53671E+04   0.19406E+04   0.29842E+01   0.43327E+22
   0.53683E+04   0.19410E+04   0.29847E+01   0.43334E+22
   0.53695E+04   0.19415E+04   0.29852E+01   0.43341E+22
   0.53708E+04   0.19419E+04   0.29857E+01   0.43348E+22
   0.53720E+04   0.19424E+04   0.29862E+01   0.43355E+22
   0.53732E+04   0.19428E+04   0.29867E+01   0.43362E+22
   0.53744E+04   0.19433E+04   0.29872E+01   0.43369E+22
   0.53757E+04   0.19438E+04   0.29877E+01   0.43376E+22
   0.53769E+04   0.19442E+04   0.29882E+01   0.43383E+22
   0.53781E+04   0.19447E+04   0.29887E+01   0.43390E+22
   0.53793E+04   0.19451E+04   0.29892E+01   0.43398E+22
   0.53806E+04   0.19456E+04   0.29897E+01   0.43405E+22
   0.53818E+04   0.19460E+04   0.29902E+01   0.43412E+22
   0.53830E+04   0.19465E+04   0.29907E+01   0.43419E+22
   0.53842E+04   0.19469E+04   0.29912E+01   0.43426E+22
   0.53855E+04   0.19474E+04   0.29917E+01   0.43433E+22
   0.53867E+04   0.19478E+04   0.29922E+01   0.43440E+22
   0.53879E+04   0.19483E+04   0.29927E+01   0.43447E+22
   0.53891E+04   0.19488E+04   0.29932E+01   0.43454E+22
   0.53904E+04   0.19492E+04   0.29937E+01   0.43461E+22
   0.53916E+04   0.19497E+04   0.29942E+01   0.43468E+22
   0.53928E+04   0.19501E+04   0.29947E+01   0.43475E+22
   0.53940E+04   0.19506E+04   0.29952E+01   0.43482E+22
   0.53953E+04   0.19510E+04   0.29957E+01   0.43489E+22
   0.53965E+04   0.19515E+04   0.29962E+01   0.43496E+22
   0.53977E+04   0.19519E+04   0.29967E+01   0.43503E+22
   0.53989E+04   0.19524E+04   0.29972E+01   0.43510E+22
   0.54002E+04   0.19528E+04   0.29977E+01   0.43517E+22
   0.54014E+04   0.19533E+04   0.29982E+01   0.43524E+22
   0.54026E+04   0.19537E+04   0.29987E+01   0.43531E+22
   0.54038E+04   0.19542E+04   0.29992E+01   0.43538E+22
   0.54051E+04   0.19547E+04   0.29997E+01   0.43545E+22
   0.54063E+04   0.19551E+04   0.30002E+01   0.43552E+22
   0.54075E+04   0.19556E+04   0.30007E+01   0.43559E+22
   0.54088E+04   0.19560E+04   0.30012E+01   0.43566E+22
   0.54100E+04   0.19565E+04   0.30017E+01   0.43573E+22
   0.54112E+04   0.19569E+04   0.30022E+01   0.43581E+22
   0.54124E+04   0.19574E+04   0.30027E+01   0.43588E+22
   0.54137E+04   0.19578E+04   0.30032E+01   0.43595E+22
   0.54149E+04   0.19583E+04   0.30037E+01   0.43602E+22
   0.54161E+04   0.19587E+04   0.30042E+01   0.43609E+22
   0.54173E+04   0.19592E+04   0.30047E+01   0.43616E+22
   0.54186E+04   0.19597E+04   0.30052E+01   0.43623E+22
   0.54198E+04   0.19601E+04   0.30057E+01   0.43630E+22
   0.54210E+04   0.19606E+04   0.30062E+01   0.43637E+22
   0.54223E+04   0.19610E+04   0.30067E+01   0.43644E+22
   0.54235E+04   0.19615E+04   0.30072E+01   0.43651E+22
   0.54247E+04   0.19619E+04   0.30077E+01   0.43658E+22
   0.54259E+04   0.19624E+04   0.30082E+01   0.43665E+22
   0.54272E+04   0.19628E+04   0.30087E+01   0.43672E+22
   0.54284E+04   0.19633E+04   0.30092E+01   0.43679E+22
   0.54296E+04   0.19637E+04   0.30097E+01   0.43686E+22
   0.54309E+04   0.19642E+04   0.30102E+01   0.43693E+22
   0.54321E+04   0.19647E+04   0.30107E+01   0.43700E+22
   0.54333E+04   0.19651E+04   0.30112E+01   0.43707E+22
   0.54345E+04   0.19656E+04   0.30117E+01   0.43714E+22
   0.54358E+04   0.19660E+04   0.30122E+01   0.43721E+22
   0.54370E+04   0.19665E+04   0.30127E+01   0.43728E+22
   0.54382E+04   0.19669E+04   0.30132E+01   0.43735E+22
   0.54395E+04   0.19674E+04   0.30137E+01   0.43742E+22
   0.54407E+04   0.19678E+04   0.30142E+01   0.43749E+22
   0.54419E+04   0.19683E+04   0.30147E+01   0.43756E+22
   0.54431E+04   0.19688E+04   0.30152E+01   0.43764E+22
   0.54444E+04   0.19692E+04   0.30157E+01   0.43771E+22
   0.54456E+04   0.19697E+04   0.30162E+01   0.43778E+22
   0.54468E+04   0.19701E+04   0.30167E+01   0.43785E+22
   0.54481E+04   0.19706E+04   0.30172E+01   0.43792E+22
   0.54493E+04   0.19710E+04   0.30177E+01   0.43799E+22
   0.54505E+04   0.19715E+04   0.30182E+01   0.43806E+22
   0.54517E+04   0.19719E+04   0.30187E+01   0.43813E+22
   0.54530E+04   0.19724E+04   0.30192E+01   0.43820E+22
   0.54542E+04   0.19729E+04   0.30197E+01   0.43827E+22
   0.54554E+04   0.19733E+04   0.30202E+01   0.43834E+22
   0.54567E+04   0.19738E+04   0.30207E+01   0.43841E+22
   0.54579E+04   0.19742E+04   0.30212E+01   0.43848E+22
   0.54591E+04   0.19747E+04   0.30217E+01   0.43855E+22
   0.54604E+04   0.19751E+04   0.30222E+01   0.43862E+22
   0.54616E+04   0.19756E+04   0.30227E+01   0.43869E+22
   0.54628E+04   0.19760E+04   0.30232E+01   0.43876E+22
   0.54640E+04   0.19765E+04   0.30237E+01   0.43883E+22
   0.54653E+04   0.19770E+04   0.30242E+01   0.43890E+22
   0.54665E+04   0.19774E+04   0.30247E+01   0.43897E+22
   0.54677E+04   0.19779E+04   0.30252E+01   0.43904E+22
   0.54690E+04   0.19783E+04   0.30257E+01   0.43911E+22
   0.54702E+04   0.19788E+04   0.30262E+01   0.43918E+22
   0.54714E+04   0.19792E+04   0.30267E+01   0.43925E+22
   0.54727E+04   0.19797E+04   0.30272E+01   0.43932E+22
   0.54739E+04   0.19801E+04   0.30277E+01   0.43939E+22
   0.54751E+04   0.19806E+04   0.30282E+01   0.43947E+22
   0.54764E+04   0.19811E+04   0.30287E+01   0.43954E+22
   0.54776E+04   0.19815E+04   0.30292E+01   0.43961E+22
   0.54788E+04   0.19820E+04   0.30297E+01   0.43968E+22
   0.54800E+04   0.19824E+04   0.30302E+01   0.43975E+22
   0.54813E+04   0.19829E+04   0.30307E+01   0.43982E+22
   0.54825E+04   0.19833E+04   0.30312E+01   0.43989E+22
   0.54837E+04   0.19838E+04   0.30317E+01   0.43996E+22
   0.54850E+04   0.19842E+04   0.30322E+01   0.44003E+22
   0.54862E+04   0.19847E+04   0.30327E+01   0.44010E+22
   0.54874E+04   0.19852E+04   0.30332E+01   0.44017E+22
   0.54887E+04   0.19856E+04   0.30337E+01   0.44024E+22
   0.54899E+04   0.19861E+04   0.30342E+01   0.44031E+22
   0.54911E+04   0.19865E+04   0.30347E+01   0.44038E+22
   0.54924E+04   0.19870E+04   0.30352E+01   0.44045E+22
   0.54936E+04   0.19874E+04   0.30357E+01   0.44052E+22
   0.54948E+04   0.19879E+04   0.30362E+01   0.44059E+22
   0.54961E+04   0.19883E+04   0.30367E+01   0.44066E+22
   0.54973E+04   0.19888E+04   0.30372E+01   0.44073E+22
   0.54985E+04   0.19893E+04   0.30377E+01   0.44080E+22
   0.54998E+04   0.19897E+04   0.30382E+01   0.44087E+22
   0.55010E+04   0.19902E+04   0.30387E+01   0.44094E+22
   0.55022E+04   0.19906E+04   0.30392E+01   0.44101E+22
   0.55035E+04   0.19911E+04   0.30397E+01   0.44108E+22
   0.55047E+04   0.19915E+04   0.30402E+01   0.44115E+22
   0.55059E+04   0.19920E+04   0.30407E+01   0.44123E+22
   0.55072E+04   0.19925E+04   0.30412E+01   0.44130E+22
   0.55084E+04   0.19929E+04   0.30417E+01   0.44137E+22
   0.55096E+04   0.19934E+04   0.30422E+01   0.44144E+22
   0.55109E+04   0.19938E+04   0.30427E+01   0.44151E+22
   0.55121E+04   0.19943E+04   0.30432E+01   0.44158E+22
   0.55133E+04   0.19947E+04   0.30437E+01   0.44165E+22
   0.55146E+04   0.19952E+04   0.30442E+01   0.44172E+22
   0.55158E+04   0.19956E+04   0.30447E+01   0.44179E+22
   0.55170E+04   0.19961E+04   0.30452E+01   0.44186E+22
   0.55183E+04   0.19966E+04   0.30457E+01   0.44193E+22
   0.55195E+04   0.19970E+04   0.30462E+01   0.44200E+22
   0.55207E+04   0.19975E+04   0.30467E+01   0.44207E+22
   0.55220E+04   0.19979E+04   0.30472E+01   0.44214E+22
   0.55232E+04   0.19984E+04   0.30477E+01   0.44221E+22
   0.55244E+04   0.19988E+04   0.30482E+01   0.44228E+22
   0.55257E+04   0.19993E+04   0.30487E+01   0.44235E+22
   0.55269E+04   0.19998E+04   0.30492E+01   0.44242E+22
   0.55281E+04   0.20002E+04   0.30497E+01   0.44249E+22
   0.55294E+04   0.20007E+04   0.30502E+01   0.44256E+22
   0.55306E+04   0.20011E+04   0.30507E+01   0.44263E+22
   0.55318E+04   0.20016E+04   0.30512E+01   0.44270E+22
   0.55331E+04   0.20020E+04   0.30517E+01   0.44277E+22
   0.55343E+04   0.20025E+04   0.30522E+01   0.44284E+22
   0.55355E+04   0.20030E+04   0.30527E+01   0.44291E+22
   0.55368E+04   0.20034E+04   0.30532E+01   0.44299E+22
   0.55380E+04   0.20039E+04   0.30537E+01   0.44306E+22
   0.55392E+04   0.20043E+04   0.30542E+01   0.44313E+22
   0.55405E+04   0.20048E+04   0.30547E+01   0.44320E+22
   0.55417E+04   0.20052E+04   0.30552E+01   0.44327E+22
   0.55429E+04   0.20057E+04   0.30557E+01   0.44334E+22
   0.55442E+04   0.20062E+04   0.30562E+01   0.44341E+22
   0.55454E+04   0.20066E+04   0.30567E+01   0.44348E+22
   0.55466E+04   0.20071E+04   0.30572E+01   0.44355E+22
   0.55479E+04   0.20075E+04   0.30577E+01   0.44362E+22
   0.55491E+04   0.20080E+04   0.30582E+01   0.44369E+22
   0.55504E+04   0.20084E+04   0.30587E+01   0.44376E+22
   0.55516E+04   0.20089E+04   0.30592E+01   0.44383E+22
   0.55528E+04   0.20094E+04   0.30597E+01   0.44390E+22
   0.55541E+04   0.20098E+04   0.30602E+01   0.44397E+22
   0.55553E+04   0.20103E+04   0.30607E+01   0.44404E+22
   0.55565E+04   0.20107E+04   0.30612E+01   0.44411E+22
   0.55578E+04   0.20112E+04   0.30617E+01   0.44418E+22
   0.55590E+04   0.20116E+04   0.30622E+01   0.44425E+22
   0.55602E+04   0.20121E+04   0.30627E+01   0.44432E+22
   0.55615E+04   0.20126E+04   0.30632E+01   0.44439E+22
   0.55627E+04   0.20130E+04   0.30637E+01   0.44446E+22
   0.55640E+04   0.20135E+04   0.30642E+01   0.44453E+22
   0.55652E+04   0.20139E+04   0.30647E+01   0.44460E+22
   0.55664E+04   0.20144E+04   0.30652E+01   0.44468E+22
   0.55677E+04   0.20148E+04   0.30657E+01   0.44475E+22
   0.55689E+04   0.20153E+04   0.30662E+01   0.44482E+22
   0.55701E+04   0.20158E+04   0.30667E+01   0.44489E+22
   0.55714E+04   0.20162E+04   0.30672E+01   0.44496E+22
   0.55726E+04   0.20167E+04   0.30677E+01   0.44503E+22
   0.55738E+04   0.20171E+04   0.30682E+01   0.44510E+22
   0.55751E+04   0.20176E+04   0.30687E+01   0.44517E+22
   0.55763E+04   0.20180E+04   0.30692E+01   0.44524E+22
   0.55776E+04   0.20185E+04   0.30697E+01   0.44531E+22
   0.55788E+04   0.20190E+04   0.30702E+01   0.44538E+22
   0.55800E+04   0.20194E+04   0.30707E+01   0.44545E+22
   0.55813E+04   0.20199E+04   0.30712E+01   0.44552E+22
   0.55825E+04   0.20203E+04   0.30717E+01   0.44559E+22
   0.55837E+04   0.20208E+04   0.30722E+01   0.44566E+22
   0.55850E+04   0.20212E+04   0.30727E+01   0.44573E+22
   0.55862E+04   0.20217E+04   0.30732E+01   0.44580E+22
   0.55875E+04   0.20222E+04   0.30737E+01   0.44587E+22
   0.55887E+04   0.20226E+04   0.30742E+01   0.44594E+22
   0.55899E+04   0.20231E+04   0.30747E+01   0.44601E+22
   0.55912E+04   0.20235E+04   0.30752E+01   0.44608E+22
   0.55924E+04   0.20240E+04   0.30757E+01   0.44615E+22
   0.55936E+04   0.20245E+04   0.30762E+01   0.44622E+22
   0.55949E+04   0.20249E+04   0.30767E+01   0.44629E+22
   0.55961E+04   0.20254E+04   0.30772E+01   0.44636E+22
   0.55974E+04   0.20258E+04   0.30777E+01   0.44644E+22
   0.55986E+04   0.20263E+04   0.30782E+01   0.44651E+22
   0.55998E+04   0.20267E+04   0.30787E+01   0.44658E+22
   0.56011E+04   0.20272E+04   0.30792E+01   0.44665E+22
   0.56023E+04   0.20277E+04   0.30797E+01   0.44672E+22
   0.56036E+04   0.20281E+04   0.30802E+01   0.44679E+22
   0.56048E+04   0.20286E+04   0.30807E+01   0.44686E+22
   0.56060E+04   0.20290E+04   0.30812E+01   0.44693E+22
   0.56073E+04   0.20295E+04   0.30817E+01   0.44700E+22
   0.56085E+04   0.20300E+04   0.30822E+01   0.44707E+22
   0.56098E+04   0.20304E+04   0.30827E+01   0.44714E+22
   0.56110E+04   0.20309E+04   0.30832E+01   0.44721E+22
   0.56122E+04   0.20313E+04   0.30837E+01   0.44728E+22
   0.56135E+04   0.20318E+04   0.30842E+01   0.44735E+22
   0.56147E+04   0.20322E+04   0.30847E+01   0.44742E+22
   0.56159E+04   0.20327E+04   0.30852E+01   0.44749E+22
   0.56172E+04   0.20332E+04   0.30857E+01   0.44756E+22
   0.56184E+04   0.20336E+04   0.30862E+01   0.44763E+22
   0.56197E+04   0.20341E+04   0.30867E+01   0.44770E+22
   0.56209E+04   0.20345E+04   0.30872E+01   0.44777E+22
   0.56221E+04   0.20350E+04   0.30877E+01   0.44784E+22
   0.56234E+04   0.20355E+04   0.30882E+01   0.44791E+22
   0.56246E+04   0.20359E+04   0.30887E+01   0.44798E+22
   0.56259E+04   0.20364E+04   0.30892E+01   0.44805E+22
   0.56271E+04   0.20368E+04   0.30897E+01   0.44813E+22
   0.56283E+04   0.20373E+04   0.30902E+01   0.44820E+22
   0.56296E+04   0.20377E+04   0.30907E+01   0.44827E+22
   0.56308E+04   0.20382E+04   0.30912E+01   0.44834E+22
   0.56321E+04   0.20387E+04   0.30917E+01   0.44841E+22
   0.56333E+04   0.20391E+04   0.30922E+01   0.44848E+22
   0.56345E+04   0.20396E+04   0.30927E+01   0.44855E+22
   0.56358E+04   0.20400E+04   0.30932E+01   0.44862E+22
   0.56370E+04   0.20405E+04   0.30937E+01   0.44869E+22
   0.56383E+04   0.20410E+04   0.30942E+01   0.44876E+22
   0.56395E+04   0.20414E+04   0.30947E+01   0.44883E+22
   0.56408E+04   0.20419E+04   0.30952E+01   0.44890E+22
   0.56420E+04   0.20423E+04   0.30957E+01   0.44897E+22
   0.56432E+04   0.20428E+04   0.30962E+01   0.44904E+22
   0.56445E+04   0.20433E+04   0.30967E+01   0.44911E+22
   0.56457E+04   0.20437E+04   0.30972E+01   0.44918E+22
   0.56470E+04   0.20442E+04   0.30977E+01   0.44925E+22
   0.56482E+04   0.20446E+04   0.30982E+01   0.44932E+22
   0.56494E+04   0.20451E+04   0.30987E+01   0.44939E+22
   0.56507E+04   0.20455E+04   0.30992E+01   0.44946E+22
   0.56519E+04   0.20460E+04   0.30997E+01   0.44953E+22
   0.56532E+04   0.20465E+04   0.31002E+01   0.44960E+22
   0.56544E+04   0.20469E+04   0.31007E+01   0.44967E+22
   0.56557E+04   0.20474E+04   0.31012E+01   0.44974E+22
   0.56569E+04   0.20478E+04   0.31017E+01   0.44982E+22
   0.56581E+04   0.20483E+04   0.31022E+01   0.44989E+22
   0.56594E+04   0.20488E+04   0.31027E+01   0.44996E+22
   0.56606E+04   0.20492E+04   0.31032E+01   0.45003E+22
   0.56619E+04   0.20497E+04   0.31037E+01   0.45010E+22
   0.56631E+04   0.20501E+04   0.31042E+01   0.45017E+22
   0.56643E+04   0.20506E+04   0.31047E+01   0.45024E+22
   0.56656E+04   0.20511E+04   0.31052E+01   0.45031E+22
   0.56668E+04   0.20515E+04   0.31057E+01   0.45038E+22
   0.56681E+04   0.20520E+04   0.31062E+01   0.45045E+22
   0.56693E+04   0.20524E+04   0.31067E+01   0.45052E+22
   0.56706E+04   0.20529E+04   0.31072E+01   0.45059E+22
   0.56718E+04   0.20534E+04   0.31077E+01   0.45066E+22
   0.56730E+04   0.20538E+04   0.31082E+01   0.45073E+22
   0.56743E+04   0.20543E+04   0.31087E+01   0.45080E+22
   0.56755E+04   0.20547E+04   0.31092E+01   0.45087E+22
   0.56768E+04   0.20552E+04   0.31097E+01   0.45094E+22
   0.56780E+04   0.20557E+04   0.31102E+01   0.45101E+22
   0.56793E+04   0.20561E+04   0.31107E+01   0.45108E+22
   0.56805E+04   0.20566E+04   0.31112E+01   0.45115E+22
   0.56817E+04   0.20570E+04   0.31117E+01   0.45122E+22
   0.56830E+04   0.20575E+04   0.31122E+01   0.45129E+22
   0.56842E+04   0.20579E+04   0.31127E+01   0.45136E+22
   0.56855E+04   0.20584E+04   0.31132E+01   0.45144E+22
   0.56867E+04   0.20589E+04   0.31137E+01   0.45151E+22
   0.56880E+04   0.20593E+04   0.31142E+01   0.45158E+22
   0.56892E+04   0.20598E+04   0.31147E+01   0.45165E+22
   0.56905E+04   0.20602E+04   0.31152E+01   0.45172E+22
   0.56917E+04   0.20607E+04   0.31157E+01   0.45179E+22
   0.56929E+04   0.20612E+04   0.31162E+01   0.45186E+22
   0.56942E+04   0.20616E+04   0.31167E+01   0.45193E+22
   0.56954E+04   0.20621E+04   0.31172E+01   0.45200E+22
   0.56967E+04   0.20625E+04   0.31177E+01   0.45207E+22
   0.56979E+04   0.20630E+04   0.31182E+01   0.45214E+22
   0.56992E+04   0.20635E+04   0.31187E+01   0.45221E+22
   0.57004E+04   0.20639E+04   0.31192E+01   0.45228E+22
   0.57017E+04   0.20644E+04   0.31197E+01   0.45235E+22
   0.57029E+04   0.20648E+04   0.31202E+01   0.45242E+22
   0.57041E+04   0.20653E+04   0.31207E+01   0.45249E+22
   0.57054E+04   0.20658E+04   0.31212E+01   0.45256E+22
   0.57066E+04   0.20662E+04   0.31217E+01   0.45263E+22
   0.57079E+04   0.20667E+04   0.31222E+01   0.45270E+22
   0.57091E+04   0.20671E+04   0.31227E+01   0.45277E+22
   0.57104E+04   0.20676E+04   0.31232E+01   0.45284E+22
   0.57116E+04   0.20681E+04   0.31237E+01   0.45291E+22
   0.57129E+04   0.20685E+04   0.31242E+01   0.45298E+22
   0.57141E+04   0.20690E+04   0.31247E+01   0.45305E+22
   0.57154E+04   0.20694E+04   0.31252E+01   0.45313E+22
   0.57166E+04   0.20699E+04   0.31257E+01   0.45320E+22
   0.57178E+04   0.20704E+04   0.31262E+01   0.45327E+22
   0.57191E+04   0.20708E+04   0.31267E+01   0.45334E+22
   0.57203E+04   0.20713E+04   0.31272E+01   0.45341E+22
   0.57216E+04   0.20717E+04   0.31277E+01   0.45348E+22
   0.57228E+04   0.20722E+04   0.31282E+01   0.45355E+22
   0.57241E+04   0.20727E+04   0.31287E+01   0.45362E+22
   0.57253E+04   0.20731E+04   0.31292E+01   0.45369E+22
   0.57266E+04   0.20736E+04   0.31297E+01   0.45376E+22
   0.57278E+04   0.20741E+04   0.31302E+01   0.45383E+22
   0.57291E+04   0.20745E+04   0.31307E+01   0.45390E+22
   0.57303E+04   0.20750E+04   0.31312E+01   0.45397E+22
   0.57315E+04   0.20754E+04   0.31317E+01   0.45404E+22
   0.57328E+04   0.20759E+04   0.31322E+01   0.45411E+22
   0.57340E+04   0.20764E+04   0.31327E+01   0.45418E+22
   0.57353E+04   0.20768E+04   0.31332E+01   0.45425E+22
   0.57365E+04   0.20773E+04   0.31337E+01   0.45432E+22
   0.57378E+04   0.20777E+04   0.31342E+01   0.45439E+22
   0.57390E+04   0.20782E+04   0.31347E+01   0.45446E+22
   0.57403E+04   0.20787E+04   0.31352E+01   0.45453E+22
   0.57415E+04   0.20791E+04   0.31357E+01   0.45460E+22
   0.57428E+04   0.20796E+04   0.31362E+01   0.45467E+22
   0.57440E+04   0.20800E+04   0.31367E+01   0.45475E+22
   0.57453E+04   0.20805E+04   0.31372E+01   0.45482E+22
   0.57465E+04   0.20810E+04   0.31377E+01   0.45489E+22
   0.57478E+04   0.20814E+04   0.31382E+01   0.45496E+22
   0.57490E+04   0.20819E+04   0.31387E+01   0.45503E+22
   0.57503E+04   0.20823E+04   0.31392E+01   0.45510E+22
   0.57515E+04   0.20828E+04   0.31397E+01   0.45517E+22
   0.57527E+04   0.20833E+04   0.31402E+01   0.45524E+22
   0.57540E+04   0.20837E+04   0.31407E+01   0.45531E+22
   0.57552E+04   0.20842E+04   0.31412E+01   0.45538E+22
   0.57565E+04   0.20846E+04   0.31417E+01   0.45545E+22
   0.57577E+04   0.20851E+04   0.31422E+01   0.45552E+22
   0.57590E+04   0.20856E+04   0.31427E+01   0.45559E+22
   0.57602E+04   0.20860E+04   0.31432E+01   0.45566E+22
   0.57615E+04   0.20865E+04   0.31437E+01   0.45573E+22
   0.57627E+04   0.20870E+04   0.31442E+01   0.45580E+22
   0.57640E+04   0.20874E+04   0.31447E+01   0.45587E+22
   0.57652E+04   0.20879E+04   0.31452E+01   0.45594E+22
   0.57665E+04   0.20883E+04   0.31457E+01   0.45601E+22
   0.57677E+04   0.20888E+04   0.31462E+01   0.45608E+22
   0.57690E+04   0.20893E+04   0.31467E+01   0.45615E+22
   0.57702E+04   0.20897E+04   0.31472E+01   0.45622E+22
   0.57715E+04   0.20902E+04   0.31477E+01   0.45629E+22
   0.57727E+04   0.20906E+04   0.31482E+01   0.45637E+22
   0.57740E+04   0.20911E+04   0.31487E+01   0.45644E+22
   0.57752E+04   0.20916E+04   0.31492E+01   0.45651E+22
   0.57765E+04   0.20920E+04   0.31497E+01   0.45658E+22
   0.57777E+04   0.20925E+04   0.31502E+01   0.45665E+22
   0.57790E+04   0.20929E+04   0.31507E+01   0.45672E+22
   0.57802E+04   0.20934E+04   0.31512E+01   0.45679E+22
   0.57815E+04   0.20939E+04   0.31517E+01   0.45686E+22
   0.57827E+04   0.20943E+04   0.31522E+01   0.45693E+22
   0.57840E+04   0.20948E+04   0.31527E+01   0.45700E+22
   0.57852E+04   0.20953E+04   0.31532E+01   0.45707E+22
   0.57865E+04   0.20957E+04   0.31537E+01   0.45714E+22
   0.57877E+04   0.20962E+04   0.31542E+01   0.45721E+22
   0.57890E+04   0.20966E+04   0.31547E+01   0.45728E+22
   0.57902E+04   0.20971E+04   0.31552E+01   0.45735E+22
   0.57915E+04   0.20976E+04   0.31557E+01   0.45742E+22
   0.57927E+04   0.20980E+04   0.31562E+01   0.45749E+22
   0.57940E+04   0.20985E+04   0.31567E+01   0.45756E+22
   0.57952E+04   0.20989E+04   0.31572E+01   0.45763E+22
   0.57965E+04   0.20994E+04   0.31577E+01   0.45770E+22
   0.57977E+04   0.20999E+04   0.31582E+01   0.45777E+22
   0.57990E+04   0.21003E+04   0.31587E+01   0.45784E+22
   0.58002E+04   0.21008E+04   0.31592E+01   0.45791E+22
   0.58015E+04   0.21013E+04   0.31597E+01   0.45799E+22
   0.58027E+04   0.21017E+04   0.31602E+01   0.45806E+22
   0.58040E+04   0.21022E+04   0.31607E+01   0.45813E+22
   0.58052E+04   0.21026E+04   0.31612E+01   0.45820E+22
   0.58065E+04   0.21031E+04   0.31617E+01   0.45827E+22
   0.58077E+04   0.21036E+04   0.31622E+01   0.45834E+22
   0.58090E+04   0.21040E+04   0.31627E+01   0.45841E+22
   0.58102E+04   0.21045E+04   0.31632E+01   0.45848E+22
   0.58115E+04   0.21050E+04   0.31637E+01   0.45855E+22
   0.58127E+04   0.21054E+04   0.31642E+01   0.45862E+22
   0.58140E+04   0.21059E+04   0.31647E+01   0.45869E+22
   0.58152E+04   0.21063E+04   0.31652E+01   0.45876E+22
   0.58165E+04   0.21068E+04   0.31657E+01   0.45883E+22
   0.58177E+04   0.21073E+04   0.31662E+01   0.45890E+22
   0.58190E+04   0.21077E+04   0.31667E+01   0.45897E+22
   0.58202E+04   0.21082E+04   0.31672E+01   0.45904E+22
   0.58215E+04   0.21086E+04   0.31677E+01   0.45911E+22
   0.58227E+04   0.21091E+04   0.31682E+01   0.45918E+22
   0.58240E+04   0.21096E+04   0.31687E+01   0.45925E+22
   0.58252E+04   0.21100E+04   0.31692E+01   0.45932E+22
   0.58265E+04   0.21105E+04   0.31697E+01   0.45939E+22
   0.58277E+04   0.21110E+04   0.31702E+01   0.45946E+22
   0.58290E+04   0.21114E+04   0.31707E+01   0.45954E+22
   0.58302E+04   0.21119E+04   0.31712E+01   0.45961E+22
   0.58315E+04   0.21123E+04   0.31717E+01   0.45968E+22
   0.58328E+04   0.21128E+04   0.31722E+01   0.45975E+22
   0.58340E+04   0.21133E+04   0.31727E+01   0.45982E+22
   0.58353E+04   0.21137E+04   0.31732E+01   0.45989E+22
   0.58365E+04   0.21142E+04   0.31737E+01   0.45996E+22
   0.58378E+04   0.21147E+04   0.31742E+01   0.46003E+22
   0.58390E+04   0.21151E+04   0.31747E+01   0.46010E+22
   0.58403E+04   0.21156E+04   0.31752E+01   0.46017E+22
   0.58415E+04   0.21160E+04   0.31757E+01   0.46024E+22
   0.58428E+04   0.21165E+04   0.31762E+01   0.46031E+22
   0.58440E+04   0.21170E+04   0.31767E+01   0.46038E+22
   0.58453E+04   0.21174E+04   0.31772E+01   0.46045E+22
   0.58465E+04   0.21179E+04   0.31777E+01   0.46052E+22
   0.58478E+04   0.21184E+04   0.31782E+01   0.46059E+22
   0.58490E+04   0.21188E+04   0.31787E+01   0.46066E+22
   0.58503E+04   0.21193E+04   0.31792E+01   0.46073E+22
   0.58515E+04   0.21197E+04   0.31797E+01   0.46080E+22
   0.58528E+04   0.21202E+04   0.31802E+01   0.46087E+22
   0.58541E+04   0.21207E+04   0.31807E+01   0.46094E+22
   0.58553E+04   0.21211E+04   0.31812E+01   0.46101E+22
   0.58566E+04   0.21216E+04   0.31817E+01   0.46108E+22
   0.58578E+04   0.21221E+04   0.31822E+01   0.46116E+22
   0.58591E+04   0.21225E+04   0.31827E+01   0.46123E+22
   0.58603E+04   0.21230E+04   0.31832E+01   0.46130E+22
   0.58616E+04   0.21234E+04   0.31837E+01   0.46137E+22
   0.58628E+04   0.21239E+04   0.31842E+01   0.46144E+22
   0.58641E+04   0.21244E+04   0.31847E+01   0.46151E+22
   0.58653E+04   0.21248E+04   0.31852E+01   0.46158E+22
   0.58666E+04   0.21253E+04   0.31857E+01   0.46165E+22
   0.58678E+04   0.21258E+04   0.31862E+01   0.46172E+22
   0.58691E+04   0.21262E+04   0.31867E+01   0.46179E+22
   0.58704E+04   0.21267E+04   0.31872E+01   0.46186E+22
   0.58716E+04   0.21272E+04   0.31877E+01   0.46193E+22
   0.58729E+04   0.21276E+04   0.31882E+01   0.46200E+22
   0.58741E+04   0.21281E+04   0.31887E+01   0.46207E+22
   0.58754E+04   0.21285E+04   0.31892E+01   0.46214E+22
   0.58766E+04   0.21290E+04   0.31897E+01   0.46221E+22
   0.58779E+04   0.21295E+04   0.31902E+01   0.46228E+22
   0.58791E+04   0.21299E+04   0.31907E+01   0.46235E+22
   0.58804E+04   0.21304E+04   0.31912E+01   0.46242E+22
   0.58816E+04   0.21309E+04   0.31917E+01   0.46249E+22
   0.58829E+04   0.21313E+04   0.31922E+01   0.46256E+22
   0.58842E+04   0.21318E+04   0.31927E+01   0.46263E+22
   0.58854E+04   0.21322E+04   0.31932E+01   0.46271E+22
   0.58867E+04   0.21327E+04   0.31937E+01   0.46278E+22
   0.58879E+04   0.21332E+04   0.31942E+01   0.46285E+22
   0.58892E+04   0.21336E+04   0.31947E+01   0.46292E+22
   0.58904E+04   0.21341E+04   0.31952E+01   0.46299E+22
   0.58917E+04   0.21346E+04   0.31957E+01   0.46306E+22
   0.58929E+04   0.21350E+04   0.31962E+01   0.46313E+22
   0.58942E+04   0.21355E+04   0.31967E+01   0.46320E+22
   0.58955E+04   0.21360E+04   0.31972E+01   0.46327E+22
   0.58967E+04   0.21364E+04   0.31977E+01   0.46334E+22
   0.58980E+04   0.21369E+04   0.31982E+01   0.46341E+22
   0.58992E+04   0.21373E+04   0.31987E+01   0.46348E+22
   0.59005E+04   0.21378E+04   0.31992E+01   0.46355E+22
   0.59017E+04   0.21383E+04   0.31997E+01   0.46362E+22
   0.59030E+04   0.21387E+04   0.32002E+01   0.46369E+22
   0.59043E+04   0.21392E+04   0.32007E+01   0.46376E+22
   0.59055E+04   0.21397E+04   0.32012E+01   0.46383E+22
   0.59068E+04   0.21401E+04   0.32017E+01   0.46390E+22
   0.59080E+04   0.21406E+04   0.32022E+01   0.46397E+22
   0.59093E+04   0.21411E+04   0.32027E+01   0.46404E+22
   0.59105E+04   0.21415E+04   0.32032E+01   0.46411E+22
   0.59118E+04   0.21420E+04   0.32037E+01   0.46418E+22
   0.59131E+04   0.21424E+04   0.32042E+01   0.46426E+22
   0.59143E+04   0.21429E+04   0.32047E+01   0.46433E+22
   0.59156E+04   0.21434E+04   0.32052E+01   0.46440E+22
   0.59168E+04   0.21438E+04   0.32057E+01   0.46447E+22
   0.59181E+04   0.21443E+04   0.32062E+01   0.46454E+22
   0.59193E+04   0.21448E+04   0.32067E+01   0.46461E+22
   0.59206E+04   0.21452E+04   0.32072E+01   0.46468E+22
   0.59219E+04   0.21457E+04   0.32077E+01   0.46475E+22
   0.59231E+04   0.21462E+04   0.32082E+01   0.46482E+22
   0.59244E+04   0.21466E+04   0.32087E+01   0.46489E+22
   0.59256E+04   0.21471E+04   0.32092E+01   0.46496E+22
   0.59269E+04   0.21475E+04   0.32097E+01   0.46503E+22
   0.59281E+04   0.21480E+04   0.32102E+01   0.46510E+22
   0.59294E+04   0.21485E+04   0.32107E+01   0.46517E+22
   0.59307E+04   0.21489E+04   0.32112E+01   0.46524E+22
   0.59319E+04   0.21494E+04   0.32117E+01   0.46531E+22
   0.59332E+04   0.21499E+04   0.32122E+01   0.46538E+22
   0.59344E+04   0.21503E+04   0.32127E+01   0.46545E+22
   0.59357E+04   0.21508E+04   0.32132E+01   0.46552E+22
   0.59369E+04   0.21513E+04   0.32137E+01   0.46559E+22
   0.59382E+04   0.21517E+04   0.32142E+01   0.46566E+22
   0.59395E+04   0.21522E+04   0.32147E+01   0.46573E+22
   0.59407E+04   0.21527E+04   0.32152E+01   0.46581E+22
   0.59420E+04   0.21531E+04   0.32157E+01   0.46588E+22
   0.59432E+04   0.21536E+04   0.32162E+01   0.46595E+22
   0.59445E+04   0.21540E+04   0.32167E+01   0.46602E+22
   0.59458E+04   0.21545E+04   0.32172E+01   0.46609E+22
   0.59470E+04   0.21550E+04   0.32177E+01   0.46616E+22
   0.59483E+04   0.21554E+04   0.32182E+01   0.46623E+22
   0.59495E+04   0.21559E+04   0.32187E+01   0.46630E+22
   0.59508E+04   0.21564E+04   0.32192E+01   0.46637E+22
   0.59521E+04   0.21568E+04   0.32197E+01   0.46644E+22
   0.59533E+04   0.21573E+04   0.32202E+01   0.46651E+22
   0.59546E+04   0.21578E+04   0.32207E+01   0.46658E+22
   0.59558E+04   0.21582E+04   0.32212E+01   0.46665E+22
   0.59571E+04   0.21587E+04   0.32217E+01   0.46672E+22
   0.59584E+04   0.21592E+04   0.32222E+01   0.46679E+22
   0.59596E+04   0.21596E+04   0.32227E+01   0.46686E+22
   0.59609E+04   0.21601E+04   0.32232E+01   0.46693E+22
   0.59621E+04   0.21605E+04   0.32237E+01   0.46700E+22
   0.59634E+04   0.21610E+04   0.32242E+01   0.46707E+22
   0.59647E+04   0.21615E+04   0.32247E+01   0.46714E+22
   0.59659E+04   0.21619E+04   0.32252E+01   0.46721E+22
   0.59672E+04   0.21624E+04   0.32257E+01   0.46728E+22
   0.59684E+04   0.21629E+04   0.32262E+01   0.46736E+22
   0.59697E+04   0.21633E+04   0.32267E+01   0.46743E+22
   0.59710E+04   0.21638E+04   0.32272E+01   0.46750E+22
   0.59722E+04   0.21643E+04   0.32277E+01   0.46757E+22
   0.59735E+04   0.21647E+04   0.32282E+01   0.46764E+22
   0.59747E+04   0.21652E+04   0.32287E+01   0.46771E+22
   0.59760E+04   0.21657E+04   0.32292E+01   0.46778E+22
   0.59773E+04   0.21661E+04   0.32297E+01   0.46785E+22
   0.59785E+04   0.21666E+04   0.32302E+01   0.46792E+22
   0.59798E+04   0.21671E+04   0.32307E+01   0.46799E+22
   0.59810E+04   0.21675E+04   0.32312E+01   0.46806E+22
   0.59823E+04   0.21680E+04   0.32317E+01   0.46813E+22
   0.59836E+04   0.21685E+04   0.32322E+01   0.46820E+22
   0.59848E+04   0.21689E+04   0.32327E+01   0.46827E+22
   0.59861E+04   0.21694E+04   0.32332E+01   0.46834E+22
   0.59873E+04   0.21698E+04   0.32337E+01   0.46841E+22
   0.59886E+04   0.21703E+04   0.32342E+01   0.46848E+22
   0.59899E+04   0.21708E+04   0.32347E+01   0.46855E+22
   0.59911E+04   0.21712E+04   0.32352E+01   0.46862E+22
   0.59924E+04   0.21717E+04   0.32357E+01   0.46869E+22
   0.59937E+04   0.21722E+04   0.32362E+01   0.46876E+22
   0.59949E+04   0.21726E+04   0.32367E+01   0.46884E+22
   0.59962E+04   0.21731E+04   0.32372E+01   0.46891E+22
   0.59974E+04   0.21736E+04   0.32377E+01   0.46898E+22
   0.59987E+04   0.21740E+04   0.32382E+01   0.46905E+22
   0.60000E+04   0.21745E+04   0.32387E+01   0.46912E+22
   0.60012E+04   0.21750E+04   0.32392E+01   0.46919E+22
   0.60025E+04   0.21754E+04   0.32397E+01   0.46926E+22
   0.60037E+04   0.21759E+04   0.32402E+01   0.46933E+22
   0.60050E+04   0.21764E+04   0.32407E+01   0.46940E+22
   0.60063E+04   0.21768E+04   0.32412E+01   0.46947E+22
   0.60075E+04   0.21773E+04   0.32417E+01   0.46954E+22
   0.60088E+04   0.21778E+04   0.32422E+01   0.46961E+22
   0.60101E+04   0.21782E+04   0.32427E+01   0.46968E+22
   0.60113E+04   0.21787E+04   0.32432E+01   0.46975E+22
   0.60126E+04   0.21792E+04   0.32437E+01   0.46982E+22
   0.60138E+04   0.21796E+04   0.32442E+01   0.46989E+22
   0.60151E+04   0.21801E+04   0.32447E+01   0.46996E+22
   0.60164E+04   0.21806E+04   0.32452E+01   0.47003E+22
   0.60176E+04   0.21810E+04   0.32457E+01   0.47010E+22
   0.60189E+04   0.21815E+04   0.32462E+01   0.47017E+22
   0.60202E+04   0.21819E+04   0.32467E+01   0.47024E+22
   0.60214E+04   0.21824E+04   0.32472E+01   0.47031E+22
   0.60227E+04   0.21829E+04   0.32477E+01   0.47039E+22
   0.60240E+04   0.21833E+04   0.32482E+01   0.47046E+22
   0.60252E+04   0.21838E+04   0.32487E+01   0.47053E+22
   0.60265E+04   0.21843E+04   0.32492E+01   0.47060E+22
   0.60277E+04   0.21847E+04   0.32497E+01   0.47067E+22
   0.60290E+04   0.21852E+04   0.32502E+01   0.47074E+22
   0.60303E+04   0.21857E+04   0.32507E+01   0.47081E+22
   0.60315E+04   0.21861E+04   0.32512E+01   0.47088E+22
   0.60328E+04   0.21866E+04   0.32517E+01   0.47095E+22
   0.60341E+04   0.21871E+04   0.32522E+01   0.47102E+22
   0.60353E+04   0.21875E+04   0.32527E+01   0.47109E+22
   0.60366E+04   0.21880E+04   0.32532E+01   0.47116E+22
   0.60379E+04   0.21885E+04   0.32537E+01   0.47123E+22
   0.60391E+04   0.21889E+04   0.32542E+01   0.47130E+22
   0.60404E+04   0.21894E+04   0.32547E+01   0.47137E+22
   0.60416E+04   0.21899E+04   0.32552E+01   0.47144E+22
   0.60429E+04   0.21903E+04   0.32557E+01   0.47151E+22
   0.60442E+04   0.21908E+04   0.32562E+01   0.47158E+22
   0.60454E+04   0.21913E+04   0.32567E+01   0.47165E+22
   0.60467E+04   0.21917E+04   0.32572E+01   0.47172E+22
   0.60480E+04   0.21922E+04   0.32577E+01   0.47179E+22
   0.60492E+04   0.21927E+04   0.32582E+01   0.47187E+22
   0.60505E+04   0.21931E+04   0.32587E+01   0.47194E+22
   0.60518E+04   0.21936E+04   0.32592E+01   0.47201E+22
   0.60530E+04   0.21941E+04   0.32597E+01   0.47208E+22
   0.60543E+04   0.21945E+04   0.32602E+01   0.47215E+22
   0.60556E+04   0.21950E+04   0.32607E+01   0.47222E+22
   0.60568E+04   0.21955E+04   0.32612E+01   0.47229E+22
   0.60581E+04   0.21959E+04   0.32617E+01   0.47236E+22
   0.60594E+04   0.21964E+04   0.32622E+01   0.47243E+22
   0.60606E+04   0.21969E+04   0.32627E+01   0.47250E+22
   0.60619E+04   0.21973E+04   0.32632E+01   0.47257E+22
   0.60631E+04   0.21978E+04   0.32637E+01   0.47264E+22
   0.60644E+04   0.21983E+04   0.32642E+01   0.47271E+22
   0.60657E+04   0.21987E+04   0.32647E+01   0.47278E+22
   0.60669E+04   0.21992E+04   0.32652E+01   0.47285E+22
   0.60682E+04   0.21997E+04   0.32657E+01   0.47292E+22
   0.60695E+04   0.22001E+04   0.32662E+01   0.47299E+22
   0.60707E+04   0.22006E+04   0.32667E+01   0.47306E+22
   0.60720E+04   0.22011E+04   0.32672E+01   0.47313E+22
   0.60733E+04   0.22015E+04   0.32677E+01   0.47320E+22
   0.60745E+04   0.22020E+04   0.32682E+01   0.47327E+22
   0.60758E+04   0.22025E+04   0.32687E+01   0.47335E+22
   0.60771E+04   0.22029E+04   0.32692E+01   0.47342E+22
   0.60783E+04   0.22034E+04   0.32697E+01   0.47349E+22
   0.60796E+04   0.22039E+04   0.32702E+01   0.47356E+22
   0.60809E+04   0.22043E+04   0.32707E+01   0.47363E+22
   0.60821E+04   0.22048E+04   0.32712E+01   0.47370E+22
   0.60834E+04   0.22053E+04   0.32717E+01   0.47377E+22
   0.60847E+04   0.22057E+04   0.32722E+01   0.47384E+22
   0.60859E+04   0.22062E+04   0.32727E+01   0.47391E+22
   0.60872E+04   0.22067E+04   0.32732E+01   0.47398E+22
   0.60885E+04   0.22071E+04   0.32737E+01   0.47405E+22
   0.60897E+04   0.22076E+04   0.32742E+01   0.47412E+22
   0.60910E+04   0.22081E+04   0.32747E+01   0.47419E+22
   0.60923E+04   0.22085E+04   0.32752E+01   0.47426E+22
   0.60935E+04   0.22090E+04   0.32757E+01   0.47433E+22
   0.60948E+04   0.22095E+04   0.32762E+01   0.47440E+22
   0.60961E+04   0.22099E+04   0.32767E+01   0.47447E+22
   0.60973E+04   0.22104E+04   0.32772E+01   0.47454E+22
   0.60986E+04   0.22109E+04   0.32777E+01   0.47461E+22
   0.60999E+04   0.22113E+04   0.32782E+01   0.47468E+22
   0.61011E+04   0.22118E+04   0.32787E+01   0.47475E+22
   0.61024E+04   0.22123E+04   0.32792E+01   0.47483E+22
   0.61037E+04   0.22127E+04   0.32797E+01   0.47490E+22
   0.61050E+04   0.22132E+04   0.32802E+01   0.47497E+22
   0.61062E+04   0.22137E+04   0.32807E+01   0.47504E+22
   0.61075E+04   0.22141E+04   0.32812E+01   0.47511E+22
   0.61088E+04   0.22146E+04   0.32817E+01   0.47518E+22
   0.61100E+04   0.22151E+04   0.32822E+01   0.47525E+22
   0.61113E+04   0.22155E+04   0.32827E+01   0.47532E+22
   0.61126E+04   0.22160E+04   0.32832E+01   0.47539E+22
   0.61138E+04   0.22165E+04   0.32837E+01   0.47546E+22
   0.61151E+04   0.22169E+04   0.32842E+01   0.47553E+22
   0.61164E+04   0.22174E+04   0.32847E+01   0.47560E+22
   0.61176E+04   0.22179E+04   0.32852E+01   0.47567E+22
   0.61189E+04   0.22183E+04   0.32857E+01   0.47574E+22
   0.61202E+04   0.22188E+04   0.32862E+01   0.47581E+22
   0.61214E+04   0.22193E+04   0.32867E+01   0.47588E+22
   0.61227E+04   0.22197E+04   0.32872E+01   0.47595E+22
   0.61240E+04   0.22202E+04   0.32877E+01   0.47602E+22
   0.61252E+04   0.22207E+04   0.32882E+01   0.47609E+22
   0.61265E+04   0.22211E+04   0.32887E+01   0.47616E+22
   0.61278E+04   0.22216E+04   0.32892E+01   0.47623E+22
   0.61291E+04   0.22221E+04   0.32897E+01   0.47631E+22
   0.61303E+04   0.22225E+04   0.32902E+01   0.47638E+22
   0.61316E+04   0.22230E+04   0.32907E+01   0.47645E+22
   0.61329E+04   0.22235E+04   0.32912E+01   0.47652E+22
   0.61341E+04   0.22239E+04   0.32917E+01   0.47659E+22
   0.61354E+04   0.22244E+04   0.32922E+01   0.47666E+22
   0.61367E+04   0.22249E+04   0.32927E+01   0.47673E+22
   0.61379E+04   0.22254E+04   0.32932E+01   0.47680E+22
   0.61392E+04   0.22258E+04   0.32937E+01   0.47687E+22
   0.61405E+04   0.22263E+04   0.32942E+01   0.47694E+22
   0.61418E+04   0.22268E+04   0.32947E+01   0.47701E+22
   0.61430E+04   0.22272E+04   0.32952E+01   0.47708E+22
   0.61443E+04   0.22277E+04   0.32957E+01   0.47715E+22
   0.61456E+04   0.22282E+04   0.32962E+01   0.47722E+22
   0.61468E+04   0.22286E+04   0.32967E+01   0.47729E+22
   0.61481E+04   0.22291E+04   0.32972E+01   0.47736E+22
   0.61494E+04   0.22296E+04   0.32977E+01   0.47743E+22
   0.61506E+04   0.22300E+04   0.32982E+01   0.47750E+22
   0.61519E+04   0.22305E+04   0.32987E+01   0.47757E+22
   0.61532E+04   0.22310E+04   0.32992E+01   0.47764E+22
   0.61545E+04   0.22314E+04   0.32997E+01   0.47771E+22
   0.61557E+04   0.22319E+04   0.33002E+01   0.47779E+22
   0.61570E+04   0.22324E+04   0.33007E+01   0.47786E+22
   0.61583E+04   0.22328E+04   0.33012E+01   0.47793E+22
   0.61595E+04   0.22333E+04   0.33017E+01   0.47800E+22
   0.61608E+04   0.22338E+04   0.33022E+01   0.47807E+22
   0.61621E+04   0.22342E+04   0.33027E+01   0.47814E+22
   0.61634E+04   0.22347E+04   0.33032E+01   0.47821E+22
   0.61646E+04   0.22352E+04   0.33037E+01   0.47828E+22
   0.61659E+04   0.22356E+04   0.33042E+01   0.47835E+22
   0.61672E+04   0.22361E+04   0.33047E+01   0.47842E+22
   0.61684E+04   0.22366E+04   0.33052E+01   0.47849E+22
   0.61697E+04   0.22371E+04   0.33057E+01   0.47856E+22
   0.61710E+04   0.22375E+04   0.33062E+01   0.47863E+22
   0.61723E+04   0.22380E+04   0.33067E+01   0.47870E+22
   0.61735E+04   0.22385E+04   0.33072E+01   0.47877E+22
   0.61748E+04   0.22389E+04   0.33077E+01   0.47884E+22
   0.61761E+04   0.22394E+04   0.33082E+01   0.47891E+22
   0.61773E+04   0.22399E+04   0.33087E+01   0.47898E+22
   0.61786E+04   0.22403E+04   0.33092E+01   0.47905E+22
   0.61799E+04   0.22408E+04   0.33097E+01   0.47912E+22
   0.61812E+04   0.22413E+04   0.33102E+01   0.47919E+22
   0.61824E+04   0.22417E+04   0.33107E+01   0.47927E+22
   0.61837E+04   0.22422E+04   0.33112E+01   0.47934E+22
   0.61850E+04   0.22427E+04   0.33117E+01   0.47941E+22
   0.61862E+04   0.22431E+04   0.33122E+01   0.47948E+22
   0.61875E+04   0.22436E+04   0.33127E+01   0.47955E+22
   0.61888E+04   0.22441E+04   0.33132E+01   0.47962E+22
   0.61901E+04   0.22445E+04   0.33137E+01   0.47969E+22
   0.61913E+04   0.22450E+04   0.33142E+01   0.47976E+22
   0.61926E+04   0.22455E+04   0.33147E+01   0.47983E+22
   0.61939E+04   0.22460E+04   0.33152E+01   0.47990E+22
   0.61952E+04   0.22464E+04   0.33157E+01   0.47997E+22
   0.61964E+04   0.22469E+04   0.33162E+01   0.48004E+22
   0.61977E+04   0.22474E+04   0.33167E+01   0.48011E+22
   0.61990E+04   0.22478E+04   0.33172E+01   0.48018E+22
   0.62002E+04   0.22483E+04   0.33177E+01   0.48025E+22
   0.62015E+04   0.22488E+04   0.33182E+01   0.48032E+22
   0.62028E+04   0.22492E+04   0.33187E+01   0.48039E+22
   0.62041E+04   0.22497E+04   0.33192E+01   0.48046E+22
   0.62053E+04   0.22502E+04   0.33197E+01   0.48053E+22
   0.62066E+04   0.22506E+04   0.33202E+01   0.48060E+22
   0.62079E+04   0.22511E+04   0.33207E+01   0.48068E+22
   0.62092E+04   0.22516E+04   0.33212E+01   0.48075E+22
   0.62104E+04   0.22520E+04   0.33217E+01   0.48082E+22
   0.62117E+04   0.22525E+04   0.33222E+01   0.48089E+22
   0.62130E+04   0.22530E+04   0.33227E+01   0.48096E+22
   0.62143E+04   0.22535E+04   0.33232E+01   0.48103E+22
   0.62155E+04   0.22539E+04   0.33237E+01   0.48110E+22
   0.62168E+04   0.22544E+04   0.33242E+01   0.48117E+22
   0.62181E+04   0.22549E+04   0.33247E+01   0.48124E+22
   0.62194E+04   0.22553E+04   0.33252E+01   0.48131E+22
   0.62206E+04   0.22558E+04   0.33257E+01   0.48138E+22
   0.62219E+04   0.22563E+04   0.33262E+01   0.48145E+22
   0.62232E+04   0.22567E+04   0.33267E+01   0.48152E+22
   0.62245E+04   0.22572E+04   0.33272E+01   0.48159E+22
   0.62257E+04   0.22577E+04   0.33277E+01   0.48166E+22
   0.62270E+04   0.22581E+04   0.33282E+01   0.48173E+22
   0.62283E+04   0.22586E+04   0.33287E+01   0.48180E+22
   0.62296E+04   0.22591E+04   0.33292E+01   0.48187E+22
   0.62308E+04   0.22596E+04   0.33297E+01   0.48194E+22
   0.62321E+04   0.22600E+04   0.33302E+01   0.48201E+22
   0.62334E+04   0.22605E+04   0.33307E+01   0.48209E+22
   0.62347E+04   0.22610E+04   0.33312E+01   0.48216E+22
   0.62359E+04   0.22614E+04   0.33317E+01   0.48223E+22
   0.62372E+04   0.22619E+04   0.33322E+01   0.48230E+22
   0.62385E+04   0.22624E+04   0.33327E+01   0.48237E+22
   0.62398E+04   0.22628E+04   0.33332E+01   0.48244E+22
   0.62410E+04   0.22633E+04   0.33337E+01   0.48251E+22
   0.62423E+04   0.22638E+04   0.33342E+01   0.48258E+22
   0.62436E+04   0.22643E+04   0.33347E+01   0.48265E+22
   0.62449E+04   0.22647E+04   0.33352E+01   0.48272E+22
   0.62461E+04   0.22652E+04   0.33357E+01   0.48279E+22
   0.62474E+04   0.22657E+04   0.33362E+01   0.48286E+22
   0.62487E+04   0.22661E+04   0.33367E+01   0.48293E+22
   0.62500E+04   0.22666E+04   0.33372E+01   0.48300E+22
   0.62512E+04   0.22671E+04   0.33377E+01   0.48307E+22
   0.62525E+04   0.22675E+04   0.33382E+01   0.48314E+22
   0.62538E+04   0.22680E+04   0.33387E+01   0.48321E+22
   0.62551E+04   0.22685E+04   0.33392E+01   0.48328E+22
   0.62563E+04   0.22689E+04   0.33397E+01   0.48335E+22
   0.62576E+04   0.22694E+04   0.33402E+01   0.48342E+22
   0.62589E+04   0.22699E+04   0.33407E+01   0.48349E+22
   0.62602E+04   0.22704E+04   0.33412E+01   0.48357E+22
   0.62614E+04   0.22708E+04   0.33417E+01   0.48364E+22
   0.62627E+04   0.22713E+04   0.33422E+01   0.48371E+22
   0.62640E+04   0.22718E+04   0.33427E+01   0.48378E+22
   0.62653E+04   0.22722E+04   0.33432E+01   0.48385E+22
   0.62666E+04   0.22727E+04   0.33437E+01   0.48392E+22
   0.62678E+04   0.22732E+04   0.33442E+01   0.48399E+22
   0.62691E+04   0.22736E+04   0.33447E+01   0.48406E+22
   0.62704E+04   0.22741E+04   0.33452E+01   0.48413E+22
   0.62717E+04   0.22746E+04   0.33457E+01   0.48420E+22
   0.62729E+04   0.22751E+04   0.33462E+01   0.48427E+22
   0.62742E+04   0.22755E+04   0.33467E+01   0.48434E+22
   0.62755E+04   0.22760E+04   0.33472E+01   0.48441E+22
   0.62768E+04   0.22765E+04   0.33477E+01   0.48448E+22
   0.62780E+04   0.22769E+04   0.33482E+01   0.48455E+22
   0.62793E+04   0.22774E+04   0.33487E+01   0.48462E+22
   0.62806E+04   0.22779E+04   0.33492E+01   0.48469E+22
   0.62819E+04   0.22783E+04   0.33497E+01   0.48476E+22
   0.62832E+04   0.22788E+04   0.33502E+01   0.48483E+22
   0.62844E+04   0.22793E+04   0.33507E+01   0.48490E+22
   0.62857E+04   0.22798E+04   0.33512E+01   0.48498E+22
   0.62870E+04   0.22802E+04   0.33517E+01   0.48505E+22
   0.62883E+04   0.22807E+04   0.33522E+01   0.48512E+22
   0.62895E+04   0.22812E+04   0.33527E+01   0.48519E+22
   0.62908E+04   0.22816E+04   0.33532E+01   0.48526E+22
   0.62921E+04   0.22821E+04   0.33537E+01   0.48533E+22
   0.62934E+04   0.22826E+04   0.33542E+01   0.48540E+22
   0.62947E+04   0.22831E+04   0.33547E+01   0.48547E+22
   0.62959E+04   0.22835E+04   0.33552E+01   0.48554E+22
   0.62972E+04   0.22840E+04   0.33557E+01   0.48561E+22
   0.62985E+04   0.22845E+04   0.33562E+01   0.48568E+22
   0.62998E+04   0.22849E+04   0.33567E+01   0.48575E+22
   0.63011E+04   0.22854E+04   0.33572E+01   0.48582E+22
   0.63023E+04   0.22859E+04   0.33577E+01   0.48589E+22
   0.63036E+04   0.22863E+04   0.33582E+01   0.48596E+22
   0.63049E+04   0.22868E+04   0.33587E+01   0.48603E+22
   0.63062E+04   0.22873E+04   0.33592E+01   0.48610E+22
   0.63075E+04   0.22878E+04   0.33597E+01   0.48617E+22
   0.63087E+04   0.22882E+04   0.33602E+01   0.48624E+22
   0.63100E+04   0.22887E+04   0.33607E+01   0.48631E+22
   0.63113E+04   0.22892E+04   0.33612E+01   0.48639E+22
   0.63126E+04   0.22896E+04   0.33617E+01   0.48646E+22
   0.63138E+04   0.22901E+04   0.33622E+01   0.48653E+22
   0.63151E+04   0.22906E+04   0.33627E+01   0.48660E+22
   0.63164E+04   0.22911E+04   0.33632E+01   0.48667E+22
   0.63177E+04   0.22915E+04   0.33637E+01   0.48674E+22
   0.63190E+04   0.22920E+04   0.33642E+01   0.48681E+22
   0.63202E+04   0.22925E+04   0.33647E+01   0.48688E+22
   0.63215E+04   0.22929E+04   0.33652E+01   0.48695E+22
   0.63228E+04   0.22934E+04   0.33657E+01   0.48702E+22
   0.63241E+04   0.22939E+04   0.33662E+01   0.48709E+22
   0.63254E+04   0.22943E+04   0.33667E+01   0.48716E+22
   0.63266E+04   0.22948E+04   0.33672E+01   0.48723E+22
   0.63279E+04   0.22953E+04   0.33677E+01   0.48730E+22
   0.63292E+04   0.22958E+04   0.33682E+01   0.48737E+22
   0.63305E+04   0.22962E+04   0.33687E+01   0.48744E+22
   0.63318E+04   0.22967E+04   0.33692E+01   0.48751E+22
   0.63330E+04   0.22972E+04   0.33697E+01   0.48758E+22
   0.63343E+04   0.22976E+04   0.33702E+01   0.48765E+22
   0.63356E+04   0.22981E+04   0.33707E+01   0.48772E+22
   0.63369E+04   0.22986E+04   0.33712E+01   0.48780E+22
   0.63382E+04   0.22991E+04   0.33717E+01   0.48787E+22
   0.63395E+04   0.22995E+04   0.33722E+01   0.48794E+22
   0.63407E+04   0.23000E+04   0.33727E+01   0.48801E+22
   0.63420E+04   0.23005E+04   0.33732E+01   0.48808E+22
   0.63433E+04   0.23009E+04   0.33737E+01   0.48815E+22
   0.63446E+04   0.23014E+04   0.33742E+01   0.48822E+22
   0.63459E+04   0.23019E+04   0.33747E+01   0.48829E+22
   0.63471E+04   0.23024E+04   0.33752E+01   0.48836E+22
   0.63484E+04   0.23028E+04   0.33757E+01   0.48843E+22
   0.63497E+04   0.23033E+04   0.33762E+01   0.48850E+22
   0.63510E+04   0.23038E+04   0.33767E+01   0.48857E+22
   0.63523E+04   0.23042E+04   0.33772E+01   0.48864E+22
   0.63535E+04   0.23047E+04   0.33777E+01   0.48871E+22
   0.63548E+04   0.23052E+04   0.33782E+01   0.48878E+22
   0.63561E+04   0.23057E+04   0.33787E+01   0.48885E+22
   0.63574E+04   0.23061E+04   0.33792E+01   0.48892E+22
   0.63587E+04   0.23066E+04   0.33797E+01   0.48899E+22
   0.63600E+04   0.23071E+04   0.33802E+01   0.48906E+22
   0.63612E+04   0.23075E+04   0.33807E+01   0.48913E+22
   0.63625E+04   0.23080E+04   0.33812E+01   0.48921E+22
   0.63638E+04   0.23085E+04   0.33817E+01   0.48928E+22
   0.63651E+04   0.23090E+04   0.33822E+01   0.48935E+22
   0.63664E+04   0.23094E+04   0.33827E+01   0.48942E+22
   0.63676E+04   0.23099E+04   0.33832E+01   0.48949E+22
   0.63689E+04   0.23104E+04   0.33837E+01   0.48956E+22
   0.63702E+04   0.23108E+04   0.33842E+01   0.48963E+22
   0.63715E+04   0.23113E+04   0.33847E+01   0.48970E+22
   0.63728E+04   0.23118E+04   0.33852E+01   0.48977E+22
   0.63741E+04   0.23123E+04   0.33857E+01   0.48984E+22
   0.63753E+04   0.23127E+04   0.33862E+01   0.48991E+22
   0.63766E+04   0.23132E+04   0.33867E+01   0.48998E+22
   0.63779E+04   0.23137E+04   0.33872E+01   0.49005E+22
   0.63792E+04   0.23141E+04   0.33877E+01   0.49012E+22
   0.63805E+04   0.23146E+04   0.33882E+01   0.49019E+22
   0.63818E+04   0.23151E+04   0.33887E+01   0.49026E+22
   0.63830E+04   0.23156E+04   0.33892E+01   0.49033E+22
   0.63843E+04   0.23160E+04   0.33897E+01   0.49040E+22
   0.63856E+04   0.23165E+04   0.33902E+01   0.49047E+22
   0.63869E+04   0.23170E+04   0.33907E+01   0.49055E+22
   0.63882E+04   0.23174E+04   0.33912E+01   0.49062E+22
   0.63895E+04   0.23179E+04   0.33917E+01   0.49069E+22
   0.63907E+04   0.23184E+04   0.33922E+01   0.49076E+22
   0.63920E+04   0.23189E+04   0.33927E+01   0.49083E+22
   0.63933E+04   0.23193E+04   0.33932E+01   0.49090E+22
   0.63946E+04   0.23198E+04   0.33937E+01   0.49097E+22
   0.63959E+04   0.23203E+04   0.33942E+01   0.49104E+22
   0.63972E+04   0.23208E+04   0.33947E+01   0.49111E+22
   0.63984E+04   0.23212E+04   0.33952E+01   0.49118E+22
   0.63997E+04   0.23217E+04   0.33957E+01   0.49125E+22
   0.64010E+04   0.23222E+04   0.33962E+01   0.49132E+22
   0.64023E+04   0.23226E+04   0.33967E+01   0.49139E+22
   0.64036E+04   0.23231E+04   0.33972E+01   0.49146E+22
   0.64049E+04   0.23236E+04   0.33977E+01   0.49153E+22
   0.64062E+04   0.23241E+04   0.33982E+01   0.49160E+22
   0.64074E+04   0.23245E+04   0.33987E+01   0.49167E+22
   0.64087E+04   0.23250E+04   0.33992E+01   0.49174E+22
   0.64100E+04   0.23255E+04   0.33997E+01   0.49181E+22
   0.64113E+04   0.23259E+04   0.34002E+01   0.49188E+22
   0.64126E+04   0.23264E+04   0.34007E+01   0.49196E+22
   0.64139E+04   0.23269E+04   0.34012E+01   0.49203E+22
   0.64151E+04   0.23274E+04   0.34017E+01   0.49210E+22
   0.64164E+04   0.23278E+04   0.34022E+01   0.49217E+22
   0.64177E+04   0.23283E+04   0.34027E+01   0.49224E+22
   0.64190E+04   0.23288E+04   0.34032E+01   0.49231E+22
   0.64203E+04   0.23293E+04   0.34037E+01   0.49238E+22
   0.64216E+04   0.23297E+04   0.34042E+01   0.49245E+22
   0.64229E+04   0.23302E+04   0.34047E+01   0.49252E+22
   0.64241E+04   0.23307E+04   0.34052E+01   0.49259E+22
   0.64254E+04   0.23311E+04   0.34057E+01   0.49266E+22
   0.64267E+04   0.23316E+04   0.34062E+01   0.49273E+22
   0.64280E+04   0.23321E+04   0.34067E+01   0.49280E+22
   0.64293E+04   0.23326E+04   0.34072E+01   0.49287E+22
   0.64306E+04   0.23330E+04   0.34077E+01   0.49294E+22
   0.64319E+04   0.23335E+04   0.34082E+01   0.49301E+22
   0.64331E+04   0.23340E+04   0.34087E+01   0.49308E+22
   0.64344E+04   0.23345E+04   0.34092E+01   0.49315E+22
   0.64357E+04   0.23349E+04   0.34097E+01   0.49322E+22
   0.64370E+04   0.23354E+04   0.34102E+01   0.49329E+22
   0.64383E+04   0.23359E+04   0.34107E+01   0.49337E+22
   0.64396E+04   0.23363E+04   0.34112E+01   0.49344E+22
   0.64409E+04   0.23368E+04   0.34117E+01   0.49351E+22
   0.64421E+04   0.23373E+04   0.34122E+01   0.49358E+22
   0.64434E+04   0.23378E+04   0.34127E+01   0.49365E+22
   0.64447E+04   0.23382E+04   0.34132E+01   0.49372E+22
   0.64460E+04   0.23387E+04   0.34137E+01   0.49379E+22
   0.64473E+04   0.23392E+04   0.34142E+01   0.49386E+22
   0.64486E+04   0.23397E+04   0.34147E+01   0.49393E+22
   0.64499E+04   0.23401E+04   0.34152E+01   0.49400E+22
   0.64512E+04   0.23406E+04   0.34157E+01   0.49407E+22
   0.64524E+04   0.23411E+04   0.34162E+01   0.49414E+22
   0.64537E+04   0.23416E+04   0.34167E+01   0.49421E+22
   0.64550E+04   0.23420E+04   0.34172E+01   0.49428E+22
   0.64563E+04   0.23425E+04   0.34177E+01   0.49435E+22
   0.64576E+04   0.23430E+04   0.34182E+01   0.49442E+22
   0.64589E+04   0.23434E+04   0.34187E+01   0.49449E+22
   0.64602E+04   0.23439E+04   0.34192E+01   0.49456E+22
   0.64615E+04   0.23444E+04   0.34197E+01   0.49463E+22
   0.64627E+04   0.23449E+04   0.34202E+01   0.49471E+22
   0.64640E+04   0.23453E+04   0.34207E+01   0.49478E+22
   0.64653E+04   0.23458E+04   0.34212E+01   0.49485E+22
   0.64666E+04   0.23463E+04   0.34217E+01   0.49492E+22
   0.64679E+04   0.23468E+04   0.34222E+01   0.49499E+22
   0.64692E+04   0.23472E+04   0.34227E+01   0.49506E+22
   0.64705E+04   0.23477E+04   0.34232E+01   0.49513E+22
   0.64718E+04   0.23482E+04   0.34237E+01   0.49520E+22
   0.64730E+04   0.23486E+04   0.34242E+01   0.49527E+22
   0.64743E+04   0.23491E+04   0.34247E+01   0.49534E+22
   0.64756E+04   0.23496E+04   0.34252E+01   0.49541E+22
   0.64769E+04   0.23501E+04   0.34257E+01   0.49548E+22
   0.64782E+04   0.23505E+04   0.34262E+01   0.49555E+22
   0.64795E+04   0.23510E+04   0.34267E+01   0.49562E+22
   0.64808E+04   0.23515E+04   0.34272E+01   0.49569E+22
   0.64821E+04   0.23520E+04   0.34277E+01   0.49576E+22
   0.64834E+04   0.23524E+04   0.34282E+01   0.49583E+22
   0.64846E+04   0.23529E+04   0.34287E+01   0.49590E+22
   0.64859E+04   0.23534E+04   0.34292E+01   0.49597E+22
   0.64872E+04   0.23539E+04   0.34297E+01   0.49605E+22
   0.64885E+04   0.23543E+04   0.34302E+01   0.49612E+22
   0.64898E+04   0.23548E+04   0.34307E+01   0.49619E+22
   0.64911E+04   0.23553E+04   0.34312E+01   0.49626E+22
   0.64924E+04   0.23558E+04   0.34317E+01   0.49633E+22
   0.64937E+04   0.23562E+04   0.34322E+01   0.49640E+22
   0.64950E+04   0.23567E+04   0.34327E+01   0.49647E+22
   0.64962E+04   0.23572E+04   0.34332E+01   0.49654E+22
   0.64975E+04   0.23576E+04   0.34337E+01   0.49661E+22
   0.64988E+04   0.23581E+04   0.34342E+01   0.49668E+22
   0.65001E+04   0.23586E+04   0.34347E+01   0.49675E+22
   0.65014E+04   0.23591E+04   0.34352E+01   0.49682E+22
   0.65027E+04   0.23595E+04   0.34357E+01   0.49689E+22
   0.65040E+04   0.23600E+04   0.34362E+01   0.49696E+22
   0.65053E+04   0.23605E+04   0.34367E+01   0.49703E+22
   0.65066E+04   0.23610E+04   0.34372E+01   0.49710E+22
   0.65078E+04   0.23614E+04   0.34377E+01   0.49717E+22
   0.65091E+04   0.23619E+04   0.34382E+01   0.49724E+22
   0.65104E+04   0.23624E+04   0.34387E+01   0.49731E+22
   0.65117E+04   0.23629E+04   0.34392E+01   0.49738E+22
   0.65130E+04   0.23633E+04   0.34397E+01   0.49746E+22
   0.65143E+04   0.23638E+04   0.34402E+01   0.49753E+22
   0.65156E+04   0.23643E+04   0.34407E+01   0.49760E+22
   0.65169E+04   0.23648E+04   0.34412E+01   0.49767E+22
   0.65182E+04   0.23652E+04   0.34417E+01   0.49774E+22
   0.65195E+04   0.23657E+04   0.34422E+01   0.49781E+22
   0.65208E+04   0.23662E+04   0.34427E+01   0.49788E+22
   0.65220E+04   0.23667E+04   0.34432E+01   0.49795E+22
   0.65233E+04   0.23671E+04   0.34437E+01   0.49802E+22
   0.65246E+04   0.23676E+04   0.34442E+01   0.49809E+22
   0.65259E+04   0.23681E+04   0.34447E+01   0.49816E+22
   0.65272E+04   0.23686E+04   0.34452E+01   0.49823E+22
   0.65285E+04   0.23690E+04   0.34457E+01   0.49830E+22
   0.65298E+04   0.23695E+04   0.34462E+01   0.49837E+22
   0.65311E+04   0.23700E+04   0.34467E+01   0.49844E+22
   0.65324E+04   0.23704E+04   0.34472E+01   0.49851E+22
   0.65337E+04   0.23709E+04   0.34477E+01   0.49858E+22
   0.65350E+04   0.23714E+04   0.34482E+01   0.49865E+22
   0.65362E+04   0.23719E+04   0.34487E+01   0.49872E+22
   0.65375E+04   0.23723E+04   0.34492E+01   0.49880E+22
   0.65388E+04   0.23728E+04   0.34497E+01   0.49887E+22
   0.65401E+04   0.23733E+04   0.34502E+01   0.49894E+22
   0.65414E+04   0.23738E+04   0.34507E+01   0.49901E+22
   0.65427E+04   0.23742E+04   0.34512E+01   0.49908E+22
   0.65440E+04   0.23747E+04   0.34517E+01   0.49915E+22
   0.65453E+04   0.23752E+04   0.34522E+01   0.49922E+22
   0.65466E+04   0.23757E+04   0.34527E+01   0.49929E+22
   0.65479E+04   0.23761E+04   0.34532E+01   0.49936E+22
   0.65492E+04   0.23766E+04   0.34537E+01   0.49943E+22
   0.65505E+04   0.23771E+04   0.34542E+01   0.49950E+22
   0.65517E+04   0.23776E+04   0.34547E+01   0.49957E+22
   0.65530E+04   0.23780E+04   0.34552E+01   0.49964E+22
   0.65543E+04   0.23785E+04   0.34557E+01   0.49971E+22
   0.65556E+04   0.23790E+04   0.34562E+01   0.49978E+22
   0.65569E+04   0.23795E+04   0.34567E+01   0.49985E+22
   0.65582E+04   0.23799E+04   0.34572E+01   0.49992E+22
   0.65595E+04   0.23804E+04   0.34577E+01   0.49999E+22
   0.65608E+04   0.23809E+04   0.34582E+01   0.50006E+22
   0.65621E+04   0.23814E+04   0.34587E+01   0.50014E+22
   0.65634E+04   0.23818E+04   0.34592E+01   0.50021E+22
   0.65647E+04   0.23823E+04   0.34597E+01   0.50028E+22
   0.65660E+04   0.23828E+04   0.34602E+01   0.50035E+22
   0.65673E+04   0.23833E+04   0.34607E+01   0.50042E+22
   0.65686E+04   0.23837E+04   0.34612E+01   0.50049E+22
   0.65698E+04   0.23842E+04   0.34617E+01   0.50056E+22
   0.65711E+04   0.23847E+04   0.34622E+01   0.50063E+22
   0.65724E+04   0.23852E+04   0.34627E+01   0.50070E+22
   0.65737E+04   0.23856E+04   0.34632E+01   0.50077E+22
   0.65750E+04   0.23861E+04   0.34637E+01   0.50084E+22
   0.65763E+04   0.23866E+04   0.34642E+01   0.50091E+22
   0.65776E+04   0.23871E+04   0.34647E+01   0.50098E+22
   0.65789E+04   0.23875E+04   0.34652E+01   0.50105E+22
   0.65802E+04   0.23880E+04   0.34657E+01   0.50112E+22
   0.65815E+04   0.23885E+04   0.34662E+01   0.50119E+22
   0.65828E+04   0.23890E+04   0.34667E+01   0.50126E+22
   0.65841E+04   0.23894E+04   0.34672E+01   0.50133E+22
   0.65854E+04   0.23899E+04   0.34677E+01   0.50140E+22
   0.65867E+04   0.23904E+04   0.34682E+01   0.50148E+22
   0.65880E+04   0.23909E+04   0.34687E+01   0.50155E+22
   0.65893E+04   0.23913E+04   0.34692E+01   0.50162E+22
   0.65905E+04   0.23918E+04   0.34697E+01   0.50169E+22
   0.65918E+04   0.23923E+04   0.34702E+01   0.50176E+22
   0.65931E+04   0.23928E+04   0.34707E+01   0.50183E+22
   0.65944E+04   0.23932E+04   0.34712E+01   0.50190E+22
   0.65957E+04   0.23937E+04   0.34717E+01   0.50197E+22
   0.65970E+04   0.23942E+04   0.34722E+01   0.50204E+22
   0.65983E+04   0.23947E+04   0.34727E+01   0.50211E+22
   0.65996E+04   0.23951E+04   0.34732E+01   0.50218E+22
   0.66009E+04   0.23956E+04   0.34737E+01   0.50225E+22
   0.66022E+04   0.23961E+04   0.34742E+01   0.50232E+22
   0.66035E+04   0.23966E+04   0.34747E+01   0.50239E+22
   0.66048E+04   0.23971E+04   0.34752E+01   0.50246E+22
   0.66061E+04   0.23975E+04   0.34757E+01   0.50253E+22
   0.66074E+04   0.23980E+04   0.34762E+01   0.50260E+22
   0.66087E+04   0.23985E+04   0.34767E+01   0.50267E+22
   0.66100E+04   0.23990E+04   0.34772E+01   0.50274E+22
   0.66113E+04   0.23994E+04   0.34777E+01   0.50282E+22
   0.66126E+04   0.23999E+04   0.34782E+01   0.50289E+22
   0.66139E+04   0.24004E+04   0.34787E+01   0.50296E+22
   0.66152E+04   0.24009E+04   0.34792E+01   0.50303E+22
   0.66165E+04   0.24013E+04   0.34797E+01   0.50310E+22
   0.66177E+04   0.24018E+04   0.34802E+01   0.50317E+22
   0.66190E+04   0.24023E+04   0.34807E+01   0.50324E+22
   0.66203E+04   0.24028E+04   0.34812E+01   0.50331E+22
   0.66216E+04   0.24032E+04   0.34817E+01   0.50338E+22
   0.66229E+04   0.24037E+04   0.34822E+01   0.50345E+22
   0.66242E+04   0.24042E+04   0.34827E+01   0.50352E+22
   0.66255E+04   0.24047E+04   0.34832E+01   0.50359E+22
   0.66268E+04   0.24051E+04   0.34837E+01   0.50366E+22
   0.66281E+04   0.24056E+04   0.34842E+01   0.50373E+22
   0.66294E+04   0.24061E+04   0.34847E+01   0.50380E+22
   0.66307E+04   0.24066E+04   0.34852E+01   0.50387E+22
   0.66320E+04   0.24070E+04   0.34857E+01   0.50394E+22
   0.66333E+04   0.24075E+04   0.34862E+01   0.50401E+22
   0.66346E+04   0.24080E+04   0.34867E+01   0.50408E+22
   0.66359E+04   0.24085E+04   0.34872E+01   0.50416E+22
   0.66372E+04   0.24089E+04   0.34877E+01   0.50423E+22
   0.66385E+04   0.24094E+04   0.34882E+01   0.50430E+22
   0.66398E+04   0.24099E+04   0.34887E+01   0.50437E+22
   0.66411E+04   0.24104E+04   0.34892E+01   0.50444E+22
   0.66424E+04   0.24109E+04   0.34897E+01   0.50451E+22
   0.66437E+04   0.24113E+04   0.34902E+01   0.50458E+22
   0.66450E+04   0.24118E+04   0.34907E+01   0.50465E+22
   0.66463E+04   0.24123E+04   0.34912E+01   0.50472E+22
   0.66476E+04   0.24128E+04   0.34917E+01   0.50479E+22
   0.66489E+04   0.24132E+04   0.34922E+01   0.50486E+22
   0.66502E+04   0.24137E+04   0.34927E+01   0.50493E+22
   0.66515E+04   0.24142E+04   0.34932E+01   0.50500E+22
   0.66528E+04   0.24147E+04   0.34937E+01   0.50507E+22
   0.66541E+04   0.24151E+04   0.34942E+01   0.50514E+22
   0.66554E+04   0.24156E+04   0.34947E+01   0.50521E+22
   0.66567E+04   0.24161E+04   0.34952E+01   0.50528E+22
   0.66580E+04   0.24166E+04   0.34957E+01   0.50535E+22
   0.66592E+04   0.24170E+04   0.34962E+01   0.50542E+22
   0.66605E+04   0.24175E+04   0.34967E+01   0.50550E+22
   0.66618E+04   0.24180E+04   0.34972E+01   0.50557E+22
   0.66631E+04   0.24185E+04   0.34977E+01   0.50564E+22
   0.66644E+04   0.24190E+04   0.34982E+01   0.50571E+22
   0.66657E+04   0.24194E+04   0.34987E+01   0.50578E+22
   0.66670E+04   0.24199E+04   0.34992E+01   0.50585E+22
   0.66683E+04   0.24204E+04   0.34997E+01   0.50592E+22
   0.66696E+04   0.24209E+04   0.35002E+01   0.50599E+22
   0.66709E+04   0.24213E+04   0.35007E+01   0.50606E+22
   0.66722E+04   0.24218E+04   0.35012E+01   0.50613E+22
   0.66735E+04   0.24223E+04   0.35017E+01   0.50620E+22
   0.66748E+04   0.24228E+04   0.35022E+01   0.50627E+22
   0.66761E+04   0.24232E+04   0.35027E+01   0.50634E+22
   0.66774E+04   0.24237E+04   0.35032E+01   0.50641E+22
   0.66787E+04   0.24242E+04   0.35037E+01   0.50648E+22
   0.66800E+04   0.24247E+04   0.35042E+01   0.50655E+22
   0.66813E+04   0.24251E+04   0.35047E+01   0.50662E+22
   0.66826E+04   0.24256E+04   0.35052E+01   0.50669E+22
   0.66839E+04   0.24261E+04   0.35057E+01   0.50677E+22
   0.66852E+04   0.24266E+04   0.35062E+01   0.50684E+22
   0.66865E+04   0.24271E+04   0.35067E+01   0.50691E+22
   0.66878E+04   0.24275E+04   0.35072E+01   0.50698E+22
   0.66891E+04   0.24280E+04   0.35077E+01   0.50705E+22
   0.66904E+04   0.24285E+04   0.35082E+01   0.50712E+22
   0.66917E+04   0.24290E+04   0.35087E+01   0.50719E+22
   0.66930E+04   0.24294E+04   0.35092E+01   0.50726E+22
   0.66943E+04   0.24299E+04   0.35097E+01   0.50733E+22
   0.66956E+04   0.24304E+04   0.35102E+01   0.50740E+22
   0.66969E+04   0.24309E+04   0.35107E+01   0.50747E+22
   0.66982E+04   0.24313E+04   0.35112E+01   0.50754E+22
   0.66995E+04   0.24318E+04   0.35117E+01   0.50761E+22
   0.67008E+04   0.24323E+04   0.35122E+01   0.50768E+22
   0.67021E+04   0.24328E+04   0.35127E+01   0.50775E+22
   0.67034E+04   0.24333E+04   0.35132E+01   0.50782E+22
   0.67047E+04   0.24337E+04   0.35137E+01   0.50789E+22
   0.67060E+04   0.24342E+04   0.35142E+01   0.50796E+22
   0.67073E+04   0.24347E+04   0.35147E+01   0.50803E+22
   0.67086E+04   0.24352E+04   0.35152E+01   0.50811E+22
   0.67099E+04   0.24356E+04   0.35157E+01   0.50818E+22
   0.67112E+04   0.24361E+04   0.35162E+01   0.50825E+22
   0.67125E+04   0.24366E+04   0.35167E+01   0.50832E+22
   0.67138E+04   0.24371E+04   0.35172E+01   0.50839E+22
   0.67151E+04   0.24376E+04   0.35177E+01   0.50846E+22
   0.67164E+04   0.24380E+04   0.35182E+01   0.50853E+22
   0.67177E+04   0.24385E+04   0.35187E+01   0.50860E+22
   0.67190E+04   0.24390E+04   0.35192E+01   0.50867E+22
   0.67203E+04   0.24395E+04   0.35197E+01   0.50874E+22
   0.67216E+04   0.24399E+04   0.35202E+01   0.50881E+22
   0.67229E+04   0.24404E+04   0.35207E+01   0.50888E+22
   0.67242E+04   0.24409E+04   0.35212E+01   0.50895E+22
   0.67255E+04   0.24414E+04   0.35217E+01   0.50902E+22
   0.67268E+04   0.24418E+04   0.35222E+01   0.50909E+22
   0.67281E+04   0.24423E+04   0.35227E+01   0.50916E+22
   0.67294E+04   0.24428E+04   0.35232E+01   0.50923E+22
   0.67307E+04   0.24433E+04   0.35237E+01   0.50930E+22
   0.67320E+04   0.24438E+04   0.35242E+01   0.50937E+22
   0.67333E+04   0.24442E+04   0.35247E+01   0.50945E+22
   0.67346E+04   0.24447E+04   0.35252E+01   0.50952E+22
   0.67360E+04   0.24452E+04   0.35257E+01   0.50959E+22
   0.67373E+04   0.24457E+04   0.35262E+01   0.50966E+22
   0.67386E+04   0.24461E+04   0.35267E+01   0.50973E+22
   0.67399E+04   0.24466E+04   0.35272E+01   0.50980E+22
   0.67412E+04   0.24471E+04   0.35277E+01   0.50987E+22
   0.67425E+04   0.24476E+04   0.35282E+01   0.50994E+22
   0.67438E+04   0.24481E+04   0.35287E+01   0.51001E+22
   0.67451E+04   0.24485E+04   0.35292E+01   0.51008E+22
   0.67464E+04   0.24490E+04   0.35297E+01   0.51015E+22
   0.67477E+04   0.24495E+04   0.35302E+01   0.51022E+22
   0.67490E+04   0.24500E+04   0.35307E+01   0.51029E+22
   0.67503E+04   0.24504E+04   0.35312E+01   0.51036E+22
   0.67516E+04   0.24509E+04   0.35317E+01   0.51043E+22
   0.67529E+04   0.24514E+04   0.35322E+01   0.51050E+22
   0.67542E+04   0.24519E+04   0.35327E+01   0.51057E+22
   0.67555E+04   0.24524E+04   0.35332E+01   0.51064E+22
   0.67568E+04   0.24528E+04   0.35337E+01   0.51072E+22
   0.67581E+04   0.24533E+04   0.35342E+01   0.51079E+22
   0.67594E+04   0.24538E+04   0.35347E+01   0.51086E+22
   0.67607E+04   0.24543E+04   0.35352E+01   0.51093E+22
   0.67620E+04   0.24548E+04   0.35357E+01   0.51100E+22
   0.67633E+04   0.24552E+04   0.35362E+01   0.51107E+22
   0.67646E+04   0.24557E+04   0.35367E+01   0.51114E+22
   0.67659E+04   0.24562E+04   0.35372E+01   0.51121E+22
   0.67672E+04   0.24567E+04   0.35377E+01   0.51128E+22
   0.67685E+04   0.24571E+04   0.35382E+01   0.51135E+22
   0.67698E+04   0.24576E+04   0.35387E+01   0.51142E+22
   0.67711E+04   0.24581E+04   0.35392E+01   0.51149E+22
   0.67724E+04   0.24586E+04   0.35397E+01   0.51156E+22
   0.67737E+04   0.24591E+04   0.35402E+01   0.51163E+22
   0.67750E+04   0.24595E+04   0.35407E+01   0.51170E+22
   0.67763E+04   0.24600E+04   0.35412E+01   0.51177E+22
   0.67777E+04   0.24605E+04   0.35417E+01   0.51184E+22
   0.67790E+04   0.24610E+04   0.35422E+01   0.51191E+22
   0.67803E+04   0.24614E+04   0.35427E+01   0.51199E+22
   0.67816E+04   0.24619E+04   0.35432E+01   0.51206E+22
   0.67829E+04   0.24624E+04   0.35437E+01   0.51213E+22
   0.67842E+04   0.24629E+04   0.35442E+01   0.51220E+22
   0.67855E+04   0.24634E+04   0.35447E+01   0.51227E+22
   0.67868E+04   0.24638E+04   0.35452E+01   0.51234E+22
   0.67881E+04   0.24643E+04   0.35457E+01   0.51241E+22
   0.67894E+04   0.24648E+04   0.35462E+01   0.51248E+22
   0.67907E+04   0.24653E+04   0.35467E+01   0.51255E+22
   0.67920E+04   0.24658E+04   0.35472E+01   0.51262E+22
   0.67933E+04   0.24662E+04   0.35477E+01   0.51269E+22
   0.67946E+04   0.24667E+04   0.35482E+01   0.51276E+22
   0.67959E+04   0.24672E+04   0.35487E+01   0.51283E+22
   0.67972E+04   0.24677E+04   0.35492E+01   0.51290E+22
   0.67985E+04   0.24681E+04   0.35497E+01   0.51297E+22
   0.67998E+04   0.24686E+04   0.35502E+01   0.51304E+22
   0.68011E+04   0.24691E+04   0.35507E+01   0.51311E+22
   0.68024E+04   0.24696E+04   0.35512E+01   0.51318E+22
   0.68037E+04   0.24701E+04   0.35517E+01   0.51325E+22
   0.68051E+04   0.24705E+04   0.35522E+01   0.51333E+22
   0.68064E+04   0.24710E+04   0.35527E+01   0.51340E+22
   0.68077E+04   0.24715E+04   0.35532E+01   0.51347E+22
   0.68090E+04   0.24720E+04   0.35537E+01   0.51354E+22
   0.68103E+04   0.24725E+04   0.35542E+01   0.51361E+22
   0.68116E+04   0.24729E+04   0.35547E+01   0.51368E+22
   0.68129E+04   0.24734E+04   0.35552E+01   0.51375E+22
   0.68142E+04   0.24739E+04   0.35557E+01   0.51382E+22
   0.68155E+04   0.24744E+04   0.35562E+01   0.51389E+22
   0.68168E+04   0.24749E+04   0.35567E+01   0.51396E+22
   0.68181E+04   0.24753E+04   0.35572E+01   0.51403E+22
   0.68194E+04   0.24758E+04   0.35577E+01   0.51410E+22
   0.68207E+04   0.24763E+04   0.35582E+01   0.51417E+22
   0.68220E+04   0.24768E+04   0.35587E+01   0.51424E+22
   0.68233E+04   0.24772E+04   0.35592E+01   0.51431E+22
   0.68246E+04   0.24777E+04   0.35597E+01   0.51438E+22
   0.68260E+04   0.24782E+04   0.35602E+01   0.51445E+22
   0.68273E+04   0.24787E+04   0.35607E+01   0.51452E+22
   0.68286E+04   0.24792E+04   0.35612E+01   0.51460E+22
   0.68299E+04   0.24796E+04   0.35617E+01   0.51467E+22
   0.68312E+04   0.24801E+04   0.35622E+01   0.51474E+22
   0.68325E+04   0.24806E+04   0.35627E+01   0.51481E+22
   0.68338E+04   0.24811E+04   0.35632E+01   0.51488E+22
   0.68351E+04   0.24816E+04   0.35637E+01   0.51495E+22
   0.68364E+04   0.24820E+04   0.35642E+01   0.51502E+22
   0.68377E+04   0.24825E+04   0.35647E+01   0.51509E+22
   0.68390E+04   0.24830E+04   0.35652E+01   0.51516E+22
   0.68403E+04   0.24835E+04   0.35657E+01   0.51523E+22
   0.68416E+04   0.24840E+04   0.35662E+01   0.51530E+22
   0.68429E+04   0.24844E+04   0.35667E+01   0.51537E+22
   0.68443E+04   0.24849E+04   0.35672E+01   0.51544E+22
   0.68456E+04   0.24854E+04   0.35677E+01   0.51551E+22
   0.68469E+04   0.24859E+04   0.35682E+01   0.51558E+22
   0.68482E+04   0.24864E+04   0.35687E+01   0.51565E+22
   0.68495E+04   0.24868E+04   0.35692E+01   0.51572E+22
   0.68508E+04   0.24873E+04   0.35697E+01   0.51579E+22
   0.68521E+04   0.24878E+04   0.35702E+01   0.51587E+22
   0.68534E+04   0.24883E+04   0.35707E+01   0.51594E+22
   0.68547E+04   0.24888E+04   0.35712E+01   0.51601E+22
   0.68560E+04   0.24892E+04   0.35717E+01   0.51608E+22
   0.68573E+04   0.24897E+04   0.35722E+01   0.51615E+22
   0.68586E+04   0.24902E+04   0.35727E+01   0.51622E+22
   0.68599E+04   0.24907E+04   0.35732E+01   0.51629E+22
   0.68613E+04   0.24912E+04   0.35737E+01   0.51636E+22
   0.68626E+04   0.24916E+04   0.35742E+01   0.51643E+22
   0.68639E+04   0.24921E+04   0.35747E+01   0.51650E+22
   0.68652E+04   0.24926E+04   0.35752E+01   0.51657E+22
   0.68665E+04   0.24931E+04   0.35757E+01   0.51664E+22
   0.68678E+04   0.24936E+04   0.35762E+01   0.51671E+22
   0.68691E+04   0.24940E+04   0.35767E+01   0.51678E+22
   0.68704E+04   0.24945E+04   0.35772E+01   0.51685E+22
   0.68717E+04   0.24950E+04   0.35777E+01   0.51692E+22
   0.68730E+04   0.24955E+04   0.35782E+01   0.51699E+22
   0.68743E+04   0.24960E+04   0.35787E+01   0.51706E+22
   0.68757E+04   0.24964E+04   0.35792E+01   0.51714E+22
   0.68770E+04   0.24969E+04   0.35797E+01   0.51721E+22
   0.68783E+04   0.24974E+04   0.35802E+01   0.51728E+22
   0.68796E+04   0.24979E+04   0.35807E+01   0.51735E+22
   0.68809E+04   0.24984E+04   0.35812E+01   0.51742E+22
   0.68822E+04   0.24988E+04   0.35817E+01   0.51749E+22
   0.68835E+04   0.24993E+04   0.35822E+01   0.51756E+22
   0.68848E+04   0.24998E+04   0.35827E+01   0.51763E+22
   0.68861E+04   0.25003E+04   0.35832E+01   0.51770E+22
   0.68874E+04   0.25008E+04   0.35837E+01   0.51777E+22
   0.68888E+04   0.25012E+04   0.35842E+01   0.51784E+22
   0.68901E+04   0.25017E+04   0.35847E+01   0.51791E+22
   0.68914E+04   0.25022E+04   0.35852E+01   0.51798E+22
   0.68927E+04   0.25027E+04   0.35857E+01   0.51805E+22
   0.68940E+04   0.25032E+04   0.35862E+01   0.51812E+22
   0.68953E+04   0.25036E+04   0.35867E+01   0.51819E+22
   0.68966E+04   0.25041E+04   0.35872E+01   0.51826E+22
   0.68979E+04   0.25046E+04   0.35877E+01   0.51833E+22
   0.68992E+04   0.25051E+04   0.35882E+01   0.51840E+22
   0.69005E+04   0.25056E+04   0.35887E+01   0.51848E+22
   0.69019E+04   0.25060E+04   0.35892E+01   0.51855E+22
   0.69032E+04   0.25065E+04   0.35897E+01   0.51862E+22
   0.69045E+04   0.25070E+04   0.35902E+01   0.51869E+22
   0.69058E+04   0.25075E+04   0.35907E+01   0.51876E+22
   0.69071E+04   0.25080E+04   0.35912E+01   0.51883E+22
   0.69084E+04   0.25084E+04   0.35917E+01   0.51890E+22
   0.69097E+04   0.25089E+04   0.35922E+01   0.51897E+22
   0.69110E+04   0.25094E+04   0.35927E+01   0.51904E+22
   0.69123E+04   0.25099E+04   0.35932E+01   0.51911E+22
   0.69137E+04   0.25104E+04   0.35937E+01   0.51918E+22
   0.69150E+04   0.25108E+04   0.35942E+01   0.51925E+22
   0.69163E+04   0.25113E+04   0.35947E+01   0.51932E+22
   0.69176E+04   0.25118E+04   0.35952E+01   0.51939E+22
   0.69189E+04   0.25123E+04   0.35957E+01   0.51946E+22
   0.69202E+04   0.25128E+04   0.35962E+01   0.51953E+22
   0.69215E+04   0.25132E+04   0.35967E+01   0.51960E+22
   0.69228E+04   0.25137E+04   0.35972E+01   0.51967E+22
   0.69241E+04   0.25142E+04   0.35977E+01   0.51975E+22
   0.69255E+04   0.25147E+04   0.35982E+01   0.51982E+22
   0.69268E+04   0.25152E+04   0.35987E+01   0.51989E+22
   0.69281E+04   0.25156E+04   0.35992E+01   0.51996E+22
   0.69294E+04   0.25161E+04   0.35997E+01   0.52003E+22
   0.69307E+04   0.25166E+04   0.36002E+01   0.52010E+22
   0.69320E+04   0.25171E+04   0.36007E+01   0.52017E+22
   0.69333E+04   0.25176E+04   0.36012E+01   0.52024E+22
   0.69346E+04   0.25181E+04   0.36017E+01   0.52031E+22
   0.69360E+04   0.25185E+04   0.36022E+01   0.52038E+22
   0.69373E+04   0.25190E+04   0.36027E+01   0.52045E+22
   0.69386E+04   0.25195E+04   0.36032E+01   0.52052E+22
   0.69399E+04   0.25200E+04   0.36037E+01   0.52059E+22
   0.69412E+04   0.25205E+04   0.36042E+01   0.52066E+22
   0.69425E+04   0.25209E+04   0.36047E+01   0.52073E+22
   0.69438E+04   0.25214E+04   0.36052E+01   0.52080E+22
   0.69451E+04   0.25219E+04   0.36057E+01   0.52087E+22
   0.69465E+04   0.25224E+04   0.36062E+01   0.52094E+22
   0.69478E+04   0.25229E+04   0.36067E+01   0.52102E+22
   0.69491E+04   0.25233E+04   0.36072E+01   0.52109E+22
   0.69504E+04   0.25238E+04   0.36077E+01   0.52116E+22
   0.69517E+04   0.25243E+04   0.36082E+01   0.52123E+22
   0.69530E+04   0.25248E+04   0.36087E+01   0.52130E+22
   0.69543E+04   0.25253E+04   0.36092E+01   0.52137E+22
   0.69556E+04   0.25257E+04   0.36097E+01   0.52144E+22
   0.69570E+04   0.25262E+04   0.36102E+01   0.52151E+22
   0.69583E+04   0.25267E+04   0.36107E+01   0.52158E+22
   0.69596E+04   0.25272E+04   0.36112E+01   0.52165E+22
   0.69609E+04   0.25277E+04   0.36117E+01   0.52172E+22
   0.69622E+04   0.25282E+04   0.36122E+01   0.52179E+22
   0.69635E+04   0.25286E+04   0.36127E+01   0.52186E+22
   0.69648E+04   0.25291E+04   0.36132E+01   0.52193E+22
   0.69662E+04   0.25296E+04   0.36137E+01   0.52200E+22
   0.69675E+04   0.25301E+04   0.36142E+01   0.52207E+22
   0.69688E+04   0.25306E+04   0.36147E+01   0.52214E+22
   0.69701E+04   0.25310E+04   0.36152E+01   0.52222E+22
   0.69714E+04   0.25315E+04   0.36157E+01   0.52229E+22
   0.69727E+04   0.25320E+04   0.36162E+01   0.52236E+22
   0.69740E+04   0.25325E+04   0.36167E+01   0.52243E+22
   0.69754E+04   0.25330E+04   0.36172E+01   0.52250E+22
   0.69767E+04   0.25334E+04   0.36177E+01   0.52257E+22
   0.69780E+04   0.25339E+04   0.36182E+01   0.52264E+22
   0.69793E+04   0.25344E+04   0.36187E+01   0.52271E+22
   0.69806E+04   0.25349E+04   0.36192E+01   0.52278E+22
   0.69819E+04   0.25354E+04   0.36197E+01   0.52285E+22
   0.69832E+04   0.25359E+04   0.36202E+01   0.52292E+22
   0.69846E+04   0.25363E+04   0.36207E+01   0.52299E+22
   0.69859E+04   0.25368E+04   0.36212E+01   0.52306E+22
   0.69872E+04   0.25373E+04   0.36217E+01   0.52313E+22
   0.69885E+04   0.25378E+04   0.36222E+01   0.52320E+22
   0.69898E+04   0.25383E+04   0.36227E+01   0.52327E+22
   0.69911E+04   0.25387E+04   0.36232E+01   0.52334E+22
   0.69924E+04   0.25392E+04   0.36237E+01   0.52341E+22
   0.69938E+04   0.25397E+04   0.36242E+01   0.52349E+22
   0.69951E+04   0.25402E+04   0.36247E+01   0.52356E+22
   0.69964E+04   0.25407E+04   0.36252E+01   0.52363E+22
   0.69977E+04   0.25412E+04   0.36257E+01   0.52370E+22
   0.69990E+04   0.25416E+04   0.36262E+01   0.52377E+22
   0.70003E+04   0.25421E+04   0.36267E+01   0.52384E+22
   0.70017E+04   0.25426E+04   0.36272E+01   0.52391E+22
   0.70030E+04   0.25431E+04   0.36277E+01   0.52398E+22
   0.70043E+04   0.25436E+04   0.36282E+01   0.52405E+22
   0.70056E+04   0.25440E+04   0.36287E+01   0.52412E+22
   0.70069E+04   0.25445E+04   0.36292E+01   0.52419E+22
   0.70082E+04   0.25450E+04   0.36297E+01   0.52426E+22
   0.70095E+04   0.25455E+04   0.36302E+01   0.52433E+22
   0.70109E+04   0.25460E+04   0.36307E+01   0.52440E+22
   0.70122E+04   0.25465E+04   0.36312E+01   0.52447E+22
   0.70135E+04   0.25469E+04   0.36317E+01   0.52454E+22
   0.70148E+04   0.25474E+04   0.36322E+01   0.52461E+22
   0.70161E+04   0.25479E+04   0.36327E+01   0.52468E+22
   0.70174E+04   0.25484E+04   0.36332E+01   0.52476E+22
   0.70188E+04   0.25489E+04   0.36337E+01   0.52483E+22
   0.70201E+04   0.25494E+04   0.36342E+01   0.52490E+22
   0.70214E+04   0.25498E+04   0.36347E+01   0.52497E+22
   0.70227E+04   0.25503E+04   0.36352E+01   0.52504E+22
   0.70240E+04   0.25508E+04   0.36357E+01   0.52511E+22
   0.70253E+04   0.25513E+04   0.36362E+01   0.52518E+22
   0.70267E+04   0.25518E+04   0.36367E+01   0.52525E+22
   0.70280E+04   0.25522E+04   0.36372E+01   0.52532E+22
   0.70293E+04   0.25527E+04   0.36377E+01   0.52539E+22
   0.70306E+04   0.25532E+04   0.36382E+01   0.52546E+22
   0.70319E+04   0.25537E+04   0.36387E+01   0.52553E+22
   0.70332E+04   0.25542E+04   0.36392E+01   0.52560E+22
   0.70346E+04   0.25547E+04   0.36397E+01   0.52567E+22
   0.70359E+04   0.25551E+04   0.36402E+01   0.52574E+22
   0.70372E+04   0.25556E+04   0.36407E+01   0.52581E+22
   0.70385E+04   0.25561E+04   0.36412E+01   0.52588E+22
   0.70398E+04   0.25566E+04   0.36417E+01   0.52595E+22
   0.70412E+04   0.25571E+04   0.36422E+01   0.52603E+22
   0.70425E+04   0.25576E+04   0.36427E+01   0.52610E+22
   0.70438E+04   0.25580E+04   0.36432E+01   0.52617E+22
   0.70451E+04   0.25585E+04   0.36437E+01   0.52624E+22
   0.70464E+04   0.25590E+04   0.36442E+01   0.52631E+22
   0.70477E+04   0.25595E+04   0.36447E+01   0.52638E+22
   0.70491E+04   0.25600E+04   0.36452E+01   0.52645E+22
   0.70504E+04   0.25604E+04   0.36457E+01   0.52652E+22
   0.70517E+04   0.25609E+04   0.36462E+01   0.52659E+22
   0.70530E+04   0.25614E+04   0.36467E+01   0.52666E+22
   0.70543E+04   0.25619E+04   0.36472E+01   0.52673E+22
   0.70556E+04   0.25624E+04   0.36477E+01   0.52680E+22
   0.70570E+04   0.25629E+04   0.36482E+01   0.52687E+22
   0.70583E+04   0.25633E+04   0.36487E+01   0.52694E+22
   0.70596E+04   0.25638E+04   0.36492E+01   0.52701E+22
   0.70609E+04   0.25643E+04   0.36497E+01   0.52708E+22
   0.70622E+04   0.25648E+04   0.36502E+01   0.52715E+22
   0.70636E+04   0.25653E+04   0.36507E+01   0.52723E+22
   0.70649E+04   0.25658E+04   0.36512E+01   0.52730E+22
   0.70662E+04   0.25662E+04   0.36517E+01   0.52737E+22
   0.70675E+04   0.25667E+04   0.36522E+01   0.52744E+22
   0.70688E+04   0.25672E+04   0.36527E+01   0.52751E+22
   0.70702E+04   0.25677E+04   0.36532E+01   0.52758E+22
   0.70715E+04   0.25682E+04   0.36537E+01   0.52765E+22
   0.70728E+04   0.25687E+04   0.36542E+01   0.52772E+22
   0.70741E+04   0.25691E+04   0.36547E+01   0.52779E+22
   0.70754E+04   0.25696E+04   0.36552E+01   0.52786E+22
   0.70768E+04   0.25701E+04   0.36557E+01   0.52793E+22
   0.70781E+04   0.25706E+04   0.36562E+01   0.52800E+22
   0.70794E+04   0.25711E+04   0.36567E+01   0.52807E+22
   0.70807E+04   0.25716E+04   0.36572E+01   0.52814E+22
   0.70820E+04   0.25720E+04   0.36577E+01   0.52821E+22
   0.70834E+04   0.25725E+04   0.36582E+01   0.52828E+22
   0.70847E+04   0.25730E+04   0.36587E+01   0.52835E+22
   0.70860E+04   0.25735E+04   0.36592E+01   0.52842E+22
   0.70873E+04   0.25740E+04   0.36597E+01   0.52850E+22
   0.70886E+04   0.25745E+04   0.36602E+01   0.52857E+22
   0.70899E+04   0.25749E+04   0.36607E+01   0.52864E+22
   0.70913E+04   0.25754E+04   0.36612E+01   0.52871E+22
   0.70926E+04   0.25759E+04   0.36617E+01   0.52878E+22
   0.70939E+04   0.25764E+04   0.36622E+01   0.52885E+22
   0.70952E+04   0.25769E+04   0.36627E+01   0.52892E+22
   0.70966E+04   0.25774E+04   0.36632E+01   0.52899E+22
   0.70979E+04   0.25778E+04   0.36637E+01   0.52906E+22
   0.70992E+04   0.25783E+04   0.36642E+01   0.52913E+22
   0.71005E+04   0.25788E+04   0.36647E+01   0.52920E+22
   0.71018E+04   0.25793E+04   0.36652E+01   0.52927E+22
   0.71032E+04   0.25798E+04   0.36657E+01   0.52934E+22
   0.71045E+04   0.25803E+04   0.36662E+01   0.52941E+22
   0.71058E+04   0.25807E+04   0.36667E+01   0.52948E+22
   0.71071E+04   0.25812E+04   0.36672E+01   0.52955E+22
   0.71084E+04   0.25817E+04   0.36677E+01   0.52962E+22
   0.71098E+04   0.25822E+04   0.36682E+01   0.52969E+22
   0.71111E+04   0.25827E+04   0.36687E+01   0.52977E+22
   0.71124E+04   0.25832E+04   0.36692E+01   0.52984E+22
   0.71137E+04   0.25836E+04   0.36697E+01   0.52991E+22
   0.71150E+04   0.25841E+04   0.36702E+01   0.52998E+22
   0.71164E+04   0.25846E+04   0.36707E+01   0.53005E+22
   0.71177E+04   0.25851E+04   0.36712E+01   0.53012E+22
   0.71190E+04   0.25856E+04   0.36717E+01   0.53019E+22
   0.71203E+04   0.25861E+04   0.36722E+01   0.53026E+22
   0.71217E+04   0.25865E+04   0.36727E+01   0.53033E+22
   0.71230E+04   0.25870E+04   0.36732E+01   0.53040E+22
   0.71243E+04   0.25875E+04   0.36737E+01   0.53047E+22
   0.71256E+04   0.25880E+04   0.36742E+01   0.53054E+22
   0.71269E+04   0.25885E+04   0.36747E+01   0.53061E+22
   0.71283E+04   0.25890E+04   0.36752E+01   0.53068E+22
   0.71296E+04   0.25894E+04   0.36757E+01   0.53075E+22
   0.71309E+04   0.25899E+04   0.36762E+01   0.53082E+22
   0.71322E+04   0.25904E+04   0.36767E+01   0.53089E+22
   0.71335E+04   0.25909E+04   0.36772E+01   0.53097E+22
   0.71349E+04   0.25914E+04   0.36777E+01   0.53104E+22
   0.71362E+04   0.25919E+04   0.36782E+01   0.53111E+22
   0.71375E+04   0.25924E+04   0.36787E+01   0.53118E+22
   0.71388E+04   0.25928E+04   0.36792E+01   0.53125E+22
   0.71402E+04   0.25933E+04   0.36797E+01   0.53132E+22
   0.71415E+04   0.25938E+04   0.36802E+01   0.53139E+22
   0.71428E+04   0.25943E+04   0.36807E+01   0.53146E+22
   0.71441E+04   0.25948E+04   0.36812E+01   0.53153E+22
   0.71455E+04   0.25953E+04   0.36817E+01   0.53160E+22
   0.71468E+04   0.25957E+04   0.36822E+01   0.53167E+22
   0.71481E+04   0.25962E+04   0.36827E+01   0.53174E+22
   0.71494E+04   0.25967E+04   0.36832E+01   0.53181E+22
   0.71507E+04   0.25972E+04   0.36837E+01   0.53188E+22
   0.71521E+04   0.25977E+04   0.36842E+01   0.53195E+22
   0.71534E+04   0.25982E+04   0.36847E+01   0.53202E+22
   0.71547E+04   0.25986E+04   0.36852E+01   0.53209E+22
   0.71560E+04   0.25991E+04   0.36857E+01   0.53216E+22
   0.71574E+04   0.25996E+04   0.36862E+01   0.53224E+22
   0.71587E+04   0.26001E+04   0.36867E+01   0.53231E+22
   0.71600E+04   0.26006E+04   0.36872E+01   0.53238E+22
   0.71613E+04   0.26011E+04   0.36877E+01   0.53245E+22
   0.71627E+04   0.26016E+04   0.36882E+01   0.53252E+22
   0.71640E+04   0.26020E+04   0.36887E+01   0.53259E+22
   0.71653E+04   0.26025E+04   0.36892E+01   0.53266E+22
   0.71666E+04   0.26030E+04   0.36897E+01   0.53273E+22
   0.71680E+04   0.26035E+04   0.36902E+01   0.53280E+22
   0.71693E+04   0.26040E+04   0.36907E+01   0.53287E+22
   0.71706E+04   0.26045E+04   0.36912E+01   0.53294E+22
   0.71719E+04   0.26049E+04   0.36917E+01   0.53301E+22
   0.71732E+04   0.26054E+04   0.36922E+01   0.53308E+22
   0.71746E+04   0.26059E+04   0.36927E+01   0.53315E+22
   0.71759E+04   0.26064E+04   0.36932E+01   0.53322E+22
   0.71772E+04   0.26069E+04   0.36937E+01   0.53329E+22
   0.71785E+04   0.26074E+04   0.36942E+01   0.53336E+22
   0.71799E+04   0.26079E+04   0.36947E+01   0.53344E+22
   0.71812E+04   0.26083E+04   0.36952E+01   0.53351E+22
   0.71825E+04   0.26088E+04   0.36957E+01   0.53358E+22
   0.71838E+04   0.26093E+04   0.36962E+01   0.53365E+22
   0.71852E+04   0.26098E+04   0.36967E+01   0.53372E+22
   0.71865E+04   0.26103E+04   0.36972E+01   0.53379E+22
   0.71878E+04   0.26108E+04   0.36977E+01   0.53386E+22
   0.71891E+04   0.26112E+04   0.36982E+01   0.53393E+22
   0.71905E+04   0.26117E+04   0.36987E+01   0.53400E+22
   0.71918E+04   0.26122E+04   0.36992E+01   0.53407E+22
   0.71931E+04   0.26127E+04   0.36997E+01   0.53414E+22
   0.71944E+04   0.26132E+04   0.37002E+01   0.53421E+22
   0.71958E+04   0.26137E+04   0.37007E+01   0.53428E+22
   0.71971E+04   0.26142E+04   0.37012E+01   0.53435E+22
   0.71984E+04   0.26146E+04   0.37017E+01   0.53442E+22
   0.71997E+04   0.26151E+04   0.37022E+01   0.53449E+22
   0.72011E+04   0.26156E+04   0.37027E+01   0.53456E+22
   0.72024E+04   0.26161E+04   0.37032E+01   0.53464E+22
   0.72037E+04   0.26166E+04   0.37037E+01   0.53471E+22
   0.72050E+04   0.26171E+04   0.37042E+01   0.53478E+22
   0.72064E+04   0.26176E+04   0.37047E+01   0.53485E+22
   0.72077E+04   0.26180E+04   0.37052E+01   0.53492E+22
   0.72090E+04   0.26185E+04   0.37057E+01   0.53499E+22
   0.72104E+04   0.26190E+04   0.37062E+01   0.53506E+22
   0.72117E+04   0.26195E+04   0.37067E+01   0.53513E+22
   0.72130E+04   0.26200E+04   0.37072E+01   0.53520E+22
   0.72143E+04   0.26205E+04   0.37077E+01   0.53527E+22
   0.72157E+04   0.26209E+04   0.37082E+01   0.53534E+22
   0.72170E+04   0.26214E+04   0.37087E+01   0.53541E+22
   0.72183E+04   0.26219E+04   0.37092E+01   0.53548E+22
   0.72196E+04   0.26224E+04   0.37097E+01   0.53555E+22
   0.72210E+04   0.26229E+04   0.37102E+01   0.53562E+22
   0.72223E+04   0.26234E+04   0.37107E+01   0.53569E+22
   0.72236E+04   0.26239E+04   0.37112E+01   0.53576E+22
   0.72249E+04   0.26243E+04   0.37117E+01   0.53583E+22
   0.72263E+04   0.26248E+04   0.37122E+01   0.53591E+22
   0.72276E+04   0.26253E+04   0.37127E+01   0.53598E+22
   0.72289E+04   0.26258E+04   0.37132E+01   0.53605E+22
   0.72302E+04   0.26263E+04   0.37137E+01   0.53612E+22
   0.72316E+04   0.26268E+04   0.37142E+01   0.53619E+22
   0.72329E+04   0.26273E+04   0.37147E+01   0.53626E+22
   0.72342E+04   0.26277E+04   0.37152E+01   0.53633E+22
   0.72356E+04   0.26282E+04   0.37157E+01   0.53640E+22
   0.72369E+04   0.26287E+04   0.37162E+01   0.53647E+22
   0.72382E+04   0.26292E+04   0.37167E+01   0.53654E+22
   0.72395E+04   0.26297E+04   0.37172E+01   0.53661E+22
   0.72409E+04   0.26302E+04   0.37177E+01   0.53668E+22
   0.72422E+04   0.26307E+04   0.37182E+01   0.53675E+22
   0.72435E+04   0.26311E+04   0.37187E+01   0.53682E+22
   0.72449E+04   0.26316E+04   0.37192E+01   0.53689E+22
   0.72462E+04   0.26321E+04   0.37197E+01   0.53696E+22
   0.72475E+04   0.26326E+04   0.37202E+01   0.53703E+22
   0.72488E+04   0.26331E+04   0.37207E+01   0.53711E+22
   0.72502E+04   0.26336E+04   0.37212E+01   0.53718E+22
   0.72515E+04   0.26341E+04   0.37217E+01   0.53725E+22
   0.72528E+04   0.26345E+04   0.37222E+01   0.53732E+22
   0.72541E+04   0.26350E+04   0.37227E+01   0.53739E+22
   0.72555E+04   0.26355E+04   0.37232E+01   0.53746E+22
   0.72568E+04   0.26360E+04   0.37237E+01   0.53753E+22
   0.72581E+04   0.26365E+04   0.37242E+01   0.53760E+22
   0.72595E+04   0.26370E+04   0.37247E+01   0.53767E+22
   0.72608E+04   0.26375E+04   0.37252E+01   0.53774E+22
   0.72621E+04   0.26379E+04   0.37257E+01   0.53781E+22
   0.72634E+04   0.26384E+04   0.37262E+01   0.53788E+22
   0.72648E+04   0.26389E+04   0.37267E+01   0.53795E+22
   0.72661E+04   0.26394E+04   0.37272E+01   0.53802E+22
   0.72674E+04   0.26399E+04   0.37277E+01   0.53809E+22
   0.72688E+04   0.26404E+04   0.37282E+01   0.53816E+22
   0.72701E+04   0.26409E+04   0.37287E+01   0.53823E+22
   0.72714E+04   0.26413E+04   0.37292E+01   0.53831E+22
   0.72727E+04   0.26418E+04   0.37297E+01   0.53838E+22
   0.72741E+04   0.26423E+04   0.37302E+01   0.53845E+22
   0.72754E+04   0.26428E+04   0.37307E+01   0.53852E+22
   0.72767E+04   0.26433E+04   0.37312E+01   0.53859E+22
   0.72781E+04   0.26438E+04   0.37317E+01   0.53866E+22
   0.72794E+04   0.26443E+04   0.37322E+01   0.53873E+22
   0.72807E+04   0.26447E+04   0.37327E+01   0.53880E+22
   0.72821E+04   0.26452E+04   0.37332E+01   0.53887E+22
   0.72834E+04   0.26457E+04   0.37337E+01   0.53894E+22
   0.72847E+04   0.26462E+04   0.37342E+01   0.53901E+22
   0.72860E+04   0.26467E+04   0.37347E+01   0.53908E+22
   0.72874E+04   0.26472E+04   0.37352E+01   0.53915E+22
   0.72887E+04   0.26477E+04   0.37357E+01   0.53922E+22
   0.72900E+04   0.26482E+04   0.37362E+01   0.53929E+22
   0.72914E+04   0.26486E+04   0.37367E+01   0.53936E+22
   0.72927E+04   0.26491E+04   0.37372E+01   0.53943E+22
   0.72940E+04   0.26496E+04   0.37377E+01   0.53951E+22
   0.72954E+04   0.26501E+04   0.37382E+01   0.53958E+22
   0.72967E+04   0.26506E+04   0.37387E+01   0.53965E+22
   0.72980E+04   0.26511E+04   0.37392E+01   0.53972E+22
   0.72993E+04   0.26516E+04   0.37397E+01   0.53979E+22
   0.73007E+04   0.26520E+04   0.37402E+01   0.53986E+22
   0.73020E+04   0.26525E+04   0.37407E+01   0.53993E+22
   0.73033E+04   0.26530E+04   0.37412E+01   0.54000E+22
   0.73047E+04   0.26535E+04   0.37417E+01   0.54007E+22
   0.73060E+04   0.26540E+04   0.37422E+01   0.54014E+22
   0.73073E+04   0.26545E+04   0.37427E+01   0.54021E+22
   0.73087E+04   0.26550E+04   0.37432E+01   0.54028E+22
   0.73100E+04   0.26555E+04   0.37437E+01   0.54035E+22
   0.73113E+04   0.26559E+04   0.37442E+01   0.54042E+22
   0.73127E+04   0.26564E+04   0.37447E+01   0.54049E+22
   0.73140E+04   0.26569E+04   0.37452E+01   0.54056E+22
   0.73153E+04   0.26574E+04   0.37457E+01   0.54063E+22
   0.73166E+04   0.26579E+04   0.37462E+01   0.54071E+22
   0.73180E+04   0.26584E+04   0.37467E+01   0.54078E+22
   0.73193E+04   0.26589E+04   0.37472E+01   0.54085E+22
   0.73206E+04   0.26593E+04   0.37477E+01   0.54092E+22
   0.73220E+04   0.26598E+04   0.37482E+01   0.54099E+22
   0.73233E+04   0.26603E+04   0.37487E+01   0.54106E+22
   0.73246E+04   0.26608E+04   0.37492E+01   0.54113E+22
   0.73260E+04   0.26613E+04   0.37497E+01   0.54120E+22
   0.73273E+04   0.26618E+04   0.37502E+01   0.54127E+22
   0.73286E+04   0.26623E+04   0.37507E+01   0.54134E+22
   0.73300E+04   0.26628E+04   0.37512E+01   0.54141E+22
   0.73313E+04   0.26632E+04   0.37517E+01   0.54148E+22
   0.73326E+04   0.26637E+04   0.37522E+01   0.54155E+22
   0.73340E+04   0.26642E+04   0.37527E+01   0.54162E+22
   0.73353E+04   0.26647E+04   0.37532E+01   0.54169E+22
   0.73366E+04   0.26652E+04   0.37537E+01   0.54176E+22
   0.73380E+04   0.26657E+04   0.37542E+01   0.54183E+22
   0.73393E+04   0.26662E+04   0.37547E+01   0.54191E+22
   0.73406E+04   0.26667E+04   0.37552E+01   0.54198E+22
   0.73420E+04   0.26671E+04   0.37557E+01   0.54205E+22
   0.73433E+04   0.26676E+04   0.37562E+01   0.54212E+22
   0.73446E+04   0.26681E+04   0.37567E+01   0.54219E+22
   0.73460E+04   0.26686E+04   0.37572E+01   0.54226E+22
   0.73473E+04   0.26691E+04   0.37577E+01   0.54233E+22
   0.73486E+04   0.26696E+04   0.37582E+01   0.54240E+22
   0.73499E+04   0.26701E+04   0.37587E+01   0.54247E+22
   0.73513E+04   0.26705E+04   0.37592E+01   0.54254E+22
   0.73526E+04   0.26710E+04   0.37597E+01   0.54261E+22
   0.73539E+04   0.26715E+04   0.37602E+01   0.54268E+22
   0.73553E+04   0.26720E+04   0.37607E+01   0.54275E+22
   0.73566E+04   0.26725E+04   0.37612E+01   0.54282E+22
   0.73579E+04   0.26730E+04   0.37617E+01   0.54289E+22
   0.73593E+04   0.26735E+04   0.37622E+01   0.54296E+22
   0.73606E+04   0.26740E+04   0.37627E+01   0.54303E+22
   0.73619E+04   0.26744E+04   0.37632E+01   0.54311E+22
   0.73633E+04   0.26749E+04   0.37637E+01   0.54318E+22
   0.73646E+04   0.26754E+04   0.37642E+01   0.54325E+22
   0.73659E+04   0.26759E+04   0.37647E+01   0.54332E+22
   0.73673E+04   0.26764E+04   0.37652E+01   0.54339E+22
   0.73686E+04   0.26769E+04   0.37657E+01   0.54346E+22
   0.73699E+04   0.26774E+04   0.37662E+01   0.54353E+22
   0.73713E+04   0.26779E+04   0.37667E+01   0.54360E+22
   0.73726E+04   0.26783E+04   0.37672E+01   0.54367E+22
   0.73740E+04   0.26788E+04   0.37677E+01   0.54374E+22
   0.73753E+04   0.26793E+04   0.37682E+01   0.54381E+22
   0.73766E+04   0.26798E+04   0.37687E+01   0.54388E+22
   0.73780E+04   0.26803E+04   0.37692E+01   0.54395E+22
   0.73793E+04   0.26808E+04   0.37697E+01   0.54402E+22
   0.73806E+04   0.26813E+04   0.37702E+01   0.54409E+22
   0.73820E+04   0.26818E+04   0.37707E+01   0.54416E+22
   0.73833E+04   0.26823E+04   0.37712E+01   0.54423E+22
   0.73846E+04   0.26827E+04   0.37717E+01   0.54431E+22
   0.73860E+04   0.26832E+04   0.37722E+01   0.54438E+22
   0.73873E+04   0.26837E+04   0.37727E+01   0.54445E+22
   0.73886E+04   0.26842E+04   0.37732E+01   0.54452E+22
   0.73900E+04   0.26847E+04   0.37737E+01   0.54459E+22
   0.73913E+04   0.26852E+04   0.37742E+01   0.54466E+22
   0.73926E+04   0.26857E+04   0.37747E+01   0.54473E+22
   0.73940E+04   0.26862E+04   0.37752E+01   0.54480E+22
   0.73953E+04   0.26866E+04   0.37757E+01   0.54487E+22
   0.73966E+04   0.26871E+04   0.37762E+01   0.54494E+22
   0.73980E+04   0.26876E+04   0.37767E+01   0.54501E+22
   0.73993E+04   0.26881E+04   0.37772E+01   0.54508E+22
   0.74006E+04   0.26886E+04   0.37777E+01   0.54515E+22
   0.74020E+04   0.26891E+04   0.37782E+01   0.54522E+22
   0.74033E+04   0.26896E+04   0.37787E+01   0.54529E+22
   0.74047E+04   0.26901E+04   0.37792E+01   0.54536E+22
   0.74060E+04   0.26905E+04   0.37797E+01   0.54543E+22
   0.74073E+04   0.26910E+04   0.37802E+01   0.54551E+22
   0.74087E+04   0.26915E+04   0.37807E+01   0.54558E+22
   0.74100E+04   0.26920E+04   0.37812E+01   0.54565E+22
   0.74113E+04   0.26925E+04   0.37817E+01   0.54572E+22
   0.74127E+04   0.26930E+04   0.37822E+01   0.54579E+22
   0.74140E+04   0.26935E+04   0.37827E+01   0.54586E+22
   0.74153E+04   0.26940E+04   0.37832E+01   0.54593E+22
   0.74167E+04   0.26945E+04   0.37837E+01   0.54600E+22
   0.74180E+04   0.26949E+04   0.37842E+01   0.54607E+22
   0.74193E+04   0.26954E+04   0.37847E+01   0.54614E+22
   0.74207E+04   0.26959E+04   0.37852E+01   0.54621E+22
   0.74220E+04   0.26964E+04   0.37857E+01   0.54628E+22
   0.74234E+04   0.26969E+04   0.37862E+01   0.54635E+22
   0.74247E+04   0.26974E+04   0.37867E+01   0.54642E+22
   0.74260E+04   0.26979E+04   0.37872E+01   0.54649E+22
   0.74274E+04   0.26984E+04   0.37877E+01   0.54656E+22
   0.74287E+04   0.26988E+04   0.37882E+01   0.54663E+22
   0.74300E+04   0.26993E+04   0.37887E+01   0.54671E+22
   0.74314E+04   0.26998E+04   0.37892E+01   0.54678E+22
   0.74327E+04   0.27003E+04   0.37897E+01   0.54685E+22
   0.74341E+04   0.27008E+04   0.37902E+01   0.54692E+22
   0.74354E+04   0.27013E+04   0.37907E+01   0.54699E+22
   0.74367E+04   0.27018E+04   0.37912E+01   0.54706E+22
   0.74381E+04   0.27023E+04   0.37917E+01   0.54713E+22
   0.74394E+04   0.27028E+04   0.37922E+01   0.54720E+22
   0.74407E+04   0.27032E+04   0.37927E+01   0.54727E+22
   0.74421E+04   0.27037E+04   0.37932E+01   0.54734E+22
   0.74434E+04   0.27042E+04   0.37937E+01   0.54741E+22
   0.74447E+04   0.27047E+04   0.37942E+01   0.54748E+22
   0.74461E+04   0.27052E+04   0.37947E+01   0.54755E+22
   0.74474E+04   0.27057E+04   0.37952E+01   0.54762E+22
   0.74488E+04   0.27062E+04   0.37957E+01   0.54769E+22
   0.74501E+04   0.27067E+04   0.37962E+01   0.54776E+22
   0.74514E+04   0.27072E+04   0.37967E+01   0.54783E+22
   0.74528E+04   0.27076E+04   0.37972E+01   0.54791E+22
   0.74541E+04   0.27081E+04   0.37977E+01   0.54798E+22
   0.74555E+04   0.27086E+04   0.37982E+01   0.54805E+22
   0.74568E+04   0.27091E+04   0.37987E+01   0.54812E+22
   0.74581E+04   0.27096E+04   0.37992E+01   0.54819E+22
   0.74595E+04   0.27101E+04   0.37997E+01   0.54826E+22
   0.74608E+04   0.27106E+04   0.38002E+01   0.54833E+22
   0.74621E+04   0.27111E+04   0.38007E+01   0.54840E+22
   0.74635E+04   0.27116E+04   0.38012E+01   0.54847E+22
   0.74648E+04   0.27120E+04   0.38017E+01   0.54854E+22
   0.74662E+04   0.27125E+04   0.38022E+01   0.54861E+22
   0.74675E+04   0.27130E+04   0.38027E+01   0.54868E+22
   0.74688E+04   0.27135E+04   0.38032E+01   0.54875E+22
   0.74702E+04   0.27140E+04   0.38037E+01   0.54882E+22
   0.74715E+04   0.27145E+04   0.38042E+01   0.54889E+22
   0.74729E+04   0.27150E+04   0.38047E+01   0.54896E+22
   0.74742E+04   0.27155E+04   0.38052E+01   0.54903E+22
   0.74755E+04   0.27160E+04   0.38057E+01   0.54911E+22
   0.74769E+04   0.27164E+04   0.38062E+01   0.54918E+22
   0.74782E+04   0.27169E+04   0.38067E+01   0.54925E+22
   0.74795E+04   0.27174E+04   0.38072E+01   0.54932E+22
   0.74809E+04   0.27179E+04   0.38077E+01   0.54939E+22
   0.74822E+04   0.27184E+04   0.38082E+01   0.54946E+22
   0.74836E+04   0.27189E+04   0.38087E+01   0.54953E+22
   0.74849E+04   0.27194E+04   0.38092E+01   0.54960E+22
   0.74862E+04   0.27199E+04   0.38097E+01   0.54967E+22
   0.74876E+04   0.27204E+04   0.38102E+01   0.54974E+22
   0.74889E+04   0.27209E+04   0.38107E+01   0.54981E+22
   0.74903E+04   0.27213E+04   0.38112E+01   0.54988E+22
   0.74916E+04   0.27218E+04   0.38117E+01   0.54995E+22
   0.74929E+04   0.27223E+04   0.38122E+01   0.55002E+22
   0.74943E+04   0.27228E+04   0.38127E+01   0.55009E+22
   0.74956E+04   0.27233E+04   0.38132E+01   0.55016E+22
   0.74970E+04   0.27238E+04   0.38137E+01   0.55023E+22
   0.74983E+04   0.27243E+04   0.38142E+01   0.55031E+22
   0.74996E+04   0.27248E+04   0.38147E+01   0.55038E+22
   0.75010E+04   0.27253E+04   0.38152E+01   0.55045E+22
   0.75023E+04   0.27257E+04   0.38157E+01   0.55052E+22
   0.75037E+04   0.27262E+04   0.38162E+01   0.55059E+22
   0.75050E+04   0.27267E+04   0.38167E+01   0.55066E+22
   0.75063E+04   0.27272E+04   0.38172E+01   0.55073E+22
   0.75077E+04   0.27277E+04   0.38177E+01   0.55080E+22
   0.75090E+04   0.27282E+04   0.38182E+01   0.55087E+22
   0.75104E+04   0.27287E+04   0.38187E+01   0.55094E+22
   0.75117E+04   0.27292E+04   0.38192E+01   0.55101E+22
   0.75130E+04   0.27297E+04   0.38197E+01   0.55108E+22
   0.75144E+04   0.27302E+04   0.38202E+01   0.55115E+22
   0.75157E+04   0.27306E+04   0.38207E+01   0.55122E+22
   0.75171E+04   0.27311E+04   0.38212E+01   0.55129E+22
   0.75184E+04   0.27316E+04   0.38217E+01   0.55136E+22
   0.75197E+04   0.27321E+04   0.38222E+01   0.55144E+22
   0.75211E+04   0.27326E+04   0.38227E+01   0.55151E+22
   0.75224E+04   0.27331E+04   0.38232E+01   0.55158E+22
   0.75238E+04   0.27336E+04   0.38237E+01   0.55165E+22
   0.75251E+04   0.27341E+04   0.38242E+01   0.55172E+22
   0.75265E+04   0.27346E+04   0.38247E+01   0.55179E+22
   0.75278E+04   0.27351E+04   0.38252E+01   0.55186E+22
   0.75291E+04   0.27355E+04   0.38257E+01   0.55193E+22
   0.75305E+04   0.27360E+04   0.38262E+01   0.55200E+22
   0.75318E+04   0.27365E+04   0.38267E+01   0.55207E+22
   0.75332E+04   0.27370E+04   0.38272E+01   0.55214E+22
   0.75345E+04   0.27375E+04   0.38277E+01   0.55221E+22
   0.75358E+04   0.27380E+04   0.38282E+01   0.55228E+22
   0.75372E+04   0.27385E+04   0.38287E+01   0.55235E+22
   0.75385E+04   0.27390E+04   0.38292E+01   0.55242E+22
   0.75399E+04   0.27395E+04   0.38297E+01   0.55249E+22
   0.75412E+04   0.27400E+04   0.38302E+01   0.55256E+22
   0.75426E+04   0.27404E+04   0.38307E+01   0.55264E+22
   0.75439E+04   0.27409E+04   0.38312E+01   0.55271E+22
   0.75452E+04   0.27414E+04   0.38317E+01   0.55278E+22
   0.75466E+04   0.27419E+04   0.38322E+01   0.55285E+22
   0.75479E+04   0.27424E+04   0.38327E+01   0.55292E+22
   0.75493E+04   0.27429E+04   0.38332E+01   0.55299E+22
   0.75506E+04   0.27434E+04   0.38337E+01   0.55306E+22
   0.75520E+04   0.27439E+04   0.38342E+01   0.55313E+22
   0.75533E+04   0.27444E+04   0.38347E+01   0.55320E+22
   0.75546E+04   0.27449E+04   0.38352E+01   0.55327E+22
   0.75560E+04   0.27453E+04   0.38357E+01   0.55334E+22
   0.75573E+04   0.27458E+04   0.38362E+01   0.55341E+22
   0.75587E+04   0.27463E+04   0.38367E+01   0.55348E+22
   0.75600E+04   0.27468E+04   0.38372E+01   0.55355E+22
   0.75614E+04   0.27473E+04   0.38377E+01   0.55362E+22
   0.75627E+04   0.27478E+04   0.38382E+01   0.55369E+22
   0.75640E+04   0.27483E+04   0.38387E+01   0.55376E+22
   0.75654E+04   0.27488E+04   0.38392E+01   0.55384E+22
   0.75667E+04   0.27493E+04   0.38397E+01   0.55391E+22
   0.75681E+04   0.27498E+04   0.38402E+01   0.55398E+22
   0.75694E+04   0.27502E+04   0.38407E+01   0.55405E+22
   0.75708E+04   0.27507E+04   0.38412E+01   0.55412E+22
   0.75721E+04   0.27512E+04   0.38417E+01   0.55419E+22
   0.75734E+04   0.27517E+04   0.38422E+01   0.55426E+22
   0.75748E+04   0.27522E+04   0.38427E+01   0.55433E+22
   0.75761E+04   0.27527E+04   0.38432E+01   0.55440E+22
   0.75775E+04   0.27532E+04   0.38437E+01   0.55447E+22
   0.75788E+04   0.27537E+04   0.38442E+01   0.55454E+22
   0.75802E+04   0.27542E+04   0.38447E+01   0.55461E+22
   0.75815E+04   0.27547E+04   0.38452E+01   0.55468E+22
   0.75829E+04   0.27552E+04   0.38457E+01   0.55475E+22
   0.75842E+04   0.27556E+04   0.38462E+01   0.55482E+22
   0.75855E+04   0.27561E+04   0.38467E+01   0.55489E+22
   0.75869E+04   0.27566E+04   0.38472E+01   0.55497E+22
   0.75882E+04   0.27571E+04   0.38477E+01   0.55504E+22
   0.75896E+04   0.27576E+04   0.38482E+01   0.55511E+22
   0.75909E+04   0.27581E+04   0.38487E+01   0.55518E+22
   0.75923E+04   0.27586E+04   0.38492E+01   0.55525E+22
   0.75936E+04   0.27591E+04   0.38497E+01   0.55532E+22
   0.75950E+04   0.27596E+04   0.38502E+01   0.55539E+22
   0.75963E+04   0.27601E+04   0.38507E+01   0.55546E+22
   0.75976E+04   0.27606E+04   0.38512E+01   0.55553E+22
   0.75990E+04   0.27610E+04   0.38517E+01   0.55560E+22
   0.76003E+04   0.27615E+04   0.38522E+01   0.55567E+22
   0.76017E+04   0.27620E+04   0.38527E+01   0.55574E+22
   0.76030E+04   0.27625E+04   0.38532E+01   0.55581E+22
   0.76044E+04   0.27630E+04   0.38537E+01   0.55588E+22
   0.76057E+04   0.27635E+04   0.38542E+01   0.55595E+22
   0.76071E+04   0.27640E+04   0.38547E+01   0.55602E+22
   0.76084E+04   0.27645E+04   0.38552E+01   0.55609E+22
   0.76097E+04   0.27650E+04   0.38557E+01   0.55617E+22
   0.76111E+04   0.27655E+04   0.38562E+01   0.55624E+22
   0.76124E+04   0.27660E+04   0.38567E+01   0.55631E+22
   0.76138E+04   0.27664E+04   0.38572E+01   0.55638E+22
   0.76151E+04   0.27669E+04   0.38577E+01   0.55645E+22
   0.76165E+04   0.27674E+04   0.38582E+01   0.55652E+22
   0.76178E+04   0.27679E+04   0.38587E+01   0.55659E+22
   0.76192E+04   0.27684E+04   0.38592E+01   0.55666E+22
   0.76205E+04   0.27689E+04   0.38597E+01   0.55673E+22
   0.76219E+04   0.27694E+04   0.38602E+01   0.55680E+22
   0.76232E+04   0.27699E+04   0.38607E+01   0.55687E+22
   0.76245E+04   0.27704E+04   0.38612E+01   0.55694E+22
   0.76259E+04   0.27709E+04   0.38617E+01   0.55701E+22
   0.76272E+04   0.27714E+04   0.38622E+01   0.55708E+22
   0.76286E+04   0.27719E+04   0.38627E+01   0.55715E+22
   0.76299E+04   0.27723E+04   0.38632E+01   0.55722E+22
   0.76313E+04   0.27728E+04   0.38637E+01   0.55730E+22
   0.76326E+04   0.27733E+04   0.38642E+01   0.55737E+22
   0.76340E+04   0.27738E+04   0.38647E+01   0.55744E+22
   0.76353E+04   0.27743E+04   0.38652E+01   0.55751E+22
   0.76367E+04   0.27748E+04   0.38657E+01   0.55758E+22
   0.76380E+04   0.27753E+04   0.38662E+01   0.55765E+22
   0.76394E+04   0.27758E+04   0.38667E+01   0.55772E+22
   0.76407E+04   0.27763E+04   0.38672E+01   0.55779E+22
   0.76421E+04   0.27768E+04   0.38677E+01   0.55786E+22
   0.76434E+04   0.27773E+04   0.38682E+01   0.55793E+22
   0.76447E+04   0.27778E+04   0.38687E+01   0.55800E+22
   0.76461E+04   0.27782E+04   0.38692E+01   0.55807E+22
   0.76474E+04   0.27787E+04   0.38697E+01   0.55814E+22
   0.76488E+04   0.27792E+04   0.38702E+01   0.55821E+22
   0.76501E+04   0.27797E+04   0.38707E+01   0.55828E+22
   0.76515E+04   0.27802E+04   0.38712E+01   0.55835E+22
   0.76528E+04   0.27807E+04   0.38717E+01   0.55842E+22
   0.76542E+04   0.27812E+04   0.38722E+01   0.55850E+22
   0.76555E+04   0.27817E+04   0.38727E+01   0.55857E+22
   0.76569E+04   0.27822E+04   0.38732E+01   0.55864E+22
   0.76582E+04   0.27827E+04   0.38737E+01   0.55871E+22
   0.76596E+04   0.27832E+04   0.38742E+01   0.55878E+22
   0.76609E+04   0.27837E+04   0.38747E+01   0.55885E+22
   0.76623E+04   0.27841E+04   0.38752E+01   0.55892E+22
   0.76636E+04   0.27846E+04   0.38757E+01   0.55899E+22
   0.76650E+04   0.27851E+04   0.38762E+01   0.55906E+22
   0.76663E+04   0.27856E+04   0.38767E+01   0.55913E+22
   0.76677E+04   0.27861E+04   0.38772E+01   0.55920E+22
   0.76690E+04   0.27866E+04   0.38777E+01   0.55927E+22
   0.76704E+04   0.27871E+04   0.38782E+01   0.55934E+22
   0.76717E+04   0.27876E+04   0.38787E+01   0.55941E+22
   0.76730E+04   0.27881E+04   0.38792E+01   0.55948E+22
   0.76744E+04   0.27886E+04   0.38797E+01   0.55955E+22
   0.76757E+04   0.27891E+04   0.38802E+01   0.55963E+22
   0.76771E+04   0.27896E+04   0.38807E+01   0.55970E+22
   0.76784E+04   0.27901E+04   0.38812E+01   0.55977E+22
   0.76798E+04   0.27905E+04   0.38817E+01   0.55984E+22
   0.76811E+04   0.27910E+04   0.38822E+01   0.55991E+22
   0.76825E+04   0.27915E+04   0.38827E+01   0.55998E+22
   0.76838E+04   0.27920E+04   0.38832E+01   0.56005E+22
   0.76852E+04   0.27925E+04   0.38837E+01   0.56012E+22
   0.76865E+04   0.27930E+04   0.38842E+01   0.56019E+22
   0.76879E+04   0.27935E+04   0.38847E+01   0.56026E+22
   0.76892E+04   0.27940E+04   0.38852E+01   0.56033E+22
   0.76906E+04   0.27945E+04   0.38857E+01   0.56040E+22
   0.76919E+04   0.27950E+04   0.38862E+01   0.56047E+22
   0.76933E+04   0.27955E+04   0.38867E+01   0.56054E+22
   0.76946E+04   0.27960E+04   0.38872E+01   0.56061E+22
   0.76960E+04   0.27965E+04   0.38877E+01   0.56068E+22
   0.76973E+04   0.27969E+04   0.38882E+01   0.56075E+22
   0.76987E+04   0.27974E+04   0.38887E+01   0.56083E+22
   0.77000E+04   0.27979E+04   0.38892E+01   0.56090E+22
   0.77014E+04   0.27984E+04   0.38897E+01   0.56097E+22
   0.77027E+04   0.27989E+04   0.38902E+01   0.56104E+22
   0.77041E+04   0.27994E+04   0.38907E+01   0.56111E+22
   0.77054E+04   0.27999E+04   0.38912E+01   0.56118E+22
   0.77068E+04   0.28004E+04   0.38917E+01   0.56125E+22
   0.77081E+04   0.28009E+04   0.38922E+01   0.56132E+22
   0.77095E+04   0.28014E+04   0.38927E+01   0.56139E+22
   0.77108E+04   0.28019E+04   0.38932E+01   0.56146E+22
   0.77122E+04   0.28024E+04   0.38937E+01   0.56153E+22
   0.77135E+04   0.28029E+04   0.38942E+01   0.56160E+22
   0.77149E+04   0.28033E+04   0.38947E+01   0.56167E+22
   0.77162E+04   0.28038E+04   0.38952E+01   0.56174E+22
   0.77176E+04   0.28043E+04   0.38957E+01   0.56181E+22
   0.77189E+04   0.28048E+04   0.38962E+01   0.56188E+22
   0.77203E+04   0.28053E+04   0.38967E+01   0.56196E+22
   0.77216E+04   0.28058E+04   0.38972E+01   0.56203E+22
   0.77230E+04   0.28063E+04   0.38977E+01   0.56210E+22
   0.77243E+04   0.28068E+04   0.38982E+01   0.56217E+22
   0.77257E+04   0.28073E+04   0.38987E+01   0.56224E+22
   0.77270E+04   0.28078E+04   0.38992E+01   0.56231E+22
   0.77284E+04   0.28083E+04   0.38997E+01   0.56238E+22
   0.77297E+04   0.28088E+04   0.39002E+01   0.56245E+22
   0.77311E+04   0.28093E+04   0.39007E+01   0.56252E+22
   0.77324E+04   0.28098E+04   0.39012E+01   0.56259E+22
   0.77338E+04   0.28102E+04   0.39017E+01   0.56266E+22
   0.77351E+04   0.28107E+04   0.39022E+01   0.56273E+22
   0.77365E+04   0.28112E+04   0.39027E+01   0.56280E+22
   0.77378E+04   0.28117E+04   0.39032E+01   0.56287E+22
   0.77392E+04   0.28122E+04   0.39037E+01   0.56294E+22
   0.77405E+04   0.28127E+04   0.39042E+01   0.56301E+22
   0.77419E+04   0.28132E+04   0.39047E+01   0.56309E+22
   0.77433E+04   0.28137E+04   0.39052E+01   0.56316E+22
   0.77446E+04   0.28142E+04   0.39057E+01   0.56323E+22
   0.77460E+04   0.28147E+04   0.39062E+01   0.56330E+22
   0.77473E+04   0.28152E+04   0.39067E+01   0.56337E+22
   0.77487E+04   0.28157E+04   0.39072E+01   0.56344E+22
   0.77500E+04   0.28162E+04   0.39077E+01   0.56351E+22
   0.77514E+04   0.28167E+04   0.39082E+01   0.56358E+22
   0.77527E+04   0.28171E+04   0.39087E+01   0.56365E+22
   0.77541E+04   0.28176E+04   0.39092E+01   0.56372E+22
   0.77554E+04   0.28181E+04   0.39097E+01   0.56379E+22
   0.77568E+04   0.28186E+04   0.39102E+01   0.56386E+22
   0.77581E+04   0.28191E+04   0.39107E+01   0.56393E+22
   0.77595E+04   0.28196E+04   0.39112E+01   0.56400E+22
   0.77608E+04   0.28201E+04   0.39117E+01   0.56407E+22
   0.77622E+04   0.28206E+04   0.39122E+01   0.56414E+22
   0.77635E+04   0.28211E+04   0.39127E+01   0.56421E+22
   0.77649E+04   0.28216E+04   0.39132E+01   0.56429E+22
   0.77662E+04   0.28221E+04   0.39137E+01   0.56436E+22
   0.77676E+04   0.28226E+04   0.39142E+01   0.56443E+22
   0.77689E+04   0.28231E+04   0.39147E+01   0.56450E+22
   0.77703E+04   0.28236E+04   0.39152E+01   0.56457E+22
   0.77716E+04   0.28241E+04   0.39157E+01   0.56464E+22
   0.77730E+04   0.28246E+04   0.39162E+01   0.56471E+22
   0.77744E+04   0.28250E+04   0.39167E+01   0.56478E+22
   0.77757E+04   0.28255E+04   0.39172E+01   0.56485E+22
   0.77771E+04   0.28260E+04   0.39177E+01   0.56492E+22
   0.77784E+04   0.28265E+04   0.39182E+01   0.56499E+22
   0.77798E+04   0.28270E+04   0.39187E+01   0.56506E+22
   0.77811E+04   0.28275E+04   0.39192E+01   0.56513E+22
   0.77825E+04   0.28280E+04   0.39197E+01   0.56520E+22
   0.77838E+04   0.28285E+04   0.39202E+01   0.56527E+22
   0.77852E+04   0.28290E+04   0.39207E+01   0.56534E+22
   0.77865E+04   0.28295E+04   0.39212E+01   0.56542E+22
   0.77879E+04   0.28300E+04   0.39217E+01   0.56549E+22
   0.77892E+04   0.28305E+04   0.39222E+01   0.56556E+22
   0.77906E+04   0.28310E+04   0.39227E+01   0.56563E+22
   0.77920E+04   0.28315E+04   0.39232E+01   0.56570E+22
   0.77933E+04   0.28320E+04   0.39237E+01   0.56577E+22
   0.77947E+04   0.28324E+04   0.39242E+01   0.56584E+22
   0.77960E+04   0.28329E+04   0.39247E+01   0.56591E+22
   0.77974E+04   0.28334E+04   0.39252E+01   0.56598E+22
   0.77987E+04   0.28339E+04   0.39257E+01   0.56605E+22
   0.78001E+04   0.28344E+04   0.39262E+01   0.56612E+22
   0.78014E+04   0.28349E+04   0.39267E+01   0.56619E+22
   0.78028E+04   0.28354E+04   0.39272E+01   0.56626E+22
   0.78041E+04   0.28359E+04   0.39277E+01   0.56633E+22
   0.78055E+04   0.28364E+04   0.39282E+01   0.56640E+22
   0.78068E+04   0.28369E+04   0.39287E+01   0.56647E+22
   0.78082E+04   0.28374E+04   0.39292E+01   0.56655E+22
   0.78096E+04   0.28379E+04   0.39297E+01   0.56662E+22
   0.78109E+04   0.28384E+04   0.39302E+01   0.56669E+22
   0.78123E+04   0.28389E+04   0.39307E+01   0.56676E+22
   0.78136E+04   0.28394E+04   0.39312E+01   0.56683E+22
   0.78150E+04   0.28399E+04   0.39317E+01   0.56690E+22
   0.78163E+04   0.28404E+04   0.39322E+01   0.56697E+22
   0.78177E+04   0.28408E+04   0.39327E+01   0.56704E+22
   0.78190E+04   0.28413E+04   0.39332E+01   0.56711E+22
   0.78204E+04   0.28418E+04   0.39337E+01   0.56718E+22
   0.78218E+04   0.28423E+04   0.39342E+01   0.56725E+22
   0.78231E+04   0.28428E+04   0.39347E+01   0.56732E+22
   0.78245E+04   0.28433E+04   0.39352E+01   0.56739E+22
   0.78258E+04   0.28438E+04   0.39357E+01   0.56746E+22
   0.78272E+04   0.28443E+04   0.39362E+01   0.56753E+22
   0.78285E+04   0.28448E+04   0.39367E+01   0.56760E+22
   0.78299E+04   0.28453E+04   0.39372E+01   0.56767E+22
   0.78312E+04   0.28458E+04   0.39377E+01   0.56775E+22
   0.78326E+04   0.28463E+04   0.39382E+01   0.56782E+22
   0.78340E+04   0.28468E+04   0.39387E+01   0.56789E+22
   0.78353E+04   0.28473E+04   0.39392E+01   0.56796E+22
   0.78367E+04   0.28478E+04   0.39397E+01   0.56803E+22
   0.78380E+04   0.28483E+04   0.39402E+01   0.56810E+22
   0.78394E+04   0.28488E+04   0.39407E+01   0.56817E+22
   0.78407E+04   0.28493E+04   0.39412E+01   0.56824E+22
   0.78421E+04   0.28497E+04   0.39417E+01   0.56831E+22
   0.78434E+04   0.28502E+04   0.39422E+01   0.56838E+22
   0.78448E+04   0.28507E+04   0.39427E+01   0.56845E+22
   0.78462E+04   0.28512E+04   0.39432E+01   0.56852E+22
   0.78475E+04   0.28517E+04   0.39437E+01   0.56859E+22
   0.78489E+04   0.28522E+04   0.39442E+01   0.56866E+22
   0.78502E+04   0.28527E+04   0.39447E+01   0.56873E+22
   0.78516E+04   0.28532E+04   0.39452E+01   0.56880E+22
   0.78529E+04   0.28537E+04   0.39457E+01   0.56888E+22
   0.78543E+04   0.28542E+04   0.39462E+01   0.56895E+22
   0.78557E+04   0.28547E+04   0.39467E+01   0.56902E+22
   0.78570E+04   0.28552E+04   0.39472E+01   0.56909E+22
   0.78584E+04   0.28557E+04   0.39477E+01   0.56916E+22
   0.78597E+04   0.28562E+04   0.39482E+01   0.56923E+22
   0.78611E+04   0.28567E+04   0.39487E+01   0.56930E+22
   0.78624E+04   0.28572E+04   0.39492E+01   0.56937E+22
   0.78638E+04   0.28577E+04   0.39497E+01   0.56944E+22
   0.78652E+04   0.28582E+04   0.39502E+01   0.56951E+22
   0.78665E+04   0.28587E+04   0.39507E+01   0.56958E+22
   0.78679E+04   0.28591E+04   0.39512E+01   0.56965E+22
   0.78692E+04   0.28596E+04   0.39517E+01   0.56972E+22
   0.78706E+04   0.28601E+04   0.39522E+01   0.56979E+22
   0.78719E+04   0.28606E+04   0.39527E+01   0.56986E+22
   0.78733E+04   0.28611E+04   0.39532E+01   0.56993E+22
   0.78747E+04   0.28616E+04   0.39537E+01   0.57001E+22
   0.78760E+04   0.28621E+04   0.39542E+01   0.57008E+22
   0.78774E+04   0.28626E+04   0.39547E+01   0.57015E+22
   0.78787E+04   0.28631E+04   0.39552E+01   0.57022E+22
   0.78801E+04   0.28636E+04   0.39557E+01   0.57029E+22
   0.78814E+04   0.28641E+04   0.39562E+01   0.57036E+22
   0.78828E+04   0.28646E+04   0.39567E+01   0.57043E+22
   0.78842E+04   0.28651E+04   0.39572E+01   0.57050E+22
   0.78855E+04   0.28656E+04   0.39577E+01   0.57057E+22
   0.78869E+04   0.28661E+04   0.39582E+01   0.57064E+22
   0.78882E+04   0.28666E+04   0.39587E+01   0.57071E+22
   0.78896E+04   0.28671E+04   0.39592E+01   0.57078E+22
   0.78910E+04   0.28676E+04   0.39597E+01   0.57085E+22
   0.78923E+04   0.28681E+04   0.39602E+01   0.57092E+22
   0.78937E+04   0.28686E+04   0.39607E+01   0.57099E+22
   0.78950E+04   0.28690E+04   0.39612E+01   0.57106E+22
   0.78964E+04   0.28695E+04   0.39617E+01   0.57114E+22
   0.78977E+04   0.28700E+04   0.39622E+01   0.57121E+22
   0.78991E+04   0.28705E+04   0.39627E+01   0.57128E+22
   0.79005E+04   0.28710E+04   0.39632E+01   0.57135E+22
   0.79018E+04   0.28715E+04   0.39637E+01   0.57142E+22
   0.79032E+04   0.28720E+04   0.39642E+01   0.57149E+22
   0.79045E+04   0.28725E+04   0.39647E+01   0.57156E+22
   0.79059E+04   0.28730E+04   0.39652E+01   0.57163E+22
   0.79073E+04   0.28735E+04   0.39657E+01   0.57170E+22
   0.79086E+04   0.28740E+04   0.39662E+01   0.57177E+22
   0.79100E+04   0.28745E+04   0.39667E+01   0.57184E+22
   0.79113E+04   0.28750E+04   0.39672E+01   0.57191E+22
   0.79127E+04   0.28755E+04   0.39677E+01   0.57198E+22
   0.79141E+04   0.28760E+04   0.39682E+01   0.57205E+22
   0.79154E+04   0.28765E+04   0.39687E+01   0.57212E+22
   0.79168E+04   0.28770E+04   0.39692E+01   0.57219E+22
   0.79181E+04   0.28775E+04   0.39697E+01   0.57227E+22
   0.79195E+04   0.28780E+04   0.39702E+01   0.57234E+22
   0.79209E+04   0.28785E+04   0.39707E+01   0.57241E+22
   0.79222E+04   0.28790E+04   0.39712E+01   0.57248E+22
   0.79236E+04   0.28795E+04   0.39717E+01   0.57255E+22
   0.79249E+04   0.28800E+04   0.39722E+01   0.57262E+22
   0.79263E+04   0.28804E+04   0.39727E+01   0.57269E+22
   0.79277E+04   0.28809E+04   0.39732E+01   0.57276E+22
   0.79290E+04   0.28814E+04   0.39737E+01   0.57283E+22
   0.79304E+04   0.28819E+04   0.39742E+01   0.57290E+22
   0.79317E+04   0.28824E+04   0.39747E+01   0.57297E+22
   0.79331E+04   0.28829E+04   0.39752E+01   0.57304E+22
   0.79345E+04   0.28834E+04   0.39757E+01   0.57311E+22
   0.79358E+04   0.28839E+04   0.39762E+01   0.57318E+22
   0.79372E+04   0.28844E+04   0.39767E+01   0.57325E+22
   0.79385E+04   0.28849E+04   0.39772E+01   0.57332E+22
   0.79399E+04   0.28854E+04   0.39777E+01   0.57340E+22
   0.79413E+04   0.28859E+04   0.39782E+01   0.57347E+22
   0.79426E+04   0.28864E+04   0.39787E+01   0.57354E+22
   0.79440E+04   0.28869E+04   0.39792E+01   0.57361E+22
   0.79453E+04   0.28874E+04   0.39797E+01   0.57368E+22
   0.79467E+04   0.28879E+04   0.39802E+01   0.57375E+22
   0.79481E+04   0.28884E+04   0.39807E+01   0.57382E+22
   0.79494E+04   0.28889E+04   0.39812E+01   0.57389E+22
   0.79508E+04   0.28894E+04   0.39817E+01   0.57396E+22
   0.79522E+04   0.28899E+04   0.39822E+01   0.57403E+22
   0.79535E+04   0.28904E+04   0.39827E+01   0.57410E+22
   0.79549E+04   0.28909E+04   0.39832E+01   0.57417E+22
   0.79562E+04   0.28914E+04   0.39837E+01   0.57424E+22
   0.79576E+04   0.28919E+04   0.39842E+01   0.57431E+22
   0.79590E+04   0.28923E+04   0.39847E+01   0.57438E+22
   0.79603E+04   0.28928E+04   0.39852E+01   0.57445E+22
   0.79617E+04   0.28933E+04   0.39857E+01   0.57453E+22
   0.79630E+04   0.28938E+04   0.39862E+01   0.57460E+22
   0.79644E+04   0.28943E+04   0.39867E+01   0.57467E+22
   0.79658E+04   0.28948E+04   0.39872E+01   0.57474E+22
   0.79671E+04   0.28953E+04   0.39877E+01   0.57481E+22
   0.79685E+04   0.28958E+04   0.39882E+01   0.57488E+22
   0.79699E+04   0.28963E+04   0.39887E+01   0.57495E+22
   0.79712E+04   0.28968E+04   0.39892E+01   0.57502E+22
   0.79726E+04   0.28973E+04   0.39897E+01   0.57509E+22
   0.79739E+04   0.28978E+04   0.39902E+01   0.57516E+22
   0.79753E+04   0.28983E+04   0.39907E+01   0.57523E+22
   0.79767E+04   0.28988E+04   0.39912E+01   0.57530E+22
   0.79780E+04   0.28993E+04   0.39917E+01   0.57537E+22
   0.79794E+04   0.28998E+04   0.39922E+01   0.57544E+22
   0.79808E+04   0.29003E+04   0.39927E+01   0.57551E+22
   0.79821E+04   0.29008E+04   0.39932E+01   0.57558E+22
   0.79835E+04   0.29013E+04   0.39937E+01   0.57566E+22
   0.79848E+04   0.29018E+04   0.39942E+01   0.57573E+22
   0.79862E+04   0.29023E+04   0.39947E+01   0.57580E+22
   0.79876E+04   0.29028E+04   0.39952E+01   0.57587E+22
   0.79889E+04   0.29033E+04   0.39957E+01   0.57594E+22
   0.79903E+04   0.29038E+04   0.39962E+01   0.57601E+22
   0.79917E+04   0.29043E+04   0.39967E+01   0.57608E+22
   0.79930E+04   0.29048E+04   0.39972E+01   0.57615E+22
   0.79944E+04   0.29053E+04   0.39977E+01   0.57622E+22
   0.79957E+04   0.29058E+04   0.39982E+01   0.57629E+22
   0.79971E+04   0.29063E+04   0.39987E+01   0.57636E+22
   0.79985E+04   0.29067E+04   0.39992E+01   0.57643E+22
   0.79998E+04   0.29072E+04   0.39997E+01   0.57650E+22
   0.80012E+04   0.29077E+04   0.40002E+01   0.57657E+22
   0.80026E+04   0.29082E+04   0.40007E+01   0.57664E+22
   0.80039E+04   0.29087E+04   0.40012E+01   0.57671E+22
   0.80053E+04   0.29092E+04   0.40017E+01   0.57679E+22
   0.80067E+04   0.29097E+04   0.40022E+01   0.57686E+22
   0.80080E+04   0.29102E+04   0.40027E+01   0.57693E+22
   0.80094E+04   0.29107E+04   0.40032E+01   0.57700E+22
   0.80107E+04   0.29112E+04   0.40037E+01   0.57707E+22
   0.80121E+04   0.29117E+04   0.40042E+01   0.57714E+22
   0.80135E+04   0.29122E+04   0.40047E+01   0.57721E+22
   0.80148E+04   0.29127E+04   0.40052E+01   0.57728E+22
   0.80162E+04   0.29132E+04   0.40057E+01   0.57735E+22
   0.80176E+04   0.29137E+04   0.40062E+01   0.57742E+22
   0.80189E+04   0.29142E+04   0.40067E+01   0.57749E+22
   0.80203E+04   0.29147E+04   0.40072E+01   0.57756E+22
   0.80217E+04   0.29152E+04   0.40077E+01   0.57763E+22
   0.80230E+04   0.29157E+04   0.40082E+01   0.57770E+22
   0.80244E+04   0.29162E+04   0.40087E+01   0.57777E+22
   0.80258E+04   0.29167E+04   0.40092E+01   0.57784E+22
   0.80271E+04   0.29172E+04   0.40097E+01   0.57792E+22
   0.80285E+04   0.29177E+04   0.40102E+01   0.57799E+22
   0.80298E+04   0.29182E+04   0.40107E+01   0.57806E+22
   0.80312E+04   0.29187E+04   0.40112E+01   0.57813E+22
   0.80326E+04   0.29192E+04   0.40117E+01   0.57820E+22
   0.80339E+04   0.29197E+04   0.40122E+01   0.57827E+22
   0.80353E+04   0.29202E+04   0.40127E+01   0.57834E+22
   0.80367E+04   0.29207E+04   0.40132E+01   0.57841E+22
   0.80380E+04   0.29212E+04   0.40137E+01   0.57848E+22
   0.80394E+04   0.29217E+04   0.40142E+01   0.57855E+22
   0.80408E+04   0.29222E+04   0.40147E+01   0.57862E+22
   0.80421E+04   0.29227E+04   0.40152E+01   0.57869E+22
   0.80435E+04   0.29232E+04   0.40157E+01   0.57876E+22
   0.80449E+04   0.29236E+04   0.40162E+01   0.57883E+22
   0.80462E+04   0.29241E+04   0.40167E+01   0.57890E+22
   0.80476E+04   0.29246E+04   0.40172E+01   0.57897E+22
   0.80490E+04   0.29251E+04   0.40177E+01   0.57905E+22
   0.80503E+04   0.29256E+04   0.40182E+01   0.57912E+22
   0.80517E+04   0.29261E+04   0.40187E+01   0.57919E+22
   0.80531E+04   0.29266E+04   0.40192E+01   0.57926E+22
   0.80544E+04   0.29271E+04   0.40197E+01   0.57933E+22
   0.80558E+04   0.29276E+04   0.40202E+01   0.57940E+22
   0.80572E+04   0.29281E+04   0.40207E+01   0.57947E+22
   0.80585E+04   0.29286E+04   0.40212E+01   0.57954E+22
   0.80599E+04   0.29291E+04   0.40217E+01   0.57961E+22
   0.80613E+04   0.29296E+04   0.40222E+01   0.57968E+22
   0.80626E+04   0.29301E+04   0.40227E+01   0.57975E+22
   0.80640E+04   0.29306E+04   0.40232E+01   0.57982E+22
   0.80654E+04   0.29311E+04   0.40237E+01   0.57989E+22
   0.80667E+04   0.29316E+04   0.40242E+01   0.57996E+22
   0.80681E+04   0.29321E+04   0.40247E+01   0.58003E+22
   0.80695E+04   0.29326E+04   0.40252E+01   0.58010E+22
   0.80708E+04   0.29331E+04   0.40257E+01   0.58018E+22
   0.80722E+04   0.29336E+04   0.40262E+01   0.58025E+22
   0.80736E+04   0.29341E+04   0.40267E+01   0.58032E+22
   0.80749E+04   0.29346E+04   0.40272E+01   0.58039E+22
   0.80763E+04   0.29351E+04   0.40277E+01   0.58046E+22
   0.80777E+04   0.29356E+04   0.40282E+01   0.58053E+22
   0.80790E+04   0.29361E+04   0.40287E+01   0.58060E+22
   0.80804E+04   0.29366E+04   0.40292E+01   0.58067E+22
   0.80818E+04   0.29371E+04   0.40297E+01   0.58074E+22
   0.80831E+04   0.29376E+04   0.40302E+01   0.58081E+22
   0.80845E+04   0.29381E+04   0.40307E+01   0.58088E+22
   0.80859E+04   0.29386E+04   0.40312E+01   0.58095E+22
   0.80872E+04   0.29391E+04   0.40317E+01   0.58102E+22
   0.80886E+04   0.29396E+04   0.40322E+01   0.58109E+22
   0.80900E+04   0.29401E+04   0.40327E+01   0.58116E+22
   0.80913E+04   0.29406E+04   0.40332E+01   0.58123E+22
   0.80927E+04   0.29411E+04   0.40337E+01   0.58131E+22
   0.80941E+04   0.29416E+04   0.40342E+01   0.58138E+22
   0.80954E+04   0.29421E+04   0.40347E+01   0.58145E+22
   0.80968E+04   0.29426E+04   0.40352E+01   0.58152E+22
   0.80982E+04   0.29431E+04   0.40357E+01   0.58159E+22
   0.80995E+04   0.29436E+04   0.40362E+01   0.58166E+22
   0.81009E+04   0.29441E+04   0.40367E+01   0.58173E+22
   0.81023E+04   0.29446E+04   0.40372E+01   0.58180E+22
   0.81036E+04   0.29451E+04   0.40377E+01   0.58187E+22
   0.81050E+04   0.29456E+04   0.40382E+01   0.58194E+22
   0.81064E+04   0.29461E+04   0.40387E+01   0.58201E+22
   0.81077E+04   0.29466E+04   0.40392E+01   0.58208E+22
   0.81091E+04   0.29470E+04   0.40397E+01   0.58215E+22
   0.81105E+04   0.29475E+04   0.40402E+01   0.58222E+22
   0.81119E+04   0.29480E+04   0.40407E+01   0.58229E+22
   0.81132E+04   0.29485E+04   0.40412E+01   0.58237E+22
   0.81146E+04   0.29490E+04   0.40417E+01   0.58244E+22
   0.81160E+04   0.29495E+04   0.40422E+01   0.58251E+22
   0.81173E+04   0.29500E+04   0.40427E+01   0.58258E+22
   0.81187E+04   0.29505E+04   0.40432E+01   0.58265E+22
   0.81201E+04   0.29510E+04   0.40437E+01   0.58272E+22
   0.81214E+04   0.29515E+04   0.40442E+01   0.58279E+22
   0.81228E+04   0.29520E+04   0.40447E+01   0.58286E+22
   0.81242E+04   0.29525E+04   0.40452E+01   0.58293E+22
   0.81255E+04   0.29530E+04   0.40457E+01   0.58300E+22
   0.81269E+04   0.29535E+04   0.40462E+01   0.58307E+22
   0.81283E+04   0.29540E+04   0.40467E+01   0.58314E+22
   0.81296E+04   0.29545E+04   0.40472E+01   0.58321E+22
   0.81310E+04   0.29550E+04   0.40477E+01   0.58328E+22
   0.81324E+04   0.29555E+04   0.40482E+01   0.58335E+22
   0.81338E+04   0.29560E+04   0.40487E+01   0.58342E+22
   0.81351E+04   0.29565E+04   0.40492E+01   0.58350E+22
   0.81365E+04   0.29570E+04   0.40497E+01   0.58357E+22
   0.81379E+04   0.29575E+04   0.40502E+01   0.58364E+22
   0.81392E+04   0.29580E+04   0.40507E+01   0.58371E+22
   0.81406E+04   0.29585E+04   0.40512E+01   0.58378E+22
   0.81420E+04   0.29590E+04   0.40517E+01   0.58385E+22
   0.81433E+04   0.29595E+04   0.40522E+01   0.58392E+22
   0.81447E+04   0.29600E+04   0.40527E+01   0.58399E+22
   0.81461E+04   0.29605E+04   0.40532E+01   0.58406E+22
   0.81475E+04   0.29610E+04   0.40537E+01   0.58413E+22
   0.81488E+04   0.29615E+04   0.40542E+01   0.58420E+22
   0.81502E+04   0.29620E+04   0.40547E+01   0.58427E+22
   0.81516E+04   0.29625E+04   0.40552E+01   0.58434E+22
   0.81529E+04   0.29630E+04   0.40557E+01   0.58441E+22
   0.81543E+04   0.29635E+04   0.40562E+01   0.58448E+22
   0.81557E+04   0.29640E+04   0.40567E+01   0.58455E+22
   0.81570E+04   0.29645E+04   0.40572E+01   0.58463E+22
   0.81584E+04   0.29650E+04   0.40577E+01   0.58470E+22
   0.81598E+04   0.29655E+04   0.40582E+01   0.58477E+22
   0.81612E+04   0.29660E+04   0.40587E+01   0.58484E+22
   0.81625E+04   0.29665E+04   0.40592E+01   0.58491E+22
   0.81639E+04   0.29670E+04   0.40597E+01   0.58498E+22
   0.81653E+04   0.29675E+04   0.40602E+01   0.58505E+22
   0.81666E+04   0.29680E+04   0.40607E+01   0.58512E+22
   0.81680E+04   0.29685E+04   0.40612E+01   0.58519E+22
   0.81694E+04   0.29690E+04   0.40617E+01   0.58526E+22
   0.81708E+04   0.29695E+04   0.40622E+01   0.58533E+22
   0.81721E+04   0.29700E+04   0.40627E+01   0.58540E+22
   0.81735E+04   0.29705E+04   0.40632E+01   0.58547E+22
   0.81749E+04   0.29710E+04   0.40637E+01   0.58554E+22
   0.81762E+04   0.29715E+04   0.40642E+01   0.58561E+22
   0.81776E+04   0.29720E+04   0.40647E+01   0.58568E+22
   0.81790E+04   0.29725E+04   0.40652E+01   0.58576E+22
   0.81804E+04   0.29730E+04   0.40657E+01   0.58583E+22
   0.81817E+04   0.29735E+04   0.40662E+01   0.58590E+22
   0.81831E+04   0.29740E+04   0.40667E+01   0.58597E+22
   0.81845E+04   0.29745E+04   0.40672E+01   0.58604E+22
   0.81858E+04   0.29750E+04   0.40677E+01   0.58611E+22
   0.81872E+04   0.29755E+04   0.40682E+01   0.58618E+22
   0.81886E+04   0.29760E+04   0.40687E+01   0.58625E+22
   0.81900E+04   0.29765E+04   0.40692E+01   0.58632E+22
   0.81913E+04   0.29770E+04   0.40697E+01   0.58639E+22
   0.81927E+04   0.29775E+04   0.40702E+01   0.58646E+22
   0.81941E+04   0.29780E+04   0.40707E+01   0.58653E+22
   0.81954E+04   0.29785E+04   0.40712E+01   0.58660E+22
   0.81968E+04   0.29790E+04   0.40717E+01   0.58667E+22
   0.81982E+04   0.29795E+04   0.40722E+01   0.58674E+22
   0.81996E+04   0.29800E+04   0.40727E+01   0.58682E+22
   0.82009E+04   0.29805E+04   0.40732E+01   0.58689E+22
   0.82023E+04   0.29810E+04   0.40737E+01   0.58696E+22
   0.82037E+04   0.29815E+04   0.40742E+01   0.58703E+22
   0.82051E+04   0.29820E+04   0.40747E+01   0.58710E+22
   0.82064E+04   0.29825E+04   0.40752E+01   0.58717E+22
   0.82078E+04   0.29830E+04   0.40757E+01   0.58724E+22
   0.82092E+04   0.29835E+04   0.40762E+01   0.58731E+22
   0.82105E+04   0.29840E+04   0.40767E+01   0.58738E+22
   0.82119E+04   0.29845E+04   0.40772E+01   0.58745E+22
   0.82133E+04   0.29850E+04   0.40777E+01   0.58752E+22
   0.82147E+04   0.29855E+04   0.40782E+01   0.58759E+22
   0.82160E+04   0.29860E+04   0.40787E+01   0.58766E+22
   0.82174E+04   0.29865E+04   0.40792E+01   0.58773E+22
   0.82188E+04   0.29870E+04   0.40797E+01   0.58780E+22
   0.82202E+04   0.29875E+04   0.40802E+01   0.58787E+22
   0.82215E+04   0.29880E+04   0.40807E+01   0.58795E+22
   0.82229E+04   0.29885E+04   0.40812E+01   0.58802E+22
   0.82243E+04   0.29890E+04   0.40817E+01   0.58809E+22
   0.82257E+04   0.29895E+04   0.40822E+01   0.58816E+22
   0.82270E+04   0.29900E+04   0.40827E+01   0.58823E+22
   0.82284E+04   0.29905E+04   0.40832E+01   0.58830E+22
   0.82298E+04   0.29910E+04   0.40837E+01   0.58837E+22
   0.82311E+04   0.29915E+04   0.40842E+01   0.58844E+22
   0.82325E+04   0.29920E+04   0.40847E+01   0.58851E+22
   0.82339E+04   0.29925E+04   0.40852E+01   0.58858E+22
   0.82353E+04   0.29930E+04   0.40857E+01   0.58865E+22
   0.82366E+04   0.29935E+04   0.40862E+01   0.58872E+22
   0.82380E+04   0.29940E+04   0.40867E+01   0.58879E+22
   0.82394E+04   0.29945E+04   0.40872E+01   0.58886E+22
   0.82408E+04   0.29950E+04   0.40877E+01   0.58893E+22
   0.82421E+04   0.29955E+04   0.40882E+01   0.58900E+22
   0.82435E+04   0.29960E+04   0.40887E+01   0.58908E+22
   0.82449E+04   0.29965E+04   0.40892E+01   0.58915E+22
   0.82463E+04   0.29970E+04   0.40897E+01   0.58922E+22
   0.82476E+04   0.29975E+04   0.40902E+01   0.58929E+22
   0.82490E+04   0.29980E+04   0.40907E+01   0.58936E+22
   0.82504E+04   0.29985E+04   0.40912E+01   0.58943E+22
   0.82518E+04   0.29990E+04   0.40917E+01   0.58950E+22
   0.82531E+04   0.29995E+04   0.40922E+01   0.58957E+22
   0.82545E+04   0.30000E+04   0.40927E+01   0.58964E+22
   0.82559E+04   0.30005E+04   0.40932E+01   0.58971E+22
   0.82573E+04   0.30010E+04   0.40937E+01   0.58978E+22
   0.82586E+04   0.30015E+04   0.40942E+01   0.58985E+22
   0.82600E+04   0.30020E+04   0.40947E+01   0.58992E+22
   0.82614E+04   0.30025E+04   0.40952E+01   0.58999E+22
   0.82628E+04   0.30030E+04   0.40957E+01   0.59006E+22
   0.82641E+04   0.30035E+04   0.40962E+01   0.59014E+22
   0.82655E+04   0.30040E+04   0.40967E+01   0.59021E+22
   0.82669E+04   0.30045E+04   0.40972E+01   0.59028E+22
   0.82683E+04   0.30050E+04   0.40977E+01   0.59035E+22
   0.82696E+04   0.30055E+04   0.40982E+01   0.59042E+22
   0.82710E+04   0.30060E+04   0.40987E+01   0.59049E+22
   0.82724E+04   0.30065E+04   0.40992E+01   0.59056E+22
   0.82738E+04   0.30070E+04   0.40997E+01   0.59063E+22
   0.82751E+04   0.30075E+04   0.41002E+01   0.59070E+22
   0.82765E+04   0.30080E+04   0.41007E+01   0.59077E+22
   0.82779E+04   0.30085E+04   0.41012E+01   0.59084E+22
   0.82793E+04   0.30090E+04   0.41017E+01   0.59091E+22
   0.82806E+04   0.30095E+04   0.41022E+01   0.59098E+22
   0.82820E+04   0.30100E+04   0.41027E+01   0.59105E+22
   0.82834E+04   0.30105E+04   0.41032E+01   0.59112E+22
   0.82848E+04   0.30110E+04   0.41037E+01   0.59119E+22
   0.82862E+04   0.30115E+04   0.41042E+01   0.59127E+22
   0.82875E+04   0.30120E+04   0.41047E+01   0.59134E+22
   0.82889E+04   0.30125E+04   0.41052E+01   0.59141E+22
   0.82903E+04   0.30130E+04   0.41057E+01   0.59148E+22
   0.82917E+04   0.30135E+04   0.41062E+01   0.59155E+22
   0.82930E+04   0.30140E+04   0.41067E+01   0.59162E+22
   0.82944E+04   0.30145E+04   0.41072E+01   0.59169E+22
   0.82958E+04   0.30150E+04   0.41077E+01   0.59176E+22
   0.82972E+04   0.30155E+04   0.41082E+01   0.59183E+22
   0.82985E+04   0.30160E+04   0.41087E+01   0.59190E+22
   0.82999E+04   0.30165E+04   0.41092E+01   0.59197E+22
   0.83013E+04   0.30170E+04   0.41097E+01   0.59204E+22
   0.83027E+04   0.30175E+04   0.41102E+01   0.59211E+22
   0.83041E+04   0.30180E+04   0.41107E+01   0.59218E+22
   0.83054E+04   0.30185E+04   0.41112E+01   0.59225E+22
   0.83068E+04   0.30190E+04   0.41117E+01   0.59232E+22
   0.83082E+04   0.30195E+04   0.41122E+01   0.59240E+22
   0.83096E+04   0.30200E+04   0.41127E+01   0.59247E+22
   0.83109E+04   0.30205E+04   0.41132E+01   0.59254E+22
   0.83123E+04   0.30210E+04   0.41137E+01   0.59261E+22
   0.83137E+04   0.30215E+04   0.41142E+01   0.59268E+22
   0.83151E+04   0.30220E+04   0.41147E+01   0.59275E+22
   0.83164E+04   0.30225E+04   0.41152E+01   0.59282E+22
   0.83178E+04   0.30230E+04   0.41157E+01   0.59289E+22
   0.83192E+04   0.30235E+04   0.41162E+01   0.59296E+22
   0.83206E+04   0.30240E+04   0.41167E+01   0.59303E+22
   0.83220E+04   0.30245E+04   0.41172E+01   0.59310E+22
   0.83233E+04   0.30250E+04   0.41177E+01   0.59317E+22
   0.83247E+04   0.30255E+04   0.41182E+01   0.59324E+22
   0.83261E+04   0.30260E+04   0.41187E+01   0.59331E+22
   0.83275E+04   0.30265E+04   0.41192E+01   0.59338E+22
   0.83289E+04   0.30270E+04   0.41197E+01   0.59346E+22
   0.83302E+04   0.30275E+04   0.41202E+01   0.59353E+22
   0.83316E+04   0.30280E+04   0.41207E+01   0.59360E+22
   0.83330E+04   0.30285E+04   0.41212E+01   0.59367E+22
   0.83344E+04   0.30290E+04   0.41217E+01   0.59374E+22
   0.83357E+04   0.30295E+04   0.41222E+01   0.59381E+22
   0.83371E+04   0.30300E+04   0.41227E+01   0.59388E+22
   0.83385E+04   0.30305E+04   0.41232E+01   0.59395E+22
   0.83399E+04   0.30310E+04   0.41237E+01   0.59402E+22
   0.83413E+04   0.30315E+04   0.41242E+01   0.59409E+22
   0.83426E+04   0.30320E+04   0.41247E+01   0.59416E+22
   0.83440E+04   0.30325E+04   0.41252E+01   0.59423E+22
   0.83454E+04   0.30330E+04   0.41257E+01   0.59430E+22
   0.83468E+04   0.30335E+04   0.41262E+01   0.59437E+22
   0.83482E+04   0.30340E+04   0.41267E+01   0.59444E+22
   0.83495E+04   0.30345E+04   0.41272E+01   0.59451E+22
   0.83509E+04   0.30350E+04   0.41277E+01   0.59459E+22
   0.83523E+04   0.30356E+04   0.41282E+01   0.59466E+22
   0.83537E+04   0.30361E+04   0.41287E+01   0.59473E+22
   0.83550E+04   0.30366E+04   0.41292E+01   0.59480E+22
   0.83564E+04   0.30371E+04   0.41297E+01   0.59487E+22
   0.83578E+04   0.30376E+04   0.41302E+01   0.59494E+22
   0.83592E+04   0.30381E+04   0.41307E+01   0.59501E+22
   0.83606E+04   0.30386E+04   0.41312E+01   0.59508E+22
   0.83619E+04   0.30391E+04   0.41317E+01   0.59515E+22
   0.83633E+04   0.30396E+04   0.41322E+01   0.59522E+22
   0.83647E+04   0.30401E+04   0.41327E+01   0.59529E+22
   0.83661E+04   0.30406E+04   0.41332E+01   0.59536E+22
   0.83675E+04   0.30411E+04   0.41337E+01   0.59543E+22
   0.83688E+04   0.30416E+04   0.41342E+01   0.59550E+22
   0.83702E+04   0.30421E+04   0.41347E+01   0.59557E+22
   0.83716E+04   0.30426E+04   0.41352E+01   0.59565E+22
   0.83730E+04   0.30431E+04   0.41357E+01   0.59572E+22
   0.83744E+04   0.30436E+04   0.41362E+01   0.59579E+22
   0.83757E+04   0.30441E+04   0.41367E+01   0.59586E+22
   0.83771E+04   0.30446E+04   0.41372E+01   0.59593E+22
   0.83785E+04   0.30451E+04   0.41377E+01   0.59600E+22
   0.83799E+04   0.30456E+04   0.41382E+01   0.59607E+22
   0.83813E+04   0.30461E+04   0.41387E+01   0.59614E+22
   0.83826E+04   0.30466E+04   0.41392E+01   0.59621E+22
   0.83840E+04   0.30471E+04   0.41397E+01   0.59628E+22
   0.83854E+04   0.30476E+04   0.41402E+01   0.59635E+22
   0.83868E+04   0.30481E+04   0.41407E+01   0.59642E+22
   0.83882E+04   0.30486E+04   0.41412E+01   0.59649E+22
   0.83896E+04   0.30491E+04   0.41417E+01   0.59656E+22
   0.83909E+04   0.30496E+04   0.41422E+01   0.59663E+22
   0.83923E+04   0.30501E+04   0.41427E+01   0.59670E+22
   0.83937E+04   0.30506E+04   0.41432E+01   0.59678E+22
   0.83951E+04   0.30511E+04   0.41437E+01   0.59685E+22
   0.83965E+04   0.30516E+04   0.41442E+01   0.59692E+22
   0.83978E+04   0.30521E+04   0.41447E+01   0.59699E+22
   0.83992E+04   0.30526E+04   0.41452E+01   0.59706E+22
   0.84006E+04   0.30531E+04   0.41457E+01   0.59713E+22
   0.84020E+04   0.30536E+04   0.41462E+01   0.59720E+22
   0.84034E+04   0.30541E+04   0.41467E+01   0.59727E+22
   0.84047E+04   0.30546E+04   0.41472E+01   0.59734E+22
   0.84061E+04   0.30551E+04   0.41477E+01   0.59741E+22
   0.84075E+04   0.30556E+04   0.41482E+01   0.59748E+22
   0.84089E+04   0.30561E+04   0.41487E+01   0.59755E+22
   0.84103E+04   0.30566E+04   0.41492E+01   0.59762E+22
   0.84117E+04   0.30571E+04   0.41497E+01   0.59769E+22
   0.84130E+04   0.30576E+04   0.41502E+01   0.59776E+22
   0.84144E+04   0.30581E+04   0.41507E+01   0.59784E+22
   0.84158E+04   0.30586E+04   0.41512E+01   0.59791E+22
   0.84172E+04   0.30592E+04   0.41517E+01   0.59798E+22
   0.84186E+04   0.30597E+04   0.41522E+01   0.59805E+22
   0.84199E+04   0.30602E+04   0.41527E+01   0.59812E+22
   0.84213E+04   0.30607E+04   0.41532E+01   0.59819E+22
   0.84227E+04   0.30612E+04   0.41537E+01   0.59826E+22
   0.84241E+04   0.30617E+04   0.41542E+01   0.59833E+22
   0.84255E+04   0.30622E+04   0.41547E+01   0.59840E+22
   0.84269E+04   0.30627E+04   0.41552E+01   0.59847E+22
   0.84282E+04   0.30632E+04   0.41557E+01   0.59854E+22
   0.84296E+04   0.30637E+04   0.41562E+01   0.59861E+22
   0.84310E+04   0.30642E+04   0.41567E+01   0.59868E+22
   0.84324E+04   0.30647E+04   0.41572E+01   0.59875E+22
   0.84338E+04   0.30652E+04   0.41577E+01   0.59882E+22
   0.84352E+04   0.30657E+04   0.41582E+01   0.59890E+22
   0.84365E+04   0.30662E+04   0.41587E+01   0.59897E+22
   0.84379E+04   0.30667E+04   0.41592E+01   0.59904E+22
   0.84393E+04   0.30672E+04   0.41597E+01   0.59911E+22
   0.84407E+04   0.30677E+04   0.41602E+01   0.59918E+22
   0.84421E+04   0.30682E+04   0.41607E+01   0.59925E+22
   0.84435E+04   0.30687E+04   0.41612E+01   0.59932E+22
   0.84448E+04   0.30692E+04   0.41617E+01   0.59939E+22
   0.84462E+04   0.30697E+04   0.41622E+01   0.59946E+22
   0.84476E+04   0.30702E+04   0.41627E+01   0.59953E+22
   0.84490E+04   0.30707E+04   0.41632E+01   0.59960E+22
   0.84504E+04   0.30712E+04   0.41637E+01   0.59967E+22
   0.84518E+04   0.30717E+04   0.41642E+01   0.59974E+22
   0.84531E+04   0.30722E+04   0.41647E+01   0.59981E+22
   0.84545E+04   0.30727E+04   0.41652E+01   0.59988E+22
   0.84559E+04   0.30732E+04   0.41657E+01   0.59995E+22
   0.84573E+04   0.30737E+04   0.41662E+01   0.60003E+22
   0.84587E+04   0.30742E+04   0.41667E+01   0.60010E+22
   0.84601E+04   0.30747E+04   0.41672E+01   0.60017E+22
   0.84614E+04   0.30752E+04   0.41677E+01   0.60024E+22
   0.84628E+04   0.30757E+04   0.41682E+01   0.60031E+22
   0.84642E+04   0.30763E+04   0.41687E+01   0.60038E+22
   0.84656E+04   0.30768E+04   0.41692E+01   0.60045E+22
   0.84670E+04   0.30773E+04   0.41697E+01   0.60052E+22
   0.84684E+04   0.30778E+04   0.41702E+01   0.60059E+22
   0.84697E+04   0.30783E+04   0.41707E+01   0.60066E+22
   0.84711E+04   0.30788E+04   0.41712E+01   0.60073E+22
   0.84725E+04   0.30793E+04   0.41717E+01   0.60080E+22
   0.84739E+04   0.30798E+04   0.41722E+01   0.60087E+22
   0.84753E+04   0.30803E+04   0.41727E+01   0.60094E+22
   0.84767E+04   0.30808E+04   0.41732E+01   0.60101E+22
   0.84781E+04   0.30813E+04   0.41737E+01   0.60109E+22
   0.84794E+04   0.30818E+04   0.41742E+01   0.60116E+22
   0.84808E+04   0.30823E+04   0.41747E+01   0.60123E+22
   0.84822E+04   0.30828E+04   0.41752E+01   0.60130E+22
   0.84836E+04   0.30833E+04   0.41757E+01   0.60137E+22
   0.84850E+04   0.30838E+04   0.41762E+01   0.60144E+22
   0.84864E+04   0.30843E+04   0.41767E+01   0.60151E+22
   0.84877E+04   0.30848E+04   0.41772E+01   0.60158E+22
   0.84891E+04   0.30853E+04   0.41777E+01   0.60165E+22
   0.84905E+04   0.30858E+04   0.41782E+01   0.60172E+22
   0.84919E+04   0.30863E+04   0.41787E+01   0.60179E+22
   0.84933E+04   0.30868E+04   0.41792E+01   0.60186E+22
   0.84947E+04   0.30873E+04   0.41797E+01   0.60193E+22
   0.84961E+04   0.30878E+04   0.41802E+01   0.60200E+22
   0.84974E+04   0.30883E+04   0.41807E+01   0.60207E+22
   0.84988E+04   0.30888E+04   0.41812E+01   0.60214E+22
   0.85002E+04   0.30893E+04   0.41817E+01   0.60222E+22
   0.85016E+04   0.30898E+04   0.41822E+01   0.60229E+22
   0.85030E+04   0.30903E+04   0.41827E+01   0.60236E+22
   0.85044E+04   0.30909E+04   0.41832E+01   0.60243E+22
   0.85058E+04   0.30914E+04   0.41837E+01   0.60250E+22
   0.85071E+04   0.30919E+04   0.41842E+01   0.60257E+22
   0.85085E+04   0.30924E+04   0.41847E+01   0.60264E+22
   0.85099E+04   0.30929E+04   0.41852E+01   0.60271E+22
   0.85113E+04   0.30934E+04   0.41857E+01   0.60278E+22
   0.85127E+04   0.30939E+04   0.41862E+01   0.60285E+22
   0.85141E+04   0.30944E+04   0.41867E+01   0.60292E+22
   0.85155E+04   0.30949E+04   0.41872E+01   0.60299E+22
   0.85169E+04   0.30954E+04   0.41877E+01   0.60306E+22
   0.85182E+04   0.30959E+04   0.41882E+01   0.60313E+22
   0.85196E+04   0.30964E+04   0.41887E+01   0.60320E+22
   0.85210E+04   0.30969E+04   0.41892E+01   0.60328E+22
   0.85224E+04   0.30974E+04   0.41897E+01   0.60335E+22
   0.85238E+04   0.30979E+04   0.41902E+01   0.60342E+22
   0.85252E+04   0.30984E+04   0.41907E+01   0.60349E+22
   0.85266E+04   0.30989E+04   0.41912E+01   0.60356E+22
   0.85279E+04   0.30994E+04   0.41917E+01   0.60363E+22
   0.85293E+04   0.30999E+04   0.41922E+01   0.60370E+22
   0.85307E+04   0.31004E+04   0.41927E+01   0.60377E+22
   0.85321E+04   0.31009E+04   0.41932E+01   0.60384E+22
   0.85335E+04   0.31014E+04   0.41937E+01   0.60391E+22
   0.85349E+04   0.31019E+04   0.41942E+01   0.60398E+22
   0.85363E+04   0.31024E+04   0.41947E+01   0.60405E+22
   0.85377E+04   0.31029E+04   0.41952E+01   0.60412E+22
   0.85390E+04   0.31035E+04   0.41957E+01   0.60419E+22
   0.85404E+04   0.31040E+04   0.41962E+01   0.60426E+22
   0.85418E+04   0.31045E+04   0.41967E+01   0.60434E+22
   0.85432E+04   0.31050E+04   0.41972E+01   0.60441E+22
   0.85446E+04   0.31055E+04   0.41977E+01   0.60448E+22
   0.85460E+04   0.31060E+04   0.41982E+01   0.60455E+22
   0.85474E+04   0.31065E+04   0.41987E+01   0.60462E+22
   0.85488E+04   0.31070E+04   0.41992E+01   0.60469E+22
   0.85501E+04   0.31075E+04   0.41997E+01   0.60476E+22
   0.85515E+04   0.31080E+04   0.42002E+01   0.60483E+22
   0.85529E+04   0.31085E+04   0.42007E+01   0.60490E+22
   0.85543E+04   0.31090E+04   0.42012E+01   0.60497E+22
   0.85557E+04   0.31095E+04   0.42017E+01   0.60504E+22
   0.85571E+04   0.31100E+04   0.42022E+01   0.60511E+22
   0.85585E+04   0.31105E+04   0.42027E+01   0.60518E+22
   0.85599E+04   0.31110E+04   0.42032E+01   0.60525E+22
   0.85613E+04   0.31115E+04   0.42037E+01   0.60532E+22
   0.85626E+04   0.31120E+04   0.42042E+01   0.60539E+22
   0.85640E+04   0.31125E+04   0.42047E+01   0.60547E+22
   0.85654E+04   0.31130E+04   0.42052E+01   0.60554E+22
   0.85668E+04   0.31135E+04   0.42057E+01   0.60561E+22
   0.85682E+04   0.31140E+04   0.42062E+01   0.60568E+22
   0.85696E+04   0.31145E+04   0.42067E+01   0.60575E+22
   0.85710E+04   0.31151E+04   0.42072E+01   0.60582E+22
   0.85724E+04   0.31156E+04   0.42077E+01   0.60589E+22
   0.85737E+04   0.31161E+04   0.42082E+01   0.60596E+22
   0.85751E+04   0.31166E+04   0.42087E+01   0.60603E+22
   0.85765E+04   0.31171E+04   0.42092E+01   0.60610E+22
   0.85779E+04   0.31176E+04   0.42097E+01   0.60617E+22
   0.85793E+04   0.31181E+04   0.42102E+01   0.60624E+22
   0.85807E+04   0.31186E+04   0.42107E+01   0.60631E+22
   0.85821E+04   0.31191E+04   0.42112E+01   0.60638E+22
   0.85835E+04   0.31196E+04   0.42117E+01   0.60645E+22
   0.85849E+04   0.31201E+04   0.42122E+01   0.60653E+22
   0.85863E+04   0.31206E+04   0.42127E+01   0.60660E+22
   0.85876E+04   0.31211E+04   0.42132E+01   0.60667E+22
   0.85890E+04   0.31216E+04   0.42137E+01   0.60674E+22
   0.85904E+04   0.31221E+04   0.42142E+01   0.60681E+22
   0.85918E+04   0.31226E+04   0.42147E+01   0.60688E+22
   0.85932E+04   0.31231E+04   0.42152E+01   0.60695E+22
   0.85946E+04   0.31236E+04   0.42157E+01   0.60702E+22
   0.85960E+04   0.31241E+04   0.42162E+01   0.60709E+22
   0.85974E+04   0.31246E+04   0.42167E+01   0.60716E+22
   0.85988E+04   0.31251E+04   0.42172E+01   0.60723E+22
   0.86001E+04   0.31257E+04   0.42177E+01   0.60730E+22
   0.86015E+04   0.31262E+04   0.42182E+01   0.60737E+22
   0.86029E+04   0.31267E+04   0.42187E+01   0.60744E+22
   0.86043E+04   0.31272E+04   0.42192E+01   0.60751E+22
   0.86057E+04   0.31277E+04   0.42197E+01   0.60759E+22
   0.86071E+04   0.31282E+04   0.42202E+01   0.60766E+22
   0.86085E+04   0.31287E+04   0.42207E+01   0.60773E+22
   0.86099E+04   0.31292E+04   0.42212E+01   0.60780E+22
   0.86113E+04   0.31297E+04   0.42217E+01   0.60787E+22
   0.86127E+04   0.31302E+04   0.42222E+01   0.60794E+22
   0.86141E+04   0.31307E+04   0.42227E+01   0.60801E+22
   0.86154E+04   0.31312E+04   0.42232E+01   0.60808E+22
   0.86168E+04   0.31317E+04   0.42237E+01   0.60815E+22
   0.86182E+04   0.31322E+04   0.42242E+01   0.60822E+22
   0.86196E+04   0.31327E+04   0.42247E+01   0.60829E+22
   0.86210E+04   0.31332E+04   0.42252E+01   0.60836E+22
   0.86224E+04   0.31337E+04   0.42257E+01   0.60843E+22
   0.86238E+04   0.31342E+04   0.42262E+01   0.60850E+22
   0.86252E+04   0.31347E+04   0.42267E+01   0.60857E+22
   0.86266E+04   0.31353E+04   0.42272E+01   0.60865E+22
   0.86280E+04   0.31358E+04   0.42277E+01   0.60872E+22
   0.86294E+04   0.31363E+04   0.42282E+01   0.60879E+22
   0.86307E+04   0.31368E+04   0.42287E+01   0.60886E+22
   0.86321E+04   0.31373E+04   0.42292E+01   0.60893E+22
   0.86335E+04   0.31378E+04   0.42297E+01   0.60900E+22
   0.86349E+04   0.31383E+04   0.42302E+01   0.60907E+22
   0.86363E+04   0.31388E+04   0.42307E+01   0.60914E+22
   0.86377E+04   0.31393E+04   0.42312E+01   0.60921E+22
   0.86391E+04   0.31398E+04   0.42317E+01   0.60928E+22
   0.86405E+04   0.31403E+04   0.42322E+01   0.60935E+22
   0.86419E+04   0.31408E+04   0.42327E+01   0.60942E+22
   0.86433E+04   0.31413E+04   0.42332E+01   0.60949E+22
   0.86447E+04   0.31418E+04   0.42337E+01   0.60956E+22
   0.86461E+04   0.31423E+04   0.42342E+01   0.60963E+22
   0.86474E+04   0.31428E+04   0.42347E+01   0.60971E+22
   0.86488E+04   0.31433E+04   0.42352E+01   0.60978E+22
   0.86502E+04   0.31438E+04   0.42357E+01   0.60985E+22
   0.86516E+04   0.31444E+04   0.42362E+01   0.60992E+22
   0.86530E+04   0.31449E+04   0.42367E+01   0.60999E+22
   0.86544E+04   0.31454E+04   0.42372E+01   0.61006E+22
   0.86558E+04   0.31459E+04   0.42377E+01   0.61013E+22
   0.86572E+04   0.31464E+04   0.42382E+01   0.61020E+22
   0.86586E+04   0.31469E+04   0.42387E+01   0.61027E+22
   0.86600E+04   0.31474E+04   0.42392E+01   0.61034E+22
   0.86614E+04   0.31479E+04   0.42397E+01   0.61041E+22
   0.86628E+04   0.31484E+04   0.42402E+01   0.61048E+22
   0.86642E+04   0.31489E+04   0.42407E+01   0.61055E+22
   0.86655E+04   0.31494E+04   0.42412E+01   0.61062E+22
   0.86669E+04   0.31499E+04   0.42417E+01   0.61069E+22
   0.86683E+04   0.31504E+04   0.42422E+01   0.61076E+22
   0.86697E+04   0.31509E+04   0.42427E+01   0.61084E+22
   0.86711E+04   0.31514E+04   0.42432E+01   0.61091E+22
   0.86725E+04   0.31519E+04   0.42437E+01   0.61098E+22
   0.86739E+04   0.31524E+04   0.42442E+01   0.61105E+22
   0.86753E+04   0.31530E+04   0.42447E+01   0.61112E+22
   0.86767E+04   0.31535E+04   0.42452E+01   0.61119E+22
   0.86781E+04   0.31540E+04   0.42457E+01   0.61126E+22
   0.86795E+04   0.31545E+04   0.42462E+01   0.61133E+22
   0.86809E+04   0.31550E+04   0.42467E+01   0.61140E+22
   0.86823E+04   0.31555E+04   0.42472E+01   0.61147E+22
   0.86837E+04   0.31560E+04   0.42477E+01   0.61154E+22
   0.86851E+04   0.31565E+04   0.42482E+01   0.61161E+22
   0.86864E+04   0.31570E+04   0.42487E+01   0.61168E+22
   0.86878E+04   0.31575E+04   0.42492E+01   0.61175E+22
   0.86892E+04   0.31580E+04   0.42497E+01   0.61182E+22
   0.86906E+04   0.31585E+04   0.42502E+01   0.61190E+22
   0.86920E+04   0.31590E+04   0.42507E+01   0.61197E+22
   0.86934E+04   0.31595E+04   0.42512E+01   0.61204E+22
   0.86948E+04   0.31600E+04   0.42517E+01   0.61211E+22
   0.86962E+04   0.31605E+04   0.42522E+01   0.61218E+22
   0.86976E+04   0.31611E+04   0.42527E+01   0.61225E+22
   0.86990E+04   0.31616E+04   0.42532E+01   0.61232E+22
   0.87004E+04   0.31621E+04   0.42537E+01   0.61239E+22
   0.87018E+04   0.31626E+04   0.42542E+01   0.61246E+22
   0.87032E+04   0.31631E+04   0.42547E+01   0.61253E+22
   0.87046E+04   0.31636E+04   0.42552E+01   0.61260E+22
   0.87060E+04   0.31641E+04   0.42557E+01   0.61267E+22
   0.87074E+04   0.31646E+04   0.42562E+01   0.61274E+22
   0.87088E+04   0.31651E+04   0.42567E+01   0.61281E+22
   0.87102E+04   0.31656E+04   0.42572E+01   0.61288E+22
   0.87115E+04   0.31661E+04   0.42577E+01   0.61296E+22
   0.87129E+04   0.31666E+04   0.42582E+01   0.61303E+22
   0.87143E+04   0.31671E+04   0.42587E+01   0.61310E+22
   0.87157E+04   0.31676E+04   0.42592E+01   0.61317E+22
   0.87171E+04   0.31681E+04   0.42597E+01   0.61324E+22
   0.87185E+04   0.31687E+04   0.42602E+01   0.61331E+22
   0.87199E+04   0.31692E+04   0.42607E+01   0.61338E+22
   0.87213E+04   0.31697E+04   0.42612E+01   0.61345E+22
   0.87227E+04   0.31702E+04   0.42617E+01   0.61352E+22
   0.87241E+04   0.31707E+04   0.42622E+01   0.61359E+22
   0.87255E+04   0.31712E+04   0.42627E+01   0.61366E+22
   0.87269E+04   0.31717E+04   0.42632E+01   0.61373E+22
   0.87283E+04   0.31722E+04   0.42637E+01   0.61380E+22
   0.87297E+04   0.31727E+04   0.42642E+01   0.61387E+22
   0.87311E+04   0.31732E+04   0.42647E+01   0.61394E+22
   0.87325E+04   0.31737E+04   0.42652E+01   0.61402E+22
   0.87339E+04   0.31742E+04   0.42657E+01   0.61409E+22
   0.87353E+04   0.31747E+04   0.42662E+01   0.61416E+22
   0.87367E+04   0.31752E+04   0.42667E+01   0.61423E+22
   0.87381E+04   0.31757E+04   0.42672E+01   0.61430E+22
   0.87395E+04   0.31763E+04   0.42677E+01   0.61437E+22
   0.87409E+04   0.31768E+04   0.42682E+01   0.61444E+22
   0.87422E+04   0.31773E+04   0.42687E+01   0.61451E+22
   0.87436E+04   0.31778E+04   0.42692E+01   0.61458E+22
   0.87450E+04   0.31783E+04   0.42697E+01   0.61465E+22
   0.87464E+04   0.31788E+04   0.42702E+01   0.61472E+22
   0.87478E+04   0.31793E+04   0.42707E+01   0.61479E+22
   0.87492E+04   0.31798E+04   0.42712E+01   0.61486E+22
   0.87506E+04   0.31803E+04   0.42717E+01   0.61493E+22
   0.87520E+04   0.31808E+04   0.42722E+01   0.61500E+22
   0.87534E+04   0.31813E+04   0.42727E+01   0.61508E+22
   0.87548E+04   0.31818E+04   0.42732E+01   0.61515E+22
   0.87562E+04   0.31823E+04   0.42737E+01   0.61522E+22
   0.87576E+04   0.31828E+04   0.42742E+01   0.61529E+22
   0.87590E+04   0.31834E+04   0.42747E+01   0.61536E+22
   0.87604E+04   0.31839E+04   0.42752E+01   0.61543E+22
   0.87618E+04   0.31844E+04   0.42757E+01   0.61550E+22
   0.87632E+04   0.31849E+04   0.42762E+01   0.61557E+22
   0.87646E+04   0.31854E+04   0.42767E+01   0.61564E+22
   0.87660E+04   0.31859E+04   0.42772E+01   0.61571E+22
   0.87674E+04   0.31864E+04   0.42777E+01   0.61578E+22
   0.87688E+04   0.31869E+04   0.42782E+01   0.61585E+22
   0.87702E+04   0.31874E+04   0.42787E+01   0.61592E+22
   0.87716E+04   0.31879E+04   0.42792E+01   0.61599E+22
   0.87730E+04   0.31884E+04   0.42797E+01   0.61606E+22
   0.87744E+04   0.31889E+04   0.42802E+01   0.61614E+22
   0.87758E+04   0.31894E+04   0.42807E+01   0.61621E+22
   0.87772E+04   0.31899E+04   0.42812E+01   0.61628E+22
   0.87786E+04   0.31905E+04   0.42817E+01   0.61635E+22
   0.87800E+04   0.31910E+04   0.42822E+01   0.61642E+22
   0.87814E+04   0.31915E+04   0.42827E+01   0.61649E+22
   0.87828E+04   0.31920E+04   0.42832E+01   0.61656E+22
   0.87842E+04   0.31925E+04   0.42837E+01   0.61663E+22
   0.87856E+04   0.31930E+04   0.42842E+01   0.61670E+22
   0.87870E+04   0.31935E+04   0.42847E+01   0.61677E+22
   0.87884E+04   0.31940E+04   0.42852E+01   0.61684E+22
   0.87898E+04   0.31945E+04   0.42857E+01   0.61691E+22
   0.87911E+04   0.31950E+04   0.42862E+01   0.61698E+22
   0.87925E+04   0.31955E+04   0.42867E+01   0.61705E+22
   0.87939E+04   0.31960E+04   0.42872E+01   0.61712E+22
   0.87953E+04   0.31965E+04   0.42877E+01   0.61720E+22
   0.87967E+04   0.31971E+04   0.42882E+01   0.61727E+22
   0.87981E+04   0.31976E+04   0.42887E+01   0.61734E+22
   0.87995E+04   0.31981E+04   0.42892E+01   0.61741E+22
   0.88009E+04   0.31986E+04   0.42897E+01   0.61748E+22
   0.88023E+04   0.31991E+04   0.42902E+01   0.61755E+22
   0.88037E+04   0.31996E+04   0.42907E+01   0.61762E+22
   0.88051E+04   0.32001E+04   0.42912E+01   0.61769E+22
   0.88065E+04   0.32006E+04   0.42917E+01   0.61776E+22
   0.88079E+04   0.32011E+04   0.42922E+01   0.61783E+22
   0.88093E+04   0.32016E+04   0.42927E+01   0.61790E+22
   0.88107E+04   0.32021E+04   0.42932E+01   0.61797E+22
   0.88121E+04   0.32026E+04   0.42937E+01   0.61804E+22
   0.88135E+04   0.32031E+04   0.42942E+01   0.61811E+22
   0.88149E+04   0.32037E+04   0.42947E+01   0.61818E+22
   0.88163E+04   0.32042E+04   0.42952E+01   0.61826E+22
   0.88177E+04   0.32047E+04   0.42957E+01   0.61833E+22
   0.88191E+04   0.32052E+04   0.42962E+01   0.61840E+22
   0.88205E+04   0.32057E+04   0.42967E+01   0.61847E+22
   0.88219E+04   0.32062E+04   0.42972E+01   0.61854E+22
   0.88233E+04   0.32067E+04   0.42977E+01   0.61861E+22
   0.88247E+04   0.32072E+04   0.42982E+01   0.61868E+22
   0.88261E+04   0.32077E+04   0.42987E+01   0.61875E+22
   0.88275E+04   0.32082E+04   0.42992E+01   0.61882E+22
   0.88289E+04   0.32087E+04   0.42997E+01   0.61889E+22
   0.88303E+04   0.32092E+04   0.43002E+01   0.61896E+22
   0.88317E+04   0.32097E+04   0.43007E+01   0.61903E+22
   0.88331E+04   0.32103E+04   0.43012E+01   0.61910E+22
   0.88345E+04   0.32108E+04   0.43017E+01   0.61917E+22
   0.88359E+04   0.32113E+04   0.43022E+01   0.61924E+22
   0.88373E+04   0.32118E+04   0.43027E+01   0.61932E+22
   0.88387E+04   0.32123E+04   0.43032E+01   0.61939E+22
   0.88401E+04   0.32128E+04   0.43037E+01   0.61946E+22
   0.88415E+04   0.32133E+04   0.43042E+01   0.61953E+22
   0.88429E+04   0.32138E+04   0.43047E+01   0.61960E+22
   0.88443E+04   0.32143E+04   0.43052E+01   0.61967E+22
   0.88457E+04   0.32148E+04   0.43057E+01   0.61974E+22
   0.88471E+04   0.32153E+04   0.43062E+01   0.61981E+22
   0.88485E+04   0.32158E+04   0.43067E+01   0.61988E+22
   0.88499E+04   0.32164E+04   0.43072E+01   0.61995E+22
   0.88513E+04   0.32169E+04   0.43077E+01   0.62002E+22
   0.88527E+04   0.32174E+04   0.43082E+01   0.62009E+22
   0.88541E+04   0.32179E+04   0.43087E+01   0.62016E+22
   0.88555E+04   0.32184E+04   0.43092E+01   0.62023E+22
   0.88569E+04   0.32189E+04   0.43097E+01   0.62030E+22
   0.88583E+04   0.32194E+04   0.43102E+01   0.62038E+22
   0.88597E+04   0.32199E+04   0.43107E+01   0.62045E+22
   0.88611E+04   0.32204E+04   0.43112E+01   0.62052E+22
   0.88625E+04   0.32209E+04   0.43117E+01   0.62059E+22
   0.88639E+04   0.32214E+04   0.43122E+01   0.62066E+22
   0.88653E+04   0.32219E+04   0.43127E+01   0.62073E+22
   0.88667E+04   0.32225E+04   0.43132E+01   0.62080E+22
   0.88681E+04   0.32230E+04   0.43137E+01   0.62087E+22
   0.88695E+04   0.32235E+04   0.43142E+01   0.62094E+22
   0.88709E+04   0.32240E+04   0.43147E+01   0.62101E+22
   0.88723E+04   0.32245E+04   0.43152E+01   0.62108E+22
   0.88737E+04   0.32250E+04   0.43157E+01   0.62115E+22
   0.88751E+04   0.32255E+04   0.43162E+01   0.62122E+22
   0.88766E+04   0.32260E+04   0.43167E+01   0.62129E+22
   0.88780E+04   0.32265E+04   0.43172E+01   0.62136E+22
   0.88794E+04   0.32270E+04   0.43177E+01   0.62144E+22
   0.88808E+04   0.32275E+04   0.43182E+01   0.62151E+22
   0.88822E+04   0.32281E+04   0.43187E+01   0.62158E+22
   0.88836E+04   0.32286E+04   0.43192E+01   0.62165E+22
   0.88850E+04   0.32291E+04   0.43197E+01   0.62172E+22
   0.88864E+04   0.32296E+04   0.43202E+01   0.62179E+22
   0.88878E+04   0.32301E+04   0.43207E+01   0.62186E+22
   0.88892E+04   0.32306E+04   0.43212E+01   0.62193E+22
   0.88906E+04   0.32311E+04   0.43217E+01   0.62200E+22
   0.88920E+04   0.32316E+04   0.43222E+01   0.62207E+22
   0.88934E+04   0.32321E+04   0.43227E+01   0.62214E+22
   0.88948E+04   0.32326E+04   0.43232E+01   0.62221E+22
   0.88962E+04   0.32331E+04   0.43237E+01   0.62228E+22
   0.88976E+04   0.32336E+04   0.43242E+01   0.62235E+22
   0.88990E+04   0.32342E+04   0.43247E+01   0.62242E+22
   0.89004E+04   0.32347E+04   0.43252E+01   0.62250E+22
   0.89018E+04   0.32352E+04   0.43257E+01   0.62257E+22
   0.89032E+04   0.32357E+04   0.43262E+01   0.62264E+22
   0.89046E+04   0.32362E+04   0.43267E+01   0.62271E+22
   0.89060E+04   0.32367E+04   0.43272E+01   0.62278E+22
   0.89074E+04   0.32372E+04   0.43277E+01   0.62285E+22
   0.89088E+04   0.32377E+04   0.43282E+01   0.62292E+22
   0.89102E+04   0.32382E+04   0.43287E+01   0.62299E+22
   0.89116E+04   0.32387E+04   0.43292E+01   0.62306E+22
   0.89130E+04   0.32392E+04   0.43297E+01   0.62313E+22
   0.89144E+04   0.32398E+04   0.43302E+01   0.62320E+22
   0.89158E+04   0.32403E+04   0.43307E+01   0.62327E+22
   0.89172E+04   0.32408E+04   0.43312E+01   0.62334E+22
   0.89186E+04   0.32413E+04   0.43317E+01   0.62341E+22
   0.89200E+04   0.32418E+04   0.43322E+01   0.62348E+22
   0.89214E+04   0.32423E+04   0.43327E+01   0.62356E+22
   0.89228E+04   0.32428E+04   0.43332E+01   0.62363E+22
   0.89242E+04   0.32433E+04   0.43337E+01   0.62370E+22
   0.89257E+04   0.32438E+04   0.43342E+01   0.62377E+22
   0.89271E+04   0.32443E+04   0.43347E+01   0.62384E+22
   0.89285E+04   0.32449E+04   0.43352E+01   0.62391E+22
   0.89299E+04   0.32454E+04   0.43357E+01   0.62398E+22
   0.89313E+04   0.32459E+04   0.43362E+01   0.62405E+22
   0.89327E+04   0.32464E+04   0.43367E+01   0.62412E+22
   0.89341E+04   0.32469E+04   0.43372E+01   0.62419E+22
   0.89355E+04   0.32474E+04   0.43377E+01   0.62426E+22
   0.89369E+04   0.32479E+04   0.43382E+01   0.62433E+22
   0.89383E+04   0.32484E+04   0.43387E+01   0.62440E+22
   0.89397E+04   0.32489E+04   0.43392E+01   0.62447E+22
   0.89411E+04   0.32494E+04   0.43397E+01   0.62454E+22
   0.89425E+04   0.32499E+04   0.43402E+01   0.62462E+22
   0.89439E+04   0.32505E+04   0.43407E+01   0.62469E+22
   0.89453E+04   0.32510E+04   0.43412E+01   0.62476E+22
   0.89467E+04   0.32515E+04   0.43417E+01   0.62483E+22
   0.89481E+04   0.32520E+04   0.43422E+01   0.62490E+22
   0.89495E+04   0.32525E+04   0.43427E+01   0.62497E+22
   0.89509E+04   0.32530E+04   0.43432E+01   0.62504E+22
   0.89523E+04   0.32535E+04   0.43437E+01   0.62511E+22
   0.89537E+04   0.32540E+04   0.43442E+01   0.62518E+22
   0.89551E+04   0.32545E+04   0.43447E+01   0.62525E+22
   0.89566E+04   0.32550E+04   0.43452E+01   0.62532E+22
   0.89580E+04   0.32556E+04   0.43457E+01   0.62539E+22
   0.89594E+04   0.32561E+04   0.43462E+01   0.62546E+22
   0.89608E+04   0.32566E+04   0.43467E+01   0.62553E+22
   0.89622E+04   0.32571E+04   0.43472E+01   0.62560E+22
   0.89636E+04   0.32576E+04   0.43477E+01   0.62568E+22
   0.89650E+04   0.32581E+04   0.43482E+01   0.62575E+22
   0.89664E+04   0.32586E+04   0.43487E+01   0.62582E+22
   0.89678E+04   0.32591E+04   0.43492E+01   0.62589E+22
   0.89692E+04   0.32596E+04   0.43497E+01   0.62596E+22
   0.89706E+04   0.32601E+04   0.43502E+01   0.62603E+22
   0.89720E+04   0.32607E+04   0.43507E+01   0.62610E+22
   0.89734E+04   0.32612E+04   0.43512E+01   0.62617E+22
   0.89748E+04   0.32617E+04   0.43517E+01   0.62624E+22
   0.89762E+04   0.32622E+04   0.43522E+01   0.62631E+22
   0.89776E+04   0.32627E+04   0.43527E+01   0.62638E+22
   0.89790E+04   0.32632E+04   0.43532E+01   0.62645E+22
   0.89804E+04   0.32637E+04   0.43537E+01   0.62652E+22
   0.89819E+04   0.32642E+04   0.43542E+01   0.62659E+22
   0.89833E+04   0.32647E+04   0.43547E+01   0.62666E+22
   0.89847E+04   0.32652E+04   0.43552E+01   0.62674E+22
   0.89861E+04   0.32658E+04   0.43557E+01   0.62681E+22
   0.89875E+04   0.32663E+04   0.43562E+01   0.62688E+22
   0.89889E+04   0.32668E+04   0.43567E+01   0.62695E+22
   0.89903E+04   0.32673E+04   0.43572E+01   0.62702E+22
   0.89917E+04   0.32678E+04   0.43577E+01   0.62709E+22
   0.89931E+04   0.32683E+04   0.43582E+01   0.62716E+22
   0.89945E+04   0.32688E+04   0.43587E+01   0.62723E+22
   0.89959E+04   0.32693E+04   0.43592E+01   0.62730E+22
   0.89973E+04   0.32698E+04   0.43597E+01   0.62737E+22
   0.89987E+04   0.32703E+04   0.43602E+01   0.62744E+22
   0.90001E+04   0.32709E+04   0.43607E+01   0.62751E+22
   0.90015E+04   0.32714E+04   0.43612E+01   0.62758E+22
   0.90030E+04   0.32719E+04   0.43617E+01   0.62765E+22
   0.90044E+04   0.32724E+04   0.43622E+01   0.62772E+22
   0.90058E+04   0.32729E+04   0.43627E+01   0.62780E+22
   0.90072E+04   0.32734E+04   0.43632E+01   0.62787E+22
   0.90086E+04   0.32739E+04   0.43637E+01   0.62794E+22
   0.90100E+04   0.32744E+04   0.43642E+01   0.62801E+22
   0.90114E+04   0.32749E+04   0.43647E+01   0.62808E+22
   0.90128E+04   0.32754E+04   0.43652E+01   0.62815E+22
   0.90142E+04   0.32760E+04   0.43657E+01   0.62822E+22
   0.90156E+04   0.32765E+04   0.43662E+01   0.62829E+22
   0.90170E+04   0.32770E+04   0.43667E+01   0.62836E+22
   0.90184E+04   0.32775E+04   0.43672E+01   0.62843E+22
   0.90198E+04   0.32780E+04   0.43677E+01   0.62850E+22
   0.90213E+04   0.32785E+04   0.43682E+01   0.62857E+22
   0.90227E+04   0.32790E+04   0.43687E+01   0.62864E+22
   0.90241E+04   0.32795E+04   0.43692E+01   0.62871E+22
   0.90255E+04   0.32800E+04   0.43697E+01   0.62878E+22
   0.90269E+04   0.32806E+04   0.43702E+01   0.62886E+22
   0.90283E+04   0.32811E+04   0.43707E+01   0.62893E+22
   0.90297E+04   0.32816E+04   0.43712E+01   0.62900E+22
   0.90311E+04   0.32821E+04   0.43717E+01   0.62907E+22
   0.90325E+04   0.32826E+04   0.43722E+01   0.62914E+22
   0.90339E+04   0.32831E+04   0.43727E+01   0.62921E+22
   0.90353E+04   0.32836E+04   0.43732E+01   0.62928E+22
   0.90367E+04   0.32841E+04   0.43737E+01   0.62935E+22
   0.90382E+04   0.32846E+04   0.43742E+01   0.62942E+22
   0.90396E+04   0.32851E+04   0.43747E+01   0.62949E+22
   0.90410E+04   0.32857E+04   0.43752E+01   0.62956E+22
   0.90424E+04   0.32862E+04   0.43757E+01   0.62963E+22
   0.90438E+04   0.32867E+04   0.43762E+01   0.62970E+22
   0.90452E+04   0.32872E+04   0.43767E+01   0.62977E+22
   0.90466E+04   0.32877E+04   0.43772E+01   0.62985E+22
   0.90480E+04   0.32882E+04   0.43777E+01   0.62992E+22
   0.90494E+04   0.32887E+04   0.43782E+01   0.62999E+22
   0.90508E+04   0.32892E+04   0.43787E+01   0.63006E+22
   0.90522E+04   0.32897E+04   0.43792E+01   0.63013E+22
   0.90536E+04   0.32903E+04   0.43797E+01   0.63020E+22
   0.90551E+04   0.32908E+04   0.43802E+01   0.63027E+22
   0.90565E+04   0.32913E+04   0.43807E+01   0.63034E+22
   0.90579E+04   0.32918E+04   0.43812E+01   0.63041E+22
   0.90593E+04   0.32923E+04   0.43817E+01   0.63048E+22
   0.90607E+04   0.32928E+04   0.43822E+01   0.63055E+22
   0.90621E+04   0.32933E+04   0.43827E+01   0.63062E+22
   0.90635E+04   0.32938E+04   0.43832E+01   0.63069E+22
   0.90649E+04   0.32943E+04   0.43837E+01   0.63076E+22
   0.90663E+04   0.32949E+04   0.43842E+01   0.63083E+22
   0.90677E+04   0.32954E+04   0.43847E+01   0.63091E+22
   0.90692E+04   0.32959E+04   0.43852E+01   0.63098E+22
   0.90706E+04   0.32964E+04   0.43857E+01   0.63105E+22
   0.90720E+04   0.32969E+04   0.43862E+01   0.63112E+22
   0.90734E+04   0.32974E+04   0.43867E+01   0.63119E+22
   0.90748E+04   0.32979E+04   0.43872E+01   0.63126E+22
   0.90762E+04   0.32984E+04   0.43877E+01   0.63133E+22
   0.90776E+04   0.32989E+04   0.43882E+01   0.63140E+22
   0.90790E+04   0.32995E+04   0.43887E+01   0.63147E+22
   0.90804E+04   0.33000E+04   0.43892E+01   0.63154E+22
   0.90818E+04   0.33005E+04   0.43897E+01   0.63161E+22
   0.90833E+04   0.33010E+04   0.43902E+01   0.63168E+22
   0.90847E+04   0.33015E+04   0.43907E+01   0.63175E+22
   0.90861E+04   0.33020E+04   0.43912E+01   0.63182E+22
   0.90875E+04   0.33025E+04   0.43917E+01   0.63189E+22
   0.90889E+04   0.33030E+04   0.43922E+01   0.63197E+22
   0.90903E+04   0.33036E+04   0.43927E+01   0.63204E+22
   0.90917E+04   0.33041E+04   0.43932E+01   0.63211E+22
   0.90931E+04   0.33046E+04   0.43937E+01   0.63218E+22
   0.90945E+04   0.33051E+04   0.43942E+01   0.63225E+22
   0.90960E+04   0.33056E+04   0.43947E+01   0.63232E+22
   0.90974E+04   0.33061E+04   0.43952E+01   0.63239E+22
   0.90988E+04   0.33066E+04   0.43957E+01   0.63246E+22
   0.91002E+04   0.33071E+04   0.43962E+01   0.63253E+22
   0.91016E+04   0.33076E+04   0.43967E+01   0.63260E+22
   0.91030E+04   0.33082E+04   0.43972E+01   0.63267E+22
   0.91044E+04   0.33087E+04   0.43977E+01   0.63274E+22
   0.91058E+04   0.33092E+04   0.43982E+01   0.63281E+22
   0.91072E+04   0.33097E+04   0.43987E+01   0.63288E+22
   0.91087E+04   0.33102E+04   0.43992E+01   0.63295E+22
   0.91101E+04   0.33107E+04   0.43997E+01   0.63303E+22
   0.91115E+04   0.33112E+04   0.44002E+01   0.63310E+22
   0.91129E+04   0.33117E+04   0.44007E+01   0.63317E+22
   0.91143E+04   0.33122E+04   0.44012E+01   0.63324E+22
   0.91157E+04   0.33128E+04   0.44017E+01   0.63331E+22
   0.91171E+04   0.33133E+04   0.44022E+01   0.63338E+22
   0.91185E+04   0.33138E+04   0.44027E+01   0.63345E+22
   0.91199E+04   0.33143E+04   0.44032E+01   0.63352E+22
   0.91214E+04   0.33148E+04   0.44037E+01   0.63359E+22
   0.91228E+04   0.33153E+04   0.44042E+01   0.63366E+22
   0.91242E+04   0.33158E+04   0.44047E+01   0.63373E+22
   0.91256E+04   0.33163E+04   0.44052E+01   0.63380E+22
   0.91270E+04   0.33169E+04   0.44057E+01   0.63387E+22
   0.91284E+04   0.33174E+04   0.44062E+01   0.63394E+22
   0.91298E+04   0.33179E+04   0.44067E+01   0.63401E+22
   0.91312E+04   0.33184E+04   0.44072E+01   0.63409E+22
   0.91327E+04   0.33189E+04   0.44077E+01   0.63416E+22
   0.91341E+04   0.33194E+04   0.44082E+01   0.63423E+22
   0.91355E+04   0.33199E+04   0.44087E+01   0.63430E+22
   0.91369E+04   0.33204E+04   0.44092E+01   0.63437E+22
   0.91383E+04   0.33210E+04   0.44097E+01   0.63444E+22
   0.91397E+04   0.33215E+04   0.44102E+01   0.63451E+22
   0.91411E+04   0.33220E+04   0.44107E+01   0.63458E+22
   0.91425E+04   0.33225E+04   0.44112E+01   0.63465E+22
   0.91440E+04   0.33230E+04   0.44117E+01   0.63472E+22
   0.91454E+04   0.33235E+04   0.44122E+01   0.63479E+22
   0.91468E+04   0.33240E+04   0.44127E+01   0.63486E+22
   0.91482E+04   0.33245E+04   0.44132E+01   0.63493E+22
   0.91496E+04   0.33250E+04   0.44137E+01   0.63500E+22
   0.91510E+04   0.33256E+04   0.44142E+01   0.63508E+22
   0.91524E+04   0.33261E+04   0.44147E+01   0.63515E+22
   0.91539E+04   0.33266E+04   0.44152E+01   0.63522E+22
   0.91553E+04   0.33271E+04   0.44157E+01   0.63529E+22
   0.91567E+04   0.33276E+04   0.44162E+01   0.63536E+22
   0.91581E+04   0.33281E+04   0.44167E+01   0.63543E+22
   0.91595E+04   0.33286E+04   0.44172E+01   0.63550E+22
   0.91609E+04   0.33291E+04   0.44177E+01   0.63557E+22
   0.91623E+04   0.33297E+04   0.44182E+01   0.63564E+22
   0.91637E+04   0.33302E+04   0.44187E+01   0.63571E+22
   0.91652E+04   0.33307E+04   0.44192E+01   0.63578E+22
   0.91666E+04   0.33312E+04   0.44197E+01   0.63585E+22
   0.91680E+04   0.33317E+04   0.44202E+01   0.63592E+22
   0.91694E+04   0.33322E+04   0.44207E+01   0.63599E+22
   0.91708E+04   0.33327E+04   0.44212E+01   0.63606E+22
   0.91722E+04   0.33332E+04   0.44217E+01   0.63614E+22
   0.91736E+04   0.33338E+04   0.44222E+01   0.63621E+22
   0.91751E+04   0.33343E+04   0.44227E+01   0.63628E+22
   0.91765E+04   0.33348E+04   0.44232E+01   0.63635E+22
   0.91779E+04   0.33353E+04   0.44237E+01   0.63642E+22
   0.91793E+04   0.33358E+04   0.44242E+01   0.63649E+22
   0.91807E+04   0.33363E+04   0.44247E+01   0.63656E+22
   0.91821E+04   0.33368E+04   0.44252E+01   0.63663E+22
   0.91835E+04   0.33373E+04   0.44257E+01   0.63670E+22
   0.91850E+04   0.33379E+04   0.44262E+01   0.63677E+22
   0.91864E+04   0.33384E+04   0.44267E+01   0.63684E+22
   0.91878E+04   0.33389E+04   0.44272E+01   0.63691E+22
   0.91892E+04   0.33394E+04   0.44277E+01   0.63698E+22
   0.91906E+04   0.33399E+04   0.44282E+01   0.63705E+22
   0.91920E+04   0.33404E+04   0.44287E+01   0.63712E+22
   0.91934E+04   0.33409E+04   0.44292E+01   0.63720E+22
   0.91949E+04   0.33414E+04   0.44297E+01   0.63727E+22
   0.91963E+04   0.33420E+04   0.44302E+01   0.63734E+22
   0.91977E+04   0.33425E+04   0.44307E+01   0.63741E+22
   0.91991E+04   0.33430E+04   0.44312E+01   0.63748E+22
   0.92005E+04   0.33435E+04   0.44317E+01   0.63755E+22
   0.92019E+04   0.33440E+04   0.44322E+01   0.63762E+22
   0.92034E+04   0.33445E+04   0.44327E+01   0.63769E+22
   0.92048E+04   0.33450E+04   0.44332E+01   0.63776E+22
   0.92062E+04   0.33456E+04   0.44337E+01   0.63783E+22
   0.92076E+04   0.33461E+04   0.44342E+01   0.63790E+22
   0.92090E+04   0.33466E+04   0.44347E+01   0.63797E+22
   0.92104E+04   0.33471E+04   0.44352E+01   0.63804E+22
   0.92118E+04   0.33476E+04   0.44357E+01   0.63811E+22
   0.92133E+04   0.33481E+04   0.44362E+01   0.63818E+22
   0.92147E+04   0.33486E+04   0.44367E+01   0.63826E+22
   0.92161E+04   0.33491E+04   0.44372E+01   0.63833E+22
   0.92175E+04   0.33497E+04   0.44377E+01   0.63840E+22
   0.92189E+04   0.33502E+04   0.44382E+01   0.63847E+22
   0.92203E+04   0.33507E+04   0.44387E+01   0.63854E+22
   0.92218E+04   0.33512E+04   0.44392E+01   0.63861E+22
   0.92232E+04   0.33517E+04   0.44397E+01   0.63868E+22
   0.92246E+04   0.33522E+04   0.44402E+01   0.63875E+22
   0.92260E+04   0.33527E+04   0.44407E+01   0.63882E+22
   0.92274E+04   0.33532E+04   0.44412E+01   0.63889E+22
   0.92288E+04   0.33538E+04   0.44417E+01   0.63896E+22
   0.92303E+04   0.33543E+04   0.44422E+01   0.63903E+22
   0.92317E+04   0.33548E+04   0.44427E+01   0.63910E+22
   0.92331E+04   0.33553E+04   0.44432E+01   0.63917E+22
   0.92345E+04   0.33558E+04   0.44437E+01   0.63925E+22
   0.92359E+04   0.33563E+04   0.44442E+01   0.63932E+22
   0.92373E+04   0.33568E+04   0.44447E+01   0.63939E+22
   0.92388E+04   0.33574E+04   0.44452E+01   0.63946E+22
   0.92402E+04   0.33579E+04   0.44457E+01   0.63953E+22
   0.92416E+04   0.33584E+04   0.44462E+01   0.63960E+22
   0.92430E+04   0.33589E+04   0.44467E+01   0.63967E+22
   0.92444E+04   0.33594E+04   0.44472E+01   0.63974E+22
   0.92458E+04   0.33599E+04   0.44477E+01   0.63981E+22
   0.92473E+04   0.33604E+04   0.44482E+01   0.63988E+22
   0.92487E+04   0.33609E+04   0.44487E+01   0.63995E+22
   0.92501E+04   0.33615E+04   0.44492E+01   0.64002E+22
   0.92515E+04   0.33620E+04   0.44497E+01   0.64009E+22
   0.92529E+04   0.33625E+04   0.44502E+01   0.64016E+22
   0.92543E+04   0.33630E+04   0.44507E+01   0.64023E+22
   0.92558E+04   0.33635E+04   0.44512E+01   0.64031E+22
   0.92572E+04   0.33640E+04   0.44517E+01   0.64038E+22
   0.92586E+04   0.33645E+04   0.44522E+01   0.64045E+22
   0.92600E+04   0.33651E+04   0.44527E+01   0.64052E+22
   0.92614E+04   0.33656E+04   0.44532E+01   0.64059E+22
   0.92629E+04   0.33661E+04   0.44537E+01   0.64066E+22
   0.92643E+04   0.33666E+04   0.44542E+01   0.64073E+22
   0.92657E+04   0.33671E+04   0.44547E+01   0.64080E+22
   0.92671E+04   0.33676E+04   0.44552E+01   0.64087E+22
   0.92685E+04   0.33681E+04   0.44557E+01   0.64094E+22
   0.92699E+04   0.33687E+04   0.44562E+01   0.64101E+22
   0.92714E+04   0.33692E+04   0.44567E+01   0.64108E+22
   0.92728E+04   0.33697E+04   0.44572E+01   0.64115E+22
   0.92742E+04   0.33702E+04   0.44577E+01   0.64122E+22
   0.92756E+04   0.33707E+04   0.44582E+01   0.64129E+22
   0.92770E+04   0.33712E+04   0.44587E+01   0.64137E+22
   0.92785E+04   0.33717E+04   0.44592E+01   0.64144E+22
   0.92799E+04   0.33722E+04   0.44597E+01   0.64151E+22
   0.92813E+04   0.33728E+04   0.44602E+01   0.64158E+22
   0.92827E+04   0.33733E+04   0.44607E+01   0.64165E+22
   0.92841E+04   0.33738E+04   0.44612E+01   0.64172E+22
   0.92855E+04   0.33743E+04   0.44617E+01   0.64179E+22
   0.92870E+04   0.33748E+04   0.44622E+01   0.64186E+22
   0.92884E+04   0.33753E+04   0.44627E+01   0.64193E+22
   0.92898E+04   0.33758E+04   0.44632E+01   0.64200E+22
   0.92912E+04   0.33764E+04   0.44637E+01   0.64207E+22
   0.92926E+04   0.33769E+04   0.44642E+01   0.64214E+22
   0.92941E+04   0.33774E+04   0.44647E+01   0.64221E+22
   0.92955E+04   0.33779E+04   0.44652E+01   0.64228E+22
   0.92969E+04   0.33784E+04   0.44657E+01   0.64236E+22
   0.92983E+04   0.33789E+04   0.44662E+01   0.64243E+22
   0.92997E+04   0.33794E+04   0.44667E+01   0.64250E+22
   0.93012E+04   0.33800E+04   0.44672E+01   0.64257E+22
   0.93026E+04   0.33805E+04   0.44677E+01   0.64264E+22
   0.93040E+04   0.33810E+04   0.44682E+01   0.64271E+22
   0.93054E+04   0.33815E+04   0.44687E+01   0.64278E+22
   0.93068E+04   0.33820E+04   0.44692E+01   0.64285E+22
   0.93083E+04   0.33825E+04   0.44697E+01   0.64292E+22
   0.93097E+04   0.33830E+04   0.44702E+01   0.64299E+22
   0.93111E+04   0.33836E+04   0.44707E+01   0.64306E+22
   0.93125E+04   0.33841E+04   0.44712E+01   0.64313E+22
   0.93139E+04   0.33846E+04   0.44717E+01   0.64320E+22
   0.93153E+04   0.33851E+04   0.44722E+01   0.64327E+22
   0.93168E+04   0.33856E+04   0.44727E+01   0.64334E+22
   0.93182E+04   0.33861E+04   0.44732E+01   0.64342E+22
   0.93196E+04   0.33866E+04   0.44737E+01   0.64349E+22
   0.93210E+04   0.33872E+04   0.44742E+01   0.64356E+22
   0.93224E+04   0.33877E+04   0.44747E+01   0.64363E+22
   0.93239E+04   0.33882E+04   0.44752E+01   0.64370E+22
   0.93253E+04   0.33887E+04   0.44757E+01   0.64377E+22
   0.93267E+04   0.33892E+04   0.44762E+01   0.64384E+22
   0.93281E+04   0.33897E+04   0.44767E+01   0.64391E+22
   0.93296E+04   0.33902E+04   0.44772E+01   0.64398E+22
   0.93310E+04   0.33908E+04   0.44777E+01   0.64405E+22
   0.93324E+04   0.33913E+04   0.44782E+01   0.64412E+22
   0.93338E+04   0.33918E+04   0.44787E+01   0.64419E+22
   0.93352E+04   0.33923E+04   0.44792E+01   0.64426E+22
   0.93367E+04   0.33928E+04   0.44797E+01   0.64433E+22
   0.93381E+04   0.33933E+04   0.44802E+01   0.64441E+22
   0.93395E+04   0.33938E+04   0.44807E+01   0.64448E+22
   0.93409E+04   0.33944E+04   0.44812E+01   0.64455E+22
   0.93423E+04   0.33949E+04   0.44817E+01   0.64462E+22
   0.93438E+04   0.33954E+04   0.44822E+01   0.64469E+22
   0.93452E+04   0.33959E+04   0.44827E+01   0.64476E+22
   0.93466E+04   0.33964E+04   0.44832E+01   0.64483E+22
   0.93480E+04   0.33969E+04   0.44837E+01   0.64490E+22
   0.93494E+04   0.33975E+04   0.44842E+01   0.64497E+22
   0.93509E+04   0.33980E+04   0.44847E+01   0.64504E+22
   0.93523E+04   0.33985E+04   0.44852E+01   0.64511E+22
   0.93537E+04   0.33990E+04   0.44857E+01   0.64518E+22
   0.93551E+04   0.33995E+04   0.44862E+01   0.64525E+22
   0.93566E+04   0.34000E+04   0.44867E+01   0.64532E+22
   0.93580E+04   0.34005E+04   0.44872E+01   0.64539E+22
   0.93594E+04   0.34011E+04   0.44877E+01   0.64547E+22
   0.93608E+04   0.34016E+04   0.44882E+01   0.64554E+22
   0.93622E+04   0.34021E+04   0.44887E+01   0.64561E+22
   0.93637E+04   0.34026E+04   0.44892E+01   0.64568E+22
   0.93651E+04   0.34031E+04   0.44897E+01   0.64575E+22
   0.93665E+04   0.34036E+04   0.44902E+01   0.64582E+22
   0.93679E+04   0.34041E+04   0.44907E+01   0.64589E+22
   0.93693E+04   0.34047E+04   0.44912E+01   0.64596E+22
   0.93708E+04   0.34052E+04   0.44917E+01   0.64603E+22
   0.93722E+04   0.34057E+04   0.44922E+01   0.64610E+22
   0.93736E+04   0.34062E+04   0.44927E+01   0.64617E+22
   0.93750E+04   0.34067E+04   0.44932E+01   0.64624E+22
   0.93765E+04   0.34072E+04   0.44937E+01   0.64631E+22
   0.93779E+04   0.34077E+04   0.44942E+01   0.64638E+22
   0.93793E+04   0.34083E+04   0.44947E+01   0.64645E+22
   0.93807E+04   0.34088E+04   0.44952E+01   0.64653E+22
   0.93821E+04   0.34093E+04   0.44957E+01   0.64660E+22
   0.93836E+04   0.34098E+04   0.44962E+01   0.64667E+22
   0.93850E+04   0.34103E+04   0.44967E+01   0.64674E+22
   0.93864E+04   0.34108E+04   0.44972E+01   0.64681E+22
   0.93878E+04   0.34114E+04   0.44977E+01   0.64688E+22
   0.93893E+04   0.34119E+04   0.44982E+01   0.64695E+22
   0.93907E+04   0.34124E+04   0.44987E+01   0.64702E+22
   0.93921E+04   0.34129E+04   0.44992E+01   0.64709E+22
   0.93935E+04   0.34134E+04   0.44997E+01   0.64716E+22
   0.93950E+04   0.34139E+04   0.45002E+01   0.64723E+22
   0.93964E+04   0.34144E+04   0.45007E+01   0.64730E+22
   0.93978E+04   0.34150E+04   0.45012E+01   0.64737E+22
   0.93992E+04   0.34155E+04   0.45017E+01   0.64744E+22
   0.94006E+04   0.34160E+04   0.45022E+01   0.64752E+22
   0.94021E+04   0.34165E+04   0.45027E+01   0.64759E+22
   0.94035E+04   0.34170E+04   0.45032E+01   0.64766E+22
   0.94049E+04   0.34175E+04   0.45037E+01   0.64773E+22
   0.94063E+04   0.34181E+04   0.45042E+01   0.64780E+22
   0.94078E+04   0.34186E+04   0.45047E+01   0.64787E+22
   0.94092E+04   0.34191E+04   0.45052E+01   0.64794E+22
   0.94106E+04   0.34196E+04   0.45057E+01   0.64801E+22
   0.94120E+04   0.34201E+04   0.45062E+01   0.64808E+22
   0.94135E+04   0.34206E+04   0.45067E+01   0.64815E+22
   0.94149E+04   0.34211E+04   0.45072E+01   0.64822E+22
   0.94163E+04   0.34217E+04   0.45077E+01   0.64829E+22
   0.94177E+04   0.34222E+04   0.45082E+01   0.64836E+22
   0.94192E+04   0.34227E+04   0.45087E+01   0.64843E+22
   0.94206E+04   0.34232E+04   0.45092E+01   0.64850E+22
   0.94220E+04   0.34237E+04   0.45097E+01   0.64858E+22
   0.94234E+04   0.34242E+04   0.45102E+01   0.64865E+22
   0.94249E+04   0.34248E+04   0.45107E+01   0.64872E+22
   0.94263E+04   0.34253E+04   0.45112E+01   0.64879E+22
   0.94277E+04   0.34258E+04   0.45117E+01   0.64886E+22
   0.94291E+04   0.34263E+04   0.45122E+01   0.64893E+22
   0.94306E+04   0.34268E+04   0.45127E+01   0.64900E+22
   0.94320E+04   0.34273E+04   0.45132E+01   0.64907E+22
   0.94334E+04   0.34279E+04   0.45137E+01   0.64914E+22
   0.94348E+04   0.34284E+04   0.45142E+01   0.64921E+22
   0.94363E+04   0.34289E+04   0.45147E+01   0.64928E+22
   0.94377E+04   0.34294E+04   0.45152E+01   0.64935E+22
   0.94391E+04   0.34299E+04   0.45157E+01   0.64942E+22
   0.94405E+04   0.34304E+04   0.45162E+01   0.64949E+22
   0.94420E+04   0.34309E+04   0.45167E+01   0.64957E+22
   0.94434E+04   0.34315E+04   0.45172E+01   0.64964E+22
   0.94448E+04   0.34320E+04   0.45177E+01   0.64971E+22
   0.94462E+04   0.34325E+04   0.45182E+01   0.64978E+22
   0.94477E+04   0.34330E+04   0.45187E+01   0.64985E+22
   0.94491E+04   0.34335E+04   0.45192E+01   0.64992E+22
   0.94505E+04   0.34340E+04   0.45197E+01   0.64999E+22
   0.94519E+04   0.34346E+04   0.45202E+01   0.65006E+22
   0.94534E+04   0.34351E+04   0.45207E+01   0.65013E+22
   0.94548E+04   0.34356E+04   0.45212E+01   0.65020E+22
   0.94562E+04   0.34361E+04   0.45217E+01   0.65027E+22
   0.94576E+04   0.34366E+04   0.45222E+01   0.65034E+22
   0.94591E+04   0.34371E+04   0.45227E+01   0.65041E+22
   0.94605E+04   0.34377E+04   0.45232E+01   0.65048E+22
   0.94619E+04   0.34382E+04   0.45237E+01   0.65055E+22
   0.94633E+04   0.34387E+04   0.45242E+01   0.65063E+22
   0.94648E+04   0.34392E+04   0.45247E+01   0.65070E+22
   0.94662E+04   0.34397E+04   0.45252E+01   0.65077E+22
   0.94676E+04   0.34402E+04   0.45257E+01   0.65084E+22
   0.94690E+04   0.34408E+04   0.45262E+01   0.65091E+22
   0.94705E+04   0.34413E+04   0.45267E+01   0.65098E+22
   0.94719E+04   0.34418E+04   0.45272E+01   0.65105E+22
   0.94733E+04   0.34423E+04   0.45277E+01   0.65112E+22
   0.94747E+04   0.34428E+04   0.45282E+01   0.65119E+22
   0.94762E+04   0.34433E+04   0.45287E+01   0.65126E+22
   0.94776E+04   0.34439E+04   0.45292E+01   0.65133E+22
   0.94790E+04   0.34444E+04   0.45297E+01   0.65140E+22
   0.94804E+04   0.34449E+04   0.45302E+01   0.65147E+22
   0.94819E+04   0.34454E+04   0.45307E+01   0.65154E+22
   0.94833E+04   0.34459E+04   0.45312E+01   0.65162E+22
   0.94847E+04   0.34464E+04   0.45317E+01   0.65169E+22
   0.94862E+04   0.34469E+04   0.45322E+01   0.65176E+22
   0.94876E+04   0.34475E+04   0.45327E+01   0.65183E+22
   0.94890E+04   0.34480E+04   0.45332E+01   0.65190E+22
   0.94904E+04   0.34485E+04   0.45337E+01   0.65197E+22
   0.94919E+04   0.34490E+04   0.45342E+01   0.65204E+22
   0.94933E+04   0.34495E+04   0.45347E+01   0.65211E+22
   0.94947E+04   0.34500E+04   0.45352E+01   0.65218E+22
   0.94961E+04   0.34506E+04   0.45357E+01   0.65225E+22
   0.94976E+04   0.34511E+04   0.45362E+01   0.65232E+22
   0.94990E+04   0.34516E+04   0.45367E+01   0.65239E+22
   0.95004E+04   0.34521E+04   0.45372E+01   0.65246E+22
   0.95019E+04   0.34526E+04   0.45377E+01   0.65253E+22
   0.95033E+04   0.34531E+04   0.45382E+01   0.65260E+22
   0.95047E+04   0.34537E+04   0.45387E+01   0.65268E+22
   0.95061E+04   0.34542E+04   0.45392E+01   0.65275E+22
   0.95076E+04   0.34547E+04   0.45397E+01   0.65282E+22
   0.95090E+04   0.34552E+04   0.45402E+01   0.65289E+22
   0.95104E+04   0.34557E+04   0.45407E+01   0.65296E+22
   0.95118E+04   0.34562E+04   0.45412E+01   0.65303E+22
   0.95133E+04   0.34568E+04   0.45417E+01   0.65310E+22
   0.95147E+04   0.34573E+04   0.45422E+01   0.65317E+22
   0.95161E+04   0.34578E+04   0.45427E+01   0.65324E+22
   0.95176E+04   0.34583E+04   0.45432E+01   0.65331E+22
   0.95190E+04   0.34588E+04   0.45437E+01   0.65338E+22
   0.95204E+04   0.34594E+04   0.45442E+01   0.65345E+22
   0.95218E+04   0.34599E+04   0.45447E+01   0.65352E+22
   0.95233E+04   0.34604E+04   0.45452E+01   0.65359E+22
   0.95247E+04   0.34609E+04   0.45457E+01   0.65367E+22
   0.95261E+04   0.34614E+04   0.45462E+01   0.65374E+22
   0.95276E+04   0.34619E+04   0.45467E+01   0.65381E+22
   0.95290E+04   0.34625E+04   0.45472E+01   0.65388E+22
   0.95304E+04   0.34630E+04   0.45477E+01   0.65395E+22
   0.95318E+04   0.34635E+04   0.45482E+01   0.65402E+22
   0.95333E+04   0.34640E+04   0.45487E+01   0.65409E+22
   0.95347E+04   0.34645E+04   0.45492E+01   0.65416E+22
   0.95361E+04   0.34650E+04   0.45497E+01   0.65423E+22
   0.95376E+04   0.34656E+04   0.45502E+01   0.65430E+22
   0.95390E+04   0.34661E+04   0.45507E+01   0.65437E+22
   0.95404E+04   0.34666E+04   0.45512E+01   0.65444E+22
   0.95418E+04   0.34671E+04   0.45517E+01   0.65451E+22
   0.95433E+04   0.34676E+04   0.45522E+01   0.65458E+22
   0.95447E+04   0.34681E+04   0.45527E+01   0.65465E+22
   0.95461E+04   0.34687E+04   0.45532E+01   0.65473E+22
   0.95476E+04   0.34692E+04   0.45537E+01   0.65480E+22
   0.95490E+04   0.34697E+04   0.45542E+01   0.65487E+22
   0.95504E+04   0.34702E+04   0.45547E+01   0.65494E+22
   0.95518E+04   0.34707E+04   0.45552E+01   0.65501E+22
   0.95533E+04   0.34712E+04   0.45557E+01   0.65508E+22
   0.95547E+04   0.34718E+04   0.45562E+01   0.65515E+22
   0.95561E+04   0.34723E+04   0.45567E+01   0.65522E+22
   0.95576E+04   0.34728E+04   0.45572E+01   0.65529E+22
   0.95590E+04   0.34733E+04   0.45577E+01   0.65536E+22
   0.95604E+04   0.34738E+04   0.45582E+01   0.65543E+22
   0.95619E+04   0.34743E+04   0.45587E+01   0.65550E+22
   0.95633E+04   0.34749E+04   0.45592E+01   0.65557E+22
   0.95647E+04   0.34754E+04   0.45597E+01   0.65564E+22
   0.95661E+04   0.34759E+04   0.45602E+01   0.65572E+22
   0.95676E+04   0.34764E+04   0.45607E+01   0.65579E+22
   0.95690E+04   0.34769E+04   0.45612E+01   0.65586E+22
   0.95704E+04   0.34775E+04   0.45617E+01   0.65593E+22
   0.95719E+04   0.34780E+04   0.45622E+01   0.65600E+22
   0.95733E+04   0.34785E+04   0.45627E+01   0.65607E+22
   0.95747E+04   0.34790E+04   0.45632E+01   0.65614E+22
   0.95762E+04   0.34795E+04   0.45637E+01   0.65621E+22
   0.95776E+04   0.34800E+04   0.45642E+01   0.65628E+22
   0.95790E+04   0.34806E+04   0.45647E+01   0.65635E+22
   0.95804E+04   0.34811E+04   0.45652E+01   0.65642E+22
   0.95819E+04   0.34816E+04   0.45657E+01   0.65649E+22
   0.95833E+04   0.34821E+04   0.45662E+01   0.65656E+22
   0.95847E+04   0.34826E+04   0.45667E+01   0.65663E+22
   0.95862E+04   0.34831E+04   0.45672E+01   0.65671E+22
   0.95876E+04   0.34837E+04   0.45677E+01   0.65678E+22
   0.95890E+04   0.34842E+04   0.45682E+01   0.65685E+22
   0.95905E+04   0.34847E+04   0.45687E+01   0.65692E+22
   0.95919E+04   0.34852E+04   0.45692E+01   0.65699E+22
   0.95933E+04   0.34857E+04   0.45697E+01   0.65706E+22
   0.95948E+04   0.34863E+04   0.45702E+01   0.65713E+22
   0.95962E+04   0.34868E+04   0.45707E+01   0.65720E+22
   0.95976E+04   0.34873E+04   0.45712E+01   0.65727E+22
   0.95990E+04   0.34878E+04   0.45717E+01   0.65734E+22
   0.96005E+04   0.34883E+04   0.45722E+01   0.65741E+22
   0.96019E+04   0.34888E+04   0.45727E+01   0.65748E+22
   0.96033E+04   0.34894E+04   0.45732E+01   0.65755E+22
   0.96048E+04   0.34899E+04   0.45737E+01   0.65762E+22
   0.96062E+04   0.34904E+04   0.45742E+01   0.65769E+22
   0.96076E+04   0.34909E+04   0.45747E+01   0.65777E+22
   0.96091E+04   0.34914E+04   0.45752E+01   0.65784E+22
   0.96105E+04   0.34919E+04   0.45757E+01   0.65791E+22
   0.96119E+04   0.34925E+04   0.45762E+01   0.65798E+22
   0.96134E+04   0.34930E+04   0.45767E+01   0.65805E+22
   0.96148E+04   0.34935E+04   0.45772E+01   0.65812E+22
   0.96162E+04   0.34940E+04   0.45777E+01   0.65819E+22
   0.96177E+04   0.34945E+04   0.45782E+01   0.65826E+22
   0.96191E+04   0.34951E+04   0.45787E+01   0.65833E+22
   0.96205E+04   0.34956E+04   0.45792E+01   0.65840E+22
   0.96220E+04   0.34961E+04   0.45797E+01   0.65847E+22
   0.96234E+04   0.34966E+04   0.45802E+01   0.65854E+22
   0.96248E+04   0.34971E+04   0.45807E+01   0.65861E+22
   0.96263E+04   0.34976E+04   0.45812E+01   0.65868E+22
   0.96277E+04   0.34982E+04   0.45817E+01   0.65876E+22
   0.96291E+04   0.34987E+04   0.45822E+01   0.65883E+22
   0.96306E+04   0.34992E+04   0.45827E+01   0.65890E+22
   0.96320E+04   0.34997E+04   0.45832E+01   0.65897E+22
   0.96334E+04   0.35002E+04   0.45837E+01   0.65904E+22
   0.96348E+04   0.35008E+04   0.45842E+01   0.65911E+22
   0.96363E+04   0.35013E+04   0.45847E+01   0.65918E+22
   0.96377E+04   0.35018E+04   0.45852E+01   0.65925E+22
   0.96391E+04   0.35023E+04   0.45857E+01   0.65932E+22
   0.96406E+04   0.35028E+04   0.45862E+01   0.65939E+22
   0.96420E+04   0.35033E+04   0.45867E+01   0.65946E+22
   0.96434E+04   0.35039E+04   0.45872E+01   0.65953E+22
   0.96449E+04   0.35044E+04   0.45877E+01   0.65960E+22
   0.96463E+04   0.35049E+04   0.45882E+01   0.65967E+22
   0.96477E+04   0.35054E+04   0.45887E+01   0.65974E+22
   0.96492E+04   0.35059E+04   0.45892E+01   0.65982E+22
   0.96506E+04   0.35065E+04   0.45897E+01   0.65989E+22
   0.96520E+04   0.35070E+04   0.45902E+01   0.65996E+22
   0.96535E+04   0.35075E+04   0.45907E+01   0.66003E+22
   0.96549E+04   0.35080E+04   0.45912E+01   0.66010E+22
   0.96563E+04   0.35085E+04   0.45917E+01   0.66017E+22
   0.96578E+04   0.35091E+04   0.45922E+01   0.66024E+22
   0.96592E+04   0.35096E+04   0.45927E+01   0.66031E+22
   0.96606E+04   0.35101E+04   0.45932E+01   0.66038E+22
   0.96621E+04   0.35106E+04   0.45937E+01   0.66045E+22
   0.96635E+04   0.35111E+04   0.45942E+01   0.66052E+22
   0.96649E+04   0.35116E+04   0.45947E+01   0.66059E+22
   0.96664E+04   0.35122E+04   0.45952E+01   0.66066E+22
   0.96678E+04   0.35127E+04   0.45957E+01   0.66073E+22
   0.96693E+04   0.35132E+04   0.45962E+01   0.66081E+22
   0.96707E+04   0.35137E+04   0.45967E+01   0.66088E+22
   0.96721E+04   0.35142E+04   0.45972E+01   0.66095E+22
   0.96736E+04   0.35148E+04   0.45977E+01   0.66102E+22
   0.96750E+04   0.35153E+04   0.45982E+01   0.66109E+22
   0.96764E+04   0.35158E+04   0.45987E+01   0.66116E+22
   0.96779E+04   0.35163E+04   0.45992E+01   0.66123E+22
   0.96793E+04   0.35168E+04   0.45997E+01   0.66130E+22
   0.96807E+04   0.35174E+04   0.46002E+01   0.66137E+22
   0.96822E+04   0.35179E+04   0.46007E+01   0.66144E+22
   0.96836E+04   0.35184E+04   0.46012E+01   0.66151E+22
   0.96850E+04   0.35189E+04   0.46017E+01   0.66158E+22
   0.96865E+04   0.35194E+04   0.46022E+01   0.66165E+22
   0.96879E+04   0.35199E+04   0.46027E+01   0.66172E+22
   0.96893E+04   0.35205E+04   0.46032E+01   0.66180E+22
   0.96908E+04   0.35210E+04   0.46037E+01   0.66187E+22
   0.96922E+04   0.35215E+04   0.46042E+01   0.66194E+22
   0.96936E+04   0.35220E+04   0.46047E+01   0.66201E+22
   0.96951E+04   0.35225E+04   0.46052E+01   0.66208E+22
   0.96965E+04   0.35231E+04   0.46057E+01   0.66215E+22
   0.96979E+04   0.35236E+04   0.46062E+01   0.66222E+22
   0.96994E+04   0.35241E+04   0.46067E+01   0.66229E+22
   0.97008E+04   0.35246E+04   0.46072E+01   0.66236E+22
   0.97022E+04   0.35251E+04   0.46077E+01   0.66243E+22
   0.97037E+04   0.35257E+04   0.46082E+01   0.66250E+22
   0.97051E+04   0.35262E+04   0.46087E+01   0.66257E+22
   0.97066E+04   0.35267E+04   0.46092E+01   0.66264E+22
   0.97080E+04   0.35272E+04   0.46097E+01   0.66271E+22
   0.97094E+04   0.35277E+04   0.46102E+01   0.66278E+22
   0.97109E+04   0.35283E+04   0.46107E+01   0.66286E+22
   0.97123E+04   0.35288E+04   0.46112E+01   0.66293E+22
   0.97137E+04   0.35293E+04   0.46117E+01   0.66300E+22
   0.97152E+04   0.35298E+04   0.46122E+01   0.66307E+22
   0.97166E+04   0.35303E+04   0.46127E+01   0.66314E+22
   0.97180E+04   0.35308E+04   0.46132E+01   0.66321E+22
   0.97195E+04   0.35314E+04   0.46137E+01   0.66328E+22
   0.97209E+04   0.35319E+04   0.46142E+01   0.66335E+22
   0.97223E+04   0.35324E+04   0.46147E+01   0.66342E+22
   0.97238E+04   0.35329E+04   0.46152E+01   0.66349E+22
   0.97252E+04   0.35334E+04   0.46157E+01   0.66356E+22
   0.97267E+04   0.35340E+04   0.46162E+01   0.66363E+22
   0.97281E+04   0.35345E+04   0.46167E+01   0.66370E+22
   0.97295E+04   0.35350E+04   0.46172E+01   0.66377E+22
   0.97310E+04   0.35355E+04   0.46177E+01   0.66385E+22
   0.97324E+04   0.35360E+04   0.46182E+01   0.66392E+22
   0.97338E+04   0.35366E+04   0.46187E+01   0.66399E+22
   0.97353E+04   0.35371E+04   0.46192E+01   0.66406E+22
   0.97367E+04   0.35376E+04   0.46197E+01   0.66413E+22
   0.97382E+04   0.35381E+04   0.46202E+01   0.66420E+22
   0.97396E+04   0.35386E+04   0.46207E+01   0.66427E+22
   0.97410E+04   0.35392E+04   0.46212E+01   0.66434E+22
   0.97425E+04   0.35397E+04   0.46217E+01   0.66441E+22
   0.97439E+04   0.35402E+04   0.46222E+01   0.66448E+22
   0.97453E+04   0.35407E+04   0.46227E+01   0.66455E+22
   0.97468E+04   0.35412E+04   0.46232E+01   0.66462E+22
   0.97482E+04   0.35418E+04   0.46237E+01   0.66469E+22
   0.97496E+04   0.35423E+04   0.46242E+01   0.66476E+22
   0.97511E+04   0.35428E+04   0.46247E+01   0.66484E+22
   0.97525E+04   0.35433E+04   0.46252E+01   0.66491E+22
   0.97540E+04   0.35438E+04   0.46257E+01   0.66498E+22
   0.97554E+04   0.35444E+04   0.46262E+01   0.66505E+22
   0.97568E+04   0.35449E+04   0.46267E+01   0.66512E+22
   0.97583E+04   0.35454E+04   0.46272E+01   0.66519E+22
   0.97597E+04   0.35459E+04   0.46277E+01   0.66526E+22
   0.97611E+04   0.35464E+04   0.46282E+01   0.66533E+22
   0.97626E+04   0.35470E+04   0.46287E+01   0.66540E+22
   0.97640E+04   0.35475E+04   0.46292E+01   0.66547E+22
   0.97655E+04   0.35480E+04   0.46297E+01   0.66554E+22
   0.97669E+04   0.35485E+04   0.46302E+01   0.66561E+22
   0.97683E+04   0.35490E+04   0.46307E+01   0.66568E+22
   0.97698E+04   0.35496E+04   0.46312E+01   0.66575E+22
   0.97712E+04   0.35501E+04   0.46317E+01   0.66582E+22
   0.97726E+04   0.35506E+04   0.46322E+01   0.66590E+22
   0.97741E+04   0.35511E+04   0.46327E+01   0.66597E+22
   0.97755E+04   0.35516E+04   0.46332E+01   0.66604E+22
   0.97770E+04   0.35522E+04   0.46337E+01   0.66611E+22
   0.97784E+04   0.35527E+04   0.46342E+01   0.66618E+22
   0.97798E+04   0.35532E+04   0.46347E+01   0.66625E+22
   0.97813E+04   0.35537E+04   0.46352E+01   0.66632E+22
   0.97827E+04   0.35542E+04   0.46357E+01   0.66639E+22
   0.97842E+04   0.35548E+04   0.46362E+01   0.66646E+22
   0.97856E+04   0.35553E+04   0.46367E+01   0.66653E+22
   0.97870E+04   0.35558E+04   0.46372E+01   0.66660E+22
   0.97885E+04   0.35563E+04   0.46377E+01   0.66667E+22
   0.97899E+04   0.35568E+04   0.46382E+01   0.66674E+22
   0.97913E+04   0.35574E+04   0.46387E+01   0.66681E+22
   0.97928E+04   0.35579E+04   0.46392E+01   0.66689E+22
   0.97942E+04   0.35584E+04   0.46397E+01   0.66696E+22
   0.97957E+04   0.35589E+04   0.46402E+01   0.66703E+22
   0.97971E+04   0.35594E+04   0.46407E+01   0.66710E+22
   0.97985E+04   0.35600E+04   0.46412E+01   0.66717E+22
   0.98000E+04   0.35605E+04   0.46417E+01   0.66724E+22
   0.98014E+04   0.35610E+04   0.46422E+01   0.66731E+22
   0.98029E+04   0.35615E+04   0.46427E+01   0.66738E+22
   0.98043E+04   0.35620E+04   0.46432E+01   0.66745E+22
   0.98057E+04   0.35626E+04   0.46437E+01   0.66752E+22
   0.98072E+04   0.35631E+04   0.46442E+01   0.66759E+22
   0.98086E+04   0.35636E+04   0.46447E+01   0.66766E+22
   0.98101E+04   0.35641E+04   0.46452E+01   0.66773E+22
   0.98115E+04   0.35646E+04   0.46457E+01   0.66780E+22
   0.98129E+04   0.35652E+04   0.46462E+01   0.66788E+22
   0.98144E+04   0.35657E+04   0.46467E+01   0.66795E+22
   0.98158E+04   0.35662E+04   0.46472E+01   0.66802E+22
   0.98173E+04   0.35667E+04   0.46477E+01   0.66809E+22
   0.98187E+04   0.35672E+04   0.46482E+01   0.66816E+22
   0.98201E+04   0.35678E+04   0.46487E+01   0.66823E+22
   0.98216E+04   0.35683E+04   0.46492E+01   0.66830E+22
   0.98230E+04   0.35688E+04   0.46497E+01   0.66837E+22
   0.98245E+04   0.35693E+04   0.46502E+01   0.66844E+22
   0.98259E+04   0.35698E+04   0.46507E+01   0.66851E+22
   0.98273E+04   0.35704E+04   0.46512E+01   0.66858E+22
   0.98288E+04   0.35709E+04   0.46517E+01   0.66865E+22
   0.98302E+04   0.35714E+04   0.46522E+01   0.66872E+22
   0.98317E+04   0.35719E+04   0.46527E+01   0.66879E+22
   0.98331E+04   0.35725E+04   0.46532E+01   0.66887E+22
   0.98345E+04   0.35730E+04   0.46537E+01   0.66894E+22
   0.98360E+04   0.35735E+04   0.46542E+01   0.66901E+22
   0.98374E+04   0.35740E+04   0.46547E+01   0.66908E+22
   0.98389E+04   0.35745E+04   0.46552E+01   0.66915E+22
   0.98403E+04   0.35751E+04   0.46557E+01   0.66922E+22
   0.98417E+04   0.35756E+04   0.46562E+01   0.66929E+22
   0.98432E+04   0.35761E+04   0.46567E+01   0.66936E+22
   0.98446E+04   0.35766E+04   0.46572E+01   0.66943E+22
   0.98461E+04   0.35771E+04   0.46577E+01   0.66950E+22
   0.98475E+04   0.35777E+04   0.46582E+01   0.66957E+22
   0.98489E+04   0.35782E+04   0.46587E+01   0.66964E+22
   0.98504E+04   0.35787E+04   0.46592E+01   0.66971E+22
   0.98518E+04   0.35792E+04   0.46597E+01   0.66978E+22
   0.98533E+04   0.35797E+04   0.46602E+01   0.66985E+22
   0.98547E+04   0.35803E+04   0.46607E+01   0.66993E+22
   0.98562E+04   0.35808E+04   0.46612E+01   0.67000E+22
   0.98576E+04   0.35813E+04   0.46617E+01   0.67007E+22
   0.98590E+04   0.35818E+04   0.46622E+01   0.67014E+22
   0.98605E+04   0.35823E+04   0.46627E+01   0.67021E+22
   0.98619E+04   0.35829E+04   0.46632E+01   0.67028E+22
   0.98634E+04   0.35834E+04   0.46637E+01   0.67035E+22
   0.98648E+04   0.35839E+04   0.46642E+01   0.67042E+22
   0.98662E+04   0.35844E+04   0.46647E+01   0.67049E+22
   0.98677E+04   0.35850E+04   0.46652E+01   0.67056E+22
   0.98691E+04   0.35855E+04   0.46657E+01   0.67063E+22
   0.98706E+04   0.35860E+04   0.46662E+01   0.67070E+22
   0.98720E+04   0.35865E+04   0.46667E+01   0.67077E+22
   0.98735E+04   0.35870E+04   0.46672E+01   0.67084E+22
   0.98749E+04   0.35876E+04   0.46677E+01   0.67092E+22
   0.98763E+04   0.35881E+04   0.46682E+01   0.67099E+22
   0.98778E+04   0.35886E+04   0.46687E+01   0.67106E+22
   0.98792E+04   0.35891E+04   0.46692E+01   0.67113E+22
   0.98807E+04   0.35896E+04   0.46697E+01   0.67120E+22
   0.98821E+04   0.35902E+04   0.46702E+01   0.67127E+22
   0.98836E+04   0.35907E+04   0.46707E+01   0.67134E+22
   0.98850E+04   0.35912E+04   0.46712E+01   0.67141E+22
   0.98864E+04   0.35917E+04   0.46717E+01   0.67148E+22
   0.98879E+04   0.35923E+04   0.46722E+01   0.67155E+22
   0.98893E+04   0.35928E+04   0.46727E+01   0.67162E+22
   0.98908E+04   0.35933E+04   0.46732E+01   0.67169E+22
   0.98922E+04   0.35938E+04   0.46737E+01   0.67176E+22
   0.98936E+04   0.35943E+04   0.46742E+01   0.67183E+22
   0.98951E+04   0.35949E+04   0.46747E+01   0.67191E+22
   0.98965E+04   0.35954E+04   0.46752E+01   0.67198E+22
   0.98980E+04   0.35959E+04   0.46757E+01   0.67205E+22
   0.98994E+04   0.35964E+04   0.46762E+01   0.67212E+22
   0.99009E+04   0.35969E+04   0.46767E+01   0.67219E+22
   0.99023E+04   0.35975E+04   0.46772E+01   0.67226E+22
   0.99038E+04   0.35980E+04   0.46777E+01   0.67233E+22
   0.99052E+04   0.35985E+04   0.46782E+01   0.67240E+22
   0.99066E+04   0.35990E+04   0.46787E+01   0.67247E+22
   0.99081E+04   0.35996E+04   0.46792E+01   0.67254E+22
   0.99095E+04   0.36001E+04   0.46797E+01   0.67261E+22
   0.99110E+04   0.36006E+04   0.46802E+01   0.67268E+22
   0.99124E+04   0.36011E+04   0.46807E+01   0.67275E+22
   0.99139E+04   0.36016E+04   0.46812E+01   0.67282E+22
   0.99153E+04   0.36022E+04   0.46817E+01   0.67290E+22
   0.99167E+04   0.36027E+04   0.46822E+01   0.67297E+22
   0.99182E+04   0.36032E+04   0.46827E+01   0.67304E+22
   0.99196E+04   0.36037E+04   0.46832E+01   0.67311E+22
   0.99211E+04   0.36042E+04   0.46837E+01   0.67318E+22
   0.99225E+04   0.36048E+04   0.46842E+01   0.67325E+22
   0.99240E+04   0.36053E+04   0.46847E+01   0.67332E+22
   0.99254E+04   0.36058E+04   0.46852E+01   0.67339E+22
   0.99268E+04   0.36063E+04   0.46857E+01   0.67346E+22
   0.99283E+04   0.36069E+04   0.46862E+01   0.67353E+22
   0.99297E+04   0.36074E+04   0.46867E+01   0.67360E+22
   0.99312E+04   0.36079E+04   0.46872E+01   0.67367E+22
   0.99326E+04   0.36084E+04   0.46877E+01   0.67374E+22
   0.99341E+04   0.36089E+04   0.46882E+01   0.67381E+22
   0.99355E+04   0.36095E+04   0.46887E+01   0.67388E+22
   0.99370E+04   0.36100E+04   0.46892E+01   0.67396E+22
   0.99384E+04   0.36105E+04   0.46897E+01   0.67403E+22
   0.99398E+04   0.36110E+04   0.46902E+01   0.67410E+22
   0.99413E+04   0.36116E+04   0.46907E+01   0.67417E+22
   0.99427E+04   0.36121E+04   0.46912E+01   0.67424E+22
   0.99442E+04   0.36126E+04   0.46917E+01   0.67431E+22
   0.99456E+04   0.36131E+04   0.46922E+01   0.67438E+22
   0.99471E+04   0.36136E+04   0.46927E+01   0.67445E+22
   0.99485E+04   0.36142E+04   0.46932E+01   0.67452E+22
   0.99500E+04   0.36147E+04   0.46937E+01   0.67459E+22
   0.99514E+04   0.36152E+04   0.46942E+01   0.67466E+22
   0.99529E+04   0.36157E+04   0.46947E+01   0.67473E+22
   0.99543E+04   0.36163E+04   0.46952E+01   0.67480E+22
   0.99557E+04   0.36168E+04   0.46957E+01   0.67487E+22
   0.99572E+04   0.36173E+04   0.46962E+01   0.67495E+22
   0.99586E+04   0.36178E+04   0.46967E+01   0.67502E+22
   0.99601E+04   0.36183E+04   0.46972E+01   0.67509E+22
   0.99615E+04   0.36189E+04   0.46977E+01   0.67516E+22
   0.99630E+04   0.36194E+04   0.46982E+01   0.67523E+22
   0.99644E+04   0.36199E+04   0.46987E+01   0.67530E+22
   0.99659E+04   0.36204E+04   0.46992E+01   0.67537E+22
   0.99673E+04   0.36210E+04   0.46997E+01   0.67544E+22
   0.99688E+04   0.36215E+04   0.47002E+01   0.67551E+22
   0.99702E+04   0.36220E+04   0.47007E+01   0.67558E+22
   0.99716E+04   0.36225E+04   0.47012E+01   0.67565E+22
   0.99731E+04   0.36230E+04   0.47017E+01   0.67572E+22
   0.99745E+04   0.36236E+04   0.47022E+01   0.67579E+22
   0.99760E+04   0.36241E+04   0.47027E+01   0.67586E+22
   0.99774E+04   0.36246E+04   0.47032E+01   0.67594E+22
   0.99789E+04   0.36251E+04   0.47037E+01   0.67601E+22
   0.99803E+04   0.36257E+04   0.47042E+01   0.67608E+22
   0.99818E+04   0.36262E+04   0.47047E+01   0.67615E+22
   0.99832E+04   0.36267E+04   0.47052E+01   0.67622E+22
   0.99847E+04   0.36272E+04   0.47057E+01   0.67629E+22
   0.99861E+04   0.36277E+04   0.47062E+01   0.67636E+22
   0.99875E+04   0.36283E+04   0.47067E+01   0.67643E+22
   0.99890E+04   0.36288E+04   0.47072E+01   0.67650E+22
   0.99904E+04   0.36293E+04   0.47077E+01   0.67657E+22
   0.99919E+04   0.36298E+04   0.47082E+01   0.67664E+22
   0.99933E+04   0.36304E+04   0.47087E+01   0.67671E+22
   0.99948E+04   0.36309E+04   0.47092E+01   0.67678E+22
   0.99962E+04   0.36314E+04   0.47097E+01   0.67685E+22
   0.99977E+04   0.36319E+04   0.47102E+01   0.67693E+22
   0.99991E+04   0.36324E+04   0.47107E+01   0.67700E+22
   0.10001E+05   0.36330E+04   0.47112E+01   0.67707E+22
   0.10002E+05   0.36335E+04   0.47117E+01   0.67714E+22
   0.10003E+05   0.36340E+04   0.47122E+01   0.67721E+22
   0.10005E+05   0.36345E+04   0.47127E+01   0.67728E+22
   0.10006E+05   0.36351E+04   0.47132E+01   0.67735E+22
   0.10008E+05   0.36356E+04   0.47137E+01   0.67742E+22
   0.10009E+05   0.36361E+04   0.47142E+01   0.67749E+22
   0.10011E+05   0.36366E+04   0.47147E+01   0.67756E+22
   0.10012E+05   0.36372E+04   0.47152E+01   0.67763E+22
   0.10014E+05   0.36377E+04   0.47157E+01   0.67770E+22
   0.10015E+05   0.36382E+04   0.47162E+01   0.67777E+22
   0.10016E+05   0.36387E+04   0.47167E+01   0.67784E+22
   0.10018E+05   0.36392E+04   0.47172E+01   0.67792E+22
   0.10019E+05   0.36398E+04   0.47177E+01   0.67799E+22
   0.10021E+05   0.36403E+04   0.47182E+01   0.67806E+22
   0.10022E+05   0.36408E+04   0.47187E+01   0.67813E+22
   0.10024E+05   0.36413E+04   0.47192E+01   0.67820E+22
   0.10025E+05   0.36419E+04   0.47197E+01   0.67827E+22
   0.10027E+05   0.36424E+04   0.47202E+01   0.67834E+22
   0.10028E+05   0.36429E+04   0.47207E+01   0.67841E+22
   0.10030E+05   0.36434E+04   0.47212E+01   0.67848E+22
   0.10031E+05   0.36440E+04   0.47217E+01   0.67855E+22
   0.10032E+05   0.36445E+04   0.47222E+01   0.67862E+22
   0.10034E+05   0.36450E+04   0.47227E+01   0.67869E+22
   0.10035E+05   0.36455E+04   0.47232E+01   0.67876E+22
   0.10037E+05   0.36460E+04   0.47237E+01   0.67883E+22
   0.10038E+05   0.36466E+04   0.47242E+01   0.67891E+22
   0.10040E+05   0.36471E+04   0.47247E+01   0.67898E+22
   0.10041E+05   0.36476E+04   0.47252E+01   0.67905E+22
   0.10043E+05   0.36481E+04   0.47257E+01   0.67912E+22
   0.10044E+05   0.36487E+04   0.47262E+01   0.67919E+22
   0.10045E+05   0.36492E+04   0.47267E+01   0.67926E+22
   0.10047E+05   0.36497E+04   0.47272E+01   0.67933E+22
   0.10048E+05   0.36502E+04   0.47277E+01   0.67940E+22
   0.10050E+05   0.36508E+04   0.47282E+01   0.67947E+22
   0.10051E+05   0.36513E+04   0.47287E+01   0.67954E+22
   0.10053E+05   0.36518E+04   0.47292E+01   0.67961E+22
   0.10054E+05   0.36523E+04   0.47297E+01   0.67968E+22
   0.10056E+05   0.36528E+04   0.47302E+01   0.67975E+22
   0.10057E+05   0.36534E+04   0.47307E+01   0.67982E+22
   0.10058E+05   0.36539E+04   0.47312E+01   0.67989E+22
   0.10060E+05   0.36544E+04   0.47317E+01   0.67997E+22
   0.10061E+05   0.36549E+04   0.47322E+01   0.68004E+22
   0.10063E+05   0.36555E+04   0.47327E+01   0.68011E+22
   0.10064E+05   0.36560E+04   0.47332E+01   0.68018E+22
   0.10066E+05   0.36565E+04   0.47337E+01   0.68025E+22
   0.10067E+05   0.36570E+04   0.47342E+01   0.68032E+22
   0.10069E+05   0.36576E+04   0.47347E+01   0.68039E+22
   0.10070E+05   0.36581E+04   0.47352E+01   0.68046E+22
   0.10072E+05   0.36586E+04   0.47357E+01   0.68053E+22
   0.10073E+05   0.36591E+04   0.47362E+01   0.68060E+22
   0.10074E+05   0.36597E+04   0.47367E+01   0.68067E+22
   0.10076E+05   0.36602E+04   0.47372E+01   0.68074E+22
   0.10077E+05   0.36607E+04   0.47377E+01   0.68081E+22
   0.10079E+05   0.36612E+04   0.47382E+01   0.68088E+22
   0.10080E+05   0.36617E+04   0.47387E+01   0.68096E+22
   0.10082E+05   0.36623E+04   0.47392E+01   0.68103E+22
   0.10083E+05   0.36628E+04   0.47397E+01   0.68110E+22
   0.10085E+05   0.36633E+04   0.47402E+01   0.68117E+22
   0.10086E+05   0.36638E+04   0.47407E+01   0.68124E+22
   0.10087E+05   0.36644E+04   0.47412E+01   0.68131E+22
   0.10089E+05   0.36649E+04   0.47417E+01   0.68138E+22
   0.10090E+05   0.36654E+04   0.47422E+01   0.68145E+22
   0.10092E+05   0.36659E+04   0.47427E+01   0.68152E+22
   0.10093E+05   0.36665E+04   0.47432E+01   0.68159E+22
   0.10095E+05   0.36670E+04   0.47437E+01   0.68166E+22
   0.10096E+05   0.36675E+04   0.47442E+01   0.68173E+22
   0.10098E+05   0.36680E+04   0.47447E+01   0.68180E+22
   0.10099E+05   0.36686E+04   0.47452E+01   0.68187E+22
   0.10101E+05   0.36691E+04   0.47457E+01   0.68195E+22
   0.10102E+05   0.36696E+04   0.47462E+01   0.68202E+22
   0.10103E+05   0.36701E+04   0.47467E+01   0.68209E+22
   0.10105E+05   0.36707E+04   0.47472E+01   0.68216E+22
   0.10106E+05   0.36712E+04   0.47477E+01   0.68223E+22
   0.10108E+05   0.36717E+04   0.47482E+01   0.68230E+22
   0.10109E+05   0.36722E+04   0.47487E+01   0.68237E+22
   0.10111E+05   0.36727E+04   0.47492E+01   0.68244E+22
   0.10112E+05   0.36733E+04   0.47497E+01   0.68251E+22
   0.10114E+05   0.36738E+04   0.47502E+01   0.68258E+22
   0.10115E+05   0.36743E+04   0.47507E+01   0.68265E+22
   0.10117E+05   0.36748E+04   0.47512E+01   0.68272E+22
   0.10118E+05   0.36754E+04   0.47517E+01   0.68279E+22
   0.10119E+05   0.36759E+04   0.47522E+01   0.68286E+22
   0.10121E+05   0.36764E+04   0.47527E+01   0.68294E+22
   0.10122E+05   0.36769E+04   0.47532E+01   0.68301E+22
   0.10124E+05   0.36775E+04   0.47537E+01   0.68308E+22
   0.10125E+05   0.36780E+04   0.47542E+01   0.68315E+22
   0.10127E+05   0.36785E+04   0.47547E+01   0.68322E+22
   0.10128E+05   0.36790E+04   0.47552E+01   0.68329E+22
   0.10130E+05   0.36796E+04   0.47557E+01   0.68336E+22
   0.10131E+05   0.36801E+04   0.47562E+01   0.68343E+22
   0.10132E+05   0.36806E+04   0.47567E+01   0.68350E+22
   0.10134E+05   0.36811E+04   0.47572E+01   0.68357E+22
   0.10135E+05   0.36817E+04   0.47577E+01   0.68364E+22
   0.10137E+05   0.36822E+04   0.47582E+01   0.68371E+22
   0.10138E+05   0.36827E+04   0.47587E+01   0.68378E+22
   0.10140E+05   0.36832E+04   0.47592E+01   0.68385E+22
   0.10141E+05   0.36838E+04   0.47597E+01   0.68393E+22
   0.10143E+05   0.36843E+04   0.47602E+01   0.68400E+22
   0.10144E+05   0.36848E+04   0.47607E+01   0.68407E+22
   0.10146E+05   0.36853E+04   0.47612E+01   0.68414E+22
   0.10147E+05   0.36859E+04   0.47617E+01   0.68421E+22
   0.10148E+05   0.36864E+04   0.47622E+01   0.68428E+22
   0.10150E+05   0.36869E+04   0.47627E+01   0.68435E+22
   0.10151E+05   0.36874E+04   0.47632E+01   0.68442E+22
   0.10153E+05   0.36880E+04   0.47637E+01   0.68449E+22
   0.10154E+05   0.36885E+04   0.47642E+01   0.68456E+22
   0.10156E+05   0.36890E+04   0.47647E+01   0.68463E+22
   0.10157E+05   0.36895E+04   0.47652E+01   0.68470E+22
   0.10159E+05   0.36901E+04   0.47657E+01   0.68477E+22
   0.10160E+05   0.36906E+04   0.47662E+01   0.68484E+22
   0.10162E+05   0.36911E+04   0.47667E+01   0.68492E+22
   0.10163E+05   0.36916E+04   0.47672E+01   0.68499E+22
   0.10164E+05   0.36922E+04   0.47677E+01   0.68506E+22
   0.10166E+05   0.36927E+04   0.47682E+01   0.68513E+22
   0.10167E+05   0.36932E+04   0.47687E+01   0.68520E+22
   0.10169E+05   0.36937E+04   0.47692E+01   0.68527E+22
   0.10170E+05   0.36943E+04   0.47697E+01   0.68534E+22
   0.10172E+05   0.36948E+04   0.47702E+01   0.68541E+22
   0.10173E+05   0.36953E+04   0.47707E+01   0.68548E+22
   0.10175E+05   0.36958E+04   0.47712E+01   0.68555E+22
   0.10176E+05   0.36963E+04   0.47717E+01   0.68562E+22
   0.10178E+05   0.36969E+04   0.47722E+01   0.68569E+22
   0.10179E+05   0.36974E+04   0.47727E+01   0.68576E+22
   0.10180E+05   0.36979E+04   0.47732E+01   0.68583E+22
   0.10182E+05   0.36984E+04   0.47737E+01   0.68591E+22
   0.10183E+05   0.36990E+04   0.47742E+01   0.68598E+22
   0.10185E+05   0.36995E+04   0.47747E+01   0.68605E+22
   0.10186E+05   0.37000E+04   0.47752E+01   0.68612E+22
   0.10188E+05   0.37005E+04   0.47757E+01   0.68619E+22
   0.10189E+05   0.37011E+04   0.47762E+01   0.68626E+22
   0.10191E+05   0.37016E+04   0.47767E+01   0.68633E+22
   0.10192E+05   0.37021E+04   0.47772E+01   0.68640E+22
   0.10194E+05   0.37026E+04   0.47777E+01   0.68647E+22
   0.10195E+05   0.37032E+04   0.47782E+01   0.68654E+22
   0.10196E+05   0.37037E+04   0.47787E+01   0.68661E+22
   0.10198E+05   0.37042E+04   0.47792E+01   0.68668E+22
   0.10199E+05   0.37047E+04   0.47797E+01   0.68675E+22
   0.10201E+05   0.37053E+04   0.47802E+01   0.68682E+22
   0.10202E+05   0.37058E+04   0.47807E+01   0.68690E+22
   0.10204E+05   0.37063E+04   0.47812E+01   0.68697E+22
   0.10205E+05   0.37068E+04   0.47817E+01   0.68704E+22
   0.10207E+05   0.37074E+04   0.47822E+01   0.68711E+22
   0.10208E+05   0.37079E+04   0.47827E+01   0.68718E+22
   0.10210E+05   0.37084E+04   0.47832E+01   0.68725E+22
   0.10211E+05   0.37089E+04   0.47837E+01   0.68732E+22
   0.10212E+05   0.37095E+04   0.47842E+01   0.68739E+22
   0.10214E+05   0.37100E+04   0.47847E+01   0.68746E+22
   0.10215E+05   0.37105E+04   0.47852E+01   0.68753E+22
   0.10217E+05   0.37111E+04   0.47857E+01   0.68760E+22
   0.10218E+05   0.37116E+04   0.47862E+01   0.68767E+22
   0.10220E+05   0.37121E+04   0.47867E+01   0.68774E+22
   0.10221E+05   0.37126E+04   0.47872E+01   0.68781E+22
   0.10223E+05   0.37132E+04   0.47877E+01   0.68789E+22
   0.10224E+05   0.37137E+04   0.47882E+01   0.68796E+22
   0.10226E+05   0.37142E+04   0.47887E+01   0.68803E+22
   0.10227E+05   0.37147E+04   0.47892E+01   0.68810E+22
   0.10228E+05   0.37153E+04   0.47897E+01   0.68817E+22
   0.10230E+05   0.37158E+04   0.47902E+01   0.68824E+22
   0.10231E+05   0.37163E+04   0.47907E+01   0.68831E+22
   0.10233E+05   0.37168E+04   0.47912E+01   0.68838E+22
   0.10234E+05   0.37174E+04   0.47917E+01   0.68845E+22
   0.10236E+05   0.37179E+04   0.47922E+01   0.68852E+22
   0.10237E+05   0.37184E+04   0.47927E+01   0.68859E+22
   0.10239E+05   0.37189E+04   0.47932E+01   0.68866E+22
   0.10240E+05   0.37195E+04   0.47937E+01   0.68873E+22
   0.10242E+05   0.37200E+04   0.47942E+01   0.68880E+22
   0.10243E+05   0.37205E+04   0.47947E+01   0.68888E+22
   0.10244E+05   0.37210E+04   0.47952E+01   0.68895E+22
   0.10246E+05   0.37216E+04   0.47957E+01   0.68902E+22
   0.10247E+05   0.37221E+04   0.47962E+01   0.68909E+22
   0.10249E+05   0.37226E+04   0.47967E+01   0.68916E+22
   0.10250E+05   0.37231E+04   0.47972E+01   0.68923E+22
   0.10252E+05   0.37237E+04   0.47977E+01   0.68930E+22
   0.10253E+05   0.37242E+04   0.47982E+01   0.68937E+22
   0.10255E+05   0.37247E+04   0.47987E+01   0.68944E+22
   0.10256E+05   0.37252E+04   0.47992E+01   0.68951E+22
   0.10258E+05   0.37258E+04   0.47997E+01   0.68958E+22
   0.10259E+05   0.37263E+04   0.48002E+01   0.68965E+22
   0.10260E+05   0.37268E+04   0.48007E+01   0.68972E+22
   0.10262E+05   0.37273E+04   0.48012E+01   0.68979E+22
   0.10263E+05   0.37279E+04   0.48017E+01   0.68987E+22
   0.10265E+05   0.37284E+04   0.48022E+01   0.68994E+22
   0.10266E+05   0.37289E+04   0.48027E+01   0.69001E+22
   0.10268E+05   0.37294E+04   0.48032E+01   0.69008E+22
   0.10269E+05   0.37300E+04   0.48037E+01   0.69015E+22
   0.10271E+05   0.37305E+04   0.48042E+01   0.69022E+22
   0.10272E+05   0.37310E+04   0.48047E+01   0.69029E+22
   0.10274E+05   0.37316E+04   0.48052E+01   0.69036E+22
   0.10275E+05   0.37321E+04   0.48057E+01   0.69043E+22
   0.10276E+05   0.37326E+04   0.48062E+01   0.69050E+22
   0.10278E+05   0.37331E+04   0.48067E+01   0.69057E+22
   0.10279E+05   0.37337E+04   0.48072E+01   0.69064E+22
   0.10281E+05   0.37342E+04   0.48077E+01   0.69071E+22
   0.10282E+05   0.37347E+04   0.48082E+01   0.69078E+22
   0.10284E+05   0.37352E+04   0.48087E+01   0.69086E+22
   0.10285E+05   0.37358E+04   0.48092E+01   0.69093E+22
   0.10287E+05   0.37363E+04   0.48097E+01   0.69100E+22
   0.10288E+05   0.37368E+04   0.48102E+01   0.69107E+22
   0.10290E+05   0.37373E+04   0.48107E+01   0.69114E+22
   0.10291E+05   0.37379E+04   0.48112E+01   0.69121E+22
   0.10293E+05   0.37384E+04   0.48117E+01   0.69128E+22
   0.10294E+05   0.37389E+04   0.48122E+01   0.69135E+22
   0.10295E+05   0.37394E+04   0.48127E+01   0.69142E+22
   0.10297E+05   0.37400E+04   0.48132E+01   0.69149E+22
   0.10298E+05   0.37405E+04   0.48137E+01   0.69156E+22
   0.10300E+05   0.37410E+04   0.48142E+01   0.69163E+22
   0.10301E+05   0.37415E+04   0.48147E+01   0.69170E+22
   0.10303E+05   0.37421E+04   0.48152E+01   0.69177E+22
   0.10304E+05   0.37426E+04   0.48157E+01   0.69185E+22
   0.10306E+05   0.37431E+04   0.48162E+01   0.69192E+22
   0.10307E+05   0.37437E+04   0.48167E+01   0.69199E+22
   0.10309E+05   0.37442E+04   0.48172E+01   0.69206E+22
   0.10310E+05   0.37447E+04   0.48177E+01   0.69213E+22
   0.10311E+05   0.37452E+04   0.48182E+01   0.69220E+22
   0.10313E+05   0.37458E+04   0.48187E+01   0.69227E+22
   0.10314E+05   0.37463E+04   0.48192E+01   0.69234E+22
   0.10316E+05   0.37468E+04   0.48197E+01   0.69241E+22
   0.10317E+05   0.37473E+04   0.48202E+01   0.69248E+22
   0.10319E+05   0.37479E+04   0.48207E+01   0.69255E+22
   0.10320E+05   0.37484E+04   0.48212E+01   0.69262E+22
   0.10322E+05   0.37489E+04   0.48217E+01   0.69269E+22
   0.10323E+05   0.37494E+04   0.48222E+01   0.69276E+22
   0.10325E+05   0.37500E+04   0.48227E+01   0.69284E+22
   0.10326E+05   0.37505E+04   0.48232E+01   0.69291E+22
   0.10328E+05   0.37510E+04   0.48237E+01   0.69298E+22
   0.10329E+05   0.37515E+04   0.48242E+01   0.69305E+22
   0.10330E+05   0.37521E+04   0.48247E+01   0.69312E+22
   0.10332E+05   0.37526E+04   0.48252E+01   0.69319E+22
   0.10333E+05   0.37531E+04   0.48257E+01   0.69326E+22
   0.10335E+05   0.37537E+04   0.48262E+01   0.69333E+22
   0.10336E+05   0.37542E+04   0.48267E+01   0.69340E+22
   0.10338E+05   0.37547E+04   0.48272E+01   0.69347E+22
   0.10339E+05   0.37552E+04   0.48277E+01   0.69354E+22
   0.10341E+05   0.37558E+04   0.48282E+01   0.69361E+22
   0.10342E+05   0.37563E+04   0.48287E+01   0.69368E+22
   0.10344E+05   0.37568E+04   0.48292E+01   0.69375E+22
   0.10345E+05   0.37573E+04   0.48297E+01   0.69383E+22
   0.10347E+05   0.37579E+04   0.48302E+01   0.69390E+22
   0.10348E+05   0.37584E+04   0.48307E+01   0.69397E+22
   0.10349E+05   0.37589E+04   0.48312E+01   0.69404E+22
   0.10351E+05   0.37595E+04   0.48317E+01   0.69411E+22
   0.10352E+05   0.37600E+04   0.48322E+01   0.69418E+22
   0.10354E+05   0.37605E+04   0.48327E+01   0.69425E+22
   0.10355E+05   0.37610E+04   0.48332E+01   0.69432E+22
   0.10357E+05   0.37616E+04   0.48337E+01   0.69439E+22
   0.10358E+05   0.37621E+04   0.48342E+01   0.69446E+22
   0.10360E+05   0.37626E+04   0.48347E+01   0.69453E+22
   0.10361E+05   0.37631E+04   0.48352E+01   0.69460E+22
   0.10363E+05   0.37637E+04   0.48357E+01   0.69467E+22
   0.10364E+05   0.37642E+04   0.48362E+01   0.69474E+22
   0.10365E+05   0.37647E+04   0.48367E+01   0.69482E+22
   0.10367E+05   0.37652E+04   0.48372E+01   0.69489E+22
   0.10368E+05   0.37658E+04   0.48377E+01   0.69496E+22
   0.10370E+05   0.37663E+04   0.48382E+01   0.69503E+22
   0.10371E+05   0.37668E+04   0.48387E+01   0.69510E+22
   0.10373E+05   0.37674E+04   0.48392E+01   0.69517E+22
   0.10374E+05   0.37679E+04   0.48397E+01   0.69524E+22
   0.10376E+05   0.37684E+04   0.48402E+01   0.69531E+22
   0.10377E+05   0.37689E+04   0.48407E+01   0.69538E+22
   0.10379E+05   0.37695E+04   0.48412E+01   0.69545E+22
   0.10380E+05   0.37700E+04   0.48417E+01   0.69552E+22
   0.10382E+05   0.37705E+04   0.48422E+01   0.69559E+22
   0.10383E+05   0.37710E+04   0.48427E+01   0.69566E+22
   0.10384E+05   0.37716E+04   0.48432E+01   0.69573E+22
   0.10386E+05   0.37721E+04   0.48437E+01   0.69581E+22
   0.10387E+05   0.37726E+04   0.48442E+01   0.69588E+22
   0.10389E+05   0.37732E+04   0.48447E+01   0.69595E+22
   0.10390E+05   0.37737E+04   0.48452E+01   0.69602E+22
   0.10392E+05   0.37742E+04   0.48457E+01   0.69609E+22
   0.10393E+05   0.37747E+04   0.48462E+01   0.69616E+22
   0.10395E+05   0.37753E+04   0.48467E+01   0.69623E+22
   0.10396E+05   0.37758E+04   0.48472E+01   0.69630E+22
   0.10398E+05   0.37763E+04   0.48477E+01   0.69637E+22
   0.10399E+05   0.37768E+04   0.48482E+01   0.69644E+22
   0.10401E+05   0.37774E+04   0.48487E+01   0.69651E+22
   0.10402E+05   0.37779E+04   0.48492E+01   0.69658E+22
   0.10403E+05   0.37784E+04   0.48497E+01   0.69665E+22
   0.10405E+05   0.37790E+04   0.48502E+01   0.69672E+22
   0.10406E+05   0.37795E+04   0.48507E+01   0.69680E+22
   0.10408E+05   0.37800E+04   0.48512E+01   0.69687E+22
   0.10409E+05   0.37805E+04   0.48517E+01   0.69694E+22
   0.10411E+05   0.37811E+04   0.48522E+01   0.69701E+22
   0.10412E+05   0.37816E+04   0.48527E+01   0.69708E+22
   0.10414E+05   0.37821E+04   0.48532E+01   0.69715E+22
   0.10415E+05   0.37826E+04   0.48537E+01   0.69722E+22
   0.10417E+05   0.37832E+04   0.48542E+01   0.69729E+22
   0.10418E+05   0.37837E+04   0.48547E+01   0.69736E+22
   0.10420E+05   0.37842E+04   0.48552E+01   0.69743E+22
   0.10421E+05   0.37848E+04   0.48557E+01   0.69750E+22
   0.10422E+05   0.37853E+04   0.48562E+01   0.69757E+22
   0.10424E+05   0.37858E+04   0.48567E+01   0.69764E+22
   0.10425E+05   0.37863E+04   0.48572E+01   0.69771E+22
   0.10427E+05   0.37869E+04   0.48577E+01   0.69779E+22
   0.10428E+05   0.37874E+04   0.48582E+01   0.69786E+22
   0.10430E+05   0.37879E+04   0.48587E+01   0.69793E+22
   0.10431E+05   0.37885E+04   0.48592E+01   0.69800E+22
   0.10433E+05   0.37890E+04   0.48597E+01   0.69807E+22
   0.10434E+05   0.37895E+04   0.48602E+01   0.69814E+22
   0.10436E+05   0.37900E+04   0.48607E+01   0.69821E+22
   0.10437E+05   0.37906E+04   0.48612E+01   0.69828E+22
   0.10439E+05   0.37911E+04   0.48617E+01   0.69835E+22
   0.10440E+05   0.37916E+04   0.48622E+01   0.69842E+22
   0.10442E+05   0.37921E+04   0.48627E+01   0.69849E+22
   0.10443E+05   0.37927E+04   0.48632E+01   0.69856E+22
   0.10444E+05   0.37932E+04   0.48637E+01   0.69863E+22
   0.10446E+05   0.37937E+04   0.48642E+01   0.69870E+22
   0.10447E+05   0.37943E+04   0.48647E+01   0.69878E+22
   0.10449E+05   0.37948E+04   0.48652E+01   0.69885E+22
   0.10450E+05   0.37953E+04   0.48657E+01   0.69892E+22
   0.10452E+05   0.37958E+04   0.48662E+01   0.69899E+22
   0.10453E+05   0.37964E+04   0.48667E+01   0.69906E+22
   0.10455E+05   0.37969E+04   0.48672E+01   0.69913E+22
   0.10456E+05   0.37974E+04   0.48677E+01   0.69920E+22
   0.10458E+05   0.37980E+04   0.48682E+01   0.69927E+22
   0.10459E+05   0.37985E+04   0.48687E+01   0.69934E+22
   0.10461E+05   0.37990E+04   0.48692E+01   0.69941E+22
   0.10462E+05   0.37995E+04   0.48697E+01   0.69948E+22
   0.10463E+05   0.38001E+04   0.48702E+01   0.69955E+22
   0.10465E+05   0.38006E+04   0.48707E+01   0.69962E+22
   0.10466E+05   0.38011E+04   0.48712E+01   0.69969E+22
   0.10468E+05   0.38017E+04   0.48717E+01   0.69977E+22
   0.10469E+05   0.38022E+04   0.48722E+01   0.69984E+22
   0.10471E+05   0.38027E+04   0.48727E+01   0.69991E+22
   0.10472E+05   0.38032E+04   0.48732E+01   0.69998E+22
   0.10474E+05   0.38038E+04   0.48737E+01   0.70005E+22
   0.10475E+05   0.38043E+04   0.48742E+01   0.70012E+22
   0.10477E+05   0.38048E+04   0.48747E+01   0.70019E+22
   0.10478E+05   0.38054E+04   0.48752E+01   0.70026E+22
   0.10480E+05   0.38059E+04   0.48757E+01   0.70033E+22
   0.10481E+05   0.38064E+04   0.48762E+01   0.70040E+22
   0.10483E+05   0.38069E+04   0.48767E+01   0.70047E+22
   0.10484E+05   0.38075E+04   0.48772E+01   0.70054E+22
   0.10485E+05   0.38080E+04   0.48777E+01   0.70061E+22
   0.10487E+05   0.38085E+04   0.48782E+01   0.70068E+22
   0.10488E+05   0.38091E+04   0.48787E+01   0.70076E+22
   0.10490E+05   0.38096E+04   0.48792E+01   0.70083E+22
   0.10491E+05   0.38101E+04   0.48797E+01   0.70090E+22
   0.10493E+05   0.38106E+04   0.48802E+01   0.70097E+22
   0.10494E+05   0.38112E+04   0.48807E+01   0.70104E+22
   0.10496E+05   0.38117E+04   0.48812E+01   0.70111E+22
   0.10497E+05   0.38122E+04   0.48817E+01   0.70118E+22
   0.10499E+05   0.38128E+04   0.48822E+01   0.70125E+22
   0.10500E+05   0.38133E+04   0.48827E+01   0.70132E+22
   0.10502E+05   0.38138E+04   0.48832E+01   0.70139E+22
   0.10503E+05   0.38143E+04   0.48837E+01   0.70146E+22
   0.10505E+05   0.38149E+04   0.48842E+01   0.70153E+22
   0.10506E+05   0.38154E+04   0.48847E+01   0.70160E+22
   0.10507E+05   0.38159E+04   0.48852E+01   0.70167E+22
   0.10509E+05   0.38165E+04   0.48857E+01   0.70175E+22
   0.10510E+05   0.38170E+04   0.48862E+01   0.70182E+22
   0.10512E+05   0.38175E+04   0.48867E+01   0.70189E+22
   0.10513E+05   0.38180E+04   0.48872E+01   0.70196E+22
   0.10515E+05   0.38186E+04   0.48877E+01   0.70203E+22
   0.10516E+05   0.38191E+04   0.48882E+01   0.70210E+22
   0.10518E+05   0.38196E+04   0.48887E+01   0.70217E+22
   0.10519E+05   0.38202E+04   0.48892E+01   0.70224E+22
   0.10521E+05   0.38207E+04   0.48897E+01   0.70231E+22
   0.10522E+05   0.38212E+04   0.48902E+01   0.70238E+22
   0.10524E+05   0.38217E+04   0.48907E+01   0.70245E+22
   0.10525E+05   0.38223E+04   0.48912E+01   0.70252E+22
   0.10526E+05   0.38228E+04   0.48917E+01   0.70259E+22
   0.10528E+05   0.38233E+04   0.48922E+01   0.70266E+22
   0.10529E+05   0.38239E+04   0.48927E+01   0.70274E+22
   0.10531E+05   0.38244E+04   0.48932E+01   0.70281E+22
   0.10532E+05   0.38249E+04   0.48937E+01   0.70288E+22
   0.10534E+05   0.38254E+04   0.48942E+01   0.70295E+22
   0.10535E+05   0.38260E+04   0.48947E+01   0.70302E+22
   0.10537E+05   0.38265E+04   0.48952E+01   0.70309E+22
   0.10538E+05   0.38270E+04   0.48957E+01   0.70316E+22
   0.10540E+05   0.38276E+04   0.48962E+01   0.70323E+22
   0.10541E+05   0.38281E+04   0.48967E+01   0.70330E+22
   0.10543E+05   0.38286E+04   0.48972E+01   0.70337E+22
   0.10544E+05   0.38291E+04   0.48977E+01   0.70344E+22
   0.10546E+05   0.38297E+04   0.48982E+01   0.70351E+22
   0.10547E+05   0.38302E+04   0.48987E+01   0.70358E+22
   0.10549E+05   0.38307E+04   0.48992E+01   0.70366E+22
   0.10550E+05   0.38313E+04   0.48997E+01   0.70373E+22
   0.10551E+05   0.38318E+04   0.49002E+01   0.70380E+22
   0.10553E+05   0.38323E+04   0.49007E+01   0.70387E+22
   0.10554E+05   0.38328E+04   0.49012E+01   0.70394E+22
   0.10556E+05   0.38334E+04   0.49017E+01   0.70401E+22
   0.10557E+05   0.38339E+04   0.49022E+01   0.70408E+22
   0.10559E+05   0.38344E+04   0.49027E+01   0.70415E+22
   0.10560E+05   0.38350E+04   0.49032E+01   0.70422E+22
   0.10562E+05   0.38355E+04   0.49037E+01   0.70429E+22
   0.10563E+05   0.38360E+04   0.49042E+01   0.70436E+22
   0.10565E+05   0.38366E+04   0.49047E+01   0.70443E+22
   0.10566E+05   0.38371E+04   0.49052E+01   0.70450E+22
   0.10568E+05   0.38376E+04   0.49057E+01   0.70457E+22
   0.10569E+05   0.38381E+04   0.49062E+01   0.70465E+22
   0.10571E+05   0.38387E+04   0.49067E+01   0.70472E+22
   0.10572E+05   0.38392E+04   0.49072E+01   0.70479E+22
   0.10573E+05   0.38397E+04   0.49077E+01   0.70486E+22
   0.10575E+05   0.38403E+04   0.49082E+01   0.70493E+22
   0.10576E+05   0.38408E+04   0.49087E+01   0.70500E+22
   0.10578E+05   0.38413E+04   0.49092E+01   0.70507E+22
   0.10579E+05   0.38418E+04   0.49097E+01   0.70514E+22
   0.10581E+05   0.38424E+04   0.49102E+01   0.70521E+22
   0.10582E+05   0.38429E+04   0.49107E+01   0.70528E+22
   0.10584E+05   0.38434E+04   0.49112E+01   0.70535E+22
   0.10585E+05   0.38440E+04   0.49117E+01   0.70542E+22
   0.10587E+05   0.38445E+04   0.49122E+01   0.70549E+22
   0.10588E+05   0.38450E+04   0.49127E+01   0.70556E+22
   0.10590E+05   0.38456E+04   0.49132E+01   0.70564E+22
   0.10591E+05   0.38461E+04   0.49137E+01   0.70571E+22
   0.10593E+05   0.38466E+04   0.49142E+01   0.70578E+22
   0.10594E+05   0.38471E+04   0.49147E+01   0.70585E+22
   0.10595E+05   0.38477E+04   0.49152E+01   0.70592E+22
   0.10597E+05   0.38482E+04   0.49157E+01   0.70599E+22
   0.10598E+05   0.38487E+04   0.49162E+01   0.70606E+22
   0.10600E+05   0.38493E+04   0.49167E+01   0.70613E+22
   0.10601E+05   0.38498E+04   0.49172E+01   0.70620E+22
   0.10603E+05   0.38503E+04   0.49177E+01   0.70627E+22
   0.10604E+05   0.38509E+04   0.49182E+01   0.70634E+22
   0.10606E+05   0.38514E+04   0.49187E+01   0.70641E+22
   0.10607E+05   0.38519E+04   0.49192E+01   0.70648E+22
   0.10609E+05   0.38524E+04   0.49197E+01   0.70655E+22
   0.10610E+05   0.38530E+04   0.49202E+01   0.70663E+22
   0.10612E+05   0.38535E+04   0.49207E+01   0.70670E+22
   0.10613E+05   0.38540E+04   0.49212E+01   0.70677E+22
   0.10615E+05   0.38546E+04   0.49217E+01   0.70684E+22
   0.10616E+05   0.38551E+04   0.49222E+01   0.70691E+22
   0.10618E+05   0.38556E+04   0.49227E+01   0.70698E+22
   0.10619E+05   0.38562E+04   0.49232E+01   0.70705E+22
   0.10620E+05   0.38567E+04   0.49237E+01   0.70712E+22
   0.10622E+05   0.38572E+04   0.49242E+01   0.70719E+22
   0.10623E+05   0.38577E+04   0.49247E+01   0.70726E+22
   0.10625E+05   0.38583E+04   0.49252E+01   0.70733E+22
   0.10626E+05   0.38588E+04   0.49257E+01   0.70740E+22
   0.10628E+05   0.38593E+04   0.49262E+01   0.70747E+22
   0.10629E+05   0.38599E+04   0.49267E+01   0.70754E+22
   0.10631E+05   0.38604E+04   0.49272E+01   0.70762E+22
   0.10632E+05   0.38609E+04   0.49277E+01   0.70769E+22
   0.10634E+05   0.38615E+04   0.49282E+01   0.70776E+22
   0.10635E+05   0.38620E+04   0.49287E+01   0.70783E+22
   0.10637E+05   0.38625E+04   0.49292E+01   0.70790E+22
   0.10638E+05   0.38630E+04   0.49297E+01   0.70797E+22
   0.10640E+05   0.38636E+04   0.49302E+01   0.70804E+22
   0.10641E+05   0.38641E+04   0.49307E+01   0.70811E+22
   0.10643E+05   0.38646E+04   0.49312E+01   0.70818E+22
   0.10644E+05   0.38652E+04   0.49317E+01   0.70825E+22
   0.10645E+05   0.38657E+04   0.49322E+01   0.70832E+22
   0.10647E+05   0.38662E+04   0.49327E+01   0.70839E+22
   0.10648E+05   0.38668E+04   0.49332E+01   0.70846E+22
   0.10650E+05   0.38673E+04   0.49337E+01   0.70853E+22
   0.10651E+05   0.38678E+04   0.49342E+01   0.70861E+22
   0.10653E+05   0.38683E+04   0.49347E+01   0.70868E+22
   0.10654E+05   0.38689E+04   0.49352E+01   0.70875E+22
   0.10656E+05   0.38694E+04   0.49357E+01   0.70882E+22
   0.10657E+05   0.38699E+04   0.49362E+01   0.70889E+22
   0.10659E+05   0.38705E+04   0.49367E+01   0.70896E+22
   0.10660E+05   0.38710E+04   0.49372E+01   0.70903E+22
   0.10662E+05   0.38715E+04   0.49377E+01   0.70910E+22
   0.10663E+05   0.38721E+04   0.49382E+01   0.70917E+22
   0.10665E+05   0.38726E+04   0.49387E+01   0.70924E+22
   0.10666E+05   0.38731E+04   0.49392E+01   0.70931E+22
   0.10668E+05   0.38736E+04   0.49397E+01   0.70938E+22
   0.10669E+05   0.38742E+04   0.49402E+01   0.70945E+22
   0.10670E+05   0.38747E+04   0.49407E+01   0.70952E+22
   0.10672E+05   0.38752E+04   0.49412E+01   0.70960E+22
   0.10673E+05   0.38758E+04   0.49417E+01   0.70967E+22
   0.10675E+05   0.38763E+04   0.49422E+01   0.70974E+22
   0.10676E+05   0.38768E+04   0.49427E+01   0.70981E+22
   0.10678E+05   0.38774E+04   0.49432E+01   0.70988E+22
   0.10679E+05   0.38779E+04   0.49437E+01   0.70995E+22
   0.10681E+05   0.38784E+04   0.49442E+01   0.71002E+22
   0.10682E+05   0.38790E+04   0.49447E+01   0.71009E+22
   0.10684E+05   0.38795E+04   0.49452E+01   0.71016E+22
   0.10685E+05   0.38800E+04   0.49457E+01   0.71023E+22
   0.10687E+05   0.38805E+04   0.49462E+01   0.71030E+22
   0.10688E+05   0.38811E+04   0.49467E+01   0.71037E+22
   0.10690E+05   0.38816E+04   0.49472E+01   0.71044E+22
   0.10691E+05   0.38821E+04   0.49477E+01   0.71052E+22
   0.10693E+05   0.38827E+04   0.49482E+01   0.71059E+22
   0.10694E+05   0.38832E+04   0.49487E+01   0.71066E+22
   0.10696E+05   0.38837E+04   0.49492E+01   0.71073E+22
   0.10697E+05   0.38843E+04   0.49497E+01   0.71080E+22
   0.10698E+05   0.38848E+04   0.49502E+01   0.71087E+22
   0.10700E+05   0.38853E+04   0.49507E+01   0.71094E+22
   0.10701E+05   0.38859E+04   0.49512E+01   0.71101E+22
   0.10703E+05   0.38864E+04   0.49517E+01   0.71108E+22
   0.10704E+05   0.38869E+04   0.49522E+01   0.71115E+22
   0.10706E+05   0.38874E+04   0.49527E+01   0.71122E+22
   0.10707E+05   0.38880E+04   0.49532E+01   0.71129E+22
   0.10709E+05   0.38885E+04   0.49537E+01   0.71136E+22
   0.10710E+05   0.38890E+04   0.49542E+01   0.71143E+22
   0.10712E+05   0.38896E+04   0.49547E+01   0.71151E+22
   0.10713E+05   0.38901E+04   0.49552E+01   0.71158E+22
   0.10715E+05   0.38906E+04   0.49557E+01   0.71165E+22
   0.10716E+05   0.38912E+04   0.49562E+01   0.71172E+22
   0.10718E+05   0.38917E+04   0.49567E+01   0.71179E+22
   0.10719E+05   0.38922E+04   0.49572E+01   0.71186E+22
   0.10721E+05   0.38928E+04   0.49577E+01   0.71193E+22
   0.10722E+05   0.38933E+04   0.49582E+01   0.71200E+22
   0.10724E+05   0.38938E+04   0.49587E+01   0.71207E+22
   0.10725E+05   0.38944E+04   0.49592E+01   0.71214E+22
   0.10726E+05   0.38949E+04   0.49597E+01   0.71221E+22
   0.10728E+05   0.38954E+04   0.49602E+01   0.71228E+22
   0.10729E+05   0.38959E+04   0.49607E+01   0.71235E+22
   0.10731E+05   0.38965E+04   0.49612E+01   0.71242E+22
   0.10732E+05   0.38970E+04   0.49617E+01   0.71250E+22
   0.10734E+05   0.38975E+04   0.49622E+01   0.71257E+22
   0.10735E+05   0.38981E+04   0.49627E+01   0.71264E+22
   0.10737E+05   0.38986E+04   0.49632E+01   0.71271E+22
   0.10738E+05   0.38991E+04   0.49637E+01   0.71278E+22
   0.10740E+05   0.38997E+04   0.49642E+01   0.71285E+22
   0.10741E+05   0.39002E+04   0.49647E+01   0.71292E+22
   0.10743E+05   0.39007E+04   0.49652E+01   0.71299E+22
   0.10744E+05   0.39013E+04   0.49657E+01   0.71306E+22
   0.10746E+05   0.39018E+04   0.49662E+01   0.71313E+22
   0.10747E+05   0.39023E+04   0.49667E+01   0.71320E+22
   0.10749E+05   0.39029E+04   0.49672E+01   0.71327E+22
   0.10750E+05   0.39034E+04   0.49677E+01   0.71334E+22
   0.10752E+05   0.39039E+04   0.49682E+01   0.71341E+22
   0.10753E+05   0.39044E+04   0.49687E+01   0.71349E+22
   0.10754E+05   0.39050E+04   0.49692E+01   0.71356E+22
   0.10756E+05   0.39055E+04   0.49697E+01   0.71363E+22
   0.10757E+05   0.39060E+04   0.49702E+01   0.71370E+22
   0.10759E+05   0.39066E+04   0.49707E+01   0.71377E+22
   0.10760E+05   0.39071E+04   0.49712E+01   0.71384E+22
   0.10762E+05   0.39076E+04   0.49717E+01   0.71391E+22
   0.10763E+05   0.39082E+04   0.49722E+01   0.71398E+22
   0.10765E+05   0.39087E+04   0.49727E+01   0.71405E+22
   0.10766E+05   0.39092E+04   0.49732E+01   0.71412E+22
   0.10768E+05   0.39098E+04   0.49737E+01   0.71419E+22
   0.10769E+05   0.39103E+04   0.49742E+01   0.71426E+22
   0.10771E+05   0.39108E+04   0.49747E+01   0.71433E+22
   0.10772E+05   0.39114E+04   0.49752E+01   0.71440E+22
   0.10774E+05   0.39119E+04   0.49757E+01   0.71448E+22
   0.10775E+05   0.39124E+04   0.49762E+01   0.71455E+22
   0.10777E+05   0.39130E+04   0.49767E+01   0.71462E+22
   0.10778E+05   0.39135E+04   0.49772E+01   0.71469E+22
   0.10780E+05   0.39140E+04   0.49777E+01   0.71476E+22
   0.10781E+05   0.39145E+04   0.49782E+01   0.71483E+22
   0.10783E+05   0.39151E+04   0.49787E+01   0.71490E+22
   0.10784E+05   0.39156E+04   0.49792E+01   0.71497E+22
   0.10785E+05   0.39161E+04   0.49797E+01   0.71504E+22
   0.10787E+05   0.39167E+04   0.49802E+01   0.71511E+22
   0.10788E+05   0.39172E+04   0.49807E+01   0.71518E+22
   0.10790E+05   0.39177E+04   0.49812E+01   0.71525E+22
   0.10791E+05   0.39183E+04   0.49817E+01   0.71532E+22
   0.10793E+05   0.39188E+04   0.49822E+01   0.71540E+22
   0.10794E+05   0.39193E+04   0.49827E+01   0.71547E+22
   0.10796E+05   0.39199E+04   0.49832E+01   0.71554E+22
   0.10797E+05   0.39204E+04   0.49837E+01   0.71561E+22
   0.10799E+05   0.39209E+04   0.49842E+01   0.71568E+22
   0.10800E+05   0.39215E+04   0.49847E+01   0.71575E+22
   0.10802E+05   0.39220E+04   0.49852E+01   0.71582E+22
   0.10803E+05   0.39225E+04   0.49857E+01   0.71589E+22
   0.10805E+05   0.39231E+04   0.49862E+01   0.71596E+22
   0.10806E+05   0.39236E+04   0.49867E+01   0.71603E+22
   0.10808E+05   0.39241E+04   0.49872E+01   0.71610E+22
   0.10809E+05   0.39247E+04   0.49877E+01   0.71617E+22
   0.10811E+05   0.39252E+04   0.49882E+01   0.71624E+22
   0.10812E+05   0.39257E+04   0.49887E+01   0.71631E+22
   0.10814E+05   0.39263E+04   0.49892E+01   0.71639E+22
   0.10815E+05   0.39268E+04   0.49897E+01   0.71646E+22
   0.10816E+05   0.39273E+04   0.49902E+01   0.71653E+22
   0.10818E+05   0.39278E+04   0.49907E+01   0.71660E+22
   0.10819E+05   0.39284E+04   0.49912E+01   0.71667E+22
   0.10821E+05   0.39289E+04   0.49917E+01   0.71674E+22
   0.10822E+05   0.39294E+04   0.49922E+01   0.71681E+22
   0.10824E+05   0.39300E+04   0.49927E+01   0.71688E+22
   0.10825E+05   0.39305E+04   0.49932E+01   0.71695E+22
   0.10827E+05   0.39310E+04   0.49937E+01   0.71702E+22
   0.10828E+05   0.39316E+04   0.49942E+01   0.71709E+22
   0.10830E+05   0.39321E+04   0.49947E+01   0.71716E+22
   0.10831E+05   0.39326E+04   0.49952E+01   0.71723E+22
   0.10833E+05   0.39332E+04   0.49957E+01   0.71730E+22
   0.10834E+05   0.39337E+04   0.49962E+01   0.71738E+22
   0.10836E+05   0.39342E+04   0.49967E+01   0.71745E+22
   0.10837E+05   0.39348E+04   0.49972E+01   0.71752E+22
   0.10839E+05   0.39353E+04   0.49977E+01   0.71759E+22
   0.10840E+05   0.39358E+04   0.49982E+01   0.71766E+22
   0.10842E+05   0.39364E+04   0.49987E+01   0.71773E+22
   0.10843E+05   0.39369E+04   0.49992E+01   0.71780E+22
   0.10845E+05   0.39374E+04   0.49997E+01   0.71787E+22
   0.10846E+05   0.39380E+04   0.50002E+01   0.71794E+22
   0.10848E+05   0.39385E+04   0.50007E+01   0.71801E+22
   0.10849E+05   0.39390E+04   0.50012E+01   0.71808E+22
   0.10850E+05   0.39396E+04   0.50017E+01   0.71815E+22
   0.10852E+05   0.39401E+04   0.50022E+01   0.71822E+22
   0.10853E+05   0.39406E+04   0.50027E+01   0.71829E+22
   0.10855E+05   0.39412E+04   0.50032E+01   0.71837E+22
   0.10856E+05   0.39417E+04   0.50037E+01   0.71844E+22
   0.10858E+05   0.39422E+04   0.50042E+01   0.71851E+22
   0.10859E+05   0.39428E+04   0.50047E+01   0.71858E+22
   0.10861E+05   0.39433E+04   0.50052E+01   0.71865E+22
   0.10862E+05   0.39438E+04   0.50057E+01   0.71872E+22
   0.10864E+05   0.39444E+04   0.50062E+01   0.71879E+22
   0.10865E+05   0.39449E+04   0.50067E+01   0.71886E+22
   0.10867E+05   0.39454E+04   0.50072E+01   0.71893E+22
   0.10868E+05   0.39460E+04   0.50077E+01   0.71900E+22
   0.10870E+05   0.39465E+04   0.50082E+01   0.71907E+22
   0.10871E+05   0.39470E+04   0.50087E+01   0.71914E+22
   0.10873E+05   0.39476E+04   0.50092E+01   0.71921E+22
   0.10874E+05   0.39481E+04   0.50097E+01   0.71929E+22
   0.10876E+05   0.39486E+04   0.50102E+01   0.71936E+22
   0.10877E+05   0.39491E+04   0.50107E+01   0.71943E+22
   0.10879E+05   0.39497E+04   0.50112E+01   0.71950E+22
   0.10880E+05   0.39502E+04   0.50117E+01   0.71957E+22
   0.10882E+05   0.39507E+04   0.50122E+01   0.71964E+22
   0.10883E+05   0.39513E+04   0.50127E+01   0.71971E+22
   0.10884E+05   0.39518E+04   0.50132E+01   0.71978E+22
   0.10886E+05   0.39523E+04   0.50137E+01   0.71985E+22
   0.10887E+05   0.39529E+04   0.50142E+01   0.71992E+22
   0.10889E+05   0.39534E+04   0.50147E+01   0.71999E+22
   0.10890E+05   0.39539E+04   0.50152E+01   0.72006E+22
   0.10892E+05   0.39545E+04   0.50157E+01   0.72013E+22
   0.10893E+05   0.39550E+04   0.50162E+01   0.72020E+22
   0.10895E+05   0.39555E+04   0.50167E+01   0.72028E+22
   0.10896E+05   0.39561E+04   0.50172E+01   0.72035E+22
   0.10898E+05   0.39566E+04   0.50177E+01   0.72042E+22
   0.10899E+05   0.39571E+04   0.50182E+01   0.72049E+22
   0.10901E+05   0.39577E+04   0.50187E+01   0.72056E+22
   0.10902E+05   0.39582E+04   0.50192E+01   0.72063E+22
   0.10904E+05   0.39587E+04   0.50197E+01   0.72070E+22
   0.10905E+05   0.39593E+04   0.50202E+01   0.72077E+22
   0.10907E+05   0.39598E+04   0.50207E+01   0.72084E+22
   0.10908E+05   0.39603E+04   0.50212E+01   0.72091E+22
   0.10910E+05   0.39609E+04   0.50217E+01   0.72098E+22
   0.10911E+05   0.39614E+04   0.50222E+01   0.72105E+22
   0.10913E+05   0.39619E+04   0.50227E+01   0.72112E+22
   0.10914E+05   0.39625E+04   0.50232E+01   0.72119E+22
   0.10916E+05   0.39630E+04   0.50237E+01   0.72127E+22
   0.10917E+05   0.39635E+04   0.50242E+01   0.72134E+22
   0.10919E+05   0.39641E+04   0.50247E+01   0.72141E+22
   0.10920E+05   0.39646E+04   0.50252E+01   0.72148E+22
   0.10922E+05   0.39651E+04   0.50257E+01   0.72155E+22
   0.10923E+05   0.39657E+04   0.50262E+01   0.72162E+22
   0.10924E+05   0.39662E+04   0.50267E+01   0.72169E+22
   0.10926E+05   0.39667E+04   0.50272E+01   0.72176E+22
   0.10927E+05   0.39673E+04   0.50277E+01   0.72183E+22
   0.10929E+05   0.39678E+04   0.50282E+01   0.72190E+22
   0.10930E+05   0.39683E+04   0.50287E+01   0.72197E+22
   0.10932E+05   0.39689E+04   0.50292E+01   0.72204E+22
   0.10933E+05   0.39694E+04   0.50297E+01   0.72211E+22
   0.10935E+05   0.39699E+04   0.50302E+01   0.72219E+22
   0.10936E+05   0.39705E+04   0.50307E+01   0.72226E+22
   0.10938E+05   0.39710E+04   0.50312E+01   0.72233E+22
   0.10939E+05   0.39715E+04   0.50317E+01   0.72240E+22
   0.10941E+05   0.39721E+04   0.50322E+01   0.72247E+22
   0.10942E+05   0.39726E+04   0.50327E+01   0.72254E+22
   0.10944E+05   0.39731E+04   0.50332E+01   0.72261E+22
   0.10945E+05   0.39737E+04   0.50337E+01   0.72268E+22
   0.10947E+05   0.39742E+04   0.50342E+01   0.72275E+22
   0.10948E+05   0.39747E+04   0.50347E+01   0.72282E+22
   0.10950E+05   0.39753E+04   0.50352E+01   0.72289E+22
   0.10951E+05   0.39758E+04   0.50357E+01   0.72296E+22
   0.10953E+05   0.39763E+04   0.50362E+01   0.72303E+22
   0.10954E+05   0.39769E+04   0.50367E+01   0.72310E+22
   0.10956E+05   0.39774E+04   0.50372E+01   0.72318E+22
   0.10957E+05   0.39779E+04   0.50377E+01   0.72325E+22
   0.10959E+05   0.39785E+04   0.50382E+01   0.72332E+22
   0.10960E+05   0.39790E+04   0.50387E+01   0.72339E+22
   0.10962E+05   0.39795E+04   0.50392E+01   0.72346E+22
   0.10963E+05   0.39801E+04   0.50397E+01   0.72353E+22
   0.10964E+05   0.39806E+04   0.50402E+01   0.72360E+22
   0.10966E+05   0.39812E+04   0.50407E+01   0.72367E+22
   0.10967E+05   0.39817E+04   0.50412E+01   0.72374E+22
   0.10969E+05   0.39822E+04   0.50417E+01   0.72381E+22
   0.10970E+05   0.39828E+04   0.50422E+01   0.72388E+22
   0.10972E+05   0.39833E+04   0.50427E+01   0.72395E+22
   0.10973E+05   0.39838E+04   0.50432E+01   0.72402E+22
   0.10975E+05   0.39844E+04   0.50437E+01   0.72409E+22
   0.10976E+05   0.39849E+04   0.50442E+01   0.72417E+22
   0.10978E+05   0.39854E+04   0.50447E+01   0.72424E+22
   0.10979E+05   0.39860E+04   0.50452E+01   0.72431E+22
   0.10981E+05   0.39865E+04   0.50457E+01   0.72438E+22
   0.10982E+05   0.39870E+04   0.50462E+01   0.72445E+22
   0.10984E+05   0.39876E+04   0.50467E+01   0.72452E+22
   0.10985E+05   0.39881E+04   0.50472E+01   0.72459E+22
   0.10987E+05   0.39886E+04   0.50477E+01   0.72466E+22
   0.10988E+05   0.39892E+04   0.50482E+01   0.72473E+22
   0.10990E+05   0.39897E+04   0.50487E+01   0.72480E+22
   0.10991E+05   0.39902E+04   0.50492E+01   0.72487E+22
   0.10993E+05   0.39908E+04   0.50497E+01   0.72494E+22
   0.10994E+05   0.39913E+04   0.50502E+01   0.72501E+22
   0.10996E+05   0.39918E+04   0.50507E+01   0.72509E+22
   0.10997E+05   0.39924E+04   0.50512E+01   0.72516E+22
   0.10999E+05   0.39929E+04   0.50517E+01   0.72523E+22
   0.11000E+05   0.39934E+04   0.50522E+01   0.72530E+22
   0.11002E+05   0.39940E+04   0.50527E+01   0.72537E+22
   0.11003E+05   0.39945E+04   0.50532E+01   0.72544E+22
   0.11005E+05   0.39950E+04   0.50537E+01   0.72551E+22
   0.11006E+05   0.39956E+04   0.50542E+01   0.72558E+22
   0.11007E+05   0.39961E+04   0.50547E+01   0.72565E+22
   0.11009E+05   0.39966E+04   0.50552E+01   0.72572E+22
   0.11010E+05   0.39972E+04   0.50557E+01   0.72579E+22
   0.11012E+05   0.39977E+04   0.50562E+01   0.72586E+22
   0.11013E+05   0.39982E+04   0.50567E+01   0.72593E+22
   0.11015E+05   0.39988E+04   0.50572E+01   0.72600E+22
   0.11016E+05   0.39993E+04   0.50577E+01   0.72608E+22
   0.11018E+05   0.39998E+04   0.50582E+01   0.72615E+22
   0.11019E+05   0.40004E+04   0.50587E+01   0.72622E+22
   0.11021E+05   0.40009E+04   0.50592E+01   0.72629E+22
   0.11022E+05   0.40015E+04   0.50597E+01   0.72636E+22
   0.11024E+05   0.40020E+04   0.50602E+01   0.72643E+22
   0.11025E+05   0.40025E+04   0.50607E+01   0.72650E+22
   0.11027E+05   0.40031E+04   0.50612E+01   0.72657E+22
   0.11028E+05   0.40036E+04   0.50617E+01   0.72664E+22
   0.11030E+05   0.40041E+04   0.50622E+01   0.72671E+22
   0.11031E+05   0.40047E+04   0.50627E+01   0.72678E+22
   0.11033E+05   0.40052E+04   0.50632E+01   0.72685E+22
   0.11034E+05   0.40057E+04   0.50637E+01   0.72692E+22
   0.11036E+05   0.40063E+04   0.50642E+01   0.72699E+22
   0.11037E+05   0.40068E+04   0.50647E+01   0.72707E+22
   0.11039E+05   0.40073E+04   0.50652E+01   0.72714E+22
   0.11040E+05   0.40079E+04   0.50657E+01   0.72721E+22
   0.11042E+05   0.40084E+04   0.50662E+01   0.72728E+22
   0.11043E+05   0.40089E+04   0.50667E+01   0.72735E+22
   0.11045E+05   0.40095E+04   0.50672E+01   0.72742E+22
   0.11046E+05   0.40100E+04   0.50677E+01   0.72749E+22
   0.11048E+05   0.40105E+04   0.50682E+01   0.72756E+22
   0.11049E+05   0.40111E+04   0.50687E+01   0.72763E+22
   0.11051E+05   0.40116E+04   0.50692E+01   0.72770E+22
   0.11052E+05   0.40121E+04   0.50697E+01   0.72777E+22
   0.11054E+05   0.40127E+04   0.50702E+01   0.72784E+22
   0.11055E+05   0.40132E+04   0.50707E+01   0.72791E+22
   0.11056E+05   0.40137E+04   0.50712E+01   0.72799E+22
   0.11058E+05   0.40143E+04   0.50717E+01   0.72806E+22
   0.11059E+05   0.40148E+04   0.50722E+01   0.72813E+22
   0.11061E+05   0.40154E+04   0.50727E+01   0.72820E+22
   0.11062E+05   0.40159E+04   0.50732E+01   0.72827E+22
   0.11064E+05   0.40164E+04   0.50737E+01   0.72834E+22
   0.11065E+05   0.40170E+04   0.50742E+01   0.72841E+22
   0.11067E+05   0.40175E+04   0.50747E+01   0.72848E+22
   0.11068E+05   0.40180E+04   0.50752E+01   0.72855E+22
   0.11070E+05   0.40186E+04   0.50757E+01   0.72862E+22
   0.11071E+05   0.40191E+04   0.50762E+01   0.72869E+22
   0.11073E+05   0.40196E+04   0.50767E+01   0.72876E+22
   0.11074E+05   0.40202E+04   0.50772E+01   0.72883E+22
   0.11076E+05   0.40207E+04   0.50777E+01   0.72890E+22
   0.11077E+05   0.40212E+04   0.50782E+01   0.72898E+22
   0.11079E+05   0.40218E+04   0.50787E+01   0.72905E+22
   0.11080E+05   0.40223E+04   0.50792E+01   0.72912E+22
   0.11082E+05   0.40228E+04   0.50797E+01   0.72919E+22
   0.11083E+05   0.40234E+04   0.50802E+01   0.72926E+22
   0.11085E+05   0.40239E+04   0.50807E+01   0.72933E+22
   0.11086E+05   0.40244E+04   0.50812E+01   0.72940E+22
   0.11088E+05   0.40250E+04   0.50817E+01   0.72947E+22
   0.11089E+05   0.40255E+04   0.50822E+01   0.72954E+22
   0.11091E+05   0.40261E+04   0.50827E+01   0.72961E+22
   0.11092E+05   0.40266E+04   0.50832E+01   0.72968E+22
