 ========================================================
       E/V           P              n           eps      
    (MeV/fm3)     (MeV/fm3)      (#/fm3)    (erg/cm^3/s) 
 ========================================================
   0.43755E-11   0.63039E-25   0.47000E-14   0.00000E+00
   0.44091E-11   0.63039E-24   0.47300E-14   0.00000E+00
   0.44316E-11   0.63039E-23   0.47600E-14   0.00000E+00
   0.45718E-11   0.63039E-22   0.49100E-14   0.00000E+00
   0.65071E-11   0.75522E-21   0.69900E-14   0.00000E+00
   0.91997E-11   0.87381E-20   0.99000E-14   0.00000E+00
   0.25299E-10   0.10611E-18   0.27200E-13   0.00000E+00
   0.11892E-09   0.36326E-17   0.12700E-12   0.00000E+00
   0.64510E-09   0.11859E-15   0.69300E-12   0.00000E+00
   0.58564E-08   0.60817E-14   0.62950E-11   0.00000E+00
   0.14708E-07   0.31008E-13   0.15810E-10   0.00000E+00
   0.36950E-07   0.15173E-12   0.39720E-10   0.00000E+00
   0.92783E-07   0.71840E-12   0.99760E-10   0.00000E+00
   0.23313E-06   0.32868E-11   0.25060E-09   0.00000E+00
   0.58564E-06   0.14468E-10   0.62940E-09   0.00000E+00
   0.14708E-05   0.60886E-10   0.15810E-08   0.00000E+00
   0.36956E-05   0.24411E-09   0.39720E-08   0.00000E+00
   0.46520E-05   0.32824E-09   0.50000E-08   0.00000E+00
   0.92839E-05   0.89566E-09   0.99760E-08   0.00000E+00
   0.18523E-04   0.23924E-08   0.19900E-07   0.00000E+00
   0.36962E-04   0.62790E-08   0.39720E-07   0.00000E+00
   0.73766E-04   0.16253E-07   0.79240E-07   0.00000E+00
   0.14720E-03   0.41668E-07   0.15810E-06   0.00000E+00
   0.18534E-03   0.54538E-07   0.19900E-06   0.00000E+00
   0.29377E-03   0.10167E-06   0.31550E-06   0.00000E+00
   0.46565E-03   0.18906E-06   0.50000E-06   0.00000E+00
   0.58620E-03   0.25771E-06   0.62940E-06   0.00000E+00
   0.72252E-03   0.31432E-06   0.77530E-06   0.00000E+00
   0.90931E-03   0.42817E-06   0.97610E-06   0.00000E+00
   0.14417E-02   0.79392E-06   0.15470E-05   0.00000E+00
   0.22853E-02   0.14705E-05   0.24520E-05   0.00000E+00
   0.37035E-02   0.27225E-05   0.39710E-05   0.00000E+00
   0.45017E-02   0.35339E-05   0.48270E-05   0.00000E+00
   0.56713E-02   0.48072E-05   0.60770E-05   0.00000E+00
   0.71410E-02   0.65411E-05   0.76530E-05   0.00000E+00
   0.93119E-02   0.88942E-05   0.99810E-05   0.00000E+00
   0.11878E-01   0.12096E-04   0.12725E-04   0.00000E+00
   0.14759E-01   0.15622E-04   0.15810E-04   0.00000E+00
   0.18590E-01   0.21246E-04   0.19900E-04   0.00000E+00
   0.23403E-01   0.28886E-04   0.25060E-04   0.00000E+00
   0.29478E-01   0.37131E-04   0.31545E-04   0.00000E+00
   0.37119E-01   0.50488E-04   0.39710E-04   0.00000E+00
   0.46756E-01   0.68657E-04   0.50014E-04   0.00000E+00
   0.60359E-01   0.93311E-04   0.64550E-04   0.00000E+00
   0.77973E-01   0.12689E-03   0.83310E-04   0.00000E+00
   0.95980E-01   0.16209E-03   0.10250E-03   0.00000E+00
   0.10406E+00   0.18050E-03   0.11115E-03   0.00000E+00
   0.11466E+00   0.20535E-03   0.12240E-03   0.00000E+00
   0.14781E+00   0.27918E-03   0.15780E-03   0.00000E+00
   0.18427E+00   0.36301E-03   0.19660E-03   0.00000E+00
   0.22074E+00   0.43684E-03   0.23550E-03   0.00000E+00
   0.37539E+00   0.54551E-03   0.40000E-03   0.00000E+00
   0.56320E+00   0.78705E-03   0.60000E-03   0.00000E+00
   0.82573E+00   0.10579E-02   0.87900E-03   0.00000E+00
   0.14950E+01   0.16459E-02   0.15900E-02   0.00000E+00
   0.35099E+01   0.38654E-02   0.37300E-02   0.00000E+00
   0.54329E+01   0.69094E-02   0.57700E-02   0.00000E+00
   0.83919E+01   0.13082E-01   0.89100E-02   0.00000E+00
   0.19252E+02   0.46349E-01   0.20400E-01   0.00000E+00
   0.79659E+02   0.18777E+00   0.83922E-01   0.00000E+00
   0.80134E+02   0.19114E+00   0.84422E-01   0.00000E+00
   0.80610E+02   0.19464E+00   0.84922E-01   0.00000E+00
   0.81086E+02   0.19825E+00   0.85422E-01   0.00000E+00
   0.81562E+02   0.20199E+00   0.85922E-01   0.00000E+00
   0.82038E+02   0.20585E+00   0.86422E-01   0.00000E+00
   0.82513E+02   0.20984E+00   0.86922E-01   0.00000E+00
   0.82989E+02   0.21396E+00   0.87422E-01   0.00000E+00
   0.83465E+02   0.21822E+00   0.87922E-01   0.00000E+00
   0.83941E+02   0.22260E+00   0.88422E-01   0.00000E+00
   0.84417E+02   0.22712E+00   0.88922E-01   0.00000E+00
   0.84893E+02   0.23177E+00   0.89422E-01   0.00000E+00
   0.85369E+02   0.23656E+00   0.89922E-01   0.00000E+00
   0.85845E+02   0.24149E+00   0.90422E-01   0.00000E+00
   0.86321E+02   0.24656E+00   0.90922E-01   0.00000E+00
   0.86797E+02   0.25177E+00   0.91422E-01   0.00000E+00
   0.87273E+02   0.25713E+00   0.91922E-01   0.00000E+00
   0.87749E+02   0.26263E+00   0.92422E-01   0.00000E+00
   0.88225E+02   0.26827E+00   0.92922E-01   0.00000E+00
   0.88702E+02   0.27407E+00   0.93422E-01   0.00000E+00
   0.89178E+02   0.28001E+00   0.93922E-01   0.00000E+00
   0.89654E+02   0.28610E+00   0.94422E-01   0.00000E+00
   0.90130E+02   0.29234E+00   0.94922E-01   0.00000E+00
   0.90607E+02   0.29874E+00   0.95422E-01   0.00000E+00
   0.91083E+02   0.30529E+00   0.95922E-01   0.00000E+00
   0.91559E+02   0.31200E+00   0.96422E-01   0.00000E+00
   0.92036E+02   0.31887E+00   0.96922E-01   0.00000E+00
   0.92512E+02   0.32589E+00   0.97422E-01   0.00000E+00
   0.92989E+02   0.33308E+00   0.97922E-01   0.00000E+00
   0.93465E+02   0.34042E+00   0.98422E-01   0.00000E+00
   0.93942E+02   0.34793E+00   0.98922E-01   0.00000E+00
   0.94418E+02   0.35560E+00   0.99422E-01   0.00000E+00
   0.94895E+02   0.36344E+00   0.99922E-01   0.00000E+00
   0.95372E+02   0.37144E+00   0.10042E+00   0.00000E+00
   0.95849E+02   0.37962E+00   0.10092E+00   0.00000E+00
   0.96325E+02   0.38796E+00   0.10142E+00   0.00000E+00
   0.96802E+02   0.39647E+00   0.10192E+00   0.00000E+00
   0.97279E+02   0.40515E+00   0.10242E+00   0.00000E+00
   0.97756E+02   0.41401E+00   0.10292E+00   0.00000E+00
   0.98233E+02   0.42303E+00   0.10342E+00   0.00000E+00
   0.98710E+02   0.43223E+00   0.10392E+00   0.00000E+00
   0.99187E+02   0.44161E+00   0.10442E+00   0.00000E+00
   0.99664E+02   0.45116E+00   0.10492E+00   0.00000E+00
   0.10014E+03   0.46088E+00   0.10542E+00   0.00000E+00
   0.10062E+03   0.47078E+00   0.10592E+00   0.00000E+00
   0.10110E+03   0.48086E+00   0.10642E+00   0.00000E+00
   0.10157E+03   0.49112E+00   0.10692E+00   0.00000E+00
   0.10205E+03   0.50156E+00   0.10742E+00   0.00000E+00
   0.10253E+03   0.51218E+00   0.10792E+00   0.00000E+00
   0.10300E+03   0.52299E+00   0.10842E+00   0.00000E+00
   0.10348E+03   0.53398E+00   0.10892E+00   0.00000E+00
   0.10396E+03   0.54516E+00   0.10942E+00   0.00000E+00
   0.10444E+03   0.55652E+00   0.10992E+00   0.00000E+00
   0.10491E+03   0.56807E+00   0.11042E+00   0.00000E+00
   0.10539E+03   0.57981E+00   0.11092E+00   0.00000E+00
   0.10587E+03   0.59172E+00   0.11142E+00   0.00000E+00
   0.10635E+03   0.60378E+00   0.11192E+00   0.00000E+00
   0.10683E+03   0.61600E+00   0.11242E+00   0.00000E+00
   0.10730E+03   0.62841E+00   0.11292E+00   0.00000E+00
   0.10778E+03   0.64099E+00   0.11342E+00   0.00000E+00
   0.10826E+03   0.65375E+00   0.11392E+00   0.00000E+00
   0.10874E+03   0.66670E+00   0.11442E+00   0.00000E+00
   0.10922E+03   0.67983E+00   0.11492E+00   0.00000E+00
   0.10969E+03   0.69315E+00   0.11542E+00   0.00000E+00
   0.11017E+03   0.70666E+00   0.11592E+00   0.00000E+00
   0.11065E+03   0.72036E+00   0.11642E+00   0.00000E+00
   0.11113E+03   0.73425E+00   0.11692E+00   0.00000E+00
   0.11161E+03   0.74834E+00   0.11742E+00   0.00000E+00
   0.11209E+03   0.76262E+00   0.11792E+00   0.00000E+00
   0.11256E+03   0.77709E+00   0.11842E+00   0.00000E+00
   0.11304E+03   0.79176E+00   0.11892E+00   0.00000E+00
   0.11352E+03   0.80663E+00   0.11942E+00   0.00000E+00
   0.11400E+03   0.82170E+00   0.11992E+00   0.00000E+00
   0.11448E+03   0.83696E+00   0.12042E+00   0.00000E+00
   0.11496E+03   0.85243E+00   0.12092E+00   0.00000E+00
   0.11544E+03   0.86809E+00   0.12142E+00   0.00000E+00
   0.11592E+03   0.88396E+00   0.12192E+00   0.00000E+00
   0.11639E+03   0.90003E+00   0.12242E+00   0.00000E+00
   0.11687E+03   0.91630E+00   0.12292E+00   0.00000E+00
   0.11735E+03   0.93278E+00   0.12342E+00   0.00000E+00
   0.11783E+03   0.94946E+00   0.12392E+00   0.00000E+00
   0.11831E+03   0.96635E+00   0.12442E+00   0.00000E+00
   0.11879E+03   0.98345E+00   0.12492E+00   0.00000E+00
   0.11927E+03   0.10007E+01   0.12542E+00   0.00000E+00
   0.11975E+03   0.10183E+01   0.12592E+00   0.00000E+00
   0.12023E+03   0.10360E+01   0.12642E+00   0.00000E+00
   0.12071E+03   0.10539E+01   0.12692E+00   0.00000E+00
   0.12119E+03   0.10720E+01   0.12742E+00   0.00000E+00
   0.12167E+03   0.10904E+01   0.12792E+00   0.00000E+00
   0.12215E+03   0.11090E+01   0.12842E+00   0.00000E+00
   0.12263E+03   0.11277E+01   0.12892E+00   0.00000E+00
   0.12311E+03   0.11467E+01   0.12942E+00   0.00000E+00
   0.12359E+03   0.11659E+01   0.12992E+00   0.00000E+00
   0.12407E+03   0.11853E+01   0.13042E+00   0.00000E+00
   0.12455E+03   0.12050E+01   0.13092E+00   0.00000E+00
   0.12503E+03   0.12248E+01   0.13142E+00   0.00000E+00
   0.12551E+03   0.12449E+01   0.13192E+00   0.00000E+00
   0.12599E+03   0.12651E+01   0.13242E+00   0.00000E+00
   0.12647E+03   0.12856E+01   0.13292E+00   0.00000E+00
   0.12695E+03   0.13063E+01   0.13342E+00   0.00000E+00
   0.12743E+03   0.13273E+01   0.13392E+00   0.00000E+00
   0.12791E+03   0.13484E+01   0.13442E+00   0.00000E+00
   0.12839E+03   0.13698E+01   0.13492E+00   0.00000E+00
   0.12887E+03   0.13914E+01   0.13542E+00   0.00000E+00
   0.12935E+03   0.14132E+01   0.13592E+00   0.00000E+00
   0.12984E+03   0.14353E+01   0.13642E+00   0.00000E+00
   0.13032E+03   0.14575E+01   0.13692E+00   0.00000E+00
   0.13080E+03   0.14800E+01   0.13742E+00   0.00000E+00
   0.13128E+03   0.15028E+01   0.13792E+00   0.00000E+00
   0.13176E+03   0.15257E+01   0.13842E+00   0.00000E+00
   0.13224E+03   0.15489E+01   0.13892E+00   0.00000E+00
   0.13272E+03   0.15723E+01   0.13942E+00   0.00000E+00
   0.13321E+03   0.15959E+01   0.13992E+00   0.00000E+00
   0.13369E+03   0.16197E+01   0.14042E+00   0.00000E+00
   0.13417E+03   0.16438E+01   0.14092E+00   0.00000E+00
   0.13465E+03   0.16681E+01   0.14142E+00   0.00000E+00
   0.13513E+03   0.16927E+01   0.14192E+00   0.00000E+00
   0.13562E+03   0.17174E+01   0.14242E+00   0.00000E+00
   0.13610E+03   0.17424E+01   0.14292E+00   0.00000E+00
   0.13658E+03   0.17677E+01   0.14342E+00   0.00000E+00
   0.13706E+03   0.17931E+01   0.14392E+00   0.00000E+00
   0.13754E+03   0.18188E+01   0.14442E+00   0.00000E+00
   0.13803E+03   0.18448E+01   0.14492E+00   0.00000E+00
   0.13851E+03   0.18709E+01   0.14542E+00   0.00000E+00
   0.13899E+03   0.18973E+01   0.14592E+00   0.00000E+00
   0.13948E+03   0.19240E+01   0.14642E+00   0.00000E+00
   0.13996E+03   0.19508E+01   0.14692E+00   0.00000E+00
   0.14044E+03   0.19780E+01   0.14742E+00   0.00000E+00
   0.14092E+03   0.20053E+01   0.14792E+00   0.00000E+00
   0.14141E+03   0.20329E+01   0.14842E+00   0.00000E+00
   0.14189E+03   0.20607E+01   0.14892E+00   0.00000E+00
   0.14237E+03   0.20888E+01   0.14942E+00   0.00000E+00
   0.14286E+03   0.21171E+01   0.14992E+00   0.00000E+00
   0.14334E+03   0.21456E+01   0.15042E+00   0.00000E+00
   0.14382E+03   0.21744E+01   0.15092E+00   0.00000E+00
   0.14431E+03   0.22034E+01   0.15142E+00   0.00000E+00
   0.14479E+03   0.22327E+01   0.15192E+00   0.00000E+00
   0.14528E+03   0.22622E+01   0.15242E+00   0.00000E+00
   0.14576E+03   0.22920E+01   0.15292E+00   0.00000E+00
   0.14624E+03   0.23220E+01   0.15342E+00   0.00000E+00
   0.14673E+03   0.23522E+01   0.15392E+00   0.00000E+00
   0.14721E+03   0.23827E+01   0.15442E+00   0.00000E+00
   0.14770E+03   0.24134E+01   0.15492E+00   0.00000E+00
   0.14818E+03   0.24444E+01   0.15542E+00   0.00000E+00
   0.14867E+03   0.24756E+01   0.15592E+00   0.00000E+00
   0.14915E+03   0.25071E+01   0.15642E+00   0.00000E+00
   0.14964E+03   0.25388E+01   0.15692E+00   0.00000E+00
   0.15012E+03   0.25708E+01   0.15742E+00   0.00000E+00
   0.15061E+03   0.26030E+01   0.15792E+00   0.00000E+00
   0.15109E+03   0.26355E+01   0.15842E+00   0.00000E+00
   0.15158E+03   0.26682E+01   0.15892E+00   0.00000E+00
   0.15206E+03   0.27012E+01   0.15942E+00   0.00000E+00
   0.15255E+03   0.27344E+01   0.15992E+00   0.00000E+00
   0.15303E+03   0.27679E+01   0.16042E+00   0.00000E+00
   0.15352E+03   0.28016E+01   0.16092E+00   0.00000E+00
   0.15400E+03   0.28356E+01   0.16142E+00   0.00000E+00
   0.15449E+03   0.28698E+01   0.16192E+00   0.00000E+00
   0.15498E+03   0.29043E+01   0.16242E+00   0.00000E+00
   0.15546E+03   0.29391E+01   0.16292E+00   0.00000E+00
   0.15595E+03   0.29741E+01   0.16342E+00   0.00000E+00
   0.15643E+03   0.30093E+01   0.16392E+00   0.00000E+00
   0.15692E+03   0.30448E+01   0.16442E+00   0.00000E+00
   0.15741E+03   0.30806E+01   0.16492E+00   0.00000E+00
   0.15789E+03   0.31166E+01   0.16542E+00   0.00000E+00
   0.15838E+03   0.31529E+01   0.16592E+00   0.00000E+00
   0.15887E+03   0.31894E+01   0.16642E+00   0.00000E+00
   0.15935E+03   0.32263E+01   0.16692E+00   0.00000E+00
   0.15984E+03   0.32633E+01   0.16742E+00   0.00000E+00
   0.16033E+03   0.33006E+01   0.16792E+00   0.00000E+00
   0.16082E+03   0.33382E+01   0.16842E+00   0.00000E+00
   0.16130E+03   0.33761E+01   0.16892E+00   0.00000E+00
   0.16179E+03   0.34142E+01   0.16942E+00   0.00000E+00
   0.16228E+03   0.34525E+01   0.16992E+00   0.00000E+00
   0.16277E+03   0.34912E+01   0.17042E+00   0.00000E+00
   0.16325E+03   0.35301E+01   0.17092E+00   0.00000E+00
   0.16374E+03   0.35692E+01   0.17142E+00   0.00000E+00
   0.16423E+03   0.36087E+01   0.17192E+00   0.00000E+00
   0.16472E+03   0.36484E+01   0.17242E+00   0.00000E+00
   0.16521E+03   0.36883E+01   0.17292E+00   0.00000E+00
   0.16569E+03   0.37286E+01   0.17342E+00   0.00000E+00
   0.16618E+03   0.37690E+01   0.17392E+00   0.00000E+00
   0.16667E+03   0.38098E+01   0.17442E+00   0.00000E+00
   0.16716E+03   0.38508E+01   0.17492E+00   0.00000E+00
   0.16765E+03   0.38921E+01   0.17542E+00   0.00000E+00
   0.16814E+03   0.39337E+01   0.17592E+00   0.00000E+00
   0.16863E+03   0.39755E+01   0.17642E+00   0.00000E+00
   0.16912E+03   0.40177E+01   0.17692E+00   0.00000E+00
   0.16961E+03   0.40600E+01   0.17742E+00   0.00000E+00
   0.17010E+03   0.41027E+01   0.17792E+00   0.00000E+00
   0.17059E+03   0.41456E+01   0.17842E+00   0.00000E+00
   0.17108E+03   0.41888E+01   0.17892E+00   0.00000E+00
   0.17156E+03   0.42323E+01   0.17942E+00   0.00000E+00
   0.17205E+03   0.42760E+01   0.17992E+00   0.00000E+00
   0.17255E+03   0.43201E+01   0.18042E+00   0.00000E+00
   0.17304E+03   0.43643E+01   0.18092E+00   0.00000E+00
   0.17353E+03   0.44089E+01   0.18142E+00   0.00000E+00
   0.17402E+03   0.44538E+01   0.18192E+00   0.00000E+00
   0.17451E+03   0.44989E+01   0.18242E+00   0.00000E+00
   0.17500E+03   0.45443E+01   0.18292E+00   0.00000E+00
   0.17549E+03   0.45900E+01   0.18342E+00   0.00000E+00
   0.17598E+03   0.46359E+01   0.18392E+00   0.00000E+00
   0.17647E+03   0.46822E+01   0.18442E+00   0.00000E+00
   0.17696E+03   0.47287E+01   0.18492E+00   0.00000E+00
   0.17745E+03   0.47755E+01   0.18542E+00   0.00000E+00
   0.17794E+03   0.48225E+01   0.18592E+00   0.00000E+00
   0.17844E+03   0.48699E+01   0.18642E+00   0.00000E+00
   0.17893E+03   0.49175E+01   0.18692E+00   0.00000E+00
   0.17942E+03   0.49655E+01   0.18742E+00   0.00000E+00
   0.17991E+03   0.50137E+01   0.18792E+00   0.00000E+00
   0.18040E+03   0.50622E+01   0.18842E+00   0.00000E+00
   0.18090E+03   0.51109E+01   0.18892E+00   0.00000E+00
   0.18139E+03   0.51600E+01   0.18942E+00   0.00000E+00
   0.18188E+03   0.52093E+01   0.18992E+00   0.00000E+00
   0.18237E+03   0.52589E+01   0.19042E+00   0.00000E+00
   0.18287E+03   0.53089E+01   0.19092E+00   0.00000E+00
   0.18336E+03   0.53591E+01   0.19142E+00   0.00000E+00
   0.18385E+03   0.54095E+01   0.19192E+00   0.00000E+00
   0.18434E+03   0.54603E+01   0.19242E+00   0.00000E+00
   0.18484E+03   0.55114E+01   0.19292E+00   0.00000E+00
   0.18533E+03   0.55627E+01   0.19342E+00   0.00000E+00
   0.18582E+03   0.56143E+01   0.19392E+00   0.00000E+00
   0.18632E+03   0.56663E+01   0.19442E+00   0.00000E+00
   0.18681E+03   0.57185E+01   0.19492E+00   0.00000E+00
   0.18731E+03   0.57710E+01   0.19542E+00   0.00000E+00
   0.18780E+03   0.58238E+01   0.19592E+00   0.00000E+00
   0.18829E+03   0.58769E+01   0.19642E+00   0.00000E+00
   0.18879E+03   0.59303E+01   0.19692E+00   0.00000E+00
   0.18928E+03   0.59839E+01   0.19742E+00   0.00000E+00
   0.18978E+03   0.60379E+01   0.19792E+00   0.00000E+00
   0.19027E+03   0.60921E+01   0.19842E+00   0.00000E+00
   0.19077E+03   0.61467E+01   0.19892E+00   0.00000E+00
   0.19126E+03   0.62015E+01   0.19942E+00   0.00000E+00
   0.19176E+03   0.62567E+01   0.19992E+00   0.00000E+00
   0.19225E+03   0.63121E+01   0.20042E+00   0.00000E+00
   0.19275E+03   0.63679E+01   0.20092E+00   0.00000E+00
   0.19324E+03   0.64239E+01   0.20142E+00   0.00000E+00
   0.19374E+03   0.64802E+01   0.20192E+00   0.00000E+00
   0.19424E+03   0.65368E+01   0.20242E+00   0.00000E+00
   0.19473E+03   0.65937E+01   0.20292E+00   0.00000E+00
   0.19523E+03   0.66510E+01   0.20342E+00   0.00000E+00
   0.19572E+03   0.67085E+01   0.20392E+00   0.00000E+00
   0.19622E+03   0.67663E+01   0.20442E+00   0.00000E+00
   0.19672E+03   0.68244E+01   0.20492E+00   0.00000E+00
   0.19721E+03   0.68828E+01   0.20542E+00   0.00000E+00
   0.19771E+03   0.69415E+01   0.20592E+00   0.00000E+00
   0.19821E+03   0.70005E+01   0.20642E+00   0.00000E+00
   0.19870E+03   0.70599E+01   0.20692E+00   0.00000E+00
   0.19920E+03   0.71195E+01   0.20742E+00   0.00000E+00
   0.19970E+03   0.71794E+01   0.20792E+00   0.00000E+00
   0.20020E+03   0.72396E+01   0.20842E+00   0.00000E+00
   0.20069E+03   0.73001E+01   0.20892E+00   0.00000E+00
   0.20119E+03   0.73610E+01   0.20942E+00   0.00000E+00
   0.20169E+03   0.74221E+01   0.20992E+00   0.00000E+00
   0.20219E+03   0.74835E+01   0.21042E+00   0.00000E+00
   0.20269E+03   0.75453E+01   0.21092E+00   0.00000E+00
   0.20319E+03   0.76073E+01   0.21142E+00   0.00000E+00
   0.20368E+03   0.76697E+01   0.21192E+00   0.00000E+00
   0.20418E+03   0.77323E+01   0.21242E+00   0.00000E+00
   0.20468E+03   0.77953E+01   0.21292E+00   0.00000E+00
   0.20518E+03   0.78586E+01   0.21342E+00   0.00000E+00
   0.20568E+03   0.79221E+01   0.21392E+00   0.00000E+00
   0.20618E+03   0.79860E+01   0.21442E+00   0.00000E+00
   0.20668E+03   0.80502E+01   0.21492E+00   0.00000E+00
   0.20718E+03   0.81147E+01   0.21542E+00   0.00000E+00
   0.20768E+03   0.81795E+01   0.21592E+00   0.00000E+00
   0.20818E+03   0.82447E+01   0.21642E+00   0.00000E+00
   0.20868E+03   0.83101E+01   0.21692E+00   0.00000E+00
   0.20918E+03   0.83758E+01   0.21742E+00   0.00000E+00
   0.20968E+03   0.84419E+01   0.21792E+00   0.00000E+00
   0.21018E+03   0.85082E+01   0.21842E+00   0.00000E+00
   0.21068E+03   0.85749E+01   0.21892E+00   0.00000E+00
   0.21118E+03   0.86419E+01   0.21942E+00   0.00000E+00
   0.21168E+03   0.87092E+01   0.21992E+00   0.00000E+00
   0.21218E+03   0.87768E+01   0.22042E+00   0.00000E+00
   0.21268E+03   0.88447E+01   0.22092E+00   0.00000E+00
   0.21319E+03   0.89129E+01   0.22142E+00   0.00000E+00
   0.21369E+03   0.89815E+01   0.22192E+00   0.00000E+00
   0.21419E+03   0.90503E+01   0.22242E+00   0.00000E+00
   0.21469E+03   0.91195E+01   0.22292E+00   0.00000E+00
   0.21519E+03   0.91890E+01   0.22342E+00   0.00000E+00
   0.21570E+03   0.92588E+01   0.22392E+00   0.00000E+00
   0.21620E+03   0.93289E+01   0.22442E+00   0.00000E+00
   0.21670E+03   0.93993E+01   0.22492E+00   0.00000E+00
   0.21720E+03   0.94701E+01   0.22542E+00   0.00000E+00
   0.21771E+03   0.95411E+01   0.22592E+00   0.00000E+00
   0.21821E+03   0.96125E+01   0.22642E+00   0.00000E+00
   0.21871E+03   0.96842E+01   0.22692E+00   0.00000E+00
   0.21922E+03   0.97562E+01   0.22742E+00   0.00000E+00
   0.21972E+03   0.98285E+01   0.22792E+00   0.00000E+00
   0.22022E+03   0.99012E+01   0.22842E+00   0.00000E+00
   0.22073E+03   0.99741E+01   0.22892E+00   0.00000E+00
   0.22123E+03   0.10047E+02   0.22942E+00   0.00000E+00
   0.22173E+03   0.10121E+02   0.22992E+00   0.00000E+00
   0.22224E+03   0.10195E+02   0.23042E+00   0.00000E+00
   0.22274E+03   0.10269E+02   0.23092E+00   0.00000E+00
   0.22325E+03   0.10344E+02   0.23142E+00   0.00000E+00
   0.22375E+03   0.10419E+02   0.23192E+00   0.00000E+00
   0.22426E+03   0.10494E+02   0.23242E+00   0.00000E+00
   0.22476E+03   0.10569E+02   0.23292E+00   0.00000E+00
   0.22527E+03   0.10645E+02   0.23342E+00   0.00000E+00
   0.22577E+03   0.10721E+02   0.23392E+00   0.00000E+00
   0.22628E+03   0.10798E+02   0.23442E+00   0.00000E+00
   0.22678E+03   0.10875E+02   0.23492E+00   0.00000E+00
   0.22729E+03   0.10952E+02   0.23542E+00   0.00000E+00
   0.22780E+03   0.11029E+02   0.23592E+00   0.00000E+00
   0.22830E+03   0.11107E+02   0.23642E+00   0.00000E+00
   0.22881E+03   0.11185E+02   0.23692E+00   0.00000E+00
   0.22932E+03   0.11263E+02   0.23742E+00   0.00000E+00
   0.22982E+03   0.11342E+02   0.23792E+00   0.00000E+00
   0.23033E+03   0.11421E+02   0.23842E+00   0.00000E+00
   0.23084E+03   0.11501E+02   0.23892E+00   0.00000E+00
   0.23134E+03   0.11580E+02   0.23942E+00   0.00000E+00
   0.23185E+03   0.11660E+02   0.23992E+00   0.00000E+00
   0.23236E+03   0.11741E+02   0.24042E+00   0.00000E+00
   0.23287E+03   0.11821E+02   0.24092E+00   0.00000E+00
   0.23337E+03   0.11902E+02   0.24142E+00   0.00000E+00
   0.23388E+03   0.11984E+02   0.24192E+00   0.00000E+00
   0.23439E+03   0.12065E+02   0.24242E+00   0.00000E+00
   0.23490E+03   0.12147E+02   0.24292E+00   0.00000E+00
   0.23541E+03   0.12229E+02   0.24342E+00   0.00000E+00
   0.23592E+03   0.12312E+02   0.24392E+00   0.00000E+00
   0.23642E+03   0.12395E+02   0.24442E+00   0.00000E+00
   0.23693E+03   0.12478E+02   0.24492E+00   0.00000E+00
   0.23744E+03   0.12562E+02   0.24542E+00   0.00000E+00
   0.23795E+03   0.12646E+02   0.24592E+00   0.00000E+00
   0.23846E+03   0.12730E+02   0.24642E+00   0.00000E+00
   0.23897E+03   0.12815E+02   0.24692E+00   0.00000E+00
   0.23948E+03   0.12899E+02   0.24742E+00   0.00000E+00
   0.23999E+03   0.12985E+02   0.24792E+00   0.00000E+00
   0.24050E+03   0.13070E+02   0.24842E+00   0.00000E+00
   0.24101E+03   0.13156E+02   0.24892E+00   0.00000E+00
   0.24152E+03   0.13242E+02   0.24942E+00   0.00000E+00
   0.24203E+03   0.13329E+02   0.24992E+00   0.00000E+00
   0.24255E+03   0.13416E+02   0.25042E+00   0.00000E+00
   0.24306E+03   0.13503E+02   0.25092E+00   0.00000E+00
   0.24357E+03   0.13590E+02   0.25142E+00   0.00000E+00
   0.24408E+03   0.13678E+02   0.25192E+00   0.00000E+00
   0.24459E+03   0.13766E+02   0.25242E+00   0.00000E+00
   0.24510E+03   0.13855E+02   0.25292E+00   0.00000E+00
   0.24561E+03   0.13944E+02   0.25342E+00   0.00000E+00
   0.24613E+03   0.14033E+02   0.25392E+00   0.00000E+00
   0.24664E+03   0.14122E+02   0.25442E+00   0.00000E+00
   0.24715E+03   0.14212E+02   0.25492E+00   0.00000E+00
   0.24766E+03   0.14302E+02   0.25542E+00   0.00000E+00
   0.24818E+03   0.14393E+02   0.25592E+00   0.00000E+00
   0.24869E+03   0.14484E+02   0.25642E+00   0.00000E+00
   0.24920E+03   0.14575E+02   0.25692E+00   0.00000E+00
   0.24972E+03   0.14666E+02   0.25742E+00   0.00000E+00
   0.25023E+03   0.14758E+02   0.25792E+00   0.00000E+00
   0.25074E+03   0.14850E+02   0.25842E+00   0.00000E+00
   0.25126E+03   0.14942E+02   0.25892E+00   0.00000E+00
   0.25177E+03   0.15035E+02   0.25942E+00   0.00000E+00
   0.25229E+03   0.15128E+02   0.25992E+00   0.00000E+00
   0.25280E+03   0.15222E+02   0.26042E+00   0.00000E+00
   0.25332E+03   0.15315E+02   0.26092E+00   0.00000E+00
   0.25383E+03   0.15409E+02   0.26142E+00   0.00000E+00
   0.25435E+03   0.15504E+02   0.26192E+00   0.00000E+00
   0.25486E+03   0.15599E+02   0.26242E+00   0.00000E+00
   0.25538E+03   0.15694E+02   0.26292E+00   0.00000E+00
   0.25589E+03   0.15789E+02   0.26342E+00   0.00000E+00
   0.25641E+03   0.15885E+02   0.26392E+00   0.00000E+00
   0.25692E+03   0.15981E+02   0.26442E+00   0.00000E+00
   0.25744E+03   0.16077E+02   0.26492E+00   0.00000E+00
   0.25796E+03   0.16174E+02   0.26542E+00   0.00000E+00
   0.25847E+03   0.16271E+02   0.26592E+00   0.00000E+00
   0.25899E+03   0.16368E+02   0.26642E+00   0.00000E+00
   0.25951E+03   0.16466E+02   0.26692E+00   0.00000E+00
   0.26002E+03   0.16564E+02   0.26742E+00   0.00000E+00
   0.26054E+03   0.16662E+02   0.26792E+00   0.00000E+00
   0.26106E+03   0.16761E+02   0.26842E+00   0.00000E+00
   0.26158E+03   0.16860E+02   0.26892E+00   0.00000E+00
   0.26209E+03   0.16959E+02   0.26942E+00   0.00000E+00
   0.26261E+03   0.17059E+02   0.26992E+00   0.00000E+00
   0.26313E+03   0.17159E+02   0.27042E+00   0.00000E+00
   0.26365E+03   0.17259E+02   0.27092E+00   0.00000E+00
   0.26417E+03   0.17360E+02   0.27142E+00   0.00000E+00
   0.26469E+03   0.17461E+02   0.27192E+00   0.00000E+00
   0.26520E+03   0.17562E+02   0.27242E+00   0.00000E+00
   0.26572E+03   0.17664E+02   0.27292E+00   0.00000E+00
   0.26624E+03   0.17766E+02   0.27342E+00   0.00000E+00
   0.26676E+03   0.17868E+02   0.27392E+00   0.00000E+00
   0.26728E+03   0.17971E+02   0.27442E+00   0.00000E+00
   0.26780E+03   0.18074E+02   0.27492E+00   0.00000E+00
   0.26832E+03   0.18177E+02   0.27542E+00   0.00000E+00
   0.26884E+03   0.18281E+02   0.27592E+00   0.00000E+00
   0.26936E+03   0.18385E+02   0.27642E+00   0.00000E+00
   0.26988E+03   0.18489E+02   0.27692E+00   0.00000E+00
   0.27040E+03   0.18594E+02   0.27742E+00   0.00000E+00
   0.27092E+03   0.18699E+02   0.27792E+00   0.00000E+00
   0.27145E+03   0.18804E+02   0.27842E+00   0.00000E+00
   0.27197E+03   0.18910E+02   0.27892E+00   0.00000E+00
   0.27249E+03   0.19016E+02   0.27942E+00   0.00000E+00
   0.27301E+03   0.19122E+02   0.27992E+00   0.00000E+00
   0.27353E+03   0.19228E+02   0.28042E+00   0.00000E+00
   0.27405E+03   0.19335E+02   0.28092E+00   0.00000E+00
   0.27458E+03   0.19443E+02   0.28142E+00   0.00000E+00
   0.27510E+03   0.19550E+02   0.28192E+00   0.00000E+00
   0.27562E+03   0.19658E+02   0.28242E+00   0.00000E+00
   0.27614E+03   0.19766E+02   0.28292E+00   0.00000E+00
   0.27667E+03   0.19875E+02   0.28342E+00   0.00000E+00
   0.27719E+03   0.19984E+02   0.28392E+00   0.00000E+00
   0.27771E+03   0.20093E+02   0.28442E+00   0.00000E+00
   0.27824E+03   0.20202E+02   0.28492E+00   0.00000E+00
   0.27876E+03   0.20312E+02   0.28542E+00   0.00000E+00
   0.27929E+03   0.20422E+02   0.28592E+00   0.00000E+00
   0.27981E+03   0.20533E+02   0.28642E+00   0.00000E+00
   0.28033E+03   0.20644E+02   0.28692E+00   0.00000E+00
   0.28086E+03   0.20755E+02   0.28742E+00   0.00000E+00
   0.28138E+03   0.20866E+02   0.28792E+00   0.00000E+00
   0.28191E+03   0.20978E+02   0.28842E+00   0.00000E+00
   0.28243E+03   0.21090E+02   0.28892E+00   0.00000E+00
   0.28296E+03   0.21203E+02   0.28942E+00   0.00000E+00
   0.28348E+03   0.21316E+02   0.28992E+00   0.00000E+00
   0.28401E+03   0.21429E+02   0.29042E+00   0.00000E+00
   0.28454E+03   0.21542E+02   0.29092E+00   0.00000E+00
   0.28506E+03   0.21656E+02   0.29142E+00   0.00000E+00
   0.28559E+03   0.21770E+02   0.29192E+00   0.00000E+00
   0.28612E+03   0.21885E+02   0.29242E+00   0.00000E+00
   0.28664E+03   0.21999E+02   0.29292E+00   0.00000E+00
   0.28717E+03   0.22114E+02   0.29342E+00   0.00000E+00
   0.28770E+03   0.22230E+02   0.29392E+00   0.00000E+00
   0.28822E+03   0.22346E+02   0.29442E+00   0.00000E+00
   0.28875E+03   0.22462E+02   0.29492E+00   0.00000E+00
   0.28928E+03   0.22578E+02   0.29542E+00   0.00000E+00
   0.28981E+03   0.22695E+02   0.29592E+00   0.00000E+00
   0.29033E+03   0.22812E+02   0.29642E+00   0.00000E+00
   0.29086E+03   0.22929E+02   0.29692E+00   0.00000E+00
   0.29139E+03   0.23047E+02   0.29742E+00   0.00000E+00
   0.29192E+03   0.23165E+02   0.29792E+00   0.00000E+00
   0.29245E+03   0.23283E+02   0.29842E+00   0.00000E+00
   0.29298E+03   0.23402E+02   0.29892E+00   0.00000E+00
   0.29351E+03   0.23521E+02   0.29942E+00   0.00000E+00
   0.29404E+03   0.23640E+02   0.29992E+00   0.00000E+00
   0.29457E+03   0.23760E+02   0.30042E+00   0.00000E+00
   0.29510E+03   0.23879E+02   0.30092E+00   0.00000E+00
   0.29563E+03   0.24000E+02   0.30142E+00   0.00000E+00
   0.29616E+03   0.24120E+02   0.30192E+00   0.00000E+00
   0.29669E+03   0.24241E+02   0.30242E+00   0.00000E+00
   0.29722E+03   0.24362E+02   0.30292E+00   0.00000E+00
   0.29775E+03   0.24484E+02   0.30342E+00   0.00000E+00
   0.29828E+03   0.24606E+02   0.30392E+00   0.00000E+00
   0.29881E+03   0.24728E+02   0.30442E+00   0.00000E+00
   0.29934E+03   0.24850E+02   0.30492E+00   0.00000E+00
   0.29987E+03   0.24973E+02   0.30542E+00   0.00000E+00
   0.30041E+03   0.25096E+02   0.30592E+00   0.00000E+00
   0.30094E+03   0.25220E+02   0.30642E+00   0.00000E+00
   0.30147E+03   0.25344E+02   0.30692E+00   0.00000E+00
   0.30200E+03   0.25468E+02   0.30742E+00   0.00000E+00
   0.30254E+03   0.25592E+02   0.30792E+00   0.00000E+00
   0.30307E+03   0.25717E+02   0.30842E+00   0.00000E+00
   0.30360E+03   0.25842E+02   0.30892E+00   0.00000E+00
   0.30414E+03   0.25967E+02   0.30942E+00   0.00000E+00
   0.30467E+03   0.26093E+02   0.30992E+00   0.00000E+00
   0.30520E+03   0.26219E+02   0.31042E+00   0.00000E+00
   0.30574E+03   0.26345E+02   0.31092E+00   0.00000E+00
   0.30627E+03   0.26472E+02   0.31142E+00   0.00000E+00
   0.30681E+03   0.26599E+02   0.31192E+00   0.00000E+00
   0.30734E+03   0.26726E+02   0.31242E+00   0.00000E+00
   0.30787E+03   0.26854E+02   0.31292E+00   0.00000E+00
   0.30841E+03   0.26982E+02   0.31342E+00   0.00000E+00
   0.30894E+03   0.27110E+02   0.31392E+00   0.00000E+00
   0.30948E+03   0.27238E+02   0.31442E+00   0.00000E+00
   0.31002E+03   0.27367E+02   0.31492E+00   0.00000E+00
   0.31055E+03   0.27496E+02   0.31542E+00   0.00000E+00
   0.31109E+03   0.27626E+02   0.31592E+00   0.00000E+00
   0.31162E+03   0.27756E+02   0.31642E+00   0.00000E+00
   0.31216E+03   0.27886E+02   0.31692E+00   0.00000E+00
   0.31270E+03   0.28016E+02   0.31742E+00   0.00000E+00
   0.31323E+03   0.28147E+02   0.31792E+00   0.00000E+00
   0.31377E+03   0.28278E+02   0.31842E+00   0.00000E+00
   0.31431E+03   0.28409E+02   0.31892E+00   0.00000E+00
   0.31484E+03   0.28541E+02   0.31942E+00   0.00000E+00
   0.31538E+03   0.28673E+02   0.31992E+00   0.00000E+00
   0.31592E+03   0.28805E+02   0.32042E+00   0.00000E+00
   0.31646E+03   0.28938E+02   0.32092E+00   0.00000E+00
   0.31700E+03   0.29071E+02   0.32142E+00   0.00000E+00
   0.31753E+03   0.29204E+02   0.32192E+00   0.00000E+00
   0.31807E+03   0.29338E+02   0.32242E+00   0.00000E+00
   0.31861E+03   0.29471E+02   0.32292E+00   0.00000E+00
   0.31915E+03   0.29606E+02   0.32342E+00   0.00000E+00
   0.31969E+03   0.29740E+02   0.32392E+00   0.00000E+00
   0.32023E+03   0.29875E+02   0.32442E+00   0.00000E+00
   0.32077E+03   0.30010E+02   0.32492E+00   0.00000E+00
   0.32131E+03   0.30145E+02   0.32542E+00   0.00000E+00
   0.32185E+03   0.30281E+02   0.32592E+00   0.00000E+00
   0.32239E+03   0.30417E+02   0.32642E+00   0.00000E+00
   0.32293E+03   0.30553E+02   0.32692E+00   0.00000E+00
   0.32347E+03   0.30690E+02   0.32742E+00   0.00000E+00
   0.32401E+03   0.30827E+02   0.32792E+00   0.00000E+00
   0.32455E+03   0.30964E+02   0.32842E+00   0.00000E+00
   0.32509E+03   0.31102E+02   0.32892E+00   0.00000E+00
   0.32564E+03   0.31240E+02   0.32942E+00   0.00000E+00
   0.32618E+03   0.31378E+02   0.32992E+00   0.00000E+00
   0.32672E+03   0.31516E+02   0.33042E+00   0.00000E+00
   0.32726E+03   0.31655E+02   0.33092E+00   0.00000E+00
   0.32780E+03   0.31794E+02   0.33142E+00   0.00000E+00
   0.32835E+03   0.31933E+02   0.33192E+00   0.00000E+00
   0.32889E+03   0.32073E+02   0.33242E+00   0.00000E+00
   0.32943E+03   0.32213E+02   0.33292E+00   0.00000E+00
   0.32998E+03   0.32353E+02   0.33342E+00   0.00000E+00
   0.33052E+03   0.32494E+02   0.33392E+00   0.00000E+00
   0.33106E+03   0.32635E+02   0.33442E+00   0.00000E+00
   0.33161E+03   0.32776E+02   0.33492E+00   0.00000E+00
   0.33215E+03   0.32918E+02   0.33542E+00   0.00000E+00
   0.33270E+03   0.33059E+02   0.33592E+00   0.00000E+00
   0.33324E+03   0.33201E+02   0.33642E+00   0.00000E+00
   0.33378E+03   0.33344E+02   0.33692E+00   0.00000E+00
   0.33433E+03   0.33487E+02   0.33742E+00   0.00000E+00
   0.33488E+03   0.33630E+02   0.33792E+00   0.00000E+00
   0.33542E+03   0.33773E+02   0.33842E+00   0.00000E+00
   0.33597E+03   0.33916E+02   0.33892E+00   0.00000E+00
   0.33651E+03   0.34060E+02   0.33942E+00   0.00000E+00
   0.33706E+03   0.34205E+02   0.33992E+00   0.00000E+00
   0.33760E+03   0.34349E+02   0.34042E+00   0.00000E+00
   0.33815E+03   0.34494E+02   0.34092E+00   0.00000E+00
   0.33870E+03   0.34639E+02   0.34142E+00   0.00000E+00
   0.33924E+03   0.34784E+02   0.34192E+00   0.00000E+00
   0.33979E+03   0.34930E+02   0.34242E+00   0.00000E+00
   0.34034E+03   0.35076E+02   0.34292E+00   0.00000E+00
   0.34089E+03   0.35222E+02   0.34342E+00   0.00000E+00
   0.34143E+03   0.35369E+02   0.34392E+00   0.00000E+00
   0.34198E+03   0.35516E+02   0.34442E+00   0.00000E+00
   0.34253E+03   0.35663E+02   0.34492E+00   0.00000E+00
   0.34308E+03   0.35810E+02   0.34542E+00   0.00000E+00
   0.34363E+03   0.35958E+02   0.34592E+00   0.00000E+00
   0.34418E+03   0.36106E+02   0.34642E+00   0.00000E+00
   0.34472E+03   0.36254E+02   0.34692E+00   0.00000E+00
   0.34527E+03   0.36403E+02   0.34742E+00   0.00000E+00
   0.34582E+03   0.36552E+02   0.34792E+00   0.00000E+00
   0.34637E+03   0.36701E+02   0.34842E+00   0.00000E+00
   0.34692E+03   0.36851E+02   0.34892E+00   0.00000E+00
   0.34747E+03   0.37000E+02   0.34942E+00   0.00000E+00
   0.34802E+03   0.37151E+02   0.34992E+00   0.00000E+00
   0.34857E+03   0.37301E+02   0.35042E+00   0.00000E+00
   0.34912E+03   0.37452E+02   0.35092E+00   0.00000E+00
   0.34967E+03   0.37603E+02   0.35142E+00   0.00000E+00
   0.35023E+03   0.37754E+02   0.35192E+00   0.00000E+00
   0.35078E+03   0.37905E+02   0.35242E+00   0.00000E+00
   0.35133E+03   0.38057E+02   0.35292E+00   0.00000E+00
   0.35188E+03   0.38209E+02   0.35342E+00   0.00000E+00
   0.35243E+03   0.38362E+02   0.35392E+00   0.00000E+00
   0.35298E+03   0.38514E+02   0.35442E+00   0.00000E+00
   0.35354E+03   0.38667E+02   0.35492E+00   0.00000E+00
   0.35409E+03   0.38821E+02   0.35542E+00   0.00000E+00
   0.35464E+03   0.38974E+02   0.35592E+00   0.00000E+00
   0.35520E+03   0.39128E+02   0.35642E+00   0.00000E+00
   0.35575E+03   0.39282E+02   0.35692E+00   0.00000E+00
   0.35630E+03   0.39436E+02   0.35742E+00   0.00000E+00
   0.35686E+03   0.39591E+02   0.35792E+00   0.00000E+00
   0.35741E+03   0.39746E+02   0.35842E+00   0.00000E+00
   0.35796E+03   0.39901E+02   0.35892E+00   0.00000E+00
   0.35852E+03   0.40057E+02   0.35942E+00   0.00000E+00
   0.35907E+03   0.40213E+02   0.35992E+00   0.00000E+00
   0.35963E+03   0.40369E+02   0.36042E+00   0.00000E+00
   0.36018E+03   0.40525E+02   0.36092E+00   0.00000E+00
   0.36074E+03   0.40682E+02   0.36142E+00   0.00000E+00
   0.36129E+03   0.40839E+02   0.36192E+00   0.00000E+00
   0.36185E+03   0.40996E+02   0.36242E+00   0.00000E+00
   0.36240E+03   0.41153E+02   0.36292E+00   0.00000E+00
   0.36296E+03   0.41311E+02   0.36342E+00   0.00000E+00
   0.36352E+03   0.41469E+02   0.36392E+00   0.00000E+00
   0.36407E+03   0.41628E+02   0.36442E+00   0.00000E+00
   0.36463E+03   0.41786E+02   0.36492E+00   0.00000E+00
   0.36519E+03   0.41945E+02   0.36542E+00   0.00000E+00
   0.36574E+03   0.42104E+02   0.36592E+00   0.00000E+00
   0.36630E+03   0.42264E+02   0.36642E+00   0.00000E+00
   0.36686E+03   0.42424E+02   0.36692E+00   0.00000E+00
   0.36742E+03   0.42584E+02   0.36742E+00   0.00000E+00
   0.36798E+03   0.42744E+02   0.36792E+00   0.00000E+00
   0.36853E+03   0.42904E+02   0.36842E+00   0.00000E+00
   0.36909E+03   0.43065E+02   0.36892E+00   0.00000E+00
   0.36965E+03   0.43226E+02   0.36942E+00   0.00000E+00
   0.37021E+03   0.43388E+02   0.36992E+00   0.00000E+00
   0.37077E+03   0.43549E+02   0.37042E+00   0.00000E+00
   0.37133E+03   0.43711E+02   0.37092E+00   0.00000E+00
   0.37189E+03   0.43874E+02   0.37142E+00   0.00000E+00
   0.37245E+03   0.44036E+02   0.37192E+00   0.00000E+00
   0.37301E+03   0.44199E+02   0.37242E+00   0.00000E+00
   0.37357E+03   0.44362E+02   0.37292E+00   0.00000E+00
   0.37413E+03   0.44525E+02   0.37342E+00   0.00000E+00
   0.37469E+03   0.44689E+02   0.37392E+00   0.00000E+00
   0.37525E+03   0.44853E+02   0.37442E+00   0.00000E+00
   0.37581E+03   0.45017E+02   0.37492E+00   0.00000E+00
   0.37637E+03   0.45181E+02   0.37542E+00   0.00000E+00
   0.37693E+03   0.45346E+02   0.37592E+00   0.00000E+00
   0.37750E+03   0.45511E+02   0.37642E+00   0.00000E+00
   0.37806E+03   0.45676E+02   0.37692E+00   0.00000E+00
   0.37862E+03   0.45841E+02   0.37742E+00   0.00000E+00
   0.37918E+03   0.46007E+02   0.37792E+00   0.00000E+00
   0.37975E+03   0.46173E+02   0.37842E+00   0.00000E+00
   0.38031E+03   0.46339E+02   0.37892E+00   0.00000E+00
   0.38087E+03   0.46506E+02   0.37942E+00   0.00000E+00
   0.38143E+03   0.46673E+02   0.37992E+00   0.00000E+00
   0.38200E+03   0.46840E+02   0.38042E+00   0.00000E+00
   0.38256E+03   0.47007E+02   0.38092E+00   0.00000E+00
   0.38313E+03   0.47175E+02   0.38142E+00   0.00000E+00
   0.38369E+03   0.47342E+02   0.38192E+00   0.00000E+00
   0.38425E+03   0.47511E+02   0.38242E+00   0.00000E+00
   0.38482E+03   0.47679E+02   0.38292E+00   0.00000E+00
   0.38538E+03   0.47848E+02   0.38342E+00   0.00000E+00
   0.38595E+03   0.48016E+02   0.38392E+00   0.00000E+00
   0.38651E+03   0.48186E+02   0.38442E+00   0.00000E+00
   0.38708E+03   0.48355E+02   0.38492E+00   0.00000E+00
   0.38765E+03   0.48525E+02   0.38542E+00   0.00000E+00
   0.38821E+03   0.48695E+02   0.38592E+00   0.00000E+00
   0.38878E+03   0.48865E+02   0.38642E+00   0.00000E+00
   0.38934E+03   0.49035E+02   0.38692E+00   0.00000E+00
   0.38991E+03   0.49206E+02   0.38742E+00   0.00000E+00
   0.39048E+03   0.49377E+02   0.38792E+00   0.00000E+00
   0.39104E+03   0.49548E+02   0.38842E+00   0.00000E+00
   0.39161E+03   0.49720E+02   0.38892E+00   0.00000E+00
   0.39218E+03   0.49892E+02   0.38942E+00   0.00000E+00
   0.39275E+03   0.50064E+02   0.38992E+00   0.00000E+00
   0.39331E+03   0.50236E+02   0.39042E+00   0.00000E+00
   0.39388E+03   0.50409E+02   0.39092E+00   0.00000E+00
   0.39445E+03   0.50581E+02   0.39142E+00   0.00000E+00
   0.39502E+03   0.50754E+02   0.39192E+00   0.00000E+00
   0.39559E+03   0.50928E+02   0.39242E+00   0.00000E+00
   0.39616E+03   0.51101E+02   0.39292E+00   0.00000E+00
   0.39673E+03   0.51275E+02   0.39342E+00   0.00000E+00
   0.39730E+03   0.51449E+02   0.39392E+00   0.00000E+00
   0.39787E+03   0.51623E+02   0.39442E+00   0.00000E+00
   0.39844E+03   0.51798E+02   0.39492E+00   0.00000E+00
   0.39901E+03   0.51973E+02   0.39542E+00   0.00000E+00
   0.39958E+03   0.52148E+02   0.39592E+00   0.00000E+00
   0.40015E+03   0.52323E+02   0.39642E+00   0.00000E+00
   0.40072E+03   0.52499E+02   0.39692E+00   0.00000E+00
   0.40129E+03   0.52675E+02   0.39742E+00   0.00000E+00
   0.40186E+03   0.52851E+02   0.39792E+00   0.00000E+00
   0.40243E+03   0.53027E+02   0.39842E+00   0.00000E+00
   0.40300E+03   0.53204E+02   0.39892E+00   0.00000E+00
   0.40358E+03   0.53381E+02   0.39942E+00   0.00000E+00
   0.40415E+03   0.53558E+02   0.39992E+00   0.00000E+00
   0.40472E+03   0.53735E+02   0.40042E+00   0.00000E+00
   0.40529E+03   0.53913E+02   0.40092E+00   0.00000E+00
   0.40586E+03   0.54091E+02   0.40142E+00   0.00000E+00
   0.40644E+03   0.54269E+02   0.40192E+00   0.00000E+00
   0.40701E+03   0.54447E+02   0.40242E+00   0.00000E+00
   0.40758E+03   0.54626E+02   0.40292E+00   0.00000E+00
   0.40816E+03   0.54804E+02   0.40342E+00   0.00000E+00
   0.40873E+03   0.54983E+02   0.40392E+00   0.00000E+00
   0.40931E+03   0.55163E+02   0.40442E+00   0.00000E+00
   0.40988E+03   0.55342E+02   0.40492E+00   0.00000E+00
   0.41046E+03   0.55522E+02   0.40542E+00   0.00000E+00
   0.41103E+03   0.55702E+02   0.40592E+00   0.00000E+00
   0.41161E+03   0.55882E+02   0.40642E+00   0.00000E+00
   0.41218E+03   0.56063E+02   0.40692E+00   0.00000E+00
   0.41276E+03   0.56244E+02   0.40742E+00   0.00000E+00
   0.41333E+03   0.56425E+02   0.40792E+00   0.00000E+00
   0.41391E+03   0.56606E+02   0.40842E+00   0.00000E+00
   0.41448E+03   0.56788E+02   0.40892E+00   0.00000E+00
   0.41506E+03   0.56969E+02   0.40942E+00   0.00000E+00
   0.41564E+03   0.57151E+02   0.40992E+00   0.00000E+00
   0.41621E+03   0.57334E+02   0.41042E+00   0.00000E+00
   0.41679E+03   0.57516E+02   0.41092E+00   0.00000E+00
   0.41737E+03   0.57699E+02   0.41142E+00   0.00000E+00
   0.41794E+03   0.57882E+02   0.41192E+00   0.00000E+00
   0.41852E+03   0.58065E+02   0.41242E+00   0.00000E+00
   0.41910E+03   0.58248E+02   0.41292E+00   0.00000E+00
   0.41968E+03   0.58432E+02   0.41342E+00   0.00000E+00
   0.42026E+03   0.58616E+02   0.41392E+00   0.00000E+00
   0.42084E+03   0.58800E+02   0.41442E+00   0.00000E+00
   0.42141E+03   0.58984E+02   0.41492E+00   0.00000E+00
   0.42199E+03   0.59169E+02   0.41542E+00   0.00000E+00
   0.42257E+03   0.59354E+02   0.41592E+00   0.00000E+00
   0.42315E+03   0.59539E+02   0.41642E+00   0.00000E+00
   0.42373E+03   0.59724E+02   0.41692E+00   0.00000E+00
   0.42431E+03   0.59910E+02   0.41742E+00   0.00000E+00
   0.42489E+03   0.60096E+02   0.41792E+00   0.00000E+00
   0.42547E+03   0.60282E+02   0.41842E+00   0.00000E+00
   0.42605E+03   0.60468E+02   0.41892E+00   0.00000E+00
   0.42663E+03   0.60654E+02   0.41942E+00   0.00000E+00
   0.42721E+03   0.60841E+02   0.41992E+00   0.00000E+00
   0.42780E+03   0.61028E+02   0.42042E+00   0.00000E+00
   0.42838E+03   0.61215E+02   0.42092E+00   0.00000E+00
   0.42896E+03   0.61403E+02   0.42142E+00   0.00000E+00
   0.42954E+03   0.61590E+02   0.42192E+00   0.00000E+00
   0.43012E+03   0.61778E+02   0.42242E+00   0.00000E+00
   0.43071E+03   0.61966E+02   0.42292E+00   0.00000E+00
   0.43129E+03   0.62155E+02   0.42342E+00   0.00000E+00
   0.43187E+03   0.62343E+02   0.42392E+00   0.00000E+00
   0.43245E+03   0.62532E+02   0.42442E+00   0.00000E+00
   0.43304E+03   0.62721E+02   0.42492E+00   0.00000E+00
   0.43362E+03   0.62910E+02   0.42542E+00   0.00000E+00
   0.43420E+03   0.63100E+02   0.42592E+00   0.00000E+00
   0.43479E+03   0.63290E+02   0.42642E+00   0.00000E+00
   0.43537E+03   0.63480E+02   0.42692E+00   0.00000E+00
   0.43596E+03   0.63670E+02   0.42742E+00   0.00000E+00
   0.43654E+03   0.63860E+02   0.42792E+00   0.00000E+00
   0.43713E+03   0.64051E+02   0.42842E+00   0.00000E+00
   0.43771E+03   0.64242E+02   0.42892E+00   0.00000E+00
   0.43830E+03   0.64433E+02   0.42942E+00   0.00000E+00
   0.43888E+03   0.64624E+02   0.42992E+00   0.00000E+00
   0.43947E+03   0.64816E+02   0.43042E+00   0.00000E+00
   0.44005E+03   0.65007E+02   0.43092E+00   0.00000E+00
   0.44064E+03   0.65199E+02   0.43142E+00   0.00000E+00
   0.44123E+03   0.65391E+02   0.43192E+00   0.00000E+00
   0.44181E+03   0.65584E+02   0.43242E+00   0.00000E+00
   0.44240E+03   0.65777E+02   0.43292E+00   0.00000E+00
   0.44299E+03   0.65969E+02   0.43342E+00   0.00000E+00
   0.44357E+03   0.66162E+02   0.43392E+00   0.00000E+00
   0.44416E+03   0.66356E+02   0.43442E+00   0.00000E+00
   0.44475E+03   0.66549E+02   0.43492E+00   0.00000E+00
   0.44534E+03   0.66743E+02   0.43542E+00   0.00000E+00
   0.44592E+03   0.66937E+02   0.43592E+00   0.00000E+00
   0.44651E+03   0.67131E+02   0.43642E+00   0.00000E+00
   0.44710E+03   0.67326E+02   0.43692E+00   0.00000E+00
   0.44769E+03   0.67520E+02   0.43742E+00   0.00000E+00
   0.44828E+03   0.67715E+02   0.43792E+00   0.00000E+00
   0.44887E+03   0.67910E+02   0.43842E+00   0.00000E+00
   0.44946E+03   0.68105E+02   0.43892E+00   0.00000E+00
   0.45005E+03   0.68301E+02   0.43942E+00   0.00000E+00
   0.45064E+03   0.68497E+02   0.43992E+00   0.00000E+00
   0.45123E+03   0.68693E+02   0.44042E+00   0.00000E+00
   0.45182E+03   0.68889E+02   0.44092E+00   0.00000E+00
   0.45241E+03   0.69085E+02   0.44142E+00   0.00000E+00
   0.45300E+03   0.69282E+02   0.44192E+00   0.00000E+00
   0.45359E+03   0.69478E+02   0.44242E+00   0.00000E+00
   0.45418E+03   0.69675E+02   0.44292E+00   0.00000E+00
   0.45477E+03   0.69873E+02   0.44342E+00   0.00000E+00
   0.45536E+03   0.70070E+02   0.44392E+00   0.00000E+00
   0.45596E+03   0.70268E+02   0.44442E+00   0.00000E+00
   0.45655E+03   0.70466E+02   0.44492E+00   0.00000E+00
   0.45714E+03   0.70664E+02   0.44542E+00   0.00000E+00
   0.45773E+03   0.70862E+02   0.44592E+00   0.00000E+00
   0.45833E+03   0.71060E+02   0.44642E+00   0.00000E+00
   0.45892E+03   0.71259E+02   0.44692E+00   0.00000E+00
   0.45951E+03   0.71458E+02   0.44742E+00   0.00000E+00
   0.46011E+03   0.71657E+02   0.44792E+00   0.00000E+00
   0.46070E+03   0.71857E+02   0.44842E+00   0.00000E+00
   0.46129E+03   0.72056E+02   0.44892E+00   0.00000E+00
   0.46189E+03   0.72256E+02   0.44942E+00   0.00000E+00
   0.46248E+03   0.72456E+02   0.44992E+00   0.00000E+00
   0.46308E+03   0.72656E+02   0.45042E+00   0.00000E+00
   0.46367E+03   0.72856E+02   0.45092E+00   0.00000E+00
   0.46427E+03   0.73057E+02   0.45142E+00   0.00000E+00
   0.46486E+03   0.73258E+02   0.45192E+00   0.00000E+00
   0.46546E+03   0.73459E+02   0.45242E+00   0.00000E+00
   0.46605E+03   0.73660E+02   0.45292E+00   0.00000E+00
   0.46665E+03   0.73862E+02   0.45342E+00   0.00000E+00
   0.46725E+03   0.74063E+02   0.45392E+00   0.00000E+00
   0.46784E+03   0.74265E+02   0.45442E+00   0.00000E+00
   0.46844E+03   0.74467E+02   0.45492E+00   0.00000E+00
   0.46904E+03   0.74669E+02   0.45542E+00   0.00000E+00
   0.46963E+03   0.74872E+02   0.45592E+00   0.00000E+00
   0.47023E+03   0.75074E+02   0.45642E+00   0.00000E+00
   0.47083E+03   0.75277E+02   0.45692E+00   0.00000E+00
   0.47142E+03   0.75480E+02   0.45742E+00   0.00000E+00
   0.47202E+03   0.75684E+02   0.45792E+00   0.00000E+00
   0.47262E+03   0.75887E+02   0.45842E+00   0.00000E+00
   0.47322E+03   0.76091E+02   0.45892E+00   0.00000E+00
   0.47382E+03   0.76295E+02   0.45942E+00   0.00000E+00
   0.47442E+03   0.76499E+02   0.45992E+00   0.00000E+00
   0.47502E+03   0.76703E+02   0.46042E+00   0.00000E+00
   0.47562E+03   0.76908E+02   0.46092E+00   0.00000E+00
   0.47621E+03   0.77112E+02   0.46142E+00   0.00000E+00
   0.47681E+03   0.77317E+02   0.46192E+00   0.00000E+00
   0.47741E+03   0.77522E+02   0.46242E+00   0.00000E+00
   0.47801E+03   0.77728E+02   0.46292E+00   0.00000E+00
   0.47861E+03   0.77933E+02   0.46342E+00   0.00000E+00
   0.47922E+03   0.78139E+02   0.46392E+00   0.00000E+00
   0.47982E+03   0.78345E+02   0.46442E+00   0.00000E+00
   0.48042E+03   0.78551E+02   0.46492E+00   0.00000E+00
   0.48102E+03   0.78757E+02   0.46542E+00   0.00000E+00
   0.48162E+03   0.78963E+02   0.46592E+00   0.00000E+00
   0.48222E+03   0.79170E+02   0.46642E+00   0.00000E+00
   0.48282E+03   0.79377E+02   0.46692E+00   0.00000E+00
   0.48343E+03   0.79584E+02   0.46742E+00   0.00000E+00
   0.48403E+03   0.79791E+02   0.46792E+00   0.00000E+00
   0.48463E+03   0.79999E+02   0.46842E+00   0.00000E+00
   0.48523E+03   0.80206E+02   0.46892E+00   0.00000E+00
   0.48584E+03   0.80414E+02   0.46942E+00   0.00000E+00
   0.48644E+03   0.80622E+02   0.46992E+00   0.00000E+00
   0.48704E+03   0.80831E+02   0.47042E+00   0.00000E+00
   0.48765E+03   0.81039E+02   0.47092E+00   0.00000E+00
   0.48825E+03   0.81248E+02   0.47142E+00   0.00000E+00
   0.48885E+03   0.81457E+02   0.47192E+00   0.00000E+00
   0.48946E+03   0.81666E+02   0.47242E+00   0.00000E+00
   0.49006E+03   0.81875E+02   0.47292E+00   0.00000E+00
   0.49067E+03   0.82084E+02   0.47342E+00   0.00000E+00
   0.49127E+03   0.82294E+02   0.47392E+00   0.00000E+00
   0.49188E+03   0.82504E+02   0.47442E+00   0.00000E+00
   0.49248E+03   0.82714E+02   0.47492E+00   0.00000E+00
   0.49309E+03   0.82924E+02   0.47542E+00   0.00000E+00
   0.49370E+03   0.83134E+02   0.47592E+00   0.00000E+00
   0.49430E+03   0.83345E+02   0.47642E+00   0.00000E+00
   0.49491E+03   0.83556E+02   0.47692E+00   0.00000E+00
   0.49551E+03   0.83766E+02   0.47742E+00   0.00000E+00
   0.49612E+03   0.83978E+02   0.47792E+00   0.00000E+00
   0.49673E+03   0.84189E+02   0.47842E+00   0.00000E+00
   0.49734E+03   0.84400E+02   0.47892E+00   0.00000E+00
   0.49794E+03   0.84612E+02   0.47942E+00   0.00000E+00
   0.49855E+03   0.84824E+02   0.47992E+00   0.00000E+00
   0.49916E+03   0.85036E+02   0.48042E+00   0.00000E+00
   0.49977E+03   0.85248E+02   0.48092E+00   0.00000E+00
   0.50038E+03   0.85461E+02   0.48142E+00   0.00000E+00
   0.50098E+03   0.85673E+02   0.48192E+00   0.00000E+00
   0.50159E+03   0.85886E+02   0.48242E+00   0.00000E+00
   0.50220E+03   0.86099E+02   0.48292E+00   0.00000E+00
   0.50281E+03   0.86312E+02   0.48342E+00   0.00000E+00
   0.50342E+03   0.86526E+02   0.48392E+00   0.00000E+00
   0.50403E+03   0.86739E+02   0.48442E+00   0.00000E+00
   0.50464E+03   0.86953E+02   0.48492E+00   0.00000E+00
   0.50525E+03   0.87167E+02   0.48542E+00   0.00000E+00
   0.50586E+03   0.87381E+02   0.48592E+00   0.00000E+00
   0.50647E+03   0.87596E+02   0.48642E+00   0.00000E+00
   0.50708E+03   0.87810E+02   0.48692E+00   0.00000E+00
   0.50769E+03   0.88025E+02   0.48742E+00   0.00000E+00
   0.50830E+03   0.88240E+02   0.48792E+00   0.00000E+00
   0.50892E+03   0.88455E+02   0.48842E+00   0.00000E+00
   0.50953E+03   0.88670E+02   0.48892E+00   0.00000E+00
   0.51014E+03   0.88885E+02   0.48942E+00   0.00000E+00
   0.51075E+03   0.89101E+02   0.48992E+00   0.00000E+00
   0.51136E+03   0.89317E+02   0.49042E+00   0.00000E+00
   0.51198E+03   0.89533E+02   0.49092E+00   0.00000E+00
   0.51259E+03   0.89749E+02   0.49142E+00   0.00000E+00
   0.51320E+03   0.89965E+02   0.49192E+00   0.00000E+00
   0.51381E+03   0.90182E+02   0.49242E+00   0.00000E+00
   0.51443E+03   0.90398E+02   0.49292E+00   0.00000E+00
   0.51504E+03   0.90615E+02   0.49342E+00   0.00000E+00
   0.51566E+03   0.90832E+02   0.49392E+00   0.00000E+00
   0.51627E+03   0.91049E+02   0.49442E+00   0.00000E+00
   0.51688E+03   0.91267E+02   0.49492E+00   0.00000E+00
   0.51750E+03   0.91484E+02   0.49542E+00   0.00000E+00
   0.51811E+03   0.91702E+02   0.49592E+00   0.00000E+00
   0.51873E+03   0.91920E+02   0.49642E+00   0.00000E+00
   0.51934E+03   0.92138E+02   0.49692E+00   0.00000E+00
   0.51996E+03   0.92356E+02   0.49742E+00   0.00000E+00
   0.52057E+03   0.92575E+02   0.49792E+00   0.00000E+00
   0.52119E+03   0.92793E+02   0.49842E+00   0.00000E+00
   0.52181E+03   0.93012E+02   0.49892E+00   0.00000E+00
   0.52242E+03   0.93231E+02   0.49942E+00   0.00000E+00
   0.52304E+03   0.93450E+02   0.49992E+00   0.00000E+00
   0.52366E+03   0.93670E+02   0.50042E+00   0.00000E+00
   0.52427E+03   0.93889E+02   0.50092E+00   0.00000E+00
   0.52489E+03   0.94109E+02   0.50142E+00   0.00000E+00
   0.52551E+03   0.94329E+02   0.50192E+00   0.00000E+00
   0.52612E+03   0.94549E+02   0.50242E+00   0.00000E+00
   0.52674E+03   0.94769E+02   0.50292E+00   0.00000E+00
   0.52736E+03   0.94990E+02   0.50342E+00   0.00000E+00
   0.52798E+03   0.95210E+02   0.50392E+00   0.00000E+00
   0.52860E+03   0.95431E+02   0.50442E+00   0.00000E+00
   0.52922E+03   0.95652E+02   0.50492E+00   0.00000E+00
   0.52983E+03   0.95873E+02   0.50542E+00   0.00000E+00
   0.53045E+03   0.96094E+02   0.50592E+00   0.00000E+00
   0.53107E+03   0.96315E+02   0.50642E+00   0.00000E+00
   0.53169E+03   0.96537E+02   0.50692E+00   0.00000E+00
   0.53231E+03   0.96759E+02   0.50742E+00   0.00000E+00
   0.53293E+03   0.96981E+02   0.50792E+00   0.00000E+00
   0.53355E+03   0.97203E+02   0.50842E+00   0.00000E+00
   0.53417E+03   0.97425E+02   0.50892E+00   0.00000E+00
   0.53479E+03   0.97648E+02   0.50942E+00   0.00000E+00
   0.53541E+03   0.97870E+02   0.50992E+00   0.00000E+00
   0.53604E+03   0.98093E+02   0.51042E+00   0.00000E+00
   0.53666E+03   0.98316E+02   0.51092E+00   0.00000E+00
   0.53728E+03   0.98539E+02   0.51142E+00   0.00000E+00
   0.53790E+03   0.98762E+02   0.51192E+00   0.00000E+00
   0.53852E+03   0.98986E+02   0.51242E+00   0.00000E+00
   0.53914E+03   0.99210E+02   0.51292E+00   0.00000E+00
   0.53977E+03   0.99433E+02   0.51342E+00   0.00000E+00
   0.54039E+03   0.99657E+02   0.51392E+00   0.00000E+00
   0.54101E+03   0.99881E+02   0.51442E+00   0.00000E+00
   0.54163E+03   0.10011E+03   0.51492E+00   0.00000E+00
   0.54226E+03   0.10033E+03   0.51542E+00   0.00000E+00
   0.54288E+03   0.10055E+03   0.51592E+00   0.00000E+00
   0.54350E+03   0.10078E+03   0.51642E+00   0.00000E+00
   0.54413E+03   0.10100E+03   0.51692E+00   0.00000E+00
   0.54475E+03   0.10123E+03   0.51742E+00   0.00000E+00
   0.54538E+03   0.10146E+03   0.51792E+00   0.00000E+00
   0.54600E+03   0.10168E+03   0.51842E+00   0.00000E+00
   0.54663E+03   0.10191E+03   0.51892E+00   0.00000E+00
   0.54725E+03   0.10213E+03   0.51942E+00   0.00000E+00
   0.54788E+03   0.10236E+03   0.51992E+00   0.00000E+00
   0.54850E+03   0.10258E+03   0.52042E+00   0.00000E+00
   0.54913E+03   0.10281E+03   0.52092E+00   0.00000E+00
   0.54975E+03   0.10304E+03   0.52142E+00   0.00000E+00
   0.55038E+03   0.10326E+03   0.52192E+00   0.00000E+00
   0.55101E+03   0.10349E+03   0.52242E+00   0.00000E+00
   0.55163E+03   0.10372E+03   0.52292E+00   0.00000E+00
   0.55226E+03   0.10394E+03   0.52342E+00   0.00000E+00
   0.55289E+03   0.10417E+03   0.52392E+00   0.00000E+00
   0.55351E+03   0.10440E+03   0.52442E+00   0.00000E+00
   0.55414E+03   0.10463E+03   0.52492E+00   0.00000E+00
   0.55477E+03   0.10485E+03   0.52542E+00   0.00000E+00
   0.55540E+03   0.10508E+03   0.52592E+00   0.00000E+00
   0.55602E+03   0.10531E+03   0.52642E+00   0.00000E+00
   0.55665E+03   0.10554E+03   0.52692E+00   0.00000E+00
   0.55728E+03   0.10577E+03   0.52742E+00   0.00000E+00
   0.55791E+03   0.10600E+03   0.52792E+00   0.00000E+00
   0.55854E+03   0.10622E+03   0.52842E+00   0.00000E+00
   0.55917E+03   0.10645E+03   0.52892E+00   0.00000E+00
   0.55980E+03   0.10668E+03   0.52942E+00   0.00000E+00
   0.56043E+03   0.10691E+03   0.52992E+00   0.00000E+00
   0.56106E+03   0.10714E+03   0.53042E+00   0.00000E+00
   0.56169E+03   0.10737E+03   0.53092E+00   0.00000E+00
   0.56232E+03   0.10760E+03   0.53142E+00   0.00000E+00
   0.56295E+03   0.10783E+03   0.53192E+00   0.00000E+00
   0.56358E+03   0.10806E+03   0.53242E+00   0.00000E+00
   0.56421E+03   0.10829E+03   0.53292E+00   0.00000E+00
   0.56484E+03   0.10852E+03   0.53342E+00   0.00000E+00
   0.56547E+03   0.10875E+03   0.53392E+00   0.00000E+00
   0.56610E+03   0.10898E+03   0.53442E+00   0.00000E+00
   0.56673E+03   0.10921E+03   0.53492E+00   0.00000E+00
   0.56737E+03   0.10944E+03   0.53542E+00   0.00000E+00
   0.56800E+03   0.10967E+03   0.53592E+00   0.00000E+00
   0.56863E+03   0.10991E+03   0.53642E+00   0.00000E+00
   0.56926E+03   0.11014E+03   0.53692E+00   0.00000E+00
   0.56990E+03   0.11037E+03   0.53742E+00   0.00000E+00
   0.57053E+03   0.11060E+03   0.53792E+00   0.00000E+00
   0.57116E+03   0.11083E+03   0.53842E+00   0.00000E+00
   0.57180E+03   0.11106E+03   0.53892E+00   0.00000E+00
   0.57243E+03   0.11130E+03   0.53942E+00   0.00000E+00
   0.57306E+03   0.11153E+03   0.53992E+00   0.00000E+00
   0.57370E+03   0.11176E+03   0.54042E+00   0.00000E+00
   0.57433E+03   0.11199E+03   0.54092E+00   0.00000E+00
   0.57497E+03   0.11223E+03   0.54142E+00   0.00000E+00
   0.57560E+03   0.11246E+03   0.54192E+00   0.00000E+00
   0.57624E+03   0.11269E+03   0.54242E+00   0.00000E+00
   0.57687E+03   0.11293E+03   0.54292E+00   0.00000E+00
   0.57751E+03   0.11316E+03   0.54342E+00   0.00000E+00
   0.57814E+03   0.11339E+03   0.54392E+00   0.00000E+00
   0.57878E+03   0.11363E+03   0.54442E+00   0.00000E+00
   0.57941E+03   0.11386E+03   0.54492E+00   0.00000E+00
   0.58005E+03   0.11409E+03   0.54542E+00   0.00000E+00
   0.58069E+03   0.11433E+03   0.54592E+00   0.00000E+00
   0.58132E+03   0.11456E+03   0.54642E+00   0.00000E+00
   0.58196E+03   0.11480E+03   0.54692E+00   0.00000E+00
   0.58260E+03   0.11503E+03   0.54742E+00   0.00000E+00
   0.58323E+03   0.11527E+03   0.54792E+00   0.00000E+00
   0.58387E+03   0.11550E+03   0.54842E+00   0.00000E+00
   0.58451E+03   0.11574E+03   0.54892E+00   0.00000E+00
   0.58515E+03   0.11597E+03   0.54942E+00   0.00000E+00
   0.58579E+03   0.11621E+03   0.54992E+00   0.00000E+00
   0.58642E+03   0.11644E+03   0.55042E+00   0.00000E+00
   0.58706E+03   0.11668E+03   0.55092E+00   0.00000E+00
   0.58770E+03   0.11691E+03   0.55142E+00   0.00000E+00
   0.58834E+03   0.11715E+03   0.55192E+00   0.00000E+00
   0.58898E+03   0.11739E+03   0.55242E+00   0.00000E+00
   0.58962E+03   0.11762E+03   0.55292E+00   0.00000E+00
   0.59026E+03   0.11786E+03   0.55342E+00   0.00000E+00
   0.59090E+03   0.11809E+03   0.55392E+00   0.00000E+00
   0.59154E+03   0.11833E+03   0.55442E+00   0.00000E+00
   0.59218E+03   0.11857E+03   0.55492E+00   0.00000E+00
   0.59282E+03   0.11881E+03   0.55542E+00   0.00000E+00
   0.59346E+03   0.11904E+03   0.55592E+00   0.00000E+00
   0.59410E+03   0.11928E+03   0.55642E+00   0.00000E+00
   0.59474E+03   0.11952E+03   0.55692E+00   0.00000E+00
   0.59538E+03   0.11975E+03   0.55742E+00   0.00000E+00
   0.59602E+03   0.11999E+03   0.55792E+00   0.00000E+00
   0.59667E+03   0.12023E+03   0.55842E+00   0.00000E+00
   0.59731E+03   0.12047E+03   0.55892E+00   0.00000E+00
   0.59795E+03   0.12071E+03   0.55942E+00   0.00000E+00
   0.59859E+03   0.12094E+03   0.55992E+00   0.00000E+00
   0.59924E+03   0.12118E+03   0.56042E+00   0.00000E+00
   0.59988E+03   0.12142E+03   0.56092E+00   0.00000E+00
   0.60052E+03   0.12166E+03   0.56142E+00   0.00000E+00
   0.60117E+03   0.12190E+03   0.56192E+00   0.00000E+00
   0.60181E+03   0.12214E+03   0.56242E+00   0.00000E+00
   0.60245E+03   0.12238E+03   0.56292E+00   0.00000E+00
   0.60310E+03   0.12262E+03   0.56342E+00   0.00000E+00
   0.60374E+03   0.12286E+03   0.56392E+00   0.00000E+00
   0.60438E+03   0.12310E+03   0.56442E+00   0.00000E+00
   0.60503E+03   0.12334E+03   0.56492E+00   0.00000E+00
   0.60567E+03   0.12357E+03   0.56542E+00   0.00000E+00
   0.60632E+03   0.12381E+03   0.56592E+00   0.00000E+00
   0.60696E+03   0.12406E+03   0.56642E+00   0.00000E+00
   0.60761E+03   0.12430E+03   0.56692E+00   0.00000E+00
   0.60826E+03   0.12454E+03   0.56742E+00   0.00000E+00
   0.60890E+03   0.12478E+03   0.56792E+00   0.00000E+00
   0.60955E+03   0.12502E+03   0.56842E+00   0.00000E+00
   0.61019E+03   0.12526E+03   0.56892E+00   0.00000E+00
   0.61084E+03   0.12550E+03   0.56942E+00   0.00000E+00
   0.61149E+03   0.12574E+03   0.56992E+00   0.00000E+00
   0.61213E+03   0.12598E+03   0.57042E+00   0.00000E+00
   0.61278E+03   0.12622E+03   0.57092E+00   0.00000E+00
   0.61343E+03   0.12646E+03   0.57142E+00   0.00000E+00
   0.61408E+03   0.12671E+03   0.57192E+00   0.00000E+00
   0.61472E+03   0.12695E+03   0.57242E+00   0.00000E+00
   0.61537E+03   0.12719E+03   0.57292E+00   0.00000E+00
   0.61602E+03   0.12743E+03   0.57342E+00   0.00000E+00
   0.61667E+03   0.12767E+03   0.57392E+00   0.00000E+00
   0.61732E+03   0.12792E+03   0.57442E+00   0.00000E+00
   0.61796E+03   0.12816E+03   0.57492E+00   0.00000E+00
   0.61861E+03   0.12840E+03   0.57542E+00   0.00000E+00
   0.61926E+03   0.12864E+03   0.57592E+00   0.00000E+00
   0.61991E+03   0.12889E+03   0.57642E+00   0.00000E+00
   0.62056E+03   0.12913E+03   0.57692E+00   0.00000E+00
   0.62121E+03   0.12937E+03   0.57742E+00   0.00000E+00
   0.62186E+03   0.12962E+03   0.57792E+00   0.00000E+00
   0.62251E+03   0.12986E+03   0.57842E+00   0.00000E+00
   0.62316E+03   0.13010E+03   0.57892E+00   0.00000E+00
   0.62381E+03   0.13035E+03   0.57942E+00   0.00000E+00
   0.62446E+03   0.13059E+03   0.57992E+00   0.00000E+00
   0.62512E+03   0.13084E+03   0.58042E+00   0.00000E+00
   0.62577E+03   0.13108E+03   0.58092E+00   0.00000E+00
   0.62642E+03   0.13132E+03   0.58142E+00   0.00000E+00
   0.62707E+03   0.13157E+03   0.58192E+00   0.00000E+00
   0.62772E+03   0.13181E+03   0.58242E+00   0.00000E+00
   0.62837E+03   0.13206E+03   0.58292E+00   0.00000E+00
   0.62903E+03   0.13230E+03   0.58342E+00   0.00000E+00
   0.62968E+03   0.13255E+03   0.58392E+00   0.00000E+00
   0.63033E+03   0.13279E+03   0.58442E+00   0.00000E+00
   0.63098E+03   0.13304E+03   0.58492E+00   0.00000E+00
   0.63164E+03   0.13328E+03   0.58542E+00   0.00000E+00
   0.63229E+03   0.13353E+03   0.58592E+00   0.00000E+00
   0.63295E+03   0.13377E+03   0.58642E+00   0.00000E+00
   0.63360E+03   0.13402E+03   0.58692E+00   0.00000E+00
   0.63425E+03   0.13427E+03   0.58742E+00   0.00000E+00
   0.63491E+03   0.13451E+03   0.58792E+00   0.00000E+00
   0.63556E+03   0.13476E+03   0.58842E+00   0.00000E+00
   0.63622E+03   0.13500E+03   0.58892E+00   0.00000E+00
   0.63687E+03   0.13525E+03   0.58942E+00   0.00000E+00
   0.63753E+03   0.13550E+03   0.58992E+00   0.00000E+00
   0.63818E+03   0.13574E+03   0.59042E+00   0.00000E+00
   0.63884E+03   0.13599E+03   0.59092E+00   0.11077E+22
   0.63949E+03   0.13624E+03   0.59142E+00   0.11082E+22
   0.64015E+03   0.13648E+03   0.59192E+00   0.11086E+22
   0.64080E+03   0.13673E+03   0.59242E+00   0.11091E+22
   0.64146E+03   0.13698E+03   0.59292E+00   0.11096E+22
   0.64212E+03   0.13723E+03   0.59342E+00   0.11101E+22
   0.64277E+03   0.13747E+03   0.59392E+00   0.11105E+22
   0.64343E+03   0.13772E+03   0.59442E+00   0.11110E+22
   0.64409E+03   0.13797E+03   0.59492E+00   0.11115E+22
   0.64475E+03   0.13822E+03   0.59542E+00   0.11119E+22
   0.64540E+03   0.13847E+03   0.59592E+00   0.11124E+22
   0.64606E+03   0.13871E+03   0.59642E+00   0.11129E+22
   0.64672E+03   0.13896E+03   0.59692E+00   0.11134E+22
   0.64738E+03   0.13921E+03   0.59742E+00   0.11139E+22
   0.64804E+03   0.13946E+03   0.59792E+00   0.11143E+22
   0.64869E+03   0.13971E+03   0.59842E+00   0.11148E+22
   0.64935E+03   0.13996E+03   0.59892E+00   0.11153E+22
   0.65001E+03   0.14021E+03   0.59942E+00   0.11158E+22
   0.65067E+03   0.14046E+03   0.59992E+00   0.11162E+22
   0.65133E+03   0.14071E+03   0.60042E+00   0.11167E+22
   0.65199E+03   0.14095E+03   0.60092E+00   0.11172E+22
   0.65265E+03   0.14120E+03   0.60142E+00   0.11177E+22
   0.65331E+03   0.14145E+03   0.60192E+00   0.11182E+22
   0.65397E+03   0.14170E+03   0.60242E+00   0.11187E+22
   0.65463E+03   0.14195E+03   0.60292E+00   0.11191E+22
   0.65529E+03   0.14220E+03   0.60342E+00   0.11196E+22
   0.65595E+03   0.14245E+03   0.60392E+00   0.11201E+22
   0.65661E+03   0.14270E+03   0.60442E+00   0.11206E+22
   0.65728E+03   0.14295E+03   0.60492E+00   0.11211E+22
   0.65794E+03   0.14321E+03   0.60542E+00   0.11216E+22
   0.65860E+03   0.14346E+03   0.60592E+00   0.11220E+22
   0.65926E+03   0.14371E+03   0.60642E+00   0.11225E+22
   0.65992E+03   0.14396E+03   0.60692E+00   0.11230E+22
   0.66059E+03   0.14421E+03   0.60742E+00   0.11235E+22
   0.66125E+03   0.14446E+03   0.60792E+00   0.11240E+22
   0.66191E+03   0.14471E+03   0.60842E+00   0.11245E+22
   0.66257E+03   0.14496E+03   0.60892E+00   0.11250E+22
   0.66324E+03   0.14521E+03   0.60942E+00   0.11254E+22
   0.66390E+03   0.14547E+03   0.60992E+00   0.11259E+22
   0.66456E+03   0.14572E+03   0.61042E+00   0.11264E+22
   0.66523E+03   0.14597E+03   0.61092E+00   0.11269E+22
   0.66589E+03   0.14622E+03   0.61142E+00   0.11274E+22
   0.66656E+03   0.14647E+03   0.61192E+00   0.11279E+22
   0.66722E+03   0.14673E+03   0.61242E+00   0.11284E+22
   0.66789E+03   0.14698E+03   0.61292E+00   0.11289E+22
   0.66855E+03   0.14723E+03   0.61342E+00   0.11294E+22
   0.66922E+03   0.14748E+03   0.61392E+00   0.11299E+22
   0.66988E+03   0.14774E+03   0.61442E+00   0.11304E+22
   0.67055E+03   0.14799E+03   0.61492E+00   0.11308E+22
   0.67121E+03   0.14824E+03   0.61542E+00   0.11313E+22
   0.67188E+03   0.14850E+03   0.61592E+00   0.11318E+22
   0.67254E+03   0.14875E+03   0.61642E+00   0.11323E+22
   0.67321E+03   0.14900E+03   0.61692E+00   0.11328E+22
   0.67388E+03   0.14926E+03   0.61742E+00   0.11333E+22
   0.67454E+03   0.14951E+03   0.61792E+00   0.11338E+22
   0.67521E+03   0.14976E+03   0.61842E+00   0.11343E+22
   0.67588E+03   0.15002E+03   0.61892E+00   0.11348E+22
   0.67654E+03   0.15027E+03   0.61942E+00   0.11353E+22
   0.67721E+03   0.15053E+03   0.61992E+00   0.11358E+22
   0.67788E+03   0.15078E+03   0.62042E+00   0.11363E+22
   0.67855E+03   0.15103E+03   0.62092E+00   0.11368E+22
   0.67922E+03   0.15129E+03   0.62142E+00   0.11373E+22
   0.67988E+03   0.15154E+03   0.62192E+00   0.11378E+22
   0.68055E+03   0.15180E+03   0.62242E+00   0.11383E+22
   0.68122E+03   0.15205E+03   0.62292E+00   0.11388E+22
   0.68189E+03   0.15231E+03   0.62342E+00   0.11393E+22
   0.68256E+03   0.15256E+03   0.62392E+00   0.11398E+22
   0.68323E+03   0.15282E+03   0.62442E+00   0.11403E+22
   0.68390E+03   0.15307E+03   0.62492E+00   0.11408E+22
   0.68457E+03   0.15333E+03   0.62542E+00   0.11413E+22
   0.68524E+03   0.15358E+03   0.62592E+00   0.11418E+22
   0.68591E+03   0.15384E+03   0.62642E+00   0.11423E+22
   0.68658E+03   0.15410E+03   0.62692E+00   0.11428E+22
   0.68725E+03   0.15435E+03   0.62742E+00   0.11433E+22
   0.68792E+03   0.15461E+03   0.62792E+00   0.11438E+22
   0.68859E+03   0.15486E+03   0.62842E+00   0.11443E+22
   0.68926E+03   0.15512E+03   0.62892E+00   0.11448E+22
   0.68993E+03   0.15538E+03   0.62942E+00   0.11453E+22
   0.69060E+03   0.15563E+03   0.62992E+00   0.11458E+22
   0.69128E+03   0.15589E+03   0.63042E+00   0.11463E+22
   0.69195E+03   0.15615E+03   0.63092E+00   0.11468E+22
   0.69262E+03   0.15640E+03   0.63142E+00   0.11473E+22
   0.69329E+03   0.15666E+03   0.63192E+00   0.11478E+22
   0.69397E+03   0.15692E+03   0.63242E+00   0.11484E+22
   0.69464E+03   0.15717E+03   0.63292E+00   0.11489E+22
   0.69531E+03   0.15743E+03   0.63342E+00   0.11494E+22
   0.69598E+03   0.15769E+03   0.63392E+00   0.11499E+22
   0.69666E+03   0.15795E+03   0.63442E+00   0.11504E+22
   0.69733E+03   0.15821E+03   0.63492E+00   0.11509E+22
   0.69801E+03   0.15846E+03   0.63542E+00   0.11514E+22
   0.69868E+03   0.15872E+03   0.63592E+00   0.11519E+22
   0.69935E+03   0.15898E+03   0.63642E+00   0.11524E+22
   0.70003E+03   0.15924E+03   0.63692E+00   0.11529E+22
   0.70070E+03   0.15950E+03   0.63742E+00   0.11534E+22
   0.70138E+03   0.15975E+03   0.63792E+00   0.11540E+22
   0.70205E+03   0.16001E+03   0.63842E+00   0.11545E+22
   0.70273E+03   0.16027E+03   0.63892E+00   0.11550E+22
   0.70340E+03   0.16053E+03   0.63942E+00   0.11555E+22
   0.70408E+03   0.16079E+03   0.63992E+00   0.11560E+22
   0.70476E+03   0.16105E+03   0.64042E+00   0.11565E+22
   0.70543E+03   0.16131E+03   0.64092E+00   0.11570E+22
   0.70611E+03   0.16157E+03   0.64142E+00   0.11575E+22
   0.70678E+03   0.16182E+03   0.64192E+00   0.11581E+22
   0.70746E+03   0.16208E+03   0.64242E+00   0.11586E+22
   0.70814E+03   0.16234E+03   0.64292E+00   0.11591E+22
   0.70881E+03   0.16260E+03   0.64342E+00   0.11596E+22
   0.70949E+03   0.16286E+03   0.64392E+00   0.11601E+22
   0.71017E+03   0.16312E+03   0.64442E+00   0.11606E+22
   0.71085E+03   0.16338E+03   0.64492E+00   0.11612E+22
   0.71153E+03   0.16364E+03   0.64542E+00   0.11617E+22
   0.71220E+03   0.16390E+03   0.64592E+00   0.11622E+22
   0.71288E+03   0.16416E+03   0.64642E+00   0.11627E+22
   0.71356E+03   0.16442E+03   0.64692E+00   0.11632E+22
   0.71424E+03   0.16468E+03   0.64742E+00   0.11637E+22
   0.71492E+03   0.16495E+03   0.64792E+00   0.11643E+22
   0.71560E+03   0.16521E+03   0.64842E+00   0.11648E+22
   0.71628E+03   0.16547E+03   0.64892E+00   0.11653E+22
   0.71696E+03   0.16573E+03   0.64942E+00   0.11658E+22
   0.71764E+03   0.16599E+03   0.64992E+00   0.11663E+22
   0.71831E+03   0.16625E+03   0.65042E+00   0.11669E+22
   0.71900E+03   0.16651E+03   0.65092E+00   0.11674E+22
   0.71968E+03   0.16677E+03   0.65142E+00   0.11679E+22
   0.72036E+03   0.16703E+03   0.65192E+00   0.11684E+22
   0.72104E+03   0.16730E+03   0.65242E+00   0.11689E+22
   0.72172E+03   0.16756E+03   0.65292E+00   0.11695E+22
   0.72240E+03   0.16782E+03   0.65342E+00   0.11700E+22
   0.72308E+03   0.16808E+03   0.65392E+00   0.11705E+22
   0.72376E+03   0.16834E+03   0.65442E+00   0.11710E+22
   0.72444E+03   0.16861E+03   0.65492E+00   0.11716E+22
   0.72512E+03   0.16887E+03   0.65542E+00   0.11721E+22
   0.72581E+03   0.16913E+03   0.65592E+00   0.11726E+22
   0.72649E+03   0.16939E+03   0.65642E+00   0.11731E+22
   0.72717E+03   0.16966E+03   0.65692E+00   0.11736E+22
   0.72785E+03   0.16992E+03   0.65742E+00   0.11742E+22
   0.72854E+03   0.17018E+03   0.65792E+00   0.11747E+22
   0.72922E+03   0.17045E+03   0.65842E+00   0.11752E+22
   0.72990E+03   0.17071E+03   0.65892E+00   0.11758E+22
   0.73059E+03   0.17097E+03   0.65942E+00   0.11763E+22
   0.73127E+03   0.17124E+03   0.65992E+00   0.11768E+22
   0.73195E+03   0.17150E+03   0.66042E+00   0.11773E+22
   0.73264E+03   0.17176E+03   0.66092E+00   0.11779E+22
   0.73332E+03   0.17203E+03   0.66142E+00   0.11784E+22
   0.73401E+03   0.17229E+03   0.66192E+00   0.11789E+22
   0.73469E+03   0.17255E+03   0.66242E+00   0.11794E+22
   0.73538E+03   0.17282E+03   0.66292E+00   0.11800E+22
   0.73606E+03   0.17308E+03   0.66342E+00   0.11805E+22
   0.73675E+03   0.17335E+03   0.66392E+00   0.11810E+22
   0.73743E+03   0.17361E+03   0.66442E+00   0.11816E+22
   0.73812E+03   0.17387E+03   0.66492E+00   0.11821E+22
   0.73880E+03   0.17414E+03   0.66542E+00   0.11826E+22
   0.73949E+03   0.17440E+03   0.66592E+00   0.11832E+22
   0.74018E+03   0.17467E+03   0.66642E+00   0.11837E+22
   0.74086E+03   0.17493E+03   0.66692E+00   0.11842E+22
   0.74155E+03   0.17520E+03   0.66742E+00   0.11847E+22
   0.74224E+03   0.17546E+03   0.66792E+00   0.11853E+22
   0.74292E+03   0.17573E+03   0.66842E+00   0.11858E+22
   0.74361E+03   0.17599E+03   0.66892E+00   0.11863E+22
   0.74430E+03   0.17626E+03   0.66942E+00   0.11869E+22
   0.74499E+03   0.17652E+03   0.66992E+00   0.11874E+22
   0.74567E+03   0.17679E+03   0.67042E+00   0.11879E+22
   0.74636E+03   0.17706E+03   0.67092E+00   0.11885E+22
   0.74705E+03   0.17732E+03   0.67142E+00   0.11890E+22
   0.74774E+03   0.17759E+03   0.67192E+00   0.11895E+22
   0.74843E+03   0.17785E+03   0.67242E+00   0.11901E+22
   0.74912E+03   0.17812E+03   0.67292E+00   0.11906E+22
   0.74981E+03   0.17839E+03   0.67342E+00   0.11911E+22
   0.75050E+03   0.17865E+03   0.67392E+00   0.11917E+22
   0.75118E+03   0.17892E+03   0.67442E+00   0.11922E+22
   0.75187E+03   0.17919E+03   0.67492E+00   0.11928E+22
   0.75256E+03   0.17945E+03   0.67542E+00   0.11933E+22
   0.75325E+03   0.17972E+03   0.67592E+00   0.11938E+22
   0.75394E+03   0.17999E+03   0.67642E+00   0.11944E+22
   0.75464E+03   0.18025E+03   0.67692E+00   0.11949E+22
   0.75533E+03   0.18052E+03   0.67742E+00   0.11954E+22
   0.75602E+03   0.18079E+03   0.67792E+00   0.11960E+22
   0.75671E+03   0.18105E+03   0.67842E+00   0.11965E+22
   0.75740E+03   0.18132E+03   0.67892E+00   0.11971E+22
   0.75809E+03   0.18159E+03   0.67942E+00   0.11976E+22
   0.75878E+03   0.18186E+03   0.67992E+00   0.11981E+22
   0.75947E+03   0.18212E+03   0.68042E+00   0.11987E+22
   0.76017E+03   0.18239E+03   0.68092E+00   0.11992E+22
   0.76086E+03   0.18266E+03   0.68142E+00   0.11998E+22
   0.76155E+03   0.18293E+03   0.68192E+00   0.12003E+22
   0.76224E+03   0.18320E+03   0.68242E+00   0.12008E+22
   0.76294E+03   0.18346E+03   0.68292E+00   0.12014E+22
   0.76363E+03   0.18373E+03   0.68342E+00   0.12019E+22
   0.76432E+03   0.18400E+03   0.68392E+00   0.12025E+22
   0.76502E+03   0.18427E+03   0.68442E+00   0.12030E+22
   0.76571E+03   0.18454E+03   0.68492E+00   0.12035E+22
   0.76640E+03   0.18481E+03   0.68542E+00   0.12041E+22
   0.76710E+03   0.18508E+03   0.68592E+00   0.12046E+22
   0.76779E+03   0.18534E+03   0.68642E+00   0.12052E+22
   0.76849E+03   0.18561E+03   0.68692E+00   0.12057E+22
   0.76918E+03   0.18588E+03   0.68742E+00   0.12063E+22
   0.76987E+03   0.18615E+03   0.68792E+00   0.12068E+22
   0.77057E+03   0.18642E+03   0.68842E+00   0.12074E+22
   0.77126E+03   0.18669E+03   0.68892E+00   0.12079E+22
   0.77196E+03   0.18696E+03   0.68942E+00   0.12084E+22
   0.77266E+03   0.18723E+03   0.68992E+00   0.12090E+22
   0.77335E+03   0.18750E+03   0.69042E+00   0.12095E+22
   0.77405E+03   0.18777E+03   0.69092E+00   0.12101E+22
   0.77474E+03   0.18804E+03   0.69142E+00   0.12106E+22
   0.77544E+03   0.18831E+03   0.69192E+00   0.12112E+22
   0.77614E+03   0.18858E+03   0.69242E+00   0.12117E+22
   0.77683E+03   0.18885E+03   0.69292E+00   0.12123E+22
   0.77753E+03   0.18912E+03   0.69342E+00   0.12128E+22
   0.77823E+03   0.18939E+03   0.69392E+00   0.12134E+22
   0.77892E+03   0.18966E+03   0.69442E+00   0.12139E+22
   0.77962E+03   0.18993E+03   0.69492E+00   0.12145E+22
   0.78032E+03   0.19020E+03   0.69542E+00   0.12150E+22
   0.78102E+03   0.19047E+03   0.69592E+00   0.12156E+22
   0.78172E+03   0.19074E+03   0.69642E+00   0.12161E+22
   0.78241E+03   0.19101E+03   0.69692E+00   0.12166E+22
   0.78311E+03   0.19129E+03   0.69742E+00   0.12172E+22
   0.78381E+03   0.19156E+03   0.69792E+00   0.12177E+22
   0.78451E+03   0.19183E+03   0.69842E+00   0.12183E+22
   0.78521E+03   0.19210E+03   0.69892E+00   0.12188E+22
   0.78591E+03   0.19237E+03   0.69942E+00   0.12194E+22
   0.78661E+03   0.19264E+03   0.69992E+00   0.12200E+22
   0.78731E+03   0.19292E+03   0.70042E+00   0.12205E+22
   0.78801E+03   0.19319E+03   0.70092E+00   0.12211E+22
   0.78871E+03   0.19346E+03   0.70142E+00   0.12216E+22
   0.78941E+03   0.19373E+03   0.70192E+00   0.12222E+22
   0.79011E+03   0.19400E+03   0.70242E+00   0.12227E+22
   0.79081E+03   0.19428E+03   0.70292E+00   0.12233E+22
   0.79151E+03   0.19455E+03   0.70342E+00   0.12238E+22
   0.79221E+03   0.19482E+03   0.70392E+00   0.12244E+22
   0.79291E+03   0.19509E+03   0.70442E+00   0.12249E+22
   0.79361E+03   0.19537E+03   0.70492E+00   0.12255E+22
   0.79431E+03   0.19564E+03   0.70542E+00   0.12260E+22
   0.79502E+03   0.19591E+03   0.70592E+00   0.12266E+22
   0.79572E+03   0.19618E+03   0.70642E+00   0.12271E+22
   0.79642E+03   0.19646E+03   0.70692E+00   0.12277E+22
   0.79712E+03   0.19673E+03   0.70742E+00   0.12282E+22
   0.79783E+03   0.19700E+03   0.70792E+00   0.12288E+22
   0.79853E+03   0.19728E+03   0.70842E+00   0.12294E+22
   0.79923E+03   0.19755E+03   0.70892E+00   0.12299E+22
   0.79993E+03   0.19782E+03   0.70942E+00   0.12305E+22
   0.80064E+03   0.19810E+03   0.70992E+00   0.12310E+22
   0.80134E+03   0.19837E+03   0.71042E+00   0.12316E+22
   0.80204E+03   0.19864E+03   0.71092E+00   0.12321E+22
   0.80275E+03   0.19892E+03   0.71142E+00   0.12327E+22
   0.80345E+03   0.19919E+03   0.71192E+00   0.12332E+22
   0.80416E+03   0.19947E+03   0.71242E+00   0.12338E+22
   0.80486E+03   0.19974E+03   0.71292E+00   0.12344E+22
   0.80557E+03   0.20001E+03   0.71342E+00   0.12349E+22
   0.80627E+03   0.20029E+03   0.71392E+00   0.12355E+22
   0.80698E+03   0.20056E+03   0.71442E+00   0.12360E+22
   0.80768E+03   0.20084E+03   0.71492E+00   0.12366E+22
   0.80839E+03   0.20111E+03   0.71542E+00   0.12372E+22
   0.80909E+03   0.20139E+03   0.71592E+00   0.12377E+22
   0.80980E+03   0.20166E+03   0.71642E+00   0.12383E+22
   0.81050E+03   0.20194E+03   0.71692E+00   0.12388E+22
   0.81121E+03   0.20221E+03   0.71742E+00   0.12394E+22
   0.81192E+03   0.20249E+03   0.71792E+00   0.12400E+22
   0.81262E+03   0.20276E+03   0.71842E+00   0.12405E+22
   0.81333E+03   0.20304E+03   0.71892E+00   0.12411E+22
   0.81404E+03   0.20331E+03   0.71942E+00   0.12416E+22
   0.81474E+03   0.20359E+03   0.71992E+00   0.12422E+22
   0.81545E+03   0.20386E+03   0.72042E+00   0.12428E+22
   0.81616E+03   0.20414E+03   0.72092E+00   0.12433E+22
   0.81687E+03   0.20442E+03   0.72142E+00   0.12439E+22
   0.81757E+03   0.20469E+03   0.72192E+00   0.12444E+22
   0.81828E+03   0.20497E+03   0.72242E+00   0.12450E+22
   0.81899E+03   0.20524E+03   0.72292E+00   0.12456E+22
   0.81970E+03   0.20552E+03   0.72342E+00   0.12461E+22
   0.82041E+03   0.20580E+03   0.72392E+00   0.12467E+22
   0.82112E+03   0.20607E+03   0.72442E+00   0.12473E+22
   0.82183E+03   0.20635E+03   0.72492E+00   0.12478E+22
   0.82254E+03   0.20663E+03   0.72542E+00   0.12484E+22
   0.82324E+03   0.20690E+03   0.72592E+00   0.12489E+22
   0.82395E+03   0.20718E+03   0.72642E+00   0.12495E+22
   0.82466E+03   0.20746E+03   0.72692E+00   0.12501E+22
   0.82537E+03   0.20773E+03   0.72742E+00   0.12506E+22
   0.82608E+03   0.20801E+03   0.72792E+00   0.12512E+22
   0.82679E+03   0.20829E+03   0.72842E+00   0.12518E+22
   0.82751E+03   0.20856E+03   0.72892E+00   0.12523E+22
   0.82822E+03   0.20884E+03   0.72942E+00   0.12529E+22
   0.82893E+03   0.20912E+03   0.72992E+00   0.12535E+22
   0.82964E+03   0.20940E+03   0.73042E+00   0.12540E+22
   0.83035E+03   0.20967E+03   0.73092E+00   0.12546E+22
   0.83106E+03   0.20995E+03   0.73142E+00   0.12552E+22
   0.83177E+03   0.21023E+03   0.73192E+00   0.12557E+22
   0.83248E+03   0.21051E+03   0.73242E+00   0.12563E+22
   0.83320E+03   0.21079E+03   0.73292E+00   0.12569E+22
   0.83391E+03   0.21106E+03   0.73342E+00   0.12574E+22
   0.83462E+03   0.21134E+03   0.73392E+00   0.12580E+22
   0.83533E+03   0.21162E+03   0.73442E+00   0.12586E+22
   0.83605E+03   0.21190E+03   0.73492E+00   0.12591E+22
   0.83676E+03   0.21218E+03   0.73542E+00   0.12597E+22
   0.83747E+03   0.21245E+03   0.73592E+00   0.12603E+22
   0.83819E+03   0.21273E+03   0.73642E+00   0.12608E+22
   0.83890E+03   0.21301E+03   0.73692E+00   0.12614E+22
   0.83961E+03   0.21329E+03   0.73742E+00   0.12620E+22
   0.84033E+03   0.21357E+03   0.73792E+00   0.12626E+22
   0.84104E+03   0.21385E+03   0.73842E+00   0.12631E+22
   0.84176E+03   0.21413E+03   0.73892E+00   0.12637E+22
   0.84247E+03   0.21441E+03   0.73942E+00   0.12643E+22
   0.84319E+03   0.21469E+03   0.73992E+00   0.12648E+22
   0.84390E+03   0.21497E+03   0.74042E+00   0.12654E+22
   0.84462E+03   0.21524E+03   0.74092E+00   0.12660E+22
   0.84533E+03   0.21552E+03   0.74142E+00   0.12666E+22
   0.84605E+03   0.21580E+03   0.74192E+00   0.12671E+22
   0.84676E+03   0.21608E+03   0.74242E+00   0.12677E+22
   0.84748E+03   0.21636E+03   0.74292E+00   0.12683E+22
   0.84819E+03   0.21664E+03   0.74342E+00   0.12688E+22
   0.84891E+03   0.21692E+03   0.74392E+00   0.12694E+22
   0.84963E+03   0.21720E+03   0.74442E+00   0.12700E+22
   0.85034E+03   0.21748E+03   0.74492E+00   0.12706E+22
   0.85106E+03   0.21776E+03   0.74542E+00   0.12711E+22
   0.85178E+03   0.21804E+03   0.74592E+00   0.12717E+22
   0.85250E+03   0.21832E+03   0.74642E+00   0.12723E+22
   0.85321E+03   0.21860E+03   0.74692E+00   0.12728E+22
   0.85393E+03   0.21889E+03   0.74742E+00   0.12734E+22
   0.85465E+03   0.21917E+03   0.74792E+00   0.12740E+22
   0.85537E+03   0.21945E+03   0.74842E+00   0.12746E+22
   0.85608E+03   0.21973E+03   0.74892E+00   0.12751E+22
   0.85680E+03   0.22001E+03   0.74942E+00   0.12757E+22
   0.85752E+03   0.22029E+03   0.74992E+00   0.12763E+22
   0.85824E+03   0.22057E+03   0.75042E+00   0.12769E+22
   0.85896E+03   0.22085E+03   0.75092E+00   0.12774E+22
   0.85968E+03   0.22113E+03   0.75142E+00   0.12780E+22
   0.86040E+03   0.22141E+03   0.75192E+00   0.12786E+22
   0.86112E+03   0.22170E+03   0.75242E+00   0.12792E+22
   0.86184E+03   0.22198E+03   0.75292E+00   0.12797E+22
   0.86256E+03   0.22226E+03   0.75342E+00   0.12803E+22
   0.86328E+03   0.22254E+03   0.75392E+00   0.12809E+22
   0.86400E+03   0.22282E+03   0.75442E+00   0.12815E+22
   0.86472E+03   0.22310E+03   0.75492E+00   0.12821E+22
   0.86544E+03   0.22339E+03   0.75542E+00   0.12826E+22
   0.86616E+03   0.22367E+03   0.75592E+00   0.12832E+22
   0.86688E+03   0.22395E+03   0.75642E+00   0.12838E+22
   0.86760E+03   0.22423E+03   0.75692E+00   0.12844E+22
   0.86832E+03   0.22452E+03   0.75742E+00   0.12849E+22
   0.86904E+03   0.22480E+03   0.75792E+00   0.12855E+22
   0.86976E+03   0.22508E+03   0.75842E+00   0.12861E+22
   0.87049E+03   0.22536E+03   0.75892E+00   0.12867E+22
   0.87121E+03   0.22565E+03   0.75942E+00   0.12873E+22
   0.87193E+03   0.22593E+03   0.75992E+00   0.12878E+22
   0.87265E+03   0.22621E+03   0.76042E+00   0.12884E+22
   0.87338E+03   0.22649E+03   0.76092E+00   0.12890E+22
   0.87410E+03   0.22678E+03   0.76142E+00   0.12896E+22
   0.87482E+03   0.22706E+03   0.76192E+00   0.12902E+22
   0.87554E+03   0.22734E+03   0.76242E+00   0.12907E+22
   0.87627E+03   0.22763E+03   0.76292E+00   0.12913E+22
   0.87699E+03   0.22791E+03   0.76342E+00   0.12919E+22
   0.87772E+03   0.22819E+03   0.76392E+00   0.12925E+22
   0.87844E+03   0.22848E+03   0.76442E+00   0.12931E+22
   0.87916E+03   0.22876E+03   0.76492E+00   0.12936E+22
   0.87989E+03   0.22905E+03   0.76542E+00   0.12942E+22
   0.88061E+03   0.22933E+03   0.76592E+00   0.12948E+22
   0.88134E+03   0.22961E+03   0.76642E+00   0.12954E+22
   0.88206E+03   0.22990E+03   0.76692E+00   0.12960E+22
   0.88279E+03   0.23018E+03   0.76742E+00   0.12965E+22
   0.88351E+03   0.23047E+03   0.76792E+00   0.12971E+22
   0.88424E+03   0.23075E+03   0.76842E+00   0.12977E+22
   0.88496E+03   0.23103E+03   0.76892E+00   0.12983E+22
   0.88569E+03   0.23132E+03   0.76942E+00   0.12989E+22
   0.88641E+03   0.23160E+03   0.76992E+00   0.12995E+22
   0.88714E+03   0.23189E+03   0.77042E+00   0.13000E+22
   0.88787E+03   0.23217E+03   0.77092E+00   0.13006E+22
   0.88859E+03   0.23246E+03   0.77142E+00   0.13012E+22
   0.88932E+03   0.23274E+03   0.77192E+00   0.13018E+22
   0.89005E+03   0.23303E+03   0.77242E+00   0.13024E+22
   0.89077E+03   0.23331E+03   0.77292E+00   0.13030E+22
   0.89150E+03   0.23360E+03   0.77342E+00   0.13035E+22
   0.89223E+03   0.23388E+03   0.77392E+00   0.13041E+22
   0.89296E+03   0.23417E+03   0.77442E+00   0.13047E+22
   0.89368E+03   0.23445E+03   0.77492E+00   0.13053E+22
   0.89441E+03   0.23474E+03   0.77542E+00   0.13059E+22
   0.89514E+03   0.23502E+03   0.77592E+00   0.13065E+22
   0.89587E+03   0.23531E+03   0.77642E+00   0.13071E+22
   0.89660E+03   0.23559E+03   0.77692E+00   0.13076E+22
   0.89733E+03   0.23588E+03   0.77742E+00   0.13082E+22
   0.89806E+03   0.23617E+03   0.77792E+00   0.13088E+22
   0.89878E+03   0.23645E+03   0.77842E+00   0.13094E+22
   0.89951E+03   0.23674E+03   0.77892E+00   0.13100E+22
   0.90024E+03   0.23702E+03   0.77942E+00   0.13106E+22
   0.90097E+03   0.23731E+03   0.77992E+00   0.13112E+22
   0.90170E+03   0.23760E+03   0.78042E+00   0.13117E+22
   0.90243E+03   0.23788E+03   0.78092E+00   0.13123E+22
   0.90316E+03   0.23817E+03   0.78142E+00   0.13129E+22
   0.90389E+03   0.23846E+03   0.78192E+00   0.13135E+22
   0.90462E+03   0.23874E+03   0.78242E+00   0.13141E+22
   0.90535E+03   0.23903E+03   0.78292E+00   0.13147E+22
   0.90609E+03   0.23932E+03   0.78342E+00   0.13153E+22
   0.90682E+03   0.23960E+03   0.78392E+00   0.13159E+22
   0.90755E+03   0.23989E+03   0.78442E+00   0.13164E+22
   0.90828E+03   0.24018E+03   0.78492E+00   0.13170E+22
   0.90901E+03   0.24046E+03   0.78542E+00   0.13176E+22
   0.90974E+03   0.24075E+03   0.78592E+00   0.13182E+22
   0.91048E+03   0.24104E+03   0.78642E+00   0.13188E+22
   0.91121E+03   0.24133E+03   0.78692E+00   0.13194E+22
   0.91194E+03   0.24161E+03   0.78742E+00   0.13200E+22
   0.91267E+03   0.24190E+03   0.78792E+00   0.13206E+22
   0.91340E+03   0.24219E+03   0.78842E+00   0.13212E+22
   0.91414E+03   0.24248E+03   0.78892E+00   0.13217E+22
   0.91487E+03   0.24276E+03   0.78942E+00   0.13223E+22
   0.91560E+03   0.24305E+03   0.78992E+00   0.13229E+22
   0.91634E+03   0.24334E+03   0.79042E+00   0.13235E+22
   0.91707E+03   0.24363E+03   0.79092E+00   0.13241E+22
   0.91781E+03   0.24392E+03   0.79142E+00   0.13247E+22
   0.91854E+03   0.24420E+03   0.79192E+00   0.13253E+22
   0.91927E+03   0.24449E+03   0.79242E+00   0.13259E+22
   0.92001E+03   0.24478E+03   0.79292E+00   0.13265E+22
   0.92074E+03   0.24507E+03   0.79342E+00   0.13271E+22
   0.92148E+03   0.24536E+03   0.79392E+00   0.13277E+22
   0.92221E+03   0.24565E+03   0.79442E+00   0.13283E+22
   0.92295E+03   0.24594E+03   0.79492E+00   0.13288E+22
   0.92368E+03   0.24622E+03   0.79542E+00   0.13294E+22
   0.92442E+03   0.24651E+03   0.79592E+00   0.13300E+22
   0.92515E+03   0.24680E+03   0.79642E+00   0.13306E+22
   0.92589E+03   0.24709E+03   0.79692E+00   0.13312E+22
   0.92663E+03   0.24738E+03   0.79742E+00   0.13318E+22
   0.92736E+03   0.24767E+03   0.79792E+00   0.13324E+22
   0.92810E+03   0.24796E+03   0.79842E+00   0.13330E+22
   0.92883E+03   0.24825E+03   0.79892E+00   0.13336E+22
   0.92957E+03   0.24854E+03   0.79942E+00   0.13342E+22
   0.93031E+03   0.24883E+03   0.79992E+00   0.13348E+22
   0.93105E+03   0.24912E+03   0.80042E+00   0.13354E+22
   0.93178E+03   0.24941E+03   0.80092E+00   0.13360E+22
   0.93252E+03   0.24970E+03   0.80142E+00   0.13366E+22
   0.93326E+03   0.24999E+03   0.80192E+00   0.13372E+22
   0.93400E+03   0.25028E+03   0.80242E+00   0.13377E+22
   0.93473E+03   0.25057E+03   0.80292E+00   0.13383E+22
   0.93547E+03   0.25086E+03   0.80342E+00   0.13389E+22
   0.93621E+03   0.25115E+03   0.80392E+00   0.13395E+22
   0.93695E+03   0.25144E+03   0.80442E+00   0.13401E+22
   0.93769E+03   0.25173E+03   0.80492E+00   0.13407E+22
   0.93843E+03   0.25202E+03   0.80542E+00   0.13413E+22
   0.93917E+03   0.25231E+03   0.80592E+00   0.13419E+22
   0.93991E+03   0.25260E+03   0.80642E+00   0.13425E+22
   0.94064E+03   0.25289E+03   0.80692E+00   0.13431E+22
   0.94138E+03   0.25318E+03   0.80742E+00   0.13437E+22
   0.94212E+03   0.25347E+03   0.80792E+00   0.13443E+22
   0.94286E+03   0.25376E+03   0.80842E+00   0.13449E+22
   0.94360E+03   0.25405E+03   0.80892E+00   0.13455E+22
   0.94434E+03   0.25434E+03   0.80942E+00   0.13461E+22
   0.94509E+03   0.25463E+03   0.80992E+00   0.13467E+22
   0.94583E+03   0.25492E+03   0.81042E+00   0.13473E+22
   0.94657E+03   0.25522E+03   0.81092E+00   0.13479E+22
   0.94731E+03   0.25551E+03   0.81142E+00   0.13485E+22
   0.94805E+03   0.25580E+03   0.81192E+00   0.13491E+22
   0.94879E+03   0.25609E+03   0.81242E+00   0.13497E+22
   0.94953E+03   0.25638E+03   0.81292E+00   0.13503E+22
   0.95027E+03   0.25667E+03   0.81342E+00   0.13509E+22
   0.95102E+03   0.25697E+03   0.81392E+00   0.13515E+22
   0.95176E+03   0.25726E+03   0.81442E+00   0.13521E+22
   0.95250E+03   0.25755E+03   0.81492E+00   0.13527E+22
   0.95324E+03   0.25784E+03   0.81542E+00   0.13533E+22
   0.95399E+03   0.25813E+03   0.81592E+00   0.13539E+22
   0.95473E+03   0.25843E+03   0.81642E+00   0.13545E+22
   0.95547E+03   0.25872E+03   0.81692E+00   0.13551E+22
   0.95622E+03   0.25901E+03   0.81742E+00   0.13557E+22
   0.95696E+03   0.25930E+03   0.81792E+00   0.13563E+22
   0.95770E+03   0.25959E+03   0.81842E+00   0.13569E+22
   0.95845E+03   0.25989E+03   0.81892E+00   0.13575E+22
   0.95919E+03   0.26018E+03   0.81942E+00   0.13581E+22
   0.95993E+03   0.26047E+03   0.81992E+00   0.13587E+22
   0.96068E+03   0.26077E+03   0.82042E+00   0.13593E+22
   0.96142E+03   0.26106E+03   0.82092E+00   0.13599E+22
   0.96217E+03   0.26135E+03   0.82142E+00   0.13605E+22
   0.96291E+03   0.26164E+03   0.82192E+00   0.13611E+22
   0.96366E+03   0.26194E+03   0.82242E+00   0.13617E+22
   0.96440E+03   0.26223E+03   0.82292E+00   0.13623E+22
   0.96515E+03   0.26252E+03   0.82342E+00   0.13629E+22
   0.96589E+03   0.26282E+03   0.82392E+00   0.13635E+22
   0.96664E+03   0.26311E+03   0.82442E+00   0.13641E+22
   0.96739E+03   0.26340E+03   0.82492E+00   0.13647E+22
   0.96813E+03   0.26370E+03   0.82542E+00   0.13653E+22
   0.96888E+03   0.26399E+03   0.82592E+00   0.13659E+22
   0.96962E+03   0.26428E+03   0.82642E+00   0.13665E+22
   0.97037E+03   0.26458E+03   0.82692E+00   0.13671E+22
   0.97112E+03   0.26487E+03   0.82742E+00   0.13677E+22
   0.97186E+03   0.26517E+03   0.82792E+00   0.13683E+22
   0.97261E+03   0.26546E+03   0.82842E+00   0.13689E+22
   0.97336E+03   0.26575E+03   0.82892E+00   0.13695E+22
   0.97411E+03   0.26605E+03   0.82942E+00   0.13701E+22
   0.97485E+03   0.26634E+03   0.82992E+00   0.13707E+22
   0.97560E+03   0.26664E+03   0.83042E+00   0.13713E+22
   0.97635E+03   0.26693E+03   0.83092E+00   0.13719E+22
   0.97710E+03   0.26723E+03   0.83142E+00   0.13725E+22
   0.97785E+03   0.26752E+03   0.83192E+00   0.13731E+22
   0.97860E+03   0.26781E+03   0.83242E+00   0.13737E+22
   0.97934E+03   0.26811E+03   0.83292E+00   0.13743E+22
   0.98009E+03   0.26840E+03   0.83342E+00   0.13749E+22
   0.98084E+03   0.26870E+03   0.83392E+00   0.13755E+22
   0.98159E+03   0.26899E+03   0.83442E+00   0.13761E+22
   0.98234E+03   0.26929E+03   0.83492E+00   0.13767E+22
   0.98309E+03   0.26958E+03   0.83542E+00   0.13773E+22
   0.98384E+03   0.26988E+03   0.83592E+00   0.13780E+22
   0.98459E+03   0.27017E+03   0.83642E+00   0.13786E+22
   0.98534E+03   0.27047E+03   0.83692E+00   0.13792E+22
   0.98609E+03   0.27076E+03   0.83742E+00   0.13798E+22
   0.98684E+03   0.27106E+03   0.83792E+00   0.13804E+22
   0.98759E+03   0.27136E+03   0.83842E+00   0.13810E+22
   0.98834E+03   0.27165E+03   0.83892E+00   0.13816E+22
   0.98909E+03   0.27195E+03   0.83942E+00   0.13822E+22
   0.98985E+03   0.27224E+03   0.83992E+00   0.13828E+22
   0.99060E+03   0.27254E+03   0.84042E+00   0.13834E+22
   0.99135E+03   0.27283E+03   0.84092E+00   0.13840E+22
   0.99210E+03   0.27313E+03   0.84142E+00   0.13846E+22
   0.99285E+03   0.27343E+03   0.84192E+00   0.13852E+22
   0.99360E+03   0.27372E+03   0.84242E+00   0.13858E+22
   0.99436E+03   0.27402E+03   0.84292E+00   0.13864E+22
   0.99511E+03   0.27431E+03   0.84342E+00   0.13870E+22
   0.99586E+03   0.27461E+03   0.84392E+00   0.13877E+22
   0.99661E+03   0.27491E+03   0.84442E+00   0.13883E+22
   0.99737E+03   0.27520E+03   0.84492E+00   0.13889E+22
   0.99812E+03   0.27550E+03   0.84542E+00   0.13895E+22
   0.99887E+03   0.27580E+03   0.84592E+00   0.13901E+22
   0.99963E+03   0.27609E+03   0.84642E+00   0.13907E+22
   0.10004E+04   0.27639E+03   0.84692E+00   0.13913E+22
   0.10011E+04   0.27669E+03   0.84742E+00   0.13919E+22
   0.10019E+04   0.27698E+03   0.84792E+00   0.13925E+22
   0.10026E+04   0.27728E+03   0.84842E+00   0.13931E+22
   0.10034E+04   0.27758E+03   0.84892E+00   0.13937E+22
   0.10042E+04   0.27788E+03   0.84942E+00   0.13943E+22
   0.10049E+04   0.27817E+03   0.84992E+00   0.13950E+22
   0.10057E+04   0.27847E+03   0.85042E+00   0.13956E+22
   0.10064E+04   0.27877E+03   0.85092E+00   0.13962E+22
   0.10072E+04   0.27907E+03   0.85142E+00   0.13968E+22
   0.10079E+04   0.27936E+03   0.85192E+00   0.13974E+22
   0.10087E+04   0.27966E+03   0.85242E+00   0.13980E+22
   0.10094E+04   0.27996E+03   0.85292E+00   0.13986E+22
   0.10102E+04   0.28026E+03   0.85342E+00   0.13992E+22
   0.10110E+04   0.28055E+03   0.85392E+00   0.13998E+22
   0.10117E+04   0.28085E+03   0.85442E+00   0.14004E+22
   0.10125E+04   0.28115E+03   0.85492E+00   0.14011E+22
   0.10132E+04   0.28145E+03   0.85542E+00   0.14017E+22
   0.10140E+04   0.28175E+03   0.85592E+00   0.14023E+22
   0.10147E+04   0.28204E+03   0.85642E+00   0.14029E+22
   0.10155E+04   0.28234E+03   0.85692E+00   0.14035E+22
   0.10162E+04   0.28264E+03   0.85742E+00   0.14041E+22
   0.10170E+04   0.28294E+03   0.85792E+00   0.14047E+22
   0.10178E+04   0.28324E+03   0.85842E+00   0.14053E+22
   0.10185E+04   0.28354E+03   0.85892E+00   0.14059E+22
   0.10193E+04   0.28383E+03   0.85942E+00   0.14066E+22
   0.10200E+04   0.28413E+03   0.85992E+00   0.14072E+22
   0.10208E+04   0.28443E+03   0.86042E+00   0.14078E+22
   0.10216E+04   0.28473E+03   0.86092E+00   0.14084E+22
   0.10223E+04   0.28503E+03   0.86142E+00   0.14090E+22
   0.10231E+04   0.28533E+03   0.86192E+00   0.14096E+22
   0.10238E+04   0.28563E+03   0.86242E+00   0.14102E+22
   0.10246E+04   0.28593E+03   0.86292E+00   0.14108E+22
   0.10254E+04   0.28623E+03   0.86342E+00   0.14115E+22
   0.10261E+04   0.28653E+03   0.86392E+00   0.14121E+22
   0.10269E+04   0.28683E+03   0.86442E+00   0.14127E+22
   0.10276E+04   0.28712E+03   0.86492E+00   0.14133E+22
   0.10284E+04   0.28742E+03   0.86542E+00   0.14139E+22
   0.10291E+04   0.28772E+03   0.86592E+00   0.14145E+22
   0.10299E+04   0.28802E+03   0.86642E+00   0.14151E+22
   0.10307E+04   0.28832E+03   0.86692E+00   0.14157E+22
   0.10314E+04   0.28862E+03   0.86742E+00   0.14164E+22
   0.10322E+04   0.28892E+03   0.86792E+00   0.14170E+22
   0.10330E+04   0.28922E+03   0.86842E+00   0.14176E+22
   0.10337E+04   0.28952E+03   0.86892E+00   0.14182E+22
   0.10345E+04   0.28982E+03   0.86942E+00   0.14188E+22
   0.10352E+04   0.29012E+03   0.86992E+00   0.14194E+22
   0.10360E+04   0.29042E+03   0.87042E+00   0.14200E+22
   0.10368E+04   0.29072E+03   0.87092E+00   0.14207E+22
   0.10375E+04   0.29102E+03   0.87142E+00   0.14213E+22
   0.10383E+04   0.29132E+03   0.87192E+00   0.14219E+22
   0.10390E+04   0.29162E+03   0.87242E+00   0.14225E+22
   0.10398E+04   0.29193E+03   0.87292E+00   0.14231E+22
   0.10406E+04   0.29223E+03   0.87342E+00   0.14237E+22
   0.10413E+04   0.29253E+03   0.87392E+00   0.14243E+22
   0.10421E+04   0.29283E+03   0.87442E+00   0.14250E+22
   0.10429E+04   0.29313E+03   0.87492E+00   0.14256E+22
   0.10436E+04   0.29343E+03   0.87542E+00   0.14262E+22
   0.10444E+04   0.29373E+03   0.87592E+00   0.14268E+22
   0.10452E+04   0.29403E+03   0.87642E+00   0.14274E+22
   0.10459E+04   0.29433E+03   0.87692E+00   0.14280E+22
   0.10467E+04   0.29463E+03   0.87742E+00   0.14287E+22
   0.10474E+04   0.29494E+03   0.87792E+00   0.14293E+22
   0.10482E+04   0.29524E+03   0.87842E+00   0.14299E+22
   0.10490E+04   0.29554E+03   0.87892E+00   0.14305E+22
   0.10497E+04   0.29584E+03   0.87942E+00   0.14311E+22
   0.10505E+04   0.29614E+03   0.87992E+00   0.14317E+22
   0.10513E+04   0.29644E+03   0.88042E+00   0.14324E+22
   0.10520E+04   0.29674E+03   0.88092E+00   0.14330E+22
   0.10528E+04   0.29705E+03   0.88142E+00   0.14336E+22
   0.10536E+04   0.29735E+03   0.88192E+00   0.14342E+22
   0.10543E+04   0.29765E+03   0.88242E+00   0.14348E+22
   0.10551E+04   0.29795E+03   0.88292E+00   0.14354E+22
   0.10559E+04   0.29825E+03   0.88342E+00   0.14361E+22
   0.10566E+04   0.29856E+03   0.88392E+00   0.14367E+22
   0.10574E+04   0.29886E+03   0.88442E+00   0.14373E+22
   0.10582E+04   0.29916E+03   0.88492E+00   0.14379E+22
   0.10589E+04   0.29946E+03   0.88542E+00   0.14385E+22
   0.10597E+04   0.29977E+03   0.88592E+00   0.14392E+22
   0.10605E+04   0.30007E+03   0.88642E+00   0.14398E+22
   0.10612E+04   0.30037E+03   0.88692E+00   0.14404E+22
   0.10620E+04   0.30067E+03   0.88742E+00   0.14410E+22
   0.10628E+04   0.30098E+03   0.88792E+00   0.14416E+22
   0.10635E+04   0.30128E+03   0.88842E+00   0.14422E+22
   0.10643E+04   0.30158E+03   0.88892E+00   0.14429E+22
   0.10651E+04   0.30188E+03   0.88942E+00   0.14435E+22
   0.10658E+04   0.30219E+03   0.88992E+00   0.14441E+22
   0.10666E+04   0.30249E+03   0.89042E+00   0.14447E+22
   0.10674E+04   0.30279E+03   0.89092E+00   0.14453E+22
   0.10682E+04   0.30310E+03   0.89142E+00   0.14460E+22
   0.10689E+04   0.30340E+03   0.89192E+00   0.14466E+22
   0.10697E+04   0.30370E+03   0.89242E+00   0.14472E+22
   0.10705E+04   0.30401E+03   0.89292E+00   0.14478E+22
   0.10712E+04   0.30431E+03   0.89342E+00   0.14484E+22
   0.10720E+04   0.30461E+03   0.89392E+00   0.14491E+22
   0.10728E+04   0.30492E+03   0.89442E+00   0.14497E+22
   0.10735E+04   0.30522E+03   0.89492E+00   0.14503E+22
   0.10743E+04   0.30553E+03   0.89542E+00   0.14509E+22
   0.10751E+04   0.30583E+03   0.89592E+00   0.14515E+22
   0.10759E+04   0.30613E+03   0.89642E+00   0.14522E+22
   0.10766E+04   0.30644E+03   0.89692E+00   0.14528E+22
   0.10774E+04   0.30674E+03   0.89742E+00   0.14534E+22
   0.10782E+04   0.30705E+03   0.89792E+00   0.14540E+22
   0.10789E+04   0.30735E+03   0.89842E+00   0.14546E+22
   0.10797E+04   0.30765E+03   0.89892E+00   0.14553E+22
   0.10805E+04   0.30796E+03   0.89942E+00   0.14559E+22
   0.10813E+04   0.30826E+03   0.89992E+00   0.14565E+22
   0.10820E+04   0.30857E+03   0.90042E+00   0.14571E+22
   0.10828E+04   0.30887E+03   0.90092E+00   0.14578E+22
   0.10836E+04   0.30918E+03   0.90142E+00   0.14584E+22
   0.10843E+04   0.30948E+03   0.90192E+00   0.14590E+22
   0.10851E+04   0.30979E+03   0.90242E+00   0.14596E+22
   0.10859E+04   0.31009E+03   0.90292E+00   0.14602E+22
   0.10867E+04   0.31039E+03   0.90342E+00   0.14609E+22
   0.10874E+04   0.31070E+03   0.90392E+00   0.14615E+22
   0.10882E+04   0.31100E+03   0.90442E+00   0.14621E+22
   0.10890E+04   0.31131E+03   0.90492E+00   0.14627E+22
   0.10898E+04   0.31161E+03   0.90542E+00   0.14634E+22
   0.10905E+04   0.31192E+03   0.90592E+00   0.14640E+22
   0.10913E+04   0.31223E+03   0.90642E+00   0.14646E+22
   0.10921E+04   0.31253E+03   0.90692E+00   0.14652E+22
   0.10929E+04   0.31284E+03   0.90742E+00   0.14658E+22
   0.10936E+04   0.31314E+03   0.90792E+00   0.14665E+22
   0.10944E+04   0.31345E+03   0.90842E+00   0.14671E+22
   0.10952E+04   0.31375E+03   0.90892E+00   0.14677E+22
   0.10960E+04   0.31406E+03   0.90942E+00   0.14683E+22
   0.10967E+04   0.31436E+03   0.90992E+00   0.14690E+22
   0.10975E+04   0.31467E+03   0.91042E+00   0.14696E+22
   0.10983E+04   0.31498E+03   0.91092E+00   0.14702E+22
   0.10991E+04   0.31528E+03   0.91142E+00   0.14708E+22
   0.10998E+04   0.31559E+03   0.91192E+00   0.14715E+22
   0.11006E+04   0.31589E+03   0.91242E+00   0.14721E+22
   0.11014E+04   0.31620E+03   0.91292E+00   0.14727E+22
   0.11022E+04   0.31651E+03   0.91342E+00   0.14733E+22
   0.11029E+04   0.31681E+03   0.91392E+00   0.14740E+22
   0.11037E+04   0.31712E+03   0.91442E+00   0.14746E+22
   0.11045E+04   0.31743E+03   0.91492E+00   0.14752E+22
   0.11053E+04   0.31773E+03   0.91542E+00   0.14758E+22
   0.11060E+04   0.31804E+03   0.91592E+00   0.14765E+22
   0.11068E+04   0.31834E+03   0.91642E+00   0.14771E+22
   0.11076E+04   0.31865E+03   0.91692E+00   0.14777E+22
   0.11084E+04   0.31896E+03   0.91742E+00   0.14783E+22
   0.11092E+04   0.31927E+03   0.91792E+00   0.14790E+22
   0.11099E+04   0.31957E+03   0.91842E+00   0.14796E+22
   0.11107E+04   0.31988E+03   0.91892E+00   0.14802E+22
   0.11115E+04   0.32019E+03   0.91942E+00   0.14808E+22
   0.11123E+04   0.32049E+03   0.91992E+00   0.14815E+22
   0.11130E+04   0.32080E+03   0.92042E+00   0.14821E+22
   0.11138E+04   0.32111E+03   0.92092E+00   0.14827E+22
   0.11146E+04   0.32141E+03   0.92142E+00   0.14833E+22
   0.11154E+04   0.32172E+03   0.92192E+00   0.14840E+22
   0.11162E+04   0.32203E+03   0.92242E+00   0.14846E+22
   0.11169E+04   0.32234E+03   0.92292E+00   0.14852E+22
   0.11177E+04   0.32264E+03   0.92342E+00   0.14858E+22
   0.11185E+04   0.32295E+03   0.92392E+00   0.14865E+22
   0.11193E+04   0.32326E+03   0.92442E+00   0.14871E+22
   0.11201E+04   0.32357E+03   0.92492E+00   0.14877E+22
   0.11208E+04   0.32388E+03   0.92542E+00   0.14883E+22
   0.11216E+04   0.32418E+03   0.92592E+00   0.14890E+22
   0.11224E+04   0.32449E+03   0.92642E+00   0.14896E+22
   0.11232E+04   0.32480E+03   0.92692E+00   0.14902E+22
   0.11240E+04   0.32511E+03   0.92742E+00   0.14909E+22
   0.11248E+04   0.32542E+03   0.92792E+00   0.14915E+22
   0.11255E+04   0.32572E+03   0.92842E+00   0.14921E+22
   0.11263E+04   0.32603E+03   0.92892E+00   0.14927E+22
   0.11271E+04   0.32634E+03   0.92942E+00   0.14934E+22
   0.11279E+04   0.32665E+03   0.92992E+00   0.14940E+22
   0.11287E+04   0.32696E+03   0.93042E+00   0.14946E+22
   0.11294E+04   0.32727E+03   0.93092E+00   0.14953E+22
   0.11302E+04   0.32757E+03   0.93142E+00   0.14959E+22
   0.11310E+04   0.32788E+03   0.93192E+00   0.14965E+22
   0.11318E+04   0.32819E+03   0.93242E+00   0.14971E+22
   0.11326E+04   0.32850E+03   0.93292E+00   0.14978E+22
   0.11334E+04   0.32881E+03   0.93342E+00   0.14984E+22
   0.11341E+04   0.32912E+03   0.93392E+00   0.14990E+22
   0.11349E+04   0.32943E+03   0.93442E+00   0.14997E+22
   0.11357E+04   0.32974E+03   0.93492E+00   0.15003E+22
   0.11365E+04   0.33005E+03   0.93542E+00   0.15009E+22
   0.11373E+04   0.33035E+03   0.93592E+00   0.15015E+22
   0.11381E+04   0.33066E+03   0.93642E+00   0.15022E+22
   0.11388E+04   0.33097E+03   0.93692E+00   0.15028E+22
   0.11396E+04   0.33128E+03   0.93742E+00   0.15034E+22
   0.11404E+04   0.33159E+03   0.93792E+00   0.15041E+22
   0.11412E+04   0.33190E+03   0.93842E+00   0.15047E+22
   0.11420E+04   0.33221E+03   0.93892E+00   0.15053E+22
   0.11428E+04   0.33252E+03   0.93942E+00   0.15059E+22
   0.11436E+04   0.33283E+03   0.93992E+00   0.15066E+22
   0.11443E+04   0.33314E+03   0.94042E+00   0.15072E+22
   0.11451E+04   0.33345E+03   0.94092E+00   0.15078E+22
   0.11459E+04   0.33376E+03   0.94142E+00   0.15085E+22
   0.11467E+04   0.33407E+03   0.94192E+00   0.15091E+22
   0.11475E+04   0.33438E+03   0.94242E+00   0.15097E+22
   0.11483E+04   0.33469E+03   0.94292E+00   0.15104E+22
   0.11491E+04   0.33500E+03   0.94342E+00   0.15110E+22
   0.11498E+04   0.33531E+03   0.94392E+00   0.15116E+22
   0.11506E+04   0.33562E+03   0.94442E+00   0.15122E+22
   0.11514E+04   0.33593E+03   0.94492E+00   0.15129E+22
   0.11522E+04   0.33624E+03   0.94542E+00   0.15135E+22
   0.11530E+04   0.33655E+03   0.94592E+00   0.15141E+22
   0.11538E+04   0.33686E+03   0.94642E+00   0.15148E+22
   0.11546E+04   0.33717E+03   0.94692E+00   0.15154E+22
   0.11554E+04   0.33748E+03   0.94742E+00   0.15160E+22
   0.11561E+04   0.33779E+03   0.94792E+00   0.15167E+22
   0.11569E+04   0.33811E+03   0.94842E+00   0.15173E+22
   0.11577E+04   0.33842E+03   0.94892E+00   0.15179E+22
   0.11585E+04   0.33873E+03   0.94942E+00   0.15186E+22
   0.11593E+04   0.33904E+03   0.94992E+00   0.15192E+22
   0.11601E+04   0.33935E+03   0.95042E+00   0.15198E+22
   0.11609E+04   0.33966E+03   0.95092E+00   0.15205E+22
   0.11617E+04   0.33997E+03   0.95142E+00   0.15211E+22
   0.11624E+04   0.34028E+03   0.95192E+00   0.15217E+22
   0.11632E+04   0.34059E+03   0.95242E+00   0.15223E+22
   0.11640E+04   0.34091E+03   0.95292E+00   0.15230E+22
   0.11648E+04   0.34122E+03   0.95342E+00   0.15236E+22
   0.11656E+04   0.34153E+03   0.95392E+00   0.15242E+22
   0.11664E+04   0.34184E+03   0.95442E+00   0.15249E+22
   0.11672E+04   0.34215E+03   0.95492E+00   0.15255E+22
   0.11680E+04   0.34246E+03   0.95542E+00   0.15261E+22
   0.11688E+04   0.34278E+03   0.95592E+00   0.15268E+22
   0.11696E+04   0.34309E+03   0.95642E+00   0.15274E+22
   0.11703E+04   0.34340E+03   0.95692E+00   0.15280E+22
   0.11711E+04   0.34371E+03   0.95742E+00   0.15287E+22
   0.11719E+04   0.34402E+03   0.95792E+00   0.15293E+22
   0.11727E+04   0.34434E+03   0.95842E+00   0.15299E+22
   0.11735E+04   0.34465E+03   0.95892E+00   0.15306E+22
   0.11743E+04   0.34496E+03   0.95942E+00   0.15312E+22
   0.11751E+04   0.34527E+03   0.95992E+00   0.15318E+22
   0.11759E+04   0.34558E+03   0.96042E+00   0.15325E+22
   0.11767E+04   0.34590E+03   0.96092E+00   0.15331E+22
   0.11775E+04   0.34621E+03   0.96142E+00   0.15337E+22
   0.11783E+04   0.34652E+03   0.96192E+00   0.15344E+22
   0.11791E+04   0.34683E+03   0.96242E+00   0.15350E+22
   0.11799E+04   0.34715E+03   0.96292E+00   0.15356E+22
   0.11806E+04   0.34746E+03   0.96342E+00   0.15363E+22
   0.11814E+04   0.34777E+03   0.96392E+00   0.15369E+22
   0.11822E+04   0.34809E+03   0.96442E+00   0.15375E+22
   0.11830E+04   0.34840E+03   0.96492E+00   0.15382E+22
   0.11838E+04   0.34871E+03   0.96542E+00   0.15388E+22
   0.11846E+04   0.34902E+03   0.96592E+00   0.15395E+22
   0.11854E+04   0.34934E+03   0.96642E+00   0.15401E+22
   0.11862E+04   0.34965E+03   0.96692E+00   0.15407E+22
   0.11870E+04   0.34996E+03   0.96742E+00   0.15414E+22
   0.11878E+04   0.35028E+03   0.96792E+00   0.15420E+22
   0.11886E+04   0.35059E+03   0.96842E+00   0.15426E+22
   0.11894E+04   0.35090E+03   0.96892E+00   0.15433E+22
   0.11902E+04   0.35122E+03   0.96942E+00   0.15439E+22
   0.11910E+04   0.35153E+03   0.96992E+00   0.15445E+22
   0.11918E+04   0.35184E+03   0.97042E+00   0.15452E+22
   0.11926E+04   0.35216E+03   0.97092E+00   0.15458E+22
   0.11934E+04   0.35247E+03   0.97142E+00   0.15464E+22
   0.11942E+04   0.35279E+03   0.97192E+00   0.15471E+22
   0.11949E+04   0.35310E+03   0.97242E+00   0.15477E+22
   0.11957E+04   0.35341E+03   0.97292E+00   0.15483E+22
   0.11965E+04   0.35373E+03   0.97342E+00   0.15490E+22
   0.11973E+04   0.35404E+03   0.97392E+00   0.15496E+22
   0.11981E+04   0.35436E+03   0.97442E+00   0.15503E+22
   0.11989E+04   0.35467E+03   0.97492E+00   0.15509E+22
   0.11997E+04   0.35498E+03   0.97542E+00   0.15515E+22
   0.12005E+04   0.35530E+03   0.97592E+00   0.15522E+22
   0.12013E+04   0.35561E+03   0.97642E+00   0.15528E+22
   0.12021E+04   0.35593E+03   0.97692E+00   0.15534E+22
   0.12029E+04   0.35624E+03   0.97742E+00   0.15541E+22
   0.12037E+04   0.35656E+03   0.97792E+00   0.15547E+22
   0.12045E+04   0.35687E+03   0.97842E+00   0.15553E+22
   0.12053E+04   0.35719E+03   0.97892E+00   0.15560E+22
   0.12061E+04   0.35750E+03   0.97942E+00   0.15566E+22
   0.12069E+04   0.35782E+03   0.97992E+00   0.15573E+22
   0.12077E+04   0.35813E+03   0.98042E+00   0.15579E+22
   0.12085E+04   0.35844E+03   0.98092E+00   0.15585E+22
   0.12093E+04   0.35876E+03   0.98142E+00   0.15592E+22
   0.12101E+04   0.35907E+03   0.98192E+00   0.15598E+22
   0.12109E+04   0.35939E+03   0.98242E+00   0.15604E+22
   0.12117E+04   0.35971E+03   0.98292E+00   0.15611E+22
   0.12125E+04   0.36002E+03   0.98342E+00   0.15617E+22
   0.12133E+04   0.36034E+03   0.98392E+00   0.15624E+22
   0.12141E+04   0.36065E+03   0.98442E+00   0.15630E+22
   0.12149E+04   0.36097E+03   0.98492E+00   0.15636E+22
   0.12157E+04   0.36128E+03   0.98542E+00   0.15643E+22
   0.12165E+04   0.36160E+03   0.98592E+00   0.15649E+22
   0.12173E+04   0.36191E+03   0.98642E+00   0.15655E+22
   0.12181E+04   0.36223E+03   0.98692E+00   0.15662E+22
   0.12189E+04   0.36254E+03   0.98742E+00   0.15668E+22
   0.12197E+04   0.36286E+03   0.98792E+00   0.15675E+22
   0.12205E+04   0.36318E+03   0.98842E+00   0.15681E+22
   0.12213E+04   0.36349E+03   0.98892E+00   0.15687E+22
   0.12221E+04   0.36381E+03   0.98942E+00   0.15694E+22
   0.12229E+04   0.36412E+03   0.98992E+00   0.15700E+22
   0.12237E+04   0.36444E+03   0.99042E+00   0.15706E+22
   0.12245E+04   0.36476E+03   0.99092E+00   0.15713E+22
   0.12253E+04   0.36507E+03   0.99142E+00   0.15719E+22
   0.12261E+04   0.36539E+03   0.99192E+00   0.15726E+22
   0.12269E+04   0.36570E+03   0.99242E+00   0.15732E+22
   0.12277E+04   0.36602E+03   0.99292E+00   0.15738E+22
   0.12285E+04   0.36634E+03   0.99342E+00   0.15745E+22
   0.12293E+04   0.36665E+03   0.99392E+00   0.15751E+22
   0.12301E+04   0.36697E+03   0.99442E+00   0.15758E+22
   0.12309E+04   0.36729E+03   0.99492E+00   0.15764E+22
   0.12317E+04   0.36760E+03   0.99542E+00   0.15770E+22
   0.12325E+04   0.36792E+03   0.99592E+00   0.15777E+22
   0.12333E+04   0.36824E+03   0.99642E+00   0.15783E+22
   0.12341E+04   0.36855E+03   0.99692E+00   0.15790E+22
   0.12349E+04   0.36887E+03   0.99742E+00   0.15796E+22
   0.12357E+04   0.36919E+03   0.99792E+00   0.15802E+22
   0.12366E+04   0.36951E+03   0.99842E+00   0.15809E+22
   0.12374E+04   0.36982E+03   0.99892E+00   0.15815E+22
   0.12382E+04   0.37014E+03   0.99942E+00   0.15822E+22
   0.12390E+04   0.37046E+03   0.99992E+00   0.15828E+22
   0.12398E+04   0.37077E+03   0.10004E+01   0.15834E+22
   0.12406E+04   0.37109E+03   0.10009E+01   0.15841E+22
   0.12414E+04   0.37141E+03   0.10014E+01   0.15847E+22
   0.12422E+04   0.37173E+03   0.10019E+01   0.15854E+22
   0.12430E+04   0.37204E+03   0.10024E+01   0.15860E+22
   0.12438E+04   0.37236E+03   0.10029E+01   0.15866E+22
   0.12446E+04   0.37268E+03   0.10034E+01   0.15873E+22
   0.12454E+04   0.37300E+03   0.10039E+01   0.15879E+22
   0.12462E+04   0.37331E+03   0.10044E+01   0.15886E+22
   0.12470E+04   0.37363E+03   0.10049E+01   0.15892E+22
   0.12478E+04   0.37395E+03   0.10054E+01   0.15898E+22
   0.12486E+04   0.37427E+03   0.10059E+01   0.15905E+22
   0.12494E+04   0.37459E+03   0.10064E+01   0.15911E+22
   0.12503E+04   0.37490E+03   0.10069E+01   0.15918E+22
   0.12511E+04   0.37522E+03   0.10074E+01   0.15924E+22
   0.12519E+04   0.37554E+03   0.10079E+01   0.15930E+22
   0.12527E+04   0.37586E+03   0.10084E+01   0.15937E+22
   0.12535E+04   0.37618E+03   0.10089E+01   0.15943E+22
   0.12543E+04   0.37650E+03   0.10094E+01   0.15950E+22
   0.12551E+04   0.37681E+03   0.10099E+01   0.15956E+22
   0.12559E+04   0.37713E+03   0.10104E+01   0.15963E+22
   0.12567E+04   0.37745E+03   0.10109E+01   0.15969E+22
   0.12575E+04   0.37777E+03   0.10114E+01   0.15975E+22
   0.12583E+04   0.37809E+03   0.10119E+01   0.15982E+22
   0.12591E+04   0.37841E+03   0.10124E+01   0.15988E+22
   0.12599E+04   0.37873E+03   0.10129E+01   0.15995E+22
   0.12608E+04   0.37904E+03   0.10134E+01   0.16001E+22
   0.12616E+04   0.37936E+03   0.10139E+01   0.16008E+22
   0.12624E+04   0.37968E+03   0.10144E+01   0.16014E+22
   0.12632E+04   0.38000E+03   0.10149E+01   0.16020E+22
   0.12640E+04   0.38032E+03   0.10154E+01   0.16027E+22
   0.12648E+04   0.38064E+03   0.10159E+01   0.16033E+22
   0.12656E+04   0.38096E+03   0.10164E+01   0.16040E+22
   0.12664E+04   0.38128E+03   0.10169E+01   0.16046E+22
   0.12672E+04   0.38160E+03   0.10174E+01   0.16052E+22
   0.12680E+04   0.38192E+03   0.10179E+01   0.16059E+22
   0.12689E+04   0.38224E+03   0.10184E+01   0.16065E+22
   0.12697E+04   0.38256E+03   0.10189E+01   0.16072E+22
   0.12705E+04   0.38287E+03   0.10194E+01   0.16078E+22
   0.12713E+04   0.38319E+03   0.10199E+01   0.16085E+22
   0.12721E+04   0.38351E+03   0.10204E+01   0.16091E+22
   0.12729E+04   0.38383E+03   0.10209E+01   0.16098E+22
   0.12737E+04   0.38415E+03   0.10214E+01   0.16104E+22
   0.12745E+04   0.38447E+03   0.10219E+01   0.16110E+22
   0.12753E+04   0.38479E+03   0.10224E+01   0.16117E+22
   0.12762E+04   0.38511E+03   0.10229E+01   0.16123E+22
   0.12770E+04   0.38543E+03   0.10234E+01   0.16130E+22
   0.12778E+04   0.38575E+03   0.10239E+01   0.16136E+22
   0.12786E+04   0.38607E+03   0.10244E+01   0.16143E+22
   0.12794E+04   0.38639E+03   0.10249E+01   0.16149E+22
   0.12802E+04   0.38671E+03   0.10254E+01   0.16155E+22
   0.12810E+04   0.38703E+03   0.10259E+01   0.16162E+22
   0.12818E+04   0.38735E+03   0.10264E+01   0.16168E+22
   0.12827E+04   0.38767E+03   0.10269E+01   0.16175E+22
   0.12835E+04   0.38800E+03   0.10274E+01   0.16181E+22
   0.12843E+04   0.38832E+03   0.10279E+01   0.16188E+22
   0.12851E+04   0.38864E+03   0.10284E+01   0.16194E+22
   0.12859E+04   0.38896E+03   0.10289E+01   0.16201E+22
   0.12867E+04   0.38928E+03   0.10294E+01   0.16207E+22
   0.12875E+04   0.38960E+03   0.10299E+01   0.16213E+22
   0.12884E+04   0.38992E+03   0.10304E+01   0.16220E+22
   0.12892E+04   0.39024E+03   0.10309E+01   0.16226E+22
   0.12900E+04   0.39056E+03   0.10314E+01   0.16233E+22
   0.12908E+04   0.39088E+03   0.10319E+01   0.16239E+22
   0.12916E+04   0.39120E+03   0.10324E+01   0.16246E+22
   0.12924E+04   0.39152E+03   0.10329E+01   0.16252E+22
   0.12932E+04   0.39185E+03   0.10334E+01   0.16259E+22
   0.12941E+04   0.39217E+03   0.10339E+01   0.16265E+22
   0.12949E+04   0.39249E+03   0.10344E+01   0.16271E+22
   0.12957E+04   0.39281E+03   0.10349E+01   0.16278E+22
   0.12965E+04   0.39313E+03   0.10354E+01   0.16284E+22
   0.12973E+04   0.39345E+03   0.10359E+01   0.16291E+22
   0.12981E+04   0.39377E+03   0.10364E+01   0.16297E+22
   0.12990E+04   0.39410E+03   0.10369E+01   0.16304E+22
   0.12998E+04   0.39442E+03   0.10374E+01   0.16310E+22
   0.13006E+04   0.39474E+03   0.10379E+01   0.16317E+22
   0.13014E+04   0.39506E+03   0.10384E+01   0.16323E+22
   0.13022E+04   0.39538E+03   0.10389E+01   0.16330E+22
   0.13030E+04   0.39570E+03   0.10394E+01   0.16336E+22
   0.13039E+04   0.39603E+03   0.10399E+01   0.16342E+22
   0.13047E+04   0.39635E+03   0.10404E+01   0.16349E+22
   0.13055E+04   0.39667E+03   0.10409E+01   0.16355E+22
   0.13063E+04   0.39699E+03   0.10414E+01   0.16362E+22
   0.13071E+04   0.39731E+03   0.10419E+01   0.16368E+22
   0.13079E+04   0.39764E+03   0.10424E+01   0.16375E+22
   0.13088E+04   0.39796E+03   0.10429E+01   0.16381E+22
   0.13096E+04   0.39828E+03   0.10434E+01   0.16388E+22
   0.13104E+04   0.39860E+03   0.10439E+01   0.16394E+22
   0.13112E+04   0.39893E+03   0.10444E+01   0.16401E+22
   0.13120E+04   0.39925E+03   0.10449E+01   0.16407E+22
   0.13129E+04   0.39957E+03   0.10454E+01   0.16414E+22
   0.13137E+04   0.39989E+03   0.10459E+01   0.16420E+22
   0.13145E+04   0.40022E+03   0.10464E+01   0.16427E+22
   0.13153E+04   0.40054E+03   0.10469E+01   0.16433E+22
   0.13161E+04   0.40086E+03   0.10474E+01   0.16439E+22
   0.13170E+04   0.40118E+03   0.10479E+01   0.16446E+22
   0.13178E+04   0.40151E+03   0.10484E+01   0.16452E+22
   0.13186E+04   0.40183E+03   0.10489E+01   0.16459E+22
   0.13194E+04   0.40215E+03   0.10494E+01   0.16465E+22
   0.13202E+04   0.40248E+03   0.10499E+01   0.16472E+22
   0.13211E+04   0.40280E+03   0.10504E+01   0.16478E+22
   0.13219E+04   0.40312E+03   0.10509E+01   0.16485E+22
   0.13227E+04   0.40345E+03   0.10514E+01   0.16491E+22
   0.13235E+04   0.40377E+03   0.10519E+01   0.16498E+22
   0.13243E+04   0.40409E+03   0.10524E+01   0.16504E+22
   0.13252E+04   0.40442E+03   0.10529E+01   0.16511E+22
   0.13260E+04   0.40474E+03   0.10534E+01   0.16517E+22
   0.13268E+04   0.40506E+03   0.10539E+01   0.16524E+22
   0.13276E+04   0.40539E+03   0.10544E+01   0.16530E+22
   0.13284E+04   0.40571E+03   0.10549E+01   0.16537E+22
   0.13293E+04   0.40603E+03   0.10554E+01   0.16543E+22
   0.13301E+04   0.40636E+03   0.10559E+01   0.16550E+22
   0.13309E+04   0.40668E+03   0.10564E+01   0.16556E+22
   0.13317E+04   0.40701E+03   0.10569E+01   0.16562E+22
   0.13326E+04   0.40733E+03   0.10574E+01   0.16569E+22
   0.13334E+04   0.40765E+03   0.10579E+01   0.16575E+22
   0.13342E+04   0.40798E+03   0.10584E+01   0.16582E+22
   0.13350E+04   0.40830E+03   0.10589E+01   0.16588E+22
   0.13358E+04   0.40863E+03   0.10594E+01   0.16595E+22
   0.13367E+04   0.40895E+03   0.10599E+01   0.16601E+22
   0.13375E+04   0.40927E+03   0.10604E+01   0.16608E+22
   0.13383E+04   0.40960E+03   0.10609E+01   0.16614E+22
   0.13391E+04   0.40992E+03   0.10614E+01   0.16621E+22
   0.13400E+04   0.41025E+03   0.10619E+01   0.16627E+22
   0.13408E+04   0.41057E+03   0.10624E+01   0.16634E+22
   0.13416E+04   0.41090E+03   0.10629E+01   0.16640E+22
   0.13424E+04   0.41122E+03   0.10634E+01   0.16647E+22
   0.13433E+04   0.41155E+03   0.10639E+01   0.16653E+22
   0.13441E+04   0.41187E+03   0.10644E+01   0.16660E+22
   0.13449E+04   0.41220E+03   0.10649E+01   0.16666E+22
   0.13457E+04   0.41252E+03   0.10654E+01   0.16673E+22
   0.13466E+04   0.41284E+03   0.10659E+01   0.16679E+22
   0.13474E+04   0.41317E+03   0.10664E+01   0.16686E+22
   0.13482E+04   0.41349E+03   0.10669E+01   0.16692E+22
   0.13490E+04   0.41382E+03   0.10674E+01   0.16699E+22
   0.13499E+04   0.41414E+03   0.10679E+01   0.16705E+22
   0.13507E+04   0.41447E+03   0.10684E+01   0.16712E+22
   0.13515E+04   0.41480E+03   0.10689E+01   0.16718E+22
   0.13523E+04   0.41512E+03   0.10694E+01   0.16725E+22
   0.13532E+04   0.41545E+03   0.10699E+01   0.16731E+22
   0.13540E+04   0.41577E+03   0.10704E+01   0.16738E+22
   0.13548E+04   0.41610E+03   0.10709E+01   0.16744E+22
   0.13556E+04   0.41642E+03   0.10714E+01   0.16751E+22
   0.13565E+04   0.41675E+03   0.10719E+01   0.16757E+22
   0.13573E+04   0.41707E+03   0.10724E+01   0.16764E+22
   0.13581E+04   0.41740E+03   0.10729E+01   0.16770E+22
   0.13590E+04   0.41772E+03   0.10734E+01   0.16777E+22
   0.13598E+04   0.41805E+03   0.10739E+01   0.16783E+22
   0.13606E+04   0.41838E+03   0.10744E+01   0.16790E+22
   0.13614E+04   0.41870E+03   0.10749E+01   0.16796E+22
   0.13623E+04   0.41903E+03   0.10754E+01   0.16803E+22
   0.13631E+04   0.41935E+03   0.10759E+01   0.16809E+22
   0.13639E+04   0.41968E+03   0.10764E+01   0.16816E+22
   0.13648E+04   0.42001E+03   0.10769E+01   0.16822E+22
   0.13656E+04   0.42033E+03   0.10774E+01   0.16829E+22
   0.13664E+04   0.42066E+03   0.10779E+01   0.16835E+22
   0.13672E+04   0.42098E+03   0.10784E+01   0.16842E+22
   0.13681E+04   0.42131E+03   0.10789E+01   0.16848E+22
   0.13689E+04   0.42164E+03   0.10794E+01   0.16855E+22
   0.13697E+04   0.42196E+03   0.10799E+01   0.16861E+22
   0.13706E+04   0.42229E+03   0.10804E+01   0.16868E+22
   0.13714E+04   0.42262E+03   0.10809E+01   0.16874E+22
   0.13722E+04   0.42294E+03   0.10814E+01   0.16881E+22
   0.13730E+04   0.42327E+03   0.10819E+01   0.16887E+22
   0.13739E+04   0.42360E+03   0.10824E+01   0.16894E+22
   0.13747E+04   0.42392E+03   0.10829E+01   0.16900E+22
   0.13755E+04   0.42425E+03   0.10834E+01   0.16907E+22
   0.13764E+04   0.42458E+03   0.10839E+01   0.16913E+22
   0.13772E+04   0.42490E+03   0.10844E+01   0.16920E+22
   0.13780E+04   0.42523E+03   0.10849E+01   0.16926E+22
   0.13789E+04   0.42556E+03   0.10854E+01   0.16933E+22
   0.13797E+04   0.42589E+03   0.10859E+01   0.16939E+22
   0.13805E+04   0.42621E+03   0.10864E+01   0.16946E+22
   0.13814E+04   0.42654E+03   0.10869E+01   0.16953E+22
   0.13822E+04   0.42687E+03   0.10874E+01   0.16959E+22
   0.13830E+04   0.42719E+03   0.10879E+01   0.16966E+22
   0.13839E+04   0.42752E+03   0.10884E+01   0.16972E+22
   0.13847E+04   0.42785E+03   0.10889E+01   0.16979E+22
   0.13855E+04   0.42818E+03   0.10894E+01   0.16985E+22
   0.13864E+04   0.42850E+03   0.10899E+01   0.16992E+22
   0.13872E+04   0.42883E+03   0.10904E+01   0.16998E+22
   0.13880E+04   0.42916E+03   0.10909E+01   0.17005E+22
   0.13888E+04   0.42949E+03   0.10914E+01   0.17011E+22
   0.13897E+04   0.42981E+03   0.10919E+01   0.17018E+22
   0.13905E+04   0.43014E+03   0.10924E+01   0.17024E+22
   0.13913E+04   0.43047E+03   0.10929E+01   0.17031E+22
   0.13922E+04   0.43080E+03   0.10934E+01   0.17037E+22
   0.13930E+04   0.43113E+03   0.10939E+01   0.17044E+22
   0.13938E+04   0.43145E+03   0.10944E+01   0.17050E+22
   0.13947E+04   0.43178E+03   0.10949E+01   0.17057E+22
   0.13955E+04   0.43211E+03   0.10954E+01   0.17063E+22
   0.13964E+04   0.43244E+03   0.10959E+01   0.17070E+22
   0.13972E+04   0.43277E+03   0.10964E+01   0.17076E+22
   0.13980E+04   0.43309E+03   0.10969E+01   0.17083E+22
   0.13989E+04   0.43342E+03   0.10974E+01   0.17090E+22
   0.13997E+04   0.43375E+03   0.10979E+01   0.17096E+22
   0.14005E+04   0.43408E+03   0.10984E+01   0.17103E+22
   0.14014E+04   0.43441E+03   0.10989E+01   0.17109E+22
   0.14022E+04   0.43474E+03   0.10994E+01   0.17116E+22
   0.14030E+04   0.43507E+03   0.10999E+01   0.17122E+22
   0.14039E+04   0.43539E+03   0.11004E+01   0.17129E+22
   0.14047E+04   0.43572E+03   0.11009E+01   0.17135E+22
   0.14055E+04   0.43605E+03   0.11014E+01   0.17142E+22
   0.14064E+04   0.43638E+03   0.11019E+01   0.17148E+22
   0.14072E+04   0.43671E+03   0.11024E+01   0.17155E+22
   0.14080E+04   0.43704E+03   0.11029E+01   0.17161E+22
   0.14089E+04   0.43737E+03   0.11034E+01   0.17168E+22
   0.14097E+04   0.43770E+03   0.11039E+01   0.17174E+22
   0.14106E+04   0.43803E+03   0.11044E+01   0.17181E+22
   0.14114E+04   0.43835E+03   0.11049E+01   0.17188E+22
   0.14122E+04   0.43868E+03   0.11054E+01   0.17194E+22
   0.14131E+04   0.43901E+03   0.11059E+01   0.17201E+22
   0.14139E+04   0.43934E+03   0.11064E+01   0.17207E+22
   0.14147E+04   0.43967E+03   0.11069E+01   0.17214E+22
   0.14156E+04   0.44000E+03   0.11074E+01   0.17220E+22
   0.14164E+04   0.44033E+03   0.11079E+01   0.17227E+22
   0.14173E+04   0.44066E+03   0.11084E+01   0.17233E+22
   0.14181E+04   0.44099E+03   0.11089E+01   0.17240E+22
   0.14189E+04   0.44132E+03   0.11094E+01   0.17246E+22
   0.14198E+04   0.44165E+03   0.11099E+01   0.17253E+22
   0.14206E+04   0.44198E+03   0.11104E+01   0.17259E+22
   0.14215E+04   0.44231E+03   0.11109E+01   0.17266E+22
   0.14223E+04   0.44264E+03   0.11114E+01   0.17273E+22
   0.14231E+04   0.44297E+03   0.11119E+01   0.17279E+22
   0.14240E+04   0.44330E+03   0.11124E+01   0.17286E+22
   0.14248E+04   0.44363E+03   0.11129E+01   0.17292E+22
   0.14256E+04   0.44396E+03   0.11134E+01   0.17299E+22
   0.14265E+04   0.44429E+03   0.11139E+01   0.17305E+22
   0.14273E+04   0.44462E+03   0.11144E+01   0.17312E+22
   0.14282E+04   0.44495E+03   0.11149E+01   0.17318E+22
   0.14290E+04   0.44528E+03   0.11154E+01   0.17325E+22
   0.14298E+04   0.44561E+03   0.11159E+01   0.17332E+22
   0.14307E+04   0.44594E+03   0.11164E+01   0.17338E+22
   0.14315E+04   0.44627E+03   0.11169E+01   0.17345E+22
   0.14324E+04   0.44660E+03   0.11174E+01   0.17351E+22
   0.14332E+04   0.44693E+03   0.11179E+01   0.17358E+22
   0.14340E+04   0.44726E+03   0.11184E+01   0.17364E+22
   0.14349E+04   0.44759E+03   0.11189E+01   0.17371E+22
   0.14357E+04   0.44792E+03   0.11194E+01   0.17377E+22
   0.14366E+04   0.44825E+03   0.11199E+01   0.17384E+22
   0.14374E+04   0.44858E+03   0.11204E+01   0.17390E+22
   0.14383E+04   0.44892E+03   0.11209E+01   0.17397E+22
   0.14391E+04   0.44925E+03   0.11214E+01   0.17404E+22
   0.14399E+04   0.44958E+03   0.11219E+01   0.17410E+22
   0.14408E+04   0.44991E+03   0.11224E+01   0.17417E+22
   0.14416E+04   0.45024E+03   0.11229E+01   0.17423E+22
   0.14425E+04   0.45057E+03   0.11234E+01   0.17430E+22
   0.14433E+04   0.45090E+03   0.11239E+01   0.17436E+22
   0.14442E+04   0.45123E+03   0.11244E+01   0.17443E+22
   0.14450E+04   0.45156E+03   0.11249E+01   0.17450E+22
   0.14458E+04   0.45190E+03   0.11254E+01   0.17456E+22
   0.14467E+04   0.45223E+03   0.11259E+01   0.17463E+22
   0.14475E+04   0.45256E+03   0.11264E+01   0.17469E+22
   0.14484E+04   0.45289E+03   0.11269E+01   0.17476E+22
   0.14492E+04   0.45322E+03   0.11274E+01   0.17482E+22
   0.14501E+04   0.45355E+03   0.11279E+01   0.17489E+22
   0.14509E+04   0.45388E+03   0.11284E+01   0.17495E+22
   0.14517E+04   0.45422E+03   0.11289E+01   0.17502E+22
   0.14526E+04   0.45455E+03   0.11294E+01   0.17509E+22
   0.14534E+04   0.45488E+03   0.11299E+01   0.17515E+22
   0.14543E+04   0.45521E+03   0.11304E+01   0.17522E+22
   0.14551E+04   0.45554E+03   0.11309E+01   0.17528E+22
   0.14560E+04   0.45588E+03   0.11314E+01   0.17535E+22
   0.14568E+04   0.45621E+03   0.11319E+01   0.17541E+22
   0.14577E+04   0.45654E+03   0.11324E+01   0.17548E+22
   0.14585E+04   0.45687E+03   0.11329E+01   0.17555E+22
   0.14593E+04   0.45720E+03   0.11334E+01   0.17561E+22
   0.14602E+04   0.45754E+03   0.11339E+01   0.17568E+22
   0.14610E+04   0.45787E+03   0.11344E+01   0.17574E+22
   0.14619E+04   0.45820E+03   0.11349E+01   0.17581E+22
   0.14627E+04   0.45853E+03   0.11354E+01   0.17587E+22
   0.14636E+04   0.45887E+03   0.11359E+01   0.17594E+22
   0.14644E+04   0.45920E+03   0.11364E+01   0.17601E+22
   0.14653E+04   0.45953E+03   0.11369E+01   0.17607E+22
   0.14661E+04   0.45986E+03   0.11374E+01   0.17614E+22
   0.14670E+04   0.46020E+03   0.11379E+01   0.17620E+22
   0.14678E+04   0.46053E+03   0.11384E+01   0.17627E+22
   0.14687E+04   0.46086E+03   0.11389E+01   0.17633E+22
   0.14695E+04   0.46119E+03   0.11394E+01   0.17640E+22
   0.14704E+04   0.46153E+03   0.11399E+01   0.17647E+22
   0.14712E+04   0.46186E+03   0.11404E+01   0.17653E+22
   0.14720E+04   0.46219E+03   0.11409E+01   0.17660E+22
   0.14729E+04   0.46253E+03   0.11414E+01   0.17666E+22
   0.14737E+04   0.46286E+03   0.11419E+01   0.17673E+22
   0.14746E+04   0.46319E+03   0.11424E+01   0.17679E+22
   0.14754E+04   0.46352E+03   0.11429E+01   0.17686E+22
   0.14763E+04   0.46386E+03   0.11434E+01   0.17693E+22
   0.14771E+04   0.46419E+03   0.11439E+01   0.17699E+22
   0.14780E+04   0.46452E+03   0.11444E+01   0.17706E+22
   0.14788E+04   0.46486E+03   0.11449E+01   0.17712E+22
   0.14797E+04   0.46519E+03   0.11454E+01   0.17719E+22
   0.14805E+04   0.46552E+03   0.11459E+01   0.17725E+22
   0.14814E+04   0.46586E+03   0.11464E+01   0.17732E+22
   0.14822E+04   0.46619E+03   0.11469E+01   0.17739E+22
   0.14831E+04   0.46653E+03   0.11474E+01   0.17745E+22
   0.14839E+04   0.46686E+03   0.11479E+01   0.17752E+22
   0.14848E+04   0.46719E+03   0.11484E+01   0.17758E+22
   0.14856E+04   0.46753E+03   0.11489E+01   0.17765E+22
   0.14865E+04   0.46786E+03   0.11494E+01   0.17772E+22
   0.14873E+04   0.46819E+03   0.11499E+01   0.17778E+22
   0.14882E+04   0.46853E+03   0.11504E+01   0.17785E+22
   0.14890E+04   0.46886E+03   0.11509E+01   0.17791E+22
   0.14899E+04   0.46920E+03   0.11514E+01   0.17798E+22
   0.14907E+04   0.46953E+03   0.11519E+01   0.17804E+22
   0.14916E+04   0.46986E+03   0.11524E+01   0.17811E+22
   0.14924E+04   0.47020E+03   0.11529E+01   0.17818E+22
   0.14933E+04   0.47053E+03   0.11534E+01   0.17824E+22
   0.14941E+04   0.47087E+03   0.11539E+01   0.17831E+22
   0.14950E+04   0.47120E+03   0.11544E+01   0.17837E+22
   0.14958E+04   0.47154E+03   0.11549E+01   0.17844E+22
   0.14967E+04   0.47187E+03   0.11554E+01   0.17851E+22
   0.14975E+04   0.47220E+03   0.11559E+01   0.17857E+22
   0.14984E+04   0.47254E+03   0.11564E+01   0.17864E+22
   0.14992E+04   0.47287E+03   0.11569E+01   0.17870E+22
   0.15001E+04   0.47321E+03   0.11574E+01   0.17877E+22
   0.15010E+04   0.47354E+03   0.11579E+01   0.17884E+22
   0.15018E+04   0.47388E+03   0.11584E+01   0.17890E+22
   0.15027E+04   0.47421E+03   0.11589E+01   0.17897E+22
   0.15035E+04   0.47455E+03   0.11594E+01   0.17903E+22
   0.15044E+04   0.47488E+03   0.11599E+01   0.17910E+22
   0.15052E+04   0.47522E+03   0.11604E+01   0.17916E+22
   0.15061E+04   0.47555E+03   0.11609E+01   0.17923E+22
   0.15069E+04   0.47589E+03   0.11614E+01   0.17930E+22
   0.15078E+04   0.47622E+03   0.11619E+01   0.17936E+22
   0.15086E+04   0.47656E+03   0.11624E+01   0.17943E+22
   0.15095E+04   0.47689E+03   0.11629E+01   0.17949E+22
   0.15103E+04   0.47723E+03   0.11634E+01   0.17956E+22
   0.15112E+04   0.47756E+03   0.11639E+01   0.17963E+22
   0.15120E+04   0.47790E+03   0.11644E+01   0.17969E+22
   0.15129E+04   0.47823E+03   0.11649E+01   0.17976E+22
   0.15138E+04   0.47857E+03   0.11654E+01   0.17982E+22
   0.15146E+04   0.47891E+03   0.11659E+01   0.17989E+22
   0.15155E+04   0.47924E+03   0.11664E+01   0.17996E+22
   0.15163E+04   0.47958E+03   0.11669E+01   0.18002E+22
   0.15172E+04   0.47991E+03   0.11674E+01   0.18009E+22
   0.15180E+04   0.48025E+03   0.11679E+01   0.18015E+22
   0.15189E+04   0.48058E+03   0.11684E+01   0.18022E+22
   0.15197E+04   0.48092E+03   0.11689E+01   0.18029E+22
   0.15206E+04   0.48126E+03   0.11694E+01   0.18035E+22
   0.15215E+04   0.48159E+03   0.11699E+01   0.18042E+22
   0.15223E+04   0.48193E+03   0.11704E+01   0.18048E+22
   0.15232E+04   0.48226E+03   0.11709E+01   0.18055E+22
   0.15240E+04   0.48260E+03   0.11714E+01   0.18062E+22
   0.15249E+04   0.48294E+03   0.11719E+01   0.18068E+22
   0.15257E+04   0.48327E+03   0.11724E+01   0.18075E+22
   0.15266E+04   0.48361E+03   0.11729E+01   0.18081E+22
   0.15275E+04   0.48394E+03   0.11734E+01   0.18088E+22
   0.15283E+04   0.48428E+03   0.11739E+01   0.18095E+22
   0.15292E+04   0.48462E+03   0.11744E+01   0.18101E+22
   0.15300E+04   0.48495E+03   0.11749E+01   0.18108E+22
   0.15309E+04   0.48529E+03   0.11754E+01   0.18115E+22
   0.15317E+04   0.48563E+03   0.11759E+01   0.18121E+22
   0.15326E+04   0.48596E+03   0.11764E+01   0.18128E+22
   0.15335E+04   0.48630E+03   0.11769E+01   0.18134E+22
   0.15343E+04   0.48664E+03   0.11774E+01   0.18141E+22
   0.15352E+04   0.48697E+03   0.11779E+01   0.18148E+22
   0.15360E+04   0.48731E+03   0.11784E+01   0.18154E+22
   0.15369E+04   0.48765E+03   0.11789E+01   0.18161E+22
   0.15377E+04   0.48798E+03   0.11794E+01   0.18167E+22
   0.15386E+04   0.48832E+03   0.11799E+01   0.18174E+22
   0.15395E+04   0.48866E+03   0.11804E+01   0.18181E+22
   0.15403E+04   0.48899E+03   0.11809E+01   0.18187E+22
   0.15412E+04   0.48933E+03   0.11814E+01   0.18194E+22
   0.15420E+04   0.48967E+03   0.11819E+01   0.18200E+22
   0.15429E+04   0.49001E+03   0.11824E+01   0.18207E+22
   0.15438E+04   0.49034E+03   0.11829E+01   0.18214E+22
   0.15446E+04   0.49068E+03   0.11834E+01   0.18220E+22
   0.15455E+04   0.49102E+03   0.11839E+01   0.18227E+22
   0.15463E+04   0.49135E+03   0.11844E+01   0.18234E+22
   0.15472E+04   0.49169E+03   0.11849E+01   0.18240E+22
   0.15481E+04   0.49203E+03   0.11854E+01   0.18247E+22
   0.15489E+04   0.49237E+03   0.11859E+01   0.18253E+22
   0.15498E+04   0.49270E+03   0.11864E+01   0.18260E+22
   0.15506E+04   0.49304E+03   0.11869E+01   0.18267E+22
   0.15515E+04   0.49338E+03   0.11874E+01   0.18273E+22
   0.15524E+04   0.49372E+03   0.11879E+01   0.18280E+22
   0.15532E+04   0.49406E+03   0.11884E+01   0.18286E+22
   0.15541E+04   0.49439E+03   0.11889E+01   0.18293E+22
   0.15549E+04   0.49473E+03   0.11894E+01   0.18300E+22
   0.15558E+04   0.49507E+03   0.11899E+01   0.18306E+22
   0.15567E+04   0.49541E+03   0.11904E+01   0.18313E+22
   0.15575E+04   0.49574E+03   0.11909E+01   0.18320E+22
   0.15584E+04   0.49608E+03   0.11914E+01   0.18326E+22
   0.15593E+04   0.49642E+03   0.11919E+01   0.18333E+22
   0.15601E+04   0.49676E+03   0.11924E+01   0.18339E+22
   0.15610E+04   0.49710E+03   0.11929E+01   0.18346E+22
   0.15618E+04   0.49744E+03   0.11934E+01   0.18353E+22
   0.15627E+04   0.49777E+03   0.11939E+01   0.18359E+22
   0.15636E+04   0.49811E+03   0.11944E+01   0.18366E+22
   0.15644E+04   0.49845E+03   0.11949E+01   0.18373E+22
   0.15653E+04   0.49879E+03   0.11954E+01   0.18379E+22
   0.15662E+04   0.49913E+03   0.11959E+01   0.18386E+22
   0.15670E+04   0.49947E+03   0.11964E+01   0.18392E+22
   0.15679E+04   0.49980E+03   0.11969E+01   0.18399E+22
   0.15688E+04   0.50014E+03   0.11974E+01   0.18406E+22
   0.15696E+04   0.50048E+03   0.11979E+01   0.18412E+22
   0.15705E+04   0.50082E+03   0.11984E+01   0.18419E+22
   0.15713E+04   0.50116E+03   0.11989E+01   0.18426E+22
   0.15722E+04   0.50150E+03   0.11994E+01   0.18432E+22
   0.15731E+04   0.50184E+03   0.11999E+01   0.18439E+22
   0.15739E+04   0.50218E+03   0.12004E+01   0.18445E+22
   0.15748E+04   0.50252E+03   0.12009E+01   0.18452E+22
   0.15757E+04   0.50285E+03   0.12014E+01   0.18459E+22
   0.15765E+04   0.50319E+03   0.12019E+01   0.18465E+22
   0.15774E+04   0.50353E+03   0.12024E+01   0.18472E+22
   0.15783E+04   0.50387E+03   0.12029E+01   0.18479E+22
   0.15791E+04   0.50421E+03   0.12034E+01   0.18485E+22
   0.15800E+04   0.50455E+03   0.12039E+01   0.18492E+22
   0.15809E+04   0.50489E+03   0.12044E+01   0.18499E+22
   0.15817E+04   0.50523E+03   0.12049E+01   0.18505E+22
   0.15826E+04   0.50557E+03   0.12054E+01   0.18512E+22
   0.15835E+04   0.50591E+03   0.12059E+01   0.18518E+22
   0.15843E+04   0.50625E+03   0.12064E+01   0.18525E+22
   0.15852E+04   0.50659E+03   0.12069E+01   0.18532E+22
   0.15861E+04   0.50693E+03   0.12074E+01   0.18538E+22
   0.15869E+04   0.50727E+03   0.12079E+01   0.18545E+22
   0.15878E+04   0.50761E+03   0.12084E+01   0.18552E+22
   0.15887E+04   0.50795E+03   0.12089E+01   0.18558E+22
   0.15895E+04   0.50829E+03   0.12094E+01   0.18565E+22
   0.15904E+04   0.50863E+03   0.12099E+01   0.18571E+22
   0.15913E+04   0.50897E+03   0.12104E+01   0.18578E+22
   0.15921E+04   0.50931E+03   0.12109E+01   0.18585E+22
   0.15930E+04   0.50965E+03   0.12114E+01   0.18591E+22
   0.15939E+04   0.50999E+03   0.12119E+01   0.18598E+22
   0.15947E+04   0.51033E+03   0.12124E+01   0.18605E+22
   0.15956E+04   0.51067E+03   0.12129E+01   0.18611E+22
   0.15965E+04   0.51101E+03   0.12134E+01   0.18618E+22
   0.15973E+04   0.51135E+03   0.12139E+01   0.18625E+22
   0.15982E+04   0.51169E+03   0.12144E+01   0.18631E+22
   0.15991E+04   0.51203E+03   0.12149E+01   0.18638E+22
   0.15999E+04   0.51237E+03   0.12154E+01   0.18645E+22
   0.16008E+04   0.51271E+03   0.12159E+01   0.18651E+22
   0.16017E+04   0.51305E+03   0.12164E+01   0.18658E+22
   0.16026E+04   0.51339E+03   0.12169E+01   0.18664E+22
   0.16034E+04   0.51373E+03   0.12174E+01   0.18671E+22
   0.16043E+04   0.51407E+03   0.12179E+01   0.18678E+22
   0.16052E+04   0.51441E+03   0.12184E+01   0.18684E+22
   0.16060E+04   0.51475E+03   0.12189E+01   0.18691E+22
   0.16069E+04   0.51509E+03   0.12194E+01   0.18698E+22
   0.16078E+04   0.51543E+03   0.12199E+01   0.18704E+22
   0.16086E+04   0.51577E+03   0.12204E+01   0.18711E+22
   0.16095E+04   0.51612E+03   0.12209E+01   0.18718E+22
   0.16104E+04   0.51646E+03   0.12214E+01   0.18724E+22
   0.16113E+04   0.51680E+03   0.12219E+01   0.18731E+22
   0.16121E+04   0.51714E+03   0.12224E+01   0.18738E+22
   0.16130E+04   0.51748E+03   0.12229E+01   0.18744E+22
   0.16139E+04   0.51782E+03   0.12234E+01   0.18751E+22
   0.16147E+04   0.51816E+03   0.12239E+01   0.18757E+22
   0.16156E+04   0.51850E+03   0.12244E+01   0.18764E+22
   0.16165E+04   0.51884E+03   0.12249E+01   0.18771E+22
   0.16174E+04   0.51919E+03   0.12254E+01   0.18777E+22
   0.16182E+04   0.51953E+03   0.12259E+01   0.18784E+22
   0.16191E+04   0.51987E+03   0.12264E+01   0.18791E+22
   0.16200E+04   0.52021E+03   0.12269E+01   0.18797E+22
   0.16208E+04   0.52055E+03   0.12274E+01   0.18804E+22
   0.16217E+04   0.52089E+03   0.12279E+01   0.18811E+22
   0.16226E+04   0.52124E+03   0.12284E+01   0.18817E+22
   0.16235E+04   0.52158E+03   0.12289E+01   0.18824E+22
   0.16243E+04   0.52192E+03   0.12294E+01   0.18831E+22
   0.16252E+04   0.52226E+03   0.12299E+01   0.18837E+22
   0.16261E+04   0.52260E+03   0.12304E+01   0.18844E+22
   0.16270E+04   0.52294E+03   0.12309E+01   0.18851E+22
   0.16278E+04   0.52329E+03   0.12314E+01   0.18857E+22
   0.16287E+04   0.52363E+03   0.12319E+01   0.18864E+22
   0.16296E+04   0.52397E+03   0.12324E+01   0.18871E+22
   0.16304E+04   0.52431E+03   0.12329E+01   0.18877E+22
   0.16313E+04   0.52465E+03   0.12334E+01   0.18884E+22
   0.16322E+04   0.52500E+03   0.12339E+01   0.18891E+22
   0.16331E+04   0.52534E+03   0.12344E+01   0.18897E+22
   0.16339E+04   0.52568E+03   0.12349E+01   0.18904E+22
   0.16348E+04   0.52602E+03   0.12354E+01   0.18910E+22
   0.16357E+04   0.52637E+03   0.12359E+01   0.18917E+22
   0.16366E+04   0.52671E+03   0.12364E+01   0.18924E+22
   0.16374E+04   0.52705E+03   0.12369E+01   0.18930E+22
   0.16383E+04   0.52739E+03   0.12374E+01   0.18937E+22
   0.16392E+04   0.52774E+03   0.12379E+01   0.18944E+22
   0.16401E+04   0.52808E+03   0.12384E+01   0.18950E+22
   0.16409E+04   0.52842E+03   0.12389E+01   0.18957E+22
   0.16418E+04   0.52876E+03   0.12394E+01   0.18964E+22
   0.16427E+04   0.52911E+03   0.12399E+01   0.18970E+22
   0.16436E+04   0.52945E+03   0.12404E+01   0.18977E+22
   0.16444E+04   0.52979E+03   0.12409E+01   0.18984E+22
   0.16453E+04   0.53014E+03   0.12414E+01   0.18990E+22
   0.16462E+04   0.53048E+03   0.12419E+01   0.18997E+22
   0.16471E+04   0.53082E+03   0.12424E+01   0.19004E+22
   0.16479E+04   0.53116E+03   0.12429E+01   0.19010E+22
   0.16488E+04   0.53151E+03   0.12434E+01   0.19017E+22
   0.16497E+04   0.53185E+03   0.12439E+01   0.19024E+22
   0.16506E+04   0.53219E+03   0.12444E+01   0.19030E+22
   0.16515E+04   0.53254E+03   0.12449E+01   0.19037E+22
   0.16523E+04   0.53288E+03   0.12454E+01   0.19044E+22
   0.16532E+04   0.53322E+03   0.12459E+01   0.19050E+22
   0.16541E+04   0.53357E+03   0.12464E+01   0.19057E+22
   0.16550E+04   0.53391E+03   0.12469E+01   0.19064E+22
   0.16558E+04   0.53425E+03   0.12474E+01   0.19070E+22
   0.16567E+04   0.53460E+03   0.12479E+01   0.19077E+22
   0.16576E+04   0.53494E+03   0.12484E+01   0.19084E+22
   0.16585E+04   0.53529E+03   0.12489E+01   0.19090E+22
   0.16594E+04   0.53563E+03   0.12494E+01   0.19097E+22
   0.16602E+04   0.53597E+03   0.12499E+01   0.19104E+22
   0.16611E+04   0.53632E+03   0.12504E+01   0.19110E+22
   0.16620E+04   0.53666E+03   0.12509E+01   0.19117E+22
   0.16629E+04   0.53700E+03   0.12514E+01   0.19124E+22
   0.16638E+04   0.53735E+03   0.12519E+01   0.19130E+22
   0.16646E+04   0.53769E+03   0.12524E+01   0.19137E+22
   0.16655E+04   0.53804E+03   0.12529E+01   0.19144E+22
   0.16664E+04   0.53838E+03   0.12534E+01   0.19150E+22
   0.16673E+04   0.53872E+03   0.12539E+01   0.19157E+22
   0.16681E+04   0.53907E+03   0.12544E+01   0.19164E+22
   0.16690E+04   0.53941E+03   0.12549E+01   0.19170E+22
   0.16699E+04   0.53976E+03   0.12554E+01   0.19177E+22
   0.16708E+04   0.54010E+03   0.12559E+01   0.19184E+22
   0.16717E+04   0.54045E+03   0.12564E+01   0.19190E+22
   0.16725E+04   0.54079E+03   0.12569E+01   0.19197E+22
   0.16734E+04   0.54113E+03   0.12574E+01   0.19204E+22
   0.16743E+04   0.54148E+03   0.12579E+01   0.19210E+22
   0.16752E+04   0.54182E+03   0.12584E+01   0.19217E+22
   0.16761E+04   0.54217E+03   0.12589E+01   0.19224E+22
   0.16770E+04   0.54251E+03   0.12594E+01   0.19230E+22
   0.16778E+04   0.54286E+03   0.12599E+01   0.19237E+22
   0.16787E+04   0.54320E+03   0.12604E+01   0.19244E+22
   0.16796E+04   0.54355E+03   0.12609E+01   0.19250E+22
   0.16805E+04   0.54389E+03   0.12614E+01   0.19257E+22
   0.16814E+04   0.54424E+03   0.12619E+01   0.19264E+22
   0.16822E+04   0.54458E+03   0.12624E+01   0.19270E+22
   0.16831E+04   0.54493E+03   0.12629E+01   0.19277E+22
   0.16840E+04   0.54527E+03   0.12634E+01   0.19284E+22
   0.16849E+04   0.54562E+03   0.12639E+01   0.19290E+22
   0.16858E+04   0.54596E+03   0.12644E+01   0.19297E+22
   0.16867E+04   0.54631E+03   0.12649E+01   0.19304E+22
   0.16875E+04   0.54665E+03   0.12654E+01   0.19311E+22
   0.16884E+04   0.54700E+03   0.12659E+01   0.19317E+22
   0.16893E+04   0.54734E+03   0.12664E+01   0.19324E+22
   0.16902E+04   0.54769E+03   0.12669E+01   0.19331E+22
   0.16911E+04   0.54803E+03   0.12674E+01   0.19337E+22
   0.16920E+04   0.54838E+03   0.12679E+01   0.19344E+22
   0.16928E+04   0.54872E+03   0.12684E+01   0.19351E+22
   0.16937E+04   0.54907E+03   0.12689E+01   0.19357E+22
   0.16946E+04   0.54941E+03   0.12694E+01   0.19364E+22
   0.16955E+04   0.54976E+03   0.12699E+01   0.19371E+22
   0.16964E+04   0.55011E+03   0.12704E+01   0.19377E+22
   0.16973E+04   0.55045E+03   0.12709E+01   0.19384E+22
   0.16981E+04   0.55080E+03   0.12714E+01   0.19391E+22
   0.16990E+04   0.55114E+03   0.12719E+01   0.19397E+22
   0.16999E+04   0.55149E+03   0.12724E+01   0.19404E+22
   0.17008E+04   0.55183E+03   0.12729E+01   0.19411E+22
   0.17017E+04   0.55218E+03   0.12734E+01   0.19417E+22
   0.17026E+04   0.55253E+03   0.12739E+01   0.19424E+22
   0.17034E+04   0.55287E+03   0.12744E+01   0.19431E+22
   0.17043E+04   0.55322E+03   0.12749E+01   0.19437E+22
   0.17052E+04   0.55356E+03   0.12754E+01   0.19444E+22
   0.17061E+04   0.55391E+03   0.12759E+01   0.19451E+22
   0.17070E+04   0.55426E+03   0.12764E+01   0.19458E+22
   0.17079E+04   0.55460E+03   0.12769E+01   0.19464E+22
   0.17088E+04   0.55495E+03   0.12774E+01   0.19471E+22
   0.17096E+04   0.55530E+03   0.12779E+01   0.19478E+22
   0.17105E+04   0.55564E+03   0.12784E+01   0.19484E+22
   0.17114E+04   0.55599E+03   0.12789E+01   0.19491E+22
   0.17123E+04   0.55633E+03   0.12794E+01   0.19498E+22
   0.17132E+04   0.55668E+03   0.12799E+01   0.19504E+22
   0.17141E+04   0.55703E+03   0.12804E+01   0.19511E+22
   0.17150E+04   0.55737E+03   0.12809E+01   0.19518E+22
   0.17159E+04   0.55772E+03   0.12814E+01   0.19524E+22
   0.17167E+04   0.55807E+03   0.12819E+01   0.19531E+22
   0.17176E+04   0.55841E+03   0.12824E+01   0.19538E+22
   0.17185E+04   0.55876E+03   0.12829E+01   0.19544E+22
   0.17194E+04   0.55911E+03   0.12834E+01   0.19551E+22
   0.17203E+04   0.55946E+03   0.12839E+01   0.19558E+22
   0.17212E+04   0.55980E+03   0.12844E+01   0.19565E+22
   0.17221E+04   0.56015E+03   0.12849E+01   0.19571E+22
   0.17230E+04   0.56050E+03   0.12854E+01   0.19578E+22
   0.17238E+04   0.56084E+03   0.12859E+01   0.19585E+22
   0.17247E+04   0.56119E+03   0.12864E+01   0.19591E+22
   0.17256E+04   0.56154E+03   0.12869E+01   0.19598E+22
   0.17265E+04   0.56188E+03   0.12874E+01   0.19605E+22
   0.17274E+04   0.56223E+03   0.12879E+01   0.19611E+22
   0.17283E+04   0.56258E+03   0.12884E+01   0.19618E+22
   0.17292E+04   0.56293E+03   0.12889E+01   0.19625E+22
   0.17301E+04   0.56327E+03   0.12894E+01   0.19631E+22
   0.17310E+04   0.56362E+03   0.12899E+01   0.19638E+22
   0.17318E+04   0.56397E+03   0.12904E+01   0.19645E+22
   0.17327E+04   0.56432E+03   0.12909E+01   0.19652E+22
   0.17336E+04   0.56466E+03   0.12914E+01   0.19658E+22
   0.17345E+04   0.56501E+03   0.12919E+01   0.19665E+22
   0.17354E+04   0.56536E+03   0.12924E+01   0.19672E+22
   0.17363E+04   0.56571E+03   0.12929E+01   0.19678E+22
   0.17372E+04   0.56605E+03   0.12934E+01   0.19685E+22
   0.17381E+04   0.56640E+03   0.12939E+01   0.19692E+22
   0.17390E+04   0.56675E+03   0.12944E+01   0.19698E+22
   0.17399E+04   0.56710E+03   0.12949E+01   0.19705E+22
   0.17407E+04   0.56745E+03   0.12954E+01   0.19712E+22
   0.17416E+04   0.56779E+03   0.12959E+01   0.19718E+22
   0.17425E+04   0.56814E+03   0.12964E+01   0.19725E+22
   0.17434E+04   0.56849E+03   0.12969E+01   0.19732E+22
   0.17443E+04   0.56884E+03   0.12974E+01   0.19739E+22
   0.17452E+04   0.56919E+03   0.12979E+01   0.19745E+22
   0.17461E+04   0.56953E+03   0.12984E+01   0.19752E+22
   0.17470E+04   0.56988E+03   0.12989E+01   0.19759E+22
   0.17479E+04   0.57023E+03   0.12994E+01   0.19765E+22
   0.17488E+04   0.57058E+03   0.12999E+01   0.19772E+22
   0.17497E+04   0.57093E+03   0.13004E+01   0.19779E+22
   0.17506E+04   0.57128E+03   0.13009E+01   0.19785E+22
   0.17514E+04   0.57162E+03   0.13014E+01   0.19792E+22
   0.17523E+04   0.57197E+03   0.13019E+01   0.19799E+22
   0.17532E+04   0.57232E+03   0.13024E+01   0.19806E+22
   0.17541E+04   0.57267E+03   0.13029E+01   0.19812E+22
   0.17550E+04   0.57302E+03   0.13034E+01   0.19819E+22
   0.17559E+04   0.57337E+03   0.13039E+01   0.19826E+22
   0.17568E+04   0.57372E+03   0.13044E+01   0.19832E+22
   0.17577E+04   0.57407E+03   0.13049E+01   0.19839E+22
   0.17586E+04   0.57441E+03   0.13054E+01   0.19846E+22
   0.17595E+04   0.57476E+03   0.13059E+01   0.19853E+22
   0.17604E+04   0.57511E+03   0.13064E+01   0.19859E+22
   0.17613E+04   0.57546E+03   0.13069E+01   0.19866E+22
   0.17622E+04   0.57581E+03   0.13074E+01   0.19873E+22
   0.17631E+04   0.57616E+03   0.13079E+01   0.19879E+22
   0.17640E+04   0.57651E+03   0.13084E+01   0.19886E+22
   0.17649E+04   0.57686E+03   0.13089E+01   0.19893E+22
   0.17657E+04   0.57721E+03   0.13094E+01   0.19899E+22
   0.17666E+04   0.57756E+03   0.13099E+01   0.19906E+22
   0.17675E+04   0.57791E+03   0.13104E+01   0.19913E+22
   0.17684E+04   0.57825E+03   0.13109E+01   0.19920E+22
   0.17693E+04   0.57860E+03   0.13114E+01   0.19926E+22
   0.17702E+04   0.57895E+03   0.13119E+01   0.19933E+22
   0.17711E+04   0.57930E+03   0.13124E+01   0.19940E+22
   0.17720E+04   0.57965E+03   0.13129E+01   0.19946E+22
   0.17729E+04   0.58000E+03   0.13134E+01   0.19953E+22
   0.17738E+04   0.58035E+03   0.13139E+01   0.19960E+22
   0.17747E+04   0.58070E+03   0.13144E+01   0.19967E+22
   0.17756E+04   0.58105E+03   0.13149E+01   0.19973E+22
   0.17765E+04   0.58140E+03   0.13154E+01   0.19980E+22
   0.17774E+04   0.58175E+03   0.13159E+01   0.19987E+22
   0.17783E+04   0.58210E+03   0.13164E+01   0.19993E+22
   0.17792E+04   0.58245E+03   0.13169E+01   0.20000E+22
   0.17801E+04   0.58280E+03   0.13174E+01   0.20007E+22
   0.17810E+04   0.58315E+03   0.13179E+01   0.20014E+22
   0.17819E+04   0.58350E+03   0.13184E+01   0.20020E+22
   0.17828E+04   0.58385E+03   0.13189E+01   0.20027E+22
   0.17837E+04   0.58420E+03   0.13194E+01   0.20034E+22
   0.17846E+04   0.58455E+03   0.13199E+01   0.20040E+22
   0.17855E+04   0.58490E+03   0.13204E+01   0.20047E+22
   0.17864E+04   0.58525E+03   0.13209E+01   0.20054E+22
   0.17873E+04   0.58560E+03   0.13214E+01   0.20060E+22
   0.17882E+04   0.58595E+03   0.13219E+01   0.20067E+22
   0.17891E+04   0.58630E+03   0.13224E+01   0.20074E+22
   0.17899E+04   0.58665E+03   0.13229E+01   0.20081E+22
   0.17908E+04   0.58700E+03   0.13234E+01   0.20087E+22
   0.17917E+04   0.58735E+03   0.13239E+01   0.20094E+22
   0.17926E+04   0.58770E+03   0.13244E+01   0.20101E+22
   0.17935E+04   0.58805E+03   0.13249E+01   0.20108E+22
   0.17944E+04   0.58841E+03   0.13254E+01   0.20114E+22
   0.17953E+04   0.58876E+03   0.13259E+01   0.20121E+22
   0.17962E+04   0.58911E+03   0.13264E+01   0.20128E+22
   0.17971E+04   0.58946E+03   0.13269E+01   0.20134E+22
   0.17980E+04   0.58981E+03   0.13274E+01   0.20141E+22
   0.17989E+04   0.59016E+03   0.13279E+01   0.20148E+22
   0.17998E+04   0.59051E+03   0.13284E+01   0.20155E+22
   0.18007E+04   0.59086E+03   0.13289E+01   0.20161E+22
   0.18016E+04   0.59121E+03   0.13294E+01   0.20168E+22
   0.18025E+04   0.59156E+03   0.13299E+01   0.20175E+22
   0.18034E+04   0.59191E+03   0.13304E+01   0.20181E+22
   0.18043E+04   0.59227E+03   0.13309E+01   0.20188E+22
   0.18052E+04   0.59262E+03   0.13314E+01   0.20195E+22
   0.18061E+04   0.59297E+03   0.13319E+01   0.20202E+22
   0.18070E+04   0.59332E+03   0.13324E+01   0.20208E+22
   0.18079E+04   0.59367E+03   0.13329E+01   0.20215E+22
   0.18088E+04   0.59402E+03   0.13334E+01   0.20222E+22
   0.18097E+04   0.59437E+03   0.13339E+01   0.20228E+22
   0.18106E+04   0.59472E+03   0.13344E+01   0.20235E+22
   0.18115E+04   0.59508E+03   0.13349E+01   0.20242E+22
   0.18124E+04   0.59543E+03   0.13354E+01   0.20249E+22
   0.18133E+04   0.59578E+03   0.13359E+01   0.20255E+22
   0.18142E+04   0.59613E+03   0.13364E+01   0.20262E+22
   0.18152E+04   0.59648E+03   0.13369E+01   0.20269E+22
   0.18161E+04   0.59683E+03   0.13374E+01   0.20275E+22
   0.18170E+04   0.59719E+03   0.13379E+01   0.20282E+22
   0.18179E+04   0.59754E+03   0.13384E+01   0.20289E+22
   0.18188E+04   0.59789E+03   0.13389E+01   0.20296E+22
   0.18197E+04   0.59824E+03   0.13394E+01   0.20302E+22
   0.18206E+04   0.59859E+03   0.13399E+01   0.20309E+22
   0.18215E+04   0.59894E+03   0.13404E+01   0.20316E+22
   0.18224E+04   0.59930E+03   0.13409E+01   0.20323E+22
   0.18233E+04   0.59965E+03   0.13414E+01   0.20329E+22
   0.18242E+04   0.60000E+03   0.13419E+01   0.20336E+22
   0.18251E+04   0.60035E+03   0.13424E+01   0.20343E+22
   0.18260E+04   0.60071E+03   0.13429E+01   0.20349E+22
   0.18269E+04   0.60106E+03   0.13434E+01   0.20356E+22
   0.18278E+04   0.60141E+03   0.13439E+01   0.20363E+22
   0.18287E+04   0.60176E+03   0.13444E+01   0.20370E+22
   0.18296E+04   0.60211E+03   0.13449E+01   0.20376E+22
   0.18305E+04   0.60247E+03   0.13454E+01   0.20383E+22
   0.18314E+04   0.60282E+03   0.13459E+01   0.20390E+22
   0.18323E+04   0.60317E+03   0.13464E+01   0.20397E+22
   0.18332E+04   0.60352E+03   0.13469E+01   0.20403E+22
   0.18341E+04   0.60388E+03   0.13474E+01   0.20410E+22
   0.18350E+04   0.60423E+03   0.13479E+01   0.20417E+22
   0.18359E+04   0.60458E+03   0.13484E+01   0.20423E+22
   0.18368E+04   0.60494E+03   0.13489E+01   0.20430E+22
   0.18377E+04   0.60529E+03   0.13494E+01   0.20437E+22
   0.18386E+04   0.60564E+03   0.13499E+01   0.20444E+22
   0.18396E+04   0.60599E+03   0.13504E+01   0.20450E+22
   0.18405E+04   0.60635E+03   0.13509E+01   0.20457E+22
   0.18414E+04   0.60670E+03   0.13514E+01   0.20464E+22
   0.18423E+04   0.60705E+03   0.13519E+01   0.20471E+22
   0.18432E+04   0.60741E+03   0.13524E+01   0.20477E+22
   0.18441E+04   0.60776E+03   0.13529E+01   0.20484E+22
   0.18450E+04   0.60811E+03   0.13534E+01   0.20491E+22
   0.18459E+04   0.60846E+03   0.13539E+01   0.20497E+22
   0.18468E+04   0.60882E+03   0.13544E+01   0.20504E+22
   0.18477E+04   0.60917E+03   0.13549E+01   0.20511E+22
   0.18486E+04   0.60952E+03   0.13554E+01   0.20518E+22
   0.18495E+04   0.60988E+03   0.13559E+01   0.20524E+22
   0.18504E+04   0.61023E+03   0.13564E+01   0.20531E+22
   0.18513E+04   0.61058E+03   0.13569E+01   0.20538E+22
   0.18522E+04   0.61094E+03   0.13574E+01   0.20545E+22
   0.18531E+04   0.61129E+03   0.13579E+01   0.20551E+22
   0.18541E+04   0.61165E+03   0.13584E+01   0.20558E+22
   0.18550E+04   0.61200E+03   0.13589E+01   0.20565E+22
   0.18559E+04   0.61235E+03   0.13594E+01   0.20572E+22
   0.18568E+04   0.61271E+03   0.13599E+01   0.20578E+22
   0.18577E+04   0.61306E+03   0.13604E+01   0.20585E+22
   0.18586E+04   0.61341E+03   0.13609E+01   0.20592E+22
   0.18595E+04   0.61377E+03   0.13614E+01   0.20599E+22
   0.18604E+04   0.61412E+03   0.13619E+01   0.20605E+22
   0.18613E+04   0.61448E+03   0.13624E+01   0.20612E+22
   0.18622E+04   0.61483E+03   0.13629E+01   0.20619E+22
   0.18631E+04   0.61518E+03   0.13634E+01   0.20625E+22
   0.18640E+04   0.61554E+03   0.13639E+01   0.20632E+22
   0.18650E+04   0.61589E+03   0.13644E+01   0.20639E+22
   0.18659E+04   0.61625E+03   0.13649E+01   0.20646E+22
   0.18668E+04   0.61660E+03   0.13654E+01   0.20652E+22
   0.18677E+04   0.61695E+03   0.13659E+01   0.20659E+22
   0.18686E+04   0.61731E+03   0.13664E+01   0.20666E+22
   0.18695E+04   0.61766E+03   0.13669E+01   0.20673E+22
   0.18704E+04   0.61802E+03   0.13674E+01   0.20679E+22
   0.18713E+04   0.61837E+03   0.13679E+01   0.20686E+22
   0.18722E+04   0.61873E+03   0.13684E+01   0.20693E+22
   0.18731E+04   0.61908E+03   0.13689E+01   0.20700E+22
   0.18741E+04   0.61943E+03   0.13694E+01   0.20706E+22
   0.18750E+04   0.61979E+03   0.13699E+01   0.20713E+22
   0.18759E+04   0.62014E+03   0.13704E+01   0.20720E+22
   0.18768E+04   0.62050E+03   0.13709E+01   0.20727E+22
   0.18777E+04   0.62085E+03   0.13714E+01   0.20733E+22
   0.18786E+04   0.62121E+03   0.13719E+01   0.20740E+22
   0.18795E+04   0.62156E+03   0.13724E+01   0.20747E+22
   0.18804E+04   0.62192E+03   0.13729E+01   0.20754E+22
   0.18813E+04   0.62227E+03   0.13734E+01   0.20760E+22
   0.18823E+04   0.62263E+03   0.13739E+01   0.20767E+22
   0.18832E+04   0.62298E+03   0.13744E+01   0.20774E+22
   0.18841E+04   0.62334E+03   0.13749E+01   0.20780E+22
   0.18850E+04   0.62369E+03   0.13754E+01   0.20787E+22
   0.18859E+04   0.62405E+03   0.13759E+01   0.20794E+22
   0.18868E+04   0.62440E+03   0.13764E+01   0.20801E+22
   0.18877E+04   0.62476E+03   0.13769E+01   0.20807E+22
   0.18886E+04   0.62511E+03   0.13774E+01   0.20814E+22
   0.18895E+04   0.62547E+03   0.13779E+01   0.20821E+22
   0.18905E+04   0.62582E+03   0.13784E+01   0.20828E+22
   0.18914E+04   0.62618E+03   0.13789E+01   0.20834E+22
   0.18923E+04   0.62653E+03   0.13794E+01   0.20841E+22
   0.18932E+04   0.62689E+03   0.13799E+01   0.20848E+22
   0.18941E+04   0.62724E+03   0.13804E+01   0.20855E+22
   0.18950E+04   0.62760E+03   0.13809E+01   0.20861E+22
   0.18959E+04   0.62796E+03   0.13814E+01   0.20868E+22
   0.18969E+04   0.62831E+03   0.13819E+01   0.20875E+22
   0.18978E+04   0.62867E+03   0.13824E+01   0.20882E+22
   0.18987E+04   0.62902E+03   0.13829E+01   0.20888E+22
   0.18996E+04   0.62938E+03   0.13834E+01   0.20895E+22
   0.19005E+04   0.62973E+03   0.13839E+01   0.20902E+22
   0.19014E+04   0.63009E+03   0.13844E+01   0.20909E+22
   0.19023E+04   0.63045E+03   0.13849E+01   0.20915E+22
   0.19033E+04   0.63080E+03   0.13854E+01   0.20922E+22
   0.19042E+04   0.63116E+03   0.13859E+01   0.20929E+22
   0.19051E+04   0.63151E+03   0.13864E+01   0.20936E+22
   0.19060E+04   0.63187E+03   0.13869E+01   0.20942E+22
   0.19069E+04   0.63222E+03   0.13874E+01   0.20949E+22
   0.19078E+04   0.63258E+03   0.13879E+01   0.20956E+22
   0.19087E+04   0.63294E+03   0.13884E+01   0.20963E+22
   0.19097E+04   0.63329E+03   0.13889E+01   0.20969E+22
   0.19106E+04   0.63365E+03   0.13894E+01   0.20976E+22
   0.19115E+04   0.63401E+03   0.13899E+01   0.20983E+22
   0.19124E+04   0.63436E+03   0.13904E+01   0.20990E+22
   0.19133E+04   0.63472E+03   0.13909E+01   0.20996E+22
   0.19142E+04   0.63507E+03   0.13914E+01   0.21003E+22
   0.19152E+04   0.63543E+03   0.13919E+01   0.21010E+22
   0.19161E+04   0.63579E+03   0.13924E+01   0.21017E+22
   0.19170E+04   0.63614E+03   0.13929E+01   0.21023E+22
   0.19179E+04   0.63650E+03   0.13934E+01   0.21030E+22
   0.19188E+04   0.63686E+03   0.13939E+01   0.21037E+22
   0.19197E+04   0.63721E+03   0.13944E+01   0.21044E+22
   0.19207E+04   0.63757E+03   0.13949E+01   0.21050E+22
   0.19216E+04   0.63793E+03   0.13954E+01   0.21057E+22
   0.19225E+04   0.63828E+03   0.13959E+01   0.21064E+22
   0.19234E+04   0.63864E+03   0.13964E+01   0.21071E+22
   0.19243E+04   0.63900E+03   0.13969E+01   0.21077E+22
   0.19252E+04   0.63935E+03   0.13974E+01   0.21084E+22
   0.19262E+04   0.63971E+03   0.13979E+01   0.21091E+22
   0.19271E+04   0.64007E+03   0.13984E+01   0.21098E+22
   0.19280E+04   0.64043E+03   0.13989E+01   0.21104E+22
   0.19289E+04   0.64078E+03   0.13994E+01   0.21111E+22
   0.19298E+04   0.64114E+03   0.13999E+01   0.21118E+22
   0.19307E+04   0.64150E+03   0.14004E+01   0.21125E+22
   0.19317E+04   0.64185E+03   0.14009E+01   0.21131E+22
   0.19326E+04   0.64221E+03   0.14014E+01   0.21138E+22
   0.19335E+04   0.64257E+03   0.14019E+01   0.21145E+22
   0.19344E+04   0.64293E+03   0.14024E+01   0.21152E+22
   0.19353E+04   0.64328E+03   0.14029E+01   0.21158E+22
   0.19363E+04   0.64364E+03   0.14034E+01   0.21165E+22
   0.19372E+04   0.64400E+03   0.14039E+01   0.21172E+22
   0.19381E+04   0.64436E+03   0.14044E+01   0.21179E+22
   0.19390E+04   0.64471E+03   0.14049E+01   0.21186E+22
   0.19399E+04   0.64507E+03   0.14054E+01   0.21192E+22
   0.19409E+04   0.64543E+03   0.14059E+01   0.21199E+22
   0.19418E+04   0.64579E+03   0.14064E+01   0.21206E+22
   0.19427E+04   0.64614E+03   0.14069E+01   0.21213E+22
   0.19436E+04   0.64650E+03   0.14074E+01   0.21219E+22
   0.19445E+04   0.64686E+03   0.14079E+01   0.21226E+22
   0.19455E+04   0.64722E+03   0.14084E+01   0.21233E+22
   0.19464E+04   0.64758E+03   0.14089E+01   0.21240E+22
   0.19473E+04   0.64793E+03   0.14094E+01   0.21246E+22
   0.19482E+04   0.64829E+03   0.14099E+01   0.21253E+22
   0.19491E+04   0.64865E+03   0.14104E+01   0.21260E+22
   0.19501E+04   0.64901E+03   0.14109E+01   0.21267E+22
   0.19510E+04   0.64937E+03   0.14114E+01   0.21273E+22
   0.19519E+04   0.64972E+03   0.14119E+01   0.21280E+22
   0.19528E+04   0.65008E+03   0.14124E+01   0.21287E+22
   0.19537E+04   0.65044E+03   0.14129E+01   0.21294E+22
   0.19547E+04   0.65080E+03   0.14134E+01   0.21300E+22
   0.19556E+04   0.65116E+03   0.14139E+01   0.21307E+22
   0.19565E+04   0.65151E+03   0.14144E+01   0.21314E+22
   0.19574E+04   0.65187E+03   0.14149E+01   0.21321E+22
   0.19584E+04   0.65223E+03   0.14154E+01   0.21327E+22
   0.19593E+04   0.65259E+03   0.14159E+01   0.21334E+22
   0.19602E+04   0.65295E+03   0.14164E+01   0.21341E+22
   0.19611E+04   0.65331E+03   0.14169E+01   0.21348E+22
   0.19620E+04   0.65367E+03   0.14174E+01   0.21355E+22
   0.19630E+04   0.65402E+03   0.14179E+01   0.21361E+22
   0.19639E+04   0.65438E+03   0.14184E+01   0.21368E+22
   0.19648E+04   0.65474E+03   0.14189E+01   0.21375E+22
   0.19657E+04   0.65510E+03   0.14194E+01   0.21382E+22
   0.19667E+04   0.65546E+03   0.14199E+01   0.21388E+22
   0.19676E+04   0.65582E+03   0.14204E+01   0.21395E+22
   0.19685E+04   0.65618E+03   0.14209E+01   0.21402E+22
   0.19694E+04   0.65654E+03   0.14214E+01   0.21409E+22
   0.19704E+04   0.65689E+03   0.14219E+01   0.21415E+22
   0.19713E+04   0.65725E+03   0.14224E+01   0.21422E+22
   0.19722E+04   0.65761E+03   0.14229E+01   0.21429E+22
   0.19731E+04   0.65797E+03   0.14234E+01   0.21436E+22
   0.19741E+04   0.65833E+03   0.14239E+01   0.21443E+22
   0.19750E+04   0.65869E+03   0.14244E+01   0.21449E+22
   0.19759E+04   0.65905E+03   0.14249E+01   0.21456E+22
   0.19768E+04   0.65941E+03   0.14254E+01   0.21463E+22
   0.19777E+04   0.65977E+03   0.14259E+01   0.21470E+22
   0.19787E+04   0.66013E+03   0.14264E+01   0.21476E+22
   0.19796E+04   0.66049E+03   0.14269E+01   0.21483E+22
   0.19805E+04   0.66085E+03   0.14274E+01   0.21490E+22
   0.19815E+04   0.66121E+03   0.14279E+01   0.21497E+22
   0.19824E+04   0.66156E+03   0.14284E+01   0.21503E+22
   0.19833E+04   0.66192E+03   0.14289E+01   0.21510E+22
   0.19842E+04   0.66228E+03   0.14294E+01   0.21517E+22
   0.19852E+04   0.66264E+03   0.14299E+01   0.21524E+22
   0.19861E+04   0.66300E+03   0.14304E+01   0.21530E+22
   0.19870E+04   0.66336E+03   0.14309E+01   0.21537E+22
   0.19879E+04   0.66372E+03   0.14314E+01   0.21544E+22
   0.19889E+04   0.66408E+03   0.14319E+01   0.21551E+22
   0.19898E+04   0.66444E+03   0.14324E+01   0.21558E+22
   0.19907E+04   0.66480E+03   0.14329E+01   0.21564E+22
   0.19916E+04   0.66516E+03   0.14334E+01   0.21571E+22
   0.19926E+04   0.66552E+03   0.14339E+01   0.21578E+22
   0.19935E+04   0.66588E+03   0.14344E+01   0.21585E+22
   0.19944E+04   0.66624E+03   0.14349E+01   0.21591E+22
   0.19953E+04   0.66660E+03   0.14354E+01   0.21598E+22
   0.19963E+04   0.66696E+03   0.14359E+01   0.21605E+22
   0.19972E+04   0.66732E+03   0.14364E+01   0.21612E+22
   0.19981E+04   0.66768E+03   0.14369E+01   0.21619E+22
   0.19991E+04   0.66804E+03   0.14374E+01   0.21625E+22
   0.20000E+04   0.66840E+03   0.14379E+01   0.21632E+22
   0.20009E+04   0.66876E+03   0.14384E+01   0.21639E+22
   0.20018E+04   0.66912E+03   0.14389E+01   0.21646E+22
   0.20028E+04   0.66948E+03   0.14394E+01   0.21652E+22
   0.20037E+04   0.66984E+03   0.14399E+01   0.21659E+22
   0.20046E+04   0.67021E+03   0.14404E+01   0.21666E+22
   0.20056E+04   0.67057E+03   0.14409E+01   0.21673E+22
   0.20065E+04   0.67093E+03   0.14414E+01   0.21679E+22
   0.20074E+04   0.67129E+03   0.14419E+01   0.21686E+22
   0.20083E+04   0.67165E+03   0.14424E+01   0.21693E+22
   0.20093E+04   0.67201E+03   0.14429E+01   0.21700E+22
   0.20102E+04   0.67237E+03   0.14434E+01   0.21707E+22
   0.20111E+04   0.67273E+03   0.14439E+01   0.21713E+22
   0.20121E+04   0.67309E+03   0.14444E+01   0.21720E+22
   0.20130E+04   0.67345E+03   0.14449E+01   0.21727E+22
   0.20139E+04   0.67381E+03   0.14454E+01   0.21734E+22
   0.20148E+04   0.67417E+03   0.14459E+01   0.21740E+22
   0.20158E+04   0.67453E+03   0.14464E+01   0.21747E+22
   0.20167E+04   0.67490E+03   0.14469E+01   0.21754E+22
   0.20176E+04   0.67526E+03   0.14474E+01   0.21761E+22
   0.20186E+04   0.67562E+03   0.14479E+01   0.21768E+22
   0.20195E+04   0.67598E+03   0.14484E+01   0.21774E+22
   0.20204E+04   0.67634E+03   0.14489E+01   0.21781E+22
   0.20214E+04   0.67670E+03   0.14494E+01   0.21788E+22
   0.20223E+04   0.67706E+03   0.14499E+01   0.21795E+22
   0.20232E+04   0.67742E+03   0.14504E+01   0.21801E+22
   0.20241E+04   0.67779E+03   0.14509E+01   0.21808E+22
   0.20251E+04   0.67815E+03   0.14514E+01   0.21815E+22
   0.20260E+04   0.67851E+03   0.14519E+01   0.21822E+22
   0.20269E+04   0.67887E+03   0.14524E+01   0.21829E+22
   0.20279E+04   0.67923E+03   0.14529E+01   0.21835E+22
   0.20288E+04   0.67959E+03   0.14534E+01   0.21842E+22
   0.20297E+04   0.67995E+03   0.14539E+01   0.21849E+22
   0.20307E+04   0.68032E+03   0.14544E+01   0.21856E+22
   0.20316E+04   0.68068E+03   0.14549E+01   0.21862E+22
   0.20325E+04   0.68104E+03   0.14554E+01   0.21869E+22
   0.20335E+04   0.68140E+03   0.14559E+01   0.21876E+22
   0.20344E+04   0.68176E+03   0.14564E+01   0.21883E+22
   0.20353E+04   0.68212E+03   0.14569E+01   0.21890E+22
   0.20363E+04   0.68249E+03   0.14574E+01   0.21896E+22
   0.20372E+04   0.68285E+03   0.14579E+01   0.21903E+22
   0.20381E+04   0.68321E+03   0.14584E+01   0.21910E+22
   0.20391E+04   0.68357E+03   0.14589E+01   0.21917E+22
   0.20400E+04   0.68393E+03   0.14594E+01   0.21924E+22
   0.20409E+04   0.68430E+03   0.14599E+01   0.21930E+22
   0.20419E+04   0.68466E+03   0.14604E+01   0.21937E+22
   0.20428E+04   0.68502E+03   0.14609E+01   0.21944E+22
   0.20437E+04   0.68538E+03   0.14614E+01   0.21951E+22
   0.20447E+04   0.68575E+03   0.14619E+01   0.21957E+22
   0.20456E+04   0.68611E+03   0.14624E+01   0.21964E+22
   0.20465E+04   0.68647E+03   0.14629E+01   0.21971E+22
   0.20475E+04   0.68683E+03   0.14634E+01   0.21978E+22
   0.20484E+04   0.68720E+03   0.14639E+01   0.21985E+22
   0.20493E+04   0.68756E+03   0.14644E+01   0.21991E+22
   0.20503E+04   0.68792E+03   0.14649E+01   0.21998E+22
   0.20512E+04   0.68828E+03   0.14654E+01   0.22005E+22
   0.20521E+04   0.68865E+03   0.14659E+01   0.22012E+22
   0.20531E+04   0.68901E+03   0.14664E+01   0.22019E+22
   0.20540E+04   0.68937E+03   0.14669E+01   0.22025E+22
   0.20549E+04   0.68973E+03   0.14674E+01   0.22032E+22
   0.20559E+04   0.69010E+03   0.14679E+01   0.22039E+22
   0.20568E+04   0.69046E+03   0.14684E+01   0.22046E+22
   0.20577E+04   0.69082E+03   0.14689E+01   0.22052E+22
   0.20587E+04   0.69118E+03   0.14694E+01   0.22059E+22
   0.20596E+04   0.69155E+03   0.14699E+01   0.22066E+22
   0.20606E+04   0.69191E+03   0.14704E+01   0.22073E+22
   0.20615E+04   0.69227E+03   0.14709E+01   0.22080E+22
   0.20624E+04   0.69264E+03   0.14714E+01   0.22086E+22
   0.20634E+04   0.69300E+03   0.14719E+01   0.22093E+22
   0.20643E+04   0.69336E+03   0.14724E+01   0.22100E+22
   0.20652E+04   0.69373E+03   0.14729E+01   0.22107E+22
   0.20662E+04   0.69409E+03   0.14734E+01   0.22114E+22
   0.20671E+04   0.69445E+03   0.14739E+01   0.22120E+22
   0.20680E+04   0.69482E+03   0.14744E+01   0.22127E+22
   0.20690E+04   0.69518E+03   0.14749E+01   0.22134E+22
   0.20699E+04   0.69554E+03   0.14754E+01   0.22141E+22
   0.20709E+04   0.69591E+03   0.14759E+01   0.22147E+22
   0.20718E+04   0.69627E+03   0.14764E+01   0.22154E+22
   0.20727E+04   0.69663E+03   0.14769E+01   0.22161E+22
   0.20737E+04   0.69700E+03   0.14774E+01   0.22168E+22
   0.20746E+04   0.69736E+03   0.14779E+01   0.22175E+22
   0.20755E+04   0.69772E+03   0.14784E+01   0.22181E+22
   0.20765E+04   0.69809E+03   0.14789E+01   0.22188E+22
   0.20774E+04   0.69845E+03   0.14794E+01   0.22195E+22
   0.20784E+04   0.69881E+03   0.14799E+01   0.22202E+22
   0.20793E+04   0.69918E+03   0.14804E+01   0.22209E+22
   0.20802E+04   0.69954E+03   0.14809E+01   0.22215E+22
   0.20812E+04   0.69991E+03   0.14814E+01   0.22222E+22
   0.20821E+04   0.70027E+03   0.14819E+01   0.22229E+22
   0.20831E+04   0.70063E+03   0.14824E+01   0.22236E+22
   0.20840E+04   0.70100E+03   0.14829E+01   0.22243E+22
   0.20849E+04   0.70136E+03   0.14834E+01   0.22249E+22
   0.20859E+04   0.70173E+03   0.14839E+01   0.22256E+22
   0.20868E+04   0.70209E+03   0.14844E+01   0.22263E+22
   0.20878E+04   0.70245E+03   0.14849E+01   0.22270E+22
   0.20887E+04   0.70282E+03   0.14854E+01   0.22277E+22
   0.20896E+04   0.70318E+03   0.14859E+01   0.22283E+22
   0.20906E+04   0.70355E+03   0.14864E+01   0.22290E+22
   0.20915E+04   0.70391E+03   0.14869E+01   0.22297E+22
   0.20924E+04   0.70427E+03   0.14874E+01   0.22304E+22
   0.20934E+04   0.70464E+03   0.14879E+01   0.22310E+22
   0.20943E+04   0.70500E+03   0.14884E+01   0.22317E+22
   0.20953E+04   0.70537E+03   0.14889E+01   0.22324E+22
   0.20962E+04   0.70573E+03   0.14894E+01   0.22331E+22
   0.20972E+04   0.70610E+03   0.14899E+01   0.22338E+22
   0.20981E+04   0.70646E+03   0.14904E+01   0.22344E+22
   0.20990E+04   0.70683E+03   0.14909E+01   0.22351E+22
   0.21000E+04   0.70719E+03   0.14914E+01   0.22358E+22
   0.21009E+04   0.70756E+03   0.14919E+01   0.22365E+22
   0.21019E+04   0.70792E+03   0.14924E+01   0.22372E+22
   0.21028E+04   0.70828E+03   0.14929E+01   0.22378E+22
   0.21037E+04   0.70865E+03   0.14934E+01   0.22385E+22
   0.21047E+04   0.70901E+03   0.14939E+01   0.22392E+22
   0.21056E+04   0.70938E+03   0.14944E+01   0.22399E+22
   0.21066E+04   0.70974E+03   0.14949E+01   0.22406E+22
   0.21075E+04   0.71011E+03   0.14954E+01   0.22412E+22
   0.21084E+04   0.71047E+03   0.14959E+01   0.22419E+22
   0.21094E+04   0.71084E+03   0.14964E+01   0.22426E+22
   0.21103E+04   0.71120E+03   0.14969E+01   0.22433E+22
   0.21113E+04   0.71157E+03   0.14974E+01   0.22440E+22
   0.21122E+04   0.71193E+03   0.14979E+01   0.22446E+22
   0.21132E+04   0.71230E+03   0.14984E+01   0.22453E+22
   0.21141E+04   0.71266E+03   0.14989E+01   0.22460E+22
   0.21150E+04   0.71303E+03   0.14994E+01   0.22467E+22
   0.21160E+04   0.71340E+03   0.14999E+01   0.22474E+22
   0.21169E+04   0.71376E+03   0.15004E+01   0.22480E+22
   0.21179E+04   0.71413E+03   0.15009E+01   0.22487E+22
   0.21188E+04   0.71449E+03   0.15014E+01   0.22494E+22
   0.21198E+04   0.71486E+03   0.15019E+01   0.22501E+22
   0.21207E+04   0.71522E+03   0.15024E+01   0.22508E+22
   0.21217E+04   0.71559E+03   0.15029E+01   0.22514E+22
   0.21226E+04   0.71595E+03   0.15034E+01   0.22521E+22
   0.21235E+04   0.71632E+03   0.15039E+01   0.22528E+22
   0.21245E+04   0.71669E+03   0.15044E+01   0.22535E+22
   0.21254E+04   0.71705E+03   0.15049E+01   0.22542E+22
   0.21264E+04   0.71742E+03   0.15054E+01   0.22548E+22
   0.21273E+04   0.71778E+03   0.15059E+01   0.22555E+22
   0.21283E+04   0.71815E+03   0.15064E+01   0.22562E+22
   0.21292E+04   0.71851E+03   0.15069E+01   0.22569E+22
   0.21302E+04   0.71888E+03   0.15074E+01   0.22576E+22
   0.21311E+04   0.71925E+03   0.15079E+01   0.22582E+22
   0.21320E+04   0.71961E+03   0.15084E+01   0.22589E+22
   0.21330E+04   0.71998E+03   0.15089E+01   0.22596E+22
   0.21339E+04   0.72034E+03   0.15094E+01   0.22603E+22
   0.21349E+04   0.72071E+03   0.15099E+01   0.22610E+22
   0.21358E+04   0.72108E+03   0.15104E+01   0.22616E+22
   0.21368E+04   0.72144E+03   0.15109E+01   0.22623E+22
   0.21377E+04   0.72181E+03   0.15114E+01   0.22630E+22
   0.21387E+04   0.72218E+03   0.15119E+01   0.22637E+22
   0.21396E+04   0.72254E+03   0.15124E+01   0.22644E+22
   0.21406E+04   0.72291E+03   0.15129E+01   0.22650E+22
   0.21415E+04   0.72327E+03   0.15134E+01   0.22657E+22
   0.21424E+04   0.72364E+03   0.15139E+01   0.22664E+22
   0.21434E+04   0.72401E+03   0.15144E+01   0.22671E+22
   0.21443E+04   0.72437E+03   0.15149E+01   0.22678E+22
   0.21453E+04   0.72474E+03   0.15154E+01   0.22684E+22
   0.21462E+04   0.72511E+03   0.15159E+01   0.22691E+22
   0.21472E+04   0.72547E+03   0.15164E+01   0.22698E+22
   0.21481E+04   0.72584E+03   0.15169E+01   0.22705E+22
   0.21491E+04   0.72621E+03   0.15174E+01   0.22712E+22
   0.21500E+04   0.72657E+03   0.15179E+01   0.22718E+22
   0.21510E+04   0.72694E+03   0.15184E+01   0.22725E+22
   0.21519E+04   0.72731E+03   0.15189E+01   0.22732E+22
   0.21529E+04   0.72767E+03   0.15194E+01   0.22739E+22
   0.21538E+04   0.72804E+03   0.15199E+01   0.22746E+22
   0.21548E+04   0.72841E+03   0.15204E+01   0.22753E+22
   0.21557E+04   0.72877E+03   0.15209E+01   0.22759E+22
   0.21567E+04   0.72914E+03   0.15214E+01   0.22766E+22
   0.21576E+04   0.72951E+03   0.15219E+01   0.22773E+22
   0.21586E+04   0.72988E+03   0.15224E+01   0.22780E+22
   0.21595E+04   0.73024E+03   0.15229E+01   0.22787E+22
   0.21605E+04   0.73061E+03   0.15234E+01   0.22793E+22
   0.21614E+04   0.73098E+03   0.15239E+01   0.22800E+22
   0.21624E+04   0.73134E+03   0.15244E+01   0.22807E+22
   0.21633E+04   0.73171E+03   0.15249E+01   0.22814E+22
   0.21643E+04   0.73208E+03   0.15254E+01   0.22821E+22
   0.21652E+04   0.73245E+03   0.15259E+01   0.22827E+22
   0.21661E+04   0.73281E+03   0.15264E+01   0.22834E+22
   0.21671E+04   0.73318E+03   0.15269E+01   0.22841E+22
   0.21680E+04   0.73355E+03   0.15274E+01   0.22848E+22
   0.21690E+04   0.73392E+03   0.15279E+01   0.22855E+22
   0.21699E+04   0.73428E+03   0.15284E+01   0.22861E+22
   0.21709E+04   0.73465E+03   0.15289E+01   0.22868E+22
   0.21718E+04   0.73502E+03   0.15294E+01   0.22875E+22
   0.21728E+04   0.73539E+03   0.15299E+01   0.22882E+22
   0.21738E+04   0.73575E+03   0.15304E+01   0.22889E+22
   0.21747E+04   0.73612E+03   0.15309E+01   0.22895E+22
   0.21757E+04   0.73649E+03   0.15314E+01   0.22902E+22
   0.21766E+04   0.73686E+03   0.15319E+01   0.22909E+22
   0.21776E+04   0.73723E+03   0.15324E+01   0.22916E+22
   0.21785E+04   0.73759E+03   0.15329E+01   0.22923E+22
   0.21795E+04   0.73796E+03   0.15334E+01   0.22930E+22
   0.21804E+04   0.73833E+03   0.15339E+01   0.22936E+22
   0.21814E+04   0.73870E+03   0.15344E+01   0.22943E+22
   0.21823E+04   0.73907E+03   0.15349E+01   0.22950E+22
   0.21833E+04   0.73943E+03   0.15354E+01   0.22957E+22
   0.21842E+04   0.73980E+03   0.15359E+01   0.22964E+22
   0.21852E+04   0.74017E+03   0.15364E+01   0.22970E+22
   0.21861E+04   0.74054E+03   0.15369E+01   0.22977E+22
   0.21871E+04   0.74091E+03   0.15374E+01   0.22984E+22
   0.21880E+04   0.74128E+03   0.15379E+01   0.22991E+22
   0.21890E+04   0.74164E+03   0.15384E+01   0.22998E+22
   0.21899E+04   0.74201E+03   0.15389E+01   0.23004E+22
   0.21909E+04   0.74238E+03   0.15394E+01   0.23011E+22
   0.21918E+04   0.74275E+03   0.15399E+01   0.23018E+22
   0.21928E+04   0.74312E+03   0.15404E+01   0.23025E+22
   0.21937E+04   0.74349E+03   0.15409E+01   0.23032E+22
   0.21947E+04   0.74385E+03   0.15414E+01   0.23039E+22
   0.21956E+04   0.74422E+03   0.15419E+01   0.23045E+22
   0.21966E+04   0.74459E+03   0.15424E+01   0.23052E+22
   0.21976E+04   0.74496E+03   0.15429E+01   0.23059E+22
   0.21985E+04   0.74533E+03   0.15434E+01   0.23066E+22
   0.21995E+04   0.74570E+03   0.15439E+01   0.23073E+22
   0.22004E+04   0.74607E+03   0.15444E+01   0.23079E+22
   0.22014E+04   0.74644E+03   0.15449E+01   0.23086E+22
   0.22023E+04   0.74680E+03   0.15454E+01   0.23093E+22
   0.22033E+04   0.74717E+03   0.15459E+01   0.23100E+22
   0.22042E+04   0.74754E+03   0.15464E+01   0.23107E+22
   0.22052E+04   0.74791E+03   0.15469E+01   0.23114E+22
   0.22061E+04   0.74828E+03   0.15474E+01   0.23120E+22
   0.22071E+04   0.74865E+03   0.15479E+01   0.23127E+22
   0.22080E+04   0.74902E+03   0.15484E+01   0.23134E+22
   0.22090E+04   0.74939E+03   0.15489E+01   0.23141E+22
   0.22100E+04   0.74976E+03   0.15494E+01   0.23148E+22
   0.22109E+04   0.75013E+03   0.15499E+01   0.23154E+22
   0.22119E+04   0.75050E+03   0.15504E+01   0.23161E+22
   0.22128E+04   0.75086E+03   0.15509E+01   0.23168E+22
   0.22138E+04   0.75123E+03   0.15514E+01   0.23175E+22
   0.22147E+04   0.75160E+03   0.15519E+01   0.23182E+22
   0.22157E+04   0.75197E+03   0.15524E+01   0.23189E+22
   0.22166E+04   0.75234E+03   0.15529E+01   0.23195E+22
   0.22176E+04   0.75271E+03   0.15534E+01   0.23202E+22
   0.22186E+04   0.75308E+03   0.15539E+01   0.23209E+22
   0.22195E+04   0.75345E+03   0.15544E+01   0.23216E+22
   0.22205E+04   0.75382E+03   0.15549E+01   0.23223E+22
   0.22214E+04   0.75419E+03   0.15554E+01   0.23229E+22
   0.22224E+04   0.75456E+03   0.15559E+01   0.23236E+22
   0.22233E+04   0.75493E+03   0.15564E+01   0.23243E+22
   0.22243E+04   0.75530E+03   0.15569E+01   0.23250E+22
   0.22253E+04   0.75567E+03   0.15574E+01   0.23257E+22
   0.22262E+04   0.75604E+03   0.15579E+01   0.23264E+22
   0.22272E+04   0.75641E+03   0.15584E+01   0.23270E+22
   0.22281E+04   0.75678E+03   0.15589E+01   0.23277E+22
   0.22291E+04   0.75715E+03   0.15594E+01   0.23284E+22
   0.22300E+04   0.75752E+03   0.15599E+01   0.23291E+22
   0.22310E+04   0.75789E+03   0.15604E+01   0.23298E+22
   0.22320E+04   0.75826E+03   0.15609E+01   0.23304E+22
   0.22329E+04   0.75863E+03   0.15614E+01   0.23311E+22
   0.22339E+04   0.75900E+03   0.15619E+01   0.23318E+22
   0.22348E+04   0.75937E+03   0.15624E+01   0.23325E+22
   0.22358E+04   0.75974E+03   0.15629E+01   0.23332E+22
   0.22367E+04   0.76011E+03   0.15634E+01   0.23339E+22
   0.22377E+04   0.76048E+03   0.15639E+01   0.23345E+22
   0.22387E+04   0.76085E+03   0.15644E+01   0.23352E+22
   0.22396E+04   0.76122E+03   0.15649E+01   0.23359E+22
   0.22406E+04   0.76159E+03   0.15654E+01   0.23366E+22
   0.22415E+04   0.76196E+03   0.15659E+01   0.23373E+22
   0.22425E+04   0.76233E+03   0.15664E+01   0.23379E+22
   0.22435E+04   0.76270E+03   0.15669E+01   0.23386E+22
   0.22444E+04   0.76307E+03   0.15674E+01   0.23393E+22
   0.22454E+04   0.76344E+03   0.15679E+01   0.23400E+22
   0.22463E+04   0.76382E+03   0.15684E+01   0.23407E+22
   0.22473E+04   0.76419E+03   0.15689E+01   0.23414E+22
   0.22483E+04   0.76456E+03   0.15694E+01   0.23420E+22
   0.22492E+04   0.76493E+03   0.15699E+01   0.23427E+22
   0.22502E+04   0.76530E+03   0.15704E+01   0.23434E+22
   0.22511E+04   0.76567E+03   0.15709E+01   0.23441E+22
   0.22521E+04   0.76604E+03   0.15714E+01   0.23448E+22
   0.22531E+04   0.76641E+03   0.15719E+01   0.23455E+22
   0.22540E+04   0.76678E+03   0.15724E+01   0.23461E+22
   0.22550E+04   0.76715E+03   0.15729E+01   0.23468E+22
   0.22559E+04   0.76752E+03   0.15734E+01   0.23475E+22
   0.22569E+04   0.76790E+03   0.15739E+01   0.23482E+22
   0.22579E+04   0.76827E+03   0.15744E+01   0.23489E+22
   0.22588E+04   0.76864E+03   0.15749E+01   0.23496E+22
   0.22598E+04   0.76901E+03   0.15754E+01   0.23502E+22
   0.22607E+04   0.76938E+03   0.15759E+01   0.23509E+22
   0.22617E+04   0.76975E+03   0.15764E+01   0.23516E+22
   0.22627E+04   0.77012E+03   0.15769E+01   0.23523E+22
   0.22636E+04   0.77049E+03   0.15774E+01   0.23530E+22
   0.22646E+04   0.77087E+03   0.15779E+01   0.23536E+22
   0.22656E+04   0.77124E+03   0.15784E+01   0.23543E+22
   0.22665E+04   0.77161E+03   0.15789E+01   0.23550E+22
   0.22675E+04   0.77198E+03   0.15794E+01   0.23557E+22
   0.22684E+04   0.77235E+03   0.15799E+01   0.23564E+22
   0.22694E+04   0.77272E+03   0.15804E+01   0.23571E+22
   0.22704E+04   0.77309E+03   0.15809E+01   0.23577E+22
   0.22713E+04   0.77347E+03   0.15814E+01   0.23584E+22
   0.22723E+04   0.77384E+03   0.15819E+01   0.23591E+22
   0.22733E+04   0.77421E+03   0.15824E+01   0.23598E+22
   0.22742E+04   0.77458E+03   0.15829E+01   0.23605E+22
   0.22752E+04   0.77495E+03   0.15834E+01   0.23612E+22
   0.22761E+04   0.77532E+03   0.15839E+01   0.23618E+22
   0.22771E+04   0.77570E+03   0.15844E+01   0.23625E+22
   0.22781E+04   0.77607E+03   0.15849E+01   0.23632E+22
   0.22790E+04   0.77644E+03   0.15854E+01   0.23639E+22
   0.22800E+04   0.77681E+03   0.15859E+01   0.23646E+22
   0.22810E+04   0.77718E+03   0.15864E+01   0.23653E+22
   0.22819E+04   0.77756E+03   0.15869E+01   0.23659E+22
   0.22829E+04   0.77793E+03   0.15874E+01   0.23666E+22
   0.22839E+04   0.77830E+03   0.15879E+01   0.23673E+22
   0.22848E+04   0.77867E+03   0.15884E+01   0.23680E+22
   0.22858E+04   0.77905E+03   0.15889E+01   0.23687E+22
   0.22867E+04   0.77942E+03   0.15894E+01   0.23694E+22
   0.22877E+04   0.77979E+03   0.15899E+01   0.23700E+22
   0.22887E+04   0.78016E+03   0.15904E+01   0.23707E+22
   0.22896E+04   0.78053E+03   0.15909E+01   0.23714E+22
   0.22906E+04   0.78091E+03   0.15914E+01   0.23721E+22
   0.22916E+04   0.78128E+03   0.15919E+01   0.23728E+22
   0.22925E+04   0.78165E+03   0.15924E+01   0.23735E+22
   0.22935E+04   0.78202E+03   0.15929E+01   0.23741E+22
   0.22945E+04   0.78240E+03   0.15934E+01   0.23748E+22
   0.22954E+04   0.78277E+03   0.15939E+01   0.23755E+22
   0.22964E+04   0.78314E+03   0.15944E+01   0.23762E+22
   0.22974E+04   0.78351E+03   0.15949E+01   0.23769E+22
   0.22983E+04   0.78389E+03   0.15954E+01   0.23775E+22
   0.22993E+04   0.78426E+03   0.15959E+01   0.23782E+22
   0.23003E+04   0.78463E+03   0.15964E+01   0.23789E+22
   0.23012E+04   0.78501E+03   0.15969E+01   0.23796E+22
   0.23022E+04   0.78538E+03   0.15974E+01   0.23803E+22
   0.23032E+04   0.78575E+03   0.15979E+01   0.23810E+22
   0.23041E+04   0.78612E+03   0.15984E+01   0.23816E+22
   0.23051E+04   0.78650E+03   0.15989E+01   0.23823E+22
   0.23061E+04   0.78687E+03   0.15994E+01   0.23830E+22
   0.23070E+04   0.78724E+03   0.15999E+01   0.23837E+22
   0.23080E+04   0.78762E+03   0.16004E+01   0.23844E+22
   0.23090E+04   0.78799E+03   0.16009E+01   0.23851E+22
   0.23099E+04   0.78836E+03   0.16014E+01   0.23857E+22
   0.23109E+04   0.78874E+03   0.16019E+01   0.23864E+22
   0.23119E+04   0.78911E+03   0.16024E+01   0.23871E+22
   0.23128E+04   0.78948E+03   0.16029E+01   0.23878E+22
   0.23138E+04   0.78986E+03   0.16034E+01   0.23885E+22
   0.23148E+04   0.79023E+03   0.16039E+01   0.23892E+22
   0.23157E+04   0.79060E+03   0.16044E+01   0.23898E+22
   0.23167E+04   0.79098E+03   0.16049E+01   0.23905E+22
   0.23177E+04   0.79135E+03   0.16054E+01   0.23912E+22
   0.23186E+04   0.79172E+03   0.16059E+01   0.23919E+22
   0.23196E+04   0.79210E+03   0.16064E+01   0.23926E+22
   0.23206E+04   0.79247E+03   0.16069E+01   0.23933E+22
   0.23215E+04   0.79284E+03   0.16074E+01   0.23940E+22
   0.23225E+04   0.79322E+03   0.16079E+01   0.23946E+22
   0.23235E+04   0.79359E+03   0.16084E+01   0.23953E+22
   0.23245E+04   0.79397E+03   0.16089E+01   0.23960E+22
   0.23254E+04   0.79434E+03   0.16094E+01   0.23967E+22
   0.23264E+04   0.79471E+03   0.16099E+01   0.23974E+22
   0.23274E+04   0.79509E+03   0.16104E+01   0.23981E+22
   0.23283E+04   0.79546E+03   0.16109E+01   0.23987E+22
   0.23293E+04   0.79583E+03   0.16114E+01   0.23994E+22
   0.23303E+04   0.79621E+03   0.16119E+01   0.24001E+22
   0.23312E+04   0.79658E+03   0.16124E+01   0.24008E+22
   0.23322E+04   0.79696E+03   0.16129E+01   0.24015E+22
   0.23332E+04   0.79733E+03   0.16134E+01   0.24022E+22
   0.23341E+04   0.79770E+03   0.16139E+01   0.24028E+22
   0.23351E+04   0.79808E+03   0.16144E+01   0.24035E+22
   0.23361E+04   0.79845E+03   0.16149E+01   0.24042E+22
   0.23371E+04   0.79883E+03   0.16154E+01   0.24049E+22
   0.23380E+04   0.79920E+03   0.16159E+01   0.24056E+22
   0.23390E+04   0.79958E+03   0.16164E+01   0.24063E+22
   0.23400E+04   0.79995E+03   0.16169E+01   0.24069E+22
   0.23409E+04   0.80032E+03   0.16174E+01   0.24076E+22
   0.23419E+04   0.80070E+03   0.16179E+01   0.24083E+22
   0.23429E+04   0.80107E+03   0.16184E+01   0.24090E+22
   0.23439E+04   0.80145E+03   0.16189E+01   0.24097E+22
   0.23448E+04   0.80182E+03   0.16194E+01   0.24104E+22
   0.23458E+04   0.80220E+03   0.16199E+01   0.24110E+22
   0.23468E+04   0.80257E+03   0.16204E+01   0.24117E+22
   0.23477E+04   0.80295E+03   0.16209E+01   0.24124E+22
   0.23487E+04   0.80332E+03   0.16214E+01   0.24131E+22
   0.23497E+04   0.80370E+03   0.16219E+01   0.24138E+22
   0.23507E+04   0.80407E+03   0.16224E+01   0.24145E+22
   0.23516E+04   0.80444E+03   0.16229E+01   0.24151E+22
   0.23526E+04   0.80482E+03   0.16234E+01   0.24158E+22
   0.23536E+04   0.80519E+03   0.16239E+01   0.24165E+22
   0.23545E+04   0.80557E+03   0.16244E+01   0.24172E+22
   0.23555E+04   0.80594E+03   0.16249E+01   0.24179E+22
   0.23565E+04   0.80632E+03   0.16254E+01   0.24186E+22
   0.23575E+04   0.80669E+03   0.16259E+01   0.24193E+22
   0.23584E+04   0.80707E+03   0.16264E+01   0.24199E+22
   0.23594E+04   0.80744E+03   0.16269E+01   0.24206E+22
   0.23604E+04   0.80782E+03   0.16274E+01   0.24213E+22
   0.23614E+04   0.80819E+03   0.16279E+01   0.24220E+22
   0.23623E+04   0.80857E+03   0.16284E+01   0.24227E+22
   0.23633E+04   0.80894E+03   0.16289E+01   0.24234E+22
   0.23643E+04   0.80932E+03   0.16294E+01   0.24240E+22
   0.23653E+04   0.80970E+03   0.16299E+01   0.24247E+22
   0.23662E+04   0.81007E+03   0.16304E+01   0.24254E+22
   0.23672E+04   0.81045E+03   0.16309E+01   0.24261E+22
   0.23682E+04   0.81082E+03   0.16314E+01   0.24268E+22
   0.23692E+04   0.81120E+03   0.16319E+01   0.24275E+22
   0.23701E+04   0.81157E+03   0.16324E+01   0.24281E+22
   0.23711E+04   0.81195E+03   0.16329E+01   0.24288E+22
   0.23721E+04   0.81232E+03   0.16334E+01   0.24295E+22
   0.23731E+04   0.81270E+03   0.16339E+01   0.24302E+22
   0.23740E+04   0.81307E+03   0.16344E+01   0.24309E+22
   0.23750E+04   0.81345E+03   0.16349E+01   0.24316E+22
   0.23760E+04   0.81383E+03   0.16354E+01   0.24323E+22
   0.23770E+04   0.81420E+03   0.16359E+01   0.24329E+22
   0.23779E+04   0.81458E+03   0.16364E+01   0.24336E+22
   0.23789E+04   0.81495E+03   0.16369E+01   0.24343E+22
   0.23799E+04   0.81533E+03   0.16374E+01   0.24350E+22
   0.23809E+04   0.81571E+03   0.16379E+01   0.24357E+22
   0.23818E+04   0.81608E+03   0.16384E+01   0.24364E+22
   0.23828E+04   0.81646E+03   0.16389E+01   0.24370E+22
   0.23838E+04   0.81683E+03   0.16394E+01   0.24377E+22
   0.23848E+04   0.81721E+03   0.16399E+01   0.24384E+22
   0.23857E+04   0.81759E+03   0.16404E+01   0.24391E+22
   0.23867E+04   0.81796E+03   0.16409E+01   0.24398E+22
   0.23877E+04   0.81834E+03   0.16414E+01   0.24405E+22
   0.23887E+04   0.81871E+03   0.16419E+01   0.24412E+22
   0.23896E+04   0.81909E+03   0.16424E+01   0.24418E+22
   0.23906E+04   0.81947E+03   0.16429E+01   0.24425E+22
   0.23916E+04   0.81984E+03   0.16434E+01   0.24432E+22
   0.23926E+04   0.82022E+03   0.16439E+01   0.24439E+22
   0.23935E+04   0.82060E+03   0.16444E+01   0.24446E+22
   0.23945E+04   0.82097E+03   0.16449E+01   0.24453E+22
   0.23955E+04   0.82135E+03   0.16454E+01   0.24459E+22
   0.23965E+04   0.82172E+03   0.16459E+01   0.24466E+22
   0.23975E+04   0.82210E+03   0.16464E+01   0.24473E+22
   0.23984E+04   0.82248E+03   0.16469E+01   0.24480E+22
   0.23994E+04   0.82285E+03   0.16474E+01   0.24487E+22
   0.24004E+04   0.82323E+03   0.16479E+01   0.24494E+22
   0.24014E+04   0.82361E+03   0.16484E+01   0.24501E+22
   0.24023E+04   0.82398E+03   0.16489E+01   0.24507E+22
   0.24033E+04   0.82436E+03   0.16494E+01   0.24514E+22
   0.24043E+04   0.82474E+03   0.16499E+01   0.24521E+22
   0.24053E+04   0.82511E+03   0.16504E+01   0.24528E+22
   0.24063E+04   0.82549E+03   0.16509E+01   0.24535E+22
   0.24072E+04   0.82587E+03   0.16514E+01   0.24542E+22
   0.24082E+04   0.82625E+03   0.16519E+01   0.24548E+22
   0.24092E+04   0.82662E+03   0.16524E+01   0.24555E+22
   0.24102E+04   0.82700E+03   0.16529E+01   0.24562E+22
   0.24112E+04   0.82738E+03   0.16534E+01   0.24569E+22
   0.24121E+04   0.82775E+03   0.16539E+01   0.24576E+22
   0.24131E+04   0.82813E+03   0.16544E+01   0.24583E+22
   0.24141E+04   0.82851E+03   0.16549E+01   0.24590E+22
   0.24151E+04   0.82888E+03   0.16554E+01   0.24596E+22
   0.24161E+04   0.82926E+03   0.16559E+01   0.24603E+22
   0.24170E+04   0.82964E+03   0.16564E+01   0.24610E+22
   0.24180E+04   0.83002E+03   0.16569E+01   0.24617E+22
   0.24190E+04   0.83039E+03   0.16574E+01   0.24624E+22
   0.24200E+04   0.83077E+03   0.16579E+01   0.24631E+22
   0.24210E+04   0.83115E+03   0.16584E+01   0.24638E+22
   0.24219E+04   0.83153E+03   0.16589E+01   0.24644E+22
   0.24229E+04   0.83190E+03   0.16594E+01   0.24651E+22
   0.24239E+04   0.83228E+03   0.16599E+01   0.24658E+22
   0.24249E+04   0.83266E+03   0.16604E+01   0.24665E+22
   0.24259E+04   0.83304E+03   0.16609E+01   0.24672E+22
   0.24268E+04   0.83341E+03   0.16614E+01   0.24679E+22
   0.24278E+04   0.83379E+03   0.16619E+01   0.24685E+22
   0.24288E+04   0.83417E+03   0.16624E+01   0.24692E+22
   0.24298E+04   0.83455E+03   0.16629E+01   0.24699E+22
   0.24308E+04   0.83492E+03   0.16634E+01   0.24706E+22
   0.24318E+04   0.83530E+03   0.16639E+01   0.24713E+22
   0.24327E+04   0.83568E+03   0.16644E+01   0.24720E+22
   0.24337E+04   0.83606E+03   0.16649E+01   0.24727E+22
   0.24347E+04   0.83644E+03   0.16654E+01   0.24733E+22
   0.24357E+04   0.83681E+03   0.16659E+01   0.24740E+22
   0.24367E+04   0.83719E+03   0.16664E+01   0.24747E+22
   0.24376E+04   0.83757E+03   0.16669E+01   0.24754E+22
   0.24386E+04   0.83795E+03   0.16674E+01   0.24761E+22
   0.24396E+04   0.83833E+03   0.16679E+01   0.24768E+22
   0.24406E+04   0.83870E+03   0.16684E+01   0.24775E+22
   0.24416E+04   0.83908E+03   0.16689E+01   0.24781E+22
   0.24426E+04   0.83946E+03   0.16694E+01   0.24788E+22
   0.24435E+04   0.83984E+03   0.16699E+01   0.24795E+22
   0.24445E+04   0.84022E+03   0.16704E+01   0.24802E+22
   0.24455E+04   0.84059E+03   0.16709E+01   0.24809E+22
   0.24465E+04   0.84097E+03   0.16714E+01   0.24816E+22
   0.24475E+04   0.84135E+03   0.16719E+01   0.24823E+22
   0.24485E+04   0.84173E+03   0.16724E+01   0.24829E+22
   0.24494E+04   0.84211E+03   0.16729E+01   0.24836E+22
   0.24504E+04   0.84249E+03   0.16734E+01   0.24843E+22
   0.24514E+04   0.84287E+03   0.16739E+01   0.24850E+22
   0.24524E+04   0.84324E+03   0.16744E+01   0.24857E+22
   0.24534E+04   0.84362E+03   0.16749E+01   0.24864E+22
   0.24544E+04   0.84400E+03   0.16754E+01   0.24871E+22
   0.24553E+04   0.84438E+03   0.16759E+01   0.24877E+22
   0.24563E+04   0.84476E+03   0.16764E+01   0.24884E+22
   0.24573E+04   0.84514E+03   0.16769E+01   0.24891E+22
   0.24583E+04   0.84552E+03   0.16774E+01   0.24898E+22
   0.24593E+04   0.84589E+03   0.16779E+01   0.24905E+22
   0.24603E+04   0.84627E+03   0.16784E+01   0.24912E+22
   0.24613E+04   0.84665E+03   0.16789E+01   0.24919E+22
   0.24622E+04   0.84703E+03   0.16794E+01   0.24925E+22
   0.24632E+04   0.84741E+03   0.16799E+01   0.24932E+22
   0.24642E+04   0.84779E+03   0.16804E+01   0.24939E+22
   0.24652E+04   0.84817E+03   0.16809E+01   0.24946E+22
   0.24662E+04   0.84855E+03   0.16814E+01   0.24953E+22
   0.24672E+04   0.84893E+03   0.16819E+01   0.24960E+22
   0.24682E+04   0.84931E+03   0.16824E+01   0.24967E+22
   0.24691E+04   0.84968E+03   0.16829E+01   0.24973E+22
   0.24701E+04   0.85006E+03   0.16834E+01   0.24980E+22
   0.24711E+04   0.85044E+03   0.16839E+01   0.24987E+22
   0.24721E+04   0.85082E+03   0.16844E+01   0.24994E+22
   0.24731E+04   0.85120E+03   0.16849E+01   0.25001E+22
   0.24741E+04   0.85158E+03   0.16854E+01   0.25008E+22
   0.24751E+04   0.85196E+03   0.16859E+01   0.25015E+22
   0.24760E+04   0.85234E+03   0.16864E+01   0.25021E+22
   0.24770E+04   0.85272E+03   0.16869E+01   0.25028E+22
   0.24780E+04   0.85310E+03   0.16874E+01   0.25035E+22
   0.24790E+04   0.85348E+03   0.16879E+01   0.25042E+22
   0.24800E+04   0.85386E+03   0.16884E+01   0.25049E+22
   0.24810E+04   0.85424E+03   0.16889E+01   0.25056E+22
   0.24820E+04   0.85462E+03   0.16894E+01   0.25063E+22
   0.24830E+04   0.85500E+03   0.16899E+01   0.25069E+22
   0.24839E+04   0.85538E+03   0.16904E+01   0.25076E+22
   0.24849E+04   0.85576E+03   0.16909E+01   0.25083E+22
   0.24859E+04   0.85614E+03   0.16914E+01   0.25090E+22
   0.24869E+04   0.85652E+03   0.16919E+01   0.25097E+22
   0.24879E+04   0.85690E+03   0.16924E+01   0.25104E+22
   0.24889E+04   0.85728E+03   0.16929E+01   0.25111E+22
   0.24899E+04   0.85766E+03   0.16934E+01   0.25117E+22
   0.24909E+04   0.85804E+03   0.16939E+01   0.25124E+22
   0.24918E+04   0.85842E+03   0.16944E+01   0.25131E+22
   0.24928E+04   0.85880E+03   0.16949E+01   0.25138E+22
   0.24938E+04   0.85918E+03   0.16954E+01   0.25145E+22
   0.24948E+04   0.85956E+03   0.16959E+01   0.25152E+22
   0.24958E+04   0.85994E+03   0.16964E+01   0.25159E+22
   0.24968E+04   0.86032E+03   0.16969E+01   0.25165E+22
   0.24978E+04   0.86070E+03   0.16974E+01   0.25172E+22
   0.24988E+04   0.86108E+03   0.16979E+01   0.25179E+22
   0.24998E+04   0.86146E+03   0.16984E+01   0.25186E+22
   0.25007E+04   0.86184E+03   0.16989E+01   0.25193E+22
   0.25017E+04   0.86222E+03   0.16994E+01   0.25200E+22
   0.25027E+04   0.86260E+03   0.16999E+01   0.25207E+22
   0.25037E+04   0.86298E+03   0.17004E+01   0.25213E+22
   0.25047E+04   0.86336E+03   0.17009E+01   0.25220E+22
   0.25057E+04   0.86374E+03   0.17014E+01   0.25227E+22
   0.25067E+04   0.86412E+03   0.17019E+01   0.25234E+22
   0.25077E+04   0.86450E+03   0.17024E+01   0.25241E+22
   0.25087E+04   0.86488E+03   0.17029E+01   0.25248E+22
   0.25097E+04   0.86526E+03   0.17034E+01   0.25255E+22
   0.25107E+04   0.86564E+03   0.17039E+01   0.25262E+22
   0.25116E+04   0.86602E+03   0.17044E+01   0.25268E+22
   0.25126E+04   0.86640E+03   0.17049E+01   0.25275E+22
   0.25136E+04   0.86678E+03   0.17054E+01   0.25282E+22
   0.25146E+04   0.86717E+03   0.17059E+01   0.25289E+22
   0.25156E+04   0.86755E+03   0.17064E+01   0.25296E+22
   0.25166E+04   0.86793E+03   0.17069E+01   0.25303E+22
   0.25176E+04   0.86831E+03   0.17074E+01   0.25310E+22
   0.25186E+04   0.86869E+03   0.17079E+01   0.25316E+22
   0.25196E+04   0.86907E+03   0.17084E+01   0.25323E+22
   0.25206E+04   0.86945E+03   0.17089E+01   0.25330E+22
   0.25216E+04   0.86983E+03   0.17094E+01   0.25337E+22
   0.25225E+04   0.87021E+03   0.17099E+01   0.25344E+22
   0.25235E+04   0.87059E+03   0.17104E+01   0.25351E+22
   0.25245E+04   0.87098E+03   0.17109E+01   0.25358E+22
   0.25255E+04   0.87136E+03   0.17114E+01   0.25364E+22
   0.25265E+04   0.87174E+03   0.17119E+01   0.25371E+22
   0.25275E+04   0.87212E+03   0.17124E+01   0.25378E+22
   0.25285E+04   0.87250E+03   0.17129E+01   0.25385E+22
   0.25295E+04   0.87288E+03   0.17134E+01   0.25392E+22
   0.25305E+04   0.87326E+03   0.17139E+01   0.25399E+22
   0.25315E+04   0.87364E+03   0.17144E+01   0.25406E+22
   0.25325E+04   0.87403E+03   0.17149E+01   0.25413E+22
   0.25335E+04   0.87441E+03   0.17154E+01   0.25419E+22
   0.25345E+04   0.87479E+03   0.17159E+01   0.25426E+22
   0.25355E+04   0.87517E+03   0.17164E+01   0.25433E+22
   0.25364E+04   0.87555E+03   0.17169E+01   0.25440E+22
   0.25374E+04   0.87593E+03   0.17174E+01   0.25447E+22
   0.25384E+04   0.87632E+03   0.17179E+01   0.25454E+22
   0.25394E+04   0.87670E+03   0.17184E+01   0.25461E+22
   0.25404E+04   0.87708E+03   0.17189E+01   0.25467E+22
   0.25414E+04   0.87746E+03   0.17194E+01   0.25474E+22
   0.25424E+04   0.87784E+03   0.17199E+01   0.25481E+22
   0.25434E+04   0.87822E+03   0.17204E+01   0.25488E+22
   0.25444E+04   0.87861E+03   0.17209E+01   0.25495E+22
   0.25454E+04   0.87899E+03   0.17214E+01   0.25502E+22
   0.25464E+04   0.87937E+03   0.17219E+01   0.25509E+22
   0.25474E+04   0.87975E+03   0.17224E+01   0.25516E+22
   0.25484E+04   0.88013E+03   0.17229E+01   0.25522E+22
   0.25494E+04   0.88052E+03   0.17234E+01   0.25529E+22
   0.25504E+04   0.88090E+03   0.17239E+01   0.25536E+22
   0.25514E+04   0.88128E+03   0.17244E+01   0.25543E+22
   0.25524E+04   0.88166E+03   0.17249E+01   0.25550E+22
   0.25534E+04   0.88205E+03   0.17254E+01   0.25557E+22
   0.25544E+04   0.88243E+03   0.17259E+01   0.25564E+22
   0.25553E+04   0.88281E+03   0.17264E+01   0.25570E+22
   0.25563E+04   0.88319E+03   0.17269E+01   0.25577E+22
   0.25573E+04   0.88357E+03   0.17274E+01   0.25584E+22
   0.25583E+04   0.88396E+03   0.17279E+01   0.25591E+22
   0.25593E+04   0.88434E+03   0.17284E+01   0.25598E+22
   0.25603E+04   0.88472E+03   0.17289E+01   0.25605E+22
   0.25613E+04   0.88510E+03   0.17294E+01   0.25612E+22
   0.25623E+04   0.88549E+03   0.17299E+01   0.25619E+22
   0.25633E+04   0.88587E+03   0.17304E+01   0.25625E+22
   0.25643E+04   0.88625E+03   0.17309E+01   0.25632E+22
   0.25653E+04   0.88663E+03   0.17314E+01   0.25639E+22
   0.25663E+04   0.88702E+03   0.17319E+01   0.25646E+22
   0.25673E+04   0.88740E+03   0.17324E+01   0.25653E+22
   0.25683E+04   0.88778E+03   0.17329E+01   0.25660E+22
   0.25693E+04   0.88817E+03   0.17334E+01   0.25667E+22
   0.25703E+04   0.88855E+03   0.17339E+01   0.25673E+22
   0.25713E+04   0.88893E+03   0.17344E+01   0.25680E+22
   0.25723E+04   0.88931E+03   0.17349E+01   0.25687E+22
   0.25733E+04   0.88970E+03   0.17354E+01   0.25694E+22
   0.25743E+04   0.89008E+03   0.17359E+01   0.25701E+22
   0.25753E+04   0.89046E+03   0.17364E+01   0.25708E+22
   0.25763E+04   0.89085E+03   0.17369E+01   0.25715E+22
   0.25773E+04   0.89123E+03   0.17374E+01   0.25722E+22
   0.25783E+04   0.89161E+03   0.17379E+01   0.25728E+22
   0.25793E+04   0.89199E+03   0.17384E+01   0.25735E+22
   0.25803E+04   0.89238E+03   0.17389E+01   0.25742E+22
   0.25813E+04   0.89276E+03   0.17394E+01   0.25749E+22
   0.25823E+04   0.89314E+03   0.17399E+01   0.25756E+22
   0.25833E+04   0.89353E+03   0.17404E+01   0.25763E+22
   0.25843E+04   0.89391E+03   0.17409E+01   0.25770E+22
   0.25853E+04   0.89429E+03   0.17414E+01   0.25777E+22
   0.25863E+04   0.89468E+03   0.17419E+01   0.25783E+22
   0.25873E+04   0.89506E+03   0.17424E+01   0.25790E+22
   0.25883E+04   0.89544E+03   0.17429E+01   0.25797E+22
   0.25893E+04   0.89583E+03   0.17434E+01   0.25804E+22
   0.25903E+04   0.89621E+03   0.17439E+01   0.25811E+22
   0.25913E+04   0.89660E+03   0.17444E+01   0.25818E+22
   0.25923E+04   0.89698E+03   0.17449E+01   0.25825E+22
   0.25933E+04   0.89736E+03   0.17454E+01   0.25832E+22
   0.25943E+04   0.89775E+03   0.17459E+01   0.25838E+22
   0.25953E+04   0.89813E+03   0.17464E+01   0.25845E+22
   0.25963E+04   0.89851E+03   0.17469E+01   0.25852E+22
   0.25973E+04   0.89890E+03   0.17474E+01   0.25859E+22
   0.25983E+04   0.89928E+03   0.17479E+01   0.25866E+22
   0.25993E+04   0.89966E+03   0.17484E+01   0.25873E+22
   0.26003E+04   0.90005E+03   0.17489E+01   0.25880E+22
   0.26013E+04   0.90043E+03   0.17494E+01   0.25887E+22
   0.26023E+04   0.90082E+03   0.17499E+01   0.25893E+22
   0.26033E+04   0.90120E+03   0.17504E+01   0.25900E+22
   0.26043E+04   0.90158E+03   0.17509E+01   0.25907E+22
   0.26053E+04   0.90197E+03   0.17514E+01   0.25914E+22
   0.26063E+04   0.90235E+03   0.17519E+01   0.25921E+22
   0.26073E+04   0.90274E+03   0.17524E+01   0.25928E+22
   0.26083E+04   0.90312E+03   0.17529E+01   0.25935E+22
   0.26093E+04   0.90350E+03   0.17534E+01   0.25942E+22
   0.26103E+04   0.90389E+03   0.17539E+01   0.25948E+22
   0.26113E+04   0.90427E+03   0.17544E+01   0.25955E+22
   0.26123E+04   0.90466E+03   0.17549E+01   0.25962E+22
   0.26133E+04   0.90504E+03   0.17554E+01   0.25969E+22
   0.26143E+04   0.90543E+03   0.17559E+01   0.25976E+22
   0.26153E+04   0.90581E+03   0.17564E+01   0.25983E+22
   0.26163E+04   0.90620E+03   0.17569E+01   0.25990E+22
   0.26173E+04   0.90658E+03   0.17574E+01   0.25997E+22
   0.26183E+04   0.90696E+03   0.17579E+01   0.26003E+22
   0.26193E+04   0.90735E+03   0.17584E+01   0.26010E+22
   0.26203E+04   0.90773E+03   0.17589E+01   0.26017E+22
   0.26213E+04   0.90812E+03   0.17594E+01   0.26024E+22
   0.26223E+04   0.90850E+03   0.17599E+01   0.26031E+22
   0.26233E+04   0.90889E+03   0.17604E+01   0.26038E+22
   0.26243E+04   0.90927E+03   0.17609E+01   0.26045E+22
   0.26253E+04   0.90966E+03   0.17614E+01   0.26052E+22
   0.26263E+04   0.91004E+03   0.17619E+01   0.26058E+22
   0.26273E+04   0.91043E+03   0.17624E+01   0.26065E+22
   0.26283E+04   0.91081E+03   0.17629E+01   0.26072E+22
   0.26293E+04   0.91120E+03   0.17634E+01   0.26079E+22
   0.26303E+04   0.91158E+03   0.17639E+01   0.26086E+22
   0.26313E+04   0.91197E+03   0.17644E+01   0.26093E+22
   0.26323E+04   0.91235E+03   0.17649E+01   0.26100E+22
   0.26333E+04   0.91274E+03   0.17654E+01   0.26107E+22
   0.26344E+04   0.91312E+03   0.17659E+01   0.26113E+22
   0.26354E+04   0.91351E+03   0.17664E+01   0.26120E+22
   0.26364E+04   0.91389E+03   0.17669E+01   0.26127E+22
   0.26374E+04   0.91428E+03   0.17674E+01   0.26134E+22
   0.26384E+04   0.91466E+03   0.17679E+01   0.26141E+22
   0.26394E+04   0.91505E+03   0.17684E+01   0.26148E+22
   0.26404E+04   0.91543E+03   0.17689E+01   0.26155E+22
   0.26414E+04   0.91582E+03   0.17694E+01   0.26162E+22
   0.26424E+04   0.91620E+03   0.17699E+01   0.26168E+22
   0.26434E+04   0.91659E+03   0.17704E+01   0.26175E+22
   0.26444E+04   0.91697E+03   0.17709E+01   0.26182E+22
   0.26454E+04   0.91736E+03   0.17714E+01   0.26189E+22
   0.26464E+04   0.91774E+03   0.17719E+01   0.26196E+22
   0.26474E+04   0.91813E+03   0.17724E+01   0.26203E+22
   0.26484E+04   0.91851E+03   0.17729E+01   0.26210E+22
   0.26494E+04   0.91890E+03   0.17734E+01   0.26217E+22
   0.26504E+04   0.91929E+03   0.17739E+01   0.26223E+22
   0.26514E+04   0.91967E+03   0.17744E+01   0.26230E+22
   0.26525E+04   0.92006E+03   0.17749E+01   0.26237E+22
   0.26535E+04   0.92044E+03   0.17754E+01   0.26244E+22
   0.26545E+04   0.92083E+03   0.17759E+01   0.26251E+22
   0.26555E+04   0.92121E+03   0.17764E+01   0.26258E+22
   0.26565E+04   0.92160E+03   0.17769E+01   0.26265E+22
   0.26575E+04   0.92199E+03   0.17774E+01   0.26272E+22
   0.26585E+04   0.92237E+03   0.17779E+01   0.26278E+22
   0.26595E+04   0.92276E+03   0.17784E+01   0.26285E+22
   0.26605E+04   0.92314E+03   0.17789E+01   0.26292E+22
   0.26615E+04   0.92353E+03   0.17794E+01   0.26299E+22
   0.26625E+04   0.92392E+03   0.17799E+01   0.26306E+22
   0.26635E+04   0.92430E+03   0.17804E+01   0.26313E+22
   0.26645E+04   0.92469E+03   0.17809E+01   0.26320E+22
   0.26655E+04   0.92507E+03   0.17814E+01   0.26327E+22
   0.26666E+04   0.92546E+03   0.17819E+01   0.26334E+22
   0.26676E+04   0.92585E+03   0.17824E+01   0.26340E+22
   0.26686E+04   0.92623E+03   0.17829E+01   0.26347E+22
   0.26696E+04   0.92662E+03   0.17834E+01   0.26354E+22
   0.26706E+04   0.92700E+03   0.17839E+01   0.26361E+22
   0.26716E+04   0.92739E+03   0.17844E+01   0.26368E+22
   0.26726E+04   0.92778E+03   0.17849E+01   0.26375E+22
   0.26736E+04   0.92816E+03   0.17854E+01   0.26382E+22
   0.26746E+04   0.92855E+03   0.17859E+01   0.26389E+22
   0.26756E+04   0.92894E+03   0.17864E+01   0.26395E+22
   0.26766E+04   0.92932E+03   0.17869E+01   0.26402E+22
   0.26776E+04   0.92971E+03   0.17874E+01   0.26409E+22
   0.26787E+04   0.93010E+03   0.17879E+01   0.26416E+22
   0.26797E+04   0.93048E+03   0.17884E+01   0.26423E+22
   0.26807E+04   0.93087E+03   0.17889E+01   0.26430E+22
   0.26817E+04   0.93126E+03   0.17894E+01   0.26437E+22
   0.26827E+04   0.93164E+03   0.17899E+01   0.26444E+22
   0.26837E+04   0.93203E+03   0.17904E+01   0.26451E+22
   0.26847E+04   0.93242E+03   0.17909E+01   0.26457E+22
   0.26857E+04   0.93280E+03   0.17914E+01   0.26464E+22
   0.26867E+04   0.93319E+03   0.17919E+01   0.26471E+22
   0.26877E+04   0.93358E+03   0.17924E+01   0.26478E+22
   0.26888E+04   0.93396E+03   0.17929E+01   0.26485E+22
   0.26898E+04   0.93435E+03   0.17934E+01   0.26492E+22
   0.26908E+04   0.93474E+03   0.17939E+01   0.26499E+22
   0.26918E+04   0.93512E+03   0.17944E+01   0.26506E+22
   0.26928E+04   0.93551E+03   0.17949E+01   0.26512E+22
   0.26938E+04   0.93590E+03   0.17954E+01   0.26519E+22
   0.26948E+04   0.93629E+03   0.17959E+01   0.26526E+22
   0.26958E+04   0.93667E+03   0.17964E+01   0.26533E+22
   0.26968E+04   0.93706E+03   0.17969E+01   0.26540E+22
   0.26978E+04   0.93745E+03   0.17974E+01   0.26547E+22
   0.26989E+04   0.93783E+03   0.17979E+01   0.26554E+22
   0.26999E+04   0.93822E+03   0.17984E+01   0.26561E+22
   0.27009E+04   0.93861E+03   0.17989E+01   0.26568E+22
   0.27019E+04   0.93900E+03   0.17994E+01   0.26574E+22
   0.27029E+04   0.93938E+03   0.17999E+01   0.26581E+22
   0.27039E+04   0.93977E+03   0.18004E+01   0.26588E+22
   0.27049E+04   0.94016E+03   0.18009E+01   0.26595E+22
   0.27059E+04   0.94055E+03   0.18014E+01   0.26602E+22
   0.27070E+04   0.94093E+03   0.18019E+01   0.26609E+22
   0.27080E+04   0.94132E+03   0.18024E+01   0.26616E+22
   0.27090E+04   0.94171E+03   0.18029E+01   0.26623E+22
   0.27100E+04   0.94210E+03   0.18034E+01   0.26630E+22
   0.27110E+04   0.94248E+03   0.18039E+01   0.26636E+22
   0.27120E+04   0.94287E+03   0.18044E+01   0.26643E+22
   0.27130E+04   0.94326E+03   0.18049E+01   0.26650E+22
   0.27140E+04   0.94365E+03   0.18054E+01   0.26657E+22
   0.27151E+04   0.94404E+03   0.18059E+01   0.26664E+22
   0.27161E+04   0.94442E+03   0.18064E+01   0.26671E+22
   0.27171E+04   0.94481E+03   0.18069E+01   0.26678E+22
   0.27181E+04   0.94520E+03   0.18074E+01   0.26685E+22
   0.27191E+04   0.94559E+03   0.18079E+01   0.26691E+22
   0.27201E+04   0.94597E+03   0.18084E+01   0.26698E+22
   0.27211E+04   0.94636E+03   0.18089E+01   0.26705E+22
   0.27221E+04   0.94675E+03   0.18094E+01   0.26712E+22
   0.27232E+04   0.94714E+03   0.18099E+01   0.26719E+22
   0.27242E+04   0.94753E+03   0.18104E+01   0.26726E+22
   0.27252E+04   0.94792E+03   0.18109E+01   0.26733E+22
   0.27262E+04   0.94830E+03   0.18114E+01   0.26740E+22
   0.27272E+04   0.94869E+03   0.18119E+01   0.26747E+22
   0.27282E+04   0.94908E+03   0.18124E+01   0.26753E+22
   0.27292E+04   0.94947E+03   0.18129E+01   0.26760E+22
   0.27303E+04   0.94986E+03   0.18134E+01   0.26767E+22
   0.27313E+04   0.95024E+03   0.18139E+01   0.26774E+22
   0.27323E+04   0.95063E+03   0.18144E+01   0.26781E+22
   0.27333E+04   0.95102E+03   0.18149E+01   0.26788E+22
   0.27343E+04   0.95141E+03   0.18154E+01   0.26795E+22
   0.27353E+04   0.95180E+03   0.18159E+01   0.26802E+22
   0.27364E+04   0.95219E+03   0.18164E+01   0.26809E+22
   0.27374E+04   0.95258E+03   0.18169E+01   0.26815E+22
   0.27384E+04   0.95296E+03   0.18174E+01   0.26822E+22
   0.27394E+04   0.95335E+03   0.18179E+01   0.26829E+22
   0.27404E+04   0.95374E+03   0.18184E+01   0.26836E+22
   0.27414E+04   0.95413E+03   0.18189E+01   0.26843E+22
   0.27424E+04   0.95452E+03   0.18194E+01   0.26850E+22
   0.27435E+04   0.95491E+03   0.18199E+01   0.26857E+22
   0.27445E+04   0.95530E+03   0.18204E+01   0.26864E+22
   0.27455E+04   0.95568E+03   0.18209E+01   0.26871E+22
   0.27465E+04   0.95607E+03   0.18214E+01   0.26877E+22
   0.27475E+04   0.95646E+03   0.18219E+01   0.26884E+22
   0.27485E+04   0.95685E+03   0.18224E+01   0.26891E+22
   0.27496E+04   0.95724E+03   0.18229E+01   0.26898E+22
   0.27506E+04   0.95763E+03   0.18234E+01   0.26905E+22
   0.27516E+04   0.95802E+03   0.18239E+01   0.26912E+22
   0.27526E+04   0.95841E+03   0.18244E+01   0.26919E+22
   0.27536E+04   0.95880E+03   0.18249E+01   0.26926E+22
   0.27546E+04   0.95919E+03   0.18254E+01   0.26933E+22
   0.27557E+04   0.95957E+03   0.18259E+01   0.26939E+22
   0.27567E+04   0.95996E+03   0.18264E+01   0.26946E+22
   0.27577E+04   0.96035E+03   0.18269E+01   0.26953E+22
   0.27587E+04   0.96074E+03   0.18274E+01   0.26960E+22
   0.27597E+04   0.96113E+03   0.18279E+01   0.26967E+22
   0.27608E+04   0.96152E+03   0.18284E+01   0.26974E+22
   0.27618E+04   0.96191E+03   0.18289E+01   0.26981E+22
   0.27628E+04   0.96230E+03   0.18294E+01   0.26988E+22
   0.27638E+04   0.96269E+03   0.18299E+01   0.26995E+22
   0.27648E+04   0.96308E+03   0.18304E+01   0.27001E+22
   0.27658E+04   0.96347E+03   0.18309E+01   0.27008E+22
   0.27669E+04   0.96386E+03   0.18314E+01   0.27015E+22
   0.27679E+04   0.96425E+03   0.18319E+01   0.27022E+22
   0.27689E+04   0.96464E+03   0.18324E+01   0.27029E+22
   0.27699E+04   0.96503E+03   0.18329E+01   0.27036E+22
   0.27709E+04   0.96542E+03   0.18334E+01   0.27043E+22
   0.27720E+04   0.96581E+03   0.18339E+01   0.27050E+22
   0.27730E+04   0.96620E+03   0.18344E+01   0.27057E+22
   0.27740E+04   0.96659E+03   0.18349E+01   0.27063E+22
   0.27750E+04   0.96697E+03   0.18354E+01   0.27070E+22
   0.27760E+04   0.96736E+03   0.18359E+01   0.27077E+22
   0.27771E+04   0.96775E+03   0.18364E+01   0.27084E+22
   0.27781E+04   0.96814E+03   0.18369E+01   0.27091E+22
   0.27791E+04   0.96853E+03   0.18374E+01   0.27098E+22
   0.27801E+04   0.96892E+03   0.18379E+01   0.27105E+22
   0.27811E+04   0.96931E+03   0.18384E+01   0.27112E+22
   0.27822E+04   0.96970E+03   0.18389E+01   0.27119E+22
   0.27832E+04   0.97009E+03   0.18394E+01   0.27126E+22
   0.27842E+04   0.97048E+03   0.18399E+01   0.27132E+22
   0.27852E+04   0.97087E+03   0.18404E+01   0.27139E+22
   0.27862E+04   0.97126E+03   0.18409E+01   0.27146E+22
   0.27873E+04   0.97165E+03   0.18414E+01   0.27153E+22
   0.27883E+04   0.97205E+03   0.18419E+01   0.27160E+22
   0.27893E+04   0.97244E+03   0.18424E+01   0.27167E+22
   0.27903E+04   0.97283E+03   0.18429E+01   0.27174E+22
   0.27913E+04   0.97322E+03   0.18434E+01   0.27181E+22
   0.27924E+04   0.97361E+03   0.18439E+01   0.27188E+22
   0.27934E+04   0.97400E+03   0.18444E+01   0.27194E+22
   0.27944E+04   0.97439E+03   0.18449E+01   0.27201E+22
   0.27954E+04   0.97478E+03   0.18454E+01   0.27208E+22
   0.27964E+04   0.97517E+03   0.18459E+01   0.27215E+22
   0.27975E+04   0.97556E+03   0.18464E+01   0.27222E+22
   0.27985E+04   0.97595E+03   0.18469E+01   0.27229E+22
   0.27995E+04   0.97634E+03   0.18474E+01   0.27236E+22
   0.28005E+04   0.97673E+03   0.18479E+01   0.27243E+22
   0.28016E+04   0.97712E+03   0.18484E+01   0.27250E+22
   0.28026E+04   0.97751E+03   0.18489E+01   0.27257E+22
   0.28036E+04   0.97790E+03   0.18494E+01   0.27263E+22
   0.28046E+04   0.97829E+03   0.18499E+01   0.27270E+22
   0.28056E+04   0.97868E+03   0.18504E+01   0.27277E+22
   0.28067E+04   0.97907E+03   0.18509E+01   0.27284E+22
   0.28077E+04   0.97947E+03   0.18514E+01   0.27291E+22
   0.28087E+04   0.97986E+03   0.18519E+01   0.27298E+22
   0.28097E+04   0.98025E+03   0.18524E+01   0.27305E+22
   0.28108E+04   0.98064E+03   0.18529E+01   0.27312E+22
   0.28118E+04   0.98103E+03   0.18534E+01   0.27319E+22
   0.28128E+04   0.98142E+03   0.18539E+01   0.27325E+22
   0.28138E+04   0.98181E+03   0.18544E+01   0.27332E+22
   0.28148E+04   0.98220E+03   0.18549E+01   0.27339E+22
   0.28159E+04   0.98259E+03   0.18554E+01   0.27346E+22
   0.28169E+04   0.98298E+03   0.18559E+01   0.27353E+22
   0.28179E+04   0.98338E+03   0.18564E+01   0.27360E+22
   0.28189E+04   0.98377E+03   0.18569E+01   0.27367E+22
   0.28200E+04   0.98416E+03   0.18574E+01   0.27374E+22
   0.28210E+04   0.98455E+03   0.18579E+01   0.27381E+22
   0.28220E+04   0.98494E+03   0.18584E+01   0.27388E+22
   0.28230E+04   0.98533E+03   0.18589E+01   0.27394E+22
   0.28241E+04   0.98572E+03   0.18594E+01   0.27401E+22
   0.28251E+04   0.98612E+03   0.18599E+01   0.27408E+22
   0.28261E+04   0.98651E+03   0.18604E+01   0.27415E+22
   0.28271E+04   0.98690E+03   0.18609E+01   0.27422E+22
   0.28282E+04   0.98729E+03   0.18614E+01   0.27429E+22
   0.28292E+04   0.98768E+03   0.18619E+01   0.27436E+22
   0.28302E+04   0.98807E+03   0.18624E+01   0.27443E+22
   0.28312E+04   0.98846E+03   0.18629E+01   0.27450E+22
   0.28323E+04   0.98886E+03   0.18634E+01   0.27456E+22
   0.28333E+04   0.98925E+03   0.18639E+01   0.27463E+22
   0.28343E+04   0.98964E+03   0.18644E+01   0.27470E+22
   0.28353E+04   0.99003E+03   0.18649E+01   0.27477E+22
   0.28364E+04   0.99042E+03   0.18654E+01   0.27484E+22
   0.28374E+04   0.99082E+03   0.18659E+01   0.27491E+22
   0.28384E+04   0.99121E+03   0.18664E+01   0.27498E+22
   0.28394E+04   0.99160E+03   0.18669E+01   0.27505E+22
   0.28405E+04   0.99199E+03   0.18674E+01   0.27512E+22
   0.28415E+04   0.99238E+03   0.18679E+01   0.27519E+22
   0.28425E+04   0.99277E+03   0.18684E+01   0.27525E+22
   0.28435E+04   0.99317E+03   0.18689E+01   0.27532E+22
   0.28446E+04   0.99356E+03   0.18694E+01   0.27539E+22
   0.28456E+04   0.99395E+03   0.18699E+01   0.27546E+22
   0.28466E+04   0.99434E+03   0.18704E+01   0.27553E+22
   0.28477E+04   0.99474E+03   0.18709E+01   0.27560E+22
   0.28487E+04   0.99513E+03   0.18714E+01   0.27567E+22
   0.28497E+04   0.99552E+03   0.18719E+01   0.27574E+22
   0.28507E+04   0.99591E+03   0.18724E+01   0.27581E+22
   0.28518E+04   0.99630E+03   0.18729E+01   0.27588E+22
   0.28528E+04   0.99670E+03   0.18734E+01   0.27594E+22
   0.28538E+04   0.99709E+03   0.18739E+01   0.27601E+22
   0.28548E+04   0.99748E+03   0.18744E+01   0.27608E+22
   0.28559E+04   0.99787E+03   0.18749E+01   0.27615E+22
   0.28569E+04   0.99827E+03   0.18754E+01   0.27622E+22
   0.28579E+04   0.99866E+03   0.18759E+01   0.27629E+22
   0.28590E+04   0.99905E+03   0.18764E+01   0.27636E+22
   0.28600E+04   0.99944E+03   0.18769E+01   0.27643E+22
   0.28610E+04   0.99984E+03   0.18774E+01   0.27650E+22
   0.28620E+04   0.10002E+04   0.18779E+01   0.27657E+22
   0.28631E+04   0.10006E+04   0.18784E+01   0.27663E+22
   0.28641E+04   0.10010E+04   0.18789E+01   0.27670E+22
   0.28651E+04   0.10014E+04   0.18794E+01   0.27677E+22
   0.28662E+04   0.10018E+04   0.18799E+01   0.27684E+22
   0.28672E+04   0.10022E+04   0.18804E+01   0.27691E+22
   0.28682E+04   0.10026E+04   0.18809E+01   0.27698E+22
   0.28692E+04   0.10030E+04   0.18814E+01   0.27705E+22
   0.28703E+04   0.10034E+04   0.18819E+01   0.27712E+22
   0.28713E+04   0.10038E+04   0.18824E+01   0.27719E+22
   0.28723E+04   0.10042E+04   0.18829E+01   0.27726E+22
   0.28734E+04   0.10045E+04   0.18834E+01   0.27732E+22
   0.28744E+04   0.10049E+04   0.18839E+01   0.27739E+22
   0.28754E+04   0.10053E+04   0.18844E+01   0.27746E+22
   0.28764E+04   0.10057E+04   0.18849E+01   0.27753E+22
   0.28775E+04   0.10061E+04   0.18854E+01   0.27760E+22
   0.28785E+04   0.10065E+04   0.18859E+01   0.27767E+22
   0.28795E+04   0.10069E+04   0.18864E+01   0.27774E+22
   0.28806E+04   0.10073E+04   0.18869E+01   0.27781E+22
   0.28816E+04   0.10077E+04   0.18874E+01   0.27788E+22
   0.28826E+04   0.10081E+04   0.18879E+01   0.27795E+22
   0.28837E+04   0.10085E+04   0.18884E+01   0.27801E+22
   0.28847E+04   0.10089E+04   0.18889E+01   0.27808E+22
   0.28857E+04   0.10093E+04   0.18894E+01   0.27815E+22
   0.28868E+04   0.10097E+04   0.18899E+01   0.27822E+22
   0.28878E+04   0.10101E+04   0.18904E+01   0.27829E+22
   0.28888E+04   0.10104E+04   0.18909E+01   0.27836E+22
   0.28898E+04   0.10108E+04   0.18914E+01   0.27843E+22
   0.28909E+04   0.10112E+04   0.18919E+01   0.27850E+22
   0.28919E+04   0.10116E+04   0.18924E+01   0.27857E+22
   0.28929E+04   0.10120E+04   0.18929E+01   0.27864E+22
   0.28940E+04   0.10124E+04   0.18934E+01   0.27870E+22
   0.28950E+04   0.10128E+04   0.18939E+01   0.27877E+22
   0.28960E+04   0.10132E+04   0.18944E+01   0.27884E+22
   0.28971E+04   0.10136E+04   0.18949E+01   0.27891E+22
   0.28981E+04   0.10140E+04   0.18954E+01   0.27898E+22
   0.28991E+04   0.10144E+04   0.18959E+01   0.27905E+22
   0.29002E+04   0.10148E+04   0.18964E+01   0.27912E+22
   0.29012E+04   0.10152E+04   0.18969E+01   0.27919E+22
   0.29022E+04   0.10156E+04   0.18974E+01   0.27926E+22
   0.29033E+04   0.10160E+04   0.18979E+01   0.27933E+22
   0.29043E+04   0.10164E+04   0.18984E+01   0.27940E+22
   0.29053E+04   0.10167E+04   0.18989E+01   0.27946E+22
   0.29064E+04   0.10171E+04   0.18994E+01   0.27953E+22
   0.29074E+04   0.10175E+04   0.18999E+01   0.27960E+22
   0.29084E+04   0.10179E+04   0.19004E+01   0.27967E+22
   0.29095E+04   0.10183E+04   0.19009E+01   0.27974E+22
   0.29105E+04   0.10187E+04   0.19014E+01   0.27981E+22
   0.29115E+04   0.10191E+04   0.19019E+01   0.27988E+22
   0.29126E+04   0.10195E+04   0.19024E+01   0.27995E+22
   0.29136E+04   0.10199E+04   0.19029E+01   0.28002E+22
   0.29146E+04   0.10203E+04   0.19034E+01   0.28009E+22
   0.29157E+04   0.10207E+04   0.19039E+01   0.28015E+22
   0.29167E+04   0.10211E+04   0.19044E+01   0.28022E+22
   0.29177E+04   0.10215E+04   0.19049E+01   0.28029E+22
   0.29188E+04   0.10219E+04   0.19054E+01   0.28036E+22
   0.29198E+04   0.10223E+04   0.19059E+01   0.28043E+22
   0.29208E+04   0.10227E+04   0.19064E+01   0.28050E+22
   0.29219E+04   0.10231E+04   0.19069E+01   0.28057E+22
   0.29229E+04   0.10235E+04   0.19074E+01   0.28064E+22
   0.29239E+04   0.10238E+04   0.19079E+01   0.28071E+22
   0.29250E+04   0.10242E+04   0.19084E+01   0.28078E+22
   0.29260E+04   0.10246E+04   0.19089E+01   0.28085E+22
   0.29270E+04   0.10250E+04   0.19094E+01   0.28091E+22
   0.29281E+04   0.10254E+04   0.19099E+01   0.28098E+22
   0.29291E+04   0.10258E+04   0.19104E+01   0.28105E+22
   0.29301E+04   0.10262E+04   0.19109E+01   0.28112E+22
   0.29312E+04   0.10266E+04   0.19114E+01   0.28119E+22
   0.29322E+04   0.10270E+04   0.19119E+01   0.28126E+22
   0.29332E+04   0.10274E+04   0.19124E+01   0.28133E+22
   0.29343E+04   0.10278E+04   0.19129E+01   0.28140E+22
   0.29353E+04   0.10282E+04   0.19134E+01   0.28147E+22
   0.29364E+04   0.10286E+04   0.19139E+01   0.28154E+22
   0.29374E+04   0.10290E+04   0.19144E+01   0.28160E+22
   0.29384E+04   0.10294E+04   0.19149E+01   0.28167E+22
   0.29395E+04   0.10298E+04   0.19154E+01   0.28174E+22
   0.29405E+04   0.10302E+04   0.19159E+01   0.28181E+22
   0.29415E+04   0.10306E+04   0.19164E+01   0.28188E+22
   0.29426E+04   0.10310E+04   0.19169E+01   0.28195E+22
   0.29436E+04   0.10313E+04   0.19174E+01   0.28202E+22
   0.29446E+04   0.10317E+04   0.19179E+01   0.28209E+22
   0.29457E+04   0.10321E+04   0.19184E+01   0.28216E+22
   0.29467E+04   0.10325E+04   0.19189E+01   0.28223E+22
   0.29478E+04   0.10329E+04   0.19194E+01   0.28230E+22
   0.29488E+04   0.10333E+04   0.19199E+01   0.28236E+22
   0.29498E+04   0.10337E+04   0.19204E+01   0.28243E+22
   0.29509E+04   0.10341E+04   0.19209E+01   0.28250E+22
   0.29519E+04   0.10345E+04   0.19214E+01   0.28257E+22
   0.29529E+04   0.10349E+04   0.19219E+01   0.28264E+22
   0.29540E+04   0.10353E+04   0.19224E+01   0.28271E+22
   0.29550E+04   0.10357E+04   0.19229E+01   0.28278E+22
   0.29561E+04   0.10361E+04   0.19234E+01   0.28285E+22
   0.29571E+04   0.10365E+04   0.19239E+01   0.28292E+22
   0.29581E+04   0.10369E+04   0.19244E+01   0.28299E+22
   0.29592E+04   0.10373E+04   0.19249E+01   0.28306E+22
   0.29602E+04   0.10377E+04   0.19254E+01   0.28312E+22
   0.29612E+04   0.10381E+04   0.19259E+01   0.28319E+22
   0.29623E+04   0.10385E+04   0.19264E+01   0.28326E+22
   0.29633E+04   0.10389E+04   0.19269E+01   0.28333E+22
   0.29644E+04   0.10393E+04   0.19274E+01   0.28340E+22
   0.29654E+04   0.10397E+04   0.19279E+01   0.28347E+22
   0.29664E+04   0.10401E+04   0.19284E+01   0.28354E+22
   0.29675E+04   0.10404E+04   0.19289E+01   0.28361E+22
   0.29685E+04   0.10408E+04   0.19294E+01   0.28368E+22
   0.29696E+04   0.10412E+04   0.19299E+01   0.28375E+22
   0.29706E+04   0.10416E+04   0.19304E+01   0.28382E+22
   0.29716E+04   0.10420E+04   0.19309E+01   0.28388E+22
   0.29727E+04   0.10424E+04   0.19314E+01   0.28395E+22
   0.29737E+04   0.10428E+04   0.19319E+01   0.28402E+22
   0.29747E+04   0.10432E+04   0.19324E+01   0.28409E+22
   0.29758E+04   0.10436E+04   0.19329E+01   0.28416E+22
   0.29768E+04   0.10440E+04   0.19334E+01   0.28423E+22
   0.29779E+04   0.10444E+04   0.19339E+01   0.28430E+22
   0.29789E+04   0.10448E+04   0.19344E+01   0.28437E+22
   0.29799E+04   0.10452E+04   0.19349E+01   0.28444E+22
   0.29810E+04   0.10456E+04   0.19354E+01   0.28451E+22
   0.29820E+04   0.10460E+04   0.19359E+01   0.28458E+22
   0.29831E+04   0.10464E+04   0.19364E+01   0.28464E+22
   0.29841E+04   0.10468E+04   0.19369E+01   0.28471E+22
   0.29851E+04   0.10472E+04   0.19374E+01   0.28478E+22
   0.29862E+04   0.10476E+04   0.19379E+01   0.28485E+22
   0.29872E+04   0.10480E+04   0.19384E+01   0.28492E+22
   0.29883E+04   0.10484E+04   0.19389E+01   0.28499E+22
   0.29893E+04   0.10488E+04   0.19394E+01   0.28506E+22
   0.29904E+04   0.10492E+04   0.19399E+01   0.28513E+22
   0.29914E+04   0.10496E+04   0.19404E+01   0.28520E+22
   0.29924E+04   0.10500E+04   0.19409E+01   0.28527E+22
   0.29935E+04   0.10504E+04   0.19414E+01   0.28534E+22
   0.29945E+04   0.10508E+04   0.19419E+01   0.28540E+22
   0.29956E+04   0.10512E+04   0.19424E+01   0.28547E+22
   0.29966E+04   0.10515E+04   0.19429E+01   0.28554E+22
   0.29976E+04   0.10519E+04   0.19434E+01   0.28561E+22
   0.29987E+04   0.10523E+04   0.19439E+01   0.28568E+22
   0.29997E+04   0.10527E+04   0.19444E+01   0.28575E+22
   0.30008E+04   0.10531E+04   0.19449E+01   0.28582E+22
   0.30018E+04   0.10535E+04   0.19454E+01   0.28589E+22
   0.30029E+04   0.10539E+04   0.19459E+01   0.28596E+22
   0.30039E+04   0.10543E+04   0.19464E+01   0.28603E+22
   0.30049E+04   0.10547E+04   0.19469E+01   0.28610E+22
   0.30060E+04   0.10551E+04   0.19474E+01   0.28616E+22
   0.30070E+04   0.10555E+04   0.19479E+01   0.28623E+22
   0.30081E+04   0.10559E+04   0.19484E+01   0.28630E+22
   0.30091E+04   0.10563E+04   0.19489E+01   0.28637E+22
   0.30102E+04   0.10567E+04   0.19494E+01   0.28644E+22
   0.30112E+04   0.10571E+04   0.19499E+01   0.28651E+22
   0.30122E+04   0.10575E+04   0.19504E+01   0.28658E+22
   0.30133E+04   0.10579E+04   0.19509E+01   0.28665E+22
   0.30143E+04   0.10583E+04   0.19514E+01   0.28672E+22
   0.30154E+04   0.10587E+04   0.19519E+01   0.28679E+22
   0.30164E+04   0.10591E+04   0.19524E+01   0.28686E+22
   0.30175E+04   0.10595E+04   0.19529E+01   0.28693E+22
   0.30185E+04   0.10599E+04   0.19534E+01   0.28699E+22
   0.30195E+04   0.10603E+04   0.19539E+01   0.28706E+22
   0.30206E+04   0.10607E+04   0.19544E+01   0.28713E+22
   0.30216E+04   0.10611E+04   0.19549E+01   0.28720E+22
   0.30227E+04   0.10615E+04   0.19554E+01   0.28727E+22
   0.30237E+04   0.10619E+04   0.19559E+01   0.28734E+22
   0.30248E+04   0.10623E+04   0.19564E+01   0.28741E+22
   0.30258E+04   0.10627E+04   0.19569E+01   0.28748E+22
   0.30269E+04   0.10631E+04   0.19574E+01   0.28755E+22
   0.30279E+04   0.10635E+04   0.19579E+01   0.28762E+22
   0.30289E+04   0.10639E+04   0.19584E+01   0.28769E+22
   0.30300E+04   0.10643E+04   0.19589E+01   0.28775E+22
   0.30310E+04   0.10647E+04   0.19594E+01   0.28782E+22
   0.30321E+04   0.10651E+04   0.19599E+01   0.28789E+22
   0.30331E+04   0.10655E+04   0.19604E+01   0.28796E+22
   0.30342E+04   0.10659E+04   0.19609E+01   0.28803E+22
   0.30352E+04   0.10663E+04   0.19614E+01   0.28810E+22
   0.30363E+04   0.10667E+04   0.19619E+01   0.28817E+22
   0.30373E+04   0.10670E+04   0.19624E+01   0.28824E+22
   0.30384E+04   0.10674E+04   0.19629E+01   0.28831E+22
   0.30394E+04   0.10678E+04   0.19634E+01   0.28838E+22
   0.30404E+04   0.10682E+04   0.19639E+01   0.28845E+22
   0.30415E+04   0.10686E+04   0.19644E+01   0.28852E+22
   0.30425E+04   0.10690E+04   0.19649E+01   0.28858E+22
   0.30436E+04   0.10694E+04   0.19654E+01   0.28865E+22
   0.30446E+04   0.10698E+04   0.19659E+01   0.28872E+22
   0.30457E+04   0.10702E+04   0.19664E+01   0.28879E+22
   0.30467E+04   0.10706E+04   0.19669E+01   0.28886E+22
   0.30478E+04   0.10710E+04   0.19674E+01   0.28893E+22
   0.30488E+04   0.10714E+04   0.19679E+01   0.28900E+22
   0.30499E+04   0.10718E+04   0.19684E+01   0.28907E+22
   0.30509E+04   0.10722E+04   0.19689E+01   0.28914E+22
   0.30520E+04   0.10726E+04   0.19694E+01   0.28921E+22
   0.30530E+04   0.10730E+04   0.19699E+01   0.28928E+22
   0.30541E+04   0.10734E+04   0.19704E+01   0.28935E+22
   0.30551E+04   0.10738E+04   0.19709E+01   0.28941E+22
   0.30561E+04   0.10742E+04   0.19714E+01   0.28948E+22
   0.30572E+04   0.10746E+04   0.19719E+01   0.28955E+22
   0.30582E+04   0.10750E+04   0.19724E+01   0.28962E+22
   0.30593E+04   0.10754E+04   0.19729E+01   0.28969E+22
   0.30603E+04   0.10758E+04   0.19734E+01   0.28976E+22
   0.30614E+04   0.10762E+04   0.19739E+01   0.28983E+22
   0.30624E+04   0.10766E+04   0.19744E+01   0.28990E+22
   0.30635E+04   0.10770E+04   0.19749E+01   0.28997E+22
   0.30645E+04   0.10774E+04   0.19754E+01   0.29004E+22
   0.30656E+04   0.10778E+04   0.19759E+01   0.29011E+22
   0.30666E+04   0.10782E+04   0.19764E+01   0.29017E+22
   0.30677E+04   0.10786E+04   0.19769E+01   0.29024E+22
   0.30687E+04   0.10790E+04   0.19774E+01   0.29031E+22
   0.30698E+04   0.10794E+04   0.19779E+01   0.29038E+22
   0.30708E+04   0.10798E+04   0.19784E+01   0.29045E+22
   0.30719E+04   0.10802E+04   0.19789E+01   0.29052E+22
   0.30729E+04   0.10806E+04   0.19794E+01   0.29059E+22
   0.30740E+04   0.10810E+04   0.19799E+01   0.29066E+22
   0.30750E+04   0.10814E+04   0.19804E+01   0.29073E+22
   0.30761E+04   0.10818E+04   0.19809E+01   0.29080E+22
   0.30771E+04   0.10822E+04   0.19814E+01   0.29087E+22
   0.30782E+04   0.10826E+04   0.19819E+01   0.29094E+22
   0.30792E+04   0.10830E+04   0.19824E+01   0.29101E+22
   0.30803E+04   0.10834E+04   0.19829E+01   0.29107E+22
   0.30813E+04   0.10838E+04   0.19834E+01   0.29114E+22
   0.30824E+04   0.10842E+04   0.19839E+01   0.29121E+22
   0.30834E+04   0.10846E+04   0.19844E+01   0.29128E+22
   0.30845E+04   0.10850E+04   0.19849E+01   0.29135E+22
   0.30855E+04   0.10854E+04   0.19854E+01   0.29142E+22
   0.30866E+04   0.10858E+04   0.19859E+01   0.29149E+22
   0.30876E+04   0.10862E+04   0.19864E+01   0.29156E+22
   0.30887E+04   0.10866E+04   0.19869E+01   0.29163E+22
   0.30897E+04   0.10870E+04   0.19874E+01   0.29170E+22
   0.30908E+04   0.10874E+04   0.19879E+01   0.29177E+22
   0.30918E+04   0.10878E+04   0.19884E+01   0.29184E+22
   0.30929E+04   0.10882E+04   0.19889E+01   0.29190E+22
   0.30939E+04   0.10886E+04   0.19894E+01   0.29197E+22
   0.30950E+04   0.10890E+04   0.19899E+01   0.29204E+22
   0.30960E+04   0.10894E+04   0.19904E+01   0.29211E+22
   0.30971E+04   0.10898E+04   0.19909E+01   0.29218E+22
   0.30981E+04   0.10902E+04   0.19914E+01   0.29225E+22
   0.30992E+04   0.10906E+04   0.19919E+01   0.29232E+22
   0.31002E+04   0.10910E+04   0.19924E+01   0.29239E+22
   0.31013E+04   0.10914E+04   0.19929E+01   0.29246E+22
   0.31023E+04   0.10918E+04   0.19934E+01   0.29253E+22
   0.31034E+04   0.10922E+04   0.19939E+01   0.29260E+22
   0.31044E+04   0.10926E+04   0.19944E+01   0.29267E+22
   0.31055E+04   0.10930E+04   0.19949E+01   0.29273E+22
   0.31065E+04   0.10934E+04   0.19954E+01   0.29280E+22
   0.31076E+04   0.10938E+04   0.19959E+01   0.29287E+22
   0.31087E+04   0.10942E+04   0.19964E+01   0.29294E+22
   0.31097E+04   0.10946E+04   0.19969E+01   0.29301E+22
   0.31108E+04   0.10950E+04   0.19974E+01   0.29308E+22
   0.31118E+04   0.10954E+04   0.19979E+01   0.29315E+22
   0.31129E+04   0.10958E+04   0.19984E+01   0.29322E+22
   0.31139E+04   0.10962E+04   0.19989E+01   0.29329E+22
   0.31150E+04   0.10966E+04   0.19994E+01   0.29336E+22
   0.31160E+04   0.10970E+04   0.19999E+01   0.29343E+22
   0.31171E+04   0.10974E+04   0.20004E+01   0.29350E+22
   0.31181E+04   0.10978E+04   0.20009E+01   0.29356E+22
   0.31192E+04   0.10982E+04   0.20014E+01   0.29363E+22
   0.31202E+04   0.10986E+04   0.20019E+01   0.29370E+22
   0.31213E+04   0.10990E+04   0.20024E+01   0.29377E+22
   0.31223E+04   0.10994E+04   0.20029E+01   0.29384E+22
   0.31234E+04   0.10998E+04   0.20034E+01   0.29391E+22
   0.31245E+04   0.11002E+04   0.20039E+01   0.29398E+22
   0.31255E+04   0.11006E+04   0.20044E+01   0.29405E+22
   0.31266E+04   0.11010E+04   0.20049E+01   0.29412E+22
   0.31276E+04   0.11014E+04   0.20054E+01   0.29419E+22
   0.31287E+04   0.11018E+04   0.20059E+01   0.29426E+22
   0.31297E+04   0.11022E+04   0.20064E+01   0.29433E+22
   0.31308E+04   0.11026E+04   0.20069E+01   0.29440E+22
   0.31318E+04   0.11030E+04   0.20074E+01   0.29446E+22
   0.31329E+04   0.11034E+04   0.20079E+01   0.29453E+22
   0.31339E+04   0.11038E+04   0.20084E+01   0.29460E+22
   0.31350E+04   0.11042E+04   0.20089E+01   0.29467E+22
   0.31361E+04   0.11046E+04   0.20094E+01   0.29474E+22
   0.31371E+04   0.11050E+04   0.20099E+01   0.29481E+22
   0.31382E+04   0.11054E+04   0.20104E+01   0.29488E+22
   0.31392E+04   0.11058E+04   0.20109E+01   0.29495E+22
   0.31403E+04   0.11062E+04   0.20114E+01   0.29502E+22
   0.31413E+04   0.11066E+04   0.20119E+01   0.29509E+22
   0.31424E+04   0.11070E+04   0.20124E+01   0.29516E+22
   0.31434E+04   0.11074E+04   0.20129E+01   0.29523E+22
   0.31445E+04   0.11078E+04   0.20134E+01   0.29530E+22
   0.31456E+04   0.11082E+04   0.20139E+01   0.29536E+22
   0.31466E+04   0.11086E+04   0.20144E+01   0.29543E+22
   0.31477E+04   0.11090E+04   0.20149E+01   0.29550E+22
   0.31487E+04   0.11094E+04   0.20154E+01   0.29557E+22
   0.31498E+04   0.11098E+04   0.20159E+01   0.29564E+22
   0.31508E+04   0.11102E+04   0.20164E+01   0.29571E+22
   0.31519E+04   0.11106E+04   0.20169E+01   0.29578E+22
   0.31529E+04   0.11110E+04   0.20174E+01   0.29585E+22
   0.31540E+04   0.11114E+04   0.20179E+01   0.29592E+22
   0.31551E+04   0.11118E+04   0.20184E+01   0.29599E+22
   0.31561E+04   0.11122E+04   0.20189E+01   0.29606E+22
   0.31572E+04   0.11126E+04   0.20194E+01   0.29613E+22
   0.31582E+04   0.11130E+04   0.20199E+01   0.29620E+22
   0.31593E+04   0.11134E+04   0.20204E+01   0.29626E+22
   0.31603E+04   0.11138E+04   0.20209E+01   0.29633E+22
   0.31614E+04   0.11142E+04   0.20214E+01   0.29640E+22
   0.31625E+04   0.11147E+04   0.20219E+01   0.29647E+22
   0.31635E+04   0.11151E+04   0.20224E+01   0.29654E+22
   0.31646E+04   0.11155E+04   0.20229E+01   0.29661E+22
   0.31656E+04   0.11159E+04   0.20234E+01   0.29668E+22
   0.31667E+04   0.11163E+04   0.20239E+01   0.29675E+22
   0.31678E+04   0.11167E+04   0.20244E+01   0.29682E+22
   0.31688E+04   0.11171E+04   0.20249E+01   0.29689E+22
   0.31699E+04   0.11175E+04   0.20254E+01   0.29696E+22
   0.31709E+04   0.11179E+04   0.20259E+01   0.29703E+22
   0.31720E+04   0.11183E+04   0.20264E+01   0.29710E+22
   0.31730E+04   0.11187E+04   0.20269E+01   0.29716E+22
   0.31741E+04   0.11191E+04   0.20274E+01   0.29723E+22
   0.31752E+04   0.11195E+04   0.20279E+01   0.29730E+22
   0.31762E+04   0.11199E+04   0.20284E+01   0.29737E+22
   0.31773E+04   0.11203E+04   0.20289E+01   0.29744E+22
   0.31783E+04   0.11207E+04   0.20294E+01   0.29751E+22
   0.31794E+04   0.11211E+04   0.20299E+01   0.29758E+22
   0.31805E+04   0.11215E+04   0.20304E+01   0.29765E+22
   0.31815E+04   0.11219E+04   0.20309E+01   0.29772E+22
   0.31826E+04   0.11223E+04   0.20314E+01   0.29779E+22
   0.31836E+04   0.11227E+04   0.20319E+01   0.29786E+22
   0.31847E+04   0.11231E+04   0.20324E+01   0.29793E+22
   0.31858E+04   0.11235E+04   0.20329E+01   0.29800E+22
   0.31868E+04   0.11239E+04   0.20334E+01   0.29806E+22
   0.31879E+04   0.11243E+04   0.20339E+01   0.29813E+22
   0.31889E+04   0.11247E+04   0.20344E+01   0.29820E+22
   0.31900E+04   0.11251E+04   0.20349E+01   0.29827E+22
   0.31911E+04   0.11255E+04   0.20354E+01   0.29834E+22
   0.31921E+04   0.11259E+04   0.20359E+01   0.29841E+22
   0.31932E+04   0.11263E+04   0.20364E+01   0.29848E+22
   0.31942E+04   0.11267E+04   0.20369E+01   0.29855E+22
   0.31953E+04   0.11271E+04   0.20374E+01   0.29862E+22
   0.31964E+04   0.11275E+04   0.20379E+01   0.29869E+22
   0.31974E+04   0.11279E+04   0.20384E+01   0.29876E+22
   0.31985E+04   0.11283E+04   0.20389E+01   0.29883E+22
   0.31995E+04   0.11287E+04   0.20394E+01   0.29890E+22
   0.32006E+04   0.11291E+04   0.20399E+01   0.29896E+22
   0.32017E+04   0.11295E+04   0.20404E+01   0.29903E+22
   0.32027E+04   0.11299E+04   0.20409E+01   0.29910E+22
   0.32038E+04   0.11303E+04   0.20414E+01   0.29917E+22
   0.32049E+04   0.11307E+04   0.20419E+01   0.29924E+22
   0.32059E+04   0.11312E+04   0.20424E+01   0.29931E+22
   0.32070E+04   0.11316E+04   0.20429E+01   0.29938E+22
   0.32080E+04   0.11320E+04   0.20434E+01   0.29945E+22
   0.32091E+04   0.11324E+04   0.20439E+01   0.29952E+22
   0.32102E+04   0.11328E+04   0.20444E+01   0.29959E+22
   0.32112E+04   0.11332E+04   0.20449E+01   0.29966E+22
   0.32123E+04   0.11336E+04   0.20454E+01   0.29973E+22
   0.32133E+04   0.11340E+04   0.20459E+01   0.29980E+22
   0.32144E+04   0.11344E+04   0.20464E+01   0.29987E+22
   0.32155E+04   0.11348E+04   0.20469E+01   0.29993E+22
   0.32165E+04   0.11352E+04   0.20474E+01   0.30000E+22
   0.32176E+04   0.11356E+04   0.20479E+01   0.30007E+22
   0.32187E+04   0.11360E+04   0.20484E+01   0.30014E+22
   0.32197E+04   0.11364E+04   0.20489E+01   0.30021E+22
   0.32208E+04   0.11368E+04   0.20494E+01   0.30028E+22
   0.32219E+04   0.11372E+04   0.20499E+01   0.30035E+22
   0.32229E+04   0.11376E+04   0.20504E+01   0.30042E+22
   0.32240E+04   0.11380E+04   0.20509E+01   0.30049E+22
   0.32250E+04   0.11384E+04   0.20514E+01   0.30056E+22
   0.32261E+04   0.11388E+04   0.20519E+01   0.30063E+22
   0.32272E+04   0.11392E+04   0.20524E+01   0.30070E+22
   0.32282E+04   0.11396E+04   0.20529E+01   0.30077E+22
   0.32293E+04   0.11400E+04   0.20534E+01   0.30083E+22
   0.32304E+04   0.11404E+04   0.20539E+01   0.30090E+22
   0.32314E+04   0.11408E+04   0.20544E+01   0.30097E+22
   0.32325E+04   0.11412E+04   0.20549E+01   0.30104E+22
   0.32336E+04   0.11416E+04   0.20554E+01   0.30111E+22
   0.32346E+04   0.11420E+04   0.20559E+01   0.30118E+22
   0.32357E+04   0.11425E+04   0.20564E+01   0.30125E+22
   0.32367E+04   0.11429E+04   0.20569E+01   0.30132E+22
   0.32378E+04   0.11433E+04   0.20574E+01   0.30139E+22
   0.32389E+04   0.11437E+04   0.20579E+01   0.30146E+22
   0.32399E+04   0.11441E+04   0.20584E+01   0.30153E+22
   0.32410E+04   0.11445E+04   0.20589E+01   0.30160E+22
   0.32421E+04   0.11449E+04   0.20594E+01   0.30167E+22
   0.32431E+04   0.11453E+04   0.20599E+01   0.30174E+22
   0.32442E+04   0.11457E+04   0.20604E+01   0.30180E+22
   0.32453E+04   0.11461E+04   0.20609E+01   0.30187E+22
   0.32463E+04   0.11465E+04   0.20614E+01   0.30194E+22
   0.32474E+04   0.11469E+04   0.20619E+01   0.30201E+22
   0.32485E+04   0.11473E+04   0.20624E+01   0.30208E+22
   0.32495E+04   0.11477E+04   0.20629E+01   0.30215E+22
   0.32506E+04   0.11481E+04   0.20634E+01   0.30222E+22
   0.32517E+04   0.11485E+04   0.20639E+01   0.30229E+22
   0.32527E+04   0.11489E+04   0.20644E+01   0.30236E+22
   0.32538E+04   0.11493E+04   0.20649E+01   0.30243E+22
   0.32549E+04   0.11497E+04   0.20654E+01   0.30250E+22
   0.32559E+04   0.11501E+04   0.20659E+01   0.30257E+22
   0.32570E+04   0.11505E+04   0.20664E+01   0.30264E+22
   0.32581E+04   0.11509E+04   0.20669E+01   0.30271E+22
   0.32591E+04   0.11513E+04   0.20674E+01   0.30277E+22
   0.32602E+04   0.11518E+04   0.20679E+01   0.30284E+22
   0.32613E+04   0.11522E+04   0.20684E+01   0.30291E+22
   0.32623E+04   0.11526E+04   0.20689E+01   0.30298E+22
   0.32634E+04   0.11530E+04   0.20694E+01   0.30305E+22
   0.32645E+04   0.11534E+04   0.20699E+01   0.30312E+22
   0.32655E+04   0.11538E+04   0.20704E+01   0.30319E+22
   0.32666E+04   0.11542E+04   0.20709E+01   0.30326E+22
   0.32677E+04   0.11546E+04   0.20714E+01   0.30333E+22
   0.32687E+04   0.11550E+04   0.20719E+01   0.30340E+22
   0.32698E+04   0.11554E+04   0.20724E+01   0.30347E+22
   0.32709E+04   0.11558E+04   0.20729E+01   0.30354E+22
   0.32719E+04   0.11562E+04   0.20734E+01   0.30361E+22
   0.32730E+04   0.11566E+04   0.20739E+01   0.30368E+22
   0.32741E+04   0.11570E+04   0.20744E+01   0.30375E+22
   0.32751E+04   0.11574E+04   0.20749E+01   0.30381E+22
   0.32762E+04   0.11578E+04   0.20754E+01   0.30388E+22
   0.32773E+04   0.11582E+04   0.20759E+01   0.30395E+22
   0.32783E+04   0.11586E+04   0.20764E+01   0.30402E+22
   0.32794E+04   0.11590E+04   0.20769E+01   0.30409E+22
   0.32805E+04   0.11594E+04   0.20774E+01   0.30416E+22
   0.32815E+04   0.11599E+04   0.20779E+01   0.30423E+22
   0.32826E+04   0.11603E+04   0.20784E+01   0.30430E+22
   0.32837E+04   0.11607E+04   0.20789E+01   0.30437E+22
   0.32848E+04   0.11611E+04   0.20794E+01   0.30444E+22
   0.32858E+04   0.11615E+04   0.20799E+01   0.30451E+22
   0.32869E+04   0.11619E+04   0.20804E+01   0.30458E+22
   0.32880E+04   0.11623E+04   0.20809E+01   0.30465E+22
   0.32890E+04   0.11627E+04   0.20814E+01   0.30472E+22
   0.32901E+04   0.11631E+04   0.20819E+01   0.30478E+22
   0.32912E+04   0.11635E+04   0.20824E+01   0.30485E+22
   0.32922E+04   0.11639E+04   0.20829E+01   0.30492E+22
   0.32933E+04   0.11643E+04   0.20834E+01   0.30499E+22
   0.32944E+04   0.11647E+04   0.20839E+01   0.30506E+22
   0.32954E+04   0.11651E+04   0.20844E+01   0.30513E+22
   0.32965E+04   0.11655E+04   0.20849E+01   0.30520E+22
   0.32976E+04   0.11659E+04   0.20854E+01   0.30527E+22
   0.32987E+04   0.11663E+04   0.20859E+01   0.30534E+22
   0.32997E+04   0.11667E+04   0.20864E+01   0.30541E+22
   0.33008E+04   0.11672E+04   0.20869E+01   0.30548E+22
   0.33019E+04   0.11676E+04   0.20874E+01   0.30555E+22
   0.33029E+04   0.11680E+04   0.20879E+01   0.30562E+22
   0.33040E+04   0.11684E+04   0.20884E+01   0.30569E+22
   0.33051E+04   0.11688E+04   0.20889E+01   0.30576E+22
   0.33062E+04   0.11692E+04   0.20894E+01   0.30582E+22
   0.33072E+04   0.11696E+04   0.20899E+01   0.30589E+22
   0.33083E+04   0.11700E+04   0.20904E+01   0.30596E+22
   0.33094E+04   0.11704E+04   0.20909E+01   0.30603E+22
   0.33104E+04   0.11708E+04   0.20914E+01   0.30610E+22
   0.33115E+04   0.11712E+04   0.20919E+01   0.30617E+22
   0.33126E+04   0.11716E+04   0.20924E+01   0.30624E+22
   0.33137E+04   0.11720E+04   0.20929E+01   0.30631E+22
   0.33147E+04   0.11724E+04   0.20934E+01   0.30638E+22
   0.33158E+04   0.11728E+04   0.20939E+01   0.30645E+22
   0.33169E+04   0.11732E+04   0.20944E+01   0.30652E+22
   0.33179E+04   0.11737E+04   0.20949E+01   0.30659E+22
   0.33190E+04   0.11741E+04   0.20954E+01   0.30666E+22
   0.33201E+04   0.11745E+04   0.20959E+01   0.30673E+22
   0.33212E+04   0.11749E+04   0.20964E+01   0.30680E+22
   0.33222E+04   0.11753E+04   0.20969E+01   0.30686E+22
   0.33233E+04   0.11757E+04   0.20974E+01   0.30693E+22
   0.33244E+04   0.11761E+04   0.20979E+01   0.30700E+22
   0.33254E+04   0.11765E+04   0.20984E+01   0.30707E+22
   0.33265E+04   0.11769E+04   0.20989E+01   0.30714E+22
   0.33276E+04   0.11773E+04   0.20994E+01   0.30721E+22
   0.33287E+04   0.11777E+04   0.20999E+01   0.30728E+22
   0.33297E+04   0.11781E+04   0.21004E+01   0.30735E+22
   0.33308E+04   0.11785E+04   0.21009E+01   0.30742E+22
   0.33319E+04   0.11789E+04   0.21014E+01   0.30749E+22
   0.33330E+04   0.11793E+04   0.21019E+01   0.30756E+22
   0.33340E+04   0.11798E+04   0.21024E+01   0.30763E+22
   0.33351E+04   0.11802E+04   0.21029E+01   0.30770E+22
   0.33362E+04   0.11806E+04   0.21034E+01   0.30777E+22
   0.33372E+04   0.11810E+04   0.21039E+01   0.30784E+22
   0.33383E+04   0.11814E+04   0.21044E+01   0.30790E+22
   0.33394E+04   0.11818E+04   0.21049E+01   0.30797E+22
   0.33405E+04   0.11822E+04   0.21054E+01   0.30804E+22
   0.33415E+04   0.11826E+04   0.21059E+01   0.30811E+22
   0.33426E+04   0.11830E+04   0.21064E+01   0.30818E+22
   0.33437E+04   0.11834E+04   0.21069E+01   0.30825E+22
   0.33448E+04   0.11838E+04   0.21074E+01   0.30832E+22
   0.33458E+04   0.11842E+04   0.21079E+01   0.30839E+22
   0.33469E+04   0.11846E+04   0.21084E+01   0.30846E+22
   0.33480E+04   0.11850E+04   0.21089E+01   0.30853E+22
   0.33491E+04   0.11854E+04   0.21094E+01   0.30860E+22
   0.33501E+04   0.11859E+04   0.21099E+01   0.30867E+22
   0.33512E+04   0.11863E+04   0.21104E+01   0.30874E+22
   0.33523E+04   0.11867E+04   0.21109E+01   0.30881E+22
   0.33534E+04   0.11871E+04   0.21114E+01   0.30888E+22
   0.33544E+04   0.11875E+04   0.21119E+01   0.30894E+22
   0.33555E+04   0.11879E+04   0.21124E+01   0.30901E+22
   0.33566E+04   0.11883E+04   0.21129E+01   0.30908E+22
   0.33577E+04   0.11887E+04   0.21134E+01   0.30915E+22
   0.33587E+04   0.11891E+04   0.21139E+01   0.30922E+22
   0.33598E+04   0.11895E+04   0.21144E+01   0.30929E+22
   0.33609E+04   0.11899E+04   0.21149E+01   0.30936E+22
   0.33620E+04   0.11903E+04   0.21154E+01   0.30943E+22
   0.33630E+04   0.11907E+04   0.21159E+01   0.30950E+22
   0.33641E+04   0.11912E+04   0.21164E+01   0.30957E+22
   0.33652E+04   0.11916E+04   0.21169E+01   0.30964E+22
   0.33663E+04   0.11920E+04   0.21174E+01   0.30971E+22
   0.33674E+04   0.11924E+04   0.21179E+01   0.30978E+22
   0.33684E+04   0.11928E+04   0.21184E+01   0.30985E+22
   0.33695E+04   0.11932E+04   0.21189E+01   0.30992E+22
   0.33706E+04   0.11936E+04   0.21194E+01   0.30998E+22
   0.33717E+04   0.11940E+04   0.21199E+01   0.31005E+22
   0.33727E+04   0.11944E+04   0.21204E+01   0.31012E+22
   0.33738E+04   0.11948E+04   0.21209E+01   0.31019E+22
   0.33749E+04   0.11952E+04   0.21214E+01   0.31026E+22
   0.33760E+04   0.11956E+04   0.21219E+01   0.31033E+22
   0.33770E+04   0.11960E+04   0.21224E+01   0.31040E+22
   0.33781E+04   0.11965E+04   0.21229E+01   0.31047E+22
   0.33792E+04   0.11969E+04   0.21234E+01   0.31054E+22
   0.33803E+04   0.11973E+04   0.21239E+01   0.31061E+22
   0.33814E+04   0.11977E+04   0.21244E+01   0.31068E+22
   0.33824E+04   0.11981E+04   0.21249E+01   0.31075E+22
   0.33835E+04   0.11985E+04   0.21254E+01   0.31082E+22
   0.33846E+04   0.11989E+04   0.21259E+01   0.31089E+22
   0.33857E+04   0.11993E+04   0.21264E+01   0.31096E+22
   0.33867E+04   0.11997E+04   0.21269E+01   0.31103E+22
   0.33878E+04   0.12001E+04   0.21274E+01   0.31109E+22
   0.33889E+04   0.12005E+04   0.21279E+01   0.31116E+22
   0.33900E+04   0.12009E+04   0.21284E+01   0.31123E+22
   0.33911E+04   0.12014E+04   0.21289E+01   0.31130E+22
   0.33921E+04   0.12018E+04   0.21294E+01   0.31137E+22
   0.33932E+04   0.12022E+04   0.21299E+01   0.31144E+22
   0.33943E+04   0.12026E+04   0.21304E+01   0.31151E+22
   0.33954E+04   0.12030E+04   0.21309E+01   0.31158E+22
   0.33965E+04   0.12034E+04   0.21314E+01   0.31165E+22
   0.33975E+04   0.12038E+04   0.21319E+01   0.31172E+22
   0.33986E+04   0.12042E+04   0.21324E+01   0.31179E+22
   0.33997E+04   0.12046E+04   0.21329E+01   0.31186E+22
   0.34008E+04   0.12050E+04   0.21334E+01   0.31193E+22
   0.34018E+04   0.12054E+04   0.21339E+01   0.31200E+22
   0.34029E+04   0.12058E+04   0.21344E+01   0.31207E+22
   0.34040E+04   0.12063E+04   0.21349E+01   0.31214E+22
   0.34051E+04   0.12067E+04   0.21354E+01   0.31220E+22
   0.34062E+04   0.12071E+04   0.21359E+01   0.31227E+22
   0.34072E+04   0.12075E+04   0.21364E+01   0.31234E+22
   0.34083E+04   0.12079E+04   0.21369E+01   0.31241E+22
   0.34094E+04   0.12083E+04   0.21374E+01   0.31248E+22
   0.34105E+04   0.12087E+04   0.21379E+01   0.31255E+22
   0.34116E+04   0.12091E+04   0.21384E+01   0.31262E+22
   0.34126E+04   0.12095E+04   0.21389E+01   0.31269E+22
   0.34137E+04   0.12099E+04   0.21394E+01   0.31276E+22
   0.34148E+04   0.12103E+04   0.21399E+01   0.31283E+22
   0.34159E+04   0.12108E+04   0.21404E+01   0.31290E+22
   0.34170E+04   0.12112E+04   0.21409E+01   0.31297E+22
   0.34181E+04   0.12116E+04   0.21414E+01   0.31304E+22
   0.34191E+04   0.12120E+04   0.21419E+01   0.31311E+22
   0.34202E+04   0.12124E+04   0.21424E+01   0.31318E+22
   0.34213E+04   0.12128E+04   0.21429E+01   0.31325E+22
   0.34224E+04   0.12132E+04   0.21434E+01   0.31331E+22
   0.34235E+04   0.12136E+04   0.21439E+01   0.31338E+22
   0.34245E+04   0.12140E+04   0.21444E+01   0.31345E+22
   0.34256E+04   0.12144E+04   0.21449E+01   0.31352E+22
   0.34267E+04   0.12148E+04   0.21454E+01   0.31359E+22
   0.34278E+04   0.12153E+04   0.21459E+01   0.31366E+22
   0.34289E+04   0.12157E+04   0.21464E+01   0.31373E+22
   0.34299E+04   0.12161E+04   0.21469E+01   0.31380E+22
   0.34310E+04   0.12165E+04   0.21474E+01   0.31387E+22
   0.34321E+04   0.12169E+04   0.21479E+01   0.31394E+22
   0.34332E+04   0.12173E+04   0.21484E+01   0.31401E+22
   0.34343E+04   0.12177E+04   0.21489E+01   0.31408E+22
   0.34354E+04   0.12181E+04   0.21494E+01   0.31415E+22
   0.34364E+04   0.12185E+04   0.21499E+01   0.31422E+22
   0.34375E+04   0.12189E+04   0.21504E+01   0.31429E+22
   0.34386E+04   0.12194E+04   0.21509E+01   0.31436E+22
   0.34397E+04   0.12198E+04   0.21514E+01   0.31443E+22
   0.34408E+04   0.12202E+04   0.21519E+01   0.31449E+22
   0.34419E+04   0.12206E+04   0.21524E+01   0.31456E+22
   0.34429E+04   0.12210E+04   0.21529E+01   0.31463E+22
   0.34440E+04   0.12214E+04   0.21534E+01   0.31470E+22
   0.34451E+04   0.12218E+04   0.21539E+01   0.31477E+22
   0.34462E+04   0.12222E+04   0.21544E+01   0.31484E+22
   0.34473E+04   0.12226E+04   0.21549E+01   0.31491E+22
   0.34484E+04   0.12230E+04   0.21554E+01   0.31498E+22
   0.34494E+04   0.12235E+04   0.21559E+01   0.31505E+22
   0.34505E+04   0.12239E+04   0.21564E+01   0.31512E+22
   0.34516E+04   0.12243E+04   0.21569E+01   0.31519E+22
   0.34527E+04   0.12247E+04   0.21574E+01   0.31526E+22
   0.34538E+04   0.12251E+04   0.21579E+01   0.31533E+22
   0.34549E+04   0.12255E+04   0.21584E+01   0.31540E+22
   0.34559E+04   0.12259E+04   0.21589E+01   0.31547E+22
   0.34570E+04   0.12263E+04   0.21594E+01   0.31554E+22
   0.34581E+04   0.12267E+04   0.21599E+01   0.31561E+22
   0.34592E+04   0.12271E+04   0.21604E+01   0.31567E+22
   0.34603E+04   0.12276E+04   0.21609E+01   0.31574E+22
   0.34614E+04   0.12280E+04   0.21614E+01   0.31581E+22
   0.34625E+04   0.12284E+04   0.21619E+01   0.31588E+22
   0.34635E+04   0.12288E+04   0.21624E+01   0.31595E+22
   0.34646E+04   0.12292E+04   0.21629E+01   0.31602E+22
   0.34657E+04   0.12296E+04   0.21634E+01   0.31609E+22
   0.34668E+04   0.12300E+04   0.21639E+01   0.31616E+22
   0.34679E+04   0.12304E+04   0.21644E+01   0.31623E+22
   0.34690E+04   0.12308E+04   0.21649E+01   0.31630E+22
   0.34700E+04   0.12312E+04   0.21654E+01   0.31637E+22
   0.34711E+04   0.12317E+04   0.21659E+01   0.31644E+22
   0.34722E+04   0.12321E+04   0.21664E+01   0.31651E+22
   0.34733E+04   0.12325E+04   0.21669E+01   0.31658E+22
   0.34744E+04   0.12329E+04   0.21674E+01   0.31665E+22
   0.34755E+04   0.12333E+04   0.21679E+01   0.31672E+22
   0.34766E+04   0.12337E+04   0.21684E+01   0.31679E+22
   0.34777E+04   0.12341E+04   0.21689E+01   0.31685E+22
   0.34787E+04   0.12345E+04   0.21694E+01   0.31692E+22
   0.34798E+04   0.12349E+04   0.21699E+01   0.31699E+22
   0.34809E+04   0.12354E+04   0.21704E+01   0.31706E+22
   0.34820E+04   0.12358E+04   0.21709E+01   0.31713E+22
   0.34831E+04   0.12362E+04   0.21714E+01   0.31720E+22
   0.34842E+04   0.12366E+04   0.21719E+01   0.31727E+22
   0.34853E+04   0.12370E+04   0.21724E+01   0.31734E+22
   0.34863E+04   0.12374E+04   0.21729E+01   0.31741E+22
   0.34874E+04   0.12378E+04   0.21734E+01   0.31748E+22
   0.34885E+04   0.12382E+04   0.21739E+01   0.31755E+22
   0.34896E+04   0.12386E+04   0.21744E+01   0.31762E+22
   0.34907E+04   0.12391E+04   0.21749E+01   0.31769E+22
   0.34918E+04   0.12395E+04   0.21754E+01   0.31776E+22
   0.34929E+04   0.12399E+04   0.21759E+01   0.31783E+22
   0.34940E+04   0.12403E+04   0.21764E+01   0.31790E+22
   0.34950E+04   0.12407E+04   0.21769E+01   0.31797E+22
   0.34961E+04   0.12411E+04   0.21774E+01   0.31803E+22
   0.34972E+04   0.12415E+04   0.21779E+01   0.31810E+22
   0.34983E+04   0.12419E+04   0.21784E+01   0.31817E+22
   0.34994E+04   0.12423E+04   0.21789E+01   0.31824E+22
   0.35005E+04   0.12428E+04   0.21794E+01   0.31831E+22
   0.35016E+04   0.12432E+04   0.21799E+01   0.31838E+22
   0.35027E+04   0.12436E+04   0.21804E+01   0.31845E+22
   0.35037E+04   0.12440E+04   0.21809E+01   0.31852E+22
   0.35048E+04   0.12444E+04   0.21814E+01   0.31859E+22
   0.35059E+04   0.12448E+04   0.21819E+01   0.31866E+22
   0.35070E+04   0.12452E+04   0.21824E+01   0.31873E+22
   0.35081E+04   0.12456E+04   0.21829E+01   0.31880E+22
   0.35092E+04   0.12460E+04   0.21834E+01   0.31887E+22
   0.35103E+04   0.12465E+04   0.21839E+01   0.31894E+22
   0.35114E+04   0.12469E+04   0.21844E+01   0.31901E+22
   0.35125E+04   0.12473E+04   0.21849E+01   0.31908E+22
   0.35135E+04   0.12477E+04   0.21854E+01   0.31915E+22
   0.35146E+04   0.12481E+04   0.21859E+01   0.31921E+22
   0.35157E+04   0.12485E+04   0.21864E+01   0.31928E+22
   0.35168E+04   0.12489E+04   0.21869E+01   0.31935E+22
   0.35179E+04   0.12493E+04   0.21874E+01   0.31942E+22
   0.35190E+04   0.12498E+04   0.21879E+01   0.31949E+22
   0.35201E+04   0.12502E+04   0.21884E+01   0.31956E+22
   0.35212E+04   0.12506E+04   0.21889E+01   0.31963E+22
   0.35223E+04   0.12510E+04   0.21894E+01   0.31970E+22
   0.35234E+04   0.12514E+04   0.21899E+01   0.31977E+22
   0.35244E+04   0.12518E+04   0.21904E+01   0.31984E+22
   0.35255E+04   0.12522E+04   0.21909E+01   0.31991E+22
   0.35266E+04   0.12526E+04   0.21914E+01   0.31998E+22
   0.35277E+04   0.12531E+04   0.21919E+01   0.32005E+22
   0.35288E+04   0.12535E+04   0.21924E+01   0.32012E+22
   0.35299E+04   0.12539E+04   0.21929E+01   0.32019E+22
   0.35310E+04   0.12543E+04   0.21934E+01   0.32026E+22
   0.35321E+04   0.12547E+04   0.21939E+01   0.32033E+22
   0.35332E+04   0.12551E+04   0.21944E+01   0.32040E+22
   0.35343E+04   0.12555E+04   0.21949E+01   0.32046E+22
   0.35354E+04   0.12559E+04   0.21954E+01   0.32053E+22
   0.35364E+04   0.12563E+04   0.21959E+01   0.32060E+22
   0.35375E+04   0.12568E+04   0.21964E+01   0.32067E+22
   0.35386E+04   0.12572E+04   0.21969E+01   0.32074E+22
   0.35397E+04   0.12576E+04   0.21974E+01   0.32081E+22
   0.35408E+04   0.12580E+04   0.21979E+01   0.32088E+22
   0.35419E+04   0.12584E+04   0.21984E+01   0.32095E+22
   0.35430E+04   0.12588E+04   0.21989E+01   0.32102E+22
   0.35441E+04   0.12592E+04   0.21994E+01   0.32109E+22
   0.35452E+04   0.12596E+04   0.21999E+01   0.32116E+22
   0.35463E+04   0.12601E+04   0.22004E+01   0.32123E+22
   0.35474E+04   0.12605E+04   0.22009E+01   0.32130E+22
   0.35485E+04   0.12609E+04   0.22014E+01   0.32137E+22
   0.35495E+04   0.12613E+04   0.22019E+01   0.32144E+22
   0.35506E+04   0.12617E+04   0.22024E+01   0.32151E+22
   0.35517E+04   0.12621E+04   0.22029E+01   0.32158E+22
   0.35528E+04   0.12625E+04   0.22034E+01   0.32165E+22
   0.35539E+04   0.12630E+04   0.22039E+01   0.32172E+22
   0.35550E+04   0.12634E+04   0.22044E+01   0.32178E+22
   0.35561E+04   0.12638E+04   0.22049E+01   0.32185E+22
   0.35572E+04   0.12642E+04   0.22054E+01   0.32192E+22
   0.35583E+04   0.12646E+04   0.22059E+01   0.32199E+22
   0.35594E+04   0.12650E+04   0.22064E+01   0.32206E+22
   0.35605E+04   0.12654E+04   0.22069E+01   0.32213E+22
   0.35616E+04   0.12658E+04   0.22074E+01   0.32220E+22
   0.35627E+04   0.12663E+04   0.22079E+01   0.32227E+22
   0.35638E+04   0.12667E+04   0.22084E+01   0.32234E+22
   0.35648E+04   0.12671E+04   0.22089E+01   0.32241E+22
   0.35659E+04   0.12675E+04   0.22094E+01   0.32248E+22
   0.35670E+04   0.12679E+04   0.22099E+01   0.32255E+22
   0.35681E+04   0.12683E+04   0.22104E+01   0.32262E+22
   0.35692E+04   0.12687E+04   0.22109E+01   0.32269E+22
   0.35703E+04   0.12691E+04   0.22114E+01   0.32276E+22
   0.35714E+04   0.12696E+04   0.22119E+01   0.32283E+22
   0.35725E+04   0.12700E+04   0.22124E+01   0.32290E+22
   0.35736E+04   0.12704E+04   0.22129E+01   0.32297E+22
   0.35747E+04   0.12708E+04   0.22134E+01   0.32303E+22
   0.35758E+04   0.12712E+04   0.22139E+01   0.32310E+22
   0.35769E+04   0.12716E+04   0.22144E+01   0.32317E+22
   0.35780E+04   0.12720E+04   0.22149E+01   0.32324E+22
   0.35791E+04   0.12725E+04   0.22154E+01   0.32331E+22
   0.35802E+04   0.12729E+04   0.22159E+01   0.32338E+22
   0.35813E+04   0.12733E+04   0.22164E+01   0.32345E+22
   0.35824E+04   0.12737E+04   0.22169E+01   0.32352E+22
   0.35835E+04   0.12741E+04   0.22174E+01   0.32359E+22
   0.35846E+04   0.12745E+04   0.22179E+01   0.32366E+22
   0.35856E+04   0.12749E+04   0.22184E+01   0.32373E+22
   0.35867E+04   0.12754E+04   0.22189E+01   0.32380E+22
   0.35878E+04   0.12758E+04   0.22194E+01   0.32387E+22
   0.35889E+04   0.12762E+04   0.22199E+01   0.32394E+22
   0.35900E+04   0.12766E+04   0.22204E+01   0.32401E+22
   0.35911E+04   0.12770E+04   0.22209E+01   0.32408E+22
   0.35922E+04   0.12774E+04   0.22214E+01   0.32415E+22
   0.35933E+04   0.12778E+04   0.22219E+01   0.32422E+22
   0.35944E+04   0.12782E+04   0.22224E+01   0.32429E+22
   0.35955E+04   0.12787E+04   0.22229E+01   0.32435E+22
   0.35966E+04   0.12791E+04   0.22234E+01   0.32442E+22
   0.35977E+04   0.12795E+04   0.22239E+01   0.32449E+22
   0.35988E+04   0.12799E+04   0.22244E+01   0.32456E+22
   0.35999E+04   0.12803E+04   0.22249E+01   0.32463E+22
   0.36010E+04   0.12807E+04   0.22254E+01   0.32470E+22
   0.36021E+04   0.12811E+04   0.22259E+01   0.32477E+22
   0.36032E+04   0.12816E+04   0.22264E+01   0.32484E+22
   0.36043E+04   0.12820E+04   0.22269E+01   0.32491E+22
   0.36054E+04   0.12824E+04   0.22274E+01   0.32498E+22
   0.36065E+04   0.12828E+04   0.22279E+01   0.32505E+22
   0.36076E+04   0.12832E+04   0.22284E+01   0.32512E+22
   0.36087E+04   0.12836E+04   0.22289E+01   0.32519E+22
   0.36098E+04   0.12840E+04   0.22294E+01   0.32526E+22
   0.36109E+04   0.12845E+04   0.22299E+01   0.32533E+22
   0.36120E+04   0.12849E+04   0.22304E+01   0.32540E+22
   0.36131E+04   0.12853E+04   0.22309E+01   0.32547E+22
   0.36142E+04   0.12857E+04   0.22314E+01   0.32554E+22
   0.36153E+04   0.12861E+04   0.22319E+01   0.32561E+22
   0.36164E+04   0.12865E+04   0.22324E+01   0.32567E+22
   0.36175E+04   0.12869E+04   0.22329E+01   0.32574E+22
   0.36186E+04   0.12874E+04   0.22334E+01   0.32581E+22
   0.36197E+04   0.12878E+04   0.22339E+01   0.32588E+22
   0.36207E+04   0.12882E+04   0.22344E+01   0.32595E+22
   0.36218E+04   0.12886E+04   0.22349E+01   0.32602E+22
   0.36229E+04   0.12890E+04   0.22354E+01   0.32609E+22
   0.36240E+04   0.12894E+04   0.22359E+01   0.32616E+22
   0.36251E+04   0.12898E+04   0.22364E+01   0.32623E+22
   0.36262E+04   0.12903E+04   0.22369E+01   0.32630E+22
   0.36273E+04   0.12907E+04   0.22374E+01   0.32637E+22
   0.36284E+04   0.12911E+04   0.22379E+01   0.32644E+22
   0.36295E+04   0.12915E+04   0.22384E+01   0.32651E+22
   0.36306E+04   0.12919E+04   0.22389E+01   0.32658E+22
   0.36317E+04   0.12923E+04   0.22394E+01   0.32665E+22
   0.36328E+04   0.12928E+04   0.22399E+01   0.32672E+22
   0.36339E+04   0.12932E+04   0.22404E+01   0.32679E+22
   0.36350E+04   0.12936E+04   0.22409E+01   0.32686E+22
   0.36361E+04   0.12940E+04   0.22414E+01   0.32693E+22
   0.36372E+04   0.12944E+04   0.22419E+01   0.32700E+22
   0.36383E+04   0.12948E+04   0.22424E+01   0.32706E+22
   0.36394E+04   0.12952E+04   0.22429E+01   0.32713E+22
   0.36405E+04   0.12957E+04   0.22434E+01   0.32720E+22
   0.36416E+04   0.12961E+04   0.22439E+01   0.32727E+22
   0.36427E+04   0.12965E+04   0.22444E+01   0.32734E+22
   0.36438E+04   0.12969E+04   0.22449E+01   0.32741E+22
   0.36449E+04   0.12973E+04   0.22454E+01   0.32748E+22
   0.36460E+04   0.12977E+04   0.22459E+01   0.32755E+22
   0.36471E+04   0.12981E+04   0.22464E+01   0.32762E+22
   0.36482E+04   0.12986E+04   0.22469E+01   0.32769E+22
   0.36493E+04   0.12990E+04   0.22474E+01   0.32776E+22
   0.36504E+04   0.12994E+04   0.22479E+01   0.32783E+22
   0.36515E+04   0.12998E+04   0.22484E+01   0.32790E+22
   0.36526E+04   0.13002E+04   0.22489E+01   0.32797E+22
   0.36537E+04   0.13006E+04   0.22494E+01   0.32804E+22
   0.36548E+04   0.13011E+04   0.22499E+01   0.32811E+22
   0.36559E+04   0.13015E+04   0.22504E+01   0.32818E+22
   0.36570E+04   0.13019E+04   0.22509E+01   0.32825E+22
   0.36582E+04   0.13023E+04   0.22514E+01   0.32832E+22
   0.36593E+04   0.13027E+04   0.22519E+01   0.32839E+22
   0.36604E+04   0.13031E+04   0.22524E+01   0.32845E+22
   0.36615E+04   0.13036E+04   0.22529E+01   0.32852E+22
   0.36626E+04   0.13040E+04   0.22534E+01   0.32859E+22
   0.36637E+04   0.13044E+04   0.22539E+01   0.32866E+22
   0.36648E+04   0.13048E+04   0.22544E+01   0.32873E+22
   0.36659E+04   0.13052E+04   0.22549E+01   0.32880E+22
   0.36670E+04   0.13056E+04   0.22554E+01   0.32887E+22
   0.36681E+04   0.13060E+04   0.22559E+01   0.32894E+22
   0.36692E+04   0.13065E+04   0.22564E+01   0.32901E+22
   0.36703E+04   0.13069E+04   0.22569E+01   0.32908E+22
   0.36714E+04   0.13073E+04   0.22574E+01   0.32915E+22
   0.36725E+04   0.13077E+04   0.22579E+01   0.32922E+22
   0.36736E+04   0.13081E+04   0.22584E+01   0.32929E+22
   0.36747E+04   0.13085E+04   0.22589E+01   0.32936E+22
   0.36758E+04   0.13090E+04   0.22594E+01   0.32943E+22
   0.36769E+04   0.13094E+04   0.22599E+01   0.32950E+22
   0.36780E+04   0.13098E+04   0.22604E+01   0.32957E+22
   0.36791E+04   0.13102E+04   0.22609E+01   0.32964E+22
   0.36802E+04   0.13106E+04   0.22614E+01   0.32971E+22
   0.36813E+04   0.13110E+04   0.22619E+01   0.32978E+22
   0.36824E+04   0.13115E+04   0.22624E+01   0.32985E+22
   0.36835E+04   0.13119E+04   0.22629E+01   0.32991E+22
   0.36846E+04   0.13123E+04   0.22634E+01   0.32998E+22
   0.36857E+04   0.13127E+04   0.22639E+01   0.33005E+22
   0.36868E+04   0.13131E+04   0.22644E+01   0.33012E+22
   0.36879E+04   0.13135E+04   0.22649E+01   0.33019E+22
   0.36890E+04   0.13140E+04   0.22654E+01   0.33026E+22
   0.36901E+04   0.13144E+04   0.22659E+01   0.33033E+22
   0.36912E+04   0.13148E+04   0.22664E+01   0.33040E+22
   0.36923E+04   0.13152E+04   0.22669E+01   0.33047E+22
   0.36935E+04   0.13156E+04   0.22674E+01   0.33054E+22
   0.36946E+04   0.13160E+04   0.22679E+01   0.33061E+22
   0.36957E+04   0.13165E+04   0.22684E+01   0.33068E+22
   0.36968E+04   0.13169E+04   0.22689E+01   0.33075E+22
   0.36979E+04   0.13173E+04   0.22694E+01   0.33082E+22
   0.36990E+04   0.13177E+04   0.22699E+01   0.33089E+22
   0.37001E+04   0.13181E+04   0.22704E+01   0.33096E+22
   0.37012E+04   0.13185E+04   0.22709E+01   0.33103E+22
   0.37023E+04   0.13190E+04   0.22714E+01   0.33110E+22
   0.37034E+04   0.13194E+04   0.22719E+01   0.33117E+22
   0.37045E+04   0.13198E+04   0.22724E+01   0.33124E+22
   0.37056E+04   0.13202E+04   0.22729E+01   0.33130E+22
   0.37067E+04   0.13206E+04   0.22734E+01   0.33137E+22
   0.37078E+04   0.13210E+04   0.22739E+01   0.33144E+22
   0.37089E+04   0.13215E+04   0.22744E+01   0.33151E+22
   0.37100E+04   0.13219E+04   0.22749E+01   0.33158E+22
   0.37111E+04   0.13223E+04   0.22754E+01   0.33165E+22
   0.37122E+04   0.13227E+04   0.22759E+01   0.33172E+22
   0.37133E+04   0.13231E+04   0.22764E+01   0.33179E+22
   0.37145E+04   0.13235E+04   0.22769E+01   0.33186E+22
   0.37156E+04   0.13240E+04   0.22774E+01   0.33193E+22
   0.37167E+04   0.13244E+04   0.22779E+01   0.33200E+22
   0.37178E+04   0.13248E+04   0.22784E+01   0.33207E+22
   0.37189E+04   0.13252E+04   0.22789E+01   0.33214E+22
   0.37200E+04   0.13256E+04   0.22794E+01   0.33221E+22
   0.37211E+04   0.13260E+04   0.22799E+01   0.33228E+22
   0.37222E+04   0.13265E+04   0.22804E+01   0.33235E+22
   0.37233E+04   0.13269E+04   0.22809E+01   0.33242E+22
   0.37244E+04   0.13273E+04   0.22814E+01   0.33249E+22
   0.37255E+04   0.13277E+04   0.22819E+01   0.33256E+22
   0.37266E+04   0.13281E+04   0.22824E+01   0.33263E+22
   0.37277E+04   0.13285E+04   0.22829E+01   0.33270E+22
   0.37288E+04   0.13290E+04   0.22834E+01   0.33277E+22
   0.37300E+04   0.13294E+04   0.22839E+01   0.33283E+22
   0.37311E+04   0.13298E+04   0.22844E+01   0.33290E+22
   0.37322E+04   0.13302E+04   0.22849E+01   0.33297E+22
   0.37333E+04   0.13306E+04   0.22854E+01   0.33304E+22
   0.37344E+04   0.13310E+04   0.22859E+01   0.33311E+22
   0.37355E+04   0.13315E+04   0.22864E+01   0.33318E+22
   0.37366E+04   0.13319E+04   0.22869E+01   0.33325E+22
   0.37377E+04   0.13323E+04   0.22874E+01   0.33332E+22
   0.37388E+04   0.13327E+04   0.22879E+01   0.33339E+22
   0.37399E+04   0.13331E+04   0.22884E+01   0.33346E+22
   0.37410E+04   0.13336E+04   0.22889E+01   0.33353E+22
   0.37421E+04   0.13340E+04   0.22894E+01   0.33360E+22
   0.37432E+04   0.13344E+04   0.22899E+01   0.33367E+22
   0.37444E+04   0.13348E+04   0.22904E+01   0.33374E+22
   0.37455E+04   0.13352E+04   0.22909E+01   0.33381E+22
   0.37466E+04   0.13356E+04   0.22914E+01   0.33388E+22
   0.37477E+04   0.13361E+04   0.22919E+01   0.33395E+22
   0.37488E+04   0.13365E+04   0.22924E+01   0.33402E+22
   0.37499E+04   0.13369E+04   0.22929E+01   0.33409E+22
   0.37510E+04   0.13373E+04   0.22934E+01   0.33416E+22
   0.37521E+04   0.13377E+04   0.22939E+01   0.33423E+22
   0.37532E+04   0.13382E+04   0.22944E+01   0.33430E+22
   0.37543E+04   0.13386E+04   0.22949E+01   0.33436E+22
   0.37555E+04   0.13390E+04   0.22954E+01   0.33443E+22
   0.37566E+04   0.13394E+04   0.22959E+01   0.33450E+22
   0.37577E+04   0.13398E+04   0.22964E+01   0.33457E+22
   0.37588E+04   0.13402E+04   0.22969E+01   0.33464E+22
   0.37599E+04   0.13407E+04   0.22974E+01   0.33471E+22
   0.37610E+04   0.13411E+04   0.22979E+01   0.33478E+22
   0.37621E+04   0.13415E+04   0.22984E+01   0.33485E+22
   0.37632E+04   0.13419E+04   0.22989E+01   0.33492E+22
   0.37643E+04   0.13423E+04   0.22994E+01   0.33499E+22
   0.37654E+04   0.13428E+04   0.22999E+01   0.33506E+22
   0.37666E+04   0.13432E+04   0.23004E+01   0.33513E+22
   0.37677E+04   0.13436E+04   0.23009E+01   0.33520E+22
   0.37688E+04   0.13440E+04   0.23014E+01   0.33527E+22
   0.37699E+04   0.13444E+04   0.23019E+01   0.33534E+22
   0.37710E+04   0.13448E+04   0.23024E+01   0.33541E+22
   0.37721E+04   0.13453E+04   0.23029E+01   0.33548E+22
   0.37732E+04   0.13457E+04   0.23034E+01   0.33555E+22
   0.37743E+04   0.13461E+04   0.23039E+01   0.33562E+22
   0.37754E+04   0.13465E+04   0.23044E+01   0.33569E+22
   0.37766E+04   0.13469E+04   0.23049E+01   0.33576E+22
   0.37777E+04   0.13474E+04   0.23054E+01   0.33583E+22
   0.37788E+04   0.13478E+04   0.23059E+01   0.33589E+22
   0.37799E+04   0.13482E+04   0.23064E+01   0.33596E+22
   0.37810E+04   0.13486E+04   0.23069E+01   0.33603E+22
   0.37821E+04   0.13490E+04   0.23074E+01   0.33610E+22
   0.37832E+04   0.13495E+04   0.23079E+01   0.33617E+22
   0.37843E+04   0.13499E+04   0.23084E+01   0.33624E+22
   0.37854E+04   0.13503E+04   0.23089E+01   0.33631E+22
   0.37866E+04   0.13507E+04   0.23094E+01   0.33638E+22
   0.37877E+04   0.13511E+04   0.23099E+01   0.33645E+22
   0.37888E+04   0.13515E+04   0.23104E+01   0.33652E+22
   0.37899E+04   0.13520E+04   0.23109E+01   0.33659E+22
   0.37910E+04   0.13524E+04   0.23114E+01   0.33666E+22
   0.37921E+04   0.13528E+04   0.23119E+01   0.33673E+22
   0.37932E+04   0.13532E+04   0.23124E+01   0.33680E+22
   0.37943E+04   0.13536E+04   0.23129E+01   0.33687E+22
   0.37955E+04   0.13541E+04   0.23134E+01   0.33694E+22
   0.37966E+04   0.13545E+04   0.23139E+01   0.33701E+22
   0.37977E+04   0.13549E+04   0.23144E+01   0.33708E+22
   0.37988E+04   0.13553E+04   0.23149E+01   0.33715E+22
   0.37999E+04   0.13557E+04   0.23154E+01   0.33722E+22
   0.38010E+04   0.13562E+04   0.23159E+01   0.33729E+22
   0.38021E+04   0.13566E+04   0.23164E+01   0.33736E+22
   0.38033E+04   0.13570E+04   0.23169E+01   0.33743E+22
   0.38044E+04   0.13574E+04   0.23174E+01   0.33749E+22
   0.38055E+04   0.13578E+04   0.23179E+01   0.33756E+22
   0.38066E+04   0.13583E+04   0.23184E+01   0.33763E+22
   0.38077E+04   0.13587E+04   0.23189E+01   0.33770E+22
   0.38088E+04   0.13591E+04   0.23194E+01   0.33777E+22
   0.38099E+04   0.13595E+04   0.23199E+01   0.33784E+22
   0.38110E+04   0.13599E+04   0.23204E+01   0.33791E+22
   0.38122E+04   0.13603E+04   0.23209E+01   0.33798E+22
   0.38133E+04   0.13608E+04   0.23214E+01   0.33805E+22
   0.38144E+04   0.13612E+04   0.23219E+01   0.33812E+22
   0.38155E+04   0.13616E+04   0.23224E+01   0.33819E+22
   0.38166E+04   0.13620E+04   0.23229E+01   0.33826E+22
   0.38177E+04   0.13624E+04   0.23234E+01   0.33833E+22
   0.38189E+04   0.13629E+04   0.23239E+01   0.33840E+22
   0.38200E+04   0.13633E+04   0.23244E+01   0.33847E+22
   0.38211E+04   0.13637E+04   0.23249E+01   0.33854E+22
   0.38222E+04   0.13641E+04   0.23254E+01   0.33861E+22
   0.38233E+04   0.13645E+04   0.23259E+01   0.33868E+22
   0.38244E+04   0.13650E+04   0.23264E+01   0.33875E+22
   0.38255E+04   0.13654E+04   0.23269E+01   0.33882E+22
   0.38267E+04   0.13658E+04   0.23274E+01   0.33889E+22
   0.38278E+04   0.13662E+04   0.23279E+01   0.33896E+22
   0.38289E+04   0.13666E+04   0.23284E+01   0.33903E+22
   0.38300E+04   0.13671E+04   0.23289E+01   0.33909E+22
   0.38311E+04   0.13675E+04   0.23294E+01   0.33916E+22
   0.38322E+04   0.13679E+04   0.23299E+01   0.33923E+22
   0.38334E+04   0.13683E+04   0.23304E+01   0.33930E+22
   0.38345E+04   0.13687E+04   0.23309E+01   0.33937E+22
   0.38356E+04   0.13692E+04   0.23314E+01   0.33944E+22
   0.38367E+04   0.13696E+04   0.23319E+01   0.33951E+22
   0.38378E+04   0.13700E+04   0.23324E+01   0.33958E+22
   0.38389E+04   0.13704E+04   0.23329E+01   0.33965E+22
   0.38400E+04   0.13708E+04   0.23334E+01   0.33972E+22
   0.38412E+04   0.13713E+04   0.23339E+01   0.33979E+22
   0.38423E+04   0.13717E+04   0.23344E+01   0.33986E+22
   0.38434E+04   0.13721E+04   0.23349E+01   0.33993E+22
   0.38445E+04   0.13725E+04   0.23354E+01   0.34000E+22
   0.38456E+04   0.13729E+04   0.23359E+01   0.34007E+22
   0.38468E+04   0.13734E+04   0.23364E+01   0.34014E+22
   0.38479E+04   0.13738E+04   0.23369E+01   0.34021E+22
   0.38490E+04   0.13742E+04   0.23374E+01   0.34028E+22
   0.38501E+04   0.13746E+04   0.23379E+01   0.34035E+22
   0.38512E+04   0.13751E+04   0.23384E+01   0.34042E+22
   0.38523E+04   0.13755E+04   0.23389E+01   0.34049E+22
   0.38535E+04   0.13759E+04   0.23394E+01   0.34056E+22
   0.38546E+04   0.13763E+04   0.23399E+01   0.34063E+22
   0.38557E+04   0.13767E+04   0.23404E+01   0.34070E+22
   0.38568E+04   0.13772E+04   0.23409E+01   0.34076E+22
   0.38579E+04   0.13776E+04   0.23414E+01   0.34083E+22
   0.38590E+04   0.13780E+04   0.23419E+01   0.34090E+22
   0.38602E+04   0.13784E+04   0.23424E+01   0.34097E+22
   0.38613E+04   0.13788E+04   0.23429E+01   0.34104E+22
   0.38624E+04   0.13793E+04   0.23434E+01   0.34111E+22
   0.38635E+04   0.13797E+04   0.23439E+01   0.34118E+22
   0.38646E+04   0.13801E+04   0.23444E+01   0.34125E+22
   0.38658E+04   0.13805E+04   0.23449E+01   0.34132E+22
   0.38669E+04   0.13809E+04   0.23454E+01   0.34139E+22
   0.38680E+04   0.13814E+04   0.23459E+01   0.34146E+22
   0.38691E+04   0.13818E+04   0.23464E+01   0.34153E+22
   0.38702E+04   0.13822E+04   0.23469E+01   0.34160E+22
   0.38713E+04   0.13826E+04   0.23474E+01   0.34167E+22
   0.38725E+04   0.13830E+04   0.23479E+01   0.34174E+22
   0.38736E+04   0.13835E+04   0.23484E+01   0.34181E+22
   0.38747E+04   0.13839E+04   0.23489E+01   0.34188E+22
   0.38758E+04   0.13843E+04   0.23494E+01   0.34195E+22
   0.38769E+04   0.13847E+04   0.23499E+01   0.34202E+22
   0.38781E+04   0.13852E+04   0.23504E+01   0.34209E+22
   0.38792E+04   0.13856E+04   0.23509E+01   0.34216E+22
   0.38803E+04   0.13860E+04   0.23514E+01   0.34223E+22
   0.38814E+04   0.13864E+04   0.23519E+01   0.34230E+22
   0.38825E+04   0.13868E+04   0.23524E+01   0.34237E+22
   0.38837E+04   0.13873E+04   0.23529E+01   0.34244E+22
   0.38848E+04   0.13877E+04   0.23534E+01   0.34250E+22
   0.38859E+04   0.13881E+04   0.23539E+01   0.34257E+22
   0.38870E+04   0.13885E+04   0.23544E+01   0.34264E+22
   0.38881E+04   0.13889E+04   0.23549E+01   0.34271E+22
   0.38893E+04   0.13894E+04   0.23554E+01   0.34278E+22
   0.38904E+04   0.13898E+04   0.23559E+01   0.34285E+22
   0.38915E+04   0.13902E+04   0.23564E+01   0.34292E+22
   0.38926E+04   0.13906E+04   0.23569E+01   0.34299E+22
   0.38937E+04   0.13911E+04   0.23574E+01   0.34306E+22
   0.38949E+04   0.13915E+04   0.23579E+01   0.34313E+22
   0.38960E+04   0.13919E+04   0.23584E+01   0.34320E+22
   0.38971E+04   0.13923E+04   0.23589E+01   0.34327E+22
   0.38982E+04   0.13927E+04   0.23594E+01   0.34334E+22
   0.38994E+04   0.13932E+04   0.23599E+01   0.34341E+22
   0.39005E+04   0.13936E+04   0.23604E+01   0.34348E+22
   0.39016E+04   0.13940E+04   0.23609E+01   0.34355E+22
   0.39027E+04   0.13944E+04   0.23614E+01   0.34362E+22
   0.39038E+04   0.13948E+04   0.23619E+01   0.34369E+22
   0.39050E+04   0.13953E+04   0.23624E+01   0.34376E+22
   0.39061E+04   0.13957E+04   0.23629E+01   0.34383E+22
   0.39072E+04   0.13961E+04   0.23634E+01   0.34390E+22
   0.39083E+04   0.13965E+04   0.23639E+01   0.34397E+22
   0.39094E+04   0.13970E+04   0.23644E+01   0.34404E+22
   0.39106E+04   0.13974E+04   0.23649E+01   0.34411E+22
   0.39117E+04   0.13978E+04   0.23654E+01   0.34418E+22
   0.39128E+04   0.13982E+04   0.23659E+01   0.34424E+22
   0.39139E+04   0.13986E+04   0.23664E+01   0.34431E+22
   0.39151E+04   0.13991E+04   0.23669E+01   0.34438E+22
   0.39162E+04   0.13995E+04   0.23674E+01   0.34445E+22
   0.39173E+04   0.13999E+04   0.23679E+01   0.34452E+22
   0.39184E+04   0.14003E+04   0.23684E+01   0.34459E+22
   0.39196E+04   0.14008E+04   0.23689E+01   0.34466E+22
   0.39207E+04   0.14012E+04   0.23694E+01   0.34473E+22
   0.39218E+04   0.14016E+04   0.23699E+01   0.34480E+22
   0.39229E+04   0.14020E+04   0.23704E+01   0.34487E+22
   0.39240E+04   0.14024E+04   0.23709E+01   0.34494E+22
   0.39252E+04   0.14029E+04   0.23714E+01   0.34501E+22
   0.39263E+04   0.14033E+04   0.23719E+01   0.34508E+22
   0.39274E+04   0.14037E+04   0.23724E+01   0.34515E+22
   0.39285E+04   0.14041E+04   0.23729E+01   0.34522E+22
   0.39297E+04   0.14046E+04   0.23734E+01   0.34529E+22
   0.39308E+04   0.14050E+04   0.23739E+01   0.34536E+22
   0.39319E+04   0.14054E+04   0.23744E+01   0.34543E+22
   0.39330E+04   0.14058E+04   0.23749E+01   0.34550E+22
   0.39342E+04   0.14062E+04   0.23754E+01   0.34557E+22
   0.39353E+04   0.14067E+04   0.23759E+01   0.34564E+22
   0.39364E+04   0.14071E+04   0.23764E+01   0.34571E+22
   0.39375E+04   0.14075E+04   0.23769E+01   0.34578E+22
   0.39387E+04   0.14079E+04   0.23774E+01   0.34585E+22
   0.39398E+04   0.14084E+04   0.23779E+01   0.34592E+22
   0.39409E+04   0.14088E+04   0.23784E+01   0.34599E+22
   0.39420E+04   0.14092E+04   0.23789E+01   0.34605E+22
   0.39432E+04   0.14096E+04   0.23794E+01   0.34612E+22
   0.39443E+04   0.14101E+04   0.23799E+01   0.34619E+22
   0.39454E+04   0.14105E+04   0.23804E+01   0.34626E+22
   0.39465E+04   0.14109E+04   0.23809E+01   0.34633E+22
   0.39477E+04   0.14113E+04   0.23814E+01   0.34640E+22
   0.39488E+04   0.14117E+04   0.23819E+01   0.34647E+22
   0.39499E+04   0.14122E+04   0.23824E+01   0.34654E+22
   0.39510E+04   0.14126E+04   0.23829E+01   0.34661E+22
   0.39522E+04   0.14130E+04   0.23834E+01   0.34668E+22
   0.39533E+04   0.14134E+04   0.23839E+01   0.34675E+22
   0.39544E+04   0.14139E+04   0.23844E+01   0.34682E+22
   0.39555E+04   0.14143E+04   0.23849E+01   0.34689E+22
   0.39567E+04   0.14147E+04   0.23854E+01   0.34696E+22
   0.39578E+04   0.14151E+04   0.23859E+01   0.34703E+22
   0.39589E+04   0.14156E+04   0.23864E+01   0.34710E+22
   0.39600E+04   0.14160E+04   0.23869E+01   0.34717E+22
   0.39612E+04   0.14164E+04   0.23874E+01   0.34724E+22
   0.39623E+04   0.14168E+04   0.23879E+01   0.34731E+22
   0.39634E+04   0.14172E+04   0.23884E+01   0.34738E+22
   0.39645E+04   0.14177E+04   0.23889E+01   0.34745E+22
   0.39657E+04   0.14181E+04   0.23894E+01   0.34752E+22
   0.39668E+04   0.14185E+04   0.23899E+01   0.34759E+22
   0.39679E+04   0.14189E+04   0.23904E+01   0.34766E+22
   0.39690E+04   0.14194E+04   0.23909E+01   0.34773E+22
   0.39702E+04   0.14198E+04   0.23914E+01   0.34780E+22
   0.39713E+04   0.14202E+04   0.23919E+01   0.34787E+22
   0.39724E+04   0.14206E+04   0.23924E+01   0.34793E+22
   0.39736E+04   0.14211E+04   0.23929E+01   0.34800E+22
   0.39747E+04   0.14215E+04   0.23934E+01   0.34807E+22
   0.39758E+04   0.14219E+04   0.23939E+01   0.34814E+22
   0.39769E+04   0.14223E+04   0.23944E+01   0.34821E+22
   0.39781E+04   0.14227E+04   0.23949E+01   0.34828E+22
   0.39792E+04   0.14232E+04   0.23954E+01   0.34835E+22
   0.39803E+04   0.14236E+04   0.23959E+01   0.34842E+22
   0.39814E+04   0.14240E+04   0.23964E+01   0.34849E+22
   0.39826E+04   0.14244E+04   0.23969E+01   0.34856E+22
   0.39837E+04   0.14249E+04   0.23974E+01   0.34863E+22
   0.39848E+04   0.14253E+04   0.23979E+01   0.34870E+22
   0.39860E+04   0.14257E+04   0.23984E+01   0.34877E+22
   0.39871E+04   0.14261E+04   0.23989E+01   0.34884E+22
   0.39882E+04   0.14266E+04   0.23994E+01   0.34891E+22
   0.39893E+04   0.14270E+04   0.23999E+01   0.34898E+22
   0.39905E+04   0.14274E+04   0.24004E+01   0.34905E+22
   0.39916E+04   0.14278E+04   0.24009E+01   0.34912E+22
   0.39927E+04   0.14283E+04   0.24014E+01   0.34919E+22
   0.39939E+04   0.14287E+04   0.24019E+01   0.34926E+22
   0.39950E+04   0.14291E+04   0.24024E+01   0.34933E+22
   0.39961E+04   0.14295E+04   0.24029E+01   0.34940E+22
   0.39972E+04   0.14300E+04   0.24034E+01   0.34947E+22
   0.39984E+04   0.14304E+04   0.24039E+01   0.34954E+22
   0.39995E+04   0.14308E+04   0.24044E+01   0.34961E+22
   0.40006E+04   0.14312E+04   0.24049E+01   0.34968E+22
   0.40018E+04   0.14317E+04   0.24054E+01   0.34975E+22
   0.40029E+04   0.14321E+04   0.24059E+01   0.34982E+22
   0.40040E+04   0.14325E+04   0.24064E+01   0.34988E+22
   0.40052E+04   0.14329E+04   0.24069E+01   0.34995E+22
   0.40063E+04   0.14334E+04   0.24074E+01   0.35002E+22
   0.40074E+04   0.14338E+04   0.24079E+01   0.35009E+22
   0.40085E+04   0.14342E+04   0.24084E+01   0.35016E+22
   0.40097E+04   0.14346E+04   0.24089E+01   0.35023E+22
   0.40108E+04   0.14350E+04   0.24094E+01   0.35030E+22
   0.40119E+04   0.14355E+04   0.24099E+01   0.35037E+22
   0.40131E+04   0.14359E+04   0.24104E+01   0.35044E+22
   0.40142E+04   0.14363E+04   0.24109E+01   0.35051E+22
   0.40153E+04   0.14367E+04   0.24114E+01   0.35058E+22
   0.40165E+04   0.14372E+04   0.24119E+01   0.35065E+22
   0.40176E+04   0.14376E+04   0.24124E+01   0.35072E+22
   0.40187E+04   0.14380E+04   0.24129E+01   0.35079E+22
   0.40198E+04   0.14384E+04   0.24134E+01   0.35086E+22
   0.40210E+04   0.14389E+04   0.24139E+01   0.35093E+22
   0.40221E+04   0.14393E+04   0.24144E+01   0.35100E+22
   0.40232E+04   0.14397E+04   0.24149E+01   0.35107E+22
   0.40244E+04   0.14401E+04   0.24154E+01   0.35114E+22
   0.40255E+04   0.14406E+04   0.24159E+01   0.35121E+22
   0.40266E+04   0.14410E+04   0.24164E+01   0.35128E+22
   0.40278E+04   0.14414E+04   0.24169E+01   0.35135E+22
   0.40289E+04   0.14418E+04   0.24174E+01   0.35142E+22
   0.40300E+04   0.14423E+04   0.24179E+01   0.35149E+22
   0.40312E+04   0.14427E+04   0.24184E+01   0.35156E+22
   0.40323E+04   0.14431E+04   0.24189E+01   0.35163E+22
   0.40334E+04   0.14435E+04   0.24194E+01   0.35170E+22
   0.40346E+04   0.14440E+04   0.24199E+01   0.35177E+22
   0.40357E+04   0.14444E+04   0.24204E+01   0.35183E+22
   0.40368E+04   0.14448E+04   0.24209E+01   0.35190E+22
   0.40379E+04   0.14452E+04   0.24214E+01   0.35197E+22
   0.40391E+04   0.14457E+04   0.24219E+01   0.35204E+22
   0.40402E+04   0.14461E+04   0.24224E+01   0.35211E+22
   0.40413E+04   0.14465E+04   0.24229E+01   0.35218E+22
   0.40425E+04   0.14469E+04   0.24234E+01   0.35225E+22
   0.40436E+04   0.14474E+04   0.24239E+01   0.35232E+22
   0.40447E+04   0.14478E+04   0.24244E+01   0.35239E+22
   0.40459E+04   0.14482E+04   0.24249E+01   0.35246E+22
   0.40470E+04   0.14486E+04   0.24254E+01   0.35253E+22
   0.40481E+04   0.14491E+04   0.24259E+01   0.35260E+22
   0.40493E+04   0.14495E+04   0.24264E+01   0.35267E+22
   0.40504E+04   0.14499E+04   0.24269E+01   0.35274E+22
   0.40515E+04   0.14503E+04   0.24274E+01   0.35281E+22
   0.40527E+04   0.14508E+04   0.24279E+01   0.35288E+22
   0.40538E+04   0.14512E+04   0.24284E+01   0.35295E+22
   0.40549E+04   0.14516E+04   0.24289E+01   0.35302E+22
   0.40561E+04   0.14520E+04   0.24294E+01   0.35309E+22
   0.40572E+04   0.14525E+04   0.24299E+01   0.35316E+22
   0.40583E+04   0.14529E+04   0.24304E+01   0.35323E+22
   0.40595E+04   0.14533E+04   0.24309E+01   0.35330E+22
   0.40606E+04   0.14538E+04   0.24314E+01   0.35337E+22
   0.40617E+04   0.14542E+04   0.24319E+01   0.35344E+22
   0.40629E+04   0.14546E+04   0.24324E+01   0.35351E+22
   0.40640E+04   0.14550E+04   0.24329E+01   0.35358E+22
   0.40651E+04   0.14555E+04   0.24334E+01   0.35365E+22
   0.40663E+04   0.14559E+04   0.24339E+01   0.35372E+22
   0.40674E+04   0.14563E+04   0.24344E+01   0.35379E+22
   0.40686E+04   0.14567E+04   0.24349E+01   0.35386E+22
   0.40697E+04   0.14572E+04   0.24354E+01   0.35392E+22
   0.40708E+04   0.14576E+04   0.24359E+01   0.35399E+22
   0.40720E+04   0.14580E+04   0.24364E+01   0.35406E+22
   0.40731E+04   0.14584E+04   0.24369E+01   0.35413E+22
   0.40742E+04   0.14589E+04   0.24374E+01   0.35420E+22
   0.40754E+04   0.14593E+04   0.24379E+01   0.35427E+22
   0.40765E+04   0.14597E+04   0.24384E+01   0.35434E+22
   0.40776E+04   0.14601E+04   0.24389E+01   0.35441E+22
   0.40788E+04   0.14606E+04   0.24394E+01   0.35448E+22
   0.40799E+04   0.14610E+04   0.24399E+01   0.35455E+22
   0.40810E+04   0.14614E+04   0.24404E+01   0.35462E+22
   0.40822E+04   0.14618E+04   0.24409E+01   0.35469E+22
   0.40833E+04   0.14623E+04   0.24414E+01   0.35476E+22
   0.40844E+04   0.14627E+04   0.24419E+01   0.35483E+22
   0.40856E+04   0.14631E+04   0.24424E+01   0.35490E+22
   0.40867E+04   0.14635E+04   0.24429E+01   0.35497E+22
   0.40879E+04   0.14640E+04   0.24434E+01   0.35504E+22
   0.40890E+04   0.14644E+04   0.24439E+01   0.35511E+22
   0.40901E+04   0.14648E+04   0.24444E+01   0.35518E+22
   0.40913E+04   0.14653E+04   0.24449E+01   0.35525E+22
   0.40924E+04   0.14657E+04   0.24454E+01   0.35532E+22
   0.40935E+04   0.14661E+04   0.24459E+01   0.35539E+22
   0.40947E+04   0.14665E+04   0.24464E+01   0.35546E+22
   0.40958E+04   0.14670E+04   0.24469E+01   0.35553E+22
   0.40969E+04   0.14674E+04   0.24474E+01   0.35560E+22
   0.40981E+04   0.14678E+04   0.24479E+01   0.35567E+22
   0.40992E+04   0.14682E+04   0.24484E+01   0.35574E+22
   0.41004E+04   0.14687E+04   0.24489E+01   0.35581E+22
   0.41015E+04   0.14691E+04   0.24494E+01   0.35588E+22
   0.41026E+04   0.14695E+04   0.24499E+01   0.35595E+22
   0.41038E+04   0.14699E+04   0.24504E+01   0.35602E+22
   0.41049E+04   0.14704E+04   0.24509E+01   0.35608E+22
   0.41060E+04   0.14708E+04   0.24514E+01   0.35615E+22
   0.41072E+04   0.14712E+04   0.24519E+01   0.35622E+22
   0.41083E+04   0.14717E+04   0.24524E+01   0.35629E+22
   0.41095E+04   0.14721E+04   0.24529E+01   0.35636E+22
   0.41106E+04   0.14725E+04   0.24534E+01   0.35643E+22
   0.41117E+04   0.14729E+04   0.24539E+01   0.35650E+22
   0.41129E+04   0.14734E+04   0.24544E+01   0.35657E+22
   0.41140E+04   0.14738E+04   0.24549E+01   0.35664E+22
   0.41151E+04   0.14742E+04   0.24554E+01   0.35671E+22
   0.41163E+04   0.14746E+04   0.24559E+01   0.35678E+22
   0.41174E+04   0.14751E+04   0.24564E+01   0.35685E+22
   0.41186E+04   0.14755E+04   0.24569E+01   0.35692E+22
   0.41197E+04   0.14759E+04   0.24574E+01   0.35699E+22
   0.41208E+04   0.14764E+04   0.24579E+01   0.35706E+22
   0.41220E+04   0.14768E+04   0.24584E+01   0.35713E+22
   0.41231E+04   0.14772E+04   0.24589E+01   0.35720E+22
   0.41243E+04   0.14776E+04   0.24594E+01   0.35727E+22
   0.41254E+04   0.14781E+04   0.24599E+01   0.35734E+22
   0.41265E+04   0.14785E+04   0.24604E+01   0.35741E+22
   0.41277E+04   0.14789E+04   0.24609E+01   0.35748E+22
   0.41288E+04   0.14793E+04   0.24614E+01   0.35755E+22
   0.41299E+04   0.14798E+04   0.24619E+01   0.35762E+22
   0.41311E+04   0.14802E+04   0.24624E+01   0.35769E+22
   0.41322E+04   0.14806E+04   0.24629E+01   0.35776E+22
   0.41334E+04   0.14810E+04   0.24634E+01   0.35783E+22
   0.41345E+04   0.14815E+04   0.24639E+01   0.35790E+22
   0.41356E+04   0.14819E+04   0.24644E+01   0.35797E+22
   0.41368E+04   0.14823E+04   0.24649E+01   0.35804E+22
   0.41379E+04   0.14828E+04   0.24654E+01   0.35811E+22
   0.41391E+04   0.14832E+04   0.24659E+01   0.35818E+22
   0.41402E+04   0.14836E+04   0.24664E+01   0.35824E+22
   0.41413E+04   0.14840E+04   0.24669E+01   0.35831E+22
   0.41425E+04   0.14845E+04   0.24674E+01   0.35838E+22
   0.41436E+04   0.14849E+04   0.24679E+01   0.35845E+22
   0.41448E+04   0.14853E+04   0.24684E+01   0.35852E+22
   0.41459E+04   0.14858E+04   0.24689E+01   0.35859E+22
   0.41470E+04   0.14862E+04   0.24694E+01   0.35866E+22
   0.41482E+04   0.14866E+04   0.24699E+01   0.35873E+22
   0.41493E+04   0.14870E+04   0.24704E+01   0.35880E+22
   0.41505E+04   0.14875E+04   0.24709E+01   0.35887E+22
   0.41516E+04   0.14879E+04   0.24714E+01   0.35894E+22
   0.41528E+04   0.14883E+04   0.24719E+01   0.35901E+22
   0.41539E+04   0.14887E+04   0.24724E+01   0.35908E+22
   0.41550E+04   0.14892E+04   0.24729E+01   0.35915E+22
   0.41562E+04   0.14896E+04   0.24734E+01   0.35922E+22
   0.41573E+04   0.14900E+04   0.24739E+01   0.35929E+22
   0.41585E+04   0.14905E+04   0.24744E+01   0.35936E+22
   0.41596E+04   0.14909E+04   0.24749E+01   0.35943E+22
   0.41607E+04   0.14913E+04   0.24754E+01   0.35950E+22
   0.41619E+04   0.14917E+04   0.24759E+01   0.35957E+22
   0.41630E+04   0.14922E+04   0.24764E+01   0.35964E+22
   0.41642E+04   0.14926E+04   0.24769E+01   0.35971E+22
   0.41653E+04   0.14930E+04   0.24774E+01   0.35978E+22
   0.41664E+04   0.14935E+04   0.24779E+01   0.35985E+22
   0.41676E+04   0.14939E+04   0.24784E+01   0.35992E+22
   0.41687E+04   0.14943E+04   0.24789E+01   0.35999E+22
   0.41699E+04   0.14947E+04   0.24794E+01   0.36006E+22
   0.41710E+04   0.14952E+04   0.24799E+01   0.36013E+22
   0.41722E+04   0.14956E+04   0.24804E+01   0.36020E+22
   0.41733E+04   0.14960E+04   0.24809E+01   0.36027E+22
   0.41744E+04   0.14965E+04   0.24814E+01   0.36034E+22
   0.41756E+04   0.14969E+04   0.24819E+01   0.36041E+22
   0.41767E+04   0.14973E+04   0.24824E+01   0.36048E+22
   0.41779E+04   0.14977E+04   0.24829E+01   0.36054E+22
   0.41790E+04   0.14982E+04   0.24834E+01   0.36061E+22
   0.41802E+04   0.14986E+04   0.24839E+01   0.36068E+22
   0.41813E+04   0.14990E+04   0.24844E+01   0.36075E+22
   0.41824E+04   0.14995E+04   0.24849E+01   0.36082E+22
   0.41836E+04   0.14999E+04   0.24854E+01   0.36089E+22
   0.41847E+04   0.15003E+04   0.24859E+01   0.36096E+22
   0.41859E+04   0.15007E+04   0.24864E+01   0.36103E+22
   0.41870E+04   0.15012E+04   0.24869E+01   0.36110E+22
   0.41882E+04   0.15016E+04   0.24874E+01   0.36117E+22
   0.41893E+04   0.15020E+04   0.24879E+01   0.36124E+22
   0.41905E+04   0.15025E+04   0.24884E+01   0.36131E+22
   0.41916E+04   0.15029E+04   0.24889E+01   0.36138E+22
   0.41927E+04   0.15033E+04   0.24894E+01   0.36145E+22
   0.41939E+04   0.15037E+04   0.24899E+01   0.36152E+22
   0.41950E+04   0.15042E+04   0.24904E+01   0.36159E+22
   0.41962E+04   0.15046E+04   0.24909E+01   0.36166E+22
   0.41973E+04   0.15050E+04   0.24914E+01   0.36173E+22
   0.41985E+04   0.15055E+04   0.24919E+01   0.36180E+22
   0.41996E+04   0.15059E+04   0.24924E+01   0.36187E+22
   0.42007E+04   0.15063E+04   0.24929E+01   0.36194E+22
   0.42019E+04   0.15067E+04   0.24934E+01   0.36201E+22
   0.42030E+04   0.15072E+04   0.24939E+01   0.36208E+22
   0.42042E+04   0.15076E+04   0.24944E+01   0.36215E+22
   0.42053E+04   0.15080E+04   0.24949E+01   0.36222E+22
   0.42065E+04   0.15085E+04   0.24954E+01   0.36229E+22
   0.42076E+04   0.15089E+04   0.24959E+01   0.36236E+22
   0.42088E+04   0.15093E+04   0.24964E+01   0.36243E+22
   0.42099E+04   0.15097E+04   0.24969E+01   0.36250E+22
   0.42111E+04   0.15102E+04   0.24974E+01   0.36257E+22
   0.42122E+04   0.15106E+04   0.24979E+01   0.36264E+22
   0.42133E+04   0.15110E+04   0.24984E+01   0.36271E+22
   0.42145E+04   0.15115E+04   0.24989E+01   0.36278E+22
   0.42156E+04   0.15119E+04   0.24994E+01   0.36285E+22
   0.42168E+04   0.15123E+04   0.24999E+01   0.36292E+22
   0.42179E+04   0.15128E+04   0.25004E+01   0.36298E+22
   0.42191E+04   0.15132E+04   0.25009E+01   0.36305E+22
   0.42202E+04   0.15136E+04   0.25014E+01   0.36312E+22
   0.42214E+04   0.15140E+04   0.25019E+01   0.36319E+22
   0.42225E+04   0.15145E+04   0.25024E+01   0.36326E+22
   0.42237E+04   0.15149E+04   0.25029E+01   0.36333E+22
   0.42248E+04   0.15153E+04   0.25034E+01   0.36340E+22
   0.42260E+04   0.15158E+04   0.25039E+01   0.36347E+22
   0.42271E+04   0.15162E+04   0.25044E+01   0.36354E+22
   0.42282E+04   0.15166E+04   0.25049E+01   0.36361E+22
   0.42294E+04   0.15170E+04   0.25054E+01   0.36368E+22
   0.42305E+04   0.15175E+04   0.25059E+01   0.36375E+22
   0.42317E+04   0.15179E+04   0.25064E+01   0.36382E+22
   0.42328E+04   0.15183E+04   0.25069E+01   0.36389E+22
   0.42340E+04   0.15188E+04   0.25074E+01   0.36396E+22
   0.42351E+04   0.15192E+04   0.25079E+01   0.36403E+22
   0.42363E+04   0.15196E+04   0.25084E+01   0.36410E+22
   0.42374E+04   0.15201E+04   0.25089E+01   0.36417E+22
   0.42386E+04   0.15205E+04   0.25094E+01   0.36424E+22
   0.42397E+04   0.15209E+04   0.25099E+01   0.36431E+22
   0.42409E+04   0.15213E+04   0.25104E+01   0.36438E+22
   0.42420E+04   0.15218E+04   0.25109E+01   0.36445E+22
   0.42432E+04   0.15222E+04   0.25114E+01   0.36452E+22
   0.42443E+04   0.15226E+04   0.25119E+01   0.36459E+22
   0.42455E+04   0.15231E+04   0.25124E+01   0.36466E+22
   0.42466E+04   0.15235E+04   0.25129E+01   0.36473E+22
   0.42478E+04   0.15239E+04   0.25134E+01   0.36480E+22
   0.42489E+04   0.15244E+04   0.25139E+01   0.36487E+22
   0.42500E+04   0.15248E+04   0.25144E+01   0.36494E+22
   0.42512E+04   0.15252E+04   0.25149E+01   0.36501E+22
   0.42523E+04   0.15256E+04   0.25154E+01   0.36508E+22
   0.42535E+04   0.15261E+04   0.25159E+01   0.36515E+22
   0.42546E+04   0.15265E+04   0.25164E+01   0.36522E+22
   0.42558E+04   0.15269E+04   0.25169E+01   0.36529E+22
   0.42569E+04   0.15274E+04   0.25174E+01   0.36536E+22
   0.42581E+04   0.15278E+04   0.25179E+01   0.36542E+22
   0.42592E+04   0.15282E+04   0.25184E+01   0.36549E+22
   0.42604E+04   0.15287E+04   0.25189E+01   0.36556E+22
   0.42615E+04   0.15291E+04   0.25194E+01   0.36563E+22
   0.42627E+04   0.15295E+04   0.25199E+01   0.36570E+22
   0.42638E+04   0.15299E+04   0.25204E+01   0.36577E+22
   0.42650E+04   0.15304E+04   0.25209E+01   0.36584E+22
   0.42661E+04   0.15308E+04   0.25214E+01   0.36591E+22
   0.42673E+04   0.15312E+04   0.25219E+01   0.36598E+22
   0.42684E+04   0.15317E+04   0.25224E+01   0.36605E+22
   0.42696E+04   0.15321E+04   0.25229E+01   0.36612E+22
   0.42707E+04   0.15325E+04   0.25234E+01   0.36619E+22
   0.42719E+04   0.15330E+04   0.25239E+01   0.36626E+22
   0.42730E+04   0.15334E+04   0.25244E+01   0.36633E+22
   0.42742E+04   0.15338E+04   0.25249E+01   0.36640E+22
   0.42753E+04   0.15343E+04   0.25254E+01   0.36647E+22
   0.42765E+04   0.15347E+04   0.25259E+01   0.36654E+22
   0.42776E+04   0.15351E+04   0.25264E+01   0.36661E+22
   0.42788E+04   0.15355E+04   0.25269E+01   0.36668E+22
   0.42799E+04   0.15360E+04   0.25274E+01   0.36675E+22
   0.42811E+04   0.15364E+04   0.25279E+01   0.36682E+22
   0.42822E+04   0.15368E+04   0.25284E+01   0.36689E+22
   0.42834E+04   0.15373E+04   0.25289E+01   0.36696E+22
   0.42845E+04   0.15377E+04   0.25294E+01   0.36703E+22
   0.42857E+04   0.15381E+04   0.25299E+01   0.36710E+22
   0.42868E+04   0.15386E+04   0.25304E+01   0.36717E+22
   0.42880E+04   0.15390E+04   0.25309E+01   0.36724E+22
   0.42891E+04   0.15394E+04   0.25314E+01   0.36731E+22
   0.42903E+04   0.15399E+04   0.25319E+01   0.36738E+22
   0.42914E+04   0.15403E+04   0.25324E+01   0.36745E+22
   0.42926E+04   0.15407E+04   0.25329E+01   0.36752E+22
   0.42937E+04   0.15411E+04   0.25334E+01   0.36759E+22
   0.42949E+04   0.15416E+04   0.25339E+01   0.36766E+22
   0.42961E+04   0.15420E+04   0.25344E+01   0.36773E+22
   0.42972E+04   0.15424E+04   0.25349E+01   0.36780E+22
   0.42984E+04   0.15429E+04   0.25354E+01   0.36787E+22
   0.42995E+04   0.15433E+04   0.25359E+01   0.36794E+22
   0.43007E+04   0.15437E+04   0.25364E+01   0.36801E+22
   0.43018E+04   0.15442E+04   0.25369E+01   0.36807E+22
   0.43030E+04   0.15446E+04   0.25374E+01   0.36814E+22
   0.43041E+04   0.15450E+04   0.25379E+01   0.36821E+22
   0.43053E+04   0.15455E+04   0.25384E+01   0.36828E+22
   0.43064E+04   0.15459E+04   0.25389E+01   0.36835E+22
   0.43076E+04   0.15463E+04   0.25394E+01   0.36842E+22
   0.43087E+04   0.15468E+04   0.25399E+01   0.36849E+22
   0.43099E+04   0.15472E+04   0.25404E+01   0.36856E+22
   0.43110E+04   0.15476E+04   0.25409E+01   0.36863E+22
   0.43122E+04   0.15481E+04   0.25414E+01   0.36870E+22
   0.43133E+04   0.15485E+04   0.25419E+01   0.36877E+22
   0.43145E+04   0.15489E+04   0.25424E+01   0.36884E+22
   0.43156E+04   0.15493E+04   0.25429E+01   0.36891E+22
   0.43168E+04   0.15498E+04   0.25434E+01   0.36898E+22
   0.43179E+04   0.15502E+04   0.25439E+01   0.36905E+22
   0.43191E+04   0.15506E+04   0.25444E+01   0.36912E+22
   0.43203E+04   0.15511E+04   0.25449E+01   0.36919E+22
   0.43214E+04   0.15515E+04   0.25454E+01   0.36926E+22
   0.43226E+04   0.15519E+04   0.25459E+01   0.36933E+22
   0.43237E+04   0.15524E+04   0.25464E+01   0.36940E+22
   0.43249E+04   0.15528E+04   0.25469E+01   0.36947E+22
   0.43260E+04   0.15532E+04   0.25474E+01   0.36954E+22
   0.43272E+04   0.15537E+04   0.25479E+01   0.36961E+22
   0.43283E+04   0.15541E+04   0.25484E+01   0.36968E+22
   0.43295E+04   0.15545E+04   0.25489E+01   0.36975E+22
   0.43306E+04   0.15550E+04   0.25494E+01   0.36982E+22
   0.43318E+04   0.15554E+04   0.25499E+01   0.36989E+22
   0.43330E+04   0.15558E+04   0.25504E+01   0.36996E+22
   0.43341E+04   0.15563E+04   0.25509E+01   0.37003E+22
   0.43353E+04   0.15567E+04   0.25514E+01   0.37010E+22
   0.43364E+04   0.15571E+04   0.25519E+01   0.37017E+22
   0.43376E+04   0.15576E+04   0.25524E+01   0.37024E+22
   0.43387E+04   0.15580E+04   0.25529E+01   0.37031E+22
   0.43399E+04   0.15584E+04   0.25534E+01   0.37038E+22
   0.43410E+04   0.15588E+04   0.25539E+01   0.37045E+22
   0.43422E+04   0.15593E+04   0.25544E+01   0.37052E+22
   0.43433E+04   0.15597E+04   0.25549E+01   0.37059E+22
   0.43445E+04   0.15601E+04   0.25554E+01   0.37066E+22
   0.43457E+04   0.15606E+04   0.25559E+01   0.37073E+22
   0.43468E+04   0.15610E+04   0.25564E+01   0.37079E+22
   0.43480E+04   0.15614E+04   0.25569E+01   0.37086E+22
   0.43491E+04   0.15619E+04   0.25574E+01   0.37093E+22
   0.43503E+04   0.15623E+04   0.25579E+01   0.37100E+22
   0.43514E+04   0.15627E+04   0.25584E+01   0.37107E+22
   0.43526E+04   0.15632E+04   0.25589E+01   0.37114E+22
   0.43537E+04   0.15636E+04   0.25594E+01   0.37121E+22
   0.43549E+04   0.15640E+04   0.25599E+01   0.37128E+22
   0.43561E+04   0.15645E+04   0.25604E+01   0.37135E+22
   0.43572E+04   0.15649E+04   0.25609E+01   0.37142E+22
   0.43584E+04   0.15653E+04   0.25614E+01   0.37149E+22
   0.43595E+04   0.15658E+04   0.25619E+01   0.37156E+22
   0.43607E+04   0.15662E+04   0.25624E+01   0.37163E+22
   0.43618E+04   0.15666E+04   0.25629E+01   0.37170E+22
   0.43630E+04   0.15671E+04   0.25634E+01   0.37177E+22
   0.43642E+04   0.15675E+04   0.25639E+01   0.37184E+22
   0.43653E+04   0.15679E+04   0.25644E+01   0.37191E+22
   0.43665E+04   0.15684E+04   0.25649E+01   0.37198E+22
   0.43676E+04   0.15688E+04   0.25654E+01   0.37205E+22
   0.43688E+04   0.15692E+04   0.25659E+01   0.37212E+22
   0.43699E+04   0.15697E+04   0.25664E+01   0.37219E+22
   0.43711E+04   0.15701E+04   0.25669E+01   0.37226E+22
   0.43723E+04   0.15705E+04   0.25674E+01   0.37233E+22
   0.43734E+04   0.15710E+04   0.25679E+01   0.37240E+22
   0.43746E+04   0.15714E+04   0.25684E+01   0.37247E+22
   0.43757E+04   0.15718E+04   0.25689E+01   0.37254E+22
   0.43769E+04   0.15723E+04   0.25694E+01   0.37261E+22
   0.43780E+04   0.15727E+04   0.25699E+01   0.37268E+22
   0.43792E+04   0.15731E+04   0.25704E+01   0.37275E+22
   0.43804E+04   0.15736E+04   0.25709E+01   0.37282E+22
   0.43815E+04   0.15740E+04   0.25714E+01   0.37289E+22
   0.43827E+04   0.15744E+04   0.25719E+01   0.37296E+22
   0.43838E+04   0.15749E+04   0.25724E+01   0.37303E+22
   0.43850E+04   0.15753E+04   0.25729E+01   0.37310E+22
   0.43861E+04   0.15757E+04   0.25734E+01   0.37317E+22
   0.43873E+04   0.15762E+04   0.25739E+01   0.37324E+22
   0.43885E+04   0.15766E+04   0.25744E+01   0.37331E+22
   0.43896E+04   0.15770E+04   0.25749E+01   0.37338E+22
   0.43908E+04   0.15775E+04   0.25754E+01   0.37345E+22
   0.43919E+04   0.15779E+04   0.25759E+01   0.37352E+22
   0.43931E+04   0.15783E+04   0.25764E+01   0.37359E+22
   0.43943E+04   0.15788E+04   0.25769E+01   0.37366E+22
   0.43954E+04   0.15792E+04   0.25774E+01   0.37372E+22
   0.43966E+04   0.15796E+04   0.25779E+01   0.37379E+22
   0.43977E+04   0.15801E+04   0.25784E+01   0.37386E+22
   0.43989E+04   0.15805E+04   0.25789E+01   0.37393E+22
   0.44001E+04   0.15809E+04   0.25794E+01   0.37400E+22
   0.44012E+04   0.15814E+04   0.25799E+01   0.37407E+22
   0.44024E+04   0.15818E+04   0.25804E+01   0.37414E+22
   0.44035E+04   0.15822E+04   0.25809E+01   0.37421E+22
   0.44047E+04   0.15827E+04   0.25814E+01   0.37428E+22
   0.44059E+04   0.15831E+04   0.25819E+01   0.37435E+22
   0.44070E+04   0.15835E+04   0.25824E+01   0.37442E+22
   0.44082E+04   0.15840E+04   0.25829E+01   0.37449E+22
   0.44093E+04   0.15844E+04   0.25834E+01   0.37456E+22
   0.44105E+04   0.15848E+04   0.25839E+01   0.37463E+22
   0.44117E+04   0.15853E+04   0.25844E+01   0.37470E+22
   0.44128E+04   0.15857E+04   0.25849E+01   0.37477E+22
   0.44140E+04   0.15861E+04   0.25854E+01   0.37484E+22
   0.44151E+04   0.15866E+04   0.25859E+01   0.37491E+22
   0.44163E+04   0.15870E+04   0.25864E+01   0.37498E+22
   0.44175E+04   0.15874E+04   0.25869E+01   0.37505E+22
   0.44186E+04   0.15879E+04   0.25874E+01   0.37512E+22
   0.44198E+04   0.15883E+04   0.25879E+01   0.37519E+22
   0.44209E+04   0.15887E+04   0.25884E+01   0.37526E+22
   0.44221E+04   0.15892E+04   0.25889E+01   0.37533E+22
   0.44233E+04   0.15896E+04   0.25894E+01   0.37540E+22
   0.44244E+04   0.15900E+04   0.25899E+01   0.37547E+22
   0.44256E+04   0.15905E+04   0.25904E+01   0.37554E+22
   0.44267E+04   0.15909E+04   0.25909E+01   0.37561E+22
   0.44279E+04   0.15913E+04   0.25914E+01   0.37568E+22
   0.44291E+04   0.15918E+04   0.25919E+01   0.37575E+22
   0.44302E+04   0.15922E+04   0.25924E+01   0.37582E+22
   0.44314E+04   0.15926E+04   0.25929E+01   0.37589E+22
   0.44325E+04   0.15931E+04   0.25934E+01   0.37596E+22
   0.44337E+04   0.15935E+04   0.25939E+01   0.37603E+22
   0.44349E+04   0.15939E+04   0.25944E+01   0.37610E+22
   0.44360E+04   0.15944E+04   0.25949E+01   0.37617E+22
   0.44372E+04   0.15948E+04   0.25954E+01   0.37624E+22
   0.44384E+04   0.15952E+04   0.25959E+01   0.37631E+22
   0.44395E+04   0.15957E+04   0.25964E+01   0.37638E+22
   0.44407E+04   0.15961E+04   0.25969E+01   0.37645E+22
   0.44418E+04   0.15965E+04   0.25974E+01   0.37652E+22
   0.44430E+04   0.15970E+04   0.25979E+01   0.37659E+22
   0.44442E+04   0.15974E+04   0.25984E+01   0.37666E+22
   0.44453E+04   0.15979E+04   0.25989E+01   0.37673E+22
   0.44465E+04   0.15983E+04   0.25994E+01   0.37679E+22
   0.44477E+04   0.15987E+04   0.25999E+01   0.37686E+22
   0.44488E+04   0.15992E+04   0.26004E+01   0.37693E+22
   0.44500E+04   0.15996E+04   0.26009E+01   0.37700E+22
   0.44511E+04   0.16000E+04   0.26014E+01   0.37707E+22
   0.44523E+04   0.16005E+04   0.26019E+01   0.37714E+22
   0.44535E+04   0.16009E+04   0.26024E+01   0.37721E+22
   0.44546E+04   0.16013E+04   0.26029E+01   0.37728E+22
   0.44558E+04   0.16018E+04   0.26034E+01   0.37735E+22
   0.44570E+04   0.16022E+04   0.26039E+01   0.37742E+22
   0.44581E+04   0.16026E+04   0.26044E+01   0.37749E+22
   0.44593E+04   0.16031E+04   0.26049E+01   0.37756E+22
   0.44605E+04   0.16035E+04   0.26054E+01   0.37763E+22
   0.44616E+04   0.16039E+04   0.26059E+01   0.37770E+22
   0.44628E+04   0.16044E+04   0.26064E+01   0.37777E+22
   0.44639E+04   0.16048E+04   0.26069E+01   0.37784E+22
   0.44651E+04   0.16052E+04   0.26074E+01   0.37791E+22
   0.44663E+04   0.16057E+04   0.26079E+01   0.37798E+22
   0.44674E+04   0.16061E+04   0.26084E+01   0.37805E+22
   0.44686E+04   0.16065E+04   0.26089E+01   0.37812E+22
   0.44698E+04   0.16070E+04   0.26094E+01   0.37819E+22
   0.44709E+04   0.16074E+04   0.26099E+01   0.37826E+22
   0.44721E+04   0.16079E+04   0.26104E+01   0.37833E+22
   0.44733E+04   0.16083E+04   0.26109E+01   0.37840E+22
   0.44744E+04   0.16087E+04   0.26114E+01   0.37847E+22
   0.44756E+04   0.16092E+04   0.26119E+01   0.37854E+22
   0.44768E+04   0.16096E+04   0.26124E+01   0.37861E+22
   0.44779E+04   0.16100E+04   0.26129E+01   0.37868E+22
   0.44791E+04   0.16105E+04   0.26134E+01   0.37875E+22
   0.44802E+04   0.16109E+04   0.26139E+01   0.37882E+22
   0.44814E+04   0.16113E+04   0.26144E+01   0.37889E+22
   0.44826E+04   0.16118E+04   0.26149E+01   0.37896E+22
   0.44837E+04   0.16122E+04   0.26154E+01   0.37903E+22
   0.44849E+04   0.16126E+04   0.26159E+01   0.37910E+22
   0.44861E+04   0.16131E+04   0.26164E+01   0.37917E+22
   0.44872E+04   0.16135E+04   0.26169E+01   0.37924E+22
   0.44884E+04   0.16139E+04   0.26174E+01   0.37931E+22
   0.44896E+04   0.16144E+04   0.26179E+01   0.37938E+22
   0.44907E+04   0.16148E+04   0.26184E+01   0.37945E+22
   0.44919E+04   0.16153E+04   0.26189E+01   0.37952E+22
   0.44931E+04   0.16157E+04   0.26194E+01   0.37959E+22
   0.44942E+04   0.16161E+04   0.26199E+01   0.37966E+22
   0.44954E+04   0.16166E+04   0.26204E+01   0.37973E+22
   0.44966E+04   0.16170E+04   0.26209E+01   0.37980E+22
   0.44977E+04   0.16174E+04   0.26214E+01   0.37987E+22
   0.44989E+04   0.16179E+04   0.26219E+01   0.37994E+22
   0.45001E+04   0.16183E+04   0.26224E+01   0.38001E+22
   0.45012E+04   0.16187E+04   0.26229E+01   0.38008E+22
   0.45024E+04   0.16192E+04   0.26234E+01   0.38014E+22
   0.45036E+04   0.16196E+04   0.26239E+01   0.38021E+22
   0.45047E+04   0.16200E+04   0.26244E+01   0.38028E+22
   0.45059E+04   0.16205E+04   0.26249E+01   0.38035E+22
   0.45071E+04   0.16209E+04   0.26254E+01   0.38042E+22
   0.45082E+04   0.16214E+04   0.26259E+01   0.38049E+22
   0.45094E+04   0.16218E+04   0.26264E+01   0.38056E+22
   0.45106E+04   0.16222E+04   0.26269E+01   0.38063E+22
   0.45117E+04   0.16227E+04   0.26274E+01   0.38070E+22
   0.45129E+04   0.16231E+04   0.26279E+01   0.38077E+22
   0.45141E+04   0.16235E+04   0.26284E+01   0.38084E+22
   0.45152E+04   0.16240E+04   0.26289E+01   0.38091E+22
   0.45164E+04   0.16244E+04   0.26294E+01   0.38098E+22
   0.45176E+04   0.16248E+04   0.26299E+01   0.38105E+22
   0.45187E+04   0.16253E+04   0.26304E+01   0.38112E+22
   0.45199E+04   0.16257E+04   0.26309E+01   0.38119E+22
   0.45211E+04   0.16262E+04   0.26314E+01   0.38126E+22
   0.45222E+04   0.16266E+04   0.26319E+01   0.38133E+22
   0.45234E+04   0.16270E+04   0.26324E+01   0.38140E+22
   0.45246E+04   0.16275E+04   0.26329E+01   0.38147E+22
   0.45258E+04   0.16279E+04   0.26334E+01   0.38154E+22
   0.45269E+04   0.16283E+04   0.26339E+01   0.38161E+22
   0.45281E+04   0.16288E+04   0.26344E+01   0.38168E+22
   0.45293E+04   0.16292E+04   0.26349E+01   0.38175E+22
   0.45304E+04   0.16296E+04   0.26354E+01   0.38182E+22
   0.45316E+04   0.16301E+04   0.26359E+01   0.38189E+22
   0.45328E+04   0.16305E+04   0.26364E+01   0.38196E+22
   0.45339E+04   0.16310E+04   0.26369E+01   0.38203E+22
   0.45351E+04   0.16314E+04   0.26374E+01   0.38210E+22
   0.45363E+04   0.16318E+04   0.26379E+01   0.38217E+22
   0.45374E+04   0.16323E+04   0.26384E+01   0.38224E+22
   0.45386E+04   0.16327E+04   0.26389E+01   0.38231E+22
   0.45398E+04   0.16331E+04   0.26394E+01   0.38238E+22
   0.45409E+04   0.16336E+04   0.26399E+01   0.38245E+22
   0.45421E+04   0.16340E+04   0.26404E+01   0.38252E+22
   0.45433E+04   0.16344E+04   0.26409E+01   0.38259E+22
   0.45445E+04   0.16349E+04   0.26414E+01   0.38266E+22
   0.45456E+04   0.16353E+04   0.26419E+01   0.38273E+22
   0.45468E+04   0.16358E+04   0.26424E+01   0.38280E+22
   0.45480E+04   0.16362E+04   0.26429E+01   0.38287E+22
   0.45491E+04   0.16366E+04   0.26434E+01   0.38294E+22
   0.45503E+04   0.16371E+04   0.26439E+01   0.38301E+22
   0.45515E+04   0.16375E+04   0.26444E+01   0.38308E+22
   0.45526E+04   0.16379E+04   0.26449E+01   0.38315E+22
   0.45538E+04   0.16384E+04   0.26454E+01   0.38322E+22
   0.45550E+04   0.16388E+04   0.26459E+01   0.38329E+22
   0.45562E+04   0.16393E+04   0.26464E+01   0.38336E+22
   0.45573E+04   0.16397E+04   0.26469E+01   0.38343E+22
   0.45585E+04   0.16401E+04   0.26474E+01   0.38350E+22
   0.45597E+04   0.16406E+04   0.26479E+01   0.38357E+22
   0.45608E+04   0.16410E+04   0.26484E+01   0.38363E+22
   0.45620E+04   0.16414E+04   0.26489E+01   0.38370E+22
   0.45632E+04   0.16419E+04   0.26494E+01   0.38377E+22
   0.45644E+04   0.16423E+04   0.26499E+01   0.38384E+22
   0.45655E+04   0.16427E+04   0.26504E+01   0.38391E+22
   0.45667E+04   0.16432E+04   0.26509E+01   0.38398E+22
   0.45679E+04   0.16436E+04   0.26514E+01   0.38405E+22
   0.45690E+04   0.16441E+04   0.26519E+01   0.38412E+22
   0.45702E+04   0.16445E+04   0.26524E+01   0.38419E+22
   0.45714E+04   0.16449E+04   0.26529E+01   0.38426E+22
   0.45726E+04   0.16454E+04   0.26534E+01   0.38433E+22
   0.45737E+04   0.16458E+04   0.26539E+01   0.38440E+22
   0.45749E+04   0.16462E+04   0.26544E+01   0.38447E+22
   0.45761E+04   0.16467E+04   0.26549E+01   0.38454E+22
   0.45772E+04   0.16471E+04   0.26554E+01   0.38461E+22
   0.45784E+04   0.16476E+04   0.26559E+01   0.38468E+22
   0.45796E+04   0.16480E+04   0.26564E+01   0.38475E+22
   0.45808E+04   0.16484E+04   0.26569E+01   0.38482E+22
   0.45819E+04   0.16489E+04   0.26574E+01   0.38489E+22
   0.45831E+04   0.16493E+04   0.26579E+01   0.38496E+22
   0.45843E+04   0.16497E+04   0.26584E+01   0.38503E+22
   0.45854E+04   0.16502E+04   0.26589E+01   0.38510E+22
   0.45866E+04   0.16506E+04   0.26594E+01   0.38517E+22
   0.45878E+04   0.16511E+04   0.26599E+01   0.38524E+22
   0.45890E+04   0.16515E+04   0.26604E+01   0.38531E+22
   0.45901E+04   0.16519E+04   0.26609E+01   0.38538E+22
   0.45913E+04   0.16524E+04   0.26614E+01   0.38545E+22
   0.45925E+04   0.16528E+04   0.26619E+01   0.38552E+22
   0.45937E+04   0.16533E+04   0.26624E+01   0.38559E+22
   0.45948E+04   0.16537E+04   0.26629E+01   0.38566E+22
   0.45960E+04   0.16541E+04   0.26634E+01   0.38573E+22
   0.45972E+04   0.16546E+04   0.26639E+01   0.38580E+22
   0.45983E+04   0.16550E+04   0.26644E+01   0.38587E+22
   0.45995E+04   0.16554E+04   0.26649E+01   0.38594E+22
   0.46007E+04   0.16559E+04   0.26654E+01   0.38601E+22
   0.46019E+04   0.16563E+04   0.26659E+01   0.38608E+22
   0.46030E+04   0.16568E+04   0.26664E+01   0.38615E+22
   0.46042E+04   0.16572E+04   0.26669E+01   0.38622E+22
   0.46054E+04   0.16576E+04   0.26674E+01   0.38629E+22
   0.46066E+04   0.16581E+04   0.26679E+01   0.38636E+22
   0.46077E+04   0.16585E+04   0.26684E+01   0.38643E+22
   0.46089E+04   0.16589E+04   0.26689E+01   0.38650E+22
   0.46101E+04   0.16594E+04   0.26694E+01   0.38657E+22
   0.46113E+04   0.16598E+04   0.26699E+01   0.38664E+22
   0.46124E+04   0.16603E+04   0.26704E+01   0.38671E+22
   0.46136E+04   0.16607E+04   0.26709E+01   0.38678E+22
   0.46148E+04   0.16611E+04   0.26714E+01   0.38685E+22
   0.46160E+04   0.16616E+04   0.26719E+01   0.38692E+22
   0.46171E+04   0.16620E+04   0.26724E+01   0.38699E+22
   0.46183E+04   0.16625E+04   0.26729E+01   0.38706E+22
   0.46195E+04   0.16629E+04   0.26734E+01   0.38713E+22
   0.46207E+04   0.16633E+04   0.26739E+01   0.38720E+22
   0.46218E+04   0.16638E+04   0.26744E+01   0.38727E+22
   0.46230E+04   0.16642E+04   0.26749E+01   0.38734E+22
   0.46242E+04   0.16646E+04   0.26754E+01   0.38741E+22
   0.46254E+04   0.16651E+04   0.26759E+01   0.38747E+22
   0.46265E+04   0.16655E+04   0.26764E+01   0.38754E+22
   0.46277E+04   0.16660E+04   0.26769E+01   0.38761E+22
   0.46289E+04   0.16664E+04   0.26774E+01   0.38768E+22
   0.46301E+04   0.16668E+04   0.26779E+01   0.38775E+22
   0.46312E+04   0.16673E+04   0.26784E+01   0.38782E+22
   0.46324E+04   0.16677E+04   0.26789E+01   0.38789E+22
   0.46336E+04   0.16682E+04   0.26794E+01   0.38796E+22
   0.46348E+04   0.16686E+04   0.26799E+01   0.38803E+22
   0.46359E+04   0.16690E+04   0.26804E+01   0.38810E+22
   0.46371E+04   0.16695E+04   0.26809E+01   0.38817E+22
   0.46383E+04   0.16699E+04   0.26814E+01   0.38824E+22
   0.46395E+04   0.16703E+04   0.26819E+01   0.38831E+22
   0.46406E+04   0.16708E+04   0.26824E+01   0.38838E+22
   0.46418E+04   0.16712E+04   0.26829E+01   0.38845E+22
   0.46430E+04   0.16717E+04   0.26834E+01   0.38852E+22
   0.46442E+04   0.16721E+04   0.26839E+01   0.38859E+22
   0.46454E+04   0.16725E+04   0.26844E+01   0.38866E+22
   0.46465E+04   0.16730E+04   0.26849E+01   0.38873E+22
   0.46477E+04   0.16734E+04   0.26854E+01   0.38880E+22
   0.46489E+04   0.16739E+04   0.26859E+01   0.38887E+22
   0.46501E+04   0.16743E+04   0.26864E+01   0.38894E+22
   0.46512E+04   0.16747E+04   0.26869E+01   0.38901E+22
   0.46524E+04   0.16752E+04   0.26874E+01   0.38908E+22
   0.46536E+04   0.16756E+04   0.26879E+01   0.38915E+22
   0.46548E+04   0.16761E+04   0.26884E+01   0.38922E+22
   0.46559E+04   0.16765E+04   0.26889E+01   0.38929E+22
   0.46571E+04   0.16769E+04   0.26894E+01   0.38936E+22
   0.46583E+04   0.16774E+04   0.26899E+01   0.38943E+22
   0.46595E+04   0.16778E+04   0.26904E+01   0.38950E+22
   0.46607E+04   0.16782E+04   0.26909E+01   0.38957E+22
   0.46618E+04   0.16787E+04   0.26914E+01   0.38964E+22
   0.46630E+04   0.16791E+04   0.26919E+01   0.38971E+22
   0.46642E+04   0.16796E+04   0.26924E+01   0.38978E+22
   0.46654E+04   0.16800E+04   0.26929E+01   0.38985E+22
   0.46665E+04   0.16804E+04   0.26934E+01   0.38992E+22
   0.46677E+04   0.16809E+04   0.26939E+01   0.38999E+22
   0.46689E+04   0.16813E+04   0.26944E+01   0.39006E+22
   0.46701E+04   0.16818E+04   0.26949E+01   0.39013E+22
   0.46713E+04   0.16822E+04   0.26954E+01   0.39020E+22
   0.46724E+04   0.16826E+04   0.26959E+01   0.39027E+22
   0.46736E+04   0.16831E+04   0.26964E+01   0.39034E+22
   0.46748E+04   0.16835E+04   0.26969E+01   0.39041E+22
   0.46760E+04   0.16840E+04   0.26974E+01   0.39048E+22
   0.46772E+04   0.16844E+04   0.26979E+01   0.39055E+22
   0.46783E+04   0.16848E+04   0.26984E+01   0.39062E+22
   0.46795E+04   0.16853E+04   0.26989E+01   0.39069E+22
   0.46807E+04   0.16857E+04   0.26994E+01   0.39076E+22
   0.46819E+04   0.16862E+04   0.26999E+01   0.39083E+22
   0.46831E+04   0.16866E+04   0.27004E+01   0.39090E+22
   0.46842E+04   0.16870E+04   0.27009E+01   0.39097E+22
   0.46854E+04   0.16875E+04   0.27014E+01   0.39104E+22
   0.46866E+04   0.16879E+04   0.27019E+01   0.39111E+22
   0.46878E+04   0.16884E+04   0.27024E+01   0.39118E+22
   0.46890E+04   0.16888E+04   0.27029E+01   0.39125E+22
   0.46901E+04   0.16892E+04   0.27034E+01   0.39132E+22
   0.46913E+04   0.16897E+04   0.27039E+01   0.39139E+22
   0.46925E+04   0.16901E+04   0.27044E+01   0.39146E+22
   0.46937E+04   0.16906E+04   0.27049E+01   0.39153E+22
   0.46949E+04   0.16910E+04   0.27054E+01   0.39160E+22
   0.46960E+04   0.16914E+04   0.27059E+01   0.39167E+22
   0.46972E+04   0.16919E+04   0.27064E+01   0.39173E+22
   0.46984E+04   0.16923E+04   0.27069E+01   0.39180E+22
   0.46996E+04   0.16928E+04   0.27074E+01   0.39187E+22
   0.47008E+04   0.16932E+04   0.27079E+01   0.39194E+22
   0.47019E+04   0.16936E+04   0.27084E+01   0.39201E+22
   0.47031E+04   0.16941E+04   0.27089E+01   0.39208E+22
   0.47043E+04   0.16945E+04   0.27094E+01   0.39215E+22
   0.47055E+04   0.16950E+04   0.27099E+01   0.39222E+22
   0.47067E+04   0.16954E+04   0.27104E+01   0.39229E+22
   0.47078E+04   0.16958E+04   0.27109E+01   0.39236E+22
   0.47090E+04   0.16963E+04   0.27114E+01   0.39243E+22
   0.47102E+04   0.16967E+04   0.27119E+01   0.39250E+22
   0.47114E+04   0.16972E+04   0.27124E+01   0.39257E+22
   0.47126E+04   0.16976E+04   0.27129E+01   0.39264E+22
   0.47137E+04   0.16980E+04   0.27134E+01   0.39271E+22
   0.47149E+04   0.16985E+04   0.27139E+01   0.39278E+22
   0.47161E+04   0.16989E+04   0.27144E+01   0.39285E+22
   0.47173E+04   0.16994E+04   0.27149E+01   0.39292E+22
   0.47185E+04   0.16998E+04   0.27154E+01   0.39299E+22
   0.47197E+04   0.17002E+04   0.27159E+01   0.39306E+22
   0.47208E+04   0.17007E+04   0.27164E+01   0.39313E+22
   0.47220E+04   0.17011E+04   0.27169E+01   0.39320E+22
   0.47232E+04   0.17016E+04   0.27174E+01   0.39327E+22
   0.47244E+04   0.17020E+04   0.27179E+01   0.39334E+22
   0.47256E+04   0.17024E+04   0.27184E+01   0.39341E+22
   0.47267E+04   0.17029E+04   0.27189E+01   0.39348E+22
   0.47279E+04   0.17033E+04   0.27194E+01   0.39355E+22
   0.47291E+04   0.17038E+04   0.27199E+01   0.39362E+22
   0.47303E+04   0.17042E+04   0.27204E+01   0.39369E+22
   0.47315E+04   0.17047E+04   0.27209E+01   0.39376E+22
   0.47327E+04   0.17051E+04   0.27214E+01   0.39383E+22
   0.47338E+04   0.17055E+04   0.27219E+01   0.39390E+22
   0.47350E+04   0.17060E+04   0.27224E+01   0.39397E+22
   0.47362E+04   0.17064E+04   0.27229E+01   0.39404E+22
   0.47374E+04   0.17069E+04   0.27234E+01   0.39411E+22
   0.47386E+04   0.17073E+04   0.27239E+01   0.39418E+22
   0.47398E+04   0.17077E+04   0.27244E+01   0.39425E+22
   0.47409E+04   0.17082E+04   0.27249E+01   0.39432E+22
   0.47421E+04   0.17086E+04   0.27254E+01   0.39439E+22
   0.47433E+04   0.17091E+04   0.27259E+01   0.39446E+22
   0.47445E+04   0.17095E+04   0.27264E+01   0.39453E+22
   0.47457E+04   0.17099E+04   0.27269E+01   0.39460E+22
   0.47469E+04   0.17104E+04   0.27274E+01   0.39467E+22
   0.47480E+04   0.17108E+04   0.27279E+01   0.39474E+22
   0.47492E+04   0.17113E+04   0.27284E+01   0.39481E+22
   0.47504E+04   0.17117E+04   0.27289E+01   0.39488E+22
   0.47516E+04   0.17121E+04   0.27294E+01   0.39495E+22
   0.47528E+04   0.17126E+04   0.27299E+01   0.39502E+22
   0.47540E+04   0.17130E+04   0.27304E+01   0.39509E+22
   0.47551E+04   0.17135E+04   0.27309E+01   0.39516E+22
   0.47563E+04   0.17139E+04   0.27314E+01   0.39523E+22
   0.47575E+04   0.17144E+04   0.27319E+01   0.39530E+22
   0.47587E+04   0.17148E+04   0.27324E+01   0.39537E+22
   0.47599E+04   0.17152E+04   0.27329E+01   0.39544E+22
   0.47611E+04   0.17157E+04   0.27334E+01   0.39551E+22
   0.47623E+04   0.17161E+04   0.27339E+01   0.39558E+22
   0.47634E+04   0.17166E+04   0.27344E+01   0.39565E+22
   0.47646E+04   0.17170E+04   0.27349E+01   0.39572E+22
   0.47658E+04   0.17174E+04   0.27354E+01   0.39579E+22
   0.47670E+04   0.17179E+04   0.27359E+01   0.39586E+22
   0.47682E+04   0.17183E+04   0.27364E+01   0.39593E+22
   0.47694E+04   0.17188E+04   0.27369E+01   0.39600E+22
   0.47705E+04   0.17192E+04   0.27374E+01   0.39607E+22
   0.47717E+04   0.17197E+04   0.27379E+01   0.39614E+22
   0.47729E+04   0.17201E+04   0.27384E+01   0.39621E+22
   0.47741E+04   0.17205E+04   0.27389E+01   0.39628E+22
   0.47753E+04   0.17210E+04   0.27394E+01   0.39635E+22
   0.47765E+04   0.17214E+04   0.27399E+01   0.39642E+22
   0.47777E+04   0.17219E+04   0.27404E+01   0.39648E+22
   0.47788E+04   0.17223E+04   0.27409E+01   0.39655E+22
   0.47800E+04   0.17227E+04   0.27414E+01   0.39662E+22
   0.47812E+04   0.17232E+04   0.27419E+01   0.39669E+22
   0.47824E+04   0.17236E+04   0.27424E+01   0.39676E+22
   0.47836E+04   0.17241E+04   0.27429E+01   0.39683E+22
   0.47848E+04   0.17245E+04   0.27434E+01   0.39690E+22
   0.47860E+04   0.17250E+04   0.27439E+01   0.39697E+22
   0.47872E+04   0.17254E+04   0.27444E+01   0.39704E+22
   0.47883E+04   0.17258E+04   0.27449E+01   0.39711E+22
   0.47895E+04   0.17263E+04   0.27454E+01   0.39718E+22
   0.47907E+04   0.17267E+04   0.27459E+01   0.39725E+22
   0.47919E+04   0.17272E+04   0.27464E+01   0.39732E+22
   0.47931E+04   0.17276E+04   0.27469E+01   0.39739E+22
   0.47943E+04   0.17280E+04   0.27474E+01   0.39746E+22
   0.47955E+04   0.17285E+04   0.27479E+01   0.39753E+22
   0.47966E+04   0.17289E+04   0.27484E+01   0.39760E+22
   0.47978E+04   0.17294E+04   0.27489E+01   0.39767E+22
   0.47990E+04   0.17298E+04   0.27494E+01   0.39774E+22
   0.48002E+04   0.17303E+04   0.27499E+01   0.39781E+22
   0.48014E+04   0.17307E+04   0.27504E+01   0.39788E+22
   0.48026E+04   0.17311E+04   0.27509E+01   0.39795E+22
   0.48038E+04   0.17316E+04   0.27514E+01   0.39802E+22
   0.48050E+04   0.17320E+04   0.27519E+01   0.39809E+22
   0.48061E+04   0.17325E+04   0.27524E+01   0.39816E+22
   0.48073E+04   0.17329E+04   0.27529E+01   0.39823E+22
   0.48085E+04   0.17334E+04   0.27534E+01   0.39830E+22
   0.48097E+04   0.17338E+04   0.27539E+01   0.39837E+22
   0.48109E+04   0.17342E+04   0.27544E+01   0.39844E+22
   0.48121E+04   0.17347E+04   0.27549E+01   0.39851E+22
   0.48133E+04   0.17351E+04   0.27554E+01   0.39858E+22
   0.48145E+04   0.17356E+04   0.27559E+01   0.39865E+22
   0.48157E+04   0.17360E+04   0.27564E+01   0.39872E+22
   0.48168E+04   0.17365E+04   0.27569E+01   0.39879E+22
   0.48180E+04   0.17369E+04   0.27574E+01   0.39886E+22
   0.48192E+04   0.17373E+04   0.27579E+01   0.39893E+22
   0.48204E+04   0.17378E+04   0.27584E+01   0.39900E+22
   0.48216E+04   0.17382E+04   0.27589E+01   0.39907E+22
   0.48228E+04   0.17387E+04   0.27594E+01   0.39914E+22
   0.48240E+04   0.17391E+04   0.27599E+01   0.39921E+22
   0.48252E+04   0.17396E+04   0.27604E+01   0.39928E+22
   0.48264E+04   0.17400E+04   0.27609E+01   0.39935E+22
   0.48275E+04   0.17404E+04   0.27614E+01   0.39942E+22
   0.48287E+04   0.17409E+04   0.27619E+01   0.39949E+22
   0.48299E+04   0.17413E+04   0.27624E+01   0.39956E+22
   0.48311E+04   0.17418E+04   0.27629E+01   0.39963E+22
   0.48323E+04   0.17422E+04   0.27634E+01   0.39970E+22
   0.48335E+04   0.17427E+04   0.27639E+01   0.39977E+22
   0.48347E+04   0.17431E+04   0.27644E+01   0.39984E+22
   0.48359E+04   0.17435E+04   0.27649E+01   0.39991E+22
   0.48371E+04   0.17440E+04   0.27654E+01   0.39998E+22
   0.48382E+04   0.17444E+04   0.27659E+01   0.40005E+22
   0.48394E+04   0.17449E+04   0.27664E+01   0.40012E+22
   0.48406E+04   0.17453E+04   0.27669E+01   0.40019E+22
   0.48418E+04   0.17458E+04   0.27674E+01   0.40026E+22
   0.48430E+04   0.17462E+04   0.27679E+01   0.40033E+22
   0.48442E+04   0.17466E+04   0.27684E+01   0.40040E+22
   0.48454E+04   0.17471E+04   0.27689E+01   0.40047E+22
   0.48466E+04   0.17475E+04   0.27694E+01   0.40054E+22
   0.48478E+04   0.17480E+04   0.27699E+01   0.40061E+22
   0.48490E+04   0.17484E+04   0.27704E+01   0.40068E+22
   0.48502E+04   0.17489E+04   0.27709E+01   0.40075E+22
   0.48513E+04   0.17493E+04   0.27714E+01   0.40082E+22
   0.48525E+04   0.17497E+04   0.27719E+01   0.40089E+22
   0.48537E+04   0.17502E+04   0.27724E+01   0.40096E+22
   0.48549E+04   0.17506E+04   0.27729E+01   0.40103E+22
   0.48561E+04   0.17511E+04   0.27734E+01   0.40110E+22
   0.48573E+04   0.17515E+04   0.27739E+01   0.40117E+22
   0.48585E+04   0.17520E+04   0.27744E+01   0.40124E+22
   0.48597E+04   0.17524E+04   0.27749E+01   0.40131E+22
   0.48609E+04   0.17528E+04   0.27754E+01   0.40138E+22
   0.48621E+04   0.17533E+04   0.27759E+01   0.40145E+22
   0.48633E+04   0.17537E+04   0.27764E+01   0.40152E+22
   0.48644E+04   0.17542E+04   0.27769E+01   0.40159E+22
   0.48656E+04   0.17546E+04   0.27774E+01   0.40166E+22
   0.48668E+04   0.17551E+04   0.27779E+01   0.40173E+22
   0.48680E+04   0.17555E+04   0.27784E+01   0.40180E+22
   0.48692E+04   0.17559E+04   0.27789E+01   0.40186E+22
   0.48704E+04   0.17564E+04   0.27794E+01   0.40193E+22
   0.48716E+04   0.17568E+04   0.27799E+01   0.40200E+22
   0.48728E+04   0.17573E+04   0.27804E+01   0.40207E+22
   0.48740E+04   0.17577E+04   0.27809E+01   0.40214E+22
   0.48752E+04   0.17582E+04   0.27814E+01   0.40221E+22
   0.48764E+04   0.17586E+04   0.27819E+01   0.40228E+22
   0.48776E+04   0.17591E+04   0.27824E+01   0.40235E+22
   0.48788E+04   0.17595E+04   0.27829E+01   0.40242E+22
   0.48799E+04   0.17599E+04   0.27834E+01   0.40249E+22
   0.48811E+04   0.17604E+04   0.27839E+01   0.40256E+22
   0.48823E+04   0.17608E+04   0.27844E+01   0.40263E+22
   0.48835E+04   0.17613E+04   0.27849E+01   0.40270E+22
   0.48847E+04   0.17617E+04   0.27854E+01   0.40277E+22
   0.48859E+04   0.17622E+04   0.27859E+01   0.40284E+22
   0.48871E+04   0.17626E+04   0.27864E+01   0.40291E+22
   0.48883E+04   0.17631E+04   0.27869E+01   0.40298E+22
   0.48895E+04   0.17635E+04   0.27874E+01   0.40305E+22
   0.48907E+04   0.17639E+04   0.27879E+01   0.40312E+22
   0.48919E+04   0.17644E+04   0.27884E+01   0.40319E+22
   0.48931E+04   0.17648E+04   0.27889E+01   0.40326E+22
   0.48943E+04   0.17653E+04   0.27894E+01   0.40333E+22
   0.48955E+04   0.17657E+04   0.27899E+01   0.40340E+22
   0.48967E+04   0.17662E+04   0.27904E+01   0.40347E+22
   0.48978E+04   0.17666E+04   0.27909E+01   0.40354E+22
   0.48990E+04   0.17670E+04   0.27914E+01   0.40361E+22
   0.49002E+04   0.17675E+04   0.27919E+01   0.40368E+22
   0.49014E+04   0.17679E+04   0.27924E+01   0.40375E+22
   0.49026E+04   0.17684E+04   0.27929E+01   0.40382E+22
   0.49038E+04   0.17688E+04   0.27934E+01   0.40389E+22
   0.49050E+04   0.17693E+04   0.27939E+01   0.40396E+22
   0.49062E+04   0.17697E+04   0.27944E+01   0.40403E+22
   0.49074E+04   0.17702E+04   0.27949E+01   0.40410E+22
   0.49086E+04   0.17706E+04   0.27954E+01   0.40417E+22
   0.49098E+04   0.17710E+04   0.27959E+01   0.40424E+22
   0.49110E+04   0.17715E+04   0.27964E+01   0.40431E+22
   0.49122E+04   0.17719E+04   0.27969E+01   0.40438E+22
   0.49134E+04   0.17724E+04   0.27974E+01   0.40445E+22
   0.49146E+04   0.17728E+04   0.27979E+01   0.40452E+22
   0.49158E+04   0.17733E+04   0.27984E+01   0.40459E+22
   0.49170E+04   0.17737E+04   0.27989E+01   0.40466E+22
   0.49182E+04   0.17742E+04   0.27994E+01   0.40473E+22
   0.49193E+04   0.17746E+04   0.27999E+01   0.40480E+22
   0.49205E+04   0.17751E+04   0.28004E+01   0.40487E+22
   0.49217E+04   0.17755E+04   0.28009E+01   0.40494E+22
   0.49229E+04   0.17759E+04   0.28014E+01   0.40501E+22
   0.49241E+04   0.17764E+04   0.28019E+01   0.40508E+22
   0.49253E+04   0.17768E+04   0.28024E+01   0.40515E+22
   0.49265E+04   0.17773E+04   0.28029E+01   0.40522E+22
   0.49277E+04   0.17777E+04   0.28034E+01   0.40529E+22
   0.49289E+04   0.17782E+04   0.28039E+01   0.40536E+22
   0.49301E+04   0.17786E+04   0.28044E+01   0.40543E+22
   0.49313E+04   0.17791E+04   0.28049E+01   0.40550E+22
   0.49325E+04   0.17795E+04   0.28054E+01   0.40557E+22
   0.49337E+04   0.17799E+04   0.28059E+01   0.40564E+22
   0.49349E+04   0.17804E+04   0.28064E+01   0.40571E+22
   0.49361E+04   0.17808E+04   0.28069E+01   0.40578E+22
   0.49373E+04   0.17813E+04   0.28074E+01   0.40585E+22
   0.49385E+04   0.17817E+04   0.28079E+01   0.40592E+22
   0.49397E+04   0.17822E+04   0.28084E+01   0.40599E+22
   0.49409E+04   0.17826E+04   0.28089E+01   0.40606E+22
   0.49421E+04   0.17831E+04   0.28094E+01   0.40613E+22
   0.49433E+04   0.17835E+04   0.28099E+01   0.40620E+22
   0.49445E+04   0.17839E+04   0.28104E+01   0.40627E+22
   0.49457E+04   0.17844E+04   0.28109E+01   0.40634E+22
   0.49469E+04   0.17848E+04   0.28114E+01   0.40641E+22
   0.49481E+04   0.17853E+04   0.28119E+01   0.40648E+22
   0.49493E+04   0.17857E+04   0.28124E+01   0.40655E+22
   0.49505E+04   0.17862E+04   0.28129E+01   0.40662E+22
   0.49517E+04   0.17866E+04   0.28134E+01   0.40669E+22
   0.49529E+04   0.17871E+04   0.28139E+01   0.40676E+22
   0.49540E+04   0.17875E+04   0.28144E+01   0.40683E+22
   0.49552E+04   0.17880E+04   0.28149E+01   0.40690E+22
   0.49564E+04   0.17884E+04   0.28154E+01   0.40697E+22
   0.49576E+04   0.17888E+04   0.28159E+01   0.40704E+22
   0.49588E+04   0.17893E+04   0.28164E+01   0.40711E+22
   0.49600E+04   0.17897E+04   0.28169E+01   0.40718E+22
   0.49612E+04   0.17902E+04   0.28174E+01   0.40725E+22
   0.49624E+04   0.17906E+04   0.28179E+01   0.40732E+22
   0.49636E+04   0.17911E+04   0.28184E+01   0.40739E+22
   0.49648E+04   0.17915E+04   0.28189E+01   0.40746E+22
   0.49660E+04   0.17920E+04   0.28194E+01   0.40753E+22
   0.49672E+04   0.17924E+04   0.28199E+01   0.40760E+22
   0.49684E+04   0.17929E+04   0.28204E+01   0.40767E+22
   0.49696E+04   0.17933E+04   0.28209E+01   0.40774E+22
   0.49708E+04   0.17938E+04   0.28214E+01   0.40781E+22
   0.49720E+04   0.17942E+04   0.28219E+01   0.40788E+22
   0.49732E+04   0.17946E+04   0.28224E+01   0.40795E+22
   0.49744E+04   0.17951E+04   0.28229E+01   0.40802E+22
   0.49756E+04   0.17955E+04   0.28234E+01   0.40809E+22
   0.49768E+04   0.17960E+04   0.28239E+01   0.40816E+22
   0.49780E+04   0.17964E+04   0.28244E+01   0.40823E+22
   0.49792E+04   0.17969E+04   0.28249E+01   0.40830E+22
   0.49804E+04   0.17973E+04   0.28254E+01   0.40836E+22
   0.49816E+04   0.17978E+04   0.28259E+01   0.40843E+22
   0.49828E+04   0.17982E+04   0.28264E+01   0.40850E+22
   0.49840E+04   0.17987E+04   0.28269E+01   0.40857E+22
   0.49852E+04   0.17991E+04   0.28274E+01   0.40864E+22
   0.49864E+04   0.17995E+04   0.28279E+01   0.40871E+22
   0.49876E+04   0.18000E+04   0.28284E+01   0.40878E+22
   0.49888E+04   0.18004E+04   0.28289E+01   0.40885E+22
   0.49900E+04   0.18009E+04   0.28294E+01   0.40892E+22
   0.49912E+04   0.18013E+04   0.28299E+01   0.40899E+22
   0.49924E+04   0.18018E+04   0.28304E+01   0.40906E+22
   0.49936E+04   0.18022E+04   0.28309E+01   0.40913E+22
   0.49948E+04   0.18027E+04   0.28314E+01   0.40920E+22
   0.49960E+04   0.18031E+04   0.28319E+01   0.40927E+22
   0.49972E+04   0.18036E+04   0.28324E+01   0.40934E+22
   0.49984E+04   0.18040E+04   0.28329E+01   0.40941E+22
   0.49996E+04   0.18045E+04   0.28334E+01   0.40948E+22
   0.50008E+04   0.18049E+04   0.28339E+01   0.40955E+22
   0.50020E+04   0.18053E+04   0.28344E+01   0.40962E+22
   0.50032E+04   0.18058E+04   0.28349E+01   0.40969E+22
   0.50044E+04   0.18062E+04   0.28354E+01   0.40976E+22
   0.50056E+04   0.18067E+04   0.28359E+01   0.40983E+22
   0.50068E+04   0.18071E+04   0.28364E+01   0.40990E+22
   0.50080E+04   0.18076E+04   0.28369E+01   0.40997E+22
   0.50092E+04   0.18080E+04   0.28374E+01   0.41004E+22
   0.50104E+04   0.18085E+04   0.28379E+01   0.41011E+22
   0.50116E+04   0.18089E+04   0.28384E+01   0.41018E+22
   0.50128E+04   0.18094E+04   0.28389E+01   0.41025E+22
   0.50140E+04   0.18098E+04   0.28394E+01   0.41032E+22
   0.50152E+04   0.18103E+04   0.28399E+01   0.41039E+22
   0.50164E+04   0.18107E+04   0.28404E+01   0.41046E+22
   0.50176E+04   0.18112E+04   0.28409E+01   0.41053E+22
   0.50188E+04   0.18116E+04   0.28414E+01   0.41060E+22
   0.50200E+04   0.18120E+04   0.28419E+01   0.41067E+22
   0.50212E+04   0.18125E+04   0.28424E+01   0.41074E+22
   0.50224E+04   0.18129E+04   0.28429E+01   0.41081E+22
   0.50236E+04   0.18134E+04   0.28434E+01   0.41088E+22
   0.50248E+04   0.18138E+04   0.28439E+01   0.41095E+22
   0.50261E+04   0.18143E+04   0.28444E+01   0.41102E+22
   0.50273E+04   0.18147E+04   0.28449E+01   0.41109E+22
   0.50285E+04   0.18152E+04   0.28454E+01   0.41116E+22
   0.50297E+04   0.18156E+04   0.28459E+01   0.41123E+22
   0.50309E+04   0.18161E+04   0.28464E+01   0.41130E+22
   0.50321E+04   0.18165E+04   0.28469E+01   0.41137E+22
   0.50333E+04   0.18170E+04   0.28474E+01   0.41144E+22
   0.50345E+04   0.18174E+04   0.28479E+01   0.41151E+22
   0.50357E+04   0.18179E+04   0.28484E+01   0.41158E+22
   0.50369E+04   0.18183E+04   0.28489E+01   0.41165E+22
   0.50381E+04   0.18188E+04   0.28494E+01   0.41172E+22
   0.50393E+04   0.18192E+04   0.28499E+01   0.41179E+22
   0.50405E+04   0.18196E+04   0.28504E+01   0.41186E+22
   0.50417E+04   0.18201E+04   0.28509E+01   0.41193E+22
   0.50429E+04   0.18205E+04   0.28514E+01   0.41200E+22
   0.50441E+04   0.18210E+04   0.28519E+01   0.41207E+22
   0.50453E+04   0.18214E+04   0.28524E+01   0.41214E+22
   0.50465E+04   0.18219E+04   0.28529E+01   0.41221E+22
   0.50477E+04   0.18223E+04   0.28534E+01   0.41228E+22
   0.50489E+04   0.18228E+04   0.28539E+01   0.41235E+22
   0.50501E+04   0.18232E+04   0.28544E+01   0.41242E+22
   0.50513E+04   0.18237E+04   0.28549E+01   0.41249E+22
   0.50525E+04   0.18241E+04   0.28554E+01   0.41256E+22
   0.50537E+04   0.18246E+04   0.28559E+01   0.41263E+22
   0.50549E+04   0.18250E+04   0.28564E+01   0.41270E+22
   0.50561E+04   0.18255E+04   0.28569E+01   0.41277E+22
   0.50573E+04   0.18259E+04   0.28574E+01   0.41284E+22
   0.50585E+04   0.18264E+04   0.28579E+01   0.41291E+22
   0.50597E+04   0.18268E+04   0.28584E+01   0.41298E+22
   0.50610E+04   0.18273E+04   0.28589E+01   0.41305E+22
   0.50622E+04   0.18277E+04   0.28594E+01   0.41312E+22
   0.50634E+04   0.18281E+04   0.28599E+01   0.41319E+22
   0.50646E+04   0.18286E+04   0.28604E+01   0.41326E+22
   0.50658E+04   0.18290E+04   0.28609E+01   0.41333E+22
   0.50670E+04   0.18295E+04   0.28614E+01   0.41340E+22
   0.50682E+04   0.18299E+04   0.28619E+01   0.41347E+22
   0.50694E+04   0.18304E+04   0.28624E+01   0.41354E+22
   0.50706E+04   0.18308E+04   0.28629E+01   0.41361E+22
   0.50718E+04   0.18313E+04   0.28634E+01   0.41368E+22
   0.50730E+04   0.18317E+04   0.28639E+01   0.41375E+22
   0.50742E+04   0.18322E+04   0.28644E+01   0.41382E+22
   0.50754E+04   0.18326E+04   0.28649E+01   0.41389E+22
   0.50766E+04   0.18331E+04   0.28654E+01   0.41396E+22
   0.50778E+04   0.18335E+04   0.28659E+01   0.41403E+22
   0.50790E+04   0.18340E+04   0.28664E+01   0.41410E+22
   0.50802E+04   0.18344E+04   0.28669E+01   0.41417E+22
   0.50814E+04   0.18349E+04   0.28674E+01   0.41424E+22
   0.50827E+04   0.18353E+04   0.28679E+01   0.41431E+22
   0.50839E+04   0.18358E+04   0.28684E+01   0.41438E+22
   0.50851E+04   0.18362E+04   0.28689E+01   0.41445E+22
   0.50863E+04   0.18367E+04   0.28694E+01   0.41452E+22
   0.50875E+04   0.18371E+04   0.28699E+01   0.41459E+22
   0.50887E+04   0.18376E+04   0.28704E+01   0.41466E+22
   0.50899E+04   0.18380E+04   0.28709E+01   0.41473E+22
   0.50911E+04   0.18384E+04   0.28714E+01   0.41480E+22
   0.50923E+04   0.18389E+04   0.28719E+01   0.41487E+22
   0.50935E+04   0.18393E+04   0.28724E+01   0.41494E+22
   0.50947E+04   0.18398E+04   0.28729E+01   0.41501E+22
   0.50959E+04   0.18402E+04   0.28734E+01   0.41508E+22
   0.50971E+04   0.18407E+04   0.28739E+01   0.41515E+22
   0.50983E+04   0.18411E+04   0.28744E+01   0.41522E+22
   0.50995E+04   0.18416E+04   0.28749E+01   0.41529E+22
   0.51008E+04   0.18420E+04   0.28754E+01   0.41536E+22
   0.51020E+04   0.18425E+04   0.28759E+01   0.41543E+22
   0.51032E+04   0.18429E+04   0.28764E+01   0.41550E+22
   0.51044E+04   0.18434E+04   0.28769E+01   0.41557E+22
   0.51056E+04   0.18438E+04   0.28774E+01   0.41564E+22
   0.51068E+04   0.18443E+04   0.28779E+01   0.41571E+22
   0.51080E+04   0.18447E+04   0.28784E+01   0.41578E+22
   0.51092E+04   0.18452E+04   0.28789E+01   0.41585E+22
   0.51104E+04   0.18456E+04   0.28794E+01   0.41592E+22
   0.51116E+04   0.18461E+04   0.28799E+01   0.41599E+22
   0.51128E+04   0.18465E+04   0.28804E+01   0.41606E+22
   0.51140E+04   0.18470E+04   0.28809E+01   0.41613E+22
   0.51152E+04   0.18474E+04   0.28814E+01   0.41620E+22
   0.51165E+04   0.18479E+04   0.28819E+01   0.41627E+22
   0.51177E+04   0.18483E+04   0.28824E+01   0.41634E+22
   0.51189E+04   0.18488E+04   0.28829E+01   0.41641E+22
   0.51201E+04   0.18492E+04   0.28834E+01   0.41648E+22
   0.51213E+04   0.18497E+04   0.28839E+01   0.41655E+22
   0.51225E+04   0.18501E+04   0.28844E+01   0.41662E+22
   0.51237E+04   0.18506E+04   0.28849E+01   0.41669E+22
   0.51249E+04   0.18510E+04   0.28854E+01   0.41676E+22
   0.51261E+04   0.18515E+04   0.28859E+01   0.41682E+22
   0.51273E+04   0.18519E+04   0.28864E+01   0.41689E+22
   0.51285E+04   0.18524E+04   0.28869E+01   0.41696E+22
   0.51297E+04   0.18528E+04   0.28874E+01   0.41703E+22
   0.51310E+04   0.18533E+04   0.28879E+01   0.41710E+22
   0.51322E+04   0.18537E+04   0.28884E+01   0.41717E+22
   0.51334E+04   0.18542E+04   0.28889E+01   0.41724E+22
   0.51346E+04   0.18546E+04   0.28894E+01   0.41731E+22
   0.51358E+04   0.18550E+04   0.28899E+01   0.41738E+22
   0.51370E+04   0.18555E+04   0.28904E+01   0.41745E+22
   0.51382E+04   0.18559E+04   0.28909E+01   0.41752E+22
   0.51394E+04   0.18564E+04   0.28914E+01   0.41759E+22
   0.51406E+04   0.18568E+04   0.28919E+01   0.41766E+22
   0.51418E+04   0.18573E+04   0.28924E+01   0.41773E+22
   0.51431E+04   0.18577E+04   0.28929E+01   0.41780E+22
   0.51443E+04   0.18582E+04   0.28934E+01   0.41787E+22
   0.51455E+04   0.18586E+04   0.28939E+01   0.41794E+22
   0.51467E+04   0.18591E+04   0.28944E+01   0.41801E+22
   0.51479E+04   0.18595E+04   0.28949E+01   0.41808E+22
   0.51491E+04   0.18600E+04   0.28954E+01   0.41815E+22
   0.51503E+04   0.18604E+04   0.28959E+01   0.41822E+22
   0.51515E+04   0.18609E+04   0.28964E+01   0.41829E+22
   0.51527E+04   0.18613E+04   0.28969E+01   0.41836E+22
   0.51539E+04   0.18618E+04   0.28974E+01   0.41843E+22
   0.51552E+04   0.18622E+04   0.28979E+01   0.41850E+22
   0.51564E+04   0.18627E+04   0.28984E+01   0.41857E+22
   0.51576E+04   0.18631E+04   0.28989E+01   0.41864E+22
   0.51588E+04   0.18636E+04   0.28994E+01   0.41871E+22
   0.51600E+04   0.18640E+04   0.28999E+01   0.41878E+22
   0.51612E+04   0.18645E+04   0.29004E+01   0.41885E+22
   0.51624E+04   0.18649E+04   0.29009E+01   0.41892E+22
   0.51636E+04   0.18654E+04   0.29014E+01   0.41899E+22
   0.51648E+04   0.18658E+04   0.29019E+01   0.41906E+22
   0.51661E+04   0.18663E+04   0.29024E+01   0.41913E+22
   0.51673E+04   0.18667E+04   0.29029E+01   0.41920E+22
   0.51685E+04   0.18672E+04   0.29034E+01   0.41927E+22
   0.51697E+04   0.18676E+04   0.29039E+01   0.41934E+22
   0.51709E+04   0.18681E+04   0.29044E+01   0.41941E+22
   0.51721E+04   0.18685E+04   0.29049E+01   0.41948E+22
   0.51733E+04   0.18690E+04   0.29054E+01   0.41955E+22
   0.51745E+04   0.18694E+04   0.29059E+01   0.41962E+22
   0.51758E+04   0.18699E+04   0.29064E+01   0.41969E+22
   0.51770E+04   0.18703E+04   0.29069E+01   0.41976E+22
   0.51782E+04   0.18708E+04   0.29074E+01   0.41983E+22
   0.51794E+04   0.18712E+04   0.29079E+01   0.41990E+22
   0.51806E+04   0.18717E+04   0.29084E+01   0.41997E+22
   0.51818E+04   0.18721E+04   0.29089E+01   0.42004E+22
   0.51830E+04   0.18726E+04   0.29094E+01   0.42011E+22
   0.51842E+04   0.18730E+04   0.29099E+01   0.42018E+22
   0.51855E+04   0.18735E+04   0.29104E+01   0.42025E+22
   0.51867E+04   0.18739E+04   0.29109E+01   0.42032E+22
   0.51879E+04   0.18744E+04   0.29114E+01   0.42039E+22
   0.51891E+04   0.18748E+04   0.29119E+01   0.42046E+22
   0.51903E+04   0.18753E+04   0.29124E+01   0.42053E+22
   0.51915E+04   0.18757E+04   0.29129E+01   0.42060E+22
   0.51927E+04   0.18762E+04   0.29134E+01   0.42067E+22
   0.51939E+04   0.18766E+04   0.29139E+01   0.42074E+22
   0.51952E+04   0.18771E+04   0.29144E+01   0.42081E+22
   0.51964E+04   0.18775E+04   0.29149E+01   0.42088E+22
   0.51976E+04   0.18780E+04   0.29154E+01   0.42095E+22
   0.51988E+04   0.18784E+04   0.29159E+01   0.42102E+22
   0.52000E+04   0.18789E+04   0.29164E+01   0.42109E+22
   0.52012E+04   0.18793E+04   0.29169E+01   0.42116E+22
   0.52024E+04   0.18798E+04   0.29174E+01   0.42123E+22
   0.52036E+04   0.18802E+04   0.29179E+01   0.42130E+22
   0.52049E+04   0.18807E+04   0.29184E+01   0.42137E+22
   0.52061E+04   0.18811E+04   0.29189E+01   0.42144E+22
   0.52073E+04   0.18816E+04   0.29194E+01   0.42151E+22
   0.52085E+04   0.18820E+04   0.29199E+01   0.42158E+22
   0.52097E+04   0.18825E+04   0.29204E+01   0.42165E+22
   0.52109E+04   0.18829E+04   0.29209E+01   0.42172E+22
   0.52121E+04   0.18834E+04   0.29214E+01   0.42179E+22
   0.52134E+04   0.18838E+04   0.29219E+01   0.42186E+22
   0.52146E+04   0.18843E+04   0.29224E+01   0.42193E+22
   0.52158E+04   0.18847E+04   0.29229E+01   0.42200E+22
   0.52170E+04   0.18852E+04   0.29234E+01   0.42207E+22
   0.52182E+04   0.18856E+04   0.29239E+01   0.42214E+22
   0.52194E+04   0.18861E+04   0.29244E+01   0.42221E+22
   0.52207E+04   0.18865E+04   0.29249E+01   0.42228E+22
   0.52219E+04   0.18870E+04   0.29254E+01   0.42235E+22
   0.52231E+04   0.18874E+04   0.29259E+01   0.42242E+22
   0.52243E+04   0.18879E+04   0.29264E+01   0.42249E+22
   0.52255E+04   0.18883E+04   0.29269E+01   0.42256E+22
   0.52267E+04   0.18888E+04   0.29274E+01   0.42263E+22
   0.52279E+04   0.18892E+04   0.29279E+01   0.42270E+22
   0.52292E+04   0.18897E+04   0.29284E+01   0.42277E+22
   0.52304E+04   0.18902E+04   0.29289E+01   0.42284E+22
   0.52316E+04   0.18906E+04   0.29294E+01   0.42291E+22
   0.52328E+04   0.18911E+04   0.29299E+01   0.42298E+22
   0.52340E+04   0.18915E+04   0.29304E+01   0.42305E+22
   0.52352E+04   0.18920E+04   0.29309E+01   0.42312E+22
   0.52365E+04   0.18924E+04   0.29314E+01   0.42319E+22
   0.52377E+04   0.18929E+04   0.29319E+01   0.42326E+22
   0.52389E+04   0.18933E+04   0.29324E+01   0.42333E+22
   0.52401E+04   0.18938E+04   0.29329E+01   0.42340E+22
   0.52413E+04   0.18942E+04   0.29334E+01   0.42347E+22
   0.52425E+04   0.18947E+04   0.29339E+01   0.42354E+22
   0.52437E+04   0.18951E+04   0.29344E+01   0.42361E+22
   0.52450E+04   0.18956E+04   0.29349E+01   0.42368E+22
   0.52462E+04   0.18960E+04   0.29354E+01   0.42375E+22
   0.52474E+04   0.18965E+04   0.29359E+01   0.42382E+22
   0.52486E+04   0.18969E+04   0.29364E+01   0.42389E+22
   0.52498E+04   0.18974E+04   0.29369E+01   0.42396E+22
   0.52510E+04   0.18978E+04   0.29374E+01   0.42403E+22
   0.52523E+04   0.18983E+04   0.29379E+01   0.42410E+22
   0.52535E+04   0.18987E+04   0.29384E+01   0.42417E+22
   0.52547E+04   0.18992E+04   0.29389E+01   0.42424E+22
   0.52559E+04   0.18996E+04   0.29394E+01   0.42431E+22
   0.52571E+04   0.19001E+04   0.29399E+01   0.42438E+22
   0.52584E+04   0.19005E+04   0.29404E+01   0.42445E+22
   0.52596E+04   0.19010E+04   0.29409E+01   0.42452E+22
   0.52608E+04   0.19014E+04   0.29414E+01   0.42459E+22
   0.52620E+04   0.19019E+04   0.29419E+01   0.42466E+22
   0.52632E+04   0.19023E+04   0.29424E+01   0.42473E+22
   0.52644E+04   0.19028E+04   0.29429E+01   0.42480E+22
   0.52657E+04   0.19032E+04   0.29434E+01   0.42487E+22
   0.52669E+04   0.19037E+04   0.29439E+01   0.42494E+22
   0.52681E+04   0.19041E+04   0.29444E+01   0.42501E+22
   0.52693E+04   0.19046E+04   0.29449E+01   0.42508E+22
   0.52705E+04   0.19050E+04   0.29454E+01   0.42515E+22
   0.52717E+04   0.19055E+04   0.29459E+01   0.42522E+22
   0.52730E+04   0.19059E+04   0.29464E+01   0.42529E+22
   0.52742E+04   0.19064E+04   0.29469E+01   0.42536E+22
   0.52754E+04   0.19069E+04   0.29474E+01   0.42543E+22
   0.52766E+04   0.19073E+04   0.29479E+01   0.42550E+22
   0.52778E+04   0.19078E+04   0.29484E+01   0.42557E+22
   0.52791E+04   0.19082E+04   0.29489E+01   0.42564E+22
   0.52803E+04   0.19087E+04   0.29494E+01   0.42571E+22
   0.52815E+04   0.19091E+04   0.29499E+01   0.42578E+22
   0.52827E+04   0.19096E+04   0.29504E+01   0.42585E+22
   0.52839E+04   0.19100E+04   0.29509E+01   0.42592E+22
   0.52852E+04   0.19105E+04   0.29514E+01   0.42599E+22
   0.52864E+04   0.19109E+04   0.29519E+01   0.42606E+22
   0.52876E+04   0.19114E+04   0.29524E+01   0.42613E+22
   0.52888E+04   0.19118E+04   0.29529E+01   0.42620E+22
   0.52900E+04   0.19123E+04   0.29534E+01   0.42627E+22
   0.52912E+04   0.19127E+04   0.29539E+01   0.42634E+22
   0.52925E+04   0.19132E+04   0.29544E+01   0.42641E+22
   0.52937E+04   0.19136E+04   0.29549E+01   0.42648E+22
   0.52949E+04   0.19141E+04   0.29554E+01   0.42655E+22
   0.52961E+04   0.19145E+04   0.29559E+01   0.42662E+22
   0.52973E+04   0.19150E+04   0.29564E+01   0.42669E+22
   0.52986E+04   0.19154E+04   0.29569E+01   0.42676E+22
   0.52998E+04   0.19159E+04   0.29574E+01   0.42683E+22
   0.53010E+04   0.19163E+04   0.29579E+01   0.42690E+22
   0.53022E+04   0.19168E+04   0.29584E+01   0.42697E+22
   0.53034E+04   0.19173E+04   0.29589E+01   0.42704E+22
   0.53047E+04   0.19177E+04   0.29594E+01   0.42711E+22
   0.53059E+04   0.19182E+04   0.29599E+01   0.42718E+22
   0.53071E+04   0.19186E+04   0.29604E+01   0.42725E+22
   0.53083E+04   0.19191E+04   0.29609E+01   0.42732E+22
   0.53095E+04   0.19195E+04   0.29614E+01   0.42739E+22
   0.53108E+04   0.19200E+04   0.29619E+01   0.42746E+22
   0.53120E+04   0.19204E+04   0.29624E+01   0.42753E+22
   0.53132E+04   0.19209E+04   0.29629E+01   0.42760E+22
   0.53144E+04   0.19213E+04   0.29634E+01   0.42767E+22
   0.53156E+04   0.19218E+04   0.29639E+01   0.42774E+22
   0.53169E+04   0.19222E+04   0.29644E+01   0.42781E+22
   0.53181E+04   0.19227E+04   0.29649E+01   0.42788E+22
   0.53193E+04   0.19231E+04   0.29654E+01   0.42795E+22
   0.53205E+04   0.19236E+04   0.29659E+01   0.42802E+22
   0.53218E+04   0.19240E+04   0.29664E+01   0.42809E+22
   0.53230E+04   0.19245E+04   0.29669E+01   0.42816E+22
   0.53242E+04   0.19249E+04   0.29674E+01   0.42823E+22
   0.53254E+04   0.19254E+04   0.29679E+01   0.42830E+22
   0.53266E+04   0.19259E+04   0.29684E+01   0.42837E+22
   0.53279E+04   0.19263E+04   0.29689E+01   0.42844E+22
   0.53291E+04   0.19268E+04   0.29694E+01   0.42851E+22
   0.53303E+04   0.19272E+04   0.29699E+01   0.42858E+22
   0.53315E+04   0.19277E+04   0.29704E+01   0.42865E+22
   0.53328E+04   0.19281E+04   0.29709E+01   0.42872E+22
   0.53340E+04   0.19286E+04   0.29714E+01   0.42879E+22
   0.53352E+04   0.19290E+04   0.29719E+01   0.42886E+22
   0.53364E+04   0.19295E+04   0.29724E+01   0.42893E+22
   0.53376E+04   0.19299E+04   0.29729E+01   0.42900E+22
   0.53389E+04   0.19304E+04   0.29734E+01   0.42907E+22
   0.53401E+04   0.19308E+04   0.29739E+01   0.42914E+22
   0.53413E+04   0.19313E+04   0.29744E+01   0.42921E+22
   0.53425E+04   0.19317E+04   0.29749E+01   0.42928E+22
   0.53438E+04   0.19322E+04   0.29754E+01   0.42935E+22
   0.53450E+04   0.19326E+04   0.29759E+01   0.42942E+22
   0.53462E+04   0.19331E+04   0.29764E+01   0.42949E+22
   0.53474E+04   0.19336E+04   0.29769E+01   0.42956E+22
   0.53486E+04   0.19340E+04   0.29774E+01   0.42963E+22
   0.53499E+04   0.19345E+04   0.29779E+01   0.42970E+22
   0.53511E+04   0.19349E+04   0.29784E+01   0.42977E+22
   0.53523E+04   0.19354E+04   0.29789E+01   0.42984E+22
   0.53535E+04   0.19358E+04   0.29794E+01   0.42991E+22
   0.53548E+04   0.19363E+04   0.29799E+01   0.42998E+22
   0.53560E+04   0.19367E+04   0.29804E+01   0.43005E+22
   0.53572E+04   0.19372E+04   0.29809E+01   0.43012E+22
   0.53584E+04   0.19376E+04   0.29814E+01   0.43019E+22
   0.53597E+04   0.19381E+04   0.29819E+01   0.43026E+22
   0.53609E+04   0.19385E+04   0.29824E+01   0.43033E+22
   0.53621E+04   0.19390E+04   0.29829E+01   0.43040E+22
   0.53633E+04   0.19394E+04   0.29834E+01   0.43047E+22
   0.53645E+04   0.19399E+04   0.29839E+01   0.43054E+22
   0.53658E+04   0.19404E+04   0.29844E+01   0.43061E+22
   0.53670E+04   0.19408E+04   0.29849E+01   0.43068E+22
   0.53682E+04   0.19413E+04   0.29854E+01   0.43075E+22
   0.53694E+04   0.19417E+04   0.29859E+01   0.43082E+22
   0.53707E+04   0.19422E+04   0.29864E+01   0.43089E+22
   0.53719E+04   0.19426E+04   0.29869E+01   0.43096E+22
   0.53731E+04   0.19431E+04   0.29874E+01   0.43103E+22
   0.53743E+04   0.19435E+04   0.29879E+01   0.43110E+22
   0.53756E+04   0.19440E+04   0.29884E+01   0.43117E+22
   0.53768E+04   0.19444E+04   0.29889E+01   0.43124E+22
   0.53780E+04   0.19449E+04   0.29894E+01   0.43131E+22
   0.53792E+04   0.19453E+04   0.29899E+01   0.43138E+22
   0.53805E+04   0.19458E+04   0.29904E+01   0.43145E+22
   0.53817E+04   0.19463E+04   0.29909E+01   0.43152E+22
   0.53829E+04   0.19467E+04   0.29914E+01   0.43159E+22
   0.53841E+04   0.19472E+04   0.29919E+01   0.43166E+22
   0.53854E+04   0.19476E+04   0.29924E+01   0.43173E+22
   0.53866E+04   0.19481E+04   0.29929E+01   0.43180E+22
   0.53878E+04   0.19485E+04   0.29934E+01   0.43187E+22
   0.53890E+04   0.19490E+04   0.29939E+01   0.43194E+22
   0.53903E+04   0.19494E+04   0.29944E+01   0.43201E+22
   0.53915E+04   0.19499E+04   0.29949E+01   0.43208E+22
   0.53927E+04   0.19503E+04   0.29954E+01   0.43215E+22
   0.53939E+04   0.19508E+04   0.29959E+01   0.43222E+22
   0.53952E+04   0.19512E+04   0.29964E+01   0.43228E+22
   0.53964E+04   0.19517E+04   0.29969E+01   0.43235E+22
   0.53976E+04   0.19522E+04   0.29974E+01   0.43242E+22
   0.53988E+04   0.19526E+04   0.29979E+01   0.43249E+22
   0.54001E+04   0.19531E+04   0.29984E+01   0.43256E+22
   0.54013E+04   0.19535E+04   0.29989E+01   0.43263E+22
   0.54025E+04   0.19540E+04   0.29994E+01   0.43270E+22
   0.54038E+04   0.19544E+04   0.29999E+01   0.43277E+22
   0.54050E+04   0.19549E+04   0.30004E+01   0.43284E+22
   0.54062E+04   0.19553E+04   0.30009E+01   0.43291E+22
   0.54074E+04   0.19558E+04   0.30014E+01   0.43298E+22
   0.54087E+04   0.19562E+04   0.30019E+01   0.43305E+22
   0.54099E+04   0.19567E+04   0.30024E+01   0.43312E+22
   0.54111E+04   0.19572E+04   0.30029E+01   0.43319E+22
   0.54123E+04   0.19576E+04   0.30034E+01   0.43326E+22
   0.54136E+04   0.19581E+04   0.30039E+01   0.43333E+22
   0.54148E+04   0.19585E+04   0.30044E+01   0.43340E+22
   0.54160E+04   0.19590E+04   0.30049E+01   0.43347E+22
   0.54172E+04   0.19594E+04   0.30054E+01   0.43354E+22
   0.54185E+04   0.19599E+04   0.30059E+01   0.43361E+22
   0.54197E+04   0.19603E+04   0.30064E+01   0.43368E+22
   0.54209E+04   0.19608E+04   0.30069E+01   0.43375E+22
   0.54222E+04   0.19612E+04   0.30074E+01   0.43382E+22
   0.54234E+04   0.19617E+04   0.30079E+01   0.43389E+22
   0.54246E+04   0.19622E+04   0.30084E+01   0.43396E+22
   0.54258E+04   0.19626E+04   0.30089E+01   0.43403E+22
   0.54271E+04   0.19631E+04   0.30094E+01   0.43410E+22
   0.54283E+04   0.19635E+04   0.30099E+01   0.43417E+22
   0.54295E+04   0.19640E+04   0.30104E+01   0.43424E+22
   0.54308E+04   0.19644E+04   0.30109E+01   0.43431E+22
   0.54320E+04   0.19649E+04   0.30114E+01   0.43438E+22
   0.54332E+04   0.19653E+04   0.30119E+01   0.43445E+22
   0.54344E+04   0.19658E+04   0.30124E+01   0.43452E+22
   0.54357E+04   0.19662E+04   0.30129E+01   0.43459E+22
   0.54369E+04   0.19667E+04   0.30134E+01   0.43466E+22
   0.54381E+04   0.19672E+04   0.30139E+01   0.43473E+22
   0.54394E+04   0.19676E+04   0.30144E+01   0.43480E+22
   0.54406E+04   0.19681E+04   0.30149E+01   0.43487E+22
   0.54418E+04   0.19685E+04   0.30154E+01   0.43494E+22
   0.54430E+04   0.19690E+04   0.30159E+01   0.43501E+22
   0.54443E+04   0.19694E+04   0.30164E+01   0.43508E+22
   0.54455E+04   0.19699E+04   0.30169E+01   0.43515E+22
   0.54467E+04   0.19703E+04   0.30174E+01   0.43522E+22
   0.54480E+04   0.19708E+04   0.30179E+01   0.43529E+22
   0.54492E+04   0.19713E+04   0.30184E+01   0.43536E+22
   0.54504E+04   0.19717E+04   0.30189E+01   0.43543E+22
   0.54516E+04   0.19722E+04   0.30194E+01   0.43550E+22
   0.54529E+04   0.19726E+04   0.30199E+01   0.43557E+22
   0.54541E+04   0.19731E+04   0.30204E+01   0.43564E+22
   0.54553E+04   0.19735E+04   0.30209E+01   0.43571E+22
   0.54566E+04   0.19740E+04   0.30214E+01   0.43578E+22
   0.54578E+04   0.19744E+04   0.30219E+01   0.43585E+22
   0.54590E+04   0.19749E+04   0.30224E+01   0.43592E+22
   0.54602E+04   0.19753E+04   0.30229E+01   0.43599E+22
   0.54615E+04   0.19758E+04   0.30234E+01   0.43606E+22
   0.54627E+04   0.19763E+04   0.30239E+01   0.43613E+22
   0.54639E+04   0.19767E+04   0.30244E+01   0.43620E+22
   0.54652E+04   0.19772E+04   0.30249E+01   0.43627E+22
   0.54664E+04   0.19776E+04   0.30254E+01   0.43634E+22
   0.54676E+04   0.19781E+04   0.30259E+01   0.43641E+22
   0.54689E+04   0.19785E+04   0.30264E+01   0.43648E+22
   0.54701E+04   0.19790E+04   0.30269E+01   0.43655E+22
   0.54713E+04   0.19794E+04   0.30274E+01   0.43662E+22
   0.54725E+04   0.19799E+04   0.30279E+01   0.43669E+22
   0.54738E+04   0.19804E+04   0.30284E+01   0.43676E+22
   0.54750E+04   0.19808E+04   0.30289E+01   0.43683E+22
   0.54762E+04   0.19813E+04   0.30294E+01   0.43690E+22
   0.54775E+04   0.19817E+04   0.30299E+01   0.43697E+22
   0.54787E+04   0.19822E+04   0.30304E+01   0.43704E+22
   0.54799E+04   0.19826E+04   0.30309E+01   0.43711E+22
   0.54812E+04   0.19831E+04   0.30314E+01   0.43718E+22
   0.54824E+04   0.19836E+04   0.30319E+01   0.43725E+22
   0.54836E+04   0.19840E+04   0.30324E+01   0.43732E+22
   0.54849E+04   0.19845E+04   0.30329E+01   0.43739E+22
   0.54861E+04   0.19849E+04   0.30334E+01   0.43746E+22
   0.54873E+04   0.19854E+04   0.30339E+01   0.43753E+22
   0.54886E+04   0.19858E+04   0.30344E+01   0.43760E+22
   0.54898E+04   0.19863E+04   0.30349E+01   0.43767E+22
   0.54910E+04   0.19867E+04   0.30354E+01   0.43774E+22
   0.54922E+04   0.19872E+04   0.30359E+01   0.43781E+22
   0.54935E+04   0.19877E+04   0.30364E+01   0.43788E+22
   0.54947E+04   0.19881E+04   0.30369E+01   0.43795E+22
   0.54959E+04   0.19886E+04   0.30374E+01   0.43802E+22
   0.54972E+04   0.19890E+04   0.30379E+01   0.43809E+22
   0.54984E+04   0.19895E+04   0.30384E+01   0.43816E+22
   0.54996E+04   0.19899E+04   0.30389E+01   0.43823E+22
   0.55009E+04   0.19904E+04   0.30394E+01   0.43830E+22
   0.55021E+04   0.19908E+04   0.30399E+01   0.43837E+22
   0.55033E+04   0.19913E+04   0.30404E+01   0.43844E+22
   0.55046E+04   0.19918E+04   0.30409E+01   0.43851E+22
   0.55058E+04   0.19922E+04   0.30414E+01   0.43858E+22
   0.55070E+04   0.19927E+04   0.30419E+01   0.43865E+22
   0.55083E+04   0.19931E+04   0.30424E+01   0.43872E+22
   0.55095E+04   0.19936E+04   0.30429E+01   0.43879E+22
   0.55107E+04   0.19940E+04   0.30434E+01   0.43886E+22
   0.55120E+04   0.19945E+04   0.30439E+01   0.43893E+22
   0.55132E+04   0.19950E+04   0.30444E+01   0.43900E+22
   0.55144E+04   0.19954E+04   0.30449E+01   0.43907E+22
   0.55157E+04   0.19959E+04   0.30454E+01   0.43914E+22
   0.55169E+04   0.19963E+04   0.30459E+01   0.43921E+22
   0.55181E+04   0.19968E+04   0.30464E+01   0.43928E+22
   0.55194E+04   0.19972E+04   0.30469E+01   0.43935E+22
   0.55206E+04   0.19977E+04   0.30474E+01   0.43942E+22
   0.55218E+04   0.19981E+04   0.30479E+01   0.43949E+22
   0.55231E+04   0.19986E+04   0.30484E+01   0.43956E+22
   0.55243E+04   0.19991E+04   0.30489E+01   0.43963E+22
   0.55255E+04   0.19995E+04   0.30494E+01   0.43970E+22
   0.55268E+04   0.20000E+04   0.30499E+01   0.43977E+22
   0.55280E+04   0.20004E+04   0.30504E+01   0.43984E+22
   0.55292E+04   0.20009E+04   0.30509E+01   0.43991E+22
   0.55305E+04   0.20013E+04   0.30514E+01   0.43998E+22
   0.55317E+04   0.20018E+04   0.30519E+01   0.44005E+22
   0.55329E+04   0.20023E+04   0.30524E+01   0.44012E+22
   0.55342E+04   0.20027E+04   0.30529E+01   0.44019E+22
   0.55354E+04   0.20032E+04   0.30534E+01   0.44026E+22
   0.55366E+04   0.20036E+04   0.30539E+01   0.44033E+22
   0.55379E+04   0.20041E+04   0.30544E+01   0.44040E+22
   0.55391E+04   0.20045E+04   0.30549E+01   0.44047E+22
   0.55403E+04   0.20050E+04   0.30554E+01   0.44054E+22
   0.55416E+04   0.20055E+04   0.30559E+01   0.44061E+22
   0.55428E+04   0.20059E+04   0.30564E+01   0.44068E+22
   0.55441E+04   0.20064E+04   0.30569E+01   0.44075E+22
   0.55453E+04   0.20068E+04   0.30574E+01   0.44082E+22
   0.55465E+04   0.20073E+04   0.30579E+01   0.44089E+22
   0.55478E+04   0.20077E+04   0.30584E+01   0.44096E+22
   0.55490E+04   0.20082E+04   0.30589E+01   0.44103E+22
   0.55502E+04   0.20087E+04   0.30594E+01   0.44110E+22
   0.55515E+04   0.20091E+04   0.30599E+01   0.44117E+22
   0.55527E+04   0.20096E+04   0.30604E+01   0.44124E+22
   0.55539E+04   0.20100E+04   0.30609E+01   0.44131E+22
   0.55552E+04   0.20105E+04   0.30614E+01   0.44138E+22
   0.55564E+04   0.20109E+04   0.30619E+01   0.44145E+22
   0.55576E+04   0.20114E+04   0.30624E+01   0.44152E+22
   0.55589E+04   0.20119E+04   0.30629E+01   0.44159E+22
   0.55601E+04   0.20123E+04   0.30634E+01   0.44166E+22
   0.55613E+04   0.20128E+04   0.30639E+01   0.44173E+22
   0.55626E+04   0.20132E+04   0.30644E+01   0.44180E+22
   0.55638E+04   0.20137E+04   0.30649E+01   0.44187E+22
   0.55651E+04   0.20141E+04   0.30654E+01   0.44194E+22
   0.55663E+04   0.20146E+04   0.30659E+01   0.44201E+22
   0.55675E+04   0.20151E+04   0.30664E+01   0.44208E+22
   0.55688E+04   0.20155E+04   0.30669E+01   0.44215E+22
   0.55700E+04   0.20160E+04   0.30674E+01   0.44222E+22
   0.55712E+04   0.20164E+04   0.30679E+01   0.44229E+22
   0.55725E+04   0.20169E+04   0.30684E+01   0.44236E+22
   0.55737E+04   0.20173E+04   0.30689E+01   0.44243E+22
   0.55749E+04   0.20178E+04   0.30694E+01   0.44250E+22
   0.55762E+04   0.20183E+04   0.30699E+01   0.44257E+22
   0.55774E+04   0.20187E+04   0.30704E+01   0.44264E+22
   0.55787E+04   0.20192E+04   0.30709E+01   0.44271E+22
   0.55799E+04   0.20196E+04   0.30714E+01   0.44278E+22
   0.55811E+04   0.20201E+04   0.30719E+01   0.44285E+22
   0.55824E+04   0.20205E+04   0.30724E+01   0.44292E+22
   0.55836E+04   0.20210E+04   0.30729E+01   0.44299E+22
   0.55848E+04   0.20215E+04   0.30734E+01   0.44306E+22
   0.55861E+04   0.20219E+04   0.30739E+01   0.44313E+22
   0.55873E+04   0.20224E+04   0.30744E+01   0.44320E+22
   0.55886E+04   0.20228E+04   0.30749E+01   0.44327E+22
   0.55898E+04   0.20233E+04   0.30754E+01   0.44334E+22
   0.55910E+04   0.20238E+04   0.30759E+01   0.44341E+22
   0.55923E+04   0.20242E+04   0.30764E+01   0.44348E+22
   0.55935E+04   0.20247E+04   0.30769E+01   0.44355E+22
   0.55947E+04   0.20251E+04   0.30774E+01   0.44362E+22
   0.55960E+04   0.20256E+04   0.30779E+01   0.44369E+22
   0.55972E+04   0.20260E+04   0.30784E+01   0.44376E+22
   0.55985E+04   0.20265E+04   0.30789E+01   0.44383E+22
   0.55997E+04   0.20270E+04   0.30794E+01   0.44390E+22
   0.56009E+04   0.20274E+04   0.30799E+01   0.44397E+22
   0.56022E+04   0.20279E+04   0.30804E+01   0.44404E+22
   0.56034E+04   0.20283E+04   0.30809E+01   0.44411E+22
   0.56047E+04   0.20288E+04   0.30814E+01   0.44418E+22
   0.56059E+04   0.20292E+04   0.30819E+01   0.44425E+22
   0.56071E+04   0.20297E+04   0.30824E+01   0.44432E+22
   0.56084E+04   0.20302E+04   0.30829E+01   0.44439E+22
   0.56096E+04   0.20306E+04   0.30834E+01   0.44446E+22
   0.56108E+04   0.20311E+04   0.30839E+01   0.44453E+22
   0.56121E+04   0.20315E+04   0.30844E+01   0.44460E+22
   0.56133E+04   0.20320E+04   0.30849E+01   0.44467E+22
   0.56146E+04   0.20325E+04   0.30854E+01   0.44474E+22
   0.56158E+04   0.20329E+04   0.30859E+01   0.44481E+22
   0.56170E+04   0.20334E+04   0.30864E+01   0.44488E+22
   0.56183E+04   0.20338E+04   0.30869E+01   0.44495E+22
   0.56195E+04   0.20343E+04   0.30874E+01   0.44502E+22
   0.56208E+04   0.20347E+04   0.30879E+01   0.44509E+22
   0.56220E+04   0.20352E+04   0.30884E+01   0.44516E+22
   0.56232E+04   0.20357E+04   0.30889E+01   0.44523E+22
   0.56245E+04   0.20361E+04   0.30894E+01   0.44530E+22
   0.56257E+04   0.20366E+04   0.30899E+01   0.44537E+22
   0.56270E+04   0.20370E+04   0.30904E+01   0.44544E+22
   0.56282E+04   0.20375E+04   0.30909E+01   0.44551E+22
   0.56294E+04   0.20380E+04   0.30914E+01   0.44558E+22
   0.56307E+04   0.20384E+04   0.30919E+01   0.44565E+22
   0.56319E+04   0.20389E+04   0.30924E+01   0.44572E+22
   0.56332E+04   0.20393E+04   0.30929E+01   0.44579E+22
   0.56344E+04   0.20398E+04   0.30934E+01   0.44586E+22
   0.56356E+04   0.20402E+04   0.30939E+01   0.44593E+22
   0.56369E+04   0.20407E+04   0.30944E+01   0.44600E+22
   0.56381E+04   0.20412E+04   0.30949E+01   0.44607E+22
   0.56394E+04   0.20416E+04   0.30954E+01   0.44614E+22
   0.56406E+04   0.20421E+04   0.30959E+01   0.44621E+22
   0.56418E+04   0.20425E+04   0.30964E+01   0.44628E+22
   0.56431E+04   0.20430E+04   0.30969E+01   0.44635E+22
   0.56443E+04   0.20435E+04   0.30974E+01   0.44642E+22
   0.56456E+04   0.20439E+04   0.30979E+01   0.44649E+22
   0.56468E+04   0.20444E+04   0.30984E+01   0.44656E+22
   0.56481E+04   0.20448E+04   0.30989E+01   0.44663E+22
   0.56493E+04   0.20453E+04   0.30994E+01   0.44670E+22
   0.56505E+04   0.20458E+04   0.30999E+01   0.44677E+22
   0.56518E+04   0.20462E+04   0.31004E+01   0.44684E+22
   0.56530E+04   0.20467E+04   0.31009E+01   0.44691E+22
   0.56543E+04   0.20471E+04   0.31014E+01   0.44698E+22
   0.56555E+04   0.20476E+04   0.31019E+01   0.44705E+22
   0.56567E+04   0.20480E+04   0.31024E+01   0.44712E+22
   0.56580E+04   0.20485E+04   0.31029E+01   0.44719E+22
   0.56592E+04   0.20490E+04   0.31034E+01   0.44726E+22
   0.56605E+04   0.20494E+04   0.31039E+01   0.44733E+22
   0.56617E+04   0.20499E+04   0.31044E+01   0.44740E+22
   0.56630E+04   0.20503E+04   0.31049E+01   0.44747E+22
   0.56642E+04   0.20508E+04   0.31054E+01   0.44754E+22
   0.56654E+04   0.20513E+04   0.31059E+01   0.44761E+22
   0.56667E+04   0.20517E+04   0.31064E+01   0.44768E+22
   0.56679E+04   0.20522E+04   0.31069E+01   0.44775E+22
   0.56692E+04   0.20526E+04   0.31074E+01   0.44782E+22
   0.56704E+04   0.20531E+04   0.31079E+01   0.44789E+22
   0.56716E+04   0.20536E+04   0.31084E+01   0.44796E+22
   0.56729E+04   0.20540E+04   0.31089E+01   0.44803E+22
   0.56741E+04   0.20545E+04   0.31094E+01   0.44810E+22
   0.56754E+04   0.20549E+04   0.31099E+01   0.44817E+22
   0.56766E+04   0.20554E+04   0.31104E+01   0.44824E+22
   0.56779E+04   0.20559E+04   0.31109E+01   0.44831E+22
   0.56791E+04   0.20563E+04   0.31114E+01   0.44838E+22
   0.56803E+04   0.20568E+04   0.31119E+01   0.44845E+22
   0.56816E+04   0.20572E+04   0.31124E+01   0.44852E+22
   0.56828E+04   0.20577E+04   0.31129E+01   0.44859E+22
   0.56841E+04   0.20582E+04   0.31134E+01   0.44866E+22
   0.56853E+04   0.20586E+04   0.31139E+01   0.44873E+22
   0.56866E+04   0.20591E+04   0.31144E+01   0.44880E+22
   0.56878E+04   0.20595E+04   0.31149E+01   0.44887E+22
   0.56891E+04   0.20600E+04   0.31154E+01   0.44894E+22
   0.56903E+04   0.20605E+04   0.31159E+01   0.44901E+22
   0.56915E+04   0.20609E+04   0.31164E+01   0.44908E+22
   0.56928E+04   0.20614E+04   0.31169E+01   0.44915E+22
   0.56940E+04   0.20618E+04   0.31174E+01   0.44922E+22
   0.56953E+04   0.20623E+04   0.31179E+01   0.44929E+22
   0.56965E+04   0.20628E+04   0.31184E+01   0.44936E+22
   0.56978E+04   0.20632E+04   0.31189E+01   0.44943E+22
   0.56990E+04   0.20637E+04   0.31194E+01   0.44951E+22
   0.57002E+04   0.20641E+04   0.31199E+01   0.44958E+22
   0.57015E+04   0.20646E+04   0.31204E+01   0.44965E+22
   0.57027E+04   0.20651E+04   0.31209E+01   0.44972E+22
   0.57040E+04   0.20655E+04   0.31214E+01   0.44979E+22
   0.57052E+04   0.20660E+04   0.31219E+01   0.44986E+22
   0.57065E+04   0.20664E+04   0.31224E+01   0.44993E+22
   0.57077E+04   0.20669E+04   0.31229E+01   0.45000E+22
   0.57090E+04   0.20674E+04   0.31234E+01   0.45007E+22
   0.57102E+04   0.20678E+04   0.31239E+01   0.45014E+22
   0.57115E+04   0.20683E+04   0.31244E+01   0.45021E+22
   0.57127E+04   0.20687E+04   0.31249E+01   0.45028E+22
   0.57139E+04   0.20692E+04   0.31254E+01   0.45035E+22
   0.57152E+04   0.20697E+04   0.31259E+01   0.45042E+22
   0.57164E+04   0.20701E+04   0.31264E+01   0.45049E+22
   0.57177E+04   0.20706E+04   0.31269E+01   0.45056E+22
   0.57189E+04   0.20710E+04   0.31274E+01   0.45063E+22
   0.57202E+04   0.20715E+04   0.31279E+01   0.45070E+22
   0.57214E+04   0.20720E+04   0.31284E+01   0.45077E+22
   0.57227E+04   0.20724E+04   0.31289E+01   0.45084E+22
   0.57239E+04   0.20729E+04   0.31294E+01   0.45091E+22
   0.57252E+04   0.20733E+04   0.31299E+01   0.45098E+22
   0.57264E+04   0.20738E+04   0.31304E+01   0.45105E+22
   0.57276E+04   0.20743E+04   0.31309E+01   0.45112E+22
   0.57289E+04   0.20747E+04   0.31314E+01   0.45119E+22
   0.57301E+04   0.20752E+04   0.31319E+01   0.45126E+22
   0.57314E+04   0.20756E+04   0.31324E+01   0.45133E+22
   0.57326E+04   0.20761E+04   0.31329E+01   0.45140E+22
   0.57339E+04   0.20766E+04   0.31334E+01   0.45147E+22
   0.57351E+04   0.20770E+04   0.31339E+01   0.45154E+22
   0.57364E+04   0.20775E+04   0.31344E+01   0.45161E+22
   0.57376E+04   0.20779E+04   0.31349E+01   0.45168E+22
   0.57389E+04   0.20784E+04   0.31354E+01   0.45175E+22
   0.57401E+04   0.20789E+04   0.31359E+01   0.45182E+22
   0.57414E+04   0.20793E+04   0.31364E+01   0.45189E+22
   0.57426E+04   0.20798E+04   0.31369E+01   0.45196E+22
   0.57438E+04   0.20802E+04   0.31374E+01   0.45203E+22
   0.57451E+04   0.20807E+04   0.31379E+01   0.45210E+22
   0.57463E+04   0.20812E+04   0.31384E+01   0.45217E+22
   0.57476E+04   0.20816E+04   0.31389E+01   0.45224E+22
   0.57488E+04   0.20821E+04   0.31394E+01   0.45231E+22
   0.57501E+04   0.20825E+04   0.31399E+01   0.45238E+22
   0.57513E+04   0.20830E+04   0.31404E+01   0.45245E+22
   0.57526E+04   0.20835E+04   0.31409E+01   0.45252E+22
   0.57538E+04   0.20839E+04   0.31414E+01   0.45259E+22
   0.57551E+04   0.20844E+04   0.31419E+01   0.45266E+22
   0.57563E+04   0.20848E+04   0.31424E+01   0.45273E+22
   0.57576E+04   0.20853E+04   0.31429E+01   0.45280E+22
   0.57588E+04   0.20858E+04   0.31434E+01   0.45287E+22
   0.57601E+04   0.20862E+04   0.31439E+01   0.45294E+22
   0.57613E+04   0.20867E+04   0.31444E+01   0.45301E+22
   0.57626E+04   0.20872E+04   0.31449E+01   0.45308E+22
   0.57638E+04   0.20876E+04   0.31454E+01   0.45315E+22
   0.57651E+04   0.20881E+04   0.31459E+01   0.45322E+22
   0.57663E+04   0.20885E+04   0.31464E+01   0.45329E+22
   0.57675E+04   0.20890E+04   0.31469E+01   0.45336E+22
   0.57688E+04   0.20895E+04   0.31474E+01   0.45343E+22
   0.57700E+04   0.20899E+04   0.31479E+01   0.45350E+22
   0.57713E+04   0.20904E+04   0.31484E+01   0.45357E+22
   0.57725E+04   0.20908E+04   0.31489E+01   0.45364E+22
   0.57738E+04   0.20913E+04   0.31494E+01   0.45371E+22
   0.57750E+04   0.20918E+04   0.31499E+01   0.45378E+22
   0.57763E+04   0.20922E+04   0.31504E+01   0.45385E+22
   0.57775E+04   0.20927E+04   0.31509E+01   0.45392E+22
   0.57788E+04   0.20931E+04   0.31514E+01   0.45399E+22
   0.57800E+04   0.20936E+04   0.31519E+01   0.45406E+22
   0.57813E+04   0.20941E+04   0.31524E+01   0.45413E+22
   0.57825E+04   0.20945E+04   0.31529E+01   0.45420E+22
   0.57838E+04   0.20950E+04   0.31534E+01   0.45427E+22
   0.57850E+04   0.20955E+04   0.31539E+01   0.45434E+22
   0.57863E+04   0.20959E+04   0.31544E+01   0.45441E+22
   0.57875E+04   0.20964E+04   0.31549E+01   0.45448E+22
   0.57888E+04   0.20968E+04   0.31554E+01   0.45455E+22
   0.57900E+04   0.20973E+04   0.31559E+01   0.45462E+22
   0.57913E+04   0.20978E+04   0.31564E+01   0.45469E+22
   0.57925E+04   0.20982E+04   0.31569E+01   0.45476E+22
   0.57938E+04   0.20987E+04   0.31574E+01   0.45483E+22
   0.57950E+04   0.20991E+04   0.31579E+01   0.45490E+22
   0.57963E+04   0.20996E+04   0.31584E+01   0.45497E+22
   0.57975E+04   0.21001E+04   0.31589E+01   0.45504E+22
   0.57988E+04   0.21005E+04   0.31594E+01   0.45511E+22
   0.58000E+04   0.21010E+04   0.31599E+01   0.45518E+22
   0.58013E+04   0.21015E+04   0.31604E+01   0.45525E+22
   0.58025E+04   0.21019E+04   0.31609E+01   0.45532E+22
   0.58038E+04   0.21024E+04   0.31614E+01   0.45539E+22
   0.58050E+04   0.21028E+04   0.31619E+01   0.45546E+22
   0.58063E+04   0.21033E+04   0.31624E+01   0.45553E+22
   0.58075E+04   0.21038E+04   0.31629E+01   0.45560E+22
   0.58088E+04   0.21042E+04   0.31634E+01   0.45567E+22
   0.58100E+04   0.21047E+04   0.31639E+01   0.45574E+22
   0.58113E+04   0.21051E+04   0.31644E+01   0.45581E+22
   0.58125E+04   0.21056E+04   0.31649E+01   0.45588E+22
   0.58138E+04   0.21061E+04   0.31654E+01   0.45595E+22
   0.58150E+04   0.21065E+04   0.31659E+01   0.45602E+22
   0.58163E+04   0.21070E+04   0.31664E+01   0.45609E+22
   0.58175E+04   0.21075E+04   0.31669E+01   0.45616E+22
   0.58188E+04   0.21079E+04   0.31674E+01   0.45623E+22
   0.58200E+04   0.21084E+04   0.31679E+01   0.45630E+22
   0.58213E+04   0.21088E+04   0.31684E+01   0.45637E+22
   0.58225E+04   0.21093E+04   0.31689E+01   0.45644E+22
   0.58238E+04   0.21098E+04   0.31694E+01   0.45651E+22
   0.58250E+04   0.21102E+04   0.31699E+01   0.45658E+22
   0.58263E+04   0.21107E+04   0.31704E+01   0.45665E+22
   0.58276E+04   0.21112E+04   0.31709E+01   0.45672E+22
   0.58288E+04   0.21116E+04   0.31714E+01   0.45679E+22
   0.58301E+04   0.21121E+04   0.31719E+01   0.45686E+22
   0.58313E+04   0.21125E+04   0.31724E+01   0.45693E+22
   0.58326E+04   0.21130E+04   0.31729E+01   0.45700E+22
   0.58338E+04   0.21135E+04   0.31734E+01   0.45707E+22
   0.58351E+04   0.21139E+04   0.31739E+01   0.45714E+22
   0.58363E+04   0.21144E+04   0.31744E+01   0.45721E+22
   0.58376E+04   0.21149E+04   0.31749E+01   0.45728E+22
   0.58388E+04   0.21153E+04   0.31754E+01   0.45735E+22
   0.58401E+04   0.21158E+04   0.31759E+01   0.45742E+22
   0.58413E+04   0.21162E+04   0.31764E+01   0.45749E+22
   0.58426E+04   0.21167E+04   0.31769E+01   0.45756E+22
   0.58438E+04   0.21172E+04   0.31774E+01   0.45763E+22
   0.58451E+04   0.21176E+04   0.31779E+01   0.45770E+22
   0.58463E+04   0.21181E+04   0.31784E+01   0.45777E+22
   0.58476E+04   0.21186E+04   0.31789E+01   0.45784E+22
   0.58488E+04   0.21190E+04   0.31794E+01   0.45791E+22
   0.58501E+04   0.21195E+04   0.31799E+01   0.45798E+22
   0.58513E+04   0.21199E+04   0.31804E+01   0.45805E+22
   0.58526E+04   0.21204E+04   0.31809E+01   0.45812E+22
   0.58539E+04   0.21209E+04   0.31814E+01   0.45819E+22
   0.58551E+04   0.21213E+04   0.31819E+01   0.45826E+22
   0.58564E+04   0.21218E+04   0.31824E+01   0.45833E+22
   0.58576E+04   0.21223E+04   0.31829E+01   0.45840E+22
   0.58589E+04   0.21227E+04   0.31834E+01   0.45847E+22
   0.58601E+04   0.21232E+04   0.31839E+01   0.45854E+22
   0.58614E+04   0.21236E+04   0.31844E+01   0.45861E+22
   0.58626E+04   0.21241E+04   0.31849E+01   0.45868E+22
   0.58639E+04   0.21246E+04   0.31854E+01   0.45875E+22
   0.58651E+04   0.21250E+04   0.31859E+01   0.45882E+22
   0.58664E+04   0.21255E+04   0.31864E+01   0.45889E+22
   0.58676E+04   0.21260E+04   0.31869E+01   0.45896E+22
   0.58689E+04   0.21264E+04   0.31874E+01   0.45903E+22
   0.58702E+04   0.21269E+04   0.31879E+01   0.45910E+22
   0.58714E+04   0.21273E+04   0.31884E+01   0.45917E+22
   0.58727E+04   0.21278E+04   0.31889E+01   0.45924E+22
   0.58739E+04   0.21283E+04   0.31894E+01   0.45931E+22
   0.58752E+04   0.21287E+04   0.31899E+01   0.45938E+22
   0.58764E+04   0.21292E+04   0.31904E+01   0.45945E+22
   0.58777E+04   0.21297E+04   0.31909E+01   0.45952E+22
   0.58789E+04   0.21301E+04   0.31914E+01   0.45959E+22
   0.58802E+04   0.21306E+04   0.31919E+01   0.45966E+22
   0.58814E+04   0.21311E+04   0.31924E+01   0.45973E+22
   0.58827E+04   0.21315E+04   0.31929E+01   0.45980E+22
   0.58840E+04   0.21320E+04   0.31934E+01   0.45987E+22
   0.58852E+04   0.21324E+04   0.31939E+01   0.45994E+22
   0.58865E+04   0.21329E+04   0.31944E+01   0.46001E+22
   0.58877E+04   0.21334E+04   0.31949E+01   0.46008E+22
   0.58890E+04   0.21338E+04   0.31954E+01   0.46015E+22
   0.58902E+04   0.21343E+04   0.31959E+01   0.46022E+22
   0.58915E+04   0.21348E+04   0.31964E+01   0.46029E+22
   0.58927E+04   0.21352E+04   0.31969E+01   0.46036E+22
   0.58940E+04   0.21357E+04   0.31974E+01   0.46043E+22
   0.58953E+04   0.21361E+04   0.31979E+01   0.46050E+22
   0.58965E+04   0.21366E+04   0.31984E+01   0.46057E+22
   0.58978E+04   0.21371E+04   0.31989E+01   0.46064E+22
   0.58990E+04   0.21375E+04   0.31994E+01   0.46071E+22
   0.59003E+04   0.21380E+04   0.31999E+01   0.46078E+22
   0.59015E+04   0.21385E+04   0.32004E+01   0.46085E+22
   0.59028E+04   0.21389E+04   0.32009E+01   0.46092E+22
   0.59040E+04   0.21394E+04   0.32014E+01   0.46099E+22
   0.59053E+04   0.21399E+04   0.32019E+01   0.46106E+22
   0.59066E+04   0.21403E+04   0.32024E+01   0.46113E+22
   0.59078E+04   0.21408E+04   0.32029E+01   0.46120E+22
   0.59091E+04   0.21412E+04   0.32034E+01   0.46127E+22
   0.59103E+04   0.21417E+04   0.32039E+01   0.46134E+22
   0.59116E+04   0.21422E+04   0.32044E+01   0.46141E+22
   0.59128E+04   0.21426E+04   0.32049E+01   0.46148E+22
   0.59141E+04   0.21431E+04   0.32054E+01   0.46155E+22
   0.59154E+04   0.21436E+04   0.32059E+01   0.46162E+22
   0.59166E+04   0.21440E+04   0.32064E+01   0.46169E+22
   0.59179E+04   0.21445E+04   0.32069E+01   0.46176E+22
   0.59191E+04   0.21450E+04   0.32074E+01   0.46183E+22
   0.59204E+04   0.21454E+04   0.32079E+01   0.46190E+22
   0.59216E+04   0.21459E+04   0.32084E+01   0.46197E+22
   0.59229E+04   0.21463E+04   0.32089E+01   0.46204E+22
   0.59242E+04   0.21468E+04   0.32094E+01   0.46211E+22
   0.59254E+04   0.21473E+04   0.32099E+01   0.46218E+22
   0.59267E+04   0.21477E+04   0.32104E+01   0.46225E+22
   0.59279E+04   0.21482E+04   0.32109E+01   0.46232E+22
   0.59292E+04   0.21487E+04   0.32114E+01   0.46239E+22
   0.59304E+04   0.21491E+04   0.32119E+01   0.46246E+22
   0.59317E+04   0.21496E+04   0.32124E+01   0.46253E+22
   0.59330E+04   0.21501E+04   0.32129E+01   0.46260E+22
   0.59342E+04   0.21505E+04   0.32134E+01   0.46267E+22
   0.59355E+04   0.21510E+04   0.32139E+01   0.46274E+22
   0.59367E+04   0.21515E+04   0.32144E+01   0.46281E+22
   0.59380E+04   0.21519E+04   0.32149E+01   0.46288E+22
   0.59392E+04   0.21524E+04   0.32154E+01   0.46295E+22
   0.59405E+04   0.21528E+04   0.32159E+01   0.46302E+22
   0.59418E+04   0.21533E+04   0.32164E+01   0.46309E+22
   0.59430E+04   0.21538E+04   0.32169E+01   0.46316E+22
   0.59443E+04   0.21542E+04   0.32174E+01   0.46323E+22
   0.59455E+04   0.21547E+04   0.32179E+01   0.46330E+22
   0.59468E+04   0.21552E+04   0.32184E+01   0.46337E+22
   0.59481E+04   0.21556E+04   0.32189E+01   0.46344E+22
   0.59493E+04   0.21561E+04   0.32194E+01   0.46351E+22
   0.59506E+04   0.21566E+04   0.32199E+01   0.46358E+22
   0.59518E+04   0.21570E+04   0.32204E+01   0.46365E+22
   0.59531E+04   0.21575E+04   0.32209E+01   0.46372E+22
   0.59544E+04   0.21580E+04   0.32214E+01   0.46379E+22
   0.59556E+04   0.21584E+04   0.32219E+01   0.46386E+22
   0.59569E+04   0.21589E+04   0.32224E+01   0.46393E+22
   0.59581E+04   0.21593E+04   0.32229E+01   0.46400E+22
   0.59594E+04   0.21598E+04   0.32234E+01   0.46407E+22
   0.59607E+04   0.21603E+04   0.32239E+01   0.46414E+22
   0.59619E+04   0.21607E+04   0.32244E+01   0.46421E+22
   0.59632E+04   0.21612E+04   0.32249E+01   0.46428E+22
   0.59644E+04   0.21617E+04   0.32254E+01   0.46435E+22
   0.59657E+04   0.21621E+04   0.32259E+01   0.46442E+22
   0.59669E+04   0.21626E+04   0.32264E+01   0.46449E+22
   0.59682E+04   0.21631E+04   0.32269E+01   0.46456E+22
   0.59695E+04   0.21635E+04   0.32274E+01   0.46463E+22
   0.59707E+04   0.21640E+04   0.32279E+01   0.46470E+22
   0.59720E+04   0.21645E+04   0.32284E+01   0.46477E+22
   0.59732E+04   0.21649E+04   0.32289E+01   0.46484E+22
   0.59745E+04   0.21654E+04   0.32294E+01   0.46491E+22
   0.59758E+04   0.21658E+04   0.32299E+01   0.46498E+22
   0.59770E+04   0.21663E+04   0.32304E+01   0.46505E+22
   0.59783E+04   0.21668E+04   0.32309E+01   0.46512E+22
   0.59796E+04   0.21672E+04   0.32314E+01   0.46519E+22
   0.59808E+04   0.21677E+04   0.32319E+01   0.46526E+22
   0.59821E+04   0.21682E+04   0.32324E+01   0.46533E+22
   0.59833E+04   0.21686E+04   0.32329E+01   0.46540E+22
   0.59846E+04   0.21691E+04   0.32334E+01   0.46547E+22
   0.59859E+04   0.21696E+04   0.32339E+01   0.46554E+22
   0.59871E+04   0.21700E+04   0.32344E+01   0.46561E+22
   0.59884E+04   0.21705E+04   0.32349E+01   0.46568E+22
   0.59896E+04   0.21710E+04   0.32354E+01   0.46575E+22
   0.59909E+04   0.21714E+04   0.32359E+01   0.46582E+22
   0.59922E+04   0.21719E+04   0.32364E+01   0.46589E+22
   0.59934E+04   0.21724E+04   0.32369E+01   0.46596E+22
   0.59947E+04   0.21728E+04   0.32374E+01   0.46603E+22
   0.59959E+04   0.21733E+04   0.32379E+01   0.46610E+22
   0.59972E+04   0.21738E+04   0.32384E+01   0.46617E+22
   0.59985E+04   0.21742E+04   0.32389E+01   0.46624E+22
   0.59997E+04   0.21747E+04   0.32394E+01   0.46632E+22
   0.60010E+04   0.21752E+04   0.32399E+01   0.46639E+22
   0.60023E+04   0.21756E+04   0.32404E+01   0.46646E+22
   0.60035E+04   0.21761E+04   0.32409E+01   0.46653E+22
   0.60048E+04   0.21765E+04   0.32414E+01   0.46660E+22
   0.60060E+04   0.21770E+04   0.32419E+01   0.46667E+22
   0.60073E+04   0.21775E+04   0.32424E+01   0.46674E+22
   0.60086E+04   0.21779E+04   0.32429E+01   0.46681E+22
   0.60098E+04   0.21784E+04   0.32434E+01   0.46688E+22
   0.60111E+04   0.21789E+04   0.32439E+01   0.46695E+22
   0.60123E+04   0.21793E+04   0.32444E+01   0.46702E+22
   0.60136E+04   0.21798E+04   0.32449E+01   0.46709E+22
   0.60149E+04   0.21803E+04   0.32454E+01   0.46716E+22
   0.60161E+04   0.21807E+04   0.32459E+01   0.46723E+22
   0.60174E+04   0.21812E+04   0.32464E+01   0.46730E+22
   0.60187E+04   0.21817E+04   0.32469E+01   0.46737E+22
   0.60199E+04   0.21821E+04   0.32474E+01   0.46744E+22
   0.60212E+04   0.21826E+04   0.32479E+01   0.46751E+22
   0.60225E+04   0.21831E+04   0.32484E+01   0.46758E+22
   0.60237E+04   0.21835E+04   0.32489E+01   0.46765E+22
   0.60250E+04   0.21840E+04   0.32494E+01   0.46772E+22
   0.60262E+04   0.21845E+04   0.32499E+01   0.46779E+22
   0.60275E+04   0.21849E+04   0.32504E+01   0.46786E+22
   0.60288E+04   0.21854E+04   0.32509E+01   0.46793E+22
   0.60300E+04   0.21859E+04   0.32514E+01   0.46800E+22
   0.60313E+04   0.21863E+04   0.32519E+01   0.46807E+22
   0.60326E+04   0.21868E+04   0.32524E+01   0.46814E+22
   0.60338E+04   0.21873E+04   0.32529E+01   0.46821E+22
   0.60351E+04   0.21877E+04   0.32534E+01   0.46828E+22
   0.60363E+04   0.21882E+04   0.32539E+01   0.46835E+22
   0.60376E+04   0.21887E+04   0.32544E+01   0.46842E+22
   0.60389E+04   0.21891E+04   0.32549E+01   0.46849E+22
   0.60401E+04   0.21896E+04   0.32554E+01   0.46856E+22
   0.60414E+04   0.21901E+04   0.32559E+01   0.46863E+22
   0.60427E+04   0.21905E+04   0.32564E+01   0.46870E+22
   0.60439E+04   0.21910E+04   0.32569E+01   0.46877E+22
   0.60452E+04   0.21914E+04   0.32574E+01   0.46884E+22
   0.60465E+04   0.21919E+04   0.32579E+01   0.46891E+22
   0.60477E+04   0.21924E+04   0.32584E+01   0.46898E+22
   0.60490E+04   0.21928E+04   0.32589E+01   0.46905E+22
   0.60503E+04   0.21933E+04   0.32594E+01   0.46912E+22
   0.60515E+04   0.21938E+04   0.32599E+01   0.46919E+22
   0.60528E+04   0.21942E+04   0.32604E+01   0.46926E+22
   0.60540E+04   0.21947E+04   0.32609E+01   0.46933E+22
   0.60553E+04   0.21952E+04   0.32614E+01   0.46940E+22
   0.60566E+04   0.21956E+04   0.32619E+01   0.46947E+22
   0.60578E+04   0.21961E+04   0.32624E+01   0.46954E+22
   0.60591E+04   0.21966E+04   0.32629E+01   0.46961E+22
   0.60604E+04   0.21970E+04   0.32634E+01   0.46968E+22
   0.60616E+04   0.21975E+04   0.32639E+01   0.46975E+22
   0.60629E+04   0.21980E+04   0.32644E+01   0.46982E+22
   0.60642E+04   0.21984E+04   0.32649E+01   0.46989E+22
   0.60654E+04   0.21989E+04   0.32654E+01   0.46996E+22
   0.60667E+04   0.21994E+04   0.32659E+01   0.47003E+22
   0.60680E+04   0.21998E+04   0.32664E+01   0.47010E+22
   0.60692E+04   0.22003E+04   0.32669E+01   0.47017E+22
   0.60705E+04   0.22008E+04   0.32674E+01   0.47024E+22
   0.60718E+04   0.22012E+04   0.32679E+01   0.47031E+22
   0.60730E+04   0.22017E+04   0.32684E+01   0.47038E+22
   0.60743E+04   0.22022E+04   0.32689E+01   0.47045E+22
   0.60756E+04   0.22026E+04   0.32694E+01   0.47052E+22
   0.60768E+04   0.22031E+04   0.32699E+01   0.47059E+22
   0.60781E+04   0.22036E+04   0.32704E+01   0.47066E+22
   0.60794E+04   0.22040E+04   0.32709E+01   0.47073E+22
   0.60806E+04   0.22045E+04   0.32714E+01   0.47080E+22
   0.60819E+04   0.22050E+04   0.32719E+01   0.47087E+22
   0.60832E+04   0.22054E+04   0.32724E+01   0.47094E+22
   0.60844E+04   0.22059E+04   0.32729E+01   0.47101E+22
   0.60857E+04   0.22064E+04   0.32734E+01   0.47108E+22
   0.60870E+04   0.22068E+04   0.32739E+01   0.47115E+22
   0.60882E+04   0.22073E+04   0.32744E+01   0.47122E+22
   0.60895E+04   0.22078E+04   0.32749E+01   0.47129E+22
   0.60908E+04   0.22082E+04   0.32754E+01   0.47136E+22
   0.60920E+04   0.22087E+04   0.32759E+01   0.47143E+22
   0.60933E+04   0.22092E+04   0.32764E+01   0.47150E+22
   0.60946E+04   0.22096E+04   0.32769E+01   0.47157E+22
   0.60958E+04   0.22101E+04   0.32774E+01   0.47164E+22
   0.60971E+04   0.22106E+04   0.32779E+01   0.47171E+22
   0.60984E+04   0.22110E+04   0.32784E+01   0.47178E+22
   0.60996E+04   0.22115E+04   0.32789E+01   0.47185E+22
   0.61009E+04   0.22120E+04   0.32794E+01   0.47192E+22
   0.61022E+04   0.22124E+04   0.32799E+01   0.47199E+22
   0.61034E+04   0.22129E+04   0.32804E+01   0.47206E+22
   0.61047E+04   0.22134E+04   0.32809E+01   0.47213E+22
   0.61060E+04   0.22138E+04   0.32814E+01   0.47220E+22
   0.61072E+04   0.22143E+04   0.32819E+01   0.47227E+22
   0.61085E+04   0.22148E+04   0.32824E+01   0.47234E+22
   0.61098E+04   0.22152E+04   0.32829E+01   0.47241E+22
   0.61110E+04   0.22157E+04   0.32834E+01   0.47248E+22
   0.61123E+04   0.22162E+04   0.32839E+01   0.47255E+22
   0.61136E+04   0.22166E+04   0.32844E+01   0.47262E+22
   0.61148E+04   0.22171E+04   0.32849E+01   0.47269E+22
   0.61161E+04   0.22176E+04   0.32854E+01   0.47276E+22
   0.61174E+04   0.22180E+04   0.32859E+01   0.47283E+22
   0.61186E+04   0.22185E+04   0.32864E+01   0.47290E+22
   0.61199E+04   0.22190E+04   0.32869E+01   0.47297E+22
   0.61212E+04   0.22195E+04   0.32874E+01   0.47304E+22
   0.61225E+04   0.22199E+04   0.32879E+01   0.47311E+22
   0.61237E+04   0.22204E+04   0.32884E+01   0.47318E+22
   0.61250E+04   0.22209E+04   0.32889E+01   0.47325E+22
   0.61263E+04   0.22213E+04   0.32894E+01   0.47332E+22
   0.61275E+04   0.22218E+04   0.32899E+01   0.47339E+22
   0.61288E+04   0.22223E+04   0.32904E+01   0.47346E+22
   0.61301E+04   0.22227E+04   0.32909E+01   0.47353E+22
   0.61313E+04   0.22232E+04   0.32914E+01   0.47360E+22
   0.61326E+04   0.22237E+04   0.32919E+01   0.47367E+22
   0.61339E+04   0.22241E+04   0.32924E+01   0.47374E+22
   0.61351E+04   0.22246E+04   0.32929E+01   0.47381E+22
   0.61364E+04   0.22251E+04   0.32934E+01   0.47388E+22
   0.61377E+04   0.22255E+04   0.32939E+01   0.47395E+22
   0.61389E+04   0.22260E+04   0.32944E+01   0.47402E+22
   0.61402E+04   0.22265E+04   0.32949E+01   0.47409E+22
   0.61415E+04   0.22269E+04   0.32954E+01   0.47416E+22
   0.61428E+04   0.22274E+04   0.32959E+01   0.47423E+22
   0.61440E+04   0.22279E+04   0.32964E+01   0.47430E+22
   0.61453E+04   0.22283E+04   0.32969E+01   0.47437E+22
   0.61466E+04   0.22288E+04   0.32974E+01   0.47444E+22
   0.61478E+04   0.22293E+04   0.32979E+01   0.47451E+22
   0.61491E+04   0.22297E+04   0.32984E+01   0.47458E+22
   0.61504E+04   0.22302E+04   0.32989E+01   0.47465E+22
   0.61516E+04   0.22307E+04   0.32994E+01   0.47472E+22
   0.61529E+04   0.22311E+04   0.32999E+01   0.47479E+22
   0.61542E+04   0.22316E+04   0.33004E+01   0.47486E+22
   0.61555E+04   0.22321E+04   0.33009E+01   0.47493E+22
   0.61567E+04   0.22325E+04   0.33014E+01   0.47500E+22
   0.61580E+04   0.22330E+04   0.33019E+01   0.47507E+22
   0.61593E+04   0.22335E+04   0.33024E+01   0.47514E+22
   0.61605E+04   0.22339E+04   0.33029E+01   0.47521E+22
   0.61618E+04   0.22344E+04   0.33034E+01   0.47528E+22
   0.61631E+04   0.22349E+04   0.33039E+01   0.47535E+22
   0.61644E+04   0.22354E+04   0.33044E+01   0.47542E+22
   0.61656E+04   0.22358E+04   0.33049E+01   0.47549E+22
   0.61669E+04   0.22363E+04   0.33054E+01   0.47556E+22
   0.61682E+04   0.22368E+04   0.33059E+01   0.47563E+22
   0.61694E+04   0.22372E+04   0.33064E+01   0.47570E+22
   0.61707E+04   0.22377E+04   0.33069E+01   0.47577E+22
   0.61720E+04   0.22382E+04   0.33074E+01   0.47584E+22
   0.61733E+04   0.22386E+04   0.33079E+01   0.47591E+22
   0.61745E+04   0.22391E+04   0.33084E+01   0.47598E+22
   0.61758E+04   0.22396E+04   0.33089E+01   0.47605E+22
   0.61771E+04   0.22400E+04   0.33094E+01   0.47612E+22
   0.61783E+04   0.22405E+04   0.33099E+01   0.47620E+22
   0.61796E+04   0.22410E+04   0.33104E+01   0.47627E+22
   0.61809E+04   0.22414E+04   0.33109E+01   0.47634E+22
   0.61822E+04   0.22419E+04   0.33114E+01   0.47641E+22
   0.61834E+04   0.22424E+04   0.33119E+01   0.47648E+22
   0.61847E+04   0.22428E+04   0.33124E+01   0.47655E+22
   0.61860E+04   0.22433E+04   0.33129E+01   0.47662E+22
   0.61872E+04   0.22438E+04   0.33134E+01   0.47669E+22
   0.61885E+04   0.22443E+04   0.33139E+01   0.47676E+22
   0.61898E+04   0.22447E+04   0.33144E+01   0.47683E+22
   0.61911E+04   0.22452E+04   0.33149E+01   0.47690E+22
   0.61923E+04   0.22457E+04   0.33154E+01   0.47697E+22
   0.61936E+04   0.22461E+04   0.33159E+01   0.47704E+22
   0.61949E+04   0.22466E+04   0.33164E+01   0.47711E+22
   0.61962E+04   0.22471E+04   0.33169E+01   0.47718E+22
   0.61974E+04   0.22475E+04   0.33174E+01   0.47725E+22
   0.61987E+04   0.22480E+04   0.33179E+01   0.47732E+22
   0.62000E+04   0.22485E+04   0.33184E+01   0.47739E+22
   0.62012E+04   0.22489E+04   0.33189E+01   0.47746E+22
   0.62025E+04   0.22494E+04   0.33194E+01   0.47753E+22
   0.62038E+04   0.22499E+04   0.33199E+01   0.47760E+22
   0.62051E+04   0.22503E+04   0.33204E+01   0.47767E+22
   0.62063E+04   0.22508E+04   0.33209E+01   0.47774E+22
   0.62076E+04   0.22513E+04   0.33214E+01   0.47781E+22
   0.62089E+04   0.22518E+04   0.33219E+01   0.47788E+22
   0.62102E+04   0.22522E+04   0.33224E+01   0.47795E+22
   0.62114E+04   0.22527E+04   0.33229E+01   0.47802E+22
   0.62127E+04   0.22532E+04   0.33234E+01   0.47809E+22
   0.62140E+04   0.22536E+04   0.33239E+01   0.47816E+22
   0.62153E+04   0.22541E+04   0.33244E+01   0.47823E+22
   0.62165E+04   0.22546E+04   0.33249E+01   0.47830E+22
   0.62178E+04   0.22550E+04   0.33254E+01   0.47837E+22
   0.62191E+04   0.22555E+04   0.33259E+01   0.47844E+22
   0.62203E+04   0.22560E+04   0.33264E+01   0.47851E+22
   0.62216E+04   0.22564E+04   0.33269E+01   0.47858E+22
   0.62229E+04   0.22569E+04   0.33274E+01   0.47865E+22
   0.62242E+04   0.22574E+04   0.33279E+01   0.47872E+22
   0.62254E+04   0.22578E+04   0.33284E+01   0.47879E+22
   0.62267E+04   0.22583E+04   0.33289E+01   0.47886E+22
   0.62280E+04   0.22588E+04   0.33294E+01   0.47893E+22
   0.62293E+04   0.22593E+04   0.33299E+01   0.47900E+22
   0.62305E+04   0.22597E+04   0.33304E+01   0.47907E+22
   0.62318E+04   0.22602E+04   0.33309E+01   0.47914E+22
   0.62331E+04   0.22607E+04   0.33314E+01   0.47921E+22
   0.62344E+04   0.22611E+04   0.33319E+01   0.47928E+22
   0.62356E+04   0.22616E+04   0.33324E+01   0.47935E+22
   0.62369E+04   0.22621E+04   0.33329E+01   0.47942E+22
   0.62382E+04   0.22625E+04   0.33334E+01   0.47949E+22
   0.62395E+04   0.22630E+04   0.33339E+01   0.47956E+22
   0.62407E+04   0.22635E+04   0.33344E+01   0.47963E+22
   0.62420E+04   0.22639E+04   0.33349E+01   0.47970E+22
   0.62433E+04   0.22644E+04   0.33354E+01   0.47977E+22
   0.62446E+04   0.22649E+04   0.33359E+01   0.47984E+22
   0.62458E+04   0.22654E+04   0.33364E+01   0.47991E+22
   0.62471E+04   0.22658E+04   0.33369E+01   0.47998E+22
   0.62484E+04   0.22663E+04   0.33374E+01   0.48005E+22
   0.62497E+04   0.22668E+04   0.33379E+01   0.48012E+22
   0.62509E+04   0.22672E+04   0.33384E+01   0.48019E+22
   0.62522E+04   0.22677E+04   0.33389E+01   0.48026E+22
   0.62535E+04   0.22682E+04   0.33394E+01   0.48033E+22
   0.62548E+04   0.22686E+04   0.33399E+01   0.48040E+22
   0.62560E+04   0.22691E+04   0.33404E+01   0.48047E+22
   0.62573E+04   0.22696E+04   0.33409E+01   0.48054E+22
   0.62586E+04   0.22701E+04   0.33414E+01   0.48061E+22
   0.62599E+04   0.22705E+04   0.33419E+01   0.48068E+22
   0.62612E+04   0.22710E+04   0.33424E+01   0.48075E+22
   0.62624E+04   0.22715E+04   0.33429E+01   0.48082E+22
   0.62637E+04   0.22719E+04   0.33434E+01   0.48089E+22
   0.62650E+04   0.22724E+04   0.33439E+01   0.48096E+22
   0.62663E+04   0.22729E+04   0.33444E+01   0.48103E+22
   0.62675E+04   0.22733E+04   0.33449E+01   0.48110E+22
   0.62688E+04   0.22738E+04   0.33454E+01   0.48117E+22
   0.62701E+04   0.22743E+04   0.33459E+01   0.48124E+22
   0.62714E+04   0.22748E+04   0.33464E+01   0.48131E+22
   0.62726E+04   0.22752E+04   0.33469E+01   0.48138E+22
   0.62739E+04   0.22757E+04   0.33474E+01   0.48145E+22
   0.62752E+04   0.22762E+04   0.33479E+01   0.48152E+22
   0.62765E+04   0.22766E+04   0.33484E+01   0.48159E+22
   0.62778E+04   0.22771E+04   0.33489E+01   0.48166E+22
   0.62790E+04   0.22776E+04   0.33494E+01   0.48173E+22
   0.62803E+04   0.22780E+04   0.33499E+01   0.48180E+22
   0.62816E+04   0.22785E+04   0.33504E+01   0.48187E+22
   0.62829E+04   0.22790E+04   0.33509E+01   0.48194E+22
   0.62841E+04   0.22795E+04   0.33514E+01   0.48201E+22
   0.62854E+04   0.22799E+04   0.33519E+01   0.48208E+22
   0.62867E+04   0.22804E+04   0.33524E+01   0.48215E+22
   0.62880E+04   0.22809E+04   0.33529E+01   0.48222E+22
   0.62893E+04   0.22813E+04   0.33534E+01   0.48229E+22
   0.62905E+04   0.22818E+04   0.33539E+01   0.48236E+22
   0.62918E+04   0.22823E+04   0.33544E+01   0.48243E+22
   0.62931E+04   0.22827E+04   0.33549E+01   0.48250E+22
   0.62944E+04   0.22832E+04   0.33554E+01   0.48257E+22
   0.62956E+04   0.22837E+04   0.33559E+01   0.48264E+22
   0.62969E+04   0.22842E+04   0.33564E+01   0.48271E+22
   0.62982E+04   0.22846E+04   0.33569E+01   0.48278E+22
   0.62995E+04   0.22851E+04   0.33574E+01   0.48285E+22
   0.63008E+04   0.22856E+04   0.33579E+01   0.48292E+22
   0.63020E+04   0.22860E+04   0.33584E+01   0.48299E+22
   0.63033E+04   0.22865E+04   0.33589E+01   0.48306E+22
   0.63046E+04   0.22870E+04   0.33594E+01   0.48313E+22
   0.63059E+04   0.22874E+04   0.33599E+01   0.48320E+22
   0.63071E+04   0.22879E+04   0.33604E+01   0.48327E+22
   0.63084E+04   0.22884E+04   0.33609E+01   0.48334E+22
   0.63097E+04   0.22889E+04   0.33614E+01   0.48341E+22
   0.63110E+04   0.22893E+04   0.33619E+01   0.48348E+22
   0.63123E+04   0.22898E+04   0.33624E+01   0.48355E+22
   0.63135E+04   0.22903E+04   0.33629E+01   0.48362E+22
   0.63148E+04   0.22907E+04   0.33634E+01   0.48369E+22
   0.63161E+04   0.22912E+04   0.33639E+01   0.48376E+22
   0.63174E+04   0.22917E+04   0.33644E+01   0.48383E+22
   0.63187E+04   0.22922E+04   0.33649E+01   0.48390E+22
   0.63199E+04   0.22926E+04   0.33654E+01   0.48397E+22
   0.63212E+04   0.22931E+04   0.33659E+01   0.48404E+22
   0.63225E+04   0.22936E+04   0.33664E+01   0.48412E+22
   0.63238E+04   0.22940E+04   0.33669E+01   0.48419E+22
   0.63251E+04   0.22945E+04   0.33674E+01   0.48426E+22
   0.63263E+04   0.22950E+04   0.33679E+01   0.48433E+22
   0.63276E+04   0.22955E+04   0.33684E+01   0.48440E+22
   0.63289E+04   0.22959E+04   0.33689E+01   0.48447E+22
   0.63302E+04   0.22964E+04   0.33694E+01   0.48454E+22
   0.63315E+04   0.22969E+04   0.33699E+01   0.48461E+22
   0.63327E+04   0.22973E+04   0.33704E+01   0.48468E+22
   0.63340E+04   0.22978E+04   0.33709E+01   0.48475E+22
   0.63353E+04   0.22983E+04   0.33714E+01   0.48482E+22
   0.63366E+04   0.22987E+04   0.33719E+01   0.48489E+22
   0.63379E+04   0.22992E+04   0.33724E+01   0.48496E+22
   0.63391E+04   0.22997E+04   0.33729E+01   0.48503E+22
   0.63404E+04   0.23002E+04   0.33734E+01   0.48510E+22
   0.63417E+04   0.23006E+04   0.33739E+01   0.48517E+22
   0.63430E+04   0.23011E+04   0.33744E+01   0.48524E+22
   0.63443E+04   0.23016E+04   0.33749E+01   0.48531E+22
   0.63455E+04   0.23020E+04   0.33754E+01   0.48538E+22
   0.63468E+04   0.23025E+04   0.33759E+01   0.48545E+22
   0.63481E+04   0.23030E+04   0.33764E+01   0.48552E+22
   0.63494E+04   0.23035E+04   0.33769E+01   0.48559E+22
   0.63507E+04   0.23039E+04   0.33774E+01   0.48566E+22
   0.63520E+04   0.23044E+04   0.33779E+01   0.48573E+22
   0.63532E+04   0.23049E+04   0.33784E+01   0.48580E+22
   0.63545E+04   0.23053E+04   0.33789E+01   0.48587E+22
   0.63558E+04   0.23058E+04   0.33794E+01   0.48594E+22
   0.63571E+04   0.23063E+04   0.33799E+01   0.48601E+22
   0.63584E+04   0.23068E+04   0.33804E+01   0.48608E+22
   0.63596E+04   0.23072E+04   0.33809E+01   0.48615E+22
   0.63609E+04   0.23077E+04   0.33814E+01   0.48622E+22
   0.63622E+04   0.23082E+04   0.33819E+01   0.48629E+22
   0.63635E+04   0.23086E+04   0.33824E+01   0.48636E+22
   0.63648E+04   0.23091E+04   0.33829E+01   0.48643E+22
   0.63660E+04   0.23096E+04   0.33834E+01   0.48650E+22
   0.63673E+04   0.23101E+04   0.33839E+01   0.48657E+22
   0.63686E+04   0.23105E+04   0.33844E+01   0.48664E+22
   0.63699E+04   0.23110E+04   0.33849E+01   0.48671E+22
   0.63712E+04   0.23115E+04   0.33854E+01   0.48678E+22
   0.63725E+04   0.23119E+04   0.33859E+01   0.48685E+22
   0.63737E+04   0.23124E+04   0.33864E+01   0.48692E+22
   0.63750E+04   0.23129E+04   0.33869E+01   0.48699E+22
   0.63763E+04   0.23134E+04   0.33874E+01   0.48706E+22
   0.63776E+04   0.23138E+04   0.33879E+01   0.48713E+22
   0.63789E+04   0.23143E+04   0.33884E+01   0.48720E+22
   0.63802E+04   0.23148E+04   0.33889E+01   0.48727E+22
   0.63814E+04   0.23152E+04   0.33894E+01   0.48734E+22
   0.63827E+04   0.23157E+04   0.33899E+01   0.48741E+22
   0.63840E+04   0.23162E+04   0.33904E+01   0.48748E+22
   0.63853E+04   0.23167E+04   0.33909E+01   0.48755E+22
   0.63866E+04   0.23171E+04   0.33914E+01   0.48762E+22
   0.63879E+04   0.23176E+04   0.33919E+01   0.48769E+22
   0.63891E+04   0.23181E+04   0.33924E+01   0.48776E+22
   0.63904E+04   0.23186E+04   0.33929E+01   0.48783E+22
   0.63917E+04   0.23190E+04   0.33934E+01   0.48790E+22
   0.63930E+04   0.23195E+04   0.33939E+01   0.48797E+22
   0.63943E+04   0.23200E+04   0.33944E+01   0.48804E+22
   0.63956E+04   0.23204E+04   0.33949E+01   0.48811E+22
   0.63968E+04   0.23209E+04   0.33954E+01   0.48818E+22
   0.63981E+04   0.23214E+04   0.33959E+01   0.48825E+22
   0.63994E+04   0.23219E+04   0.33964E+01   0.48832E+22
   0.64007E+04   0.23223E+04   0.33969E+01   0.48839E+22
   0.64020E+04   0.23228E+04   0.33974E+01   0.48846E+22
   0.64033E+04   0.23233E+04   0.33979E+01   0.48853E+22
   0.64045E+04   0.23237E+04   0.33984E+01   0.48860E+22
   0.64058E+04   0.23242E+04   0.33989E+01   0.48867E+22
   0.64071E+04   0.23247E+04   0.33994E+01   0.48874E+22
   0.64084E+04   0.23252E+04   0.33999E+01   0.48881E+22
   0.64097E+04   0.23256E+04   0.34004E+01   0.48888E+22
   0.64110E+04   0.23261E+04   0.34009E+01   0.48895E+22
   0.64122E+04   0.23266E+04   0.34014E+01   0.48902E+22
   0.64135E+04   0.23271E+04   0.34019E+01   0.48909E+22
   0.64148E+04   0.23275E+04   0.34024E+01   0.48916E+22
   0.64161E+04   0.23280E+04   0.34029E+01   0.48923E+22
   0.64174E+04   0.23285E+04   0.34034E+01   0.48930E+22
   0.64187E+04   0.23289E+04   0.34039E+01   0.48937E+22
   0.64200E+04   0.23294E+04   0.34044E+01   0.48944E+22
   0.64212E+04   0.23299E+04   0.34049E+01   0.48951E+22
   0.64225E+04   0.23304E+04   0.34054E+01   0.48958E+22
   0.64238E+04   0.23308E+04   0.34059E+01   0.48965E+22
   0.64251E+04   0.23313E+04   0.34064E+01   0.48972E+22
   0.64264E+04   0.23318E+04   0.34069E+01   0.48979E+22
   0.64277E+04   0.23322E+04   0.34074E+01   0.48986E+22
   0.64290E+04   0.23327E+04   0.34079E+01   0.48993E+22
   0.64302E+04   0.23332E+04   0.34084E+01   0.49000E+22
   0.64315E+04   0.23337E+04   0.34089E+01   0.49007E+22
   0.64328E+04   0.23341E+04   0.34094E+01   0.49014E+22
   0.64341E+04   0.23346E+04   0.34099E+01   0.49021E+22
   0.64354E+04   0.23351E+04   0.34104E+01   0.49028E+22
   0.64367E+04   0.23356E+04   0.34109E+01   0.49035E+22
   0.64380E+04   0.23360E+04   0.34114E+01   0.49042E+22
   0.64392E+04   0.23365E+04   0.34119E+01   0.49049E+22
   0.64405E+04   0.23370E+04   0.34124E+01   0.49056E+22
   0.64418E+04   0.23374E+04   0.34129E+01   0.49063E+22
   0.64431E+04   0.23379E+04   0.34134E+01   0.49070E+22
   0.64444E+04   0.23384E+04   0.34139E+01   0.49077E+22
   0.64457E+04   0.23389E+04   0.34144E+01   0.49084E+22
   0.64470E+04   0.23393E+04   0.34149E+01   0.49091E+22
   0.64482E+04   0.23398E+04   0.34154E+01   0.49099E+22
   0.64495E+04   0.23403E+04   0.34159E+01   0.49106E+22
   0.64508E+04   0.23408E+04   0.34164E+01   0.49113E+22
   0.64521E+04   0.23412E+04   0.34169E+01   0.49120E+22
   0.64534E+04   0.23417E+04   0.34174E+01   0.49127E+22
   0.64547E+04   0.23422E+04   0.34179E+01   0.49134E+22
   0.64560E+04   0.23427E+04   0.34184E+01   0.49141E+22
   0.64573E+04   0.23431E+04   0.34189E+01   0.49148E+22
   0.64585E+04   0.23436E+04   0.34194E+01   0.49155E+22
   0.64598E+04   0.23441E+04   0.34199E+01   0.49162E+22
   0.64611E+04   0.23445E+04   0.34204E+01   0.49169E+22
   0.64624E+04   0.23450E+04   0.34209E+01   0.49176E+22
   0.64637E+04   0.23455E+04   0.34214E+01   0.49183E+22
   0.64650E+04   0.23460E+04   0.34219E+01   0.49190E+22
   0.64663E+04   0.23464E+04   0.34224E+01   0.49197E+22
   0.64676E+04   0.23469E+04   0.34229E+01   0.49204E+22
   0.64688E+04   0.23474E+04   0.34234E+01   0.49211E+22
   0.64701E+04   0.23479E+04   0.34239E+01   0.49218E+22
   0.64714E+04   0.23483E+04   0.34244E+01   0.49225E+22
   0.64727E+04   0.23488E+04   0.34249E+01   0.49232E+22
   0.64740E+04   0.23493E+04   0.34254E+01   0.49239E+22
   0.64753E+04   0.23497E+04   0.34259E+01   0.49246E+22
   0.64766E+04   0.23502E+04   0.34264E+01   0.49253E+22
   0.64779E+04   0.23507E+04   0.34269E+01   0.49260E+22
   0.64791E+04   0.23512E+04   0.34274E+01   0.49267E+22
   0.64804E+04   0.23516E+04   0.34279E+01   0.49274E+22
   0.64817E+04   0.23521E+04   0.34284E+01   0.49281E+22
   0.64830E+04   0.23526E+04   0.34289E+01   0.49288E+22
   0.64843E+04   0.23531E+04   0.34294E+01   0.49295E+22
   0.64856E+04   0.23535E+04   0.34299E+01   0.49302E+22
   0.64869E+04   0.23540E+04   0.34304E+01   0.49309E+22
   0.64882E+04   0.23545E+04   0.34309E+01   0.49316E+22
   0.64894E+04   0.23550E+04   0.34314E+01   0.49323E+22
   0.64907E+04   0.23554E+04   0.34319E+01   0.49330E+22
   0.64920E+04   0.23559E+04   0.34324E+01   0.49337E+22
   0.64933E+04   0.23564E+04   0.34329E+01   0.49344E+22
   0.64946E+04   0.23569E+04   0.34334E+01   0.49351E+22
   0.64959E+04   0.23573E+04   0.34339E+01   0.49358E+22
   0.64972E+04   0.23578E+04   0.34344E+01   0.49365E+22
   0.64985E+04   0.23583E+04   0.34349E+01   0.49372E+22
   0.64998E+04   0.23587E+04   0.34354E+01   0.49379E+22
   0.65011E+04   0.23592E+04   0.34359E+01   0.49386E+22
   0.65023E+04   0.23597E+04   0.34364E+01   0.49393E+22
   0.65036E+04   0.23602E+04   0.34369E+01   0.49400E+22
   0.65049E+04   0.23606E+04   0.34374E+01   0.49407E+22
   0.65062E+04   0.23611E+04   0.34379E+01   0.49414E+22
   0.65075E+04   0.23616E+04   0.34384E+01   0.49421E+22
   0.65088E+04   0.23621E+04   0.34389E+01   0.49428E+22
   0.65101E+04   0.23625E+04   0.34394E+01   0.49435E+22
   0.65114E+04   0.23630E+04   0.34399E+01   0.49442E+22
   0.65127E+04   0.23635E+04   0.34404E+01   0.49449E+22
   0.65139E+04   0.23640E+04   0.34409E+01   0.49456E+22
   0.65152E+04   0.23644E+04   0.34414E+01   0.49463E+22
   0.65165E+04   0.23649E+04   0.34419E+01   0.49470E+22
   0.65178E+04   0.23654E+04   0.34424E+01   0.49477E+22
   0.65191E+04   0.23659E+04   0.34429E+01   0.49484E+22
   0.65204E+04   0.23663E+04   0.34434E+01   0.49491E+22
   0.65217E+04   0.23668E+04   0.34439E+01   0.49498E+22
   0.65230E+04   0.23673E+04   0.34444E+01   0.49505E+22
   0.65243E+04   0.23678E+04   0.34449E+01   0.49512E+22
   0.65256E+04   0.23682E+04   0.34454E+01   0.49519E+22
   0.65269E+04   0.23687E+04   0.34459E+01   0.49526E+22
   0.65281E+04   0.23692E+04   0.34464E+01   0.49533E+22
   0.65294E+04   0.23696E+04   0.34469E+01   0.49540E+22
   0.65307E+04   0.23701E+04   0.34474E+01   0.49547E+22
   0.65320E+04   0.23706E+04   0.34479E+01   0.49554E+22
   0.65333E+04   0.23711E+04   0.34484E+01   0.49561E+22
   0.65346E+04   0.23715E+04   0.34489E+01   0.49568E+22
   0.65359E+04   0.23720E+04   0.34494E+01   0.49575E+22
   0.65372E+04   0.23725E+04   0.34499E+01   0.49582E+22
   0.65385E+04   0.23730E+04   0.34504E+01   0.49589E+22
   0.65398E+04   0.23734E+04   0.34509E+01   0.49596E+22
   0.65411E+04   0.23739E+04   0.34514E+01   0.49603E+22
   0.65423E+04   0.23744E+04   0.34519E+01   0.49610E+22
   0.65436E+04   0.23749E+04   0.34524E+01   0.49617E+22
   0.65449E+04   0.23753E+04   0.34529E+01   0.49624E+22
   0.65462E+04   0.23758E+04   0.34534E+01   0.49631E+22
   0.65475E+04   0.23763E+04   0.34539E+01   0.49638E+22
   0.65488E+04   0.23768E+04   0.34544E+01   0.49645E+22
   0.65501E+04   0.23772E+04   0.34549E+01   0.49652E+22
   0.65514E+04   0.23777E+04   0.34554E+01   0.49659E+22
   0.65527E+04   0.23782E+04   0.34559E+01   0.49666E+22
   0.65540E+04   0.23787E+04   0.34564E+01   0.49673E+22
   0.65553E+04   0.23791E+04   0.34569E+01   0.49680E+22
   0.65566E+04   0.23796E+04   0.34574E+01   0.49687E+22
   0.65578E+04   0.23801E+04   0.34579E+01   0.49694E+22
   0.65591E+04   0.23806E+04   0.34584E+01   0.49701E+22
   0.65604E+04   0.23810E+04   0.34589E+01   0.49709E+22
   0.65617E+04   0.23815E+04   0.34594E+01   0.49716E+22
   0.65630E+04   0.23820E+04   0.34599E+01   0.49723E+22
   0.65643E+04   0.23825E+04   0.34604E+01   0.49730E+22
   0.65656E+04   0.23829E+04   0.34609E+01   0.49737E+22
   0.65669E+04   0.23834E+04   0.34614E+01   0.49744E+22
   0.65682E+04   0.23839E+04   0.34619E+01   0.49751E+22
   0.65695E+04   0.23844E+04   0.34624E+01   0.49758E+22
   0.65708E+04   0.23848E+04   0.34629E+01   0.49765E+22
   0.65721E+04   0.23853E+04   0.34634E+01   0.49772E+22
   0.65734E+04   0.23858E+04   0.34639E+01   0.49779E+22
   0.65747E+04   0.23863E+04   0.34644E+01   0.49786E+22
   0.65759E+04   0.23867E+04   0.34649E+01   0.49793E+22
   0.65772E+04   0.23872E+04   0.34654E+01   0.49800E+22
   0.65785E+04   0.23877E+04   0.34659E+01   0.49807E+22
   0.65798E+04   0.23882E+04   0.34664E+01   0.49814E+22
   0.65811E+04   0.23886E+04   0.34669E+01   0.49821E+22
   0.65824E+04   0.23891E+04   0.34674E+01   0.49828E+22
   0.65837E+04   0.23896E+04   0.34679E+01   0.49835E+22
   0.65850E+04   0.23901E+04   0.34684E+01   0.49842E+22
   0.65863E+04   0.23905E+04   0.34689E+01   0.49849E+22
   0.65876E+04   0.23910E+04   0.34694E+01   0.49856E+22
   0.65889E+04   0.23915E+04   0.34699E+01   0.49863E+22
   0.65902E+04   0.23920E+04   0.34704E+01   0.49870E+22
   0.65915E+04   0.23924E+04   0.34709E+01   0.49877E+22
   0.65928E+04   0.23929E+04   0.34714E+01   0.49884E+22
   0.65941E+04   0.23934E+04   0.34719E+01   0.49891E+22
   0.65954E+04   0.23939E+04   0.34724E+01   0.49898E+22
   0.65967E+04   0.23943E+04   0.34729E+01   0.49905E+22
   0.65979E+04   0.23948E+04   0.34734E+01   0.49912E+22
   0.65992E+04   0.23953E+04   0.34739E+01   0.49919E+22
   0.66005E+04   0.23958E+04   0.34744E+01   0.49926E+22
   0.66018E+04   0.23962E+04   0.34749E+01   0.49933E+22
   0.66031E+04   0.23967E+04   0.34754E+01   0.49940E+22
   0.66044E+04   0.23972E+04   0.34759E+01   0.49947E+22
   0.66057E+04   0.23977E+04   0.34764E+01   0.49954E+22
   0.66070E+04   0.23981E+04   0.34769E+01   0.49961E+22
   0.66083E+04   0.23986E+04   0.34774E+01   0.49968E+22
   0.66096E+04   0.23991E+04   0.34779E+01   0.49975E+22
   0.66109E+04   0.23996E+04   0.34784E+01   0.49982E+22
   0.66122E+04   0.24000E+04   0.34789E+01   0.49989E+22
   0.66135E+04   0.24005E+04   0.34794E+01   0.49996E+22
   0.66148E+04   0.24010E+04   0.34799E+01   0.50003E+22
   0.66161E+04   0.24015E+04   0.34804E+01   0.50010E+22
   0.66174E+04   0.24019E+04   0.34809E+01   0.50017E+22
   0.66187E+04   0.24024E+04   0.34814E+01   0.50024E+22
   0.66200E+04   0.24029E+04   0.34819E+01   0.50031E+22
   0.66213E+04   0.24034E+04   0.34824E+01   0.50038E+22
   0.66226E+04   0.24039E+04   0.34829E+01   0.50045E+22
   0.66238E+04   0.24043E+04   0.34834E+01   0.50052E+22
   0.66251E+04   0.24048E+04   0.34839E+01   0.50059E+22
   0.66264E+04   0.24053E+04   0.34844E+01   0.50066E+22
   0.66277E+04   0.24058E+04   0.34849E+01   0.50073E+22
   0.66290E+04   0.24062E+04   0.34854E+01   0.50080E+22
   0.66303E+04   0.24067E+04   0.34859E+01   0.50087E+22
   0.66316E+04   0.24072E+04   0.34864E+01   0.50094E+22
   0.66329E+04   0.24077E+04   0.34869E+01   0.50101E+22
   0.66342E+04   0.24081E+04   0.34874E+01   0.50108E+22
   0.66355E+04   0.24086E+04   0.34879E+01   0.50115E+22
   0.66368E+04   0.24091E+04   0.34884E+01   0.50122E+22
   0.66381E+04   0.24096E+04   0.34889E+01   0.50129E+22
   0.66394E+04   0.24100E+04   0.34894E+01   0.50136E+22
   0.66407E+04   0.24105E+04   0.34899E+01   0.50143E+22
   0.66420E+04   0.24110E+04   0.34904E+01   0.50150E+22
   0.66433E+04   0.24115E+04   0.34909E+01   0.50157E+22
   0.66446E+04   0.24119E+04   0.34914E+01   0.50164E+22
   0.66459E+04   0.24124E+04   0.34919E+01   0.50171E+22
   0.66472E+04   0.24129E+04   0.34924E+01   0.50178E+22
   0.66485E+04   0.24134E+04   0.34929E+01   0.50185E+22
   0.66498E+04   0.24138E+04   0.34934E+01   0.50192E+22
   0.66511E+04   0.24143E+04   0.34939E+01   0.50199E+22
   0.66524E+04   0.24148E+04   0.34944E+01   0.50206E+22
   0.66537E+04   0.24153E+04   0.34949E+01   0.50213E+22
   0.66550E+04   0.24158E+04   0.34954E+01   0.50220E+22
   0.66563E+04   0.24162E+04   0.34959E+01   0.50227E+22
   0.66576E+04   0.24167E+04   0.34964E+01   0.50234E+22
   0.66589E+04   0.24172E+04   0.34969E+01   0.50241E+22
   0.66602E+04   0.24177E+04   0.34974E+01   0.50248E+22
   0.66615E+04   0.24181E+04   0.34979E+01   0.50255E+22
   0.66628E+04   0.24186E+04   0.34984E+01   0.50262E+22
   0.66641E+04   0.24191E+04   0.34989E+01   0.50270E+22
   0.66654E+04   0.24196E+04   0.34994E+01   0.50277E+22
   0.66667E+04   0.24200E+04   0.34999E+01   0.50284E+22
   0.66679E+04   0.24205E+04   0.35004E+01   0.50291E+22
   0.66692E+04   0.24210E+04   0.35009E+01   0.50298E+22
   0.66705E+04   0.24215E+04   0.35014E+01   0.50305E+22
   0.66718E+04   0.24219E+04   0.35019E+01   0.50312E+22
   0.66731E+04   0.24224E+04   0.35024E+01   0.50319E+22
   0.66744E+04   0.24229E+04   0.35029E+01   0.50326E+22
   0.66757E+04   0.24234E+04   0.35034E+01   0.50333E+22
   0.66770E+04   0.24239E+04   0.35039E+01   0.50340E+22
   0.66783E+04   0.24243E+04   0.35044E+01   0.50347E+22
   0.66796E+04   0.24248E+04   0.35049E+01   0.50354E+22
   0.66809E+04   0.24253E+04   0.35054E+01   0.50361E+22
   0.66822E+04   0.24258E+04   0.35059E+01   0.50368E+22
   0.66835E+04   0.24262E+04   0.35064E+01   0.50375E+22
   0.66848E+04   0.24267E+04   0.35069E+01   0.50382E+22
   0.66861E+04   0.24272E+04   0.35074E+01   0.50389E+22
   0.66874E+04   0.24277E+04   0.35079E+01   0.50396E+22
   0.66887E+04   0.24281E+04   0.35084E+01   0.50403E+22
   0.66900E+04   0.24286E+04   0.35089E+01   0.50410E+22
   0.66913E+04   0.24291E+04   0.35094E+01   0.50417E+22
   0.66926E+04   0.24296E+04   0.35099E+01   0.50424E+22
   0.66939E+04   0.24301E+04   0.35104E+01   0.50431E+22
   0.66952E+04   0.24305E+04   0.35109E+01   0.50438E+22
   0.66965E+04   0.24310E+04   0.35114E+01   0.50445E+22
   0.66978E+04   0.24315E+04   0.35119E+01   0.50452E+22
   0.66991E+04   0.24320E+04   0.35124E+01   0.50459E+22
   0.67004E+04   0.24324E+04   0.35129E+01   0.50466E+22
   0.67017E+04   0.24329E+04   0.35134E+01   0.50473E+22
   0.67030E+04   0.24334E+04   0.35139E+01   0.50480E+22
   0.67043E+04   0.24339E+04   0.35144E+01   0.50487E+22
   0.67056E+04   0.24343E+04   0.35149E+01   0.50494E+22
   0.67069E+04   0.24348E+04   0.35154E+01   0.50501E+22
   0.67082E+04   0.24353E+04   0.35159E+01   0.50508E+22
   0.67095E+04   0.24358E+04   0.35164E+01   0.50515E+22
   0.67108E+04   0.24363E+04   0.35169E+01   0.50522E+22
   0.67121E+04   0.24367E+04   0.35174E+01   0.50529E+22
   0.67134E+04   0.24372E+04   0.35179E+01   0.50536E+22
   0.67147E+04   0.24377E+04   0.35184E+01   0.50543E+22
   0.67160E+04   0.24382E+04   0.35189E+01   0.50550E+22
   0.67173E+04   0.24386E+04   0.35194E+01   0.50557E+22
   0.67186E+04   0.24391E+04   0.35199E+01   0.50564E+22
   0.67199E+04   0.24396E+04   0.35204E+01   0.50571E+22
   0.67212E+04   0.24401E+04   0.35209E+01   0.50578E+22
   0.67225E+04   0.24406E+04   0.35214E+01   0.50585E+22
   0.67238E+04   0.24410E+04   0.35219E+01   0.50592E+22
   0.67251E+04   0.24415E+04   0.35224E+01   0.50599E+22
   0.67264E+04   0.24420E+04   0.35229E+01   0.50606E+22
   0.67277E+04   0.24425E+04   0.35234E+01   0.50613E+22
   0.67290E+04   0.24429E+04   0.35239E+01   0.50620E+22
   0.67303E+04   0.24434E+04   0.35244E+01   0.50627E+22
   0.67316E+04   0.24439E+04   0.35249E+01   0.50634E+22
   0.67329E+04   0.24444E+04   0.35254E+01   0.50641E+22
   0.67342E+04   0.24449E+04   0.35259E+01   0.50648E+22
   0.67355E+04   0.24453E+04   0.35264E+01   0.50655E+22
   0.67368E+04   0.24458E+04   0.35269E+01   0.50662E+22
   0.67382E+04   0.24463E+04   0.35274E+01   0.50669E+22
   0.67395E+04   0.24468E+04   0.35279E+01   0.50676E+22
   0.67408E+04   0.24472E+04   0.35284E+01   0.50683E+22
   0.67421E+04   0.24477E+04   0.35289E+01   0.50690E+22
   0.67434E+04   0.24482E+04   0.35294E+01   0.50697E+22
   0.67447E+04   0.24487E+04   0.35299E+01   0.50704E+22
   0.67460E+04   0.24491E+04   0.35304E+01   0.50711E+22
   0.67473E+04   0.24496E+04   0.35309E+01   0.50718E+22
   0.67486E+04   0.24501E+04   0.35314E+01   0.50725E+22
   0.67499E+04   0.24506E+04   0.35319E+01   0.50732E+22
   0.67512E+04   0.24511E+04   0.35324E+01   0.50739E+22
   0.67525E+04   0.24515E+04   0.35329E+01   0.50746E+22
   0.67538E+04   0.24520E+04   0.35334E+01   0.50753E+22
   0.67551E+04   0.24525E+04   0.35339E+01   0.50760E+22
   0.67564E+04   0.24530E+04   0.35344E+01   0.50767E+22
   0.67577E+04   0.24535E+04   0.35349E+01   0.50774E+22
   0.67590E+04   0.24539E+04   0.35354E+01   0.50781E+22
   0.67603E+04   0.24544E+04   0.35359E+01   0.50788E+22
   0.67616E+04   0.24549E+04   0.35364E+01   0.50796E+22
   0.67629E+04   0.24554E+04   0.35369E+01   0.50803E+22
   0.67642E+04   0.24558E+04   0.35374E+01   0.50810E+22
   0.67655E+04   0.24563E+04   0.35379E+01   0.50817E+22
   0.67668E+04   0.24568E+04   0.35384E+01   0.50824E+22
   0.67681E+04   0.24573E+04   0.35389E+01   0.50831E+22
   0.67694E+04   0.24578E+04   0.35394E+01   0.50838E+22
   0.67707E+04   0.24582E+04   0.35399E+01   0.50845E+22
   0.67720E+04   0.24587E+04   0.35404E+01   0.50852E+22
   0.67733E+04   0.24592E+04   0.35409E+01   0.50859E+22
   0.67746E+04   0.24597E+04   0.35414E+01   0.50866E+22
   0.67759E+04   0.24601E+04   0.35419E+01   0.50873E+22
   0.67772E+04   0.24606E+04   0.35424E+01   0.50880E+22
   0.67785E+04   0.24611E+04   0.35429E+01   0.50887E+22
   0.67798E+04   0.24616E+04   0.35434E+01   0.50894E+22
   0.67811E+04   0.24621E+04   0.35439E+01   0.50901E+22
   0.67825E+04   0.24625E+04   0.35444E+01   0.50908E+22
   0.67838E+04   0.24630E+04   0.35449E+01   0.50915E+22
   0.67851E+04   0.24635E+04   0.35454E+01   0.50922E+22
   0.67864E+04   0.24640E+04   0.35459E+01   0.50929E+22
   0.67877E+04   0.24645E+04   0.35464E+01   0.50936E+22
   0.67890E+04   0.24649E+04   0.35469E+01   0.50943E+22
   0.67903E+04   0.24654E+04   0.35474E+01   0.50950E+22
   0.67916E+04   0.24659E+04   0.35479E+01   0.50957E+22
   0.67929E+04   0.24664E+04   0.35484E+01   0.50964E+22
   0.67942E+04   0.24668E+04   0.35489E+01   0.50971E+22
   0.67955E+04   0.24673E+04   0.35494E+01   0.50978E+22
   0.67968E+04   0.24678E+04   0.35499E+01   0.50985E+22
   0.67981E+04   0.24683E+04   0.35504E+01   0.50992E+22
   0.67994E+04   0.24688E+04   0.35509E+01   0.50999E+22
   0.68007E+04   0.24692E+04   0.35514E+01   0.51006E+22
   0.68020E+04   0.24697E+04   0.35519E+01   0.51013E+22
   0.68033E+04   0.24702E+04   0.35524E+01   0.51020E+22
   0.68046E+04   0.24707E+04   0.35529E+01   0.51027E+22
   0.68059E+04   0.24712E+04   0.35534E+01   0.51034E+22
   0.68072E+04   0.24716E+04   0.35539E+01   0.51041E+22
   0.68085E+04   0.24721E+04   0.35544E+01   0.51048E+22
   0.68099E+04   0.24726E+04   0.35549E+01   0.51055E+22
   0.68112E+04   0.24731E+04   0.35554E+01   0.51062E+22
   0.68125E+04   0.24735E+04   0.35559E+01   0.51069E+22
   0.68138E+04   0.24740E+04   0.35564E+01   0.51076E+22
   0.68151E+04   0.24745E+04   0.35569E+01   0.51083E+22
   0.68164E+04   0.24750E+04   0.35574E+01   0.51090E+22
   0.68177E+04   0.24755E+04   0.35579E+01   0.51097E+22
   0.68190E+04   0.24759E+04   0.35584E+01   0.51104E+22
   0.68203E+04   0.24764E+04   0.35589E+01   0.51111E+22
   0.68216E+04   0.24769E+04   0.35594E+01   0.51118E+22
   0.68229E+04   0.24774E+04   0.35599E+01   0.51125E+22
   0.68242E+04   0.24779E+04   0.35604E+01   0.51132E+22
   0.68255E+04   0.24783E+04   0.35609E+01   0.51139E+22
   0.68268E+04   0.24788E+04   0.35614E+01   0.51146E+22
   0.68281E+04   0.24793E+04   0.35619E+01   0.51153E+22
   0.68294E+04   0.24798E+04   0.35624E+01   0.51160E+22
   0.68308E+04   0.24803E+04   0.35629E+01   0.51167E+22
   0.68321E+04   0.24807E+04   0.35634E+01   0.51174E+22
   0.68334E+04   0.24812E+04   0.35639E+01   0.51181E+22
   0.68347E+04   0.24817E+04   0.35644E+01   0.51188E+22
   0.68360E+04   0.24822E+04   0.35649E+01   0.51195E+22
   0.68373E+04   0.24826E+04   0.35654E+01   0.51202E+22
   0.68386E+04   0.24831E+04   0.35659E+01   0.51209E+22
   0.68399E+04   0.24836E+04   0.35664E+01   0.51216E+22
   0.68412E+04   0.24841E+04   0.35669E+01   0.51223E+22
   0.68425E+04   0.24846E+04   0.35674E+01   0.51230E+22
   0.68438E+04   0.24850E+04   0.35679E+01   0.51237E+22
   0.68451E+04   0.24855E+04   0.35684E+01   0.51244E+22
   0.68464E+04   0.24860E+04   0.35689E+01   0.51251E+22
   0.68477E+04   0.24865E+04   0.35694E+01   0.51258E+22
   0.68491E+04   0.24870E+04   0.35699E+01   0.51265E+22
   0.68504E+04   0.24874E+04   0.35704E+01   0.51272E+22
   0.68517E+04   0.24879E+04   0.35709E+01   0.51279E+22
   0.68530E+04   0.24884E+04   0.35714E+01   0.51286E+22
   0.68543E+04   0.24889E+04   0.35719E+01   0.51294E+22
   0.68556E+04   0.24894E+04   0.35724E+01   0.51301E+22
   0.68569E+04   0.24898E+04   0.35729E+01   0.51308E+22
   0.68582E+04   0.24903E+04   0.35734E+01   0.51315E+22
   0.68595E+04   0.24908E+04   0.35739E+01   0.51322E+22
   0.68608E+04   0.24913E+04   0.35744E+01   0.51329E+22
   0.68621E+04   0.24918E+04   0.35749E+01   0.51336E+22
   0.68634E+04   0.24922E+04   0.35754E+01   0.51343E+22
   0.68647E+04   0.24927E+04   0.35759E+01   0.51350E+22
   0.68661E+04   0.24932E+04   0.35764E+01   0.51357E+22
   0.68674E+04   0.24937E+04   0.35769E+01   0.51364E+22
   0.68687E+04   0.24942E+04   0.35774E+01   0.51371E+22
   0.68700E+04   0.24946E+04   0.35779E+01   0.51378E+22
   0.68713E+04   0.24951E+04   0.35784E+01   0.51385E+22
   0.68726E+04   0.24956E+04   0.35789E+01   0.51392E+22
   0.68739E+04   0.24961E+04   0.35794E+01   0.51399E+22
   0.68752E+04   0.24966E+04   0.35799E+01   0.51406E+22
   0.68765E+04   0.24970E+04   0.35804E+01   0.51413E+22
   0.68778E+04   0.24975E+04   0.35809E+01   0.51420E+22
   0.68791E+04   0.24980E+04   0.35814E+01   0.51427E+22
   0.68805E+04   0.24985E+04   0.35819E+01   0.51434E+22
   0.68818E+04   0.24990E+04   0.35824E+01   0.51441E+22
   0.68831E+04   0.24994E+04   0.35829E+01   0.51448E+22
   0.68844E+04   0.24999E+04   0.35834E+01   0.51455E+22
   0.68857E+04   0.25004E+04   0.35839E+01   0.51462E+22
   0.68870E+04   0.25009E+04   0.35844E+01   0.51469E+22
   0.68883E+04   0.25014E+04   0.35849E+01   0.51476E+22
   0.68896E+04   0.25018E+04   0.35854E+01   0.51483E+22
   0.68909E+04   0.25023E+04   0.35859E+01   0.51490E+22
   0.68922E+04   0.25028E+04   0.35864E+01   0.51497E+22
   0.68935E+04   0.25033E+04   0.35869E+01   0.51504E+22
   0.68949E+04   0.25038E+04   0.35874E+01   0.51511E+22
   0.68962E+04   0.25042E+04   0.35879E+01   0.51518E+22
   0.68975E+04   0.25047E+04   0.35884E+01   0.51525E+22
   0.68988E+04   0.25052E+04   0.35889E+01   0.51532E+22
   0.69001E+04   0.25057E+04   0.35894E+01   0.51539E+22
   0.69014E+04   0.25062E+04   0.35899E+01   0.51546E+22
   0.69027E+04   0.25066E+04   0.35904E+01   0.51553E+22
   0.69040E+04   0.25071E+04   0.35909E+01   0.51560E+22
   0.69053E+04   0.25076E+04   0.35914E+01   0.51567E+22
   0.69067E+04   0.25081E+04   0.35919E+01   0.51574E+22
   0.69080E+04   0.25086E+04   0.35924E+01   0.51581E+22
   0.69093E+04   0.25090E+04   0.35929E+01   0.51588E+22
   0.69106E+04   0.25095E+04   0.35934E+01   0.51595E+22
   0.69119E+04   0.25100E+04   0.35939E+01   0.51602E+22
   0.69132E+04   0.25105E+04   0.35944E+01   0.51609E+22
   0.69145E+04   0.25110E+04   0.35949E+01   0.51616E+22
   0.69158E+04   0.25114E+04   0.35954E+01   0.51623E+22
   0.69171E+04   0.25119E+04   0.35959E+01   0.51630E+22
   0.69184E+04   0.25124E+04   0.35964E+01   0.51637E+22
   0.69198E+04   0.25129E+04   0.35969E+01   0.51644E+22
   0.69211E+04   0.25134E+04   0.35974E+01   0.51651E+22
   0.69224E+04   0.25138E+04   0.35979E+01   0.51658E+22
   0.69237E+04   0.25143E+04   0.35984E+01   0.51665E+22
   0.69250E+04   0.25148E+04   0.35989E+01   0.51672E+22
   0.69263E+04   0.25153E+04   0.35994E+01   0.51679E+22
   0.69276E+04   0.25158E+04   0.35999E+01   0.51686E+22
   0.69289E+04   0.25162E+04   0.36004E+01   0.51693E+22
   0.69303E+04   0.25167E+04   0.36009E+01   0.51700E+22
   0.69316E+04   0.25172E+04   0.36014E+01   0.51707E+22
   0.69329E+04   0.25177E+04   0.36019E+01   0.51714E+22
   0.69342E+04   0.25182E+04   0.36024E+01   0.51721E+22
   0.69355E+04   0.25187E+04   0.36029E+01   0.51728E+22
   0.69368E+04   0.25191E+04   0.36034E+01   0.51735E+22
   0.69381E+04   0.25196E+04   0.36039E+01   0.51742E+22
   0.69394E+04   0.25201E+04   0.36044E+01   0.51749E+22
   0.69407E+04   0.25206E+04   0.36049E+01   0.51756E+22
   0.69421E+04   0.25211E+04   0.36054E+01   0.51764E+22
   0.69434E+04   0.25215E+04   0.36059E+01   0.51771E+22
   0.69447E+04   0.25220E+04   0.36064E+01   0.51778E+22
   0.69460E+04   0.25225E+04   0.36069E+01   0.51785E+22
   0.69473E+04   0.25230E+04   0.36074E+01   0.51792E+22
   0.69486E+04   0.25235E+04   0.36079E+01   0.51799E+22
   0.69499E+04   0.25239E+04   0.36084E+01   0.51806E+22
   0.69512E+04   0.25244E+04   0.36089E+01   0.51813E+22
   0.69526E+04   0.25249E+04   0.36094E+01   0.51820E+22
   0.69539E+04   0.25254E+04   0.36099E+01   0.51827E+22
   0.69552E+04   0.25259E+04   0.36104E+01   0.51834E+22
   0.69565E+04   0.25263E+04   0.36109E+01   0.51841E+22
   0.69578E+04   0.25268E+04   0.36114E+01   0.51848E+22
   0.69591E+04   0.25273E+04   0.36119E+01   0.51855E+22
   0.69604E+04   0.25278E+04   0.36124E+01   0.51862E+22
   0.69618E+04   0.25283E+04   0.36129E+01   0.51869E+22
   0.69631E+04   0.25288E+04   0.36134E+01   0.51876E+22
   0.69644E+04   0.25292E+04   0.36139E+01   0.51883E+22
   0.69657E+04   0.25297E+04   0.36144E+01   0.51890E+22
   0.69670E+04   0.25302E+04   0.36149E+01   0.51897E+22
   0.69683E+04   0.25307E+04   0.36154E+01   0.51904E+22
   0.69696E+04   0.25312E+04   0.36159E+01   0.51911E+22
   0.69709E+04   0.25316E+04   0.36164E+01   0.51918E+22
   0.69723E+04   0.25321E+04   0.36169E+01   0.51925E+22
   0.69736E+04   0.25326E+04   0.36174E+01   0.51932E+22
   0.69749E+04   0.25331E+04   0.36179E+01   0.51939E+22
   0.69762E+04   0.25336E+04   0.36184E+01   0.51946E+22
   0.69775E+04   0.25340E+04   0.36189E+01   0.51953E+22
   0.69788E+04   0.25345E+04   0.36194E+01   0.51960E+22
   0.69801E+04   0.25350E+04   0.36199E+01   0.51967E+22
   0.69815E+04   0.25355E+04   0.36204E+01   0.51974E+22
   0.69828E+04   0.25360E+04   0.36209E+01   0.51981E+22
   0.69841E+04   0.25365E+04   0.36214E+01   0.51988E+22
   0.69854E+04   0.25369E+04   0.36219E+01   0.51995E+22
   0.69867E+04   0.25374E+04   0.36224E+01   0.52002E+22
   0.69880E+04   0.25379E+04   0.36229E+01   0.52009E+22
   0.69893E+04   0.25384E+04   0.36234E+01   0.52016E+22
   0.69907E+04   0.25389E+04   0.36239E+01   0.52023E+22
   0.69920E+04   0.25393E+04   0.36244E+01   0.52030E+22
   0.69933E+04   0.25398E+04   0.36249E+01   0.52037E+22
   0.69946E+04   0.25403E+04   0.36254E+01   0.52044E+22
   0.69959E+04   0.25408E+04   0.36259E+01   0.52051E+22
   0.69972E+04   0.25413E+04   0.36264E+01   0.52058E+22
   0.69986E+04   0.25418E+04   0.36269E+01   0.52065E+22
   0.69999E+04   0.25422E+04   0.36274E+01   0.52072E+22
   0.70012E+04   0.25427E+04   0.36279E+01   0.52079E+22
   0.70025E+04   0.25432E+04   0.36284E+01   0.52086E+22
   0.70038E+04   0.25437E+04   0.36289E+01   0.52093E+22
   0.70051E+04   0.25442E+04   0.36294E+01   0.52100E+22
   0.70064E+04   0.25446E+04   0.36299E+01   0.52107E+22
   0.70078E+04   0.25451E+04   0.36304E+01   0.52114E+22
   0.70091E+04   0.25456E+04   0.36309E+01   0.52121E+22
   0.70104E+04   0.25461E+04   0.36314E+01   0.52128E+22
   0.70117E+04   0.25466E+04   0.36319E+01   0.52135E+22
   0.70130E+04   0.25471E+04   0.36324E+01   0.52142E+22
   0.70143E+04   0.25475E+04   0.36329E+01   0.52149E+22
   0.70157E+04   0.25480E+04   0.36334E+01   0.52156E+22
   0.70170E+04   0.25485E+04   0.36339E+01   0.52163E+22
   0.70183E+04   0.25490E+04   0.36344E+01   0.52170E+22
   0.70196E+04   0.25495E+04   0.36349E+01   0.52177E+22
   0.70209E+04   0.25499E+04   0.36354E+01   0.52184E+22
   0.70222E+04   0.25504E+04   0.36359E+01   0.52191E+22
   0.70236E+04   0.25509E+04   0.36364E+01   0.52198E+22
   0.70249E+04   0.25514E+04   0.36369E+01   0.52205E+22
   0.70262E+04   0.25519E+04   0.36374E+01   0.52213E+22
   0.70275E+04   0.25524E+04   0.36379E+01   0.52220E+22
   0.70288E+04   0.25528E+04   0.36384E+01   0.52227E+22
   0.70301E+04   0.25533E+04   0.36389E+01   0.52234E+22
   0.70315E+04   0.25538E+04   0.36394E+01   0.52241E+22
   0.70328E+04   0.25543E+04   0.36399E+01   0.52248E+22
   0.70341E+04   0.25548E+04   0.36404E+01   0.52255E+22
   0.70354E+04   0.25553E+04   0.36409E+01   0.52262E+22
   0.70367E+04   0.25557E+04   0.36414E+01   0.52269E+22
   0.70380E+04   0.25562E+04   0.36419E+01   0.52276E+22
   0.70394E+04   0.25567E+04   0.36424E+01   0.52283E+22
   0.70407E+04   0.25572E+04   0.36429E+01   0.52290E+22
   0.70420E+04   0.25577E+04   0.36434E+01   0.52297E+22
   0.70433E+04   0.25581E+04   0.36439E+01   0.52304E+22
   0.70446E+04   0.25586E+04   0.36444E+01   0.52311E+22
   0.70459E+04   0.25591E+04   0.36449E+01   0.52318E+22
   0.70473E+04   0.25596E+04   0.36454E+01   0.52325E+22
   0.70486E+04   0.25601E+04   0.36459E+01   0.52332E+22
   0.70499E+04   0.25606E+04   0.36464E+01   0.52339E+22
   0.70512E+04   0.25610E+04   0.36469E+01   0.52346E+22
   0.70525E+04   0.25615E+04   0.36474E+01   0.52353E+22
   0.70539E+04   0.25620E+04   0.36479E+01   0.52360E+22
   0.70552E+04   0.25625E+04   0.36484E+01   0.52367E+22
   0.70565E+04   0.25630E+04   0.36489E+01   0.52374E+22
   0.70578E+04   0.25635E+04   0.36494E+01   0.52381E+22
   0.70591E+04   0.25639E+04   0.36499E+01   0.52388E+22
   0.70604E+04   0.25644E+04   0.36504E+01   0.52395E+22
   0.70618E+04   0.25649E+04   0.36509E+01   0.52402E+22
   0.70631E+04   0.25654E+04   0.36514E+01   0.52409E+22
   0.70644E+04   0.25659E+04   0.36519E+01   0.52416E+22
   0.70657E+04   0.25664E+04   0.36524E+01   0.52423E+22
   0.70670E+04   0.25668E+04   0.36529E+01   0.52430E+22
   0.70684E+04   0.25673E+04   0.36534E+01   0.52437E+22
   0.70697E+04   0.25678E+04   0.36539E+01   0.52444E+22
   0.70710E+04   0.25683E+04   0.36544E+01   0.52451E+22
   0.70723E+04   0.25688E+04   0.36549E+01   0.52458E+22
   0.70736E+04   0.25693E+04   0.36554E+01   0.52465E+22
   0.70749E+04   0.25697E+04   0.36559E+01   0.52472E+22
   0.70763E+04   0.25702E+04   0.36564E+01   0.52479E+22
   0.70776E+04   0.25707E+04   0.36569E+01   0.52486E+22
   0.70789E+04   0.25712E+04   0.36574E+01   0.52493E+22
   0.70802E+04   0.25717E+04   0.36579E+01   0.52500E+22
   0.70815E+04   0.25721E+04   0.36584E+01   0.52507E+22
   0.70829E+04   0.25726E+04   0.36589E+01   0.52514E+22
   0.70842E+04   0.25731E+04   0.36594E+01   0.52521E+22
   0.70855E+04   0.25736E+04   0.36599E+01   0.52528E+22
   0.70868E+04   0.25741E+04   0.36604E+01   0.52535E+22
   0.70881E+04   0.25746E+04   0.36609E+01   0.52542E+22
   0.70895E+04   0.25750E+04   0.36614E+01   0.52549E+22
   0.70908E+04   0.25755E+04   0.36619E+01   0.52556E+22
   0.70921E+04   0.25760E+04   0.36624E+01   0.52563E+22
   0.70934E+04   0.25765E+04   0.36629E+01   0.52570E+22
   0.70947E+04   0.25770E+04   0.36634E+01   0.52577E+22
   0.70961E+04   0.25775E+04   0.36639E+01   0.52584E+22
   0.70974E+04   0.25779E+04   0.36644E+01   0.52591E+22
   0.70987E+04   0.25784E+04   0.36649E+01   0.52598E+22
   0.71000E+04   0.25789E+04   0.36654E+01   0.52605E+22
   0.71013E+04   0.25794E+04   0.36659E+01   0.52612E+22
   0.71027E+04   0.25799E+04   0.36664E+01   0.52619E+22
   0.71040E+04   0.25804E+04   0.36669E+01   0.52626E+22
   0.71053E+04   0.25808E+04   0.36674E+01   0.52633E+22
   0.71066E+04   0.25813E+04   0.36679E+01   0.52641E+22
   0.71079E+04   0.25818E+04   0.36684E+01   0.52648E+22
   0.71093E+04   0.25823E+04   0.36689E+01   0.52655E+22
   0.71106E+04   0.25828E+04   0.36694E+01   0.52662E+22
   0.71119E+04   0.25833E+04   0.36699E+01   0.52669E+22
   0.71132E+04   0.25838E+04   0.36704E+01   0.52676E+22
   0.71145E+04   0.25842E+04   0.36709E+01   0.52683E+22
   0.71159E+04   0.25847E+04   0.36714E+01   0.52690E+22
   0.71172E+04   0.25852E+04   0.36719E+01   0.52697E+22
   0.71185E+04   0.25857E+04   0.36724E+01   0.52704E+22
   0.71198E+04   0.25862E+04   0.36729E+01   0.52711E+22
   0.71212E+04   0.25867E+04   0.36734E+01   0.52718E+22
   0.71225E+04   0.25871E+04   0.36739E+01   0.52725E+22
   0.71238E+04   0.25876E+04   0.36744E+01   0.52732E+22
   0.71251E+04   0.25881E+04   0.36749E+01   0.52739E+22
   0.71264E+04   0.25886E+04   0.36754E+01   0.52746E+22
   0.71278E+04   0.25891E+04   0.36759E+01   0.52753E+22
   0.71291E+04   0.25896E+04   0.36764E+01   0.52760E+22
   0.71304E+04   0.25900E+04   0.36769E+01   0.52767E+22
   0.71317E+04   0.25905E+04   0.36774E+01   0.52774E+22
   0.71330E+04   0.25910E+04   0.36779E+01   0.52781E+22
   0.71344E+04   0.25915E+04   0.36784E+01   0.52788E+22
   0.71357E+04   0.25920E+04   0.36789E+01   0.52795E+22
   0.71370E+04   0.25925E+04   0.36794E+01   0.52802E+22
   0.71383E+04   0.25929E+04   0.36799E+01   0.52809E+22
   0.71397E+04   0.25934E+04   0.36804E+01   0.52816E+22
   0.71410E+04   0.25939E+04   0.36809E+01   0.52823E+22
   0.71423E+04   0.25944E+04   0.36814E+01   0.52830E+22
   0.71436E+04   0.25949E+04   0.36819E+01   0.52837E+22
   0.71449E+04   0.25954E+04   0.36824E+01   0.52844E+22
   0.71463E+04   0.25958E+04   0.36829E+01   0.52851E+22
   0.71476E+04   0.25963E+04   0.36834E+01   0.52858E+22
   0.71489E+04   0.25968E+04   0.36839E+01   0.52865E+22
   0.71502E+04   0.25973E+04   0.36844E+01   0.52872E+22
   0.71516E+04   0.25978E+04   0.36849E+01   0.52879E+22
   0.71529E+04   0.25983E+04   0.36854E+01   0.52886E+22
   0.71542E+04   0.25988E+04   0.36859E+01   0.52893E+22
   0.71555E+04   0.25992E+04   0.36864E+01   0.52900E+22
   0.71569E+04   0.25997E+04   0.36869E+01   0.52907E+22
   0.71582E+04   0.26002E+04   0.36874E+01   0.52914E+22
   0.71595E+04   0.26007E+04   0.36879E+01   0.52921E+22
   0.71608E+04   0.26012E+04   0.36884E+01   0.52928E+22
   0.71621E+04   0.26017E+04   0.36889E+01   0.52935E+22
   0.71635E+04   0.26021E+04   0.36894E+01   0.52942E+22
   0.71648E+04   0.26026E+04   0.36899E+01   0.52949E+22
   0.71661E+04   0.26031E+04   0.36904E+01   0.52956E+22
   0.71674E+04   0.26036E+04   0.36909E+01   0.52963E+22
   0.71688E+04   0.26041E+04   0.36914E+01   0.52970E+22
   0.71701E+04   0.26046E+04   0.36919E+01   0.52977E+22
   0.71714E+04   0.26050E+04   0.36924E+01   0.52984E+22
   0.71727E+04   0.26055E+04   0.36929E+01   0.52991E+22
   0.71741E+04   0.26060E+04   0.36934E+01   0.52998E+22
   0.71754E+04   0.26065E+04   0.36939E+01   0.53005E+22
   0.71767E+04   0.26070E+04   0.36944E+01   0.53012E+22
   0.71780E+04   0.26075E+04   0.36949E+01   0.53019E+22
   0.71794E+04   0.26080E+04   0.36954E+01   0.53026E+22
   0.71807E+04   0.26084E+04   0.36959E+01   0.53033E+22
   0.71820E+04   0.26089E+04   0.36964E+01   0.53040E+22
   0.71833E+04   0.26094E+04   0.36969E+01   0.53047E+22
   0.71847E+04   0.26099E+04   0.36974E+01   0.53054E+22
   0.71860E+04   0.26104E+04   0.36979E+01   0.53062E+22
   0.71873E+04   0.26109E+04   0.36984E+01   0.53069E+22
   0.71886E+04   0.26113E+04   0.36989E+01   0.53076E+22
   0.71900E+04   0.26118E+04   0.36994E+01   0.53083E+22
   0.71913E+04   0.26123E+04   0.36999E+01   0.53090E+22
   0.71926E+04   0.26128E+04   0.37004E+01   0.53097E+22
   0.71939E+04   0.26133E+04   0.37009E+01   0.53104E+22
   0.71953E+04   0.26138E+04   0.37014E+01   0.53111E+22
   0.71966E+04   0.26143E+04   0.37019E+01   0.53118E+22
   0.71979E+04   0.26147E+04   0.37024E+01   0.53125E+22
   0.71992E+04   0.26152E+04   0.37029E+01   0.53132E+22
   0.72006E+04   0.26157E+04   0.37034E+01   0.53139E+22
   0.72019E+04   0.26162E+04   0.37039E+01   0.53146E+22
   0.72032E+04   0.26167E+04   0.37044E+01   0.53153E+22
   0.72045E+04   0.26172E+04   0.37049E+01   0.53160E+22
   0.72059E+04   0.26177E+04   0.37054E+01   0.53167E+22
   0.72072E+04   0.26181E+04   0.37059E+01   0.53174E+22
   0.72085E+04   0.26186E+04   0.37064E+01   0.53181E+22
   0.72098E+04   0.26191E+04   0.37069E+01   0.53188E+22
   0.72112E+04   0.26196E+04   0.37074E+01   0.53195E+22
   0.72125E+04   0.26201E+04   0.37079E+01   0.53202E+22
   0.72138E+04   0.26206E+04   0.37084E+01   0.53209E+22
   0.72151E+04   0.26210E+04   0.37089E+01   0.53216E+22
   0.72165E+04   0.26215E+04   0.37094E+01   0.53223E+22
   0.72178E+04   0.26220E+04   0.37099E+01   0.53230E+22
   0.72191E+04   0.26225E+04   0.37104E+01   0.53237E+22
   0.72204E+04   0.26230E+04   0.37109E+01   0.53244E+22
   0.72218E+04   0.26235E+04   0.37114E+01   0.53251E+22
   0.72231E+04   0.26240E+04   0.37119E+01   0.53258E+22
   0.72244E+04   0.26244E+04   0.37124E+01   0.53265E+22
   0.72257E+04   0.26249E+04   0.37129E+01   0.53272E+22
   0.72271E+04   0.26254E+04   0.37134E+01   0.53279E+22
   0.72284E+04   0.26259E+04   0.37139E+01   0.53286E+22
   0.72297E+04   0.26264E+04   0.37144E+01   0.53293E+22
   0.72311E+04   0.26269E+04   0.37149E+01   0.53300E+22
   0.72324E+04   0.26274E+04   0.37154E+01   0.53307E+22
   0.72337E+04   0.26278E+04   0.37159E+01   0.53314E+22
   0.72350E+04   0.26283E+04   0.37164E+01   0.53321E+22
   0.72364E+04   0.26288E+04   0.37169E+01   0.53328E+22
   0.72377E+04   0.26293E+04   0.37174E+01   0.53335E+22
   0.72390E+04   0.26298E+04   0.37179E+01   0.53342E+22
   0.72403E+04   0.26303E+04   0.37184E+01   0.53349E+22
   0.72417E+04   0.26308E+04   0.37189E+01   0.53356E+22
   0.72430E+04   0.26312E+04   0.37194E+01   0.53363E+22
   0.72443E+04   0.26317E+04   0.37199E+01   0.53370E+22
   0.72457E+04   0.26322E+04   0.37204E+01   0.53377E+22
   0.72470E+04   0.26327E+04   0.37209E+01   0.53384E+22
   0.72483E+04   0.26332E+04   0.37214E+01   0.53391E+22
   0.72496E+04   0.26337E+04   0.37219E+01   0.53398E+22
   0.72510E+04   0.26342E+04   0.37224E+01   0.53405E+22
   0.72523E+04   0.26346E+04   0.37229E+01   0.53412E+22
   0.72536E+04   0.26351E+04   0.37234E+01   0.53419E+22
   0.72549E+04   0.26356E+04   0.37239E+01   0.53426E+22
   0.72563E+04   0.26361E+04   0.37244E+01   0.53433E+22
   0.72576E+04   0.26366E+04   0.37249E+01   0.53440E+22
   0.72589E+04   0.26371E+04   0.37254E+01   0.53447E+22
   0.72603E+04   0.26376E+04   0.37259E+01   0.53454E+22
   0.72616E+04   0.26380E+04   0.37264E+01   0.53462E+22
   0.72629E+04   0.26385E+04   0.37269E+01   0.53469E+22
   0.72642E+04   0.26390E+04   0.37274E+01   0.53476E+22
   0.72656E+04   0.26395E+04   0.37279E+01   0.53483E+22
   0.72669E+04   0.26400E+04   0.37284E+01   0.53490E+22
   0.72682E+04   0.26405E+04   0.37289E+01   0.53497E+22
   0.72696E+04   0.26410E+04   0.37294E+01   0.53504E+22
   0.72709E+04   0.26414E+04   0.37299E+01   0.53511E+22
   0.72722E+04   0.26419E+04   0.37304E+01   0.53518E+22
   0.72735E+04   0.26424E+04   0.37309E+01   0.53525E+22
   0.72749E+04   0.26429E+04   0.37314E+01   0.53532E+22
   0.72762E+04   0.26434E+04   0.37319E+01   0.53539E+22
   0.72775E+04   0.26439E+04   0.37324E+01   0.53546E+22
   0.72789E+04   0.26444E+04   0.37329E+01   0.53553E+22
   0.72802E+04   0.26448E+04   0.37334E+01   0.53560E+22
   0.72815E+04   0.26453E+04   0.37339E+01   0.53567E+22
   0.72828E+04   0.26458E+04   0.37344E+01   0.53574E+22
   0.72842E+04   0.26463E+04   0.37349E+01   0.53581E+22
   0.72855E+04   0.26468E+04   0.37354E+01   0.53588E+22
   0.72868E+04   0.26473E+04   0.37359E+01   0.53595E+22
   0.72882E+04   0.26478E+04   0.37364E+01   0.53602E+22
   0.72895E+04   0.26482E+04   0.37369E+01   0.53609E+22
   0.72908E+04   0.26487E+04   0.37374E+01   0.53616E+22
   0.72922E+04   0.26492E+04   0.37379E+01   0.53623E+22
   0.72935E+04   0.26497E+04   0.37384E+01   0.53630E+22
   0.72948E+04   0.26502E+04   0.37389E+01   0.53637E+22
   0.72961E+04   0.26507E+04   0.37394E+01   0.53644E+22
   0.72975E+04   0.26512E+04   0.37399E+01   0.53651E+22
   0.72988E+04   0.26517E+04   0.37404E+01   0.53658E+22
   0.73001E+04   0.26521E+04   0.37409E+01   0.53665E+22
   0.73015E+04   0.26526E+04   0.37414E+01   0.53672E+22
   0.73028E+04   0.26531E+04   0.37419E+01   0.53679E+22
   0.73041E+04   0.26536E+04   0.37424E+01   0.53686E+22
   0.73055E+04   0.26541E+04   0.37429E+01   0.53693E+22
   0.73068E+04   0.26546E+04   0.37434E+01   0.53700E+22
   0.73081E+04   0.26551E+04   0.37439E+01   0.53707E+22
   0.73094E+04   0.26555E+04   0.37444E+01   0.53714E+22
   0.73108E+04   0.26560E+04   0.37449E+01   0.53721E+22
   0.73121E+04   0.26565E+04   0.37454E+01   0.53728E+22
   0.73134E+04   0.26570E+04   0.37459E+01   0.53735E+22
   0.73148E+04   0.26575E+04   0.37464E+01   0.53742E+22
   0.73161E+04   0.26580E+04   0.37469E+01   0.53749E+22
   0.73174E+04   0.26585E+04   0.37474E+01   0.53756E+22
   0.73188E+04   0.26590E+04   0.37479E+01   0.53763E+22
   0.73201E+04   0.26594E+04   0.37484E+01   0.53770E+22
   0.73214E+04   0.26599E+04   0.37489E+01   0.53777E+22
   0.73228E+04   0.26604E+04   0.37494E+01   0.53784E+22
   0.73241E+04   0.26609E+04   0.37499E+01   0.53791E+22
   0.73254E+04   0.26614E+04   0.37504E+01   0.53798E+22
   0.73268E+04   0.26619E+04   0.37509E+01   0.53805E+22
   0.73281E+04   0.26624E+04   0.37514E+01   0.53812E+22
   0.73294E+04   0.26628E+04   0.37519E+01   0.53819E+22
   0.73307E+04   0.26633E+04   0.37524E+01   0.53826E+22
   0.73321E+04   0.26638E+04   0.37529E+01   0.53833E+22
   0.73334E+04   0.26643E+04   0.37534E+01   0.53840E+22
   0.73347E+04   0.26648E+04   0.37539E+01   0.53847E+22
   0.73361E+04   0.26653E+04   0.37544E+01   0.53855E+22
   0.73374E+04   0.26658E+04   0.37549E+01   0.53862E+22
   0.73387E+04   0.26663E+04   0.37554E+01   0.53869E+22
   0.73401E+04   0.26667E+04   0.37559E+01   0.53876E+22
   0.73414E+04   0.26672E+04   0.37564E+01   0.53883E+22
   0.73427E+04   0.26677E+04   0.37569E+01   0.53890E+22
   0.73441E+04   0.26682E+04   0.37574E+01   0.53897E+22
   0.73454E+04   0.26687E+04   0.37579E+01   0.53904E+22
   0.73467E+04   0.26692E+04   0.37584E+01   0.53911E+22
   0.73481E+04   0.26697E+04   0.37589E+01   0.53918E+22
   0.73494E+04   0.26702E+04   0.37594E+01   0.53925E+22
   0.73507E+04   0.26706E+04   0.37599E+01   0.53932E+22
   0.73521E+04   0.26711E+04   0.37604E+01   0.53939E+22
   0.73534E+04   0.26716E+04   0.37609E+01   0.53946E+22
   0.73547E+04   0.26721E+04   0.37614E+01   0.53953E+22
   0.73561E+04   0.26726E+04   0.37619E+01   0.53960E+22
   0.73574E+04   0.26731E+04   0.37624E+01   0.53967E+22
   0.73587E+04   0.26736E+04   0.37629E+01   0.53974E+22
   0.73601E+04   0.26741E+04   0.37634E+01   0.53981E+22
   0.73614E+04   0.26745E+04   0.37639E+01   0.53988E+22
   0.73627E+04   0.26750E+04   0.37644E+01   0.53995E+22
   0.73641E+04   0.26755E+04   0.37649E+01   0.54002E+22
   0.73654E+04   0.26760E+04   0.37654E+01   0.54009E+22
   0.73667E+04   0.26765E+04   0.37659E+01   0.54016E+22
   0.73681E+04   0.26770E+04   0.37664E+01   0.54023E+22
   0.73694E+04   0.26775E+04   0.37669E+01   0.54030E+22
   0.73707E+04   0.26780E+04   0.37674E+01   0.54037E+22
   0.73721E+04   0.26784E+04   0.37679E+01   0.54044E+22
   0.73734E+04   0.26789E+04   0.37684E+01   0.54051E+22
   0.73747E+04   0.26794E+04   0.37689E+01   0.54058E+22
   0.73761E+04   0.26799E+04   0.37694E+01   0.54065E+22
   0.73774E+04   0.26804E+04   0.37699E+01   0.54072E+22
   0.73787E+04   0.26809E+04   0.37704E+01   0.54079E+22
   0.73801E+04   0.26814E+04   0.37709E+01   0.54086E+22
   0.73814E+04   0.26819E+04   0.37714E+01   0.54093E+22
   0.73827E+04   0.26823E+04   0.37719E+01   0.54100E+22
   0.73841E+04   0.26828E+04   0.37724E+01   0.54107E+22
   0.73854E+04   0.26833E+04   0.37729E+01   0.54114E+22
   0.73867E+04   0.26838E+04   0.37734E+01   0.54121E+22
   0.73881E+04   0.26843E+04   0.37739E+01   0.54128E+22
   0.73894E+04   0.26848E+04   0.37744E+01   0.54135E+22
   0.73907E+04   0.26853E+04   0.37749E+01   0.54142E+22
   0.73921E+04   0.26858E+04   0.37754E+01   0.54149E+22
   0.73934E+04   0.26862E+04   0.37759E+01   0.54156E+22
   0.73947E+04   0.26867E+04   0.37764E+01   0.54163E+22
   0.73961E+04   0.26872E+04   0.37769E+01   0.54170E+22
   0.73974E+04   0.26877E+04   0.37774E+01   0.54177E+22
   0.73987E+04   0.26882E+04   0.37779E+01   0.54184E+22
   0.74001E+04   0.26887E+04   0.37784E+01   0.54191E+22
   0.74014E+04   0.26892E+04   0.37789E+01   0.54198E+22
   0.74028E+04   0.26897E+04   0.37794E+01   0.54205E+22
   0.74041E+04   0.26901E+04   0.37799E+01   0.54212E+22
   0.74054E+04   0.26906E+04   0.37804E+01   0.54219E+22
   0.74068E+04   0.26911E+04   0.37809E+01   0.54226E+22
   0.74081E+04   0.26916E+04   0.37814E+01   0.54234E+22
   0.74094E+04   0.26921E+04   0.37819E+01   0.54241E+22
   0.74108E+04   0.26926E+04   0.37824E+01   0.54248E+22
   0.74121E+04   0.26931E+04   0.37829E+01   0.54255E+22
   0.74134E+04   0.26936E+04   0.37834E+01   0.54262E+22
   0.74148E+04   0.26941E+04   0.37839E+01   0.54269E+22
   0.74161E+04   0.26945E+04   0.37844E+01   0.54276E+22
   0.74174E+04   0.26950E+04   0.37849E+01   0.54283E+22
   0.74188E+04   0.26955E+04   0.37854E+01   0.54290E+22
   0.74201E+04   0.26960E+04   0.37859E+01   0.54297E+22
   0.74215E+04   0.26965E+04   0.37864E+01   0.54304E+22
   0.74228E+04   0.26970E+04   0.37869E+01   0.54311E+22
   0.74241E+04   0.26975E+04   0.37874E+01   0.54318E+22
   0.74255E+04   0.26980E+04   0.37879E+01   0.54325E+22
   0.74268E+04   0.26984E+04   0.37884E+01   0.54332E+22
   0.74281E+04   0.26989E+04   0.37889E+01   0.54339E+22
   0.74295E+04   0.26994E+04   0.37894E+01   0.54346E+22
   0.74308E+04   0.26999E+04   0.37899E+01   0.54353E+22
   0.74321E+04   0.27004E+04   0.37904E+01   0.54360E+22
   0.74335E+04   0.27009E+04   0.37909E+01   0.54367E+22
   0.74348E+04   0.27014E+04   0.37914E+01   0.54374E+22
   0.74362E+04   0.27019E+04   0.37919E+01   0.54381E+22
   0.74375E+04   0.27024E+04   0.37924E+01   0.54388E+22
   0.74388E+04   0.27028E+04   0.37929E+01   0.54395E+22
   0.74402E+04   0.27033E+04   0.37934E+01   0.54402E+22
   0.74415E+04   0.27038E+04   0.37939E+01   0.54409E+22
   0.74428E+04   0.27043E+04   0.37944E+01   0.54416E+22
   0.74442E+04   0.27048E+04   0.37949E+01   0.54423E+22
   0.74455E+04   0.27053E+04   0.37954E+01   0.54430E+22
   0.74468E+04   0.27058E+04   0.37959E+01   0.54437E+22
   0.74482E+04   0.27063E+04   0.37964E+01   0.54444E+22
   0.74495E+04   0.27067E+04   0.37969E+01   0.54451E+22
   0.74509E+04   0.27072E+04   0.37974E+01   0.54458E+22
   0.74522E+04   0.27077E+04   0.37979E+01   0.54465E+22
   0.74535E+04   0.27082E+04   0.37984E+01   0.54472E+22
   0.74549E+04   0.27087E+04   0.37989E+01   0.54479E+22
   0.74562E+04   0.27092E+04   0.37994E+01   0.54486E+22
   0.74575E+04   0.27097E+04   0.37999E+01   0.54493E+22
   0.74589E+04   0.27102E+04   0.38004E+01   0.54500E+22
   0.74602E+04   0.27107E+04   0.38009E+01   0.54507E+22
   0.74616E+04   0.27111E+04   0.38014E+01   0.54514E+22
   0.74629E+04   0.27116E+04   0.38019E+01   0.54521E+22
   0.74642E+04   0.27121E+04   0.38024E+01   0.54528E+22
   0.74656E+04   0.27126E+04   0.38029E+01   0.54535E+22
   0.74669E+04   0.27131E+04   0.38034E+01   0.54542E+22
   0.74683E+04   0.27136E+04   0.38039E+01   0.54549E+22
   0.74696E+04   0.27141E+04   0.38044E+01   0.54556E+22
   0.74709E+04   0.27146E+04   0.38049E+01   0.54563E+22
   0.74723E+04   0.27151E+04   0.38054E+01   0.54570E+22
   0.74736E+04   0.27155E+04   0.38059E+01   0.54577E+22
   0.74749E+04   0.27160E+04   0.38064E+01   0.54584E+22
   0.74763E+04   0.27165E+04   0.38069E+01   0.54591E+22
   0.74776E+04   0.27170E+04   0.38074E+01   0.54598E+22
   0.74790E+04   0.27175E+04   0.38079E+01   0.54606E+22
   0.74803E+04   0.27180E+04   0.38084E+01   0.54613E+22
   0.74816E+04   0.27185E+04   0.38089E+01   0.54620E+22
   0.74830E+04   0.27190E+04   0.38094E+01   0.54627E+22
   0.74843E+04   0.27195E+04   0.38099E+01   0.54634E+22
   0.74857E+04   0.27200E+04   0.38104E+01   0.54641E+22
   0.74870E+04   0.27204E+04   0.38109E+01   0.54648E+22
   0.74883E+04   0.27209E+04   0.38114E+01   0.54655E+22
   0.74897E+04   0.27214E+04   0.38119E+01   0.54662E+22
   0.74910E+04   0.27219E+04   0.38124E+01   0.54669E+22
   0.74924E+04   0.27224E+04   0.38129E+01   0.54676E+22
   0.74937E+04   0.27229E+04   0.38134E+01   0.54683E+22
   0.74950E+04   0.27234E+04   0.38139E+01   0.54690E+22
   0.74964E+04   0.27239E+04   0.38144E+01   0.54697E+22
   0.74977E+04   0.27244E+04   0.38149E+01   0.54704E+22
   0.74991E+04   0.27248E+04   0.38154E+01   0.54711E+22
   0.75004E+04   0.27253E+04   0.38159E+01   0.54718E+22
   0.75017E+04   0.27258E+04   0.38164E+01   0.54725E+22
   0.75031E+04   0.27263E+04   0.38169E+01   0.54732E+22
   0.75044E+04   0.27268E+04   0.38174E+01   0.54739E+22
   0.75058E+04   0.27273E+04   0.38179E+01   0.54746E+22
   0.75071E+04   0.27278E+04   0.38184E+01   0.54753E+22
   0.75084E+04   0.27283E+04   0.38189E+01   0.54760E+22
   0.75098E+04   0.27288E+04   0.38194E+01   0.54767E+22
   0.75111E+04   0.27293E+04   0.38199E+01   0.54774E+22
   0.75125E+04   0.27297E+04   0.38204E+01   0.54781E+22
   0.75138E+04   0.27302E+04   0.38209E+01   0.54788E+22
   0.75151E+04   0.27307E+04   0.38214E+01   0.54795E+22
   0.75165E+04   0.27312E+04   0.38219E+01   0.54802E+22
   0.75178E+04   0.27317E+04   0.38224E+01   0.54809E+22
   0.75192E+04   0.27322E+04   0.38229E+01   0.54816E+22
   0.75205E+04   0.27327E+04   0.38234E+01   0.54823E+22
   0.75218E+04   0.27332E+04   0.38239E+01   0.54830E+22
   0.75232E+04   0.27337E+04   0.38244E+01   0.54837E+22
   0.75245E+04   0.27341E+04   0.38249E+01   0.54844E+22
   0.75259E+04   0.27346E+04   0.38254E+01   0.54851E+22
   0.75272E+04   0.27351E+04   0.38259E+01   0.54858E+22
   0.75285E+04   0.27356E+04   0.38264E+01   0.54865E+22
   0.75299E+04   0.27361E+04   0.38269E+01   0.54872E+22
   0.75312E+04   0.27366E+04   0.38274E+01   0.54879E+22
   0.75326E+04   0.27371E+04   0.38279E+01   0.54886E+22
   0.75339E+04   0.27376E+04   0.38284E+01   0.54893E+22
   0.75352E+04   0.27381E+04   0.38289E+01   0.54900E+22
   0.75366E+04   0.27386E+04   0.38294E+01   0.54907E+22
   0.75379E+04   0.27390E+04   0.38299E+01   0.54914E+22
   0.75393E+04   0.27395E+04   0.38304E+01   0.54921E+22
   0.75406E+04   0.27400E+04   0.38309E+01   0.54928E+22
   0.75420E+04   0.27405E+04   0.38314E+01   0.54935E+22
   0.75433E+04   0.27410E+04   0.38319E+01   0.54942E+22
   0.75446E+04   0.27415E+04   0.38324E+01   0.54949E+22
   0.75460E+04   0.27420E+04   0.38329E+01   0.54956E+22
   0.75473E+04   0.27425E+04   0.38334E+01   0.54964E+22
   0.75487E+04   0.27430E+04   0.38339E+01   0.54971E+22
   0.75500E+04   0.27435E+04   0.38344E+01   0.54978E+22
   0.75514E+04   0.27439E+04   0.38349E+01   0.54985E+22
   0.75527E+04   0.27444E+04   0.38354E+01   0.54992E+22
   0.75540E+04   0.27449E+04   0.38359E+01   0.54999E+22
   0.75554E+04   0.27454E+04   0.38364E+01   0.55006E+22
   0.75567E+04   0.27459E+04   0.38369E+01   0.55013E+22
   0.75581E+04   0.27464E+04   0.38374E+01   0.55020E+22
   0.75594E+04   0.27469E+04   0.38379E+01   0.55027E+22
   0.75608E+04   0.27474E+04   0.38384E+01   0.55034E+22
   0.75621E+04   0.27479E+04   0.38389E+01   0.55041E+22
   0.75634E+04   0.27484E+04   0.38394E+01   0.55048E+22
   0.75648E+04   0.27489E+04   0.38399E+01   0.55055E+22
   0.75661E+04   0.27493E+04   0.38404E+01   0.55062E+22
   0.75675E+04   0.27498E+04   0.38409E+01   0.55069E+22
   0.75688E+04   0.27503E+04   0.38414E+01   0.55076E+22
   0.75702E+04   0.27508E+04   0.38419E+01   0.55083E+22
   0.75715E+04   0.27513E+04   0.38424E+01   0.55090E+22
   0.75728E+04   0.27518E+04   0.38429E+01   0.55097E+22
   0.75742E+04   0.27523E+04   0.38434E+01   0.55104E+22
   0.75755E+04   0.27528E+04   0.38439E+01   0.55111E+22
   0.75769E+04   0.27533E+04   0.38444E+01   0.55118E+22
   0.75782E+04   0.27538E+04   0.38449E+01   0.55125E+22
   0.75796E+04   0.27542E+04   0.38454E+01   0.55132E+22
   0.75809E+04   0.27547E+04   0.38459E+01   0.55139E+22
   0.75822E+04   0.27552E+04   0.38464E+01   0.55146E+22
   0.75836E+04   0.27557E+04   0.38469E+01   0.55153E+22
   0.75849E+04   0.27562E+04   0.38474E+01   0.55160E+22
   0.75863E+04   0.27567E+04   0.38479E+01   0.55167E+22
   0.75876E+04   0.27572E+04   0.38484E+01   0.55174E+22
   0.75890E+04   0.27577E+04   0.38489E+01   0.55181E+22
   0.75903E+04   0.27582E+04   0.38494E+01   0.55188E+22
   0.75917E+04   0.27587E+04   0.38499E+01   0.55195E+22
   0.75930E+04   0.27592E+04   0.38504E+01   0.55202E+22
   0.75943E+04   0.27596E+04   0.38509E+01   0.55209E+22
   0.75957E+04   0.27601E+04   0.38514E+01   0.55216E+22
   0.75970E+04   0.27606E+04   0.38519E+01   0.55223E+22
   0.75984E+04   0.27611E+04   0.38524E+01   0.55230E+22
   0.75997E+04   0.27616E+04   0.38529E+01   0.55237E+22
   0.76011E+04   0.27621E+04   0.38534E+01   0.55244E+22
   0.76024E+04   0.27626E+04   0.38539E+01   0.55251E+22
   0.76038E+04   0.27631E+04   0.38544E+01   0.55258E+22
   0.76051E+04   0.27636E+04   0.38549E+01   0.55265E+22
   0.76064E+04   0.27641E+04   0.38554E+01   0.55272E+22
   0.76078E+04   0.27646E+04   0.38559E+01   0.55279E+22
   0.76091E+04   0.27650E+04   0.38564E+01   0.55286E+22
   0.76105E+04   0.27655E+04   0.38569E+01   0.55293E+22
   0.76118E+04   0.27660E+04   0.38574E+01   0.55300E+22
   0.76132E+04   0.27665E+04   0.38579E+01   0.55307E+22
   0.76145E+04   0.27670E+04   0.38584E+01   0.55314E+22
   0.76159E+04   0.27675E+04   0.38589E+01   0.55322E+22
   0.76172E+04   0.27680E+04   0.38594E+01   0.55329E+22
   0.76185E+04   0.27685E+04   0.38599E+01   0.55336E+22
   0.76199E+04   0.27690E+04   0.38604E+01   0.55343E+22
   0.76212E+04   0.27695E+04   0.38609E+01   0.55350E+22
   0.76226E+04   0.27700E+04   0.38614E+01   0.55357E+22
   0.76239E+04   0.27705E+04   0.38619E+01   0.55364E+22
   0.76253E+04   0.27709E+04   0.38624E+01   0.55371E+22
   0.76266E+04   0.27714E+04   0.38629E+01   0.55378E+22
   0.76280E+04   0.27719E+04   0.38634E+01   0.55385E+22
   0.76293E+04   0.27724E+04   0.38639E+01   0.55392E+22
   0.76307E+04   0.27729E+04   0.38644E+01   0.55399E+22
   0.76320E+04   0.27734E+04   0.38649E+01   0.55406E+22
   0.76334E+04   0.27739E+04   0.38654E+01   0.55413E+22
   0.76347E+04   0.27744E+04   0.38659E+01   0.55420E+22
   0.76360E+04   0.27749E+04   0.38664E+01   0.55427E+22
   0.76374E+04   0.27754E+04   0.38669E+01   0.55434E+22
   0.76387E+04   0.27759E+04   0.38674E+01   0.55441E+22
   0.76401E+04   0.27763E+04   0.38679E+01   0.55448E+22
   0.76414E+04   0.27768E+04   0.38684E+01   0.55455E+22
   0.76428E+04   0.27773E+04   0.38689E+01   0.55462E+22
   0.76441E+04   0.27778E+04   0.38694E+01   0.55469E+22
   0.76455E+04   0.27783E+04   0.38699E+01   0.55476E+22
   0.76468E+04   0.27788E+04   0.38704E+01   0.55483E+22
   0.76482E+04   0.27793E+04   0.38709E+01   0.55490E+22
   0.76495E+04   0.27798E+04   0.38714E+01   0.55497E+22
   0.76509E+04   0.27803E+04   0.38719E+01   0.55504E+22
   0.76522E+04   0.27808E+04   0.38724E+01   0.55511E+22
   0.76536E+04   0.27813E+04   0.38729E+01   0.55518E+22
   0.76549E+04   0.27818E+04   0.38734E+01   0.55525E+22
   0.76562E+04   0.27822E+04   0.38739E+01   0.55532E+22
   0.76576E+04   0.27827E+04   0.38744E+01   0.55539E+22
   0.76589E+04   0.27832E+04   0.38749E+01   0.55546E+22
   0.76603E+04   0.27837E+04   0.38754E+01   0.55553E+22
   0.76616E+04   0.27842E+04   0.38759E+01   0.55560E+22
   0.76630E+04   0.27847E+04   0.38764E+01   0.55567E+22
   0.76643E+04   0.27852E+04   0.38769E+01   0.55574E+22
   0.76657E+04   0.27857E+04   0.38774E+01   0.55581E+22
   0.76670E+04   0.27862E+04   0.38779E+01   0.55588E+22
   0.76684E+04   0.27867E+04   0.38784E+01   0.55595E+22
   0.76697E+04   0.27872E+04   0.38789E+01   0.55602E+22
   0.76711E+04   0.27877E+04   0.38794E+01   0.55609E+22
   0.76724E+04   0.27881E+04   0.38799E+01   0.55616E+22
   0.76738E+04   0.27886E+04   0.38804E+01   0.55623E+22
   0.76751E+04   0.27891E+04   0.38809E+01   0.55630E+22
   0.76765E+04   0.27896E+04   0.38814E+01   0.55637E+22
   0.76778E+04   0.27901E+04   0.38819E+01   0.55644E+22
   0.76792E+04   0.27906E+04   0.38824E+01   0.55651E+22
   0.76805E+04   0.27911E+04   0.38829E+01   0.55658E+22
   0.76819E+04   0.27916E+04   0.38834E+01   0.55666E+22
   0.76832E+04   0.27921E+04   0.38839E+01   0.55673E+22
   0.76846E+04   0.27926E+04   0.38844E+01   0.55680E+22
   0.76859E+04   0.27931E+04   0.38849E+01   0.55687E+22
   0.76873E+04   0.27936E+04   0.38854E+01   0.55694E+22
   0.76886E+04   0.27941E+04   0.38859E+01   0.55701E+22
   0.76899E+04   0.27945E+04   0.38864E+01   0.55708E+22
   0.76913E+04   0.27950E+04   0.38869E+01   0.55715E+22
   0.76926E+04   0.27955E+04   0.38874E+01   0.55722E+22
   0.76940E+04   0.27960E+04   0.38879E+01   0.55729E+22
   0.76953E+04   0.27965E+04   0.38884E+01   0.55736E+22
   0.76967E+04   0.27970E+04   0.38889E+01   0.55743E+22
   0.76980E+04   0.27975E+04   0.38894E+01   0.55750E+22
   0.76994E+04   0.27980E+04   0.38899E+01   0.55757E+22
   0.77007E+04   0.27985E+04   0.38904E+01   0.55764E+22
   0.77021E+04   0.27990E+04   0.38909E+01   0.55771E+22
   0.77034E+04   0.27995E+04   0.38914E+01   0.55778E+22
   0.77048E+04   0.28000E+04   0.38919E+01   0.55785E+22
   0.77061E+04   0.28005E+04   0.38924E+01   0.55792E+22
   0.77075E+04   0.28009E+04   0.38929E+01   0.55799E+22
   0.77088E+04   0.28014E+04   0.38934E+01   0.55806E+22
   0.77102E+04   0.28019E+04   0.38939E+01   0.55813E+22
   0.77115E+04   0.28024E+04   0.38944E+01   0.55820E+22
   0.77129E+04   0.28029E+04   0.38949E+01   0.55827E+22
   0.77142E+04   0.28034E+04   0.38954E+01   0.55834E+22
   0.77156E+04   0.28039E+04   0.38959E+01   0.55841E+22
   0.77169E+04   0.28044E+04   0.38964E+01   0.55848E+22
   0.77183E+04   0.28049E+04   0.38969E+01   0.55855E+22
   0.77196E+04   0.28054E+04   0.38974E+01   0.55862E+22
   0.77210E+04   0.28059E+04   0.38979E+01   0.55869E+22
   0.77223E+04   0.28064E+04   0.38984E+01   0.55876E+22
   0.77237E+04   0.28069E+04   0.38989E+01   0.55883E+22
   0.77250E+04   0.28074E+04   0.38994E+01   0.55890E+22
   0.77264E+04   0.28078E+04   0.38999E+01   0.55897E+22
   0.77277E+04   0.28083E+04   0.39004E+01   0.55904E+22
   0.77291E+04   0.28088E+04   0.39009E+01   0.55911E+22
   0.77304E+04   0.28093E+04   0.39014E+01   0.55918E+22
   0.77318E+04   0.28098E+04   0.39019E+01   0.55925E+22
   0.77331E+04   0.28103E+04   0.39024E+01   0.55932E+22
   0.77345E+04   0.28108E+04   0.39029E+01   0.55939E+22
   0.77358E+04   0.28113E+04   0.39034E+01   0.55946E+22
   0.77372E+04   0.28118E+04   0.39039E+01   0.55953E+22
   0.77385E+04   0.28123E+04   0.39044E+01   0.55960E+22
   0.77399E+04   0.28128E+04   0.39049E+01   0.55967E+22
   0.77413E+04   0.28133E+04   0.39054E+01   0.55974E+22
   0.77426E+04   0.28138E+04   0.39059E+01   0.55981E+22
   0.77440E+04   0.28143E+04   0.39064E+01   0.55988E+22
   0.77453E+04   0.28147E+04   0.39069E+01   0.55995E+22
   0.77467E+04   0.28152E+04   0.39074E+01   0.56002E+22
   0.77480E+04   0.28157E+04   0.39079E+01   0.56010E+22
   0.77494E+04   0.28162E+04   0.39084E+01   0.56017E+22
   0.77507E+04   0.28167E+04   0.39089E+01   0.56024E+22
   0.77521E+04   0.28172E+04   0.39094E+01   0.56031E+22
   0.77534E+04   0.28177E+04   0.39099E+01   0.56038E+22
   0.77548E+04   0.28182E+04   0.39104E+01   0.56045E+22
   0.77561E+04   0.28187E+04   0.39109E+01   0.56052E+22
   0.77575E+04   0.28192E+04   0.39114E+01   0.56059E+22
   0.77588E+04   0.28197E+04   0.39119E+01   0.56066E+22
   0.77602E+04   0.28202E+04   0.39124E+01   0.56073E+22
   0.77615E+04   0.28207E+04   0.39129E+01   0.56080E+22
   0.77629E+04   0.28212E+04   0.39134E+01   0.56087E+22
   0.77642E+04   0.28217E+04   0.39139E+01   0.56094E+22
   0.77656E+04   0.28221E+04   0.39144E+01   0.56101E+22
   0.77669E+04   0.28226E+04   0.39149E+01   0.56108E+22
   0.77683E+04   0.28231E+04   0.39154E+01   0.56115E+22
   0.77696E+04   0.28236E+04   0.39159E+01   0.56122E+22
   0.77710E+04   0.28241E+04   0.39164E+01   0.56129E+22
   0.77723E+04   0.28246E+04   0.39169E+01   0.56136E+22
   0.77737E+04   0.28251E+04   0.39174E+01   0.56143E+22
   0.77751E+04   0.28256E+04   0.39179E+01   0.56150E+22
   0.77764E+04   0.28261E+04   0.39184E+01   0.56157E+22
   0.77778E+04   0.28266E+04   0.39189E+01   0.56164E+22
   0.77791E+04   0.28271E+04   0.39194E+01   0.56171E+22
   0.77805E+04   0.28276E+04   0.39199E+01   0.56178E+22
   0.77818E+04   0.28281E+04   0.39204E+01   0.56185E+22
   0.77832E+04   0.28286E+04   0.39209E+01   0.56192E+22
   0.77845E+04   0.28291E+04   0.39214E+01   0.56199E+22
   0.77859E+04   0.28295E+04   0.39219E+01   0.56206E+22
   0.77872E+04   0.28300E+04   0.39224E+01   0.56213E+22
   0.77886E+04   0.28305E+04   0.39229E+01   0.56220E+22
   0.77899E+04   0.28310E+04   0.39234E+01   0.56227E+22
   0.77913E+04   0.28315E+04   0.39239E+01   0.56234E+22
   0.77926E+04   0.28320E+04   0.39244E+01   0.56241E+22
   0.77940E+04   0.28325E+04   0.39249E+01   0.56248E+22
   0.77954E+04   0.28330E+04   0.39254E+01   0.56255E+22
   0.77967E+04   0.28335E+04   0.39259E+01   0.56262E+22
   0.77981E+04   0.28340E+04   0.39264E+01   0.56269E+22
   0.77994E+04   0.28345E+04   0.39269E+01   0.56276E+22
   0.78008E+04   0.28350E+04   0.39274E+01   0.56283E+22
   0.78021E+04   0.28355E+04   0.39279E+01   0.56290E+22
   0.78035E+04   0.28360E+04   0.39284E+01   0.56297E+22
   0.78048E+04   0.28365E+04   0.39289E+01   0.56304E+22
   0.78062E+04   0.28370E+04   0.39294E+01   0.56311E+22
   0.78075E+04   0.28374E+04   0.39299E+01   0.56318E+22
   0.78089E+04   0.28379E+04   0.39304E+01   0.56325E+22
   0.78102E+04   0.28384E+04   0.39309E+01   0.56332E+22
   0.78116E+04   0.28389E+04   0.39314E+01   0.56340E+22
   0.78130E+04   0.28394E+04   0.39319E+01   0.56347E+22
   0.78143E+04   0.28399E+04   0.39324E+01   0.56354E+22
   0.78157E+04   0.28404E+04   0.39329E+01   0.56361E+22
   0.78170E+04   0.28409E+04   0.39334E+01   0.56368E+22
   0.78184E+04   0.28414E+04   0.39339E+01   0.56375E+22
   0.78197E+04   0.28419E+04   0.39344E+01   0.56382E+22
   0.78211E+04   0.28424E+04   0.39349E+01   0.56389E+22
   0.78224E+04   0.28429E+04   0.39354E+01   0.56396E+22
   0.78238E+04   0.28434E+04   0.39359E+01   0.56403E+22
   0.78252E+04   0.28439E+04   0.39364E+01   0.56410E+22
   0.78265E+04   0.28444E+04   0.39369E+01   0.56417E+22
   0.78279E+04   0.28449E+04   0.39374E+01   0.56424E+22
   0.78292E+04   0.28454E+04   0.39379E+01   0.56431E+22
   0.78306E+04   0.28458E+04   0.39384E+01   0.56438E+22
   0.78319E+04   0.28463E+04   0.39389E+01   0.56445E+22
   0.78333E+04   0.28468E+04   0.39394E+01   0.56452E+22
   0.78346E+04   0.28473E+04   0.39399E+01   0.56459E+22
   0.78360E+04   0.28478E+04   0.39404E+01   0.56466E+22
   0.78373E+04   0.28483E+04   0.39409E+01   0.56473E+22
   0.78387E+04   0.28488E+04   0.39414E+01   0.56480E+22
   0.78401E+04   0.28493E+04   0.39419E+01   0.56487E+22
   0.78414E+04   0.28498E+04   0.39424E+01   0.56494E+22
   0.78428E+04   0.28503E+04   0.39429E+01   0.56501E+22
   0.78441E+04   0.28508E+04   0.39434E+01   0.56508E+22
   0.78455E+04   0.28513E+04   0.39439E+01   0.56515E+22
   0.78468E+04   0.28518E+04   0.39444E+01   0.56522E+22
   0.78482E+04   0.28523E+04   0.39449E+01   0.56529E+22
   0.78496E+04   0.28528E+04   0.39454E+01   0.56536E+22
   0.78509E+04   0.28533E+04   0.39459E+01   0.56543E+22
   0.78523E+04   0.28538E+04   0.39464E+01   0.56550E+22
   0.78536E+04   0.28543E+04   0.39469E+01   0.56557E+22
   0.78550E+04   0.28547E+04   0.39474E+01   0.56564E+22
   0.78563E+04   0.28552E+04   0.39479E+01   0.56571E+22
   0.78577E+04   0.28557E+04   0.39484E+01   0.56578E+22
   0.78590E+04   0.28562E+04   0.39489E+01   0.56585E+22
   0.78604E+04   0.28567E+04   0.39494E+01   0.56592E+22
   0.78618E+04   0.28572E+04   0.39499E+01   0.56599E+22
   0.78631E+04   0.28577E+04   0.39504E+01   0.56606E+22
   0.78645E+04   0.28582E+04   0.39509E+01   0.56613E+22
   0.78658E+04   0.28587E+04   0.39514E+01   0.56620E+22
   0.78672E+04   0.28592E+04   0.39519E+01   0.56627E+22
   0.78685E+04   0.28597E+04   0.39524E+01   0.56634E+22
   0.78699E+04   0.28602E+04   0.39529E+01   0.56641E+22
   0.78713E+04   0.28607E+04   0.39534E+01   0.56648E+22
   0.78726E+04   0.28612E+04   0.39539E+01   0.56655E+22
   0.78740E+04   0.28617E+04   0.39544E+01   0.56662E+22
   0.78753E+04   0.28622E+04   0.39549E+01   0.56670E+22
   0.78767E+04   0.28627E+04   0.39554E+01   0.56677E+22
   0.78780E+04   0.28632E+04   0.39559E+01   0.56684E+22
   0.78794E+04   0.28637E+04   0.39564E+01   0.56691E+22
   0.78808E+04   0.28641E+04   0.39569E+01   0.56698E+22
   0.78821E+04   0.28646E+04   0.39574E+01   0.56705E+22
   0.78835E+04   0.28651E+04   0.39579E+01   0.56712E+22
   0.78848E+04   0.28656E+04   0.39584E+01   0.56719E+22
   0.78862E+04   0.28661E+04   0.39589E+01   0.56726E+22
   0.78876E+04   0.28666E+04   0.39594E+01   0.56733E+22
   0.78889E+04   0.28671E+04   0.39599E+01   0.56740E+22
   0.78903E+04   0.28676E+04   0.39604E+01   0.56747E+22
   0.78916E+04   0.28681E+04   0.39609E+01   0.56754E+22
   0.78930E+04   0.28686E+04   0.39614E+01   0.56761E+22
   0.78943E+04   0.28691E+04   0.39619E+01   0.56768E+22
   0.78957E+04   0.28696E+04   0.39624E+01   0.56775E+22
   0.78971E+04   0.28701E+04   0.39629E+01   0.56782E+22
   0.78984E+04   0.28706E+04   0.39634E+01   0.56789E+22
   0.78998E+04   0.28711E+04   0.39639E+01   0.56796E+22
   0.79011E+04   0.28716E+04   0.39644E+01   0.56803E+22
   0.79025E+04   0.28721E+04   0.39649E+01   0.56810E+22
   0.79039E+04   0.28726E+04   0.39654E+01   0.56817E+22
   0.79052E+04   0.28731E+04   0.39659E+01   0.56824E+22
   0.79066E+04   0.28736E+04   0.39664E+01   0.56831E+22
   0.79079E+04   0.28741E+04   0.39669E+01   0.56838E+22
   0.79093E+04   0.28745E+04   0.39674E+01   0.56845E+22
   0.79107E+04   0.28750E+04   0.39679E+01   0.56852E+22
   0.79120E+04   0.28755E+04   0.39684E+01   0.56859E+22
   0.79134E+04   0.28760E+04   0.39689E+01   0.56866E+22
   0.79147E+04   0.28765E+04   0.39694E+01   0.56873E+22
   0.79161E+04   0.28770E+04   0.39699E+01   0.56880E+22
   0.79174E+04   0.28775E+04   0.39704E+01   0.56887E+22
   0.79188E+04   0.28780E+04   0.39709E+01   0.56894E+22
   0.79202E+04   0.28785E+04   0.39714E+01   0.56901E+22
   0.79215E+04   0.28790E+04   0.39719E+01   0.56908E+22
   0.79229E+04   0.28795E+04   0.39724E+01   0.56915E+22
   0.79242E+04   0.28800E+04   0.39729E+01   0.56922E+22
   0.79256E+04   0.28805E+04   0.39734E+01   0.56929E+22
   0.79270E+04   0.28810E+04   0.39739E+01   0.56936E+22
   0.79283E+04   0.28815E+04   0.39744E+01   0.56943E+22
   0.79297E+04   0.28820E+04   0.39749E+01   0.56950E+22
   0.79310E+04   0.28825E+04   0.39754E+01   0.56957E+22
   0.79324E+04   0.28830E+04   0.39759E+01   0.56964E+22
   0.79338E+04   0.28835E+04   0.39764E+01   0.56971E+22
   0.79351E+04   0.28840E+04   0.39769E+01   0.56978E+22
   0.79365E+04   0.28845E+04   0.39774E+01   0.56985E+22
   0.79378E+04   0.28850E+04   0.39779E+01   0.56993E+22
   0.79392E+04   0.28855E+04   0.39784E+01   0.57000E+22
   0.79406E+04   0.28859E+04   0.39789E+01   0.57007E+22
   0.79419E+04   0.28864E+04   0.39794E+01   0.57014E+22
   0.79433E+04   0.28869E+04   0.39799E+01   0.57021E+22
   0.79446E+04   0.28874E+04   0.39804E+01   0.57028E+22
   0.79460E+04   0.28879E+04   0.39809E+01   0.57035E+22
   0.79474E+04   0.28884E+04   0.39814E+01   0.57042E+22
   0.79487E+04   0.28889E+04   0.39819E+01   0.57049E+22
   0.79501E+04   0.28894E+04   0.39824E+01   0.57056E+22
   0.79515E+04   0.28899E+04   0.39829E+01   0.57063E+22
   0.79528E+04   0.28904E+04   0.39834E+01   0.57070E+22
   0.79542E+04   0.28909E+04   0.39839E+01   0.57077E+22
   0.79555E+04   0.28914E+04   0.39844E+01   0.57084E+22
   0.79569E+04   0.28919E+04   0.39849E+01   0.57091E+22
   0.79583E+04   0.28924E+04   0.39854E+01   0.57098E+22
   0.79596E+04   0.28929E+04   0.39859E+01   0.57105E+22
   0.79610E+04   0.28934E+04   0.39864E+01   0.57112E+22
   0.79623E+04   0.28939E+04   0.39869E+01   0.57119E+22
   0.79637E+04   0.28944E+04   0.39874E+01   0.57126E+22
   0.79651E+04   0.28949E+04   0.39879E+01   0.57133E+22
   0.79664E+04   0.28954E+04   0.39884E+01   0.57140E+22
   0.79678E+04   0.28959E+04   0.39889E+01   0.57147E+22
   0.79691E+04   0.28964E+04   0.39894E+01   0.57154E+22
   0.79705E+04   0.28969E+04   0.39899E+01   0.57161E+22
   0.79719E+04   0.28974E+04   0.39904E+01   0.57168E+22
   0.79732E+04   0.28979E+04   0.39909E+01   0.57175E+22
   0.79746E+04   0.28984E+04   0.39914E+01   0.57182E+22
   0.79760E+04   0.28988E+04   0.39919E+01   0.57189E+22
   0.79773E+04   0.28993E+04   0.39924E+01   0.57196E+22
   0.79787E+04   0.28998E+04   0.39929E+01   0.57203E+22
   0.79800E+04   0.29003E+04   0.39934E+01   0.57210E+22
   0.79814E+04   0.29008E+04   0.39939E+01   0.57217E+22
   0.79828E+04   0.29013E+04   0.39944E+01   0.57224E+22
   0.79841E+04   0.29018E+04   0.39949E+01   0.57231E+22
   0.79855E+04   0.29023E+04   0.39954E+01   0.57238E+22
   0.79869E+04   0.29028E+04   0.39959E+01   0.57245E+22
   0.79882E+04   0.29033E+04   0.39964E+01   0.57252E+22
   0.79896E+04   0.29038E+04   0.39969E+01   0.57259E+22
   0.79909E+04   0.29043E+04   0.39974E+01   0.57266E+22
   0.79923E+04   0.29048E+04   0.39979E+01   0.57273E+22
   0.79937E+04   0.29053E+04   0.39984E+01   0.57280E+22
   0.79950E+04   0.29058E+04   0.39989E+01   0.57287E+22
   0.79964E+04   0.29063E+04   0.39994E+01   0.57294E+22
   0.79978E+04   0.29068E+04   0.39999E+01   0.57301E+22
   0.79991E+04   0.29073E+04   0.40004E+01   0.57309E+22
   0.80005E+04   0.29078E+04   0.40009E+01   0.57316E+22
   0.80019E+04   0.29083E+04   0.40014E+01   0.57323E+22
   0.80032E+04   0.29088E+04   0.40019E+01   0.57330E+22
   0.80046E+04   0.29093E+04   0.40024E+01   0.57337E+22
   0.80059E+04   0.29098E+04   0.40029E+01   0.57344E+22
   0.80073E+04   0.29103E+04   0.40034E+01   0.57351E+22
   0.80087E+04   0.29108E+04   0.40039E+01   0.57358E+22
   0.80100E+04   0.29113E+04   0.40044E+01   0.57365E+22
   0.80114E+04   0.29118E+04   0.40049E+01   0.57372E+22
   0.80128E+04   0.29123E+04   0.40054E+01   0.57379E+22
   0.80141E+04   0.29128E+04   0.40059E+01   0.57386E+22
   0.80155E+04   0.29132E+04   0.40064E+01   0.57393E+22
   0.80169E+04   0.29137E+04   0.40069E+01   0.57400E+22
   0.80182E+04   0.29142E+04   0.40074E+01   0.57407E+22
   0.80196E+04   0.29147E+04   0.40079E+01   0.57414E+22
   0.80209E+04   0.29152E+04   0.40084E+01   0.57421E+22
   0.80223E+04   0.29157E+04   0.40089E+01   0.57428E+22
   0.80237E+04   0.29162E+04   0.40094E+01   0.57435E+22
   0.80250E+04   0.29167E+04   0.40099E+01   0.57442E+22
   0.80264E+04   0.29172E+04   0.40104E+01   0.57449E+22
   0.80278E+04   0.29177E+04   0.40109E+01   0.57456E+22
   0.80291E+04   0.29182E+04   0.40114E+01   0.57463E+22
   0.80305E+04   0.29187E+04   0.40119E+01   0.57470E+22
   0.80319E+04   0.29192E+04   0.40124E+01   0.57477E+22
   0.80332E+04   0.29197E+04   0.40129E+01   0.57484E+22
   0.80346E+04   0.29202E+04   0.40134E+01   0.57491E+22
   0.80360E+04   0.29207E+04   0.40139E+01   0.57498E+22
   0.80373E+04   0.29212E+04   0.40144E+01   0.57505E+22
   0.80387E+04   0.29217E+04   0.40149E+01   0.57512E+22
   0.80400E+04   0.29222E+04   0.40154E+01   0.57519E+22
   0.80414E+04   0.29227E+04   0.40159E+01   0.57526E+22
   0.80428E+04   0.29232E+04   0.40164E+01   0.57533E+22
   0.80441E+04   0.29237E+04   0.40169E+01   0.57540E+22
   0.80455E+04   0.29242E+04   0.40174E+01   0.57547E+22
   0.80469E+04   0.29247E+04   0.40179E+01   0.57554E+22
   0.80482E+04   0.29252E+04   0.40184E+01   0.57561E+22
   0.80496E+04   0.29257E+04   0.40189E+01   0.57568E+22
   0.80510E+04   0.29262E+04   0.40194E+01   0.57575E+22
   0.80523E+04   0.29267E+04   0.40199E+01   0.57582E+22
   0.80537E+04   0.29272E+04   0.40204E+01   0.57589E+22
   0.80551E+04   0.29277E+04   0.40209E+01   0.57596E+22
   0.80564E+04   0.29282E+04   0.40214E+01   0.57603E+22
   0.80578E+04   0.29287E+04   0.40219E+01   0.57610E+22
   0.80592E+04   0.29292E+04   0.40224E+01   0.57617E+22
   0.80605E+04   0.29297E+04   0.40229E+01   0.57625E+22
   0.80619E+04   0.29302E+04   0.40234E+01   0.57632E+22
   0.80633E+04   0.29307E+04   0.40239E+01   0.57639E+22
   0.80646E+04   0.29312E+04   0.40244E+01   0.57646E+22
   0.80660E+04   0.29316E+04   0.40249E+01   0.57653E+22
   0.80674E+04   0.29321E+04   0.40254E+01   0.57660E+22
   0.80687E+04   0.29326E+04   0.40259E+01   0.57667E+22
   0.80701E+04   0.29331E+04   0.40264E+01   0.57674E+22
   0.80715E+04   0.29336E+04   0.40269E+01   0.57681E+22
   0.80728E+04   0.29341E+04   0.40274E+01   0.57688E+22
   0.80742E+04   0.29346E+04   0.40279E+01   0.57695E+22
   0.80756E+04   0.29351E+04   0.40284E+01   0.57702E+22
   0.80769E+04   0.29356E+04   0.40289E+01   0.57709E+22
   0.80783E+04   0.29361E+04   0.40294E+01   0.57716E+22
   0.80797E+04   0.29366E+04   0.40299E+01   0.57723E+22
   0.80810E+04   0.29371E+04   0.40304E+01   0.57730E+22
   0.80824E+04   0.29376E+04   0.40309E+01   0.57737E+22
   0.80838E+04   0.29381E+04   0.40314E+01   0.57744E+22
   0.80851E+04   0.29386E+04   0.40319E+01   0.57751E+22
   0.80865E+04   0.29391E+04   0.40324E+01   0.57758E+22
   0.80879E+04   0.29396E+04   0.40329E+01   0.57765E+22
   0.80892E+04   0.29401E+04   0.40334E+01   0.57772E+22
   0.80906E+04   0.29406E+04   0.40339E+01   0.57779E+22
   0.80920E+04   0.29411E+04   0.40344E+01   0.57786E+22
   0.80933E+04   0.29416E+04   0.40349E+01   0.57793E+22
   0.80947E+04   0.29421E+04   0.40354E+01   0.57800E+22
   0.80961E+04   0.29426E+04   0.40359E+01   0.57807E+22
   0.80974E+04   0.29431E+04   0.40364E+01   0.57814E+22
   0.80988E+04   0.29436E+04   0.40369E+01   0.57821E+22
   0.81002E+04   0.29441E+04   0.40374E+01   0.57828E+22
   0.81015E+04   0.29446E+04   0.40379E+01   0.57835E+22
   0.81029E+04   0.29451E+04   0.40384E+01   0.57842E+22
   0.81043E+04   0.29456E+04   0.40389E+01   0.57849E+22
   0.81056E+04   0.29461E+04   0.40394E+01   0.57856E+22
   0.81070E+04   0.29466E+04   0.40399E+01   0.57863E+22
   0.81084E+04   0.29471E+04   0.40404E+01   0.57870E+22
   0.81097E+04   0.29476E+04   0.40409E+01   0.57877E+22
   0.81111E+04   0.29481E+04   0.40414E+01   0.57884E+22
   0.81125E+04   0.29486E+04   0.40419E+01   0.57891E+22
   0.81138E+04   0.29491E+04   0.40424E+01   0.57898E+22
   0.81152E+04   0.29496E+04   0.40429E+01   0.57905E+22
   0.81166E+04   0.29501E+04   0.40434E+01   0.57912E+22
   0.81180E+04   0.29506E+04   0.40439E+01   0.57919E+22
   0.81193E+04   0.29511E+04   0.40444E+01   0.57926E+22
   0.81207E+04   0.29516E+04   0.40449E+01   0.57934E+22
   0.81221E+04   0.29521E+04   0.40454E+01   0.57941E+22
   0.81234E+04   0.29526E+04   0.40459E+01   0.57948E+22
   0.81248E+04   0.29531E+04   0.40464E+01   0.57955E+22
   0.81262E+04   0.29536E+04   0.40469E+01   0.57962E+22
   0.81275E+04   0.29541E+04   0.40474E+01   0.57969E+22
   0.81289E+04   0.29546E+04   0.40479E+01   0.57976E+22
   0.81303E+04   0.29551E+04   0.40484E+01   0.57983E+22
   0.81316E+04   0.29556E+04   0.40489E+01   0.57990E+22
   0.81330E+04   0.29561E+04   0.40494E+01   0.57997E+22
   0.81344E+04   0.29566E+04   0.40499E+01   0.58004E+22
   0.81357E+04   0.29571E+04   0.40504E+01   0.58011E+22
   0.81371E+04   0.29576E+04   0.40509E+01   0.58018E+22
   0.81385E+04   0.29581E+04   0.40514E+01   0.58025E+22
   0.81399E+04   0.29585E+04   0.40519E+01   0.58032E+22
   0.81412E+04   0.29590E+04   0.40524E+01   0.58039E+22
   0.81426E+04   0.29595E+04   0.40529E+01   0.58046E+22
   0.81440E+04   0.29600E+04   0.40534E+01   0.58053E+22
   0.81453E+04   0.29605E+04   0.40539E+01   0.58060E+22
   0.81467E+04   0.29610E+04   0.40544E+01   0.58067E+22
   0.81481E+04   0.29615E+04   0.40549E+01   0.58074E+22
   0.81494E+04   0.29620E+04   0.40554E+01   0.58081E+22
   0.81508E+04   0.29625E+04   0.40559E+01   0.58088E+22
   0.81522E+04   0.29630E+04   0.40564E+01   0.58095E+22
   0.81536E+04   0.29635E+04   0.40569E+01   0.58102E+22
   0.81549E+04   0.29640E+04   0.40574E+01   0.58109E+22
   0.81563E+04   0.29645E+04   0.40579E+01   0.58116E+22
   0.81577E+04   0.29650E+04   0.40584E+01   0.58123E+22
   0.81590E+04   0.29655E+04   0.40589E+01   0.58130E+22
   0.81604E+04   0.29660E+04   0.40594E+01   0.58137E+22
   0.81618E+04   0.29665E+04   0.40599E+01   0.58144E+22
   0.81631E+04   0.29670E+04   0.40604E+01   0.58151E+22
   0.81645E+04   0.29675E+04   0.40609E+01   0.58158E+22
   0.81659E+04   0.29680E+04   0.40614E+01   0.58165E+22
   0.81673E+04   0.29685E+04   0.40619E+01   0.58172E+22
   0.81686E+04   0.29690E+04   0.40624E+01   0.58179E+22
   0.81700E+04   0.29695E+04   0.40629E+01   0.58186E+22
   0.81714E+04   0.29700E+04   0.40634E+01   0.58193E+22
   0.81727E+04   0.29705E+04   0.40639E+01   0.58200E+22
   0.81741E+04   0.29710E+04   0.40644E+01   0.58207E+22
   0.81755E+04   0.29715E+04   0.40649E+01   0.58214E+22
   0.81769E+04   0.29720E+04   0.40654E+01   0.58221E+22
   0.81782E+04   0.29725E+04   0.40659E+01   0.58228E+22
   0.81796E+04   0.29730E+04   0.40664E+01   0.58236E+22
   0.81810E+04   0.29735E+04   0.40669E+01   0.58243E+22
   0.81823E+04   0.29740E+04   0.40674E+01   0.58250E+22
   0.81837E+04   0.29745E+04   0.40679E+01   0.58257E+22
   0.81851E+04   0.29750E+04   0.40684E+01   0.58264E+22
   0.81865E+04   0.29755E+04   0.40689E+01   0.58271E+22
   0.81878E+04   0.29760E+04   0.40694E+01   0.58278E+22
   0.81892E+04   0.29765E+04   0.40699E+01   0.58285E+22
   0.81906E+04   0.29770E+04   0.40704E+01   0.58292E+22
   0.81919E+04   0.29775E+04   0.40709E+01   0.58299E+22
   0.81933E+04   0.29780E+04   0.40714E+01   0.58306E+22
   0.81947E+04   0.29785E+04   0.40719E+01   0.58313E+22
   0.81961E+04   0.29790E+04   0.40724E+01   0.58320E+22
   0.81974E+04   0.29795E+04   0.40729E+01   0.58327E+22
   0.81988E+04   0.29800E+04   0.40734E+01   0.58334E+22
   0.82002E+04   0.29805E+04   0.40739E+01   0.58341E+22
   0.82015E+04   0.29810E+04   0.40744E+01   0.58348E+22
   0.82029E+04   0.29815E+04   0.40749E+01   0.58355E+22
   0.82043E+04   0.29820E+04   0.40754E+01   0.58362E+22
   0.82057E+04   0.29825E+04   0.40759E+01   0.58369E+22
   0.82070E+04   0.29830E+04   0.40764E+01   0.58376E+22
   0.82084E+04   0.29835E+04   0.40769E+01   0.58383E+22
   0.82098E+04   0.29840E+04   0.40774E+01   0.58390E+22
   0.82112E+04   0.29845E+04   0.40779E+01   0.58397E+22
   0.82125E+04   0.29850E+04   0.40784E+01   0.58404E+22
   0.82139E+04   0.29855E+04   0.40789E+01   0.58411E+22
   0.82153E+04   0.29860E+04   0.40794E+01   0.58418E+22
   0.82166E+04   0.29865E+04   0.40799E+01   0.58425E+22
   0.82180E+04   0.29870E+04   0.40804E+01   0.58432E+22
   0.82194E+04   0.29875E+04   0.40809E+01   0.58439E+22
   0.82208E+04   0.29880E+04   0.40814E+01   0.58446E+22
   0.82221E+04   0.29885E+04   0.40819E+01   0.58453E+22
   0.82235E+04   0.29890E+04   0.40824E+01   0.58460E+22
   0.82249E+04   0.29895E+04   0.40829E+01   0.58467E+22
   0.82263E+04   0.29900E+04   0.40834E+01   0.58474E+22
   0.82276E+04   0.29905E+04   0.40839E+01   0.58481E+22
   0.82290E+04   0.29910E+04   0.40844E+01   0.58488E+22
   0.82304E+04   0.29915E+04   0.40849E+01   0.58495E+22
   0.82318E+04   0.29920E+04   0.40854E+01   0.58502E+22
   0.82331E+04   0.29925E+04   0.40859E+01   0.58509E+22
   0.82345E+04   0.29930E+04   0.40864E+01   0.58516E+22
   0.82359E+04   0.29935E+04   0.40869E+01   0.58523E+22
   0.82372E+04   0.29940E+04   0.40874E+01   0.58530E+22
   0.82386E+04   0.29945E+04   0.40879E+01   0.58538E+22
   0.82400E+04   0.29950E+04   0.40884E+01   0.58545E+22
   0.82414E+04   0.29955E+04   0.40889E+01   0.58552E+22
   0.82427E+04   0.29960E+04   0.40894E+01   0.58559E+22
   0.82441E+04   0.29965E+04   0.40899E+01   0.58566E+22
   0.82455E+04   0.29970E+04   0.40904E+01   0.58573E+22
   0.82469E+04   0.29975E+04   0.40909E+01   0.58580E+22
   0.82482E+04   0.29980E+04   0.40914E+01   0.58587E+22
   0.82496E+04   0.29985E+04   0.40919E+01   0.58594E+22
   0.82510E+04   0.29990E+04   0.40924E+01   0.58601E+22
   0.82524E+04   0.29995E+04   0.40929E+01   0.58608E+22
   0.82537E+04   0.30000E+04   0.40934E+01   0.58615E+22
   0.82551E+04   0.30005E+04   0.40939E+01   0.58622E+22
   0.82565E+04   0.30010E+04   0.40944E+01   0.58629E+22
   0.82579E+04   0.30015E+04   0.40949E+01   0.58636E+22
   0.82592E+04   0.30020E+04   0.40954E+01   0.58643E+22
   0.82606E+04   0.30025E+04   0.40959E+01   0.58650E+22
   0.82620E+04   0.30030E+04   0.40964E+01   0.58657E+22
   0.82634E+04   0.30035E+04   0.40969E+01   0.58664E+22
   0.82647E+04   0.30040E+04   0.40974E+01   0.58671E+22
   0.82661E+04   0.30045E+04   0.40979E+01   0.58678E+22
   0.82675E+04   0.30050E+04   0.40984E+01   0.58685E+22
   0.82689E+04   0.30055E+04   0.40989E+01   0.58692E+22
   0.82702E+04   0.30060E+04   0.40994E+01   0.58699E+22
   0.82716E+04   0.30065E+04   0.40999E+01   0.58706E+22
   0.82730E+04   0.30070E+04   0.41004E+01   0.58713E+22
   0.82744E+04   0.30075E+04   0.41009E+01   0.58720E+22
   0.82757E+04   0.30080E+04   0.41014E+01   0.58727E+22
   0.82771E+04   0.30085E+04   0.41019E+01   0.58734E+22
   0.82785E+04   0.30090E+04   0.41024E+01   0.58741E+22
   0.82799E+04   0.30095E+04   0.41029E+01   0.58748E+22
   0.82812E+04   0.30100E+04   0.41034E+01   0.58755E+22
   0.82826E+04   0.30105E+04   0.41039E+01   0.58762E+22
   0.82840E+04   0.30110E+04   0.41044E+01   0.58769E+22
   0.82854E+04   0.30115E+04   0.41049E+01   0.58776E+22
   0.82867E+04   0.30120E+04   0.41054E+01   0.58783E+22
   0.82881E+04   0.30125E+04   0.41059E+01   0.58790E+22
   0.82895E+04   0.30130E+04   0.41064E+01   0.58797E+22
   0.82909E+04   0.30135E+04   0.41069E+01   0.58804E+22
   0.82923E+04   0.30140E+04   0.41074E+01   0.58811E+22
   0.82936E+04   0.30145E+04   0.41079E+01   0.58818E+22
   0.82950E+04   0.30150E+04   0.41084E+01   0.58825E+22
   0.82964E+04   0.30155E+04   0.41089E+01   0.58833E+22
   0.82978E+04   0.30160E+04   0.41094E+01   0.58840E+22
   0.82991E+04   0.30165E+04   0.41099E+01   0.58847E+22
   0.83005E+04   0.30170E+04   0.41104E+01   0.58854E+22
   0.83019E+04   0.30175E+04   0.41109E+01   0.58861E+22
   0.83033E+04   0.30180E+04   0.41114E+01   0.58868E+22
   0.83046E+04   0.30185E+04   0.41119E+01   0.58875E+22
   0.83060E+04   0.30190E+04   0.41124E+01   0.58882E+22
   0.83074E+04   0.30195E+04   0.41129E+01   0.58889E+22
   0.83088E+04   0.30200E+04   0.41134E+01   0.58896E+22
   0.83102E+04   0.30205E+04   0.41139E+01   0.58903E+22
   0.83115E+04   0.30210E+04   0.41144E+01   0.58910E+22
   0.83129E+04   0.30215E+04   0.41149E+01   0.58917E+22
   0.83143E+04   0.30220E+04   0.41154E+01   0.58924E+22
   0.83157E+04   0.30225E+04   0.41159E+01   0.58931E+22
   0.83170E+04   0.30230E+04   0.41164E+01   0.58938E+22
   0.83184E+04   0.30235E+04   0.41169E+01   0.58945E+22
   0.83198E+04   0.30240E+04   0.41174E+01   0.58952E+22
   0.83212E+04   0.30245E+04   0.41179E+01   0.58959E+22
   0.83225E+04   0.30250E+04   0.41184E+01   0.58966E+22
   0.83239E+04   0.30255E+04   0.41189E+01   0.58973E+22
   0.83253E+04   0.30260E+04   0.41194E+01   0.58980E+22
   0.83267E+04   0.30265E+04   0.41199E+01   0.58987E+22
   0.83281E+04   0.30270E+04   0.41204E+01   0.58994E+22
   0.83294E+04   0.30275E+04   0.41209E+01   0.59001E+22
   0.83308E+04   0.30280E+04   0.41214E+01   0.59008E+22
   0.83322E+04   0.30285E+04   0.41219E+01   0.59015E+22
   0.83336E+04   0.30290E+04   0.41224E+01   0.59022E+22
   0.83349E+04   0.30296E+04   0.41229E+01   0.59029E+22
   0.83363E+04   0.30301E+04   0.41234E+01   0.59036E+22
   0.83377E+04   0.30306E+04   0.41239E+01   0.59043E+22
   0.83391E+04   0.30311E+04   0.41244E+01   0.59050E+22
   0.83405E+04   0.30316E+04   0.41249E+01   0.59057E+22
   0.83418E+04   0.30321E+04   0.41254E+01   0.59064E+22
   0.83432E+04   0.30326E+04   0.41259E+01   0.59071E+22
   0.83446E+04   0.30331E+04   0.41264E+01   0.59078E+22
   0.83460E+04   0.30336E+04   0.41269E+01   0.59085E+22
   0.83474E+04   0.30341E+04   0.41274E+01   0.59092E+22
   0.83487E+04   0.30346E+04   0.41279E+01   0.59099E+22
   0.83501E+04   0.30351E+04   0.41284E+01   0.59106E+22
   0.83515E+04   0.30356E+04   0.41289E+01   0.59113E+22
   0.83529E+04   0.30361E+04   0.41294E+01   0.59120E+22
   0.83542E+04   0.30366E+04   0.41299E+01   0.59128E+22
   0.83556E+04   0.30371E+04   0.41304E+01   0.59135E+22
   0.83570E+04   0.30376E+04   0.41309E+01   0.59142E+22
   0.83584E+04   0.30381E+04   0.41314E+01   0.59149E+22
   0.83598E+04   0.30386E+04   0.41319E+01   0.59156E+22
   0.83611E+04   0.30391E+04   0.41324E+01   0.59163E+22
   0.83625E+04   0.30396E+04   0.41329E+01   0.59170E+22
   0.83639E+04   0.30401E+04   0.41334E+01   0.59177E+22
   0.83653E+04   0.30406E+04   0.41339E+01   0.59184E+22
   0.83667E+04   0.30411E+04   0.41344E+01   0.59191E+22
   0.83680E+04   0.30416E+04   0.41349E+01   0.59198E+22
   0.83694E+04   0.30421E+04   0.41354E+01   0.59205E+22
   0.83708E+04   0.30426E+04   0.41359E+01   0.59212E+22
   0.83722E+04   0.30431E+04   0.41364E+01   0.59219E+22
   0.83736E+04   0.30436E+04   0.41369E+01   0.59226E+22
   0.83749E+04   0.30441E+04   0.41374E+01   0.59233E+22
   0.83763E+04   0.30446E+04   0.41379E+01   0.59240E+22
   0.83777E+04   0.30451E+04   0.41384E+01   0.59247E+22
   0.83791E+04   0.30456E+04   0.41389E+01   0.59254E+22
   0.83805E+04   0.30461E+04   0.41394E+01   0.59261E+22
   0.83818E+04   0.30466E+04   0.41399E+01   0.59268E+22
   0.83832E+04   0.30471E+04   0.41404E+01   0.59275E+22
   0.83846E+04   0.30476E+04   0.41409E+01   0.59282E+22
   0.83860E+04   0.30481E+04   0.41414E+01   0.59289E+22
   0.83874E+04   0.30486E+04   0.41419E+01   0.59296E+22
   0.83887E+04   0.30491E+04   0.41424E+01   0.59303E+22
   0.83901E+04   0.30496E+04   0.41429E+01   0.59310E+22
   0.83915E+04   0.30501E+04   0.41434E+01   0.59317E+22
   0.83929E+04   0.30506E+04   0.41439E+01   0.59324E+22
   0.83943E+04   0.30511E+04   0.41444E+01   0.59331E+22
   0.83956E+04   0.30516E+04   0.41449E+01   0.59338E+22
   0.83970E+04   0.30521E+04   0.41454E+01   0.59345E+22
   0.83984E+04   0.30526E+04   0.41459E+01   0.59352E+22
   0.83998E+04   0.30531E+04   0.41464E+01   0.59359E+22
   0.84012E+04   0.30536E+04   0.41469E+01   0.59366E+22
   0.84026E+04   0.30541E+04   0.41474E+01   0.59373E+22
   0.84039E+04   0.30546E+04   0.41479E+01   0.59380E+22
   0.84053E+04   0.30551E+04   0.41484E+01   0.59387E+22
   0.84067E+04   0.30556E+04   0.41489E+01   0.59394E+22
   0.84081E+04   0.30561E+04   0.41494E+01   0.59401E+22
   0.84095E+04   0.30567E+04   0.41499E+01   0.59408E+22
   0.84108E+04   0.30572E+04   0.41504E+01   0.59416E+22
   0.84122E+04   0.30577E+04   0.41509E+01   0.59423E+22
   0.84136E+04   0.30582E+04   0.41514E+01   0.59430E+22
   0.84150E+04   0.30587E+04   0.41519E+01   0.59437E+22
   0.84164E+04   0.30592E+04   0.41524E+01   0.59444E+22
   0.84177E+04   0.30597E+04   0.41529E+01   0.59451E+22
   0.84191E+04   0.30602E+04   0.41534E+01   0.59458E+22
   0.84205E+04   0.30607E+04   0.41539E+01   0.59465E+22
   0.84219E+04   0.30612E+04   0.41544E+01   0.59472E+22
   0.84233E+04   0.30617E+04   0.41549E+01   0.59479E+22
   0.84247E+04   0.30622E+04   0.41554E+01   0.59486E+22
   0.84260E+04   0.30627E+04   0.41559E+01   0.59493E+22
   0.84274E+04   0.30632E+04   0.41564E+01   0.59500E+22
   0.84288E+04   0.30637E+04   0.41569E+01   0.59507E+22
   0.84302E+04   0.30642E+04   0.41574E+01   0.59514E+22
   0.84316E+04   0.30647E+04   0.41579E+01   0.59521E+22
   0.84330E+04   0.30652E+04   0.41584E+01   0.59528E+22
   0.84343E+04   0.30657E+04   0.41589E+01   0.59535E+22
   0.84357E+04   0.30662E+04   0.41594E+01   0.59542E+22
   0.84371E+04   0.30667E+04   0.41599E+01   0.59549E+22
   0.84385E+04   0.30672E+04   0.41604E+01   0.59556E+22
   0.84399E+04   0.30677E+04   0.41609E+01   0.59563E+22
   0.84413E+04   0.30682E+04   0.41614E+01   0.59570E+22
   0.84426E+04   0.30687E+04   0.41619E+01   0.59577E+22
   0.84440E+04   0.30692E+04   0.41624E+01   0.59584E+22
   0.84454E+04   0.30697E+04   0.41629E+01   0.59591E+22
   0.84468E+04   0.30702E+04   0.41634E+01   0.59598E+22
   0.84482E+04   0.30707E+04   0.41639E+01   0.59605E+22
   0.84495E+04   0.30712E+04   0.41644E+01   0.59612E+22
   0.84509E+04   0.30717E+04   0.41649E+01   0.59619E+22
   0.84523E+04   0.30722E+04   0.41654E+01   0.59626E+22
   0.84537E+04   0.30727E+04   0.41659E+01   0.59633E+22
   0.84551E+04   0.30732E+04   0.41664E+01   0.59640E+22
   0.84565E+04   0.30737E+04   0.41669E+01   0.59647E+22
   0.84578E+04   0.30742E+04   0.41674E+01   0.59654E+22
   0.84592E+04   0.30748E+04   0.41679E+01   0.59661E+22
   0.84606E+04   0.30753E+04   0.41684E+01   0.59668E+22
   0.84620E+04   0.30758E+04   0.41689E+01   0.59675E+22
   0.84634E+04   0.30763E+04   0.41694E+01   0.59682E+22
   0.84648E+04   0.30768E+04   0.41699E+01   0.59689E+22
   0.84662E+04   0.30773E+04   0.41704E+01   0.59696E+22
   0.84675E+04   0.30778E+04   0.41709E+01   0.59704E+22
   0.84689E+04   0.30783E+04   0.41714E+01   0.59711E+22
   0.84703E+04   0.30788E+04   0.41719E+01   0.59718E+22
   0.84717E+04   0.30793E+04   0.41724E+01   0.59725E+22
   0.84731E+04   0.30798E+04   0.41729E+01   0.59732E+22
   0.84745E+04   0.30803E+04   0.41734E+01   0.59739E+22
   0.84758E+04   0.30808E+04   0.41739E+01   0.59746E+22
   0.84772E+04   0.30813E+04   0.41744E+01   0.59753E+22
   0.84786E+04   0.30818E+04   0.41749E+01   0.59760E+22
   0.84800E+04   0.30823E+04   0.41754E+01   0.59767E+22
   0.84814E+04   0.30828E+04   0.41759E+01   0.59774E+22
   0.84828E+04   0.30833E+04   0.41764E+01   0.59781E+22
   0.84841E+04   0.30838E+04   0.41769E+01   0.59788E+22
   0.84855E+04   0.30843E+04   0.41774E+01   0.59795E+22
   0.84869E+04   0.30848E+04   0.41779E+01   0.59802E+22
   0.84883E+04   0.30853E+04   0.41784E+01   0.59809E+22
   0.84897E+04   0.30858E+04   0.41789E+01   0.59816E+22
   0.84911E+04   0.30863E+04   0.41794E+01   0.59823E+22
   0.84925E+04   0.30868E+04   0.41799E+01   0.59830E+22
   0.84938E+04   0.30873E+04   0.41804E+01   0.59837E+22
   0.84952E+04   0.30878E+04   0.41809E+01   0.59844E+22
   0.84966E+04   0.30883E+04   0.41814E+01   0.59851E+22
   0.84980E+04   0.30888E+04   0.41819E+01   0.59858E+22
   0.84994E+04   0.30893E+04   0.41824E+01   0.59865E+22
   0.85008E+04   0.30899E+04   0.41829E+01   0.59872E+22
   0.85022E+04   0.30904E+04   0.41834E+01   0.59879E+22
   0.85035E+04   0.30909E+04   0.41839E+01   0.59886E+22
   0.85049E+04   0.30914E+04   0.41844E+01   0.59893E+22
   0.85063E+04   0.30919E+04   0.41849E+01   0.59900E+22
   0.85077E+04   0.30924E+04   0.41854E+01   0.59907E+22
   0.85091E+04   0.30929E+04   0.41859E+01   0.59914E+22
   0.85105E+04   0.30934E+04   0.41864E+01   0.59921E+22
   0.85119E+04   0.30939E+04   0.41869E+01   0.59928E+22
   0.85132E+04   0.30944E+04   0.41874E+01   0.59935E+22
   0.85146E+04   0.30949E+04   0.41879E+01   0.59942E+22
   0.85160E+04   0.30954E+04   0.41884E+01   0.59949E+22
   0.85174E+04   0.30959E+04   0.41889E+01   0.59956E+22
   0.85188E+04   0.30964E+04   0.41894E+01   0.59963E+22
   0.85202E+04   0.30969E+04   0.41899E+01   0.59970E+22
   0.85216E+04   0.30974E+04   0.41904E+01   0.59977E+22
   0.85229E+04   0.30979E+04   0.41909E+01   0.59985E+22
   0.85243E+04   0.30984E+04   0.41914E+01   0.59992E+22
   0.85257E+04   0.30989E+04   0.41919E+01   0.59999E+22
   0.85271E+04   0.30994E+04   0.41924E+01   0.60006E+22
   0.85285E+04   0.30999E+04   0.41929E+01   0.60013E+22
   0.85299E+04   0.31004E+04   0.41934E+01   0.60020E+22
   0.85313E+04   0.31009E+04   0.41939E+01   0.60027E+22
   0.85327E+04   0.31014E+04   0.41944E+01   0.60034E+22
   0.85340E+04   0.31019E+04   0.41949E+01   0.60041E+22
   0.85354E+04   0.31024E+04   0.41954E+01   0.60048E+22
   0.85368E+04   0.31030E+04   0.41959E+01   0.60055E+22
   0.85382E+04   0.31035E+04   0.41964E+01   0.60062E+22
   0.85396E+04   0.31040E+04   0.41969E+01   0.60069E+22
   0.85410E+04   0.31045E+04   0.41974E+01   0.60076E+22
   0.85424E+04   0.31050E+04   0.41979E+01   0.60083E+22
   0.85437E+04   0.31055E+04   0.41984E+01   0.60090E+22
   0.85451E+04   0.31060E+04   0.41989E+01   0.60097E+22
   0.85465E+04   0.31065E+04   0.41994E+01   0.60104E+22
   0.85479E+04   0.31070E+04   0.41999E+01   0.60111E+22
   0.85493E+04   0.31075E+04   0.42004E+01   0.60118E+22
   0.85507E+04   0.31080E+04   0.42009E+01   0.60125E+22
   0.85521E+04   0.31085E+04   0.42014E+01   0.60132E+22
   0.85535E+04   0.31090E+04   0.42019E+01   0.60139E+22
   0.85548E+04   0.31095E+04   0.42024E+01   0.60146E+22
   0.85562E+04   0.31100E+04   0.42029E+01   0.60153E+22
   0.85576E+04   0.31105E+04   0.42034E+01   0.60160E+22
   0.85590E+04   0.31110E+04   0.42039E+01   0.60167E+22
   0.85604E+04   0.31115E+04   0.42044E+01   0.60174E+22
   0.85618E+04   0.31120E+04   0.42049E+01   0.60181E+22
   0.85632E+04   0.31125E+04   0.42054E+01   0.60188E+22
   0.85646E+04   0.31130E+04   0.42059E+01   0.60195E+22
   0.85660E+04   0.31135E+04   0.42064E+01   0.60202E+22
   0.85673E+04   0.31140E+04   0.42069E+01   0.60209E+22
   0.85687E+04   0.31145E+04   0.42074E+01   0.60216E+22
   0.85701E+04   0.31151E+04   0.42079E+01   0.60223E+22
   0.85715E+04   0.31156E+04   0.42084E+01   0.60230E+22
   0.85729E+04   0.31161E+04   0.42089E+01   0.60237E+22
   0.85743E+04   0.31166E+04   0.42094E+01   0.60244E+22
   0.85757E+04   0.31171E+04   0.42099E+01   0.60251E+22
   0.85771E+04   0.31176E+04   0.42104E+01   0.60258E+22
   0.85785E+04   0.31181E+04   0.42109E+01   0.60266E+22
   0.85798E+04   0.31186E+04   0.42114E+01   0.60273E+22
   0.85812E+04   0.31191E+04   0.42119E+01   0.60280E+22
   0.85826E+04   0.31196E+04   0.42124E+01   0.60287E+22
   0.85840E+04   0.31201E+04   0.42129E+01   0.60294E+22
   0.85854E+04   0.31206E+04   0.42134E+01   0.60301E+22
   0.85868E+04   0.31211E+04   0.42139E+01   0.60308E+22
   0.85882E+04   0.31216E+04   0.42144E+01   0.60315E+22
   0.85896E+04   0.31221E+04   0.42149E+01   0.60322E+22
   0.85910E+04   0.31226E+04   0.42154E+01   0.60329E+22
   0.85923E+04   0.31231E+04   0.42159E+01   0.60336E+22
   0.85937E+04   0.31236E+04   0.42164E+01   0.60343E+22
   0.85951E+04   0.31241E+04   0.42169E+01   0.60350E+22
   0.85965E+04   0.31246E+04   0.42174E+01   0.60357E+22
   0.85979E+04   0.31251E+04   0.42179E+01   0.60364E+22
   0.85993E+04   0.31257E+04   0.42184E+01   0.60371E+22
   0.86007E+04   0.31262E+04   0.42189E+01   0.60378E+22
   0.86021E+04   0.31267E+04   0.42194E+01   0.60385E+22
   0.86035E+04   0.31272E+04   0.42199E+01   0.60392E+22
   0.86048E+04   0.31277E+04   0.42204E+01   0.60399E+22
   0.86062E+04   0.31282E+04   0.42209E+01   0.60406E+22
   0.86076E+04   0.31287E+04   0.42214E+01   0.60413E+22
   0.86090E+04   0.31292E+04   0.42219E+01   0.60420E+22
   0.86104E+04   0.31297E+04   0.42224E+01   0.60427E+22
   0.86118E+04   0.31302E+04   0.42229E+01   0.60434E+22
   0.86132E+04   0.31307E+04   0.42234E+01   0.60441E+22
   0.86146E+04   0.31312E+04   0.42239E+01   0.60448E+22
   0.86160E+04   0.31317E+04   0.42244E+01   0.60455E+22
   0.86174E+04   0.31322E+04   0.42249E+01   0.60462E+22
   0.86188E+04   0.31327E+04   0.42254E+01   0.60469E+22
   0.86201E+04   0.31332E+04   0.42259E+01   0.60476E+22
   0.86215E+04   0.31337E+04   0.42264E+01   0.60483E+22
   0.86229E+04   0.31342E+04   0.42269E+01   0.60490E+22
   0.86243E+04   0.31347E+04   0.42274E+01   0.60497E+22
   0.86257E+04   0.31353E+04   0.42279E+01   0.60504E+22
   0.86271E+04   0.31358E+04   0.42284E+01   0.60511E+22
   0.86285E+04   0.31363E+04   0.42289E+01   0.60518E+22
   0.86299E+04   0.31368E+04   0.42294E+01   0.60525E+22
   0.86313E+04   0.31373E+04   0.42299E+01   0.60532E+22
   0.86327E+04   0.31378E+04   0.42304E+01   0.60539E+22
   0.86341E+04   0.31383E+04   0.42309E+01   0.60547E+22
   0.86354E+04   0.31388E+04   0.42314E+01   0.60554E+22
   0.86368E+04   0.31393E+04   0.42319E+01   0.60561E+22
   0.86382E+04   0.31398E+04   0.42324E+01   0.60568E+22
   0.86396E+04   0.31403E+04   0.42329E+01   0.60575E+22
   0.86410E+04   0.31408E+04   0.42334E+01   0.60582E+22
   0.86424E+04   0.31413E+04   0.42339E+01   0.60589E+22
   0.86438E+04   0.31418E+04   0.42344E+01   0.60596E+22
   0.86452E+04   0.31423E+04   0.42349E+01   0.60603E+22
   0.86466E+04   0.31428E+04   0.42354E+01   0.60610E+22
   0.86480E+04   0.31433E+04   0.42359E+01   0.60617E+22
   0.86494E+04   0.31438E+04   0.42364E+01   0.60624E+22
   0.86508E+04   0.31443E+04   0.42369E+01   0.60631E+22
   0.86521E+04   0.31449E+04   0.42374E+01   0.60638E+22
   0.86535E+04   0.31454E+04   0.42379E+01   0.60645E+22
   0.86549E+04   0.31459E+04   0.42384E+01   0.60652E+22
   0.86563E+04   0.31464E+04   0.42389E+01   0.60659E+22
   0.86577E+04   0.31469E+04   0.42394E+01   0.60666E+22
   0.86591E+04   0.31474E+04   0.42399E+01   0.60673E+22
   0.86605E+04   0.31479E+04   0.42404E+01   0.60680E+22
   0.86619E+04   0.31484E+04   0.42409E+01   0.60687E+22
   0.86633E+04   0.31489E+04   0.42414E+01   0.60694E+22
   0.86647E+04   0.31494E+04   0.42419E+01   0.60701E+22
   0.86661E+04   0.31499E+04   0.42424E+01   0.60708E+22
   0.86675E+04   0.31504E+04   0.42429E+01   0.60715E+22
   0.86689E+04   0.31509E+04   0.42434E+01   0.60722E+22
   0.86702E+04   0.31514E+04   0.42439E+01   0.60729E+22
   0.86716E+04   0.31519E+04   0.42444E+01   0.60736E+22
   0.86730E+04   0.31524E+04   0.42449E+01   0.60743E+22
   0.86744E+04   0.31529E+04   0.42454E+01   0.60750E+22
   0.86758E+04   0.31535E+04   0.42459E+01   0.60757E+22
   0.86772E+04   0.31540E+04   0.42464E+01   0.60764E+22
   0.86786E+04   0.31545E+04   0.42469E+01   0.60771E+22
   0.86800E+04   0.31550E+04   0.42474E+01   0.60778E+22
   0.86814E+04   0.31555E+04   0.42479E+01   0.60785E+22
   0.86828E+04   0.31560E+04   0.42484E+01   0.60792E+22
   0.86842E+04   0.31565E+04   0.42489E+01   0.60799E+22
   0.86856E+04   0.31570E+04   0.42494E+01   0.60806E+22
   0.86870E+04   0.31575E+04   0.42499E+01   0.60813E+22
   0.86884E+04   0.31580E+04   0.42504E+01   0.60821E+22
   0.86897E+04   0.31585E+04   0.42509E+01   0.60828E+22
   0.86911E+04   0.31590E+04   0.42514E+01   0.60835E+22
   0.86925E+04   0.31595E+04   0.42519E+01   0.60842E+22
   0.86939E+04   0.31600E+04   0.42524E+01   0.60849E+22
   0.86953E+04   0.31605E+04   0.42529E+01   0.60856E+22
   0.86967E+04   0.31610E+04   0.42534E+01   0.60863E+22
   0.86981E+04   0.31616E+04   0.42539E+01   0.60870E+22
   0.86995E+04   0.31621E+04   0.42544E+01   0.60877E+22
   0.87009E+04   0.31626E+04   0.42549E+01   0.60884E+22
   0.87023E+04   0.31631E+04   0.42554E+01   0.60891E+22
   0.87037E+04   0.31636E+04   0.42559E+01   0.60898E+22
   0.87051E+04   0.31641E+04   0.42564E+01   0.60905E+22
   0.87065E+04   0.31646E+04   0.42569E+01   0.60912E+22
   0.87079E+04   0.31651E+04   0.42574E+01   0.60919E+22
   0.87093E+04   0.31656E+04   0.42579E+01   0.60926E+22
   0.87107E+04   0.31661E+04   0.42584E+01   0.60933E+22
   0.87121E+04   0.31666E+04   0.42589E+01   0.60940E+22
   0.87134E+04   0.31671E+04   0.42594E+01   0.60947E+22
   0.87148E+04   0.31676E+04   0.42599E+01   0.60954E+22
   0.87162E+04   0.31681E+04   0.42604E+01   0.60961E+22
   0.87176E+04   0.31686E+04   0.42609E+01   0.60968E+22
   0.87190E+04   0.31691E+04   0.42614E+01   0.60975E+22
   0.87204E+04   0.31697E+04   0.42619E+01   0.60982E+22
   0.87218E+04   0.31702E+04   0.42624E+01   0.60989E+22
   0.87232E+04   0.31707E+04   0.42629E+01   0.60996E+22
   0.87246E+04   0.31712E+04   0.42634E+01   0.61003E+22
   0.87260E+04   0.31717E+04   0.42639E+01   0.61010E+22
   0.87274E+04   0.31722E+04   0.42644E+01   0.61017E+22
   0.87288E+04   0.31727E+04   0.42649E+01   0.61024E+22
   0.87302E+04   0.31732E+04   0.42654E+01   0.61031E+22
   0.87316E+04   0.31737E+04   0.42659E+01   0.61038E+22
   0.87330E+04   0.31742E+04   0.42664E+01   0.61045E+22
   0.87344E+04   0.31747E+04   0.42669E+01   0.61052E+22
   0.87358E+04   0.31752E+04   0.42674E+01   0.61059E+22
   0.87372E+04   0.31757E+04   0.42679E+01   0.61066E+22
   0.87386E+04   0.31762E+04   0.42684E+01   0.61073E+22
   0.87400E+04   0.31767E+04   0.42689E+01   0.61080E+22
   0.87414E+04   0.31773E+04   0.42694E+01   0.61087E+22
   0.87427E+04   0.31778E+04   0.42699E+01   0.61095E+22
   0.87441E+04   0.31783E+04   0.42704E+01   0.61102E+22
   0.87455E+04   0.31788E+04   0.42709E+01   0.61109E+22
   0.87469E+04   0.31793E+04   0.42714E+01   0.61116E+22
   0.87483E+04   0.31798E+04   0.42719E+01   0.61123E+22
   0.87497E+04   0.31803E+04   0.42724E+01   0.61130E+22
   0.87511E+04   0.31808E+04   0.42729E+01   0.61137E+22
   0.87525E+04   0.31813E+04   0.42734E+01   0.61144E+22
   0.87539E+04   0.31818E+04   0.42739E+01   0.61151E+22
   0.87553E+04   0.31823E+04   0.42744E+01   0.61158E+22
   0.87567E+04   0.31828E+04   0.42749E+01   0.61165E+22
   0.87581E+04   0.31833E+04   0.42754E+01   0.61172E+22
   0.87595E+04   0.31838E+04   0.42759E+01   0.61179E+22
   0.87609E+04   0.31844E+04   0.42764E+01   0.61186E+22
   0.87623E+04   0.31849E+04   0.42769E+01   0.61193E+22
   0.87637E+04   0.31854E+04   0.42774E+01   0.61200E+22
   0.87651E+04   0.31859E+04   0.42779E+01   0.61207E+22
   0.87665E+04   0.31864E+04   0.42784E+01   0.61214E+22
   0.87679E+04   0.31869E+04   0.42789E+01   0.61221E+22
   0.87693E+04   0.31874E+04   0.42794E+01   0.61228E+22
   0.87707E+04   0.31879E+04   0.42799E+01   0.61235E+22
   0.87721E+04   0.31884E+04   0.42804E+01   0.61242E+22
   0.87735E+04   0.31889E+04   0.42809E+01   0.61249E+22
   0.87749E+04   0.31894E+04   0.42814E+01   0.61256E+22
   0.87763E+04   0.31899E+04   0.42819E+01   0.61263E+22
   0.87777E+04   0.31904E+04   0.42824E+01   0.61270E+22
   0.87791E+04   0.31909E+04   0.42829E+01   0.61277E+22
   0.87805E+04   0.31915E+04   0.42834E+01   0.61284E+22
   0.87819E+04   0.31920E+04   0.42839E+01   0.61291E+22
   0.87833E+04   0.31925E+04   0.42844E+01   0.61298E+22
   0.87847E+04   0.31930E+04   0.42849E+01   0.61305E+22
   0.87860E+04   0.31935E+04   0.42854E+01   0.61312E+22
   0.87874E+04   0.31940E+04   0.42859E+01   0.61319E+22
   0.87888E+04   0.31945E+04   0.42864E+01   0.61326E+22
   0.87902E+04   0.31950E+04   0.42869E+01   0.61333E+22
   0.87916E+04   0.31955E+04   0.42874E+01   0.61340E+22
   0.87930E+04   0.31960E+04   0.42879E+01   0.61347E+22
   0.87944E+04   0.31965E+04   0.42884E+01   0.61354E+22
   0.87958E+04   0.31970E+04   0.42889E+01   0.61362E+22
   0.87972E+04   0.31975E+04   0.42894E+01   0.61369E+22
   0.87986E+04   0.31981E+04   0.42899E+01   0.61376E+22
   0.88000E+04   0.31986E+04   0.42904E+01   0.61383E+22
   0.88014E+04   0.31991E+04   0.42909E+01   0.61390E+22
   0.88028E+04   0.31996E+04   0.42914E+01   0.61397E+22
   0.88042E+04   0.32001E+04   0.42919E+01   0.61404E+22
   0.88056E+04   0.32006E+04   0.42924E+01   0.61411E+22
   0.88070E+04   0.32011E+04   0.42929E+01   0.61418E+22
   0.88084E+04   0.32016E+04   0.42934E+01   0.61425E+22
   0.88098E+04   0.32021E+04   0.42939E+01   0.61432E+22
   0.88112E+04   0.32026E+04   0.42944E+01   0.61439E+22
   0.88126E+04   0.32031E+04   0.42949E+01   0.61446E+22
   0.88140E+04   0.32036E+04   0.42954E+01   0.61453E+22
   0.88154E+04   0.32041E+04   0.42959E+01   0.61460E+22
   0.88168E+04   0.32047E+04   0.42964E+01   0.61467E+22
   0.88182E+04   0.32052E+04   0.42969E+01   0.61474E+22
   0.88196E+04   0.32057E+04   0.42974E+01   0.61481E+22
   0.88210E+04   0.32062E+04   0.42979E+01   0.61488E+22
   0.88224E+04   0.32067E+04   0.42984E+01   0.61495E+22
   0.88238E+04   0.32072E+04   0.42989E+01   0.61502E+22
   0.88252E+04   0.32077E+04   0.42994E+01   0.61509E+22
   0.88266E+04   0.32082E+04   0.42999E+01   0.61516E+22
   0.88280E+04   0.32087E+04   0.43004E+01   0.61523E+22
   0.88294E+04   0.32092E+04   0.43009E+01   0.61530E+22
   0.88308E+04   0.32097E+04   0.43014E+01   0.61537E+22
   0.88322E+04   0.32102E+04   0.43019E+01   0.61544E+22
   0.88336E+04   0.32107E+04   0.43024E+01   0.61551E+22
   0.88350E+04   0.32113E+04   0.43029E+01   0.61558E+22
   0.88364E+04   0.32118E+04   0.43034E+01   0.61565E+22
   0.88378E+04   0.32123E+04   0.43039E+01   0.61572E+22
   0.88392E+04   0.32128E+04   0.43044E+01   0.61579E+22
   0.88406E+04   0.32133E+04   0.43049E+01   0.61586E+22
   0.88420E+04   0.32138E+04   0.43054E+01   0.61593E+22
   0.88434E+04   0.32143E+04   0.43059E+01   0.61600E+22
   0.88448E+04   0.32148E+04   0.43064E+01   0.61607E+22
   0.88462E+04   0.32153E+04   0.43069E+01   0.61614E+22
   0.88476E+04   0.32158E+04   0.43074E+01   0.61621E+22
   0.88490E+04   0.32163E+04   0.43079E+01   0.61628E+22
   0.88504E+04   0.32168E+04   0.43084E+01   0.61636E+22
   0.88518E+04   0.32174E+04   0.43089E+01   0.61643E+22
   0.88532E+04   0.32179E+04   0.43094E+01   0.61650E+22
   0.88546E+04   0.32184E+04   0.43099E+01   0.61657E+22
   0.88560E+04   0.32189E+04   0.43104E+01   0.61664E+22
   0.88574E+04   0.32194E+04   0.43109E+01   0.61671E+22
   0.88588E+04   0.32199E+04   0.43114E+01   0.61678E+22
   0.88602E+04   0.32204E+04   0.43119E+01   0.61685E+22
   0.88616E+04   0.32209E+04   0.43124E+01   0.61692E+22
   0.88630E+04   0.32214E+04   0.43129E+01   0.61699E+22
   0.88644E+04   0.32219E+04   0.43134E+01   0.61706E+22
   0.88658E+04   0.32224E+04   0.43139E+01   0.61713E+22
   0.88672E+04   0.32229E+04   0.43144E+01   0.61720E+22
   0.88686E+04   0.32235E+04   0.43149E+01   0.61727E+22
   0.88700E+04   0.32240E+04   0.43154E+01   0.61734E+22
   0.88714E+04   0.32245E+04   0.43159E+01   0.61741E+22
   0.88728E+04   0.32250E+04   0.43164E+01   0.61748E+22
   0.88742E+04   0.32255E+04   0.43169E+01   0.61755E+22
   0.88756E+04   0.32260E+04   0.43174E+01   0.61762E+22
   0.88770E+04   0.32265E+04   0.43179E+01   0.61769E+22
   0.88784E+04   0.32270E+04   0.43184E+01   0.61776E+22
   0.88798E+04   0.32275E+04   0.43189E+01   0.61783E+22
   0.88812E+04   0.32280E+04   0.43194E+01   0.61790E+22
   0.88826E+04   0.32285E+04   0.43199E+01   0.61797E+22
   0.88840E+04   0.32290E+04   0.43204E+01   0.61804E+22
   0.88854E+04   0.32296E+04   0.43209E+01   0.61811E+22
   0.88868E+04   0.32301E+04   0.43214E+01   0.61818E+22
   0.88882E+04   0.32306E+04   0.43219E+01   0.61825E+22
   0.88896E+04   0.32311E+04   0.43224E+01   0.61832E+22
   0.88910E+04   0.32316E+04   0.43229E+01   0.61839E+22
   0.88924E+04   0.32321E+04   0.43234E+01   0.61846E+22
   0.88938E+04   0.32326E+04   0.43239E+01   0.61853E+22
   0.88952E+04   0.32331E+04   0.43244E+01   0.61860E+22
   0.88967E+04   0.32336E+04   0.43249E+01   0.61867E+22
   0.88981E+04   0.32341E+04   0.43254E+01   0.61874E+22
   0.88995E+04   0.32346E+04   0.43259E+01   0.61881E+22
   0.89009E+04   0.32352E+04   0.43264E+01   0.61888E+22
   0.89023E+04   0.32357E+04   0.43269E+01   0.61896E+22
   0.89037E+04   0.32362E+04   0.43274E+01   0.61903E+22
   0.89051E+04   0.32367E+04   0.43279E+01   0.61910E+22
   0.89065E+04   0.32372E+04   0.43284E+01   0.61917E+22
   0.89079E+04   0.32377E+04   0.43289E+01   0.61924E+22
   0.89093E+04   0.32382E+04   0.43294E+01   0.61931E+22
   0.89107E+04   0.32387E+04   0.43299E+01   0.61938E+22
   0.89121E+04   0.32392E+04   0.43304E+01   0.61945E+22
   0.89135E+04   0.32397E+04   0.43309E+01   0.61952E+22
   0.89149E+04   0.32402E+04   0.43314E+01   0.61959E+22
   0.89163E+04   0.32408E+04   0.43319E+01   0.61966E+22
   0.89177E+04   0.32413E+04   0.43324E+01   0.61973E+22
   0.89191E+04   0.32418E+04   0.43329E+01   0.61980E+22
   0.89205E+04   0.32423E+04   0.43334E+01   0.61987E+22
   0.89219E+04   0.32428E+04   0.43339E+01   0.61994E+22
   0.89233E+04   0.32433E+04   0.43344E+01   0.62001E+22
   0.89247E+04   0.32438E+04   0.43349E+01   0.62008E+22
   0.89261E+04   0.32443E+04   0.43354E+01   0.62015E+22
   0.89275E+04   0.32448E+04   0.43359E+01   0.62022E+22
   0.89289E+04   0.32453E+04   0.43364E+01   0.62029E+22
   0.89303E+04   0.32458E+04   0.43369E+01   0.62036E+22
   0.89317E+04   0.32464E+04   0.43374E+01   0.62043E+22
   0.89331E+04   0.32469E+04   0.43379E+01   0.62050E+22
   0.89345E+04   0.32474E+04   0.43384E+01   0.62057E+22
   0.89359E+04   0.32479E+04   0.43389E+01   0.62064E+22
   0.89373E+04   0.32484E+04   0.43394E+01   0.62071E+22
   0.89387E+04   0.32489E+04   0.43399E+01   0.62078E+22
   0.89402E+04   0.32494E+04   0.43404E+01   0.62085E+22
   0.89416E+04   0.32499E+04   0.43409E+01   0.62092E+22
   0.89430E+04   0.32504E+04   0.43414E+01   0.62099E+22
   0.89444E+04   0.32509E+04   0.43419E+01   0.62106E+22
   0.89458E+04   0.32514E+04   0.43424E+01   0.62113E+22
   0.89472E+04   0.32520E+04   0.43429E+01   0.62120E+22
   0.89486E+04   0.32525E+04   0.43434E+01   0.62127E+22
   0.89500E+04   0.32530E+04   0.43439E+01   0.62134E+22
   0.89514E+04   0.32535E+04   0.43444E+01   0.62141E+22
   0.89528E+04   0.32540E+04   0.43449E+01   0.62148E+22
   0.89542E+04   0.32545E+04   0.43454E+01   0.62155E+22
   0.89556E+04   0.32550E+04   0.43459E+01   0.62163E+22
   0.89570E+04   0.32555E+04   0.43464E+01   0.62170E+22
   0.89584E+04   0.32560E+04   0.43469E+01   0.62177E+22
   0.89598E+04   0.32565E+04   0.43474E+01   0.62184E+22
   0.89612E+04   0.32571E+04   0.43479E+01   0.62191E+22
   0.89626E+04   0.32576E+04   0.43484E+01   0.62198E+22
   0.89640E+04   0.32581E+04   0.43489E+01   0.62205E+22
   0.89654E+04   0.32586E+04   0.43494E+01   0.62212E+22
   0.89668E+04   0.32591E+04   0.43499E+01   0.62219E+22
   0.89682E+04   0.32596E+04   0.43504E+01   0.62226E+22
   0.89697E+04   0.32601E+04   0.43509E+01   0.62233E+22
   0.89711E+04   0.32606E+04   0.43514E+01   0.62240E+22
   0.89725E+04   0.32611E+04   0.43519E+01   0.62247E+22
   0.89739E+04   0.32616E+04   0.43524E+01   0.62254E+22
   0.89753E+04   0.32622E+04   0.43529E+01   0.62261E+22
   0.89767E+04   0.32627E+04   0.43534E+01   0.62268E+22
   0.89781E+04   0.32632E+04   0.43539E+01   0.62275E+22
   0.89795E+04   0.32637E+04   0.43544E+01   0.62282E+22
   0.89809E+04   0.32642E+04   0.43549E+01   0.62289E+22
   0.89823E+04   0.32647E+04   0.43554E+01   0.62296E+22
   0.89837E+04   0.32652E+04   0.43559E+01   0.62303E+22
   0.89851E+04   0.32657E+04   0.43564E+01   0.62310E+22
   0.89865E+04   0.32662E+04   0.43569E+01   0.62317E+22
   0.89879E+04   0.32667E+04   0.43574E+01   0.62324E+22
   0.89893E+04   0.32673E+04   0.43579E+01   0.62331E+22
   0.89907E+04   0.32678E+04   0.43584E+01   0.62338E+22
   0.89921E+04   0.32683E+04   0.43589E+01   0.62345E+22
   0.89936E+04   0.32688E+04   0.43594E+01   0.62352E+22
   0.89950E+04   0.32693E+04   0.43599E+01   0.62359E+22
   0.89964E+04   0.32698E+04   0.43604E+01   0.62366E+22
   0.89978E+04   0.32703E+04   0.43609E+01   0.62373E+22
   0.89992E+04   0.32708E+04   0.43614E+01   0.62380E+22
   0.90006E+04   0.32713E+04   0.43619E+01   0.62387E+22
   0.90020E+04   0.32718E+04   0.43624E+01   0.62394E+22
   0.90034E+04   0.32724E+04   0.43629E+01   0.62401E+22
   0.90048E+04   0.32729E+04   0.43634E+01   0.62408E+22
   0.90062E+04   0.32734E+04   0.43639E+01   0.62415E+22
   0.90076E+04   0.32739E+04   0.43644E+01   0.62423E+22
   0.90090E+04   0.32744E+04   0.43649E+01   0.62430E+22
   0.90104E+04   0.32749E+04   0.43654E+01   0.62437E+22
   0.90118E+04   0.32754E+04   0.43659E+01   0.62444E+22
   0.90133E+04   0.32759E+04   0.43664E+01   0.62451E+22
   0.90147E+04   0.32764E+04   0.43669E+01   0.62458E+22
   0.90161E+04   0.32769E+04   0.43674E+01   0.62465E+22
   0.90175E+04   0.32775E+04   0.43679E+01   0.62472E+22
   0.90189E+04   0.32780E+04   0.43684E+01   0.62479E+22
   0.90203E+04   0.32785E+04   0.43689E+01   0.62486E+22
   0.90217E+04   0.32790E+04   0.43694E+01   0.62493E+22
   0.90231E+04   0.32795E+04   0.43699E+01   0.62500E+22
   0.90245E+04   0.32800E+04   0.43704E+01   0.62507E+22
   0.90259E+04   0.32805E+04   0.43709E+01   0.62514E+22
   0.90273E+04   0.32810E+04   0.43714E+01   0.62521E+22
   0.90287E+04   0.32815E+04   0.43719E+01   0.62528E+22
   0.90301E+04   0.32821E+04   0.43724E+01   0.62535E+22
   0.90315E+04   0.32826E+04   0.43729E+01   0.62542E+22
   0.90330E+04   0.32831E+04   0.43734E+01   0.62549E+22
   0.90344E+04   0.32836E+04   0.43739E+01   0.62556E+22
   0.90358E+04   0.32841E+04   0.43744E+01   0.62563E+22
   0.90372E+04   0.32846E+04   0.43749E+01   0.62570E+22
   0.90386E+04   0.32851E+04   0.43754E+01   0.62577E+22
   0.90400E+04   0.32856E+04   0.43759E+01   0.62584E+22
   0.90414E+04   0.32861E+04   0.43764E+01   0.62591E+22
   0.90428E+04   0.32866E+04   0.43769E+01   0.62598E+22
   0.90442E+04   0.32872E+04   0.43774E+01   0.62605E+22
   0.90456E+04   0.32877E+04   0.43779E+01   0.62612E+22
   0.90470E+04   0.32882E+04   0.43784E+01   0.62619E+22
   0.90484E+04   0.32887E+04   0.43789E+01   0.62626E+22
   0.90499E+04   0.32892E+04   0.43794E+01   0.62633E+22
   0.90513E+04   0.32897E+04   0.43799E+01   0.62640E+22
   0.90527E+04   0.32902E+04   0.43804E+01   0.62647E+22
   0.90541E+04   0.32907E+04   0.43809E+01   0.62654E+22
   0.90555E+04   0.32912E+04   0.43814E+01   0.62661E+22
   0.90569E+04   0.32918E+04   0.43819E+01   0.62668E+22
   0.90583E+04   0.32923E+04   0.43824E+01   0.62675E+22
   0.90597E+04   0.32928E+04   0.43829E+01   0.62683E+22
   0.90611E+04   0.32933E+04   0.43834E+01   0.62690E+22
   0.90625E+04   0.32938E+04   0.43839E+01   0.62697E+22
   0.90639E+04   0.32943E+04   0.43844E+01   0.62704E+22
   0.90654E+04   0.32948E+04   0.43849E+01   0.62711E+22
   0.90668E+04   0.32953E+04   0.43854E+01   0.62718E+22
   0.90682E+04   0.32958E+04   0.43859E+01   0.62725E+22
   0.90696E+04   0.32964E+04   0.43864E+01   0.62732E+22
   0.90710E+04   0.32969E+04   0.43869E+01   0.62739E+22
   0.90724E+04   0.32974E+04   0.43874E+01   0.62746E+22
   0.90738E+04   0.32979E+04   0.43879E+01   0.62753E+22
   0.90752E+04   0.32984E+04   0.43884E+01   0.62760E+22
   0.90766E+04   0.32989E+04   0.43889E+01   0.62767E+22
   0.90780E+04   0.32994E+04   0.43894E+01   0.62774E+22
   0.90795E+04   0.32999E+04   0.43899E+01   0.62781E+22
   0.90809E+04   0.33004E+04   0.43904E+01   0.62788E+22
   0.90823E+04   0.33010E+04   0.43909E+01   0.62795E+22
   0.90837E+04   0.33015E+04   0.43914E+01   0.62802E+22
   0.90851E+04   0.33020E+04   0.43919E+01   0.62809E+22
   0.90865E+04   0.33025E+04   0.43924E+01   0.62816E+22
   0.90879E+04   0.33030E+04   0.43929E+01   0.62823E+22
   0.90893E+04   0.33035E+04   0.43934E+01   0.62830E+22
   0.90907E+04   0.33040E+04   0.43939E+01   0.62837E+22
   0.90921E+04   0.33045E+04   0.43944E+01   0.62844E+22
   0.90936E+04   0.33050E+04   0.43949E+01   0.62851E+22
   0.90950E+04   0.33056E+04   0.43954E+01   0.62858E+22
   0.90964E+04   0.33061E+04   0.43959E+01   0.62865E+22
   0.90978E+04   0.33066E+04   0.43964E+01   0.62872E+22
   0.90992E+04   0.33071E+04   0.43969E+01   0.62879E+22
   0.91006E+04   0.33076E+04   0.43974E+01   0.62886E+22
   0.91020E+04   0.33081E+04   0.43979E+01   0.62893E+22
   0.91034E+04   0.33086E+04   0.43984E+01   0.62900E+22
   0.91048E+04   0.33091E+04   0.43989E+01   0.62907E+22
   0.91063E+04   0.33097E+04   0.43994E+01   0.62914E+22
   0.91077E+04   0.33102E+04   0.43999E+01   0.62921E+22
   0.91091E+04   0.33107E+04   0.44004E+01   0.62928E+22
   0.91105E+04   0.33112E+04   0.44009E+01   0.62935E+22
   0.91119E+04   0.33117E+04   0.44014E+01   0.62943E+22
   0.91133E+04   0.33122E+04   0.44019E+01   0.62950E+22
   0.91147E+04   0.33127E+04   0.44024E+01   0.62957E+22
   0.91161E+04   0.33132E+04   0.44029E+01   0.62964E+22
   0.91175E+04   0.33137E+04   0.44034E+01   0.62971E+22
   0.91190E+04   0.33143E+04   0.44039E+01   0.62978E+22
   0.91204E+04   0.33148E+04   0.44044E+01   0.62985E+22
   0.91218E+04   0.33153E+04   0.44049E+01   0.62992E+22
   0.91232E+04   0.33158E+04   0.44054E+01   0.62999E+22
   0.91246E+04   0.33163E+04   0.44059E+01   0.63006E+22
   0.91260E+04   0.33168E+04   0.44064E+01   0.63013E+22
   0.91274E+04   0.33173E+04   0.44069E+01   0.63020E+22
   0.91288E+04   0.33178E+04   0.44074E+01   0.63027E+22
   0.91303E+04   0.33183E+04   0.44079E+01   0.63034E+22
   0.91317E+04   0.33189E+04   0.44084E+01   0.63041E+22
   0.91331E+04   0.33194E+04   0.44089E+01   0.63048E+22
   0.91345E+04   0.33199E+04   0.44094E+01   0.63055E+22
   0.91359E+04   0.33204E+04   0.44099E+01   0.63062E+22
   0.91373E+04   0.33209E+04   0.44104E+01   0.63069E+22
   0.91387E+04   0.33214E+04   0.44109E+01   0.63076E+22
   0.91401E+04   0.33219E+04   0.44114E+01   0.63083E+22
   0.91416E+04   0.33224E+04   0.44119E+01   0.63090E+22
   0.91430E+04   0.33230E+04   0.44124E+01   0.63097E+22
   0.91444E+04   0.33235E+04   0.44129E+01   0.63104E+22
   0.91458E+04   0.33240E+04   0.44134E+01   0.63111E+22
   0.91472E+04   0.33245E+04   0.44139E+01   0.63118E+22
   0.91486E+04   0.33250E+04   0.44144E+01   0.63125E+22
   0.91500E+04   0.33255E+04   0.44149E+01   0.63132E+22
   0.91514E+04   0.33260E+04   0.44154E+01   0.63139E+22
   0.91529E+04   0.33265E+04   0.44159E+01   0.63146E+22
   0.91543E+04   0.33271E+04   0.44164E+01   0.63153E+22
   0.91557E+04   0.33276E+04   0.44169E+01   0.63160E+22
   0.91571E+04   0.33281E+04   0.44174E+01   0.63167E+22
   0.91585E+04   0.33286E+04   0.44179E+01   0.63174E+22
   0.91599E+04   0.33291E+04   0.44184E+01   0.63181E+22
   0.91613E+04   0.33296E+04   0.44189E+01   0.63188E+22
   0.91627E+04   0.33301E+04   0.44194E+01   0.63196E+22
   0.91642E+04   0.33306E+04   0.44199E+01   0.63203E+22
   0.91656E+04   0.33312E+04   0.44204E+01   0.63210E+22
   0.91670E+04   0.33317E+04   0.44209E+01   0.63217E+22
   0.91684E+04   0.33322E+04   0.44214E+01   0.63224E+22
   0.91698E+04   0.33327E+04   0.44219E+01   0.63231E+22
   0.91712E+04   0.33332E+04   0.44224E+01   0.63238E+22
   0.91726E+04   0.33337E+04   0.44229E+01   0.63245E+22
   0.91741E+04   0.33342E+04   0.44234E+01   0.63252E+22
   0.91755E+04   0.33347E+04   0.44239E+01   0.63259E+22
   0.91769E+04   0.33353E+04   0.44244E+01   0.63266E+22
   0.91783E+04   0.33358E+04   0.44249E+01   0.63273E+22
   0.91797E+04   0.33363E+04   0.44254E+01   0.63280E+22
   0.91811E+04   0.33368E+04   0.44259E+01   0.63287E+22
   0.91825E+04   0.33373E+04   0.44264E+01   0.63294E+22
   0.91840E+04   0.33378E+04   0.44269E+01   0.63301E+22
   0.91854E+04   0.33383E+04   0.44274E+01   0.63308E+22
   0.91868E+04   0.33388E+04   0.44279E+01   0.63315E+22
   0.91882E+04   0.33394E+04   0.44284E+01   0.63322E+22
   0.91896E+04   0.33399E+04   0.44289E+01   0.63329E+22
   0.91910E+04   0.33404E+04   0.44294E+01   0.63336E+22
   0.91924E+04   0.33409E+04   0.44299E+01   0.63343E+22
   0.91939E+04   0.33414E+04   0.44304E+01   0.63350E+22
   0.91953E+04   0.33419E+04   0.44309E+01   0.63357E+22
   0.91967E+04   0.33424E+04   0.44314E+01   0.63364E+22
   0.91981E+04   0.33429E+04   0.44319E+01   0.63371E+22
   0.91995E+04   0.33435E+04   0.44324E+01   0.63378E+22
   0.92009E+04   0.33440E+04   0.44329E+01   0.63385E+22
   0.92023E+04   0.33445E+04   0.44334E+01   0.63392E+22
   0.92038E+04   0.33450E+04   0.44339E+01   0.63399E+22
   0.92052E+04   0.33455E+04   0.44344E+01   0.63406E+22
   0.92066E+04   0.33460E+04   0.44349E+01   0.63413E+22
   0.92080E+04   0.33465E+04   0.44354E+01   0.63420E+22
   0.92094E+04   0.33470E+04   0.44359E+01   0.63427E+22
   0.92108E+04   0.33476E+04   0.44364E+01   0.63434E+22
   0.92122E+04   0.33481E+04   0.44369E+01   0.63441E+22
   0.92137E+04   0.33486E+04   0.44374E+01   0.63448E+22
   0.92151E+04   0.33491E+04   0.44379E+01   0.63456E+22
   0.92165E+04   0.33496E+04   0.44384E+01   0.63463E+22
   0.92179E+04   0.33501E+04   0.44389E+01   0.63470E+22
   0.92193E+04   0.33506E+04   0.44394E+01   0.63477E+22
   0.92207E+04   0.33511E+04   0.44399E+01   0.63484E+22
   0.92222E+04   0.33517E+04   0.44404E+01   0.63491E+22
   0.92236E+04   0.33522E+04   0.44409E+01   0.63498E+22
   0.92250E+04   0.33527E+04   0.44414E+01   0.63505E+22
   0.92264E+04   0.33532E+04   0.44419E+01   0.63512E+22
   0.92278E+04   0.33537E+04   0.44424E+01   0.63519E+22
   0.92292E+04   0.33542E+04   0.44429E+01   0.63526E+22
   0.92307E+04   0.33547E+04   0.44434E+01   0.63533E+22
   0.92321E+04   0.33553E+04   0.44439E+01   0.63540E+22
   0.92335E+04   0.33558E+04   0.44444E+01   0.63547E+22
   0.92349E+04   0.33563E+04   0.44449E+01   0.63554E+22
   0.92363E+04   0.33568E+04   0.44454E+01   0.63561E+22
   0.92377E+04   0.33573E+04   0.44459E+01   0.63568E+22
   0.92392E+04   0.33578E+04   0.44464E+01   0.63575E+22
   0.92406E+04   0.33583E+04   0.44469E+01   0.63582E+22
   0.92420E+04   0.33588E+04   0.44474E+01   0.63589E+22
   0.92434E+04   0.33594E+04   0.44479E+01   0.63596E+22
   0.92448E+04   0.33599E+04   0.44484E+01   0.63603E+22
   0.92462E+04   0.33604E+04   0.44489E+01   0.63610E+22
   0.92477E+04   0.33609E+04   0.44494E+01   0.63617E+22
   0.92491E+04   0.33614E+04   0.44499E+01   0.63624E+22
   0.92505E+04   0.33619E+04   0.44504E+01   0.63631E+22
   0.92519E+04   0.33624E+04   0.44509E+01   0.63638E+22
   0.92533E+04   0.33630E+04   0.44514E+01   0.63645E+22
   0.92547E+04   0.33635E+04   0.44519E+01   0.63652E+22
   0.92562E+04   0.33640E+04   0.44524E+01   0.63659E+22
   0.92576E+04   0.33645E+04   0.44529E+01   0.63666E+22
   0.92590E+04   0.33650E+04   0.44534E+01   0.63673E+22
   0.92604E+04   0.33655E+04   0.44539E+01   0.63680E+22
   0.92618E+04   0.33660E+04   0.44544E+01   0.63687E+22
   0.92632E+04   0.33665E+04   0.44549E+01   0.63694E+22
   0.92647E+04   0.33671E+04   0.44554E+01   0.63701E+22
   0.92661E+04   0.33676E+04   0.44559E+01   0.63709E+22
   0.92675E+04   0.33681E+04   0.44564E+01   0.63716E+22
   0.92689E+04   0.33686E+04   0.44569E+01   0.63723E+22
   0.92703E+04   0.33691E+04   0.44574E+01   0.63730E+22
   0.92717E+04   0.33696E+04   0.44579E+01   0.63737E+22
   0.92732E+04   0.33701E+04   0.44584E+01   0.63744E+22
   0.92746E+04   0.33707E+04   0.44589E+01   0.63751E+22
   0.92760E+04   0.33712E+04   0.44594E+01   0.63758E+22
   0.92774E+04   0.33717E+04   0.44599E+01   0.63765E+22
   0.92788E+04   0.33722E+04   0.44604E+01   0.63772E+22
   0.92803E+04   0.33727E+04   0.44609E+01   0.63779E+22
   0.92817E+04   0.33732E+04   0.44614E+01   0.63786E+22
   0.92831E+04   0.33737E+04   0.44619E+01   0.63793E+22
   0.92845E+04   0.33743E+04   0.44624E+01   0.63800E+22
   0.92859E+04   0.33748E+04   0.44629E+01   0.63807E+22
   0.92873E+04   0.33753E+04   0.44634E+01   0.63814E+22
   0.92888E+04   0.33758E+04   0.44639E+01   0.63821E+22
   0.92902E+04   0.33763E+04   0.44644E+01   0.63828E+22
   0.92916E+04   0.33768E+04   0.44649E+01   0.63835E+22
   0.92930E+04   0.33773E+04   0.44654E+01   0.63842E+22
   0.92944E+04   0.33779E+04   0.44659E+01   0.63849E+22
   0.92959E+04   0.33784E+04   0.44664E+01   0.63856E+22
   0.92973E+04   0.33789E+04   0.44669E+01   0.63863E+22
   0.92987E+04   0.33794E+04   0.44674E+01   0.63870E+22
   0.93001E+04   0.33799E+04   0.44679E+01   0.63877E+22
   0.93015E+04   0.33804E+04   0.44684E+01   0.63884E+22
   0.93030E+04   0.33809E+04   0.44689E+01   0.63891E+22
   0.93044E+04   0.33814E+04   0.44694E+01   0.63898E+22
   0.93058E+04   0.33820E+04   0.44699E+01   0.63905E+22
   0.93072E+04   0.33825E+04   0.44704E+01   0.63912E+22
   0.93086E+04   0.33830E+04   0.44709E+01   0.63919E+22
   0.93101E+04   0.33835E+04   0.44714E+01   0.63926E+22
   0.93115E+04   0.33840E+04   0.44719E+01   0.63933E+22
   0.93129E+04   0.33845E+04   0.44724E+01   0.63940E+22
   0.93143E+04   0.33850E+04   0.44729E+01   0.63947E+22
   0.93157E+04   0.33856E+04   0.44734E+01   0.63955E+22
   0.93171E+04   0.33861E+04   0.44739E+01   0.63962E+22
   0.93186E+04   0.33866E+04   0.44744E+01   0.63969E+22
   0.93200E+04   0.33871E+04   0.44749E+01   0.63976E+22
   0.93214E+04   0.33876E+04   0.44754E+01   0.63983E+22
   0.93228E+04   0.33881E+04   0.44759E+01   0.63990E+22
   0.93242E+04   0.33886E+04   0.44764E+01   0.63997E+22
   0.93257E+04   0.33892E+04   0.44769E+01   0.64004E+22
   0.93271E+04   0.33897E+04   0.44774E+01   0.64011E+22
   0.93285E+04   0.33902E+04   0.44779E+01   0.64018E+22
   0.93299E+04   0.33907E+04   0.44784E+01   0.64025E+22
   0.93313E+04   0.33912E+04   0.44789E+01   0.64032E+22
   0.93328E+04   0.33917E+04   0.44794E+01   0.64039E+22
   0.93342E+04   0.33922E+04   0.44799E+01   0.64046E+22
   0.93356E+04   0.33928E+04   0.44804E+01   0.64053E+22
   0.93370E+04   0.33933E+04   0.44809E+01   0.64060E+22
   0.93385E+04   0.33938E+04   0.44814E+01   0.64067E+22
   0.93399E+04   0.33943E+04   0.44819E+01   0.64074E+22
   0.93413E+04   0.33948E+04   0.44824E+01   0.64081E+22
   0.93427E+04   0.33953E+04   0.44829E+01   0.64088E+22
   0.93441E+04   0.33959E+04   0.44834E+01   0.64095E+22
   0.93456E+04   0.33964E+04   0.44839E+01   0.64102E+22
   0.93470E+04   0.33969E+04   0.44844E+01   0.64109E+22
   0.93484E+04   0.33974E+04   0.44849E+01   0.64116E+22
   0.93498E+04   0.33979E+04   0.44854E+01   0.64123E+22
   0.93512E+04   0.33984E+04   0.44859E+01   0.64130E+22
   0.93527E+04   0.33989E+04   0.44864E+01   0.64137E+22
   0.93541E+04   0.33995E+04   0.44869E+01   0.64144E+22
   0.93555E+04   0.34000E+04   0.44874E+01   0.64151E+22
   0.93569E+04   0.34005E+04   0.44879E+01   0.64158E+22
   0.93583E+04   0.34010E+04   0.44884E+01   0.64165E+22
   0.93598E+04   0.34015E+04   0.44889E+01   0.64172E+22
   0.93612E+04   0.34020E+04   0.44894E+01   0.64179E+22
   0.93626E+04   0.34025E+04   0.44899E+01   0.64186E+22
   0.93640E+04   0.34031E+04   0.44904E+01   0.64193E+22
   0.93655E+04   0.34036E+04   0.44909E+01   0.64200E+22
   0.93669E+04   0.34041E+04   0.44914E+01   0.64208E+22
   0.93683E+04   0.34046E+04   0.44919E+01   0.64215E+22
   0.93697E+04   0.34051E+04   0.44924E+01   0.64222E+22
   0.93711E+04   0.34056E+04   0.44929E+01   0.64229E+22
   0.93726E+04   0.34061E+04   0.44934E+01   0.64236E+22
   0.93740E+04   0.34067E+04   0.44939E+01   0.64243E+22
   0.93754E+04   0.34072E+04   0.44944E+01   0.64250E+22
   0.93768E+04   0.34077E+04   0.44949E+01   0.64257E+22
   0.93782E+04   0.34082E+04   0.44954E+01   0.64264E+22
   0.93797E+04   0.34087E+04   0.44959E+01   0.64271E+22
   0.93811E+04   0.34092E+04   0.44964E+01   0.64278E+22
   0.93825E+04   0.34098E+04   0.44969E+01   0.64285E+22
   0.93839E+04   0.34103E+04   0.44974E+01   0.64292E+22
   0.93854E+04   0.34108E+04   0.44979E+01   0.64299E+22
   0.93868E+04   0.34113E+04   0.44984E+01   0.64306E+22
   0.93882E+04   0.34118E+04   0.44989E+01   0.64313E+22
   0.93896E+04   0.34123E+04   0.44994E+01   0.64320E+22
   0.93911E+04   0.34128E+04   0.44999E+01   0.64327E+22
   0.93925E+04   0.34134E+04   0.45004E+01   0.64334E+22
   0.93939E+04   0.34139E+04   0.45009E+01   0.64341E+22
   0.93953E+04   0.34144E+04   0.45014E+01   0.64348E+22
   0.93967E+04   0.34149E+04   0.45019E+01   0.64355E+22
   0.93982E+04   0.34154E+04   0.45024E+01   0.64362E+22
   0.93996E+04   0.34159E+04   0.45029E+01   0.64369E+22
   0.94010E+04   0.34164E+04   0.45034E+01   0.64376E+22
   0.94024E+04   0.34170E+04   0.45039E+01   0.64383E+22
   0.94039E+04   0.34175E+04   0.45044E+01   0.64390E+22
   0.94053E+04   0.34180E+04   0.45049E+01   0.64397E+22
   0.94067E+04   0.34185E+04   0.45054E+01   0.64404E+22
   0.94081E+04   0.34190E+04   0.45059E+01   0.64411E+22
   0.94096E+04   0.34195E+04   0.45064E+01   0.64418E+22
   0.94110E+04   0.34201E+04   0.45069E+01   0.64425E+22
   0.94124E+04   0.34206E+04   0.45074E+01   0.64432E+22
   0.94138E+04   0.34211E+04   0.45079E+01   0.64439E+22
   0.94152E+04   0.34216E+04   0.45084E+01   0.64446E+22
   0.94167E+04   0.34221E+04   0.45089E+01   0.64454E+22
   0.94181E+04   0.34226E+04   0.45094E+01   0.64461E+22
   0.94195E+04   0.34231E+04   0.45099E+01   0.64468E+22
   0.94209E+04   0.34237E+04   0.45104E+01   0.64475E+22
   0.94224E+04   0.34242E+04   0.45109E+01   0.64482E+22
   0.94238E+04   0.34247E+04   0.45114E+01   0.64489E+22
   0.94252E+04   0.34252E+04   0.45119E+01   0.64496E+22
   0.94266E+04   0.34257E+04   0.45124E+01   0.64503E+22
   0.94281E+04   0.34262E+04   0.45129E+01   0.64510E+22
   0.94295E+04   0.34268E+04   0.45134E+01   0.64517E+22
   0.94309E+04   0.34273E+04   0.45139E+01   0.64524E+22
   0.94323E+04   0.34278E+04   0.45144E+01   0.64531E+22
   0.94338E+04   0.34283E+04   0.45149E+01   0.64538E+22
   0.94352E+04   0.34288E+04   0.45154E+01   0.64545E+22
   0.94366E+04   0.34293E+04   0.45159E+01   0.64552E+22
   0.94380E+04   0.34299E+04   0.45164E+01   0.64559E+22
   0.94395E+04   0.34304E+04   0.45169E+01   0.64566E+22
   0.94409E+04   0.34309E+04   0.45174E+01   0.64573E+22
   0.94423E+04   0.34314E+04   0.45179E+01   0.64580E+22
   0.94437E+04   0.34319E+04   0.45184E+01   0.64587E+22
   0.94452E+04   0.34324E+04   0.45189E+01   0.64594E+22
   0.94466E+04   0.34329E+04   0.45194E+01   0.64601E+22
   0.94480E+04   0.34335E+04   0.45199E+01   0.64608E+22
   0.94494E+04   0.34340E+04   0.45204E+01   0.64615E+22
   0.94509E+04   0.34345E+04   0.45209E+01   0.64622E+22
   0.94523E+04   0.34350E+04   0.45214E+01   0.64629E+22
   0.94537E+04   0.34355E+04   0.45219E+01   0.64636E+22
   0.94551E+04   0.34360E+04   0.45224E+01   0.64643E+22
   0.94566E+04   0.34366E+04   0.45229E+01   0.64650E+22
   0.94580E+04   0.34371E+04   0.45234E+01   0.64657E+22
   0.94594E+04   0.34376E+04   0.45239E+01   0.64664E+22
   0.94608E+04   0.34381E+04   0.45244E+01   0.64671E+22
   0.94623E+04   0.34386E+04   0.45249E+01   0.64678E+22
   0.94637E+04   0.34391E+04   0.45254E+01   0.64685E+22
   0.94651E+04   0.34397E+04   0.45259E+01   0.64692E+22
   0.94665E+04   0.34402E+04   0.45264E+01   0.64700E+22
   0.94680E+04   0.34407E+04   0.45269E+01   0.64707E+22
   0.94694E+04   0.34412E+04   0.45274E+01   0.64714E+22
   0.94708E+04   0.34417E+04   0.45279E+01   0.64721E+22
   0.94722E+04   0.34422E+04   0.45284E+01   0.64728E+22
   0.94737E+04   0.34428E+04   0.45289E+01   0.64735E+22
   0.94751E+04   0.34433E+04   0.45294E+01   0.64742E+22
   0.94765E+04   0.34438E+04   0.45299E+01   0.64749E+22
   0.94779E+04   0.34443E+04   0.45304E+01   0.64756E+22
   0.94794E+04   0.34448E+04   0.45309E+01   0.64763E+22
   0.94808E+04   0.34453E+04   0.45314E+01   0.64770E+22
   0.94822E+04   0.34458E+04   0.45319E+01   0.64777E+22
   0.94836E+04   0.34464E+04   0.45324E+01   0.64784E+22
   0.94851E+04   0.34469E+04   0.45329E+01   0.64791E+22
   0.94865E+04   0.34474E+04   0.45334E+01   0.64798E+22
   0.94879E+04   0.34479E+04   0.45339E+01   0.64805E+22
   0.94894E+04   0.34484E+04   0.45344E+01   0.64812E+22
   0.94908E+04   0.34489E+04   0.45349E+01   0.64819E+22
   0.94922E+04   0.34495E+04   0.45354E+01   0.64826E+22
   0.94936E+04   0.34500E+04   0.45359E+01   0.64833E+22
   0.94951E+04   0.34505E+04   0.45364E+01   0.64840E+22
   0.94965E+04   0.34510E+04   0.45369E+01   0.64847E+22
   0.94979E+04   0.34515E+04   0.45374E+01   0.64854E+22
   0.94993E+04   0.34520E+04   0.45379E+01   0.64861E+22
   0.95008E+04   0.34526E+04   0.45384E+01   0.64868E+22
   0.95022E+04   0.34531E+04   0.45389E+01   0.64875E+22
   0.95036E+04   0.34536E+04   0.45394E+01   0.64882E+22
   0.95050E+04   0.34541E+04   0.45399E+01   0.64889E+22
   0.95065E+04   0.34546E+04   0.45404E+01   0.64896E+22
   0.95079E+04   0.34551E+04   0.45409E+01   0.64903E+22
   0.95093E+04   0.34557E+04   0.45414E+01   0.64910E+22
   0.95108E+04   0.34562E+04   0.45419E+01   0.64917E+22
   0.95122E+04   0.34567E+04   0.45424E+01   0.64924E+22
   0.95136E+04   0.34572E+04   0.45429E+01   0.64931E+22
   0.95150E+04   0.34577E+04   0.45434E+01   0.64938E+22
   0.95165E+04   0.34582E+04   0.45439E+01   0.64946E+22
   0.95179E+04   0.34588E+04   0.45444E+01   0.64953E+22
   0.95193E+04   0.34593E+04   0.45449E+01   0.64960E+22
   0.95208E+04   0.34598E+04   0.45454E+01   0.64967E+22
   0.95222E+04   0.34603E+04   0.45459E+01   0.64974E+22
   0.95236E+04   0.34608E+04   0.45464E+01   0.64981E+22
   0.95250E+04   0.34613E+04   0.45469E+01   0.64988E+22
   0.95265E+04   0.34619E+04   0.45474E+01   0.64995E+22
   0.95279E+04   0.34624E+04   0.45479E+01   0.65002E+22
   0.95293E+04   0.34629E+04   0.45484E+01   0.65009E+22
   0.95307E+04   0.34634E+04   0.45489E+01   0.65016E+22
   0.95322E+04   0.34639E+04   0.45494E+01   0.65023E+22
   0.95336E+04   0.34644E+04   0.45499E+01   0.65030E+22
   0.95350E+04   0.34650E+04   0.45504E+01   0.65037E+22
   0.95365E+04   0.34655E+04   0.45509E+01   0.65044E+22
   0.95379E+04   0.34660E+04   0.45514E+01   0.65051E+22
   0.95393E+04   0.34665E+04   0.45519E+01   0.65058E+22
   0.95407E+04   0.34670E+04   0.45524E+01   0.65065E+22
   0.95422E+04   0.34676E+04   0.45529E+01   0.65072E+22
   0.95436E+04   0.34681E+04   0.45534E+01   0.65079E+22
   0.95450E+04   0.34686E+04   0.45539E+01   0.65086E+22
   0.95465E+04   0.34691E+04   0.45544E+01   0.65093E+22
   0.95479E+04   0.34696E+04   0.45549E+01   0.65100E+22
   0.95493E+04   0.34701E+04   0.45554E+01   0.65107E+22
   0.95507E+04   0.34707E+04   0.45559E+01   0.65114E+22
   0.95522E+04   0.34712E+04   0.45564E+01   0.65121E+22
   0.95536E+04   0.34717E+04   0.45569E+01   0.65128E+22
   0.95550E+04   0.34722E+04   0.45574E+01   0.65135E+22
   0.95565E+04   0.34727E+04   0.45579E+01   0.65142E+22
   0.95579E+04   0.34732E+04   0.45584E+01   0.65149E+22
   0.95593E+04   0.34738E+04   0.45589E+01   0.65156E+22
   0.95608E+04   0.34743E+04   0.45594E+01   0.65163E+22
   0.95622E+04   0.34748E+04   0.45599E+01   0.65170E+22
   0.95636E+04   0.34753E+04   0.45604E+01   0.65177E+22
   0.95650E+04   0.34758E+04   0.45609E+01   0.65184E+22
   0.95665E+04   0.34763E+04   0.45614E+01   0.65192E+22
   0.95679E+04   0.34769E+04   0.45619E+01   0.65199E+22
   0.95693E+04   0.34774E+04   0.45624E+01   0.65206E+22
   0.95708E+04   0.34779E+04   0.45629E+01   0.65213E+22
   0.95722E+04   0.34784E+04   0.45634E+01   0.65220E+22
   0.95736E+04   0.34789E+04   0.45639E+01   0.65227E+22
   0.95751E+04   0.34794E+04   0.45644E+01   0.65234E+22
   0.95765E+04   0.34800E+04   0.45649E+01   0.65241E+22
   0.95779E+04   0.34805E+04   0.45654E+01   0.65248E+22
   0.95793E+04   0.34810E+04   0.45659E+01   0.65255E+22
   0.95808E+04   0.34815E+04   0.45664E+01   0.65262E+22
   0.95822E+04   0.34820E+04   0.45669E+01   0.65269E+22
   0.95836E+04   0.34826E+04   0.45674E+01   0.65276E+22
   0.95851E+04   0.34831E+04   0.45679E+01   0.65283E+22
   0.95865E+04   0.34836E+04   0.45684E+01   0.65290E+22
   0.95879E+04   0.34841E+04   0.45689E+01   0.65297E+22
   0.95894E+04   0.34846E+04   0.45694E+01   0.65304E+22
   0.95908E+04   0.34851E+04   0.45699E+01   0.65311E+22
   0.95922E+04   0.34857E+04   0.45704E+01   0.65318E+22
   0.95936E+04   0.34862E+04   0.45709E+01   0.65325E+22
   0.95951E+04   0.34867E+04   0.45714E+01   0.65332E+22
   0.95965E+04   0.34872E+04   0.45719E+01   0.65339E+22
   0.95979E+04   0.34877E+04   0.45724E+01   0.65346E+22
   0.95994E+04   0.34882E+04   0.45729E+01   0.65353E+22
   0.96008E+04   0.34888E+04   0.45734E+01   0.65360E+22
   0.96022E+04   0.34893E+04   0.45739E+01   0.65367E+22
   0.96037E+04   0.34898E+04   0.45744E+01   0.65374E+22
   0.96051E+04   0.34903E+04   0.45749E+01   0.65381E+22
   0.96065E+04   0.34908E+04   0.45754E+01   0.65388E+22
   0.96080E+04   0.34914E+04   0.45759E+01   0.65395E+22
   0.96094E+04   0.34919E+04   0.45764E+01   0.65402E+22
   0.96108E+04   0.34924E+04   0.45769E+01   0.65409E+22
   0.96123E+04   0.34929E+04   0.45774E+01   0.65416E+22
   0.96137E+04   0.34934E+04   0.45779E+01   0.65423E+22
   0.96151E+04   0.34939E+04   0.45784E+01   0.65431E+22
   0.96165E+04   0.34945E+04   0.45789E+01   0.65438E+22
   0.96180E+04   0.34950E+04   0.45794E+01   0.65445E+22
   0.96194E+04   0.34955E+04   0.45799E+01   0.65452E+22
   0.96208E+04   0.34960E+04   0.45804E+01   0.65459E+22
   0.96223E+04   0.34965E+04   0.45809E+01   0.65466E+22
   0.96237E+04   0.34971E+04   0.45814E+01   0.65473E+22
   0.96251E+04   0.34976E+04   0.45819E+01   0.65480E+22
   0.96266E+04   0.34981E+04   0.45824E+01   0.65487E+22
   0.96280E+04   0.34986E+04   0.45829E+01   0.65494E+22
   0.96294E+04   0.34991E+04   0.45834E+01   0.65501E+22
   0.96309E+04   0.34996E+04   0.45839E+01   0.65508E+22
   0.96323E+04   0.35002E+04   0.45844E+01   0.65515E+22
   0.96337E+04   0.35007E+04   0.45849E+01   0.65522E+22
   0.96352E+04   0.35012E+04   0.45854E+01   0.65529E+22
   0.96366E+04   0.35017E+04   0.45859E+01   0.65536E+22
   0.96380E+04   0.35022E+04   0.45864E+01   0.65543E+22
   0.96395E+04   0.35028E+04   0.45869E+01   0.65550E+22
   0.96409E+04   0.35033E+04   0.45874E+01   0.65557E+22
   0.96423E+04   0.35038E+04   0.45879E+01   0.65564E+22
   0.96438E+04   0.35043E+04   0.45884E+01   0.65571E+22
   0.96452E+04   0.35048E+04   0.45889E+01   0.65578E+22
   0.96466E+04   0.35053E+04   0.45894E+01   0.65585E+22
   0.96481E+04   0.35059E+04   0.45899E+01   0.65592E+22
   0.96495E+04   0.35064E+04   0.45904E+01   0.65599E+22
   0.96509E+04   0.35069E+04   0.45909E+01   0.65606E+22
   0.96524E+04   0.35074E+04   0.45914E+01   0.65613E+22
   0.96538E+04   0.35079E+04   0.45919E+01   0.65620E+22
   0.96552E+04   0.35085E+04   0.45924E+01   0.65627E+22
   0.96567E+04   0.35090E+04   0.45929E+01   0.65634E+22
   0.96581E+04   0.35095E+04   0.45934E+01   0.65641E+22
   0.96595E+04   0.35100E+04   0.45939E+01   0.65648E+22
   0.96610E+04   0.35105E+04   0.45944E+01   0.65655E+22
   0.96624E+04   0.35110E+04   0.45949E+01   0.65662E+22
   0.96638E+04   0.35116E+04   0.45954E+01   0.65670E+22
   0.96653E+04   0.35121E+04   0.45959E+01   0.65677E+22
   0.96667E+04   0.35126E+04   0.45964E+01   0.65684E+22
   0.96681E+04   0.35131E+04   0.45969E+01   0.65691E+22
   0.96696E+04   0.35136E+04   0.45974E+01   0.65698E+22
   0.96710E+04   0.35142E+04   0.45979E+01   0.65705E+22
   0.96724E+04   0.35147E+04   0.45984E+01   0.65712E+22
   0.96739E+04   0.35152E+04   0.45989E+01   0.65719E+22
   0.96753E+04   0.35157E+04   0.45994E+01   0.65726E+22
   0.96767E+04   0.35162E+04   0.45999E+01   0.65733E+22
   0.96782E+04   0.35168E+04   0.46004E+01   0.65740E+22
   0.96796E+04   0.35173E+04   0.46009E+01   0.65747E+22
   0.96810E+04   0.35178E+04   0.46014E+01   0.65754E+22
   0.96825E+04   0.35183E+04   0.46019E+01   0.65761E+22
   0.96839E+04   0.35188E+04   0.46024E+01   0.65768E+22
   0.96853E+04   0.35193E+04   0.46029E+01   0.65775E+22
   0.96868E+04   0.35199E+04   0.46034E+01   0.65782E+22
   0.96882E+04   0.35204E+04   0.46039E+01   0.65789E+22
   0.96896E+04   0.35209E+04   0.46044E+01   0.65796E+22
   0.96911E+04   0.35214E+04   0.46049E+01   0.65803E+22
   0.96925E+04   0.35219E+04   0.46054E+01   0.65810E+22
   0.96939E+04   0.35225E+04   0.46059E+01   0.65817E+22
   0.96954E+04   0.35230E+04   0.46064E+01   0.65824E+22
   0.96968E+04   0.35235E+04   0.46069E+01   0.65831E+22
   0.96982E+04   0.35240E+04   0.46074E+01   0.65838E+22
   0.96997E+04   0.35245E+04   0.46079E+01   0.65845E+22
   0.97011E+04   0.35251E+04   0.46084E+01   0.65852E+22
   0.97025E+04   0.35256E+04   0.46089E+01   0.65859E+22
   0.97040E+04   0.35261E+04   0.46094E+01   0.65866E+22
   0.97054E+04   0.35266E+04   0.46099E+01   0.65873E+22
   0.97069E+04   0.35271E+04   0.46104E+01   0.65880E+22
   0.97083E+04   0.35276E+04   0.46109E+01   0.65887E+22
   0.97097E+04   0.35282E+04   0.46114E+01   0.65894E+22
   0.97112E+04   0.35287E+04   0.46119E+01   0.65901E+22
   0.97126E+04   0.35292E+04   0.46124E+01   0.65909E+22
   0.97140E+04   0.35297E+04   0.46129E+01   0.65916E+22
   0.97155E+04   0.35302E+04   0.46134E+01   0.65923E+22
   0.97169E+04   0.35308E+04   0.46139E+01   0.65930E+22
   0.97183E+04   0.35313E+04   0.46144E+01   0.65937E+22
   0.97198E+04   0.35318E+04   0.46149E+01   0.65944E+22
   0.97212E+04   0.35323E+04   0.46154E+01   0.65951E+22
   0.97226E+04   0.35328E+04   0.46159E+01   0.65958E+22
   0.97241E+04   0.35334E+04   0.46164E+01   0.65965E+22
   0.97255E+04   0.35339E+04   0.46169E+01   0.65972E+22
   0.97270E+04   0.35344E+04   0.46174E+01   0.65979E+22
   0.97284E+04   0.35349E+04   0.46179E+01   0.65986E+22
   0.97298E+04   0.35354E+04   0.46184E+01   0.65993E+22
   0.97313E+04   0.35360E+04   0.46189E+01   0.66000E+22
   0.97327E+04   0.35365E+04   0.46194E+01   0.66007E+22
   0.97341E+04   0.35370E+04   0.46199E+01   0.66014E+22
   0.97356E+04   0.35375E+04   0.46204E+01   0.66021E+22
   0.97370E+04   0.35380E+04   0.46209E+01   0.66028E+22
   0.97384E+04   0.35386E+04   0.46214E+01   0.66035E+22
   0.97399E+04   0.35391E+04   0.46219E+01   0.66042E+22
   0.97413E+04   0.35396E+04   0.46224E+01   0.66049E+22
   0.97428E+04   0.35401E+04   0.46229E+01   0.66056E+22
   0.97442E+04   0.35406E+04   0.46234E+01   0.66063E+22
   0.97456E+04   0.35412E+04   0.46239E+01   0.66070E+22
   0.97471E+04   0.35417E+04   0.46244E+01   0.66077E+22
   0.97485E+04   0.35422E+04   0.46249E+01   0.66084E+22
   0.97499E+04   0.35427E+04   0.46254E+01   0.66091E+22
   0.97514E+04   0.35432E+04   0.46259E+01   0.66098E+22
   0.97528E+04   0.35438E+04   0.46264E+01   0.66105E+22
   0.97542E+04   0.35443E+04   0.46269E+01   0.66112E+22
   0.97557E+04   0.35448E+04   0.46274E+01   0.66119E+22
   0.97571E+04   0.35453E+04   0.46279E+01   0.66126E+22
   0.97586E+04   0.35458E+04   0.46284E+01   0.66133E+22
   0.97600E+04   0.35463E+04   0.46289E+01   0.66140E+22
   0.97614E+04   0.35469E+04   0.46294E+01   0.66148E+22
   0.97629E+04   0.35474E+04   0.46299E+01   0.66155E+22
   0.97643E+04   0.35479E+04   0.46304E+01   0.66162E+22
   0.97657E+04   0.35484E+04   0.46309E+01   0.66169E+22
   0.97672E+04   0.35489E+04   0.46314E+01   0.66176E+22
   0.97686E+04   0.35495E+04   0.46319E+01   0.66183E+22
   0.97701E+04   0.35500E+04   0.46324E+01   0.66190E+22
   0.97715E+04   0.35505E+04   0.46329E+01   0.66197E+22
   0.97729E+04   0.35510E+04   0.46334E+01   0.66204E+22
   0.97744E+04   0.35515E+04   0.46339E+01   0.66211E+22
   0.97758E+04   0.35521E+04   0.46344E+01   0.66218E+22
   0.97772E+04   0.35526E+04   0.46349E+01   0.66225E+22
   0.97787E+04   0.35531E+04   0.46354E+01   0.66232E+22
   0.97801E+04   0.35536E+04   0.46359E+01   0.66239E+22
   0.97816E+04   0.35541E+04   0.46364E+01   0.66246E+22
   0.97830E+04   0.35547E+04   0.46369E+01   0.66253E+22
   0.97844E+04   0.35552E+04   0.46374E+01   0.66260E+22
   0.97859E+04   0.35557E+04   0.46379E+01   0.66267E+22
   0.97873E+04   0.35562E+04   0.46384E+01   0.66274E+22
   0.97888E+04   0.35567E+04   0.46389E+01   0.66281E+22
   0.97902E+04   0.35573E+04   0.46394E+01   0.66288E+22
   0.97916E+04   0.35578E+04   0.46399E+01   0.66295E+22
   0.97931E+04   0.35583E+04   0.46404E+01   0.66302E+22
   0.97945E+04   0.35588E+04   0.46409E+01   0.66309E+22
   0.97959E+04   0.35593E+04   0.46414E+01   0.66316E+22
   0.97974E+04   0.35599E+04   0.46419E+01   0.66323E+22
   0.97988E+04   0.35604E+04   0.46424E+01   0.66330E+22
   0.98003E+04   0.35609E+04   0.46429E+01   0.66337E+22
   0.98017E+04   0.35614E+04   0.46434E+01   0.66344E+22
   0.98031E+04   0.35619E+04   0.46439E+01   0.66351E+22
   0.98046E+04   0.35625E+04   0.46444E+01   0.66358E+22
   0.98060E+04   0.35630E+04   0.46449E+01   0.66365E+22
   0.98075E+04   0.35635E+04   0.46454E+01   0.66372E+22
   0.98089E+04   0.35640E+04   0.46459E+01   0.66379E+22
   0.98103E+04   0.35646E+04   0.46464E+01   0.66387E+22
   0.98118E+04   0.35651E+04   0.46469E+01   0.66394E+22
   0.98132E+04   0.35656E+04   0.46474E+01   0.66401E+22
   0.98147E+04   0.35661E+04   0.46479E+01   0.66408E+22
   0.98161E+04   0.35666E+04   0.46484E+01   0.66415E+22
   0.98175E+04   0.35672E+04   0.46489E+01   0.66422E+22
   0.98190E+04   0.35677E+04   0.46494E+01   0.66429E+22
   0.98204E+04   0.35682E+04   0.46499E+01   0.66436E+22
   0.98219E+04   0.35687E+04   0.46504E+01   0.66443E+22
   0.98233E+04   0.35692E+04   0.46509E+01   0.66450E+22
   0.98247E+04   0.35698E+04   0.46514E+01   0.66457E+22
   0.98262E+04   0.35703E+04   0.46519E+01   0.66464E+22
   0.98276E+04   0.35708E+04   0.46524E+01   0.66471E+22
   0.98291E+04   0.35713E+04   0.46529E+01   0.66478E+22
   0.98305E+04   0.35718E+04   0.46534E+01   0.66485E+22
   0.98319E+04   0.35724E+04   0.46539E+01   0.66492E+22
   0.98334E+04   0.35729E+04   0.46544E+01   0.66499E+22
   0.98348E+04   0.35734E+04   0.46549E+01   0.66506E+22
   0.98363E+04   0.35739E+04   0.46554E+01   0.66513E+22
   0.98377E+04   0.35744E+04   0.46559E+01   0.66520E+22
   0.98391E+04   0.35750E+04   0.46564E+01   0.66527E+22
   0.98406E+04   0.35755E+04   0.46569E+01   0.66534E+22
   0.98420E+04   0.35760E+04   0.46574E+01   0.66541E+22
   0.98435E+04   0.35765E+04   0.46579E+01   0.66548E+22
   0.98449E+04   0.35770E+04   0.46584E+01   0.66555E+22
   0.98463E+04   0.35776E+04   0.46589E+01   0.66562E+22
   0.98478E+04   0.35781E+04   0.46594E+01   0.66569E+22
   0.98492E+04   0.35786E+04   0.46599E+01   0.66576E+22
   0.98507E+04   0.35791E+04   0.46604E+01   0.66583E+22
   0.98521E+04   0.35796E+04   0.46609E+01   0.66590E+22
   0.98535E+04   0.35802E+04   0.46614E+01   0.66597E+22
   0.98550E+04   0.35807E+04   0.46619E+01   0.66604E+22
   0.98564E+04   0.35812E+04   0.46624E+01   0.66611E+22
   0.98579E+04   0.35817E+04   0.46629E+01   0.66618E+22
   0.98593E+04   0.35823E+04   0.46634E+01   0.66626E+22
   0.98607E+04   0.35828E+04   0.46639E+01   0.66633E+22
   0.98622E+04   0.35833E+04   0.46644E+01   0.66640E+22
   0.98636E+04   0.35838E+04   0.46649E+01   0.66647E+22
   0.98651E+04   0.35843E+04   0.46654E+01   0.66654E+22
   0.98665E+04   0.35849E+04   0.46659E+01   0.66661E+22
   0.98680E+04   0.35854E+04   0.46664E+01   0.66668E+22
   0.98694E+04   0.35859E+04   0.46669E+01   0.66675E+22
   0.98708E+04   0.35864E+04   0.46674E+01   0.66682E+22
   0.98723E+04   0.35869E+04   0.46679E+01   0.66689E+22
   0.98737E+04   0.35875E+04   0.46684E+01   0.66696E+22
   0.98752E+04   0.35880E+04   0.46689E+01   0.66703E+22
   0.98766E+04   0.35885E+04   0.46694E+01   0.66710E+22
   0.98780E+04   0.35890E+04   0.46699E+01   0.66717E+22
   0.98795E+04   0.35895E+04   0.46704E+01   0.66724E+22
   0.98809E+04   0.35901E+04   0.46709E+01   0.66731E+22
   0.98824E+04   0.35906E+04   0.46714E+01   0.66738E+22
   0.98838E+04   0.35911E+04   0.46719E+01   0.66745E+22
   0.98853E+04   0.35916E+04   0.46724E+01   0.66752E+22
   0.98867E+04   0.35922E+04   0.46729E+01   0.66759E+22
   0.98881E+04   0.35927E+04   0.46734E+01   0.66766E+22
   0.98896E+04   0.35932E+04   0.46739E+01   0.66773E+22
   0.98910E+04   0.35937E+04   0.46744E+01   0.66780E+22
   0.98925E+04   0.35942E+04   0.46749E+01   0.66787E+22
   0.98939E+04   0.35948E+04   0.46754E+01   0.66794E+22
   0.98953E+04   0.35953E+04   0.46759E+01   0.66801E+22
   0.98968E+04   0.35958E+04   0.46764E+01   0.66808E+22
   0.98982E+04   0.35963E+04   0.46769E+01   0.66815E+22
   0.98997E+04   0.35968E+04   0.46774E+01   0.66822E+22
   0.99011E+04   0.35974E+04   0.46779E+01   0.66829E+22
   0.99026E+04   0.35979E+04   0.46784E+01   0.66836E+22
   0.99040E+04   0.35984E+04   0.46789E+01   0.66843E+22
   0.99054E+04   0.35989E+04   0.46794E+01   0.66850E+22
   0.99069E+04   0.35995E+04   0.46799E+01   0.66858E+22
   0.99083E+04   0.36000E+04   0.46804E+01   0.66865E+22
   0.99098E+04   0.36005E+04   0.46809E+01   0.66872E+22
   0.99112E+04   0.36010E+04   0.46814E+01   0.66879E+22
   0.99127E+04   0.36015E+04   0.46819E+01   0.66886E+22
   0.99141E+04   0.36021E+04   0.46824E+01   0.66893E+22
   0.99156E+04   0.36026E+04   0.46829E+01   0.66900E+22
   0.99170E+04   0.36031E+04   0.46834E+01   0.66907E+22
   0.99184E+04   0.36036E+04   0.46839E+01   0.66914E+22
   0.99199E+04   0.36041E+04   0.46844E+01   0.66921E+22
   0.99213E+04   0.36047E+04   0.46849E+01   0.66928E+22
   0.99228E+04   0.36052E+04   0.46854E+01   0.66935E+22
   0.99242E+04   0.36057E+04   0.46859E+01   0.66942E+22
   0.99257E+04   0.36062E+04   0.46864E+01   0.66949E+22
   0.99271E+04   0.36068E+04   0.46869E+01   0.66956E+22
   0.99285E+04   0.36073E+04   0.46874E+01   0.66963E+22
   0.99300E+04   0.36078E+04   0.46879E+01   0.66970E+22
   0.99314E+04   0.36083E+04   0.46884E+01   0.66977E+22
   0.99329E+04   0.36088E+04   0.46889E+01   0.66984E+22
   0.99343E+04   0.36094E+04   0.46894E+01   0.66991E+22
   0.99358E+04   0.36099E+04   0.46899E+01   0.66998E+22
   0.99372E+04   0.36104E+04   0.46904E+01   0.67005E+22
   0.99387E+04   0.36109E+04   0.46909E+01   0.67012E+22
   0.99401E+04   0.36115E+04   0.46914E+01   0.67019E+22
   0.99415E+04   0.36120E+04   0.46919E+01   0.67026E+22
   0.99430E+04   0.36125E+04   0.46924E+01   0.67033E+22
   0.99444E+04   0.36130E+04   0.46929E+01   0.67040E+22
   0.99459E+04   0.36135E+04   0.46934E+01   0.67047E+22
   0.99473E+04   0.36141E+04   0.46939E+01   0.67054E+22
   0.99488E+04   0.36146E+04   0.46944E+01   0.67061E+22
   0.99502E+04   0.36151E+04   0.46949E+01   0.67068E+22
   0.99517E+04   0.36156E+04   0.46954E+01   0.67075E+22
   0.99531E+04   0.36162E+04   0.46959E+01   0.67082E+22
   0.99545E+04   0.36167E+04   0.46964E+01   0.67090E+22
   0.99560E+04   0.36172E+04   0.46969E+01   0.67097E+22
   0.99574E+04   0.36177E+04   0.46974E+01   0.67104E+22
   0.99589E+04   0.36182E+04   0.46979E+01   0.67111E+22
   0.99603E+04   0.36188E+04   0.46984E+01   0.67118E+22
   0.99618E+04   0.36193E+04   0.46989E+01   0.67125E+22
   0.99632E+04   0.36198E+04   0.46994E+01   0.67132E+22
   0.99647E+04   0.36203E+04   0.46999E+01   0.67139E+22
   0.99661E+04   0.36209E+04   0.47004E+01   0.67146E+22
   0.99675E+04   0.36214E+04   0.47009E+01   0.67153E+22
   0.99690E+04   0.36219E+04   0.47014E+01   0.67160E+22
   0.99704E+04   0.36224E+04   0.47019E+01   0.67167E+22
   0.99719E+04   0.36229E+04   0.47024E+01   0.67174E+22
   0.99733E+04   0.36235E+04   0.47029E+01   0.67181E+22
   0.99748E+04   0.36240E+04   0.47034E+01   0.67188E+22
   0.99762E+04   0.36245E+04   0.47039E+01   0.67195E+22
   0.99777E+04   0.36250E+04   0.47044E+01   0.67202E+22
   0.99791E+04   0.36256E+04   0.47049E+01   0.67209E+22
   0.99806E+04   0.36261E+04   0.47054E+01   0.67216E+22
   0.99820E+04   0.36266E+04   0.47059E+01   0.67223E+22
   0.99834E+04   0.36271E+04   0.47064E+01   0.67230E+22
   0.99849E+04   0.36276E+04   0.47069E+01   0.67237E+22
   0.99863E+04   0.36282E+04   0.47074E+01   0.67244E+22
   0.99878E+04   0.36287E+04   0.47079E+01   0.67251E+22
   0.99892E+04   0.36292E+04   0.47084E+01   0.67258E+22
   0.99907E+04   0.36297E+04   0.47089E+01   0.67265E+22
   0.99921E+04   0.36303E+04   0.47094E+01   0.67272E+22
   0.99936E+04   0.36308E+04   0.47099E+01   0.67279E+22
   0.99950E+04   0.36313E+04   0.47104E+01   0.67286E+22
   0.99965E+04   0.36318E+04   0.47109E+01   0.67293E+22
   0.99979E+04   0.36323E+04   0.47114E+01   0.67300E+22
   0.99994E+04   0.36329E+04   0.47119E+01   0.67307E+22
   0.10001E+05   0.36334E+04   0.47124E+01   0.67314E+22
   0.10002E+05   0.36339E+04   0.47129E+01   0.67322E+22
   0.10004E+05   0.36344E+04   0.47134E+01   0.67329E+22
   0.10005E+05   0.36350E+04   0.47139E+01   0.67336E+22
   0.10007E+05   0.36355E+04   0.47144E+01   0.67343E+22
   0.10008E+05   0.36360E+04   0.47149E+01   0.67350E+22
   0.10009E+05   0.36365E+04   0.47154E+01   0.67357E+22
   0.10011E+05   0.36370E+04   0.47159E+01   0.67364E+22
   0.10012E+05   0.36376E+04   0.47164E+01   0.67371E+22
   0.10014E+05   0.36381E+04   0.47169E+01   0.67378E+22
   0.10015E+05   0.36386E+04   0.47174E+01   0.67385E+22
   0.10017E+05   0.36391E+04   0.47179E+01   0.67392E+22
   0.10018E+05   0.36397E+04   0.47184E+01   0.67399E+22
   0.10020E+05   0.36402E+04   0.47189E+01   0.67406E+22
   0.10021E+05   0.36407E+04   0.47194E+01   0.67413E+22
   0.10023E+05   0.36412E+04   0.47199E+01   0.67420E+22
   0.10024E+05   0.36418E+04   0.47204E+01   0.67427E+22
   0.10025E+05   0.36423E+04   0.47209E+01   0.67434E+22
   0.10027E+05   0.36428E+04   0.47214E+01   0.67441E+22
   0.10028E+05   0.36433E+04   0.47219E+01   0.67448E+22
   0.10030E+05   0.36438E+04   0.47224E+01   0.67455E+22
   0.10031E+05   0.36444E+04   0.47229E+01   0.67462E+22
   0.10033E+05   0.36449E+04   0.47234E+01   0.67469E+22
   0.10034E+05   0.36454E+04   0.47239E+01   0.67476E+22
   0.10036E+05   0.36459E+04   0.47244E+01   0.67483E+22
   0.10037E+05   0.36465E+04   0.47249E+01   0.67490E+22
   0.10038E+05   0.36470E+04   0.47254E+01   0.67497E+22
   0.10040E+05   0.36475E+04   0.47259E+01   0.67504E+22
   0.10041E+05   0.36480E+04   0.47264E+01   0.67511E+22
   0.10043E+05   0.36486E+04   0.47269E+01   0.67518E+22
   0.10044E+05   0.36491E+04   0.47274E+01   0.67525E+22
   0.10046E+05   0.36496E+04   0.47279E+01   0.67532E+22
   0.10047E+05   0.36501E+04   0.47284E+01   0.67539E+22
   0.10049E+05   0.36506E+04   0.47289E+01   0.67546E+22
   0.10050E+05   0.36512E+04   0.47294E+01   0.67554E+22
   0.10051E+05   0.36517E+04   0.47299E+01   0.67561E+22
   0.10053E+05   0.36522E+04   0.47304E+01   0.67568E+22
   0.10054E+05   0.36527E+04   0.47309E+01   0.67575E+22
   0.10056E+05   0.36533E+04   0.47314E+01   0.67582E+22
   0.10057E+05   0.36538E+04   0.47319E+01   0.67589E+22
   0.10059E+05   0.36543E+04   0.47324E+01   0.67596E+22
   0.10060E+05   0.36548E+04   0.47329E+01   0.67603E+22
   0.10062E+05   0.36554E+04   0.47334E+01   0.67610E+22
   0.10063E+05   0.36559E+04   0.47339E+01   0.67617E+22
   0.10065E+05   0.36564E+04   0.47344E+01   0.67624E+22
   0.10066E+05   0.36569E+04   0.47349E+01   0.67631E+22
   0.10067E+05   0.36574E+04   0.47354E+01   0.67638E+22
   0.10069E+05   0.36580E+04   0.47359E+01   0.67645E+22
   0.10070E+05   0.36585E+04   0.47364E+01   0.67652E+22
   0.10072E+05   0.36590E+04   0.47369E+01   0.67659E+22
   0.10073E+05   0.36595E+04   0.47374E+01   0.67666E+22
   0.10075E+05   0.36601E+04   0.47379E+01   0.67673E+22
   0.10076E+05   0.36606E+04   0.47384E+01   0.67680E+22
   0.10078E+05   0.36611E+04   0.47389E+01   0.67687E+22
   0.10079E+05   0.36616E+04   0.47394E+01   0.67694E+22
   0.10080E+05   0.36622E+04   0.47399E+01   0.67701E+22
   0.10082E+05   0.36627E+04   0.47404E+01   0.67708E+22
   0.10083E+05   0.36632E+04   0.47409E+01   0.67715E+22
   0.10085E+05   0.36637E+04   0.47414E+01   0.67722E+22
   0.10086E+05   0.36643E+04   0.47419E+01   0.67729E+22
   0.10088E+05   0.36648E+04   0.47424E+01   0.67736E+22
   0.10089E+05   0.36653E+04   0.47429E+01   0.67743E+22
   0.10091E+05   0.36658E+04   0.47434E+01   0.67750E+22
   0.10092E+05   0.36663E+04   0.47439E+01   0.67757E+22
   0.10094E+05   0.36669E+04   0.47444E+01   0.67764E+22
   0.10095E+05   0.36674E+04   0.47449E+01   0.67771E+22
   0.10096E+05   0.36679E+04   0.47454E+01   0.67778E+22
   0.10098E+05   0.36684E+04   0.47459E+01   0.67786E+22
   0.10099E+05   0.36690E+04   0.47464E+01   0.67793E+22
   0.10101E+05   0.36695E+04   0.47469E+01   0.67800E+22
   0.10102E+05   0.36700E+04   0.47474E+01   0.67807E+22
   0.10104E+05   0.36705E+04   0.47479E+01   0.67814E+22
   0.10105E+05   0.36711E+04   0.47484E+01   0.67821E+22
   0.10107E+05   0.36716E+04   0.47489E+01   0.67828E+22
   0.10108E+05   0.36721E+04   0.47494E+01   0.67835E+22
   0.10109E+05   0.36726E+04   0.47499E+01   0.67842E+22
   0.10111E+05   0.36732E+04   0.47504E+01   0.67849E+22
   0.10112E+05   0.36737E+04   0.47509E+01   0.67856E+22
   0.10114E+05   0.36742E+04   0.47514E+01   0.67863E+22
   0.10115E+05   0.36747E+04   0.47519E+01   0.67870E+22
   0.10117E+05   0.36753E+04   0.47524E+01   0.67877E+22
   0.10118E+05   0.36758E+04   0.47529E+01   0.67884E+22
   0.10120E+05   0.36763E+04   0.47534E+01   0.67891E+22
   0.10121E+05   0.36768E+04   0.47539E+01   0.67898E+22
   0.10123E+05   0.36774E+04   0.47544E+01   0.67905E+22
   0.10124E+05   0.36779E+04   0.47549E+01   0.67912E+22
   0.10125E+05   0.36784E+04   0.47554E+01   0.67919E+22
   0.10127E+05   0.36789E+04   0.47559E+01   0.67926E+22
   0.10128E+05   0.36794E+04   0.47564E+01   0.67933E+22
   0.10130E+05   0.36800E+04   0.47569E+01   0.67940E+22
   0.10131E+05   0.36805E+04   0.47574E+01   0.67947E+22
   0.10133E+05   0.36810E+04   0.47579E+01   0.67954E+22
   0.10134E+05   0.36815E+04   0.47584E+01   0.67961E+22
   0.10136E+05   0.36821E+04   0.47589E+01   0.67968E+22
   0.10137E+05   0.36826E+04   0.47594E+01   0.67975E+22
   0.10138E+05   0.36831E+04   0.47599E+01   0.67982E+22
   0.10140E+05   0.36836E+04   0.47604E+01   0.67989E+22
   0.10141E+05   0.36842E+04   0.47609E+01   0.67996E+22
   0.10143E+05   0.36847E+04   0.47614E+01   0.68003E+22
   0.10144E+05   0.36852E+04   0.47619E+01   0.68010E+22
   0.10146E+05   0.36857E+04   0.47624E+01   0.68018E+22
   0.10147E+05   0.36863E+04   0.47629E+01   0.68025E+22
   0.10149E+05   0.36868E+04   0.47634E+01   0.68032E+22
   0.10150E+05   0.36873E+04   0.47639E+01   0.68039E+22
   0.10152E+05   0.36878E+04   0.47644E+01   0.68046E+22
   0.10153E+05   0.36884E+04   0.47649E+01   0.68053E+22
   0.10154E+05   0.36889E+04   0.47654E+01   0.68060E+22
   0.10156E+05   0.36894E+04   0.47659E+01   0.68067E+22
   0.10157E+05   0.36899E+04   0.47664E+01   0.68074E+22
   0.10159E+05   0.36905E+04   0.47669E+01   0.68081E+22
   0.10160E+05   0.36910E+04   0.47674E+01   0.68088E+22
   0.10162E+05   0.36915E+04   0.47679E+01   0.68095E+22
   0.10163E+05   0.36920E+04   0.47684E+01   0.68102E+22
   0.10165E+05   0.36926E+04   0.47689E+01   0.68109E+22
   0.10166E+05   0.36931E+04   0.47694E+01   0.68116E+22
   0.10168E+05   0.36936E+04   0.47699E+01   0.68123E+22
   0.10169E+05   0.36941E+04   0.47704E+01   0.68130E+22
   0.10170E+05   0.36947E+04   0.47709E+01   0.68137E+22
   0.10172E+05   0.36952E+04   0.47714E+01   0.68144E+22
   0.10173E+05   0.36957E+04   0.47719E+01   0.68151E+22
   0.10175E+05   0.36962E+04   0.47724E+01   0.68158E+22
   0.10176E+05   0.36968E+04   0.47729E+01   0.68165E+22
   0.10178E+05   0.36973E+04   0.47734E+01   0.68172E+22
   0.10179E+05   0.36978E+04   0.47739E+01   0.68179E+22
   0.10181E+05   0.36983E+04   0.47744E+01   0.68186E+22
   0.10182E+05   0.36989E+04   0.47749E+01   0.68193E+22
   0.10184E+05   0.36994E+04   0.47754E+01   0.68200E+22
   0.10185E+05   0.36999E+04   0.47759E+01   0.68207E+22
   0.10186E+05   0.37004E+04   0.47764E+01   0.68214E+22
   0.10188E+05   0.37010E+04   0.47769E+01   0.68221E+22
   0.10189E+05   0.37015E+04   0.47774E+01   0.68228E+22
   0.10191E+05   0.37020E+04   0.47779E+01   0.68235E+22
   0.10192E+05   0.37025E+04   0.47784E+01   0.68243E+22
   0.10194E+05   0.37031E+04   0.47789E+01   0.68250E+22
   0.10195E+05   0.37036E+04   0.47794E+01   0.68257E+22
   0.10197E+05   0.37041E+04   0.47799E+01   0.68264E+22
   0.10198E+05   0.37046E+04   0.47804E+01   0.68271E+22
   0.10200E+05   0.37052E+04   0.47809E+01   0.68278E+22
   0.10201E+05   0.37057E+04   0.47814E+01   0.68285E+22
   0.10202E+05   0.37062E+04   0.47819E+01   0.68292E+22
   0.10204E+05   0.37067E+04   0.47824E+01   0.68299E+22
   0.10205E+05   0.37073E+04   0.47829E+01   0.68306E+22
   0.10207E+05   0.37078E+04   0.47834E+01   0.68313E+22
   0.10208E+05   0.37083E+04   0.47839E+01   0.68320E+22
   0.10210E+05   0.37088E+04   0.47844E+01   0.68327E+22
   0.10211E+05   0.37094E+04   0.47849E+01   0.68334E+22
   0.10213E+05   0.37099E+04   0.47854E+01   0.68341E+22
   0.10214E+05   0.37104E+04   0.47859E+01   0.68348E+22
   0.10216E+05   0.37109E+04   0.47864E+01   0.68355E+22
   0.10217E+05   0.37115E+04   0.47869E+01   0.68362E+22
   0.10218E+05   0.37120E+04   0.47874E+01   0.68369E+22
   0.10220E+05   0.37125E+04   0.47879E+01   0.68376E+22
   0.10221E+05   0.37130E+04   0.47884E+01   0.68383E+22
   0.10223E+05   0.37136E+04   0.47889E+01   0.68390E+22
   0.10224E+05   0.37141E+04   0.47894E+01   0.68397E+22
   0.10226E+05   0.37146E+04   0.47899E+01   0.68404E+22
   0.10227E+05   0.37151E+04   0.47904E+01   0.68411E+22
   0.10229E+05   0.37157E+04   0.47909E+01   0.68418E+22
   0.10230E+05   0.37162E+04   0.47914E+01   0.68425E+22
   0.10232E+05   0.37167E+04   0.47919E+01   0.68432E+22
   0.10233E+05   0.37172E+04   0.47924E+01   0.68439E+22
   0.10234E+05   0.37178E+04   0.47929E+01   0.68446E+22
   0.10236E+05   0.37183E+04   0.47934E+01   0.68453E+22
   0.10237E+05   0.37188E+04   0.47939E+01   0.68460E+22
   0.10239E+05   0.37193E+04   0.47944E+01   0.68467E+22
   0.10240E+05   0.37199E+04   0.47949E+01   0.68475E+22
   0.10242E+05   0.37204E+04   0.47954E+01   0.68482E+22
   0.10243E+05   0.37209E+04   0.47959E+01   0.68489E+22
   0.10245E+05   0.37214E+04   0.47964E+01   0.68496E+22
   0.10246E+05   0.37220E+04   0.47969E+01   0.68503E+22
   0.10248E+05   0.37225E+04   0.47974E+01   0.68510E+22
   0.10249E+05   0.37230E+04   0.47979E+01   0.68517E+22
   0.10250E+05   0.37235E+04   0.47984E+01   0.68524E+22
   0.10252E+05   0.37241E+04   0.47989E+01   0.68531E+22
   0.10253E+05   0.37246E+04   0.47994E+01   0.68538E+22
   0.10255E+05   0.37251E+04   0.47999E+01   0.68545E+22
   0.10256E+05   0.37256E+04   0.48004E+01   0.68552E+22
   0.10258E+05   0.37262E+04   0.48009E+01   0.68559E+22
   0.10259E+05   0.37267E+04   0.48014E+01   0.68566E+22
   0.10261E+05   0.37272E+04   0.48019E+01   0.68573E+22
   0.10262E+05   0.37277E+04   0.48024E+01   0.68580E+22
   0.10264E+05   0.37283E+04   0.48029E+01   0.68587E+22
   0.10265E+05   0.37288E+04   0.48034E+01   0.68594E+22
   0.10266E+05   0.37293E+04   0.48039E+01   0.68601E+22
   0.10268E+05   0.37298E+04   0.48044E+01   0.68608E+22
   0.10269E+05   0.37304E+04   0.48049E+01   0.68615E+22
   0.10271E+05   0.37309E+04   0.48054E+01   0.68622E+22
   0.10272E+05   0.37314E+04   0.48059E+01   0.68629E+22
   0.10274E+05   0.37319E+04   0.48064E+01   0.68636E+22
   0.10275E+05   0.37325E+04   0.48069E+01   0.68643E+22
   0.10277E+05   0.37330E+04   0.48074E+01   0.68650E+22
   0.10278E+05   0.37335E+04   0.48079E+01   0.68657E+22
   0.10280E+05   0.37341E+04   0.48084E+01   0.68664E+22
   0.10281E+05   0.37346E+04   0.48089E+01   0.68671E+22
   0.10282E+05   0.37351E+04   0.48094E+01   0.68678E+22
   0.10284E+05   0.37356E+04   0.48099E+01   0.68685E+22
   0.10285E+05   0.37362E+04   0.48104E+01   0.68692E+22
   0.10287E+05   0.37367E+04   0.48109E+01   0.68700E+22
   0.10288E+05   0.37372E+04   0.48114E+01   0.68707E+22
   0.10290E+05   0.37377E+04   0.48119E+01   0.68714E+22
   0.10291E+05   0.37383E+04   0.48124E+01   0.68721E+22
   0.10293E+05   0.37388E+04   0.48129E+01   0.68728E+22
   0.10294E+05   0.37393E+04   0.48134E+01   0.68735E+22
   0.10296E+05   0.37398E+04   0.48139E+01   0.68742E+22
   0.10297E+05   0.37404E+04   0.48144E+01   0.68749E+22
   0.10299E+05   0.37409E+04   0.48149E+01   0.68756E+22
   0.10300E+05   0.37414E+04   0.48154E+01   0.68763E+22
   0.10301E+05   0.37419E+04   0.48159E+01   0.68770E+22
   0.10303E+05   0.37425E+04   0.48164E+01   0.68777E+22
   0.10304E+05   0.37430E+04   0.48169E+01   0.68784E+22
   0.10306E+05   0.37435E+04   0.48174E+01   0.68791E+22
   0.10307E+05   0.37440E+04   0.48179E+01   0.68798E+22
   0.10309E+05   0.37446E+04   0.48184E+01   0.68805E+22
   0.10310E+05   0.37451E+04   0.48189E+01   0.68812E+22
   0.10312E+05   0.37456E+04   0.48194E+01   0.68819E+22
   0.10313E+05   0.37462E+04   0.48199E+01   0.68826E+22
   0.10315E+05   0.37467E+04   0.48204E+01   0.68833E+22
   0.10316E+05   0.37472E+04   0.48209E+01   0.68840E+22
   0.10317E+05   0.37477E+04   0.48214E+01   0.68847E+22
   0.10319E+05   0.37483E+04   0.48219E+01   0.68854E+22
   0.10320E+05   0.37488E+04   0.48224E+01   0.68861E+22
   0.10322E+05   0.37493E+04   0.48229E+01   0.68868E+22
   0.10323E+05   0.37498E+04   0.48234E+01   0.68875E+22
   0.10325E+05   0.37504E+04   0.48239E+01   0.68882E+22
   0.10326E+05   0.37509E+04   0.48244E+01   0.68889E+22
   0.10328E+05   0.37514E+04   0.48249E+01   0.68896E+22
   0.10329E+05   0.37519E+04   0.48254E+01   0.68903E+22
   0.10331E+05   0.37525E+04   0.48259E+01   0.68910E+22
   0.10332E+05   0.37530E+04   0.48264E+01   0.68917E+22
   0.10334E+05   0.37535E+04   0.48269E+01   0.68925E+22
   0.10335E+05   0.37541E+04   0.48274E+01   0.68932E+22
   0.10336E+05   0.37546E+04   0.48279E+01   0.68939E+22
   0.10338E+05   0.37551E+04   0.48284E+01   0.68946E+22
   0.10339E+05   0.37556E+04   0.48289E+01   0.68953E+22
   0.10341E+05   0.37562E+04   0.48294E+01   0.68960E+22
   0.10342E+05   0.37567E+04   0.48299E+01   0.68967E+22
   0.10344E+05   0.37572E+04   0.48304E+01   0.68974E+22
   0.10345E+05   0.37577E+04   0.48309E+01   0.68981E+22
   0.10347E+05   0.37583E+04   0.48314E+01   0.68988E+22
   0.10348E+05   0.37588E+04   0.48319E+01   0.68995E+22
   0.10350E+05   0.37593E+04   0.48324E+01   0.69002E+22
   0.10351E+05   0.37598E+04   0.48329E+01   0.69009E+22
   0.10353E+05   0.37604E+04   0.48334E+01   0.69016E+22
   0.10354E+05   0.37609E+04   0.48339E+01   0.69023E+22
   0.10355E+05   0.37614E+04   0.48344E+01   0.69030E+22
   0.10357E+05   0.37620E+04   0.48349E+01   0.69037E+22
   0.10358E+05   0.37625E+04   0.48354E+01   0.69044E+22
   0.10360E+05   0.37630E+04   0.48359E+01   0.69051E+22
   0.10361E+05   0.37635E+04   0.48364E+01   0.69058E+22
   0.10363E+05   0.37641E+04   0.48369E+01   0.69065E+22
   0.10364E+05   0.37646E+04   0.48374E+01   0.69072E+22
   0.10366E+05   0.37651E+04   0.48379E+01   0.69079E+22
   0.10367E+05   0.37656E+04   0.48384E+01   0.69086E+22
   0.10369E+05   0.37662E+04   0.48389E+01   0.69093E+22
   0.10370E+05   0.37667E+04   0.48394E+01   0.69100E+22
   0.10371E+05   0.37672E+04   0.48399E+01   0.69107E+22
   0.10373E+05   0.37677E+04   0.48404E+01   0.69114E+22
   0.10374E+05   0.37683E+04   0.48409E+01   0.69121E+22
   0.10376E+05   0.37688E+04   0.48414E+01   0.69128E+22
   0.10377E+05   0.37693E+04   0.48419E+01   0.69135E+22
   0.10379E+05   0.37699E+04   0.48424E+01   0.69142E+22
   0.10380E+05   0.37704E+04   0.48429E+01   0.69150E+22
   0.10382E+05   0.37709E+04   0.48434E+01   0.69157E+22
   0.10383E+05   0.37714E+04   0.48439E+01   0.69164E+22
   0.10385E+05   0.37720E+04   0.48444E+01   0.69171E+22
   0.10386E+05   0.37725E+04   0.48449E+01   0.69178E+22
   0.10388E+05   0.37730E+04   0.48454E+01   0.69185E+22
   0.10389E+05   0.37735E+04   0.48459E+01   0.69192E+22
   0.10390E+05   0.37741E+04   0.48464E+01   0.69199E+22
   0.10392E+05   0.37746E+04   0.48469E+01   0.69206E+22
   0.10393E+05   0.37751E+04   0.48474E+01   0.69213E+22
   0.10395E+05   0.37757E+04   0.48479E+01   0.69220E+22
   0.10396E+05   0.37762E+04   0.48484E+01   0.69227E+22
   0.10398E+05   0.37767E+04   0.48489E+01   0.69234E+22
   0.10399E+05   0.37772E+04   0.48494E+01   0.69241E+22
   0.10401E+05   0.37778E+04   0.48499E+01   0.69248E+22
   0.10402E+05   0.37783E+04   0.48504E+01   0.69255E+22
   0.10404E+05   0.37788E+04   0.48509E+01   0.69262E+22
   0.10405E+05   0.37793E+04   0.48514E+01   0.69269E+22
   0.10407E+05   0.37799E+04   0.48519E+01   0.69276E+22
   0.10408E+05   0.37804E+04   0.48524E+01   0.69283E+22
   0.10409E+05   0.37809E+04   0.48529E+01   0.69290E+22
   0.10411E+05   0.37815E+04   0.48534E+01   0.69297E+22
   0.10412E+05   0.37820E+04   0.48539E+01   0.69304E+22
   0.10414E+05   0.37825E+04   0.48544E+01   0.69311E+22
   0.10415E+05   0.37830E+04   0.48549E+01   0.69318E+22
   0.10417E+05   0.37836E+04   0.48554E+01   0.69325E+22
   0.10418E+05   0.37841E+04   0.48559E+01   0.69332E+22
   0.10420E+05   0.37846E+04   0.48564E+01   0.69339E+22
   0.10421E+05   0.37851E+04   0.48569E+01   0.69346E+22
   0.10423E+05   0.37857E+04   0.48574E+01   0.69353E+22
   0.10424E+05   0.37862E+04   0.48579E+01   0.69360E+22
   0.10426E+05   0.37867E+04   0.48584E+01   0.69367E+22
   0.10427E+05   0.37873E+04   0.48589E+01   0.69375E+22
   0.10428E+05   0.37878E+04   0.48594E+01   0.69382E+22
   0.10430E+05   0.37883E+04   0.48599E+01   0.69389E+22
   0.10431E+05   0.37888E+04   0.48604E+01   0.69396E+22
   0.10433E+05   0.37894E+04   0.48609E+01   0.69403E+22
   0.10434E+05   0.37899E+04   0.48614E+01   0.69410E+22
   0.10436E+05   0.37904E+04   0.48619E+01   0.69417E+22
   0.10437E+05   0.37910E+04   0.48624E+01   0.69424E+22
   0.10439E+05   0.37915E+04   0.48629E+01   0.69431E+22
   0.10440E+05   0.37920E+04   0.48634E+01   0.69438E+22
   0.10442E+05   0.37925E+04   0.48639E+01   0.69445E+22
   0.10443E+05   0.37931E+04   0.48644E+01   0.69452E+22
   0.10445E+05   0.37936E+04   0.48649E+01   0.69459E+22
   0.10446E+05   0.37941E+04   0.48654E+01   0.69466E+22
   0.10448E+05   0.37946E+04   0.48659E+01   0.69473E+22
   0.10449E+05   0.37952E+04   0.48664E+01   0.69480E+22
   0.10450E+05   0.37957E+04   0.48669E+01   0.69487E+22
   0.10452E+05   0.37962E+04   0.48674E+01   0.69494E+22
   0.10453E+05   0.37968E+04   0.48679E+01   0.69501E+22
   0.10455E+05   0.37973E+04   0.48684E+01   0.69508E+22
   0.10456E+05   0.37978E+04   0.48689E+01   0.69515E+22
   0.10458E+05   0.37983E+04   0.48694E+01   0.69522E+22
   0.10459E+05   0.37989E+04   0.48699E+01   0.69529E+22
   0.10461E+05   0.37994E+04   0.48704E+01   0.69536E+22
   0.10462E+05   0.37999E+04   0.48709E+01   0.69543E+22
   0.10464E+05   0.38005E+04   0.48714E+01   0.69550E+22
   0.10465E+05   0.38010E+04   0.48719E+01   0.69557E+22
   0.10467E+05   0.38015E+04   0.48724E+01   0.69564E+22
   0.10468E+05   0.38020E+04   0.48729E+01   0.69571E+22
   0.10469E+05   0.38026E+04   0.48734E+01   0.69578E+22
   0.10471E+05   0.38031E+04   0.48739E+01   0.69585E+22
   0.10472E+05   0.38036E+04   0.48744E+01   0.69592E+22
   0.10474E+05   0.38042E+04   0.48749E+01   0.69600E+22
   0.10475E+05   0.38047E+04   0.48754E+01   0.69607E+22
   0.10477E+05   0.38052E+04   0.48759E+01   0.69614E+22
   0.10478E+05   0.38057E+04   0.48764E+01   0.69621E+22
   0.10480E+05   0.38063E+04   0.48769E+01   0.69628E+22
   0.10481E+05   0.38068E+04   0.48774E+01   0.69635E+22
   0.10483E+05   0.38073E+04   0.48779E+01   0.69642E+22
   0.10484E+05   0.38079E+04   0.48784E+01   0.69649E+22
   0.10486E+05   0.38084E+04   0.48789E+01   0.69656E+22
   0.10487E+05   0.38089E+04   0.48794E+01   0.69663E+22
   0.10489E+05   0.38094E+04   0.48799E+01   0.69670E+22
   0.10490E+05   0.38100E+04   0.48804E+01   0.69677E+22
   0.10491E+05   0.38105E+04   0.48809E+01   0.69684E+22
   0.10493E+05   0.38110E+04   0.48814E+01   0.69691E+22
   0.10494E+05   0.38115E+04   0.48819E+01   0.69698E+22
   0.10496E+05   0.38121E+04   0.48824E+01   0.69705E+22
   0.10497E+05   0.38126E+04   0.48829E+01   0.69712E+22
   0.10499E+05   0.38131E+04   0.48834E+01   0.69719E+22
   0.10500E+05   0.38137E+04   0.48839E+01   0.69726E+22
   0.10502E+05   0.38142E+04   0.48844E+01   0.69733E+22
   0.10503E+05   0.38147E+04   0.48849E+01   0.69740E+22
   0.10505E+05   0.38152E+04   0.48854E+01   0.69747E+22
   0.10506E+05   0.38158E+04   0.48859E+01   0.69754E+22
   0.10508E+05   0.38163E+04   0.48864E+01   0.69761E+22
   0.10509E+05   0.38168E+04   0.48869E+01   0.69768E+22
   0.10510E+05   0.38174E+04   0.48874E+01   0.69775E+22
   0.10512E+05   0.38179E+04   0.48879E+01   0.69782E+22
   0.10513E+05   0.38184E+04   0.48884E+01   0.69789E+22
   0.10515E+05   0.38189E+04   0.48889E+01   0.69796E+22
   0.10516E+05   0.38195E+04   0.48894E+01   0.69803E+22
   0.10518E+05   0.38200E+04   0.48899E+01   0.69810E+22
   0.10519E+05   0.38205E+04   0.48904E+01   0.69818E+22
   0.10521E+05   0.38211E+04   0.48909E+01   0.69825E+22
   0.10522E+05   0.38216E+04   0.48914E+01   0.69832E+22
   0.10524E+05   0.38221E+04   0.48919E+01   0.69839E+22
   0.10525E+05   0.38227E+04   0.48924E+01   0.69846E+22
   0.10527E+05   0.38232E+04   0.48929E+01   0.69853E+22
   0.10528E+05   0.38237E+04   0.48934E+01   0.69860E+22
   0.10530E+05   0.38242E+04   0.48939E+01   0.69867E+22
   0.10531E+05   0.38248E+04   0.48944E+01   0.69874E+22
   0.10532E+05   0.38253E+04   0.48949E+01   0.69881E+22
   0.10534E+05   0.38258E+04   0.48954E+01   0.69888E+22
   0.10535E+05   0.38264E+04   0.48959E+01   0.69895E+22
   0.10537E+05   0.38269E+04   0.48964E+01   0.69902E+22
   0.10538E+05   0.38274E+04   0.48969E+01   0.69909E+22
   0.10540E+05   0.38279E+04   0.48974E+01   0.69916E+22
   0.10541E+05   0.38285E+04   0.48979E+01   0.69923E+22
   0.10543E+05   0.38290E+04   0.48984E+01   0.69930E+22
   0.10544E+05   0.38295E+04   0.48989E+01   0.69937E+22
   0.10546E+05   0.38301E+04   0.48994E+01   0.69944E+22
   0.10547E+05   0.38306E+04   0.48999E+01   0.69951E+22
   0.10549E+05   0.38311E+04   0.49004E+01   0.69958E+22
   0.10550E+05   0.38316E+04   0.49009E+01   0.69965E+22
   0.10552E+05   0.38322E+04   0.49014E+01   0.69972E+22
   0.10553E+05   0.38327E+04   0.49019E+01   0.69979E+22
   0.10554E+05   0.38332E+04   0.49024E+01   0.69986E+22
   0.10556E+05   0.38338E+04   0.49029E+01   0.69993E+22
   0.10557E+05   0.38343E+04   0.49034E+01   0.70000E+22
   0.10559E+05   0.38348E+04   0.49039E+01   0.70007E+22
   0.10560E+05   0.38353E+04   0.49044E+01   0.70014E+22
   0.10562E+05   0.38359E+04   0.49049E+01   0.70021E+22
   0.10563E+05   0.38364E+04   0.49054E+01   0.70028E+22
   0.10565E+05   0.38369E+04   0.49059E+01   0.70035E+22
   0.10566E+05   0.38375E+04   0.49064E+01   0.70043E+22
   0.10568E+05   0.38380E+04   0.49069E+01   0.70050E+22
   0.10569E+05   0.38385E+04   0.49074E+01   0.70057E+22
   0.10571E+05   0.38391E+04   0.49079E+01   0.70064E+22
   0.10572E+05   0.38396E+04   0.49084E+01   0.70071E+22
   0.10574E+05   0.38401E+04   0.49089E+01   0.70078E+22
   0.10575E+05   0.38406E+04   0.49094E+01   0.70085E+22
   0.10577E+05   0.38412E+04   0.49099E+01   0.70092E+22
   0.10578E+05   0.38417E+04   0.49104E+01   0.70099E+22
   0.10579E+05   0.38422E+04   0.49109E+01   0.70106E+22
   0.10581E+05   0.38428E+04   0.49114E+01   0.70113E+22
   0.10582E+05   0.38433E+04   0.49119E+01   0.70120E+22
   0.10584E+05   0.38438E+04   0.49124E+01   0.70127E+22
   0.10585E+05   0.38443E+04   0.49129E+01   0.70134E+22
   0.10587E+05   0.38449E+04   0.49134E+01   0.70141E+22
   0.10588E+05   0.38454E+04   0.49139E+01   0.70148E+22
   0.10590E+05   0.38459E+04   0.49144E+01   0.70155E+22
   0.10591E+05   0.38465E+04   0.49149E+01   0.70162E+22
   0.10593E+05   0.38470E+04   0.49154E+01   0.70169E+22
   0.10594E+05   0.38475E+04   0.49159E+01   0.70176E+22
   0.10596E+05   0.38481E+04   0.49164E+01   0.70183E+22
   0.10597E+05   0.38486E+04   0.49169E+01   0.70190E+22
   0.10599E+05   0.38491E+04   0.49174E+01   0.70197E+22
   0.10600E+05   0.38496E+04   0.49179E+01   0.70204E+22
   0.10601E+05   0.38502E+04   0.49184E+01   0.70211E+22
   0.10603E+05   0.38507E+04   0.49189E+01   0.70218E+22
   0.10604E+05   0.38512E+04   0.49194E+01   0.70225E+22
   0.10606E+05   0.38518E+04   0.49199E+01   0.70232E+22
   0.10607E+05   0.38523E+04   0.49204E+01   0.70239E+22
   0.10609E+05   0.38528E+04   0.49209E+01   0.70246E+22
   0.10610E+05   0.38533E+04   0.49214E+01   0.70253E+22
   0.10612E+05   0.38539E+04   0.49219E+01   0.70261E+22
   0.10613E+05   0.38544E+04   0.49224E+01   0.70268E+22
   0.10615E+05   0.38549E+04   0.49229E+01   0.70275E+22
   0.10616E+05   0.38555E+04   0.49234E+01   0.70282E+22
   0.10618E+05   0.38560E+04   0.49239E+01   0.70289E+22
   0.10619E+05   0.38565E+04   0.49244E+01   0.70296E+22
   0.10621E+05   0.38571E+04   0.49249E+01   0.70303E+22
   0.10622E+05   0.38576E+04   0.49254E+01   0.70310E+22
   0.10624E+05   0.38581E+04   0.49259E+01   0.70317E+22
   0.10625E+05   0.38586E+04   0.49264E+01   0.70324E+22
   0.10626E+05   0.38592E+04   0.49269E+01   0.70331E+22
   0.10628E+05   0.38597E+04   0.49274E+01   0.70338E+22
   0.10629E+05   0.38602E+04   0.49279E+01   0.70345E+22
   0.10631E+05   0.38608E+04   0.49284E+01   0.70352E+22
   0.10632E+05   0.38613E+04   0.49289E+01   0.70359E+22
   0.10634E+05   0.38618E+04   0.49294E+01   0.70366E+22
   0.10635E+05   0.38624E+04   0.49299E+01   0.70373E+22
   0.10637E+05   0.38629E+04   0.49304E+01   0.70380E+22
   0.10638E+05   0.38634E+04   0.49309E+01   0.70387E+22
   0.10640E+05   0.38639E+04   0.49314E+01   0.70394E+22
   0.10641E+05   0.38645E+04   0.49319E+01   0.70401E+22
   0.10643E+05   0.38650E+04   0.49324E+01   0.70408E+22
   0.10644E+05   0.38655E+04   0.49329E+01   0.70415E+22
   0.10646E+05   0.38661E+04   0.49334E+01   0.70422E+22
   0.10647E+05   0.38666E+04   0.49339E+01   0.70429E+22
   0.10649E+05   0.38671E+04   0.49344E+01   0.70436E+22
   0.10650E+05   0.38677E+04   0.49349E+01   0.70443E+22
   0.10651E+05   0.38682E+04   0.49354E+01   0.70450E+22
   0.10653E+05   0.38687E+04   0.49359E+01   0.70457E+22
   0.10654E+05   0.38692E+04   0.49364E+01   0.70464E+22
   0.10656E+05   0.38698E+04   0.49369E+01   0.70471E+22
   0.10657E+05   0.38703E+04   0.49374E+01   0.70479E+22
   0.10659E+05   0.38708E+04   0.49379E+01   0.70486E+22
   0.10660E+05   0.38714E+04   0.49384E+01   0.70493E+22
   0.10662E+05   0.38719E+04   0.49389E+01   0.70500E+22
   0.10663E+05   0.38724E+04   0.49394E+01   0.70507E+22
   0.10665E+05   0.38730E+04   0.49399E+01   0.70514E+22
   0.10666E+05   0.38735E+04   0.49404E+01   0.70521E+22
   0.10668E+05   0.38740E+04   0.49409E+01   0.70528E+22
   0.10669E+05   0.38746E+04   0.49414E+01   0.70535E+22
   0.10671E+05   0.38751E+04   0.49419E+01   0.70542E+22
   0.10672E+05   0.38756E+04   0.49424E+01   0.70549E+22
   0.10674E+05   0.38761E+04   0.49429E+01   0.70556E+22
   0.10675E+05   0.38767E+04   0.49434E+01   0.70563E+22
   0.10676E+05   0.38772E+04   0.49439E+01   0.70570E+22
   0.10678E+05   0.38777E+04   0.49444E+01   0.70577E+22
   0.10679E+05   0.38783E+04   0.49449E+01   0.70584E+22
   0.10681E+05   0.38788E+04   0.49454E+01   0.70591E+22
   0.10682E+05   0.38793E+04   0.49459E+01   0.70598E+22
   0.10684E+05   0.38799E+04   0.49464E+01   0.70605E+22
   0.10685E+05   0.38804E+04   0.49469E+01   0.70612E+22
   0.10687E+05   0.38809E+04   0.49474E+01   0.70619E+22
   0.10688E+05   0.38814E+04   0.49479E+01   0.70626E+22
   0.10690E+05   0.38820E+04   0.49484E+01   0.70633E+22
   0.10691E+05   0.38825E+04   0.49489E+01   0.70640E+22
   0.10693E+05   0.38830E+04   0.49494E+01   0.70647E+22
   0.10694E+05   0.38836E+04   0.49499E+01   0.70654E+22
   0.10696E+05   0.38841E+04   0.49504E+01   0.70661E+22
   0.10697E+05   0.38846E+04   0.49509E+01   0.70668E+22
   0.10699E+05   0.38852E+04   0.49514E+01   0.70675E+22
   0.10700E+05   0.38857E+04   0.49519E+01   0.70682E+22
   0.10701E+05   0.38862E+04   0.49524E+01   0.70689E+22
   0.10703E+05   0.38868E+04   0.49529E+01   0.70697E+22
   0.10704E+05   0.38873E+04   0.49534E+01   0.70704E+22
   0.10706E+05   0.38878E+04   0.49539E+01   0.70711E+22
   0.10707E+05   0.38883E+04   0.49544E+01   0.70718E+22
   0.10709E+05   0.38889E+04   0.49549E+01   0.70725E+22
   0.10710E+05   0.38894E+04   0.49554E+01   0.70732E+22
   0.10712E+05   0.38899E+04   0.49559E+01   0.70739E+22
   0.10713E+05   0.38905E+04   0.49564E+01   0.70746E+22
   0.10715E+05   0.38910E+04   0.49569E+01   0.70753E+22
   0.10716E+05   0.38915E+04   0.49574E+01   0.70760E+22
   0.10718E+05   0.38921E+04   0.49579E+01   0.70767E+22
   0.10719E+05   0.38926E+04   0.49584E+01   0.70774E+22
   0.10721E+05   0.38931E+04   0.49589E+01   0.70781E+22
   0.10722E+05   0.38937E+04   0.49594E+01   0.70788E+22
   0.10724E+05   0.38942E+04   0.49599E+01   0.70795E+22
   0.10725E+05   0.38947E+04   0.49604E+01   0.70802E+22
   0.10727E+05   0.38953E+04   0.49609E+01   0.70809E+22
   0.10728E+05   0.38958E+04   0.49614E+01   0.70816E+22
   0.10729E+05   0.38963E+04   0.49619E+01   0.70823E+22
   0.10731E+05   0.38968E+04   0.49624E+01   0.70830E+22
   0.10732E+05   0.38974E+04   0.49629E+01   0.70837E+22
   0.10734E+05   0.38979E+04   0.49634E+01   0.70844E+22
   0.10735E+05   0.38984E+04   0.49639E+01   0.70851E+22
   0.10737E+05   0.38990E+04   0.49644E+01   0.70858E+22
   0.10738E+05   0.38995E+04   0.49649E+01   0.70865E+22
   0.10740E+05   0.39000E+04   0.49654E+01   0.70872E+22
   0.10741E+05   0.39006E+04   0.49659E+01   0.70879E+22
   0.10743E+05   0.39011E+04   0.49664E+01   0.70886E+22
   0.10744E+05   0.39016E+04   0.49669E+01   0.70893E+22
   0.10746E+05   0.39022E+04   0.49674E+01   0.70900E+22
   0.10747E+05   0.39027E+04   0.49679E+01   0.70907E+22
   0.10749E+05   0.39032E+04   0.49684E+01   0.70914E+22
   0.10750E+05   0.39038E+04   0.49689E+01   0.70922E+22
   0.10752E+05   0.39043E+04   0.49694E+01   0.70929E+22
   0.10753E+05   0.39048E+04   0.49699E+01   0.70936E+22
   0.10755E+05   0.39053E+04   0.49704E+01   0.70943E+22
   0.10756E+05   0.39059E+04   0.49709E+01   0.70950E+22
   0.10758E+05   0.39064E+04   0.49714E+01   0.70957E+22
   0.10759E+05   0.39069E+04   0.49719E+01   0.70964E+22
   0.10760E+05   0.39075E+04   0.49724E+01   0.70971E+22
   0.10762E+05   0.39080E+04   0.49729E+01   0.70978E+22
   0.10763E+05   0.39085E+04   0.49734E+01   0.70985E+22
   0.10765E+05   0.39091E+04   0.49739E+01   0.70992E+22
   0.10766E+05   0.39096E+04   0.49744E+01   0.70999E+22
   0.10768E+05   0.39101E+04   0.49749E+01   0.71006E+22
   0.10769E+05   0.39107E+04   0.49754E+01   0.71013E+22
   0.10771E+05   0.39112E+04   0.49759E+01   0.71020E+22
   0.10772E+05   0.39117E+04   0.49764E+01   0.71027E+22
   0.10774E+05   0.39123E+04   0.49769E+01   0.71034E+22
   0.10775E+05   0.39128E+04   0.49774E+01   0.71041E+22
   0.10777E+05   0.39133E+04   0.49779E+01   0.71048E+22
   0.10778E+05   0.39138E+04   0.49784E+01   0.71055E+22
   0.10780E+05   0.39144E+04   0.49789E+01   0.71062E+22
   0.10781E+05   0.39149E+04   0.49794E+01   0.71069E+22
   0.10783E+05   0.39154E+04   0.49799E+01   0.71076E+22
   0.10784E+05   0.39160E+04   0.49804E+01   0.71083E+22
   0.10786E+05   0.39165E+04   0.49809E+01   0.71090E+22
   0.10787E+05   0.39170E+04   0.49814E+01   0.71097E+22
   0.10788E+05   0.39176E+04   0.49819E+01   0.71104E+22
   0.10790E+05   0.39181E+04   0.49824E+01   0.71111E+22
   0.10791E+05   0.39186E+04   0.49829E+01   0.71118E+22
   0.10793E+05   0.39192E+04   0.49834E+01   0.71125E+22
   0.10794E+05   0.39197E+04   0.49839E+01   0.71133E+22
   0.10796E+05   0.39202E+04   0.49844E+01   0.71140E+22
   0.10797E+05   0.39208E+04   0.49849E+01   0.71147E+22
   0.10799E+05   0.39213E+04   0.49854E+01   0.71154E+22
   0.10800E+05   0.39218E+04   0.49859E+01   0.71161E+22
   0.10802E+05   0.39224E+04   0.49864E+01   0.71168E+22
   0.10803E+05   0.39229E+04   0.49869E+01   0.71175E+22
   0.10805E+05   0.39234E+04   0.49874E+01   0.71182E+22
   0.10806E+05   0.39240E+04   0.49879E+01   0.71189E+22
   0.10808E+05   0.39245E+04   0.49884E+01   0.71196E+22
   0.10809E+05   0.39250E+04   0.49889E+01   0.71203E+22
   0.10811E+05   0.39255E+04   0.49894E+01   0.71210E+22
   0.10812E+05   0.39261E+04   0.49899E+01   0.71217E+22
   0.10814E+05   0.39266E+04   0.49904E+01   0.71224E+22
   0.10815E+05   0.39271E+04   0.49909E+01   0.71231E+22
   0.10817E+05   0.39277E+04   0.49914E+01   0.71238E+22
   0.10818E+05   0.39282E+04   0.49919E+01   0.71245E+22
   0.10819E+05   0.39287E+04   0.49924E+01   0.71252E+22
   0.10821E+05   0.39293E+04   0.49929E+01   0.71259E+22
   0.10822E+05   0.39298E+04   0.49934E+01   0.71266E+22
   0.10824E+05   0.39303E+04   0.49939E+01   0.71273E+22
   0.10825E+05   0.39309E+04   0.49944E+01   0.71280E+22
   0.10827E+05   0.39314E+04   0.49949E+01   0.71287E+22
   0.10828E+05   0.39319E+04   0.49954E+01   0.71294E+22
   0.10830E+05   0.39325E+04   0.49959E+01   0.71301E+22
   0.10831E+05   0.39330E+04   0.49964E+01   0.71308E+22
   0.10833E+05   0.39335E+04   0.49969E+01   0.71315E+22
   0.10834E+05   0.39341E+04   0.49974E+01   0.71322E+22
   0.10836E+05   0.39346E+04   0.49979E+01   0.71329E+22
   0.10837E+05   0.39351E+04   0.49984E+01   0.71336E+22
   0.10839E+05   0.39357E+04   0.49989E+01   0.71343E+22
   0.10840E+05   0.39362E+04   0.49994E+01   0.71351E+22
   0.10842E+05   0.39367E+04   0.49999E+01   0.71358E+22
   0.10843E+05   0.39373E+04   0.50004E+01   0.71365E+22
   0.10845E+05   0.39378E+04   0.50009E+01   0.71372E+22
   0.10846E+05   0.39383E+04   0.50014E+01   0.71379E+22
   0.10848E+05   0.39389E+04   0.50019E+01   0.71386E+22
   0.10849E+05   0.39394E+04   0.50024E+01   0.71393E+22
   0.10851E+05   0.39399E+04   0.50029E+01   0.71400E+22
   0.10852E+05   0.39405E+04   0.50034E+01   0.71407E+22
   0.10853E+05   0.39410E+04   0.50039E+01   0.71414E+22
   0.10855E+05   0.39415E+04   0.50044E+01   0.71421E+22
   0.10856E+05   0.39421E+04   0.50049E+01   0.71428E+22
   0.10858E+05   0.39426E+04   0.50054E+01   0.71435E+22
   0.10859E+05   0.39431E+04   0.50059E+01   0.71442E+22
   0.10861E+05   0.39436E+04   0.50064E+01   0.71449E+22
   0.10862E+05   0.39442E+04   0.50069E+01   0.71456E+22
   0.10864E+05   0.39447E+04   0.50074E+01   0.71463E+22
   0.10865E+05   0.39452E+04   0.50079E+01   0.71470E+22
   0.10867E+05   0.39458E+04   0.50084E+01   0.71477E+22
   0.10868E+05   0.39463E+04   0.50089E+01   0.71484E+22
   0.10870E+05   0.39468E+04   0.50094E+01   0.71491E+22
   0.10871E+05   0.39474E+04   0.50099E+01   0.71498E+22
   0.10873E+05   0.39479E+04   0.50104E+01   0.71505E+22
   0.10874E+05   0.39484E+04   0.50109E+01   0.71512E+22
   0.10876E+05   0.39490E+04   0.50114E+01   0.71519E+22
   0.10877E+05   0.39495E+04   0.50119E+01   0.71526E+22
   0.10879E+05   0.39500E+04   0.50124E+01   0.71533E+22
   0.10880E+05   0.39506E+04   0.50129E+01   0.71540E+22
   0.10882E+05   0.39511E+04   0.50134E+01   0.71547E+22
   0.10883E+05   0.39516E+04   0.50139E+01   0.71554E+22
   0.10885E+05   0.39522E+04   0.50144E+01   0.71561E+22
   0.10886E+05   0.39527E+04   0.50149E+01   0.71569E+22
   0.10887E+05   0.39532E+04   0.50154E+01   0.71576E+22
   0.10889E+05   0.39538E+04   0.50159E+01   0.71583E+22
   0.10890E+05   0.39543E+04   0.50164E+01   0.71590E+22
   0.10892E+05   0.39548E+04   0.50169E+01   0.71597E+22
   0.10893E+05   0.39554E+04   0.50174E+01   0.71604E+22
   0.10895E+05   0.39559E+04   0.50179E+01   0.71611E+22
   0.10896E+05   0.39564E+04   0.50184E+01   0.71618E+22
   0.10898E+05   0.39570E+04   0.50189E+01   0.71625E+22
   0.10899E+05   0.39575E+04   0.50194E+01   0.71632E+22
   0.10901E+05   0.39580E+04   0.50199E+01   0.71639E+22
   0.10902E+05   0.39586E+04   0.50204E+01   0.71646E+22
   0.10904E+05   0.39591E+04   0.50209E+01   0.71653E+22
   0.10905E+05   0.39596E+04   0.50214E+01   0.71660E+22
   0.10907E+05   0.39602E+04   0.50219E+01   0.71667E+22
   0.10908E+05   0.39607E+04   0.50224E+01   0.71674E+22
   0.10910E+05   0.39612E+04   0.50229E+01   0.71681E+22
   0.10911E+05   0.39618E+04   0.50234E+01   0.71688E+22
   0.10913E+05   0.39623E+04   0.50239E+01   0.71695E+22
   0.10914E+05   0.39628E+04   0.50244E+01   0.71702E+22
   0.10916E+05   0.39634E+04   0.50249E+01   0.71709E+22
   0.10917E+05   0.39639E+04   0.50254E+01   0.71716E+22
   0.10919E+05   0.39644E+04   0.50259E+01   0.71723E+22
   0.10920E+05   0.39650E+04   0.50264E+01   0.71730E+22
   0.10922E+05   0.39655E+04   0.50269E+01   0.71737E+22
   0.10923E+05   0.39660E+04   0.50274E+01   0.71744E+22
   0.10924E+05   0.39666E+04   0.50279E+01   0.71751E+22
   0.10926E+05   0.39671E+04   0.50284E+01   0.71758E+22
   0.10927E+05   0.39676E+04   0.50289E+01   0.71765E+22
   0.10929E+05   0.39682E+04   0.50294E+01   0.71772E+22
   0.10930E+05   0.39687E+04   0.50299E+01   0.71779E+22
   0.10932E+05   0.39692E+04   0.50304E+01   0.71787E+22
   0.10933E+05   0.39698E+04   0.50309E+01   0.71794E+22
   0.10935E+05   0.39703E+04   0.50314E+01   0.71801E+22
   0.10936E+05   0.39708E+04   0.50319E+01   0.71808E+22
   0.10938E+05   0.39714E+04   0.50324E+01   0.71815E+22
   0.10939E+05   0.39719E+04   0.50329E+01   0.71822E+22
   0.10941E+05   0.39724E+04   0.50334E+01   0.71829E+22
   0.10942E+05   0.39730E+04   0.50339E+01   0.71836E+22
   0.10944E+05   0.39735E+04   0.50344E+01   0.71843E+22
   0.10945E+05   0.39740E+04   0.50349E+01   0.71850E+22
   0.10947E+05   0.39746E+04   0.50354E+01   0.71857E+22
   0.10948E+05   0.39751E+04   0.50359E+01   0.71864E+22
   0.10950E+05   0.39756E+04   0.50364E+01   0.71871E+22
   0.10951E+05   0.39762E+04   0.50369E+01   0.71878E+22
   0.10953E+05   0.39767E+04   0.50374E+01   0.71885E+22
   0.10954E+05   0.39772E+04   0.50379E+01   0.71892E+22
   0.10956E+05   0.39778E+04   0.50384E+01   0.71899E+22
   0.10957E+05   0.39783E+04   0.50389E+01   0.71906E+22
   0.10959E+05   0.39788E+04   0.50394E+01   0.71913E+22
   0.10960E+05   0.39794E+04   0.50399E+01   0.71920E+22
   0.10962E+05   0.39799E+04   0.50404E+01   0.71927E+22
   0.10963E+05   0.39804E+04   0.50409E+01   0.71934E+22
   0.10965E+05   0.39810E+04   0.50414E+01   0.71941E+22
   0.10966E+05   0.39815E+04   0.50419E+01   0.71948E+22
   0.10967E+05   0.39820E+04   0.50424E+01   0.71955E+22
   0.10969E+05   0.39826E+04   0.50429E+01   0.71962E+22
   0.10970E+05   0.39831E+04   0.50434E+01   0.71969E+22
   0.10972E+05   0.39836E+04   0.50439E+01   0.71976E+22
   0.10973E+05   0.39842E+04   0.50444E+01   0.71983E+22
   0.10975E+05   0.39847E+04   0.50449E+01   0.71990E+22
   0.10976E+05   0.39852E+04   0.50454E+01   0.71998E+22
   0.10978E+05   0.39858E+04   0.50459E+01   0.72005E+22
   0.10979E+05   0.39863E+04   0.50464E+01   0.72012E+22
   0.10981E+05   0.39868E+04   0.50469E+01   0.72019E+22
   0.10982E+05   0.39874E+04   0.50474E+01   0.72026E+22
   0.10984E+05   0.39879E+04   0.50479E+01   0.72033E+22
   0.10985E+05   0.39884E+04   0.50484E+01   0.72040E+22
   0.10987E+05   0.39890E+04   0.50489E+01   0.72047E+22
   0.10988E+05   0.39895E+04   0.50494E+01   0.72054E+22
   0.10990E+05   0.39900E+04   0.50499E+01   0.72061E+22
   0.10991E+05   0.39906E+04   0.50504E+01   0.72068E+22
   0.10993E+05   0.39911E+04   0.50509E+01   0.72075E+22
   0.10994E+05   0.39916E+04   0.50514E+01   0.72082E+22
   0.10996E+05   0.39922E+04   0.50519E+01   0.72089E+22
   0.10997E+05   0.39927E+04   0.50524E+01   0.72096E+22
   0.10999E+05   0.39933E+04   0.50529E+01   0.72103E+22
   0.11000E+05   0.39938E+04   0.50534E+01   0.72110E+22
   0.11002E+05   0.39943E+04   0.50539E+01   0.72117E+22
   0.11003E+05   0.39949E+04   0.50544E+01   0.72124E+22
   0.11005E+05   0.39954E+04   0.50549E+01   0.72131E+22
   0.11006E+05   0.39959E+04   0.50554E+01   0.72138E+22
   0.11008E+05   0.39965E+04   0.50559E+01   0.72145E+22
   0.11009E+05   0.39970E+04   0.50564E+01   0.72152E+22
   0.11010E+05   0.39975E+04   0.50569E+01   0.72159E+22
   0.11012E+05   0.39981E+04   0.50574E+01   0.72166E+22
   0.11013E+05   0.39986E+04   0.50579E+01   0.72173E+22
   0.11015E+05   0.39991E+04   0.50584E+01   0.72180E+22
   0.11016E+05   0.39997E+04   0.50589E+01   0.72187E+22
   0.11018E+05   0.40002E+04   0.50594E+01   0.72194E+22
   0.11019E+05   0.40007E+04   0.50599E+01   0.72201E+22
   0.11021E+05   0.40013E+04   0.50604E+01   0.72208E+22
   0.11022E+05   0.40018E+04   0.50609E+01   0.72216E+22
   0.11024E+05   0.40023E+04   0.50614E+01   0.72223E+22
   0.11025E+05   0.40029E+04   0.50619E+01   0.72230E+22
   0.11027E+05   0.40034E+04   0.50624E+01   0.72237E+22
   0.11028E+05   0.40039E+04   0.50629E+01   0.72244E+22
   0.11030E+05   0.40045E+04   0.50634E+01   0.72251E+22
   0.11031E+05   0.40050E+04   0.50639E+01   0.72258E+22
   0.11033E+05   0.40055E+04   0.50644E+01   0.72265E+22
   0.11034E+05   0.40061E+04   0.50649E+01   0.72272E+22
   0.11036E+05   0.40066E+04   0.50654E+01   0.72279E+22
   0.11037E+05   0.40071E+04   0.50659E+01   0.72286E+22
   0.11039E+05   0.40077E+04   0.50664E+01   0.72293E+22
   0.11040E+05   0.40082E+04   0.50669E+01   0.72300E+22
   0.11042E+05   0.40087E+04   0.50674E+01   0.72307E+22
   0.11043E+05   0.40093E+04   0.50679E+01   0.72314E+22
   0.11045E+05   0.40098E+04   0.50684E+01   0.72321E+22
   0.11046E+05   0.40104E+04   0.50689E+01   0.72328E+22
   0.11048E+05   0.40109E+04   0.50694E+01   0.72335E+22
   0.11049E+05   0.40114E+04   0.50699E+01   0.72342E+22
   0.11051E+05   0.40120E+04   0.50704E+01   0.72349E+22
   0.11052E+05   0.40125E+04   0.50709E+01   0.72356E+22
   0.11054E+05   0.40130E+04   0.50714E+01   0.72363E+22
   0.11055E+05   0.40136E+04   0.50719E+01   0.72370E+22
   0.11057E+05   0.40141E+04   0.50724E+01   0.72377E+22
   0.11058E+05   0.40146E+04   0.50729E+01   0.72384E+22
   0.11059E+05   0.40152E+04   0.50734E+01   0.72391E+22
   0.11061E+05   0.40157E+04   0.50739E+01   0.72398E+22
   0.11062E+05   0.40162E+04   0.50744E+01   0.72405E+22
   0.11064E+05   0.40168E+04   0.50749E+01   0.72412E+22
   0.11065E+05   0.40173E+04   0.50754E+01   0.72419E+22
   0.11067E+05   0.40178E+04   0.50759E+01   0.72427E+22
   0.11068E+05   0.40184E+04   0.50764E+01   0.72434E+22
   0.11070E+05   0.40189E+04   0.50769E+01   0.72441E+22
   0.11071E+05   0.40194E+04   0.50774E+01   0.72448E+22
   0.11073E+05   0.40200E+04   0.50779E+01   0.72455E+22
   0.11074E+05   0.40205E+04   0.50784E+01   0.72462E+22
   0.11076E+05   0.40210E+04   0.50789E+01   0.72469E+22
   0.11077E+05   0.40216E+04   0.50794E+01   0.72476E+22
   0.11079E+05   0.40221E+04   0.50799E+01   0.72483E+22
   0.11080E+05   0.40227E+04   0.50804E+01   0.72490E+22
   0.11082E+05   0.40232E+04   0.50809E+01   0.72497E+22
   0.11083E+05   0.40237E+04   0.50814E+01   0.72504E+22
   0.11085E+05   0.40243E+04   0.50819E+01   0.72511E+22
   0.11086E+05   0.40248E+04   0.50824E+01   0.72518E+22
   0.11088E+05   0.40253E+04   0.50829E+01   0.72525E+22
   0.11089E+05   0.40259E+04   0.50834E+01   0.72532E+22
